ISO-10303-21;
HEADER;
FILE_DESCRIPTION(('KiCad electronic assembly'),'2;1');
FILE_NAME('MAIN_POWER_D8_FASTON.step','2026-10-01T15:27:57',('Pcbnew'),(
    'Kicad'),'Open CASCADE STEP processor 7.9','KiCad to STEP converter'
  ,'Unknown');
FILE_SCHEMA(('AUTOMOTIVE_DESIGN { 1 0 10303 214 1 1 1 1 }'));
ENDSEC;
DATA;
#1 = APPLICATION_PROTOCOL_DEFINITION('international standard',
  'automotive_design',2000,#2);
#2 = APPLICATION_CONTEXT(
  'core data for automotive mechanical design processes');
#3 = SHAPE_DEFINITION_REPRESENTATION(#4,#10);
#4 = PRODUCT_DEFINITION_SHAPE('','',#5);
#5 = PRODUCT_DEFINITION('design','',#6,#9);
#6 = PRODUCT_DEFINITION_FORMATION('','',#7);
#7 = PRODUCT('MAIN_POWER_D8_FASTON 1','MAIN_POWER_D8_FASTON 1','',(#8));
#8 = PRODUCT_CONTEXT('',#2,'mechanical');
#9 = PRODUCT_DEFINITION_CONTEXT('part definition',#2,'design');
#10 = SHAPE_REPRESENTATION('',(#11,#15,#19,#23,#27,#31,#35,#39,#43,#47,
    #51,#55,#59,#63,#67),#71);
#11 = AXIS2_PLACEMENT_3D('',#12,#13,#14);
#12 = CARTESIAN_POINT('',(0.,0.,0.));
#13 = DIRECTION('',(0.,0.,1.));
#14 = DIRECTION('',(1.,0.,-0.));
#15 = AXIS2_PLACEMENT_3D('',#16,#17,#18);
#16 = CARTESIAN_POINT('',(115.236012,-84.75,1.16));
#17 = DIRECTION('',(0.,0.,1.));
#18 = DIRECTION('',(-1.,1.224646799147E-16,0.));
#19 = AXIS2_PLACEMENT_3D('',#20,#21,#22);
#20 = CARTESIAN_POINT('',(96.446981,-84.75,1.16));
#21 = DIRECTION('',(0.,0.,1.));
#22 = DIRECTION('',(-1.,1.224646799147E-16,0.));
#23 = AXIS2_PLACEMENT_3D('',#24,#25,#26);
#24 = CARTESIAN_POINT('',(106.075731,-84.75,1.16));
#25 = DIRECTION('',(0.,0.,1.));
#26 = DIRECTION('',(-1.,1.224646799147E-16,0.));
#27 = AXIS2_PLACEMENT_3D('',#28,#29,#30);
#28 = CARTESIAN_POINT('',(173.3725,-84.75,1.16));
#29 = DIRECTION('',(0.,0.,1.));
#30 = DIRECTION('',(-1.,1.224646799147E-16,0.));
#31 = AXIS2_PLACEMENT_3D('',#32,#33,#34);
#32 = CARTESIAN_POINT('',(184.78,-84.75,1.16));
#33 = DIRECTION('',(0.,0.,1.));
#34 = DIRECTION('',(-1.,1.224646799147E-16,0.));
#35 = AXIS2_PLACEMENT_3D('',#36,#37,#38);
#36 = CARTESIAN_POINT('',(139.6,-108.832,1.16));
#37 = DIRECTION('',(0.,0.,1.));
#38 = DIRECTION('',(1.,0.,0.));
#39 = AXIS2_PLACEMENT_3D('',#40,#41,#42);
#40 = CARTESIAN_POINT('',(170.1425,-61.5,-0.12));
#41 = DIRECTION('',(-1.224646799147E-16,-1.359631073447E-32,-1.));
#42 = DIRECTION('',(1.110223024625E-16,-1.,0.));
#43 = AXIS2_PLACEMENT_3D('',#44,#45,#46);
#44 = CARTESIAN_POINT('',(93.216981,-61.5,-0.12));
#45 = DIRECTION('',(-1.224646799147E-16,-1.359631073447E-32,-1.));
#46 = DIRECTION('',(1.110223024625E-16,-1.,0.));
#47 = AXIS2_PLACEMENT_3D('',#48,#49,#50);
#48 = CARTESIAN_POINT('',(112.006012,-61.5,-0.12));
#49 = DIRECTION('',(-1.224646799147E-16,-1.359631073447E-32,-1.));
#50 = DIRECTION('',(1.110223024625E-16,-1.,0.));
#51 = AXIS2_PLACEMENT_3D('',#52,#53,#54);
#52 = CARTESIAN_POINT('',(181.55,-61.5,-0.12));
#53 = DIRECTION('',(-1.224646799147E-16,-1.359631073447E-32,-1.));
#54 = DIRECTION('',(1.110223024625E-16,-1.,0.));
#55 = AXIS2_PLACEMENT_3D('',#56,#57,#58);
#56 = CARTESIAN_POINT('',(102.845731,-61.5,-0.12));
#57 = DIRECTION('',(-1.224646799147E-16,-1.359631073447E-32,-1.));
#58 = DIRECTION('',(1.110223024625E-16,-1.,0.));
#59 = AXIS2_PLACEMENT_3D('',#60,#61,#62);
#60 = CARTESIAN_POINT('',(0.,0.,0.));
#61 = DIRECTION('',(0.,0.,1.));
#62 = DIRECTION('',(1.,0.,-0.));
#63 = AXIS2_PLACEMENT_3D('',#64,#65,#66);
#64 = CARTESIAN_POINT('',(0.,0.,0.));
#65 = DIRECTION('',(0.,0.,1.));
#66 = DIRECTION('',(1.,0.,-0.));
#67 = AXIS2_PLACEMENT_3D('',#68,#69,#70);
#68 = CARTESIAN_POINT('',(0.,0.,0.));
#69 = DIRECTION('',(0.,0.,1.));
#70 = DIRECTION('',(1.,0.,-0.));
#71 = ( GEOMETRIC_REPRESENTATION_CONTEXT(3)
GLOBAL_UNCERTAINTY_ASSIGNED_CONTEXT((#75)) GLOBAL_UNIT_ASSIGNED_CONTEXT(
(#72,#73,#74)) REPRESENTATION_CONTEXT('Context #1',
  '3D Context with UNIT and UNCERTAINTY') );
#72 = ( LENGTH_UNIT() NAMED_UNIT(*) SI_UNIT(.MILLI.,.METRE.) );
#73 = ( NAMED_UNIT(*) PLANE_ANGLE_UNIT() SI_UNIT($,.RADIAN.) );
#74 = ( NAMED_UNIT(*) SI_UNIT($,.STERADIAN.) SOLID_ANGLE_UNIT() );
#75 = UNCERTAINTY_MEASURE_WITH_UNIT(LENGTH_MEASURE(1.E-07),#72,
  'distance_accuracy_value','confusion accuracy');
#76 = PRODUCT_RELATED_PRODUCT_CATEGORY('part',$,(#7));
#77 = SHAPE_DEFINITION_REPRESENTATION(#78,#84);
#78 = PRODUCT_DEFINITION_SHAPE('','',#79);
#79 = PRODUCT_DEFINITION('design','',#80,#83);
#80 = PRODUCT_DEFINITION_FORMATION('','',#81);
#81 = PRODUCT('JST_VH_B2P-VH_ENVELOPE','JST_VH_B2P-VH_ENVELOPE','',(#82)
  );
#82 = PRODUCT_CONTEXT('',#2,'mechanical');
#83 = PRODUCT_DEFINITION_CONTEXT('part definition',#2,'design');
#84 = SHAPE_REPRESENTATION('',(#11,#85),#89);
#85 = AXIS2_PLACEMENT_3D('',#86,#87,#88);
#86 = CARTESIAN_POINT('',(0.,0.,0.));
#87 = DIRECTION('',(0.,0.,1.));
#88 = DIRECTION('',(1.,0.,-0.));
#89 = ( GEOMETRIC_REPRESENTATION_CONTEXT(3)
GLOBAL_UNCERTAINTY_ASSIGNED_CONTEXT((#93)) GLOBAL_UNIT_ASSIGNED_CONTEXT(
(#90,#91,#92)) REPRESENTATION_CONTEXT('Context #1',
  '3D Context with UNIT and UNCERTAINTY') );
#90 = ( LENGTH_UNIT() NAMED_UNIT(*) SI_UNIT(.MILLI.,.METRE.) );
#91 = ( NAMED_UNIT(*) PLANE_ANGLE_UNIT() SI_UNIT($,.RADIAN.) );
#92 = ( NAMED_UNIT(*) SI_UNIT($,.STERADIAN.) SOLID_ANGLE_UNIT() );
#93 = UNCERTAINTY_MEASURE_WITH_UNIT(LENGTH_MEASURE(1.E-07),#90,
  'distance_accuracy_value','confusion accuracy');
#94 = CONTEXT_DEPENDENT_SHAPE_REPRESENTATION(#95,#97);
#95 = ( REPRESENTATION_RELATIONSHIP('','',#84,#10)
REPRESENTATION_RELATIONSHIP_WITH_TRANSFORMATION(#96)
SHAPE_REPRESENTATION_RELATIONSHIP() );
#96 = ITEM_DEFINED_TRANSFORMATION('','',#11,#15);
#97 = PRODUCT_DEFINITION_SHAPE('Placement','Placement of an item',#98);
#98 = NEXT_ASSEMBLY_USAGE_OCCURRENCE('2','J4','',#5,#79,$);
#99 = PRODUCT_RELATED_PRODUCT_CATEGORY('part',$,(#81));
#100 = SHAPE_DEFINITION_REPRESENTATION(#101,#107);
#101 = PRODUCT_DEFINITION_SHAPE('','',#102);
#102 = PRODUCT_DEFINITION('design','',#103,#106);
#103 = PRODUCT_DEFINITION_FORMATION('','',#104);
#104 = PRODUCT('JST_VH_B2P-VH_ENVELOPE','JST_VH_B2P-VH_ENVELOPE','',(
    #105));
#105 = PRODUCT_CONTEXT('',#2,'mechanical');
#106 = PRODUCT_DEFINITION_CONTEXT('part definition',#2,'design');
#107 = SHAPE_REPRESENTATION('',(#11,#108,#258,#408),#558);
#108 = MANIFOLD_SOLID_BREP('',#109);
#109 = CLOSED_SHELL('',(#110,#150,#190,#212,#229,#246));
#110 = ADVANCED_FACE('',(#111),#145,.T.);
#111 = FACE_BOUND('',#112,.T.);
#112 = EDGE_LOOP('',(#113,#123,#131,#139));
#113 = ORIENTED_EDGE('',*,*,#114,.T.);
#114 = EDGE_CURVE('',#115,#117,#119,.T.);
#115 = VERTEX_POINT('',#116);
#116 = CARTESIAN_POINT('',(-1.95,-4.25,0.));
#117 = VERTEX_POINT('',#118);
#118 = CARTESIAN_POINT('',(-1.95,4.25,0.));
#119 = LINE('',#120,#121);
#120 = CARTESIAN_POINT('',(-1.95,-4.25,0.));
#121 = VECTOR('',#122,1.);
#122 = DIRECTION('',(0.,1.,0.));
#123 = ORIENTED_EDGE('',*,*,#124,.F.);
#124 = EDGE_CURVE('',#125,#117,#127,.T.);
#125 = VERTEX_POINT('',#126);
#126 = CARTESIAN_POINT('',(5.91,4.25,0.));
#127 = LINE('',#128,#129);
#128 = CARTESIAN_POINT('',(5.91,4.25,0.));
#129 = VECTOR('',#130,1.);
#130 = DIRECTION('',(-1.,0.,0.));
#131 = ORIENTED_EDGE('',*,*,#132,.F.);
#132 = EDGE_CURVE('',#133,#125,#135,.T.);
#133 = VERTEX_POINT('',#134);
#134 = CARTESIAN_POINT('',(5.91,-4.25,0.));
#135 = LINE('',#136,#137);
#136 = CARTESIAN_POINT('',(5.91,-4.25,0.));
#137 = VECTOR('',#138,1.);
#138 = DIRECTION('',(0.,1.,0.));
#139 = ORIENTED_EDGE('',*,*,#140,.F.);
#140 = EDGE_CURVE('',#115,#133,#141,.T.);
#141 = LINE('',#142,#143);
#142 = CARTESIAN_POINT('',(-1.95,-4.25,0.));
#143 = VECTOR('',#144,1.);
#144 = DIRECTION('',(1.,0.,0.));
#145 = PLANE('',#146);
#146 = AXIS2_PLACEMENT_3D('',#147,#148,#149);
#147 = CARTESIAN_POINT('',(-1.95,-4.25,0.));
#148 = DIRECTION('',(0.,0.,-1.));
#149 = DIRECTION('',(0.,1.,0.));
#150 = ADVANCED_FACE('',(#151),#185,.T.);
#151 = FACE_BOUND('',#152,.T.);
#152 = EDGE_LOOP('',(#153,#163,#171,#179));
#153 = ORIENTED_EDGE('',*,*,#154,.T.);
#154 = EDGE_CURVE('',#155,#157,#159,.T.);
#155 = VERTEX_POINT('',#156);
#156 = CARTESIAN_POINT('',(-1.95,-4.25,9.4));
#157 = VERTEX_POINT('',#158);
#158 = CARTESIAN_POINT('',(5.91,-4.25,9.4));
#159 = LINE('',#160,#161);
#160 = CARTESIAN_POINT('',(-1.95,-4.25,9.4));
#161 = VECTOR('',#162,1.);
#162 = DIRECTION('',(1.,0.,0.));
#163 = ORIENTED_EDGE('',*,*,#164,.T.);
#164 = EDGE_CURVE('',#157,#165,#167,.T.);
#165 = VERTEX_POINT('',#166);
#166 = CARTESIAN_POINT('',(5.91,4.25,9.4));
#167 = LINE('',#168,#169);
#168 = CARTESIAN_POINT('',(5.91,-4.25,9.4));
#169 = VECTOR('',#170,1.);
#170 = DIRECTION('',(0.,1.,0.));
#171 = ORIENTED_EDGE('',*,*,#172,.T.);
#172 = EDGE_CURVE('',#165,#173,#175,.T.);
#173 = VERTEX_POINT('',#174);
#174 = CARTESIAN_POINT('',(-1.95,4.25,9.4));
#175 = LINE('',#176,#177);
#176 = CARTESIAN_POINT('',(5.91,4.25,9.4));
#177 = VECTOR('',#178,1.);
#178 = DIRECTION('',(-1.,0.,0.));
#179 = ORIENTED_EDGE('',*,*,#180,.F.);
#180 = EDGE_CURVE('',#155,#173,#181,.T.);
#181 = LINE('',#182,#183);
#182 = CARTESIAN_POINT('',(-1.95,-4.25,9.4));
#183 = VECTOR('',#184,1.);
#184 = DIRECTION('',(0.,1.,0.));
#185 = PLANE('',#186);
#186 = AXIS2_PLACEMENT_3D('',#187,#188,#189);
#187 = CARTESIAN_POINT('',(-1.95,-4.25,9.4));
#188 = DIRECTION('',(0.,0.,1.));
#189 = DIRECTION('',(1.,0.,-0.));
#190 = ADVANCED_FACE('',(#191),#207,.T.);
#191 = FACE_BOUND('',#192,.T.);
#192 = EDGE_LOOP('',(#193,#194,#200,#201));
#193 = ORIENTED_EDGE('',*,*,#140,.T.);
#194 = ORIENTED_EDGE('',*,*,#195,.T.);
#195 = EDGE_CURVE('',#133,#157,#196,.T.);
#196 = LINE('',#197,#198);
#197 = CARTESIAN_POINT('',(5.91,-4.25,0.));
#198 = VECTOR('',#199,1.);
#199 = DIRECTION('',(0.,0.,1.));
#200 = ORIENTED_EDGE('',*,*,#154,.F.);
#201 = ORIENTED_EDGE('',*,*,#202,.F.);
#202 = EDGE_CURVE('',#115,#155,#203,.T.);
#203 = LINE('',#204,#205);
#204 = CARTESIAN_POINT('',(-1.95,-4.25,0.));
#205 = VECTOR('',#206,1.);
#206 = DIRECTION('',(0.,0.,1.));
#207 = PLANE('',#208);
#208 = AXIS2_PLACEMENT_3D('',#209,#210,#211);
#209 = CARTESIAN_POINT('',(-1.95,-4.25,0.));
#210 = DIRECTION('',(0.,-1.,0.));
#211 = DIRECTION('',(1.,0.,0.));
#212 = ADVANCED_FACE('',(#213),#224,.T.);
#213 = FACE_BOUND('',#214,.T.);
#214 = EDGE_LOOP('',(#215,#216,#222,#223));
#215 = ORIENTED_EDGE('',*,*,#132,.T.);
#216 = ORIENTED_EDGE('',*,*,#217,.T.);
#217 = EDGE_CURVE('',#125,#165,#218,.T.);
#218 = LINE('',#219,#220);
#219 = CARTESIAN_POINT('',(5.91,4.25,0.));
#220 = VECTOR('',#221,1.);
#221 = DIRECTION('',(0.,0.,1.));
#222 = ORIENTED_EDGE('',*,*,#164,.F.);
#223 = ORIENTED_EDGE('',*,*,#195,.F.);
#224 = PLANE('',#225);
#225 = AXIS2_PLACEMENT_3D('',#226,#227,#228);
#226 = CARTESIAN_POINT('',(5.91,-4.25,0.));
#227 = DIRECTION('',(1.,0.,0.));
#228 = DIRECTION('',(-0.,1.,0.));
#229 = ADVANCED_FACE('',(#230),#241,.T.);
#230 = FACE_BOUND('',#231,.T.);
#231 = EDGE_LOOP('',(#232,#233,#239,#240));
#232 = ORIENTED_EDGE('',*,*,#124,.T.);
#233 = ORIENTED_EDGE('',*,*,#234,.T.);
#234 = EDGE_CURVE('',#117,#173,#235,.T.);
#235 = LINE('',#236,#237);
#236 = CARTESIAN_POINT('',(-1.95,4.25,0.));
#237 = VECTOR('',#238,1.);
#238 = DIRECTION('',(0.,0.,1.));
#239 = ORIENTED_EDGE('',*,*,#172,.F.);
#240 = ORIENTED_EDGE('',*,*,#217,.F.);
#241 = PLANE('',#242);
#242 = AXIS2_PLACEMENT_3D('',#243,#244,#245);
#243 = CARTESIAN_POINT('',(5.91,4.25,0.));
#244 = DIRECTION('',(0.,1.,0.));
#245 = DIRECTION('',(-1.,0.,0.));
#246 = ADVANCED_FACE('',(#247),#253,.T.);
#247 = FACE_BOUND('',#248,.T.);
#248 = EDGE_LOOP('',(#249,#250,#251,#252));
#249 = ORIENTED_EDGE('',*,*,#114,.F.);
#250 = ORIENTED_EDGE('',*,*,#202,.T.);
#251 = ORIENTED_EDGE('',*,*,#180,.T.);
#252 = ORIENTED_EDGE('',*,*,#234,.F.);
#253 = PLANE('',#254);
#254 = AXIS2_PLACEMENT_3D('',#255,#256,#257);
#255 = CARTESIAN_POINT('',(-1.95,4.25,0.));
#256 = DIRECTION('',(-1.,0.,0.));
#257 = DIRECTION('',(0.,-1.,0.));
#258 = MANIFOLD_SOLID_BREP('',#259);
#259 = CLOSED_SHELL('',(#260,#300,#340,#362,#379,#396));
#260 = ADVANCED_FACE('',(#261),#295,.T.);
#261 = FACE_BOUND('',#262,.T.);
#262 = EDGE_LOOP('',(#263,#273,#281,#289));
#263 = ORIENTED_EDGE('',*,*,#264,.T.);
#264 = EDGE_CURVE('',#265,#267,#269,.T.);
#265 = VERTEX_POINT('',#266);
#266 = CARTESIAN_POINT('',(-0.57,-0.57,-3.7));
#267 = VERTEX_POINT('',#268);
#268 = CARTESIAN_POINT('',(-0.57,0.57,-3.7));
#269 = LINE('',#270,#271);
#270 = CARTESIAN_POINT('',(-0.57,-0.57,-3.7));
#271 = VECTOR('',#272,1.);
#272 = DIRECTION('',(0.,1.,0.));
#273 = ORIENTED_EDGE('',*,*,#274,.F.);
#274 = EDGE_CURVE('',#275,#267,#277,.T.);
#275 = VERTEX_POINT('',#276);
#276 = CARTESIAN_POINT('',(0.57,0.57,-3.7));
#277 = LINE('',#278,#279);
#278 = CARTESIAN_POINT('',(0.57,0.57,-3.7));
#279 = VECTOR('',#280,1.);
#280 = DIRECTION('',(-1.,0.,0.));
#281 = ORIENTED_EDGE('',*,*,#282,.F.);
#282 = EDGE_CURVE('',#283,#275,#285,.T.);
#283 = VERTEX_POINT('',#284);
#284 = CARTESIAN_POINT('',(0.57,-0.57,-3.7));
#285 = LINE('',#286,#287);
#286 = CARTESIAN_POINT('',(0.57,-0.57,-3.7));
#287 = VECTOR('',#288,1.);
#288 = DIRECTION('',(0.,1.,0.));
#289 = ORIENTED_EDGE('',*,*,#290,.F.);
#290 = EDGE_CURVE('',#265,#283,#291,.T.);
#291 = LINE('',#292,#293);
#292 = CARTESIAN_POINT('',(-0.57,-0.57,-3.7));
#293 = VECTOR('',#294,1.);
#294 = DIRECTION('',(1.,0.,0.));
#295 = PLANE('',#296);
#296 = AXIS2_PLACEMENT_3D('',#297,#298,#299);
#297 = CARTESIAN_POINT('',(-0.57,-0.57,-3.7));
#298 = DIRECTION('',(0.,0.,-1.));
#299 = DIRECTION('',(0.,1.,0.));
#300 = ADVANCED_FACE('',(#301),#335,.T.);
#301 = FACE_BOUND('',#302,.T.);
#302 = EDGE_LOOP('',(#303,#313,#321,#329));
#303 = ORIENTED_EDGE('',*,*,#304,.T.);
#304 = EDGE_CURVE('',#305,#307,#309,.T.);
#305 = VERTEX_POINT('',#306);
#306 = CARTESIAN_POINT('',(-0.57,-0.57,0.));
#307 = VERTEX_POINT('',#308);
#308 = CARTESIAN_POINT('',(0.57,-0.57,0.));
#309 = LINE('',#310,#311);
#310 = CARTESIAN_POINT('',(-0.57,-0.57,0.));
#311 = VECTOR('',#312,1.);
#312 = DIRECTION('',(1.,0.,0.));
#313 = ORIENTED_EDGE('',*,*,#314,.T.);
#314 = EDGE_CURVE('',#307,#315,#317,.T.);
#315 = VERTEX_POINT('',#316);
#316 = CARTESIAN_POINT('',(0.57,0.57,0.));
#317 = LINE('',#318,#319);
#318 = CARTESIAN_POINT('',(0.57,-0.57,0.));
#319 = VECTOR('',#320,1.);
#320 = DIRECTION('',(0.,1.,0.));
#321 = ORIENTED_EDGE('',*,*,#322,.T.);
#322 = EDGE_CURVE('',#315,#323,#325,.T.);
#323 = VERTEX_POINT('',#324);
#324 = CARTESIAN_POINT('',(-0.57,0.57,0.));
#325 = LINE('',#326,#327);
#326 = CARTESIAN_POINT('',(0.57,0.57,0.));
#327 = VECTOR('',#328,1.);
#328 = DIRECTION('',(-1.,0.,0.));
#329 = ORIENTED_EDGE('',*,*,#330,.F.);
#330 = EDGE_CURVE('',#305,#323,#331,.T.);
#331 = LINE('',#332,#333);
#332 = CARTESIAN_POINT('',(-0.57,-0.57,0.));
#333 = VECTOR('',#334,1.);
#334 = DIRECTION('',(0.,1.,0.));
#335 = PLANE('',#336);
#336 = AXIS2_PLACEMENT_3D('',#337,#338,#339);
#337 = CARTESIAN_POINT('',(-0.57,-0.57,0.));
#338 = DIRECTION('',(0.,0.,1.));
#339 = DIRECTION('',(1.,0.,-0.));
#340 = ADVANCED_FACE('',(#341),#357,.T.);
#341 = FACE_BOUND('',#342,.T.);
#342 = EDGE_LOOP('',(#343,#344,#350,#351));
#343 = ORIENTED_EDGE('',*,*,#290,.T.);
#344 = ORIENTED_EDGE('',*,*,#345,.T.);
#345 = EDGE_CURVE('',#283,#307,#346,.T.);
#346 = LINE('',#347,#348);
#347 = CARTESIAN_POINT('',(0.57,-0.57,-3.7));
#348 = VECTOR('',#349,1.);
#349 = DIRECTION('',(0.,0.,1.));
#350 = ORIENTED_EDGE('',*,*,#304,.F.);
#351 = ORIENTED_EDGE('',*,*,#352,.F.);
#352 = EDGE_CURVE('',#265,#305,#353,.T.);
#353 = LINE('',#354,#355);
#354 = CARTESIAN_POINT('',(-0.57,-0.57,-3.7));
#355 = VECTOR('',#356,1.);
#356 = DIRECTION('',(0.,0.,1.));
#357 = PLANE('',#358);
#358 = AXIS2_PLACEMENT_3D('',#359,#360,#361);
#359 = CARTESIAN_POINT('',(-0.57,-0.57,-3.7));
#360 = DIRECTION('',(0.,-1.,0.));
#361 = DIRECTION('',(1.,0.,0.));
#362 = ADVANCED_FACE('',(#363),#374,.T.);
#363 = FACE_BOUND('',#364,.T.);
#364 = EDGE_LOOP('',(#365,#366,#372,#373));
#365 = ORIENTED_EDGE('',*,*,#282,.T.);
#366 = ORIENTED_EDGE('',*,*,#367,.T.);
#367 = EDGE_CURVE('',#275,#315,#368,.T.);
#368 = LINE('',#369,#370);
#369 = CARTESIAN_POINT('',(0.57,0.57,-3.7));
#370 = VECTOR('',#371,1.);
#371 = DIRECTION('',(0.,0.,1.));
#372 = ORIENTED_EDGE('',*,*,#314,.F.);
#373 = ORIENTED_EDGE('',*,*,#345,.F.);
#374 = PLANE('',#375);
#375 = AXIS2_PLACEMENT_3D('',#376,#377,#378);
#376 = CARTESIAN_POINT('',(0.57,-0.57,-3.7));
#377 = DIRECTION('',(1.,0.,0.));
#378 = DIRECTION('',(-0.,1.,0.));
#379 = ADVANCED_FACE('',(#380),#391,.T.);
#380 = FACE_BOUND('',#381,.T.);
#381 = EDGE_LOOP('',(#382,#383,#389,#390));
#382 = ORIENTED_EDGE('',*,*,#274,.T.);
#383 = ORIENTED_EDGE('',*,*,#384,.T.);
#384 = EDGE_CURVE('',#267,#323,#385,.T.);
#385 = LINE('',#386,#387);
#386 = CARTESIAN_POINT('',(-0.57,0.57,-3.7));
#387 = VECTOR('',#388,1.);
#388 = DIRECTION('',(0.,0.,1.));
#389 = ORIENTED_EDGE('',*,*,#322,.F.);
#390 = ORIENTED_EDGE('',*,*,#367,.F.);
#391 = PLANE('',#392);
#392 = AXIS2_PLACEMENT_3D('',#393,#394,#395);
#393 = CARTESIAN_POINT('',(0.57,0.57,-3.7));
#394 = DIRECTION('',(0.,1.,0.));
#395 = DIRECTION('',(-1.,0.,0.));
#396 = ADVANCED_FACE('',(#397),#403,.T.);
#397 = FACE_BOUND('',#398,.T.);
#398 = EDGE_LOOP('',(#399,#400,#401,#402));
#399 = ORIENTED_EDGE('',*,*,#264,.F.);
#400 = ORIENTED_EDGE('',*,*,#352,.T.);
#401 = ORIENTED_EDGE('',*,*,#330,.T.);
#402 = ORIENTED_EDGE('',*,*,#384,.F.);
#403 = PLANE('',#404);
#404 = AXIS2_PLACEMENT_3D('',#405,#406,#407);
#405 = CARTESIAN_POINT('',(-0.57,0.57,-3.7));
#406 = DIRECTION('',(-1.,0.,0.));
#407 = DIRECTION('',(0.,-1.,0.));
#408 = MANIFOLD_SOLID_BREP('',#409);
#409 = CLOSED_SHELL('',(#410,#450,#490,#512,#529,#546));
#410 = ADVANCED_FACE('',(#411),#445,.T.);
#411 = FACE_BOUND('',#412,.T.);
#412 = EDGE_LOOP('',(#413,#423,#431,#439));
#413 = ORIENTED_EDGE('',*,*,#414,.T.);
#414 = EDGE_CURVE('',#415,#417,#419,.T.);
#415 = VERTEX_POINT('',#416);
#416 = CARTESIAN_POINT('',(3.39,-0.57,-3.7));
#417 = VERTEX_POINT('',#418);
#418 = CARTESIAN_POINT('',(3.39,0.57,-3.7));
#419 = LINE('',#420,#421);
#420 = CARTESIAN_POINT('',(3.39,-0.57,-3.7));
#421 = VECTOR('',#422,1.);
#422 = DIRECTION('',(0.,1.,0.));
#423 = ORIENTED_EDGE('',*,*,#424,.F.);
#424 = EDGE_CURVE('',#425,#417,#427,.T.);
#425 = VERTEX_POINT('',#426);
#426 = CARTESIAN_POINT('',(4.53,0.57,-3.7));
#427 = LINE('',#428,#429);
#428 = CARTESIAN_POINT('',(4.53,0.57,-3.7));
#429 = VECTOR('',#430,1.);
#430 = DIRECTION('',(-1.,0.,0.));
#431 = ORIENTED_EDGE('',*,*,#432,.F.);
#432 = EDGE_CURVE('',#433,#425,#435,.T.);
#433 = VERTEX_POINT('',#434);
#434 = CARTESIAN_POINT('',(4.53,-0.57,-3.7));
#435 = LINE('',#436,#437);
#436 = CARTESIAN_POINT('',(4.53,-0.57,-3.7));
#437 = VECTOR('',#438,1.);
#438 = DIRECTION('',(0.,1.,0.));
#439 = ORIENTED_EDGE('',*,*,#440,.F.);
#440 = EDGE_CURVE('',#415,#433,#441,.T.);
#441 = LINE('',#442,#443);
#442 = CARTESIAN_POINT('',(3.39,-0.57,-3.7));
#443 = VECTOR('',#444,1.);
#444 = DIRECTION('',(1.,0.,0.));
#445 = PLANE('',#446);
#446 = AXIS2_PLACEMENT_3D('',#447,#448,#449);
#447 = CARTESIAN_POINT('',(3.39,-0.57,-3.7));
#448 = DIRECTION('',(0.,0.,-1.));
#449 = DIRECTION('',(0.,1.,0.));
#450 = ADVANCED_FACE('',(#451),#485,.T.);
#451 = FACE_BOUND('',#452,.T.);
#452 = EDGE_LOOP('',(#453,#463,#471,#479));
#453 = ORIENTED_EDGE('',*,*,#454,.T.);
#454 = EDGE_CURVE('',#455,#457,#459,.T.);
#455 = VERTEX_POINT('',#456);
#456 = CARTESIAN_POINT('',(3.39,-0.57,0.));
#457 = VERTEX_POINT('',#458);
#458 = CARTESIAN_POINT('',(4.53,-0.57,0.));
#459 = LINE('',#460,#461);
#460 = CARTESIAN_POINT('',(3.39,-0.57,0.));
#461 = VECTOR('',#462,1.);
#462 = DIRECTION('',(1.,0.,0.));
#463 = ORIENTED_EDGE('',*,*,#464,.T.);
#464 = EDGE_CURVE('',#457,#465,#467,.T.);
#465 = VERTEX_POINT('',#466);
#466 = CARTESIAN_POINT('',(4.53,0.57,0.));
#467 = LINE('',#468,#469);
#468 = CARTESIAN_POINT('',(4.53,-0.57,0.));
#469 = VECTOR('',#470,1.);
#470 = DIRECTION('',(0.,1.,0.));
#471 = ORIENTED_EDGE('',*,*,#472,.T.);
#472 = EDGE_CURVE('',#465,#473,#475,.T.);
#473 = VERTEX_POINT('',#474);
#474 = CARTESIAN_POINT('',(3.39,0.57,0.));
#475 = LINE('',#476,#477);
#476 = CARTESIAN_POINT('',(4.53,0.57,0.));
#477 = VECTOR('',#478,1.);
#478 = DIRECTION('',(-1.,0.,0.));
#479 = ORIENTED_EDGE('',*,*,#480,.F.);
#480 = EDGE_CURVE('',#455,#473,#481,.T.);
#481 = LINE('',#482,#483);
#482 = CARTESIAN_POINT('',(3.39,-0.57,0.));
#483 = VECTOR('',#484,1.);
#484 = DIRECTION('',(0.,1.,0.));
#485 = PLANE('',#486);
#486 = AXIS2_PLACEMENT_3D('',#487,#488,#489);
#487 = CARTESIAN_POINT('',(3.39,-0.57,0.));
#488 = DIRECTION('',(0.,0.,1.));
#489 = DIRECTION('',(1.,0.,-0.));
#490 = ADVANCED_FACE('',(#491),#507,.T.);
#491 = FACE_BOUND('',#492,.T.);
#492 = EDGE_LOOP('',(#493,#494,#500,#501));
#493 = ORIENTED_EDGE('',*,*,#440,.T.);
#494 = ORIENTED_EDGE('',*,*,#495,.T.);
#495 = EDGE_CURVE('',#433,#457,#496,.T.);
#496 = LINE('',#497,#498);
#497 = CARTESIAN_POINT('',(4.53,-0.57,-3.7));
#498 = VECTOR('',#499,1.);
#499 = DIRECTION('',(0.,0.,1.));
#500 = ORIENTED_EDGE('',*,*,#454,.F.);
#501 = ORIENTED_EDGE('',*,*,#502,.F.);
#502 = EDGE_CURVE('',#415,#455,#503,.T.);
#503 = LINE('',#504,#505);
#504 = CARTESIAN_POINT('',(3.39,-0.57,-3.7));
#505 = VECTOR('',#506,1.);
#506 = DIRECTION('',(0.,0.,1.));
#507 = PLANE('',#508);
#508 = AXIS2_PLACEMENT_3D('',#509,#510,#511);
#509 = CARTESIAN_POINT('',(3.39,-0.57,-3.7));
#510 = DIRECTION('',(0.,-1.,0.));
#511 = DIRECTION('',(1.,0.,0.));
#512 = ADVANCED_FACE('',(#513),#524,.T.);
#513 = FACE_BOUND('',#514,.T.);
#514 = EDGE_LOOP('',(#515,#516,#522,#523));
#515 = ORIENTED_EDGE('',*,*,#432,.T.);
#516 = ORIENTED_EDGE('',*,*,#517,.T.);
#517 = EDGE_CURVE('',#425,#465,#518,.T.);
#518 = LINE('',#519,#520);
#519 = CARTESIAN_POINT('',(4.53,0.57,-3.7));
#520 = VECTOR('',#521,1.);
#521 = DIRECTION('',(0.,0.,1.));
#522 = ORIENTED_EDGE('',*,*,#464,.F.);
#523 = ORIENTED_EDGE('',*,*,#495,.F.);
#524 = PLANE('',#525);
#525 = AXIS2_PLACEMENT_3D('',#526,#527,#528);
#526 = CARTESIAN_POINT('',(4.53,-0.57,-3.7));
#527 = DIRECTION('',(1.,0.,0.));
#528 = DIRECTION('',(-0.,1.,0.));
#529 = ADVANCED_FACE('',(#530),#541,.T.);
#530 = FACE_BOUND('',#531,.T.);
#531 = EDGE_LOOP('',(#532,#533,#539,#540));
#532 = ORIENTED_EDGE('',*,*,#424,.T.);
#533 = ORIENTED_EDGE('',*,*,#534,.T.);
#534 = EDGE_CURVE('',#417,#473,#535,.T.);
#535 = LINE('',#536,#537);
#536 = CARTESIAN_POINT('',(3.39,0.57,-3.7));
#537 = VECTOR('',#538,1.);
#538 = DIRECTION('',(0.,0.,1.));
#539 = ORIENTED_EDGE('',*,*,#472,.F.);
#540 = ORIENTED_EDGE('',*,*,#517,.F.);
#541 = PLANE('',#542);
#542 = AXIS2_PLACEMENT_3D('',#543,#544,#545);
#543 = CARTESIAN_POINT('',(4.53,0.57,-3.7));
#544 = DIRECTION('',(0.,1.,0.));
#545 = DIRECTION('',(-1.,0.,0.));
#546 = ADVANCED_FACE('',(#547),#553,.T.);
#547 = FACE_BOUND('',#548,.T.);
#548 = EDGE_LOOP('',(#549,#550,#551,#552));
#549 = ORIENTED_EDGE('',*,*,#414,.F.);
#550 = ORIENTED_EDGE('',*,*,#502,.T.);
#551 = ORIENTED_EDGE('',*,*,#480,.T.);
#552 = ORIENTED_EDGE('',*,*,#534,.F.);
#553 = PLANE('',#554);
#554 = AXIS2_PLACEMENT_3D('',#555,#556,#557);
#555 = CARTESIAN_POINT('',(3.39,0.57,-3.7));
#556 = DIRECTION('',(-1.,0.,0.));
#557 = DIRECTION('',(0.,-1.,0.));
#558 = ( GEOMETRIC_REPRESENTATION_CONTEXT(3)
GLOBAL_UNCERTAINTY_ASSIGNED_CONTEXT((#562)) GLOBAL_UNIT_ASSIGNED_CONTEXT
((#559,#560,#561)) REPRESENTATION_CONTEXT('Context #1',
  '3D Context with UNIT and UNCERTAINTY') );
#559 = ( LENGTH_UNIT() NAMED_UNIT(*) SI_UNIT(.MILLI.,.METRE.) );
#560 = ( NAMED_UNIT(*) PLANE_ANGLE_UNIT() SI_UNIT($,.RADIAN.) );
#561 = ( NAMED_UNIT(*) SI_UNIT($,.STERADIAN.) SOLID_ANGLE_UNIT() );
#562 = UNCERTAINTY_MEASURE_WITH_UNIT(LENGTH_MEASURE(1.E-07),#559,
  'distance_accuracy_value','confusion accuracy');
#563 = CONTEXT_DEPENDENT_SHAPE_REPRESENTATION(#564,#566);
#564 = ( REPRESENTATION_RELATIONSHIP('','',#107,#84)
REPRESENTATION_RELATIONSHIP_WITH_TRANSFORMATION(#565)
SHAPE_REPRESENTATION_RELATIONSHIP() );
#565 = ITEM_DEFINED_TRANSFORMATION('','',#11,#85);
#566 = PRODUCT_DEFINITION_SHAPE('Placement','Placement of an item',#567
  );
#567 = NEXT_ASSEMBLY_USAGE_OCCURRENCE('1','=>[0:1:1:3]','',#79,#102,$);
#568 = PRODUCT_RELATED_PRODUCT_CATEGORY('part',$,(#104));
#569 = CONTEXT_DEPENDENT_SHAPE_REPRESENTATION(#570,#572);
#570 = ( REPRESENTATION_RELATIONSHIP('','',#84,#10)
REPRESENTATION_RELATIONSHIP_WITH_TRANSFORMATION(#571)
SHAPE_REPRESENTATION_RELATIONSHIP() );
#571 = ITEM_DEFINED_TRANSFORMATION('','',#11,#19);
#572 = PRODUCT_DEFINITION_SHAPE('Placement','Placement of an item',#573
  );
#573 = NEXT_ASSEMBLY_USAGE_OCCURRENCE('3','J3','',#5,#79,$);
#574 = CONTEXT_DEPENDENT_SHAPE_REPRESENTATION(#575,#577);
#575 = ( REPRESENTATION_RELATIONSHIP('','',#84,#10)
REPRESENTATION_RELATIONSHIP_WITH_TRANSFORMATION(#576)
SHAPE_REPRESENTATION_RELATIONSHIP() );
#576 = ITEM_DEFINED_TRANSFORMATION('','',#11,#23);
#577 = PRODUCT_DEFINITION_SHAPE('Placement','Placement of an item',#578
  );
#578 = NEXT_ASSEMBLY_USAGE_OCCURRENCE('4','J2','',#5,#79,$);
#579 = CONTEXT_DEPENDENT_SHAPE_REPRESENTATION(#580,#582);
#580 = ( REPRESENTATION_RELATIONSHIP('','',#84,#10)
REPRESENTATION_RELATIONSHIP_WITH_TRANSFORMATION(#581)
SHAPE_REPRESENTATION_RELATIONSHIP() );
#581 = ITEM_DEFINED_TRANSFORMATION('','',#11,#27);
#582 = PRODUCT_DEFINITION_SHAPE('Placement','Placement of an item',#583
  );
#583 = NEXT_ASSEMBLY_USAGE_OCCURRENCE('5','J5','',#5,#79,$);
#584 = CONTEXT_DEPENDENT_SHAPE_REPRESENTATION(#585,#587);
#585 = ( REPRESENTATION_RELATIONSHIP('','',#84,#10)
REPRESENTATION_RELATIONSHIP_WITH_TRANSFORMATION(#586)
SHAPE_REPRESENTATION_RELATIONSHIP() );
#586 = ITEM_DEFINED_TRANSFORMATION('','',#11,#31);
#587 = PRODUCT_DEFINITION_SHAPE('Placement','Placement of an item',#588
  );
#588 = NEXT_ASSEMBLY_USAGE_OCCURRENCE('6','J6','',#5,#79,$);
#589 = SHAPE_DEFINITION_REPRESENTATION(#590,#596);
#590 = PRODUCT_DEFINITION_SHAPE('','',#591);
#591 = PRODUCT_DEFINITION('design','',#592,#595);
#592 = PRODUCT_DEFINITION_FORMATION('','',#593);
#593 = PRODUCT('FASTON_63951-4_PAIR_PROXY','FASTON_63951-4_PAIR_PROXY',
  '',(#594));
#594 = PRODUCT_CONTEXT('',#2,'mechanical');
#595 = PRODUCT_DEFINITION_CONTEXT('part definition',#2,'design');
#596 = SHAPE_REPRESENTATION('',(#11,#597),#601);
#597 = AXIS2_PLACEMENT_3D('',#598,#599,#600);
#598 = CARTESIAN_POINT('',(0.,0.,0.));
#599 = DIRECTION('',(0.,0.,1.));
#600 = DIRECTION('',(1.,0.,-0.));
#601 = ( GEOMETRIC_REPRESENTATION_CONTEXT(3)
GLOBAL_UNCERTAINTY_ASSIGNED_CONTEXT((#605)) GLOBAL_UNIT_ASSIGNED_CONTEXT
((#602,#603,#604)) REPRESENTATION_CONTEXT('Context #1',
  '3D Context with UNIT and UNCERTAINTY') );
#602 = ( LENGTH_UNIT() NAMED_UNIT(*) SI_UNIT(.MILLI.,.METRE.) );
#603 = ( NAMED_UNIT(*) PLANE_ANGLE_UNIT() SI_UNIT($,.RADIAN.) );
#604 = ( NAMED_UNIT(*) SI_UNIT($,.STERADIAN.) SOLID_ANGLE_UNIT() );
#605 = UNCERTAINTY_MEASURE_WITH_UNIT(LENGTH_MEASURE(1.E-07),#602,
  'distance_accuracy_value','confusion accuracy');
#606 = CONTEXT_DEPENDENT_SHAPE_REPRESENTATION(#607,#609);
#607 = ( REPRESENTATION_RELATIONSHIP('','',#596,#10)
REPRESENTATION_RELATIONSHIP_WITH_TRANSFORMATION(#608)
SHAPE_REPRESENTATION_RELATIONSHIP() );
#608 = ITEM_DEFINED_TRANSFORMATION('','',#11,#35);
#609 = PRODUCT_DEFINITION_SHAPE('Placement','Placement of an item',#610
  );
#610 = NEXT_ASSEMBLY_USAGE_OCCURRENCE('8','J1','',#5,#591,$);
#611 = PRODUCT_RELATED_PRODUCT_CATEGORY('part',$,(#593));
#612 = SHAPE_DEFINITION_REPRESENTATION(#613,#619);
#613 = PRODUCT_DEFINITION_SHAPE('','',#614);
#614 = PRODUCT_DEFINITION('design','',#615,#618);
#615 = PRODUCT_DEFINITION_FORMATION('','',#616);
#616 = PRODUCT('FASTON 63951-4 pair proxy','FASTON 63951-4 pair proxy',
  '',(#617));
#617 = PRODUCT_CONTEXT('',#2,'mechanical');
#618 = PRODUCT_DEFINITION_CONTEXT('part definition',#2,'design');
#619 = SHAPE_REPRESENTATION('',(#11,#620,#770,#920,#1070,#1220,#1370,
    #1520,#1670),#1820);
#620 = MANIFOLD_SOLID_BREP('',#621);
#621 = CLOSED_SHELL('',(#622,#662,#702,#724,#741,#758));
#622 = ADVANCED_FACE('',(#623),#657,.T.);
#623 = FACE_BOUND('',#624,.T.);
#624 = EDGE_LOOP('',(#625,#635,#643,#651));
#625 = ORIENTED_EDGE('',*,*,#626,.T.);
#626 = EDGE_CURVE('',#627,#629,#631,.T.);
#627 = VERTEX_POINT('',#628);
#628 = CARTESIAN_POINT('',(-5.48,-11.43,0.));
#629 = VERTEX_POINT('',#630);
#630 = CARTESIAN_POINT('',(-5.48,-5.08,0.));
#631 = LINE('',#632,#633);
#632 = CARTESIAN_POINT('',(-5.48,-11.43,0.));
#633 = VECTOR('',#634,1.);
#634 = DIRECTION('',(0.,1.,0.));
#635 = ORIENTED_EDGE('',*,*,#636,.F.);
#636 = EDGE_CURVE('',#637,#629,#639,.T.);
#637 = VERTEX_POINT('',#638);
#638 = CARTESIAN_POINT('',(-4.68,-5.08,0.));
#639 = LINE('',#640,#641);
#640 = CARTESIAN_POINT('',(-4.68,-5.08,0.));
#641 = VECTOR('',#642,1.);
#642 = DIRECTION('',(-1.,0.,0.));
#643 = ORIENTED_EDGE('',*,*,#644,.F.);
#644 = EDGE_CURVE('',#645,#637,#647,.T.);
#645 = VERTEX_POINT('',#646);
#646 = CARTESIAN_POINT('',(-4.68,-11.43,0.));
#647 = LINE('',#648,#649);
#648 = CARTESIAN_POINT('',(-4.68,-11.43,0.));
#649 = VECTOR('',#650,1.);
#650 = DIRECTION('',(0.,1.,0.));
#651 = ORIENTED_EDGE('',*,*,#652,.F.);
#652 = EDGE_CURVE('',#627,#645,#653,.T.);
#653 = LINE('',#654,#655);
#654 = CARTESIAN_POINT('',(-5.48,-11.43,0.));
#655 = VECTOR('',#656,1.);
#656 = DIRECTION('',(1.,0.,0.));
#657 = PLANE('',#658);
#658 = AXIS2_PLACEMENT_3D('',#659,#660,#661);
#659 = CARTESIAN_POINT('',(-5.48,-11.43,0.));
#660 = DIRECTION('',(0.,0.,-1.));
#661 = DIRECTION('',(0.,1.,0.));
#662 = ADVANCED_FACE('',(#663),#697,.T.);
#663 = FACE_BOUND('',#664,.T.);
#664 = EDGE_LOOP('',(#665,#675,#683,#691));
#665 = ORIENTED_EDGE('',*,*,#666,.T.);
#666 = EDGE_CURVE('',#667,#669,#671,.T.);
#667 = VERTEX_POINT('',#668);
#668 = CARTESIAN_POINT('',(-5.48,-11.43,8.89));
#669 = VERTEX_POINT('',#670);
#670 = CARTESIAN_POINT('',(-4.68,-11.43,8.89));
#671 = LINE('',#672,#673);
#672 = CARTESIAN_POINT('',(-5.48,-11.43,8.89));
#673 = VECTOR('',#674,1.);
#674 = DIRECTION('',(1.,0.,0.));
#675 = ORIENTED_EDGE('',*,*,#676,.T.);
#676 = EDGE_CURVE('',#669,#677,#679,.T.);
#677 = VERTEX_POINT('',#678);
#678 = CARTESIAN_POINT('',(-4.68,-5.08,8.89));
#679 = LINE('',#680,#681);
#680 = CARTESIAN_POINT('',(-4.68,-11.43,8.89));
#681 = VECTOR('',#682,1.);
#682 = DIRECTION('',(0.,1.,0.));
#683 = ORIENTED_EDGE('',*,*,#684,.T.);
#684 = EDGE_CURVE('',#677,#685,#687,.T.);
#685 = VERTEX_POINT('',#686);
#686 = CARTESIAN_POINT('',(-5.48,-5.08,8.89));
#687 = LINE('',#688,#689);
#688 = CARTESIAN_POINT('',(-4.68,-5.08,8.89));
#689 = VECTOR('',#690,1.);
#690 = DIRECTION('',(-1.,0.,0.));
#691 = ORIENTED_EDGE('',*,*,#692,.F.);
#692 = EDGE_CURVE('',#667,#685,#693,.T.);
#693 = LINE('',#694,#695);
#694 = CARTESIAN_POINT('',(-5.48,-11.43,8.89));
#695 = VECTOR('',#696,1.);
#696 = DIRECTION('',(0.,1.,0.));
#697 = PLANE('',#698);
#698 = AXIS2_PLACEMENT_3D('',#699,#700,#701);
#699 = CARTESIAN_POINT('',(-5.48,-11.43,8.89));
#700 = DIRECTION('',(0.,0.,1.));
#701 = DIRECTION('',(1.,0.,-0.));
#702 = ADVANCED_FACE('',(#703),#719,.T.);
#703 = FACE_BOUND('',#704,.T.);
#704 = EDGE_LOOP('',(#705,#706,#712,#713));
#705 = ORIENTED_EDGE('',*,*,#652,.T.);
#706 = ORIENTED_EDGE('',*,*,#707,.T.);
#707 = EDGE_CURVE('',#645,#669,#708,.T.);
#708 = LINE('',#709,#710);
#709 = CARTESIAN_POINT('',(-4.68,-11.43,0.));
#710 = VECTOR('',#711,1.);
#711 = DIRECTION('',(0.,0.,1.));
#712 = ORIENTED_EDGE('',*,*,#666,.F.);
#713 = ORIENTED_EDGE('',*,*,#714,.F.);
#714 = EDGE_CURVE('',#627,#667,#715,.T.);
#715 = LINE('',#716,#717);
#716 = CARTESIAN_POINT('',(-5.48,-11.43,0.));
#717 = VECTOR('',#718,1.);
#718 = DIRECTION('',(0.,0.,1.));
#719 = PLANE('',#720);
#720 = AXIS2_PLACEMENT_3D('',#721,#722,#723);
#721 = CARTESIAN_POINT('',(-5.48,-11.43,0.));
#722 = DIRECTION('',(0.,-1.,0.));
#723 = DIRECTION('',(1.,0.,0.));
#724 = ADVANCED_FACE('',(#725),#736,.T.);
#725 = FACE_BOUND('',#726,.T.);
#726 = EDGE_LOOP('',(#727,#728,#734,#735));
#727 = ORIENTED_EDGE('',*,*,#644,.T.);
#728 = ORIENTED_EDGE('',*,*,#729,.T.);
#729 = EDGE_CURVE('',#637,#677,#730,.T.);
#730 = LINE('',#731,#732);
#731 = CARTESIAN_POINT('',(-4.68,-5.08,0.));
#732 = VECTOR('',#733,1.);
#733 = DIRECTION('',(0.,0.,1.));
#734 = ORIENTED_EDGE('',*,*,#676,.F.);
#735 = ORIENTED_EDGE('',*,*,#707,.F.);
#736 = PLANE('',#737);
#737 = AXIS2_PLACEMENT_3D('',#738,#739,#740);
#738 = CARTESIAN_POINT('',(-4.68,-11.43,0.));
#739 = DIRECTION('',(1.,0.,0.));
#740 = DIRECTION('',(-0.,1.,0.));
#741 = ADVANCED_FACE('',(#742),#753,.T.);
#742 = FACE_BOUND('',#743,.T.);
#743 = EDGE_LOOP('',(#744,#745,#751,#752));
#744 = ORIENTED_EDGE('',*,*,#636,.T.);
#745 = ORIENTED_EDGE('',*,*,#746,.T.);
#746 = EDGE_CURVE('',#629,#685,#747,.T.);
#747 = LINE('',#748,#749);
#748 = CARTESIAN_POINT('',(-5.48,-5.08,0.));
#749 = VECTOR('',#750,1.);
#750 = DIRECTION('',(0.,0.,1.));
#751 = ORIENTED_EDGE('',*,*,#684,.F.);
#752 = ORIENTED_EDGE('',*,*,#729,.F.);
#753 = PLANE('',#754);
#754 = AXIS2_PLACEMENT_3D('',#755,#756,#757);
#755 = CARTESIAN_POINT('',(-4.68,-5.08,0.));
#756 = DIRECTION('',(0.,1.,0.));
#757 = DIRECTION('',(-1.,0.,0.));
#758 = ADVANCED_FACE('',(#759),#765,.T.);
#759 = FACE_BOUND('',#760,.T.);
#760 = EDGE_LOOP('',(#761,#762,#763,#764));
#761 = ORIENTED_EDGE('',*,*,#626,.F.);
#762 = ORIENTED_EDGE('',*,*,#714,.T.);
#763 = ORIENTED_EDGE('',*,*,#692,.T.);
#764 = ORIENTED_EDGE('',*,*,#746,.F.);
#765 = PLANE('',#766);
#766 = AXIS2_PLACEMENT_3D('',#767,#768,#769);
#767 = CARTESIAN_POINT('',(-5.48,-5.08,0.));
#768 = DIRECTION('',(-1.,0.,0.));
#769 = DIRECTION('',(0.,-1.,0.));
#770 = MANIFOLD_SOLID_BREP('',#771);
#771 = CLOSED_SHELL('',(#772,#812,#852,#874,#891,#908));
#772 = ADVANCED_FACE('',(#773),#807,.T.);
#773 = FACE_BOUND('',#774,.T.);
#774 = EDGE_LOOP('',(#775,#785,#793,#801));
#775 = ORIENTED_EDGE('',*,*,#776,.T.);
#776 = EDGE_CURVE('',#777,#779,#781,.T.);
#777 = VERTEX_POINT('',#778);
#778 = CARTESIAN_POINT('',(-5.48,-5.08,0.));
#779 = VERTEX_POINT('',#780);
#780 = CARTESIAN_POINT('',(-5.48,0.,0.));
#781 = LINE('',#782,#783);
#782 = CARTESIAN_POINT('',(-5.48,-5.08,0.));
#783 = VECTOR('',#784,1.);
#784 = DIRECTION('',(0.,1.,0.));
#785 = ORIENTED_EDGE('',*,*,#786,.F.);
#786 = EDGE_CURVE('',#787,#779,#789,.T.);
#787 = VERTEX_POINT('',#788);
#788 = CARTESIAN_POINT('',(-4.68,0.,0.));
#789 = LINE('',#790,#791);
#790 = CARTESIAN_POINT('',(-4.68,0.,0.));
#791 = VECTOR('',#792,1.);
#792 = DIRECTION('',(-1.,0.,0.));
#793 = ORIENTED_EDGE('',*,*,#794,.F.);
#794 = EDGE_CURVE('',#795,#787,#797,.T.);
#795 = VERTEX_POINT('',#796);
#796 = CARTESIAN_POINT('',(-4.68,-5.08,0.));
#797 = LINE('',#798,#799);
#798 = CARTESIAN_POINT('',(-4.68,-5.08,0.));
#799 = VECTOR('',#800,1.);
#800 = DIRECTION('',(0.,1.,0.));
#801 = ORIENTED_EDGE('',*,*,#802,.F.);
#802 = EDGE_CURVE('',#777,#795,#803,.T.);
#803 = LINE('',#804,#805);
#804 = CARTESIAN_POINT('',(-5.48,-5.08,0.));
#805 = VECTOR('',#806,1.);
#806 = DIRECTION('',(1.,0.,0.));
#807 = PLANE('',#808);
#808 = AXIS2_PLACEMENT_3D('',#809,#810,#811);
#809 = CARTESIAN_POINT('',(-5.48,-5.08,0.));
#810 = DIRECTION('',(0.,0.,-1.));
#811 = DIRECTION('',(0.,1.,0.));
#812 = ADVANCED_FACE('',(#813),#847,.T.);
#813 = FACE_BOUND('',#814,.T.);
#814 = EDGE_LOOP('',(#815,#825,#833,#841));
#815 = ORIENTED_EDGE('',*,*,#816,.T.);
#816 = EDGE_CURVE('',#817,#819,#821,.T.);
#817 = VERTEX_POINT('',#818);
#818 = CARTESIAN_POINT('',(-5.48,-5.08,0.8));
#819 = VERTEX_POINT('',#820);
#820 = CARTESIAN_POINT('',(-4.68,-5.08,0.8));
#821 = LINE('',#822,#823);
#822 = CARTESIAN_POINT('',(-5.48,-5.08,0.8));
#823 = VECTOR('',#824,1.);
#824 = DIRECTION('',(1.,0.,0.));
#825 = ORIENTED_EDGE('',*,*,#826,.T.);
#826 = EDGE_CURVE('',#819,#827,#829,.T.);
#827 = VERTEX_POINT('',#828);
#828 = CARTESIAN_POINT('',(-4.68,0.,0.8));
#829 = LINE('',#830,#831);
#830 = CARTESIAN_POINT('',(-4.68,-5.08,0.8));
#831 = VECTOR('',#832,1.);
#832 = DIRECTION('',(0.,1.,0.));
#833 = ORIENTED_EDGE('',*,*,#834,.T.);
#834 = EDGE_CURVE('',#827,#835,#837,.T.);
#835 = VERTEX_POINT('',#836);
#836 = CARTESIAN_POINT('',(-5.48,0.,0.8));
#837 = LINE('',#838,#839);
#838 = CARTESIAN_POINT('',(-4.68,0.,0.8));
#839 = VECTOR('',#840,1.);
#840 = DIRECTION('',(-1.,0.,0.));
#841 = ORIENTED_EDGE('',*,*,#842,.F.);
#842 = EDGE_CURVE('',#817,#835,#843,.T.);
#843 = LINE('',#844,#845);
#844 = CARTESIAN_POINT('',(-5.48,-5.08,0.8));
#845 = VECTOR('',#846,1.);
#846 = DIRECTION('',(0.,1.,0.));
#847 = PLANE('',#848);
#848 = AXIS2_PLACEMENT_3D('',#849,#850,#851);
#849 = CARTESIAN_POINT('',(-5.48,-5.08,0.8));
#850 = DIRECTION('',(0.,0.,1.));
#851 = DIRECTION('',(1.,0.,-0.));
#852 = ADVANCED_FACE('',(#853),#869,.T.);
#853 = FACE_BOUND('',#854,.T.);
#854 = EDGE_LOOP('',(#855,#856,#862,#863));
#855 = ORIENTED_EDGE('',*,*,#802,.T.);
#856 = ORIENTED_EDGE('',*,*,#857,.T.);
#857 = EDGE_CURVE('',#795,#819,#858,.T.);
#858 = LINE('',#859,#860);
#859 = CARTESIAN_POINT('',(-4.68,-5.08,0.));
#860 = VECTOR('',#861,1.);
#861 = DIRECTION('',(0.,0.,1.));
#862 = ORIENTED_EDGE('',*,*,#816,.F.);
#863 = ORIENTED_EDGE('',*,*,#864,.F.);
#864 = EDGE_CURVE('',#777,#817,#865,.T.);
#865 = LINE('',#866,#867);
#866 = CARTESIAN_POINT('',(-5.48,-5.08,0.));
#867 = VECTOR('',#868,1.);
#868 = DIRECTION('',(0.,0.,1.));
#869 = PLANE('',#870);
#870 = AXIS2_PLACEMENT_3D('',#871,#872,#873);
#871 = CARTESIAN_POINT('',(-5.48,-5.08,0.));
#872 = DIRECTION('',(0.,-1.,0.));
#873 = DIRECTION('',(1.,0.,0.));
#874 = ADVANCED_FACE('',(#875),#886,.T.);
#875 = FACE_BOUND('',#876,.T.);
#876 = EDGE_LOOP('',(#877,#878,#884,#885));
#877 = ORIENTED_EDGE('',*,*,#794,.T.);
#878 = ORIENTED_EDGE('',*,*,#879,.T.);
#879 = EDGE_CURVE('',#787,#827,#880,.T.);
#880 = LINE('',#881,#882);
#881 = CARTESIAN_POINT('',(-4.68,0.,0.));
#882 = VECTOR('',#883,1.);
#883 = DIRECTION('',(0.,0.,1.));
#884 = ORIENTED_EDGE('',*,*,#826,.F.);
#885 = ORIENTED_EDGE('',*,*,#857,.F.);
#886 = PLANE('',#887);
#887 = AXIS2_PLACEMENT_3D('',#888,#889,#890);
#888 = CARTESIAN_POINT('',(-4.68,-5.08,0.));
#889 = DIRECTION('',(1.,0.,0.));
#890 = DIRECTION('',(-0.,1.,0.));
#891 = ADVANCED_FACE('',(#892),#903,.T.);
#892 = FACE_BOUND('',#893,.T.);
#893 = EDGE_LOOP('',(#894,#895,#901,#902));
#894 = ORIENTED_EDGE('',*,*,#786,.T.);
#895 = ORIENTED_EDGE('',*,*,#896,.T.);
#896 = EDGE_CURVE('',#779,#835,#897,.T.);
#897 = LINE('',#898,#899);
#898 = CARTESIAN_POINT('',(-5.48,0.,0.));
#899 = VECTOR('',#900,1.);
#900 = DIRECTION('',(0.,0.,1.));
#901 = ORIENTED_EDGE('',*,*,#834,.F.);
#902 = ORIENTED_EDGE('',*,*,#879,.F.);
#903 = PLANE('',#904);
#904 = AXIS2_PLACEMENT_3D('',#905,#906,#907);
#905 = CARTESIAN_POINT('',(-4.68,0.,0.));
#906 = DIRECTION('',(0.,1.,0.));
#907 = DIRECTION('',(-1.,0.,0.));
#908 = ADVANCED_FACE('',(#909),#915,.T.);
#909 = FACE_BOUND('',#910,.T.);
#910 = EDGE_LOOP('',(#911,#912,#913,#914));
#911 = ORIENTED_EDGE('',*,*,#776,.F.);
#912 = ORIENTED_EDGE('',*,*,#864,.T.);
#913 = ORIENTED_EDGE('',*,*,#842,.T.);
#914 = ORIENTED_EDGE('',*,*,#896,.F.);
#915 = PLANE('',#916);
#916 = AXIS2_PLACEMENT_3D('',#917,#918,#919);
#917 = CARTESIAN_POINT('',(-5.48,0.,0.));
#918 = DIRECTION('',(-1.,0.,0.));
#919 = DIRECTION('',(0.,-1.,0.));
#920 = MANIFOLD_SOLID_BREP('',#921);
#921 = CLOSED_SHELL('',(#922,#962,#1002,#1024,#1041,#1058));
#922 = ADVANCED_FACE('',(#923),#957,.T.);
#923 = FACE_BOUND('',#924,.T.);
#924 = EDGE_LOOP('',(#925,#935,#943,#951));
#925 = ORIENTED_EDGE('',*,*,#926,.T.);
#926 = EDGE_CURVE('',#927,#929,#931,.T.);
#927 = VERTEX_POINT('',#928);
#928 = CARTESIAN_POINT('',(-5.58,-5.58,-3.81));
#929 = VERTEX_POINT('',#930);
#930 = CARTESIAN_POINT('',(-5.58,-4.58,-3.81));
#931 = LINE('',#932,#933);
#932 = CARTESIAN_POINT('',(-5.58,-5.58,-3.81));
#933 = VECTOR('',#934,1.);
#934 = DIRECTION('',(0.,1.,0.));
#935 = ORIENTED_EDGE('',*,*,#936,.F.);
#936 = EDGE_CURVE('',#937,#929,#939,.T.);
#937 = VERTEX_POINT('',#938);
#938 = CARTESIAN_POINT('',(-4.58,-4.58,-3.81));
#939 = LINE('',#940,#941);
#940 = CARTESIAN_POINT('',(-4.58,-4.58,-3.81));
#941 = VECTOR('',#942,1.);
#942 = DIRECTION('',(-1.,0.,0.));
#943 = ORIENTED_EDGE('',*,*,#944,.F.);
#944 = EDGE_CURVE('',#945,#937,#947,.T.);
#945 = VERTEX_POINT('',#946);
#946 = CARTESIAN_POINT('',(-4.58,-5.58,-3.81));
#947 = LINE('',#948,#949);
#948 = CARTESIAN_POINT('',(-4.58,-5.58,-3.81));
#949 = VECTOR('',#950,1.);
#950 = DIRECTION('',(0.,1.,0.));
#951 = ORIENTED_EDGE('',*,*,#952,.F.);
#952 = EDGE_CURVE('',#927,#945,#953,.T.);
#953 = LINE('',#954,#955);
#954 = CARTESIAN_POINT('',(-5.58,-5.58,-3.81));
#955 = VECTOR('',#956,1.);
#956 = DIRECTION('',(1.,0.,0.));
#957 = PLANE('',#958);
#958 = AXIS2_PLACEMENT_3D('',#959,#960,#961);
#959 = CARTESIAN_POINT('',(-5.58,-5.58,-3.81));
#960 = DIRECTION('',(0.,0.,-1.));
#961 = DIRECTION('',(0.,1.,0.));
#962 = ADVANCED_FACE('',(#963),#997,.T.);
#963 = FACE_BOUND('',#964,.T.);
#964 = EDGE_LOOP('',(#965,#975,#983,#991));
#965 = ORIENTED_EDGE('',*,*,#966,.T.);
#966 = EDGE_CURVE('',#967,#969,#971,.T.);
#967 = VERTEX_POINT('',#968);
#968 = CARTESIAN_POINT('',(-5.58,-5.58,0.8));
#969 = VERTEX_POINT('',#970);
#970 = CARTESIAN_POINT('',(-4.58,-5.58,0.8));
#971 = LINE('',#972,#973);
#972 = CARTESIAN_POINT('',(-5.58,-5.58,0.8));
#973 = VECTOR('',#974,1.);
#974 = DIRECTION('',(1.,0.,0.));
#975 = ORIENTED_EDGE('',*,*,#976,.T.);
#976 = EDGE_CURVE('',#969,#977,#979,.T.);
#977 = VERTEX_POINT('',#978);
#978 = CARTESIAN_POINT('',(-4.58,-4.58,0.8));
#979 = LINE('',#980,#981);
#980 = CARTESIAN_POINT('',(-4.58,-5.58,0.8));
#981 = VECTOR('',#982,1.);
#982 = DIRECTION('',(0.,1.,0.));
#983 = ORIENTED_EDGE('',*,*,#984,.T.);
#984 = EDGE_CURVE('',#977,#985,#987,.T.);
#985 = VERTEX_POINT('',#986);
#986 = CARTESIAN_POINT('',(-5.58,-4.58,0.8));
#987 = LINE('',#988,#989);
#988 = CARTESIAN_POINT('',(-4.58,-4.58,0.8));
#989 = VECTOR('',#990,1.);
#990 = DIRECTION('',(-1.,0.,0.));
#991 = ORIENTED_EDGE('',*,*,#992,.F.);
#992 = EDGE_CURVE('',#967,#985,#993,.T.);
#993 = LINE('',#994,#995);
#994 = CARTESIAN_POINT('',(-5.58,-5.58,0.8));
#995 = VECTOR('',#996,1.);
#996 = DIRECTION('',(0.,1.,0.));
#997 = PLANE('',#998);
#998 = AXIS2_PLACEMENT_3D('',#999,#1000,#1001);
#999 = CARTESIAN_POINT('',(-5.58,-5.58,0.8));
#1000 = DIRECTION('',(0.,0.,1.));
#1001 = DIRECTION('',(1.,0.,-0.));
#1002 = ADVANCED_FACE('',(#1003),#1019,.T.);
#1003 = FACE_BOUND('',#1004,.T.);
#1004 = EDGE_LOOP('',(#1005,#1006,#1012,#1013));
#1005 = ORIENTED_EDGE('',*,*,#952,.T.);
#1006 = ORIENTED_EDGE('',*,*,#1007,.T.);
#1007 = EDGE_CURVE('',#945,#969,#1008,.T.);
#1008 = LINE('',#1009,#1010);
#1009 = CARTESIAN_POINT('',(-4.58,-5.58,-3.81));
#1010 = VECTOR('',#1011,1.);
#1011 = DIRECTION('',(0.,0.,1.));
#1012 = ORIENTED_EDGE('',*,*,#966,.F.);
#1013 = ORIENTED_EDGE('',*,*,#1014,.F.);
#1014 = EDGE_CURVE('',#927,#967,#1015,.T.);
#1015 = LINE('',#1016,#1017);
#1016 = CARTESIAN_POINT('',(-5.58,-5.58,-3.81));
#1017 = VECTOR('',#1018,1.);
#1018 = DIRECTION('',(0.,0.,1.));
#1019 = PLANE('',#1020);
#1020 = AXIS2_PLACEMENT_3D('',#1021,#1022,#1023);
#1021 = CARTESIAN_POINT('',(-5.58,-5.58,-3.81));
#1022 = DIRECTION('',(0.,-1.,0.));
#1023 = DIRECTION('',(1.,0.,0.));
#1024 = ADVANCED_FACE('',(#1025),#1036,.T.);
#1025 = FACE_BOUND('',#1026,.T.);
#1026 = EDGE_LOOP('',(#1027,#1028,#1034,#1035));
#1027 = ORIENTED_EDGE('',*,*,#944,.T.);
#1028 = ORIENTED_EDGE('',*,*,#1029,.T.);
#1029 = EDGE_CURVE('',#937,#977,#1030,.T.);
#1030 = LINE('',#1031,#1032);
#1031 = CARTESIAN_POINT('',(-4.58,-4.58,-3.81));
#1032 = VECTOR('',#1033,1.);
#1033 = DIRECTION('',(0.,0.,1.));
#1034 = ORIENTED_EDGE('',*,*,#976,.F.);
#1035 = ORIENTED_EDGE('',*,*,#1007,.F.);
#1036 = PLANE('',#1037);
#1037 = AXIS2_PLACEMENT_3D('',#1038,#1039,#1040);
#1038 = CARTESIAN_POINT('',(-4.58,-5.58,-3.81));
#1039 = DIRECTION('',(1.,0.,0.));
#1040 = DIRECTION('',(-0.,1.,0.));
#1041 = ADVANCED_FACE('',(#1042),#1053,.T.);
#1042 = FACE_BOUND('',#1043,.T.);
#1043 = EDGE_LOOP('',(#1044,#1045,#1051,#1052));
#1044 = ORIENTED_EDGE('',*,*,#936,.T.);
#1045 = ORIENTED_EDGE('',*,*,#1046,.T.);
#1046 = EDGE_CURVE('',#929,#985,#1047,.T.);
#1047 = LINE('',#1048,#1049);
#1048 = CARTESIAN_POINT('',(-5.58,-4.58,-3.81));
#1049 = VECTOR('',#1050,1.);
#1050 = DIRECTION('',(0.,0.,1.));
#1051 = ORIENTED_EDGE('',*,*,#984,.F.);
#1052 = ORIENTED_EDGE('',*,*,#1029,.F.);
#1053 = PLANE('',#1054);
#1054 = AXIS2_PLACEMENT_3D('',#1055,#1056,#1057);
#1055 = CARTESIAN_POINT('',(-4.58,-4.58,-3.81));
#1056 = DIRECTION('',(0.,1.,0.));
#1057 = DIRECTION('',(-1.,0.,0.));
#1058 = ADVANCED_FACE('',(#1059),#1065,.T.);
#1059 = FACE_BOUND('',#1060,.T.);
#1060 = EDGE_LOOP('',(#1061,#1062,#1063,#1064));
#1061 = ORIENTED_EDGE('',*,*,#926,.F.);
#1062 = ORIENTED_EDGE('',*,*,#1014,.T.);
#1063 = ORIENTED_EDGE('',*,*,#992,.T.);
#1064 = ORIENTED_EDGE('',*,*,#1046,.F.);
#1065 = PLANE('',#1066);
#1066 = AXIS2_PLACEMENT_3D('',#1067,#1068,#1069);
#1067 = CARTESIAN_POINT('',(-5.58,-4.58,-3.81));
#1068 = DIRECTION('',(-1.,0.,0.));
#1069 = DIRECTION('',(0.,-1.,0.));
#1070 = MANIFOLD_SOLID_BREP('',#1071);
#1071 = CLOSED_SHELL('',(#1072,#1112,#1152,#1174,#1191,#1208));
#1072 = ADVANCED_FACE('',(#1073),#1107,.T.);
#1073 = FACE_BOUND('',#1074,.T.);
#1074 = EDGE_LOOP('',(#1075,#1085,#1093,#1101));
#1075 = ORIENTED_EDGE('',*,*,#1076,.T.);
#1076 = EDGE_CURVE('',#1077,#1079,#1081,.T.);
#1077 = VERTEX_POINT('',#1078);
#1078 = CARTESIAN_POINT('',(-5.58,-0.5,-3.81));
#1079 = VERTEX_POINT('',#1080);
#1080 = CARTESIAN_POINT('',(-5.58,0.5,-3.81));
#1081 = LINE('',#1082,#1083);
#1082 = CARTESIAN_POINT('',(-5.58,-0.5,-3.81));
#1083 = VECTOR('',#1084,1.);
#1084 = DIRECTION('',(0.,1.,0.));
#1085 = ORIENTED_EDGE('',*,*,#1086,.F.);
#1086 = EDGE_CURVE('',#1087,#1079,#1089,.T.);
#1087 = VERTEX_POINT('',#1088);
#1088 = CARTESIAN_POINT('',(-4.58,0.5,-3.81));
#1089 = LINE('',#1090,#1091);
#1090 = CARTESIAN_POINT('',(-4.58,0.5,-3.81));
#1091 = VECTOR('',#1092,1.);
#1092 = DIRECTION('',(-1.,0.,0.));
#1093 = ORIENTED_EDGE('',*,*,#1094,.F.);
#1094 = EDGE_CURVE('',#1095,#1087,#1097,.T.);
#1095 = VERTEX_POINT('',#1096);
#1096 = CARTESIAN_POINT('',(-4.58,-0.5,-3.81));
#1097 = LINE('',#1098,#1099);
#1098 = CARTESIAN_POINT('',(-4.58,-0.5,-3.81));
#1099 = VECTOR('',#1100,1.);
#1100 = DIRECTION('',(0.,1.,0.));
#1101 = ORIENTED_EDGE('',*,*,#1102,.F.);
#1102 = EDGE_CURVE('',#1077,#1095,#1103,.T.);
#1103 = LINE('',#1104,#1105);
#1104 = CARTESIAN_POINT('',(-5.58,-0.5,-3.81));
#1105 = VECTOR('',#1106,1.);
#1106 = DIRECTION('',(1.,0.,0.));
#1107 = PLANE('',#1108);
#1108 = AXIS2_PLACEMENT_3D('',#1109,#1110,#1111);
#1109 = CARTESIAN_POINT('',(-5.58,-0.5,-3.81));
#1110 = DIRECTION('',(0.,0.,-1.));
#1111 = DIRECTION('',(0.,1.,0.));
#1112 = ADVANCED_FACE('',(#1113),#1147,.T.);
#1113 = FACE_BOUND('',#1114,.T.);
#1114 = EDGE_LOOP('',(#1115,#1125,#1133,#1141));
#1115 = ORIENTED_EDGE('',*,*,#1116,.T.);
#1116 = EDGE_CURVE('',#1117,#1119,#1121,.T.);
#1117 = VERTEX_POINT('',#1118);
#1118 = CARTESIAN_POINT('',(-5.58,-0.5,0.8));
#1119 = VERTEX_POINT('',#1120);
#1120 = CARTESIAN_POINT('',(-4.58,-0.5,0.8));
#1121 = LINE('',#1122,#1123);
#1122 = CARTESIAN_POINT('',(-5.58,-0.5,0.8));
#1123 = VECTOR('',#1124,1.);
#1124 = DIRECTION('',(1.,0.,0.));
#1125 = ORIENTED_EDGE('',*,*,#1126,.T.);
#1126 = EDGE_CURVE('',#1119,#1127,#1129,.T.);
#1127 = VERTEX_POINT('',#1128);
#1128 = CARTESIAN_POINT('',(-4.58,0.5,0.8));
#1129 = LINE('',#1130,#1131);
#1130 = CARTESIAN_POINT('',(-4.58,-0.5,0.8));
#1131 = VECTOR('',#1132,1.);
#1132 = DIRECTION('',(0.,1.,0.));
#1133 = ORIENTED_EDGE('',*,*,#1134,.T.);
#1134 = EDGE_CURVE('',#1127,#1135,#1137,.T.);
#1135 = VERTEX_POINT('',#1136);
#1136 = CARTESIAN_POINT('',(-5.58,0.5,0.8));
#1137 = LINE('',#1138,#1139);
#1138 = CARTESIAN_POINT('',(-4.58,0.5,0.8));
#1139 = VECTOR('',#1140,1.);
#1140 = DIRECTION('',(-1.,0.,0.));
#1141 = ORIENTED_EDGE('',*,*,#1142,.F.);
#1142 = EDGE_CURVE('',#1117,#1135,#1143,.T.);
#1143 = LINE('',#1144,#1145);
#1144 = CARTESIAN_POINT('',(-5.58,-0.5,0.8));
#1145 = VECTOR('',#1146,1.);
#1146 = DIRECTION('',(0.,1.,0.));
#1147 = PLANE('',#1148);
#1148 = AXIS2_PLACEMENT_3D('',#1149,#1150,#1151);
#1149 = CARTESIAN_POINT('',(-5.58,-0.5,0.8));
#1150 = DIRECTION('',(0.,0.,1.));
#1151 = DIRECTION('',(1.,0.,-0.));
#1152 = ADVANCED_FACE('',(#1153),#1169,.T.);
#1153 = FACE_BOUND('',#1154,.T.);
#1154 = EDGE_LOOP('',(#1155,#1156,#1162,#1163));
#1155 = ORIENTED_EDGE('',*,*,#1102,.T.);
#1156 = ORIENTED_EDGE('',*,*,#1157,.T.);
#1157 = EDGE_CURVE('',#1095,#1119,#1158,.T.);
#1158 = LINE('',#1159,#1160);
#1159 = CARTESIAN_POINT('',(-4.58,-0.5,-3.81));
#1160 = VECTOR('',#1161,1.);
#1161 = DIRECTION('',(0.,0.,1.));
#1162 = ORIENTED_EDGE('',*,*,#1116,.F.);
#1163 = ORIENTED_EDGE('',*,*,#1164,.F.);
#1164 = EDGE_CURVE('',#1077,#1117,#1165,.T.);
#1165 = LINE('',#1166,#1167);
#1166 = CARTESIAN_POINT('',(-5.58,-0.5,-3.81));
#1167 = VECTOR('',#1168,1.);
#1168 = DIRECTION('',(0.,0.,1.));
#1169 = PLANE('',#1170);
#1170 = AXIS2_PLACEMENT_3D('',#1171,#1172,#1173);
#1171 = CARTESIAN_POINT('',(-5.58,-0.5,-3.81));
#1172 = DIRECTION('',(0.,-1.,0.));
#1173 = DIRECTION('',(1.,0.,0.));
#1174 = ADVANCED_FACE('',(#1175),#1186,.T.);
#1175 = FACE_BOUND('',#1176,.T.);
#1176 = EDGE_LOOP('',(#1177,#1178,#1184,#1185));
#1177 = ORIENTED_EDGE('',*,*,#1094,.T.);
#1178 = ORIENTED_EDGE('',*,*,#1179,.T.);
#1179 = EDGE_CURVE('',#1087,#1127,#1180,.T.);
#1180 = LINE('',#1181,#1182);
#1181 = CARTESIAN_POINT('',(-4.58,0.5,-3.81));
#1182 = VECTOR('',#1183,1.);
#1183 = DIRECTION('',(0.,0.,1.));
#1184 = ORIENTED_EDGE('',*,*,#1126,.F.);
#1185 = ORIENTED_EDGE('',*,*,#1157,.F.);
#1186 = PLANE('',#1187);
#1187 = AXIS2_PLACEMENT_3D('',#1188,#1189,#1190);
#1188 = CARTESIAN_POINT('',(-4.58,-0.5,-3.81));
#1189 = DIRECTION('',(1.,0.,0.));
#1190 = DIRECTION('',(-0.,1.,0.));
#1191 = ADVANCED_FACE('',(#1192),#1203,.T.);
#1192 = FACE_BOUND('',#1193,.T.);
#1193 = EDGE_LOOP('',(#1194,#1195,#1201,#1202));
#1194 = ORIENTED_EDGE('',*,*,#1086,.T.);
#1195 = ORIENTED_EDGE('',*,*,#1196,.T.);
#1196 = EDGE_CURVE('',#1079,#1135,#1197,.T.);
#1197 = LINE('',#1198,#1199);
#1198 = CARTESIAN_POINT('',(-5.58,0.5,-3.81));
#1199 = VECTOR('',#1200,1.);
#1200 = DIRECTION('',(0.,0.,1.));
#1201 = ORIENTED_EDGE('',*,*,#1134,.F.);
#1202 = ORIENTED_EDGE('',*,*,#1179,.F.);
#1203 = PLANE('',#1204);
#1204 = AXIS2_PLACEMENT_3D('',#1205,#1206,#1207);
#1205 = CARTESIAN_POINT('',(-4.58,0.5,-3.81));
#1206 = DIRECTION('',(0.,1.,0.));
#1207 = DIRECTION('',(-1.,0.,0.));
#1208 = ADVANCED_FACE('',(#1209),#1215,.T.);
#1209 = FACE_BOUND('',#1210,.T.);
#1210 = EDGE_LOOP('',(#1211,#1212,#1213,#1214));
#1211 = ORIENTED_EDGE('',*,*,#1076,.F.);
#1212 = ORIENTED_EDGE('',*,*,#1164,.T.);
#1213 = ORIENTED_EDGE('',*,*,#1142,.T.);
#1214 = ORIENTED_EDGE('',*,*,#1196,.F.);
#1215 = PLANE('',#1216);
#1216 = AXIS2_PLACEMENT_3D('',#1217,#1218,#1219);
#1217 = CARTESIAN_POINT('',(-5.58,0.5,-3.81));
#1218 = DIRECTION('',(-1.,0.,0.));
#1219 = DIRECTION('',(0.,-1.,0.));
#1220 = MANIFOLD_SOLID_BREP('',#1221);
#1221 = CLOSED_SHELL('',(#1222,#1262,#1302,#1324,#1341,#1358));
#1222 = ADVANCED_FACE('',(#1223),#1257,.T.);
#1223 = FACE_BOUND('',#1224,.T.);
#1224 = EDGE_LOOP('',(#1225,#1235,#1243,#1251));
#1225 = ORIENTED_EDGE('',*,*,#1226,.T.);
#1226 = EDGE_CURVE('',#1227,#1229,#1231,.T.);
#1227 = VERTEX_POINT('',#1228);
#1228 = CARTESIAN_POINT('',(4.68,-11.43,0.));
#1229 = VERTEX_POINT('',#1230);
#1230 = CARTESIAN_POINT('',(4.68,-5.08,0.));
#1231 = LINE('',#1232,#1233);
#1232 = CARTESIAN_POINT('',(4.68,-11.43,0.));
#1233 = VECTOR('',#1234,1.);
#1234 = DIRECTION('',(0.,1.,0.));
#1235 = ORIENTED_EDGE('',*,*,#1236,.F.);
#1236 = EDGE_CURVE('',#1237,#1229,#1239,.T.);
#1237 = VERTEX_POINT('',#1238);
#1238 = CARTESIAN_POINT('',(5.48,-5.08,0.));
#1239 = LINE('',#1240,#1241);
#1240 = CARTESIAN_POINT('',(5.48,-5.08,0.));
#1241 = VECTOR('',#1242,1.);
#1242 = DIRECTION('',(-1.,0.,0.));
#1243 = ORIENTED_EDGE('',*,*,#1244,.F.);
#1244 = EDGE_CURVE('',#1245,#1237,#1247,.T.);
#1245 = VERTEX_POINT('',#1246);
#1246 = CARTESIAN_POINT('',(5.48,-11.43,0.));
#1247 = LINE('',#1248,#1249);
#1248 = CARTESIAN_POINT('',(5.48,-11.43,0.));
#1249 = VECTOR('',#1250,1.);
#1250 = DIRECTION('',(0.,1.,0.));
#1251 = ORIENTED_EDGE('',*,*,#1252,.F.);
#1252 = EDGE_CURVE('',#1227,#1245,#1253,.T.);
#1253 = LINE('',#1254,#1255);
#1254 = CARTESIAN_POINT('',(4.68,-11.43,0.));
#1255 = VECTOR('',#1256,1.);
#1256 = DIRECTION('',(1.,0.,0.));
#1257 = PLANE('',#1258);
#1258 = AXIS2_PLACEMENT_3D('',#1259,#1260,#1261);
#1259 = CARTESIAN_POINT('',(4.68,-11.43,0.));
#1260 = DIRECTION('',(0.,0.,-1.));
#1261 = DIRECTION('',(0.,1.,0.));
#1262 = ADVANCED_FACE('',(#1263),#1297,.T.);
#1263 = FACE_BOUND('',#1264,.T.);
#1264 = EDGE_LOOP('',(#1265,#1275,#1283,#1291));
#1265 = ORIENTED_EDGE('',*,*,#1266,.T.);
#1266 = EDGE_CURVE('',#1267,#1269,#1271,.T.);
#1267 = VERTEX_POINT('',#1268);
#1268 = CARTESIAN_POINT('',(4.68,-11.43,8.89));
#1269 = VERTEX_POINT('',#1270);
#1270 = CARTESIAN_POINT('',(5.48,-11.43,8.89));
#1271 = LINE('',#1272,#1273);
#1272 = CARTESIAN_POINT('',(4.68,-11.43,8.89));
#1273 = VECTOR('',#1274,1.);
#1274 = DIRECTION('',(1.,0.,0.));
#1275 = ORIENTED_EDGE('',*,*,#1276,.T.);
#1276 = EDGE_CURVE('',#1269,#1277,#1279,.T.);
#1277 = VERTEX_POINT('',#1278);
#1278 = CARTESIAN_POINT('',(5.48,-5.08,8.89));
#1279 = LINE('',#1280,#1281);
#1280 = CARTESIAN_POINT('',(5.48,-11.43,8.89));
#1281 = VECTOR('',#1282,1.);
#1282 = DIRECTION('',(0.,1.,0.));
#1283 = ORIENTED_EDGE('',*,*,#1284,.T.);
#1284 = EDGE_CURVE('',#1277,#1285,#1287,.T.);
#1285 = VERTEX_POINT('',#1286);
#1286 = CARTESIAN_POINT('',(4.68,-5.08,8.89));
#1287 = LINE('',#1288,#1289);
#1288 = CARTESIAN_POINT('',(5.48,-5.08,8.89));
#1289 = VECTOR('',#1290,1.);
#1290 = DIRECTION('',(-1.,0.,0.));
#1291 = ORIENTED_EDGE('',*,*,#1292,.F.);
#1292 = EDGE_CURVE('',#1267,#1285,#1293,.T.);
#1293 = LINE('',#1294,#1295);
#1294 = CARTESIAN_POINT('',(4.68,-11.43,8.89));
#1295 = VECTOR('',#1296,1.);
#1296 = DIRECTION('',(0.,1.,0.));
#1297 = PLANE('',#1298);
#1298 = AXIS2_PLACEMENT_3D('',#1299,#1300,#1301);
#1299 = CARTESIAN_POINT('',(4.68,-11.43,8.89));
#1300 = DIRECTION('',(0.,0.,1.));
#1301 = DIRECTION('',(1.,0.,-0.));
#1302 = ADVANCED_FACE('',(#1303),#1319,.T.);
#1303 = FACE_BOUND('',#1304,.T.);
#1304 = EDGE_LOOP('',(#1305,#1306,#1312,#1313));
#1305 = ORIENTED_EDGE('',*,*,#1252,.T.);
#1306 = ORIENTED_EDGE('',*,*,#1307,.T.);
#1307 = EDGE_CURVE('',#1245,#1269,#1308,.T.);
#1308 = LINE('',#1309,#1310);
#1309 = CARTESIAN_POINT('',(5.48,-11.43,0.));
#1310 = VECTOR('',#1311,1.);
#1311 = DIRECTION('',(0.,0.,1.));
#1312 = ORIENTED_EDGE('',*,*,#1266,.F.);
#1313 = ORIENTED_EDGE('',*,*,#1314,.F.);
#1314 = EDGE_CURVE('',#1227,#1267,#1315,.T.);
#1315 = LINE('',#1316,#1317);
#1316 = CARTESIAN_POINT('',(4.68,-11.43,0.));
#1317 = VECTOR('',#1318,1.);
#1318 = DIRECTION('',(0.,0.,1.));
#1319 = PLANE('',#1320);
#1320 = AXIS2_PLACEMENT_3D('',#1321,#1322,#1323);
#1321 = CARTESIAN_POINT('',(4.68,-11.43,0.));
#1322 = DIRECTION('',(0.,-1.,0.));
#1323 = DIRECTION('',(1.,0.,0.));
#1324 = ADVANCED_FACE('',(#1325),#1336,.T.);
#1325 = FACE_BOUND('',#1326,.T.);
#1326 = EDGE_LOOP('',(#1327,#1328,#1334,#1335));
#1327 = ORIENTED_EDGE('',*,*,#1244,.T.);
#1328 = ORIENTED_EDGE('',*,*,#1329,.T.);
#1329 = EDGE_CURVE('',#1237,#1277,#1330,.T.);
#1330 = LINE('',#1331,#1332);
#1331 = CARTESIAN_POINT('',(5.48,-5.08,0.));
#1332 = VECTOR('',#1333,1.);
#1333 = DIRECTION('',(0.,0.,1.));
#1334 = ORIENTED_EDGE('',*,*,#1276,.F.);
#1335 = ORIENTED_EDGE('',*,*,#1307,.F.);
#1336 = PLANE('',#1337);
#1337 = AXIS2_PLACEMENT_3D('',#1338,#1339,#1340);
#1338 = CARTESIAN_POINT('',(5.48,-11.43,0.));
#1339 = DIRECTION('',(1.,0.,0.));
#1340 = DIRECTION('',(-0.,1.,0.));
#1341 = ADVANCED_FACE('',(#1342),#1353,.T.);
#1342 = FACE_BOUND('',#1343,.T.);
#1343 = EDGE_LOOP('',(#1344,#1345,#1351,#1352));
#1344 = ORIENTED_EDGE('',*,*,#1236,.T.);
#1345 = ORIENTED_EDGE('',*,*,#1346,.T.);
#1346 = EDGE_CURVE('',#1229,#1285,#1347,.T.);
#1347 = LINE('',#1348,#1349);
#1348 = CARTESIAN_POINT('',(4.68,-5.08,0.));
#1349 = VECTOR('',#1350,1.);
#1350 = DIRECTION('',(0.,0.,1.));
#1351 = ORIENTED_EDGE('',*,*,#1284,.F.);
#1352 = ORIENTED_EDGE('',*,*,#1329,.F.);
#1353 = PLANE('',#1354);
#1354 = AXIS2_PLACEMENT_3D('',#1355,#1356,#1357);
#1355 = CARTESIAN_POINT('',(5.48,-5.08,0.));
#1356 = DIRECTION('',(0.,1.,0.));
#1357 = DIRECTION('',(-1.,0.,0.));
#1358 = ADVANCED_FACE('',(#1359),#1365,.T.);
#1359 = FACE_BOUND('',#1360,.T.);
#1360 = EDGE_LOOP('',(#1361,#1362,#1363,#1364));
#1361 = ORIENTED_EDGE('',*,*,#1226,.F.);
#1362 = ORIENTED_EDGE('',*,*,#1314,.T.);
#1363 = ORIENTED_EDGE('',*,*,#1292,.T.);
#1364 = ORIENTED_EDGE('',*,*,#1346,.F.);
#1365 = PLANE('',#1366);
#1366 = AXIS2_PLACEMENT_3D('',#1367,#1368,#1369);
#1367 = CARTESIAN_POINT('',(4.68,-5.08,0.));
#1368 = DIRECTION('',(-1.,0.,0.));
#1369 = DIRECTION('',(0.,-1.,0.));
#1370 = MANIFOLD_SOLID_BREP('',#1371);
#1371 = CLOSED_SHELL('',(#1372,#1412,#1452,#1474,#1491,#1508));
#1372 = ADVANCED_FACE('',(#1373),#1407,.T.);
#1373 = FACE_BOUND('',#1374,.T.);
#1374 = EDGE_LOOP('',(#1375,#1385,#1393,#1401));
#1375 = ORIENTED_EDGE('',*,*,#1376,.T.);
#1376 = EDGE_CURVE('',#1377,#1379,#1381,.T.);
#1377 = VERTEX_POINT('',#1378);
#1378 = CARTESIAN_POINT('',(4.68,-5.08,0.));
#1379 = VERTEX_POINT('',#1380);
#1380 = CARTESIAN_POINT('',(4.68,0.,0.));
#1381 = LINE('',#1382,#1383);
#1382 = CARTESIAN_POINT('',(4.68,-5.08,0.));
#1383 = VECTOR('',#1384,1.);
#1384 = DIRECTION('',(0.,1.,0.));
#1385 = ORIENTED_EDGE('',*,*,#1386,.F.);
#1386 = EDGE_CURVE('',#1387,#1379,#1389,.T.);
#1387 = VERTEX_POINT('',#1388);
#1388 = CARTESIAN_POINT('',(5.48,0.,0.));
#1389 = LINE('',#1390,#1391);
#1390 = CARTESIAN_POINT('',(5.48,0.,0.));
#1391 = VECTOR('',#1392,1.);
#1392 = DIRECTION('',(-1.,0.,0.));
#1393 = ORIENTED_EDGE('',*,*,#1394,.F.);
#1394 = EDGE_CURVE('',#1395,#1387,#1397,.T.);
#1395 = VERTEX_POINT('',#1396);
#1396 = CARTESIAN_POINT('',(5.48,-5.08,0.));
#1397 = LINE('',#1398,#1399);
#1398 = CARTESIAN_POINT('',(5.48,-5.08,0.));
#1399 = VECTOR('',#1400,1.);
#1400 = DIRECTION('',(0.,1.,0.));
#1401 = ORIENTED_EDGE('',*,*,#1402,.F.);
#1402 = EDGE_CURVE('',#1377,#1395,#1403,.T.);
#1403 = LINE('',#1404,#1405);
#1404 = CARTESIAN_POINT('',(4.68,-5.08,0.));
#1405 = VECTOR('',#1406,1.);
#1406 = DIRECTION('',(1.,0.,0.));
#1407 = PLANE('',#1408);
#1408 = AXIS2_PLACEMENT_3D('',#1409,#1410,#1411);
#1409 = CARTESIAN_POINT('',(4.68,-5.08,0.));
#1410 = DIRECTION('',(0.,0.,-1.));
#1411 = DIRECTION('',(0.,1.,0.));
#1412 = ADVANCED_FACE('',(#1413),#1447,.T.);
#1413 = FACE_BOUND('',#1414,.T.);
#1414 = EDGE_LOOP('',(#1415,#1425,#1433,#1441));
#1415 = ORIENTED_EDGE('',*,*,#1416,.T.);
#1416 = EDGE_CURVE('',#1417,#1419,#1421,.T.);
#1417 = VERTEX_POINT('',#1418);
#1418 = CARTESIAN_POINT('',(4.68,-5.08,0.8));
#1419 = VERTEX_POINT('',#1420);
#1420 = CARTESIAN_POINT('',(5.48,-5.08,0.8));
#1421 = LINE('',#1422,#1423);
#1422 = CARTESIAN_POINT('',(4.68,-5.08,0.8));
#1423 = VECTOR('',#1424,1.);
#1424 = DIRECTION('',(1.,0.,0.));
#1425 = ORIENTED_EDGE('',*,*,#1426,.T.);
#1426 = EDGE_CURVE('',#1419,#1427,#1429,.T.);
#1427 = VERTEX_POINT('',#1428);
#1428 = CARTESIAN_POINT('',(5.48,0.,0.8));
#1429 = LINE('',#1430,#1431);
#1430 = CARTESIAN_POINT('',(5.48,-5.08,0.8));
#1431 = VECTOR('',#1432,1.);
#1432 = DIRECTION('',(0.,1.,0.));
#1433 = ORIENTED_EDGE('',*,*,#1434,.T.);
#1434 = EDGE_CURVE('',#1427,#1435,#1437,.T.);
#1435 = VERTEX_POINT('',#1436);
#1436 = CARTESIAN_POINT('',(4.68,0.,0.8));
#1437 = LINE('',#1438,#1439);
#1438 = CARTESIAN_POINT('',(5.48,0.,0.8));
#1439 = VECTOR('',#1440,1.);
#1440 = DIRECTION('',(-1.,0.,0.));
#1441 = ORIENTED_EDGE('',*,*,#1442,.F.);
#1442 = EDGE_CURVE('',#1417,#1435,#1443,.T.);
#1443 = LINE('',#1444,#1445);
#1444 = CARTESIAN_POINT('',(4.68,-5.08,0.8));
#1445 = VECTOR('',#1446,1.);
#1446 = DIRECTION('',(0.,1.,0.));
#1447 = PLANE('',#1448);
#1448 = AXIS2_PLACEMENT_3D('',#1449,#1450,#1451);
#1449 = CARTESIAN_POINT('',(4.68,-5.08,0.8));
#1450 = DIRECTION('',(0.,0.,1.));
#1451 = DIRECTION('',(1.,0.,-0.));
#1452 = ADVANCED_FACE('',(#1453),#1469,.T.);
#1453 = FACE_BOUND('',#1454,.T.);
#1454 = EDGE_LOOP('',(#1455,#1456,#1462,#1463));
#1455 = ORIENTED_EDGE('',*,*,#1402,.T.);
#1456 = ORIENTED_EDGE('',*,*,#1457,.T.);
#1457 = EDGE_CURVE('',#1395,#1419,#1458,.T.);
#1458 = LINE('',#1459,#1460);
#1459 = CARTESIAN_POINT('',(5.48,-5.08,0.));
#1460 = VECTOR('',#1461,1.);
#1461 = DIRECTION('',(0.,0.,1.));
#1462 = ORIENTED_EDGE('',*,*,#1416,.F.);
#1463 = ORIENTED_EDGE('',*,*,#1464,.F.);
#1464 = EDGE_CURVE('',#1377,#1417,#1465,.T.);
#1465 = LINE('',#1466,#1467);
#1466 = CARTESIAN_POINT('',(4.68,-5.08,0.));
#1467 = VECTOR('',#1468,1.);
#1468 = DIRECTION('',(0.,0.,1.));
#1469 = PLANE('',#1470);
#1470 = AXIS2_PLACEMENT_3D('',#1471,#1472,#1473);
#1471 = CARTESIAN_POINT('',(4.68,-5.08,0.));
#1472 = DIRECTION('',(0.,-1.,0.));
#1473 = DIRECTION('',(1.,0.,0.));
#1474 = ADVANCED_FACE('',(#1475),#1486,.T.);
#1475 = FACE_BOUND('',#1476,.T.);
#1476 = EDGE_LOOP('',(#1477,#1478,#1484,#1485));
#1477 = ORIENTED_EDGE('',*,*,#1394,.T.);
#1478 = ORIENTED_EDGE('',*,*,#1479,.T.);
#1479 = EDGE_CURVE('',#1387,#1427,#1480,.T.);
#1480 = LINE('',#1481,#1482);
#1481 = CARTESIAN_POINT('',(5.48,0.,0.));
#1482 = VECTOR('',#1483,1.);
#1483 = DIRECTION('',(0.,0.,1.));
#1484 = ORIENTED_EDGE('',*,*,#1426,.F.);
#1485 = ORIENTED_EDGE('',*,*,#1457,.F.);
#1486 = PLANE('',#1487);
#1487 = AXIS2_PLACEMENT_3D('',#1488,#1489,#1490);
#1488 = CARTESIAN_POINT('',(5.48,-5.08,0.));
#1489 = DIRECTION('',(1.,0.,0.));
#1490 = DIRECTION('',(-0.,1.,0.));
#1491 = ADVANCED_FACE('',(#1492),#1503,.T.);
#1492 = FACE_BOUND('',#1493,.T.);
#1493 = EDGE_LOOP('',(#1494,#1495,#1501,#1502));
#1494 = ORIENTED_EDGE('',*,*,#1386,.T.);
#1495 = ORIENTED_EDGE('',*,*,#1496,.T.);
#1496 = EDGE_CURVE('',#1379,#1435,#1497,.T.);
#1497 = LINE('',#1498,#1499);
#1498 = CARTESIAN_POINT('',(4.68,0.,0.));
#1499 = VECTOR('',#1500,1.);
#1500 = DIRECTION('',(0.,0.,1.));
#1501 = ORIENTED_EDGE('',*,*,#1434,.F.);
#1502 = ORIENTED_EDGE('',*,*,#1479,.F.);
#1503 = PLANE('',#1504);
#1504 = AXIS2_PLACEMENT_3D('',#1505,#1506,#1507);
#1505 = CARTESIAN_POINT('',(5.48,0.,0.));
#1506 = DIRECTION('',(0.,1.,0.));
#1507 = DIRECTION('',(-1.,0.,0.));
#1508 = ADVANCED_FACE('',(#1509),#1515,.T.);
#1509 = FACE_BOUND('',#1510,.T.);
#1510 = EDGE_LOOP('',(#1511,#1512,#1513,#1514));
#1511 = ORIENTED_EDGE('',*,*,#1376,.F.);
#1512 = ORIENTED_EDGE('',*,*,#1464,.T.);
#1513 = ORIENTED_EDGE('',*,*,#1442,.T.);
#1514 = ORIENTED_EDGE('',*,*,#1496,.F.);
#1515 = PLANE('',#1516);
#1516 = AXIS2_PLACEMENT_3D('',#1517,#1518,#1519);
#1517 = CARTESIAN_POINT('',(4.68,0.,0.));
#1518 = DIRECTION('',(-1.,0.,0.));
#1519 = DIRECTION('',(0.,-1.,0.));
#1520 = MANIFOLD_SOLID_BREP('',#1521);
#1521 = CLOSED_SHELL('',(#1522,#1562,#1602,#1624,#1641,#1658));
#1522 = ADVANCED_FACE('',(#1523),#1557,.T.);
#1523 = FACE_BOUND('',#1524,.T.);
#1524 = EDGE_LOOP('',(#1525,#1535,#1543,#1551));
#1525 = ORIENTED_EDGE('',*,*,#1526,.T.);
#1526 = EDGE_CURVE('',#1527,#1529,#1531,.T.);
#1527 = VERTEX_POINT('',#1528);
#1528 = CARTESIAN_POINT('',(4.58,-5.58,-3.81));
#1529 = VERTEX_POINT('',#1530);
#1530 = CARTESIAN_POINT('',(4.58,-4.58,-3.81));
#1531 = LINE('',#1532,#1533);
#1532 = CARTESIAN_POINT('',(4.58,-5.58,-3.81));
#1533 = VECTOR('',#1534,1.);
#1534 = DIRECTION('',(0.,1.,0.));
#1535 = ORIENTED_EDGE('',*,*,#1536,.F.);
#1536 = EDGE_CURVE('',#1537,#1529,#1539,.T.);
#1537 = VERTEX_POINT('',#1538);
#1538 = CARTESIAN_POINT('',(5.58,-4.58,-3.81));
#1539 = LINE('',#1540,#1541);
#1540 = CARTESIAN_POINT('',(5.58,-4.58,-3.81));
#1541 = VECTOR('',#1542,1.);
#1542 = DIRECTION('',(-1.,0.,0.));
#1543 = ORIENTED_EDGE('',*,*,#1544,.F.);
#1544 = EDGE_CURVE('',#1545,#1537,#1547,.T.);
#1545 = VERTEX_POINT('',#1546);
#1546 = CARTESIAN_POINT('',(5.58,-5.58,-3.81));
#1547 = LINE('',#1548,#1549);
#1548 = CARTESIAN_POINT('',(5.58,-5.58,-3.81));
#1549 = VECTOR('',#1550,1.);
#1550 = DIRECTION('',(0.,1.,0.));
#1551 = ORIENTED_EDGE('',*,*,#1552,.F.);
#1552 = EDGE_CURVE('',#1527,#1545,#1553,.T.);
#1553 = LINE('',#1554,#1555);
#1554 = CARTESIAN_POINT('',(4.58,-5.58,-3.81));
#1555 = VECTOR('',#1556,1.);
#1556 = DIRECTION('',(1.,0.,0.));
#1557 = PLANE('',#1558);
#1558 = AXIS2_PLACEMENT_3D('',#1559,#1560,#1561);
#1559 = CARTESIAN_POINT('',(4.58,-5.58,-3.81));
#1560 = DIRECTION('',(0.,0.,-1.));
#1561 = DIRECTION('',(0.,1.,0.));
#1562 = ADVANCED_FACE('',(#1563),#1597,.T.);
#1563 = FACE_BOUND('',#1564,.T.);
#1564 = EDGE_LOOP('',(#1565,#1575,#1583,#1591));
#1565 = ORIENTED_EDGE('',*,*,#1566,.T.);
#1566 = EDGE_CURVE('',#1567,#1569,#1571,.T.);
#1567 = VERTEX_POINT('',#1568);
#1568 = CARTESIAN_POINT('',(4.58,-5.58,0.8));
#1569 = VERTEX_POINT('',#1570);
#1570 = CARTESIAN_POINT('',(5.58,-5.58,0.8));
#1571 = LINE('',#1572,#1573);
#1572 = CARTESIAN_POINT('',(4.58,-5.58,0.8));
#1573 = VECTOR('',#1574,1.);
#1574 = DIRECTION('',(1.,0.,0.));
#1575 = ORIENTED_EDGE('',*,*,#1576,.T.);
#1576 = EDGE_CURVE('',#1569,#1577,#1579,.T.);
#1577 = VERTEX_POINT('',#1578);
#1578 = CARTESIAN_POINT('',(5.58,-4.58,0.8));
#1579 = LINE('',#1580,#1581);
#1580 = CARTESIAN_POINT('',(5.58,-5.58,0.8));
#1581 = VECTOR('',#1582,1.);
#1582 = DIRECTION('',(0.,1.,0.));
#1583 = ORIENTED_EDGE('',*,*,#1584,.T.);
#1584 = EDGE_CURVE('',#1577,#1585,#1587,.T.);
#1585 = VERTEX_POINT('',#1586);
#1586 = CARTESIAN_POINT('',(4.58,-4.58,0.8));
#1587 = LINE('',#1588,#1589);
#1588 = CARTESIAN_POINT('',(5.58,-4.58,0.8));
#1589 = VECTOR('',#1590,1.);
#1590 = DIRECTION('',(-1.,0.,0.));
#1591 = ORIENTED_EDGE('',*,*,#1592,.F.);
#1592 = EDGE_CURVE('',#1567,#1585,#1593,.T.);
#1593 = LINE('',#1594,#1595);
#1594 = CARTESIAN_POINT('',(4.58,-5.58,0.8));
#1595 = VECTOR('',#1596,1.);
#1596 = DIRECTION('',(0.,1.,0.));
#1597 = PLANE('',#1598);
#1598 = AXIS2_PLACEMENT_3D('',#1599,#1600,#1601);
#1599 = CARTESIAN_POINT('',(4.58,-5.58,0.8));
#1600 = DIRECTION('',(0.,0.,1.));
#1601 = DIRECTION('',(1.,0.,-0.));
#1602 = ADVANCED_FACE('',(#1603),#1619,.T.);
#1603 = FACE_BOUND('',#1604,.T.);
#1604 = EDGE_LOOP('',(#1605,#1606,#1612,#1613));
#1605 = ORIENTED_EDGE('',*,*,#1552,.T.);
#1606 = ORIENTED_EDGE('',*,*,#1607,.T.);
#1607 = EDGE_CURVE('',#1545,#1569,#1608,.T.);
#1608 = LINE('',#1609,#1610);
#1609 = CARTESIAN_POINT('',(5.58,-5.58,-3.81));
#1610 = VECTOR('',#1611,1.);
#1611 = DIRECTION('',(0.,0.,1.));
#1612 = ORIENTED_EDGE('',*,*,#1566,.F.);
#1613 = ORIENTED_EDGE('',*,*,#1614,.F.);
#1614 = EDGE_CURVE('',#1527,#1567,#1615,.T.);
#1615 = LINE('',#1616,#1617);
#1616 = CARTESIAN_POINT('',(4.58,-5.58,-3.81));
#1617 = VECTOR('',#1618,1.);
#1618 = DIRECTION('',(0.,0.,1.));
#1619 = PLANE('',#1620);
#1620 = AXIS2_PLACEMENT_3D('',#1621,#1622,#1623);
#1621 = CARTESIAN_POINT('',(4.58,-5.58,-3.81));
#1622 = DIRECTION('',(0.,-1.,0.));
#1623 = DIRECTION('',(1.,0.,0.));
#1624 = ADVANCED_FACE('',(#1625),#1636,.T.);
#1625 = FACE_BOUND('',#1626,.T.);
#1626 = EDGE_LOOP('',(#1627,#1628,#1634,#1635));
#1627 = ORIENTED_EDGE('',*,*,#1544,.T.);
#1628 = ORIENTED_EDGE('',*,*,#1629,.T.);
#1629 = EDGE_CURVE('',#1537,#1577,#1630,.T.);
#1630 = LINE('',#1631,#1632);
#1631 = CARTESIAN_POINT('',(5.58,-4.58,-3.81));
#1632 = VECTOR('',#1633,1.);
#1633 = DIRECTION('',(0.,0.,1.));
#1634 = ORIENTED_EDGE('',*,*,#1576,.F.);
#1635 = ORIENTED_EDGE('',*,*,#1607,.F.);
#1636 = PLANE('',#1637);
#1637 = AXIS2_PLACEMENT_3D('',#1638,#1639,#1640);
#1638 = CARTESIAN_POINT('',(5.58,-5.58,-3.81));
#1639 = DIRECTION('',(1.,0.,0.));
#1640 = DIRECTION('',(-0.,1.,0.));
#1641 = ADVANCED_FACE('',(#1642),#1653,.T.);
#1642 = FACE_BOUND('',#1643,.T.);
#1643 = EDGE_LOOP('',(#1644,#1645,#1651,#1652));
#1644 = ORIENTED_EDGE('',*,*,#1536,.T.);
#1645 = ORIENTED_EDGE('',*,*,#1646,.T.);
#1646 = EDGE_CURVE('',#1529,#1585,#1647,.T.);
#1647 = LINE('',#1648,#1649);
#1648 = CARTESIAN_POINT('',(4.58,-4.58,-3.81));
#1649 = VECTOR('',#1650,1.);
#1650 = DIRECTION('',(0.,0.,1.));
#1651 = ORIENTED_EDGE('',*,*,#1584,.F.);
#1652 = ORIENTED_EDGE('',*,*,#1629,.F.);
#1653 = PLANE('',#1654);
#1654 = AXIS2_PLACEMENT_3D('',#1655,#1656,#1657);
#1655 = CARTESIAN_POINT('',(5.58,-4.58,-3.81));
#1656 = DIRECTION('',(0.,1.,0.));
#1657 = DIRECTION('',(-1.,0.,0.));
#1658 = ADVANCED_FACE('',(#1659),#1665,.T.);
#1659 = FACE_BOUND('',#1660,.T.);
#1660 = EDGE_LOOP('',(#1661,#1662,#1663,#1664));
#1661 = ORIENTED_EDGE('',*,*,#1526,.F.);
#1662 = ORIENTED_EDGE('',*,*,#1614,.T.);
#1663 = ORIENTED_EDGE('',*,*,#1592,.T.);
#1664 = ORIENTED_EDGE('',*,*,#1646,.F.);
#1665 = PLANE('',#1666);
#1666 = AXIS2_PLACEMENT_3D('',#1667,#1668,#1669);
#1667 = CARTESIAN_POINT('',(4.58,-4.58,-3.81));
#1668 = DIRECTION('',(-1.,0.,0.));
#1669 = DIRECTION('',(0.,-1.,0.));
#1670 = MANIFOLD_SOLID_BREP('',#1671);
#1671 = CLOSED_SHELL('',(#1672,#1712,#1752,#1774,#1791,#1808));
#1672 = ADVANCED_FACE('',(#1673),#1707,.T.);
#1673 = FACE_BOUND('',#1674,.T.);
#1674 = EDGE_LOOP('',(#1675,#1685,#1693,#1701));
#1675 = ORIENTED_EDGE('',*,*,#1676,.T.);
#1676 = EDGE_CURVE('',#1677,#1679,#1681,.T.);
#1677 = VERTEX_POINT('',#1678);
#1678 = CARTESIAN_POINT('',(4.58,-0.5,-3.81));
#1679 = VERTEX_POINT('',#1680);
#1680 = CARTESIAN_POINT('',(4.58,0.5,-3.81));
#1681 = LINE('',#1682,#1683);
#1682 = CARTESIAN_POINT('',(4.58,-0.5,-3.81));
#1683 = VECTOR('',#1684,1.);
#1684 = DIRECTION('',(0.,1.,0.));
#1685 = ORIENTED_EDGE('',*,*,#1686,.F.);
#1686 = EDGE_CURVE('',#1687,#1679,#1689,.T.);
#1687 = VERTEX_POINT('',#1688);
#1688 = CARTESIAN_POINT('',(5.58,0.5,-3.81));
#1689 = LINE('',#1690,#1691);
#1690 = CARTESIAN_POINT('',(5.58,0.5,-3.81));
#1691 = VECTOR('',#1692,1.);
#1692 = DIRECTION('',(-1.,0.,0.));
#1693 = ORIENTED_EDGE('',*,*,#1694,.F.);
#1694 = EDGE_CURVE('',#1695,#1687,#1697,.T.);
#1695 = VERTEX_POINT('',#1696);
#1696 = CARTESIAN_POINT('',(5.58,-0.5,-3.81));
#1697 = LINE('',#1698,#1699);
#1698 = CARTESIAN_POINT('',(5.58,-0.5,-3.81));
#1699 = VECTOR('',#1700,1.);
#1700 = DIRECTION('',(0.,1.,0.));
#1701 = ORIENTED_EDGE('',*,*,#1702,.F.);
#1702 = EDGE_CURVE('',#1677,#1695,#1703,.T.);
#1703 = LINE('',#1704,#1705);
#1704 = CARTESIAN_POINT('',(4.58,-0.5,-3.81));
#1705 = VECTOR('',#1706,1.);
#1706 = DIRECTION('',(1.,0.,0.));
#1707 = PLANE('',#1708);
#1708 = AXIS2_PLACEMENT_3D('',#1709,#1710,#1711);
#1709 = CARTESIAN_POINT('',(4.58,-0.5,-3.81));
#1710 = DIRECTION('',(0.,0.,-1.));
#1711 = DIRECTION('',(0.,1.,0.));
#1712 = ADVANCED_FACE('',(#1713),#1747,.T.);
#1713 = FACE_BOUND('',#1714,.T.);
#1714 = EDGE_LOOP('',(#1715,#1725,#1733,#1741));
#1715 = ORIENTED_EDGE('',*,*,#1716,.T.);
#1716 = EDGE_CURVE('',#1717,#1719,#1721,.T.);
#1717 = VERTEX_POINT('',#1718);
#1718 = CARTESIAN_POINT('',(4.58,-0.5,0.8));
#1719 = VERTEX_POINT('',#1720);
#1720 = CARTESIAN_POINT('',(5.58,-0.5,0.8));
#1721 = LINE('',#1722,#1723);
#1722 = CARTESIAN_POINT('',(4.58,-0.5,0.8));
#1723 = VECTOR('',#1724,1.);
#1724 = DIRECTION('',(1.,0.,0.));
#1725 = ORIENTED_EDGE('',*,*,#1726,.T.);
#1726 = EDGE_CURVE('',#1719,#1727,#1729,.T.);
#1727 = VERTEX_POINT('',#1728);
#1728 = CARTESIAN_POINT('',(5.58,0.5,0.8));
#1729 = LINE('',#1730,#1731);
#1730 = CARTESIAN_POINT('',(5.58,-0.5,0.8));
#1731 = VECTOR('',#1732,1.);
#1732 = DIRECTION('',(0.,1.,0.));
#1733 = ORIENTED_EDGE('',*,*,#1734,.T.);
#1734 = EDGE_CURVE('',#1727,#1735,#1737,.T.);
#1735 = VERTEX_POINT('',#1736);
#1736 = CARTESIAN_POINT('',(4.58,0.5,0.8));
#1737 = LINE('',#1738,#1739);
#1738 = CARTESIAN_POINT('',(5.58,0.5,0.8));
#1739 = VECTOR('',#1740,1.);
#1740 = DIRECTION('',(-1.,0.,0.));
#1741 = ORIENTED_EDGE('',*,*,#1742,.F.);
#1742 = EDGE_CURVE('',#1717,#1735,#1743,.T.);
#1743 = LINE('',#1744,#1745);
#1744 = CARTESIAN_POINT('',(4.58,-0.5,0.8));
#1745 = VECTOR('',#1746,1.);
#1746 = DIRECTION('',(0.,1.,0.));
#1747 = PLANE('',#1748);
#1748 = AXIS2_PLACEMENT_3D('',#1749,#1750,#1751);
#1749 = CARTESIAN_POINT('',(4.58,-0.5,0.8));
#1750 = DIRECTION('',(0.,0.,1.));
#1751 = DIRECTION('',(1.,0.,-0.));
#1752 = ADVANCED_FACE('',(#1753),#1769,.T.);
#1753 = FACE_BOUND('',#1754,.T.);
#1754 = EDGE_LOOP('',(#1755,#1756,#1762,#1763));
#1755 = ORIENTED_EDGE('',*,*,#1702,.T.);
#1756 = ORIENTED_EDGE('',*,*,#1757,.T.);
#1757 = EDGE_CURVE('',#1695,#1719,#1758,.T.);
#1758 = LINE('',#1759,#1760);
#1759 = CARTESIAN_POINT('',(5.58,-0.5,-3.81));
#1760 = VECTOR('',#1761,1.);
#1761 = DIRECTION('',(0.,0.,1.));
#1762 = ORIENTED_EDGE('',*,*,#1716,.F.);
#1763 = ORIENTED_EDGE('',*,*,#1764,.F.);
#1764 = EDGE_CURVE('',#1677,#1717,#1765,.T.);
#1765 = LINE('',#1766,#1767);
#1766 = CARTESIAN_POINT('',(4.58,-0.5,-3.81));
#1767 = VECTOR('',#1768,1.);
#1768 = DIRECTION('',(0.,0.,1.));
#1769 = PLANE('',#1770);
#1770 = AXIS2_PLACEMENT_3D('',#1771,#1772,#1773);
#1771 = CARTESIAN_POINT('',(4.58,-0.5,-3.81));
#1772 = DIRECTION('',(0.,-1.,0.));
#1773 = DIRECTION('',(1.,0.,0.));
#1774 = ADVANCED_FACE('',(#1775),#1786,.T.);
#1775 = FACE_BOUND('',#1776,.T.);
#1776 = EDGE_LOOP('',(#1777,#1778,#1784,#1785));
#1777 = ORIENTED_EDGE('',*,*,#1694,.T.);
#1778 = ORIENTED_EDGE('',*,*,#1779,.T.);
#1779 = EDGE_CURVE('',#1687,#1727,#1780,.T.);
#1780 = LINE('',#1781,#1782);
#1781 = CARTESIAN_POINT('',(5.58,0.5,-3.81));
#1782 = VECTOR('',#1783,1.);
#1783 = DIRECTION('',(0.,0.,1.));
#1784 = ORIENTED_EDGE('',*,*,#1726,.F.);
#1785 = ORIENTED_EDGE('',*,*,#1757,.F.);
#1786 = PLANE('',#1787);
#1787 = AXIS2_PLACEMENT_3D('',#1788,#1789,#1790);
#1788 = CARTESIAN_POINT('',(5.58,-0.5,-3.81));
#1789 = DIRECTION('',(1.,0.,0.));
#1790 = DIRECTION('',(-0.,1.,0.));
#1791 = ADVANCED_FACE('',(#1792),#1803,.T.);
#1792 = FACE_BOUND('',#1793,.T.);
#1793 = EDGE_LOOP('',(#1794,#1795,#1801,#1802));
#1794 = ORIENTED_EDGE('',*,*,#1686,.T.);
#1795 = ORIENTED_EDGE('',*,*,#1796,.T.);
#1796 = EDGE_CURVE('',#1679,#1735,#1797,.T.);
#1797 = LINE('',#1798,#1799);
#1798 = CARTESIAN_POINT('',(4.58,0.5,-3.81));
#1799 = VECTOR('',#1800,1.);
#1800 = DIRECTION('',(0.,0.,1.));
#1801 = ORIENTED_EDGE('',*,*,#1734,.F.);
#1802 = ORIENTED_EDGE('',*,*,#1779,.F.);
#1803 = PLANE('',#1804);
#1804 = AXIS2_PLACEMENT_3D('',#1805,#1806,#1807);
#1805 = CARTESIAN_POINT('',(5.58,0.5,-3.81));
#1806 = DIRECTION('',(0.,1.,0.));
#1807 = DIRECTION('',(-1.,0.,0.));
#1808 = ADVANCED_FACE('',(#1809),#1815,.T.);
#1809 = FACE_BOUND('',#1810,.T.);
#1810 = EDGE_LOOP('',(#1811,#1812,#1813,#1814));
#1811 = ORIENTED_EDGE('',*,*,#1676,.F.);
#1812 = ORIENTED_EDGE('',*,*,#1764,.T.);
#1813 = ORIENTED_EDGE('',*,*,#1742,.T.);
#1814 = ORIENTED_EDGE('',*,*,#1796,.F.);
#1815 = PLANE('',#1816);
#1816 = AXIS2_PLACEMENT_3D('',#1817,#1818,#1819);
#1817 = CARTESIAN_POINT('',(4.58,0.5,-3.81));
#1818 = DIRECTION('',(-1.,0.,0.));
#1819 = DIRECTION('',(0.,-1.,0.));
#1820 = ( GEOMETRIC_REPRESENTATION_CONTEXT(3)
GLOBAL_UNCERTAINTY_ASSIGNED_CONTEXT((#1824))
GLOBAL_UNIT_ASSIGNED_CONTEXT((#1821,#1822,#1823)) REPRESENTATION_CONTEXT
('Context #1','3D Context with UNIT and UNCERTAINTY') );
#1821 = ( LENGTH_UNIT() NAMED_UNIT(*) SI_UNIT(.MILLI.,.METRE.) );
#1822 = ( NAMED_UNIT(*) PLANE_ANGLE_UNIT() SI_UNIT($,.RADIAN.) );
#1823 = ( NAMED_UNIT(*) SI_UNIT($,.STERADIAN.) SOLID_ANGLE_UNIT() );
#1824 = UNCERTAINTY_MEASURE_WITH_UNIT(LENGTH_MEASURE(1.E-07),#1821,
  'distance_accuracy_value','confusion accuracy');
#1825 = CONTEXT_DEPENDENT_SHAPE_REPRESENTATION(#1826,#1828);
#1826 = ( REPRESENTATION_RELATIONSHIP('','',#619,#596)
REPRESENTATION_RELATIONSHIP_WITH_TRANSFORMATION(#1827)
SHAPE_REPRESENTATION_RELATIONSHIP() );
#1827 = ITEM_DEFINED_TRANSFORMATION('','',#11,#597);
#1828 = PRODUCT_DEFINITION_SHAPE('Placement','Placement of an item',
  #1829);
#1829 = NEXT_ASSEMBLY_USAGE_OCCURRENCE('7','=>[0:1:1:5]','',#591,#614,$
  );
#1830 = PRODUCT_RELATED_PRODUCT_CATEGORY('part',$,(#616));
#1831 = SHAPE_DEFINITION_REPRESENTATION(#1832,#1838);
#1832 = PRODUCT_DEFINITION_SHAPE('','',#1833);
#1833 = PRODUCT_DEFINITION('design','',#1834,#1837);
#1834 = PRODUCT_DEFINITION_FORMATION('','',#1835);
#1835 = PRODUCT('Littelfuse_FLR_1786165_ENVELOPE',
  'Littelfuse_FLR_1786165_ENVELOPE','',(#1836));
#1836 = PRODUCT_CONTEXT('',#2,'mechanical');
#1837 = PRODUCT_DEFINITION_CONTEXT('part definition',#2,'design');
#1838 = SHAPE_REPRESENTATION('',(#11,#1839),#1843);
#1839 = AXIS2_PLACEMENT_3D('',#1840,#1841,#1842);
#1840 = CARTESIAN_POINT('',(0.,0.,0.));
#1841 = DIRECTION('',(0.,0.,1.));
#1842 = DIRECTION('',(1.,0.,-0.));
#1843 = ( GEOMETRIC_REPRESENTATION_CONTEXT(3)
GLOBAL_UNCERTAINTY_ASSIGNED_CONTEXT((#1847))
GLOBAL_UNIT_ASSIGNED_CONTEXT((#1844,#1845,#1846)) REPRESENTATION_CONTEXT
('Context #1','3D Context with UNIT and UNCERTAINTY') );
#1844 = ( LENGTH_UNIT() NAMED_UNIT(*) SI_UNIT(.MILLI.,.METRE.) );
#1845 = ( NAMED_UNIT(*) PLANE_ANGLE_UNIT() SI_UNIT($,.RADIAN.) );
#1846 = ( NAMED_UNIT(*) SI_UNIT($,.STERADIAN.) SOLID_ANGLE_UNIT() );
#1847 = UNCERTAINTY_MEASURE_WITH_UNIT(LENGTH_MEASURE(1.E-07),#1844,
  'distance_accuracy_value','confusion accuracy');
#1848 = CONTEXT_DEPENDENT_SHAPE_REPRESENTATION(#1849,#1851);
#1849 = ( REPRESENTATION_RELATIONSHIP('','',#1838,#10)
REPRESENTATION_RELATIONSHIP_WITH_TRANSFORMATION(#1850)
SHAPE_REPRESENTATION_RELATIONSHIP() );
#1850 = ITEM_DEFINED_TRANSFORMATION('','',#11,#39);
#1851 = PRODUCT_DEFINITION_SHAPE('Placement','Placement of an item',
  #1852);
#1852 = NEXT_ASSEMBLY_USAGE_OCCURRENCE('10','F4','',#5,#1833,$);
#1853 = PRODUCT_RELATED_PRODUCT_CATEGORY('part',$,(#1835));
#1854 = SHAPE_DEFINITION_REPRESENTATION(#1855,#1861);
#1855 = PRODUCT_DEFINITION_SHAPE('','',#1856);
#1856 = PRODUCT_DEFINITION('design','',#1857,#1860);
#1857 = PRODUCT_DEFINITION_FORMATION('','',#1858);
#1858 = PRODUCT('Littelfuse_FLR_1786165_ENVELOPE',
  'Littelfuse_FLR_1786165_ENVELOPE','',(#1859));
#1859 = PRODUCT_CONTEXT('',#2,'mechanical');
#1860 = PRODUCT_DEFINITION_CONTEXT('part definition',#2,'design');
#1861 = ADVANCED_BREP_SHAPE_REPRESENTATION('',(#11,#1862),#2012);
#1862 = MANIFOLD_SOLID_BREP('',#1863);
#1863 = CLOSED_SHELL('',(#1864,#1904,#1944,#1966,#1983,#2000));
#1864 = ADVANCED_FACE('',(#1865),#1899,.T.);
#1865 = FACE_BOUND('',#1866,.T.);
#1866 = EDGE_LOOP('',(#1867,#1877,#1885,#1893));
#1867 = ORIENTED_EDGE('',*,*,#1868,.T.);
#1868 = EDGE_CURVE('',#1869,#1871,#1873,.T.);
#1869 = VERTEX_POINT('',#1870);
#1870 = CARTESIAN_POINT('',(-3.6,-1.75,0.));
#1871 = VERTEX_POINT('',#1872);
#1872 = CARTESIAN_POINT('',(-3.6,4.25,0.));
#1873 = LINE('',#1874,#1875);
#1874 = CARTESIAN_POINT('',(-3.6,-1.75,0.));
#1875 = VECTOR('',#1876,1.);
#1876 = DIRECTION('',(0.,1.,0.));
#1877 = ORIENTED_EDGE('',*,*,#1878,.F.);
#1878 = EDGE_CURVE('',#1879,#1871,#1881,.T.);
#1879 = VERTEX_POINT('',#1880);
#1880 = CARTESIAN_POINT('',(16.4,4.25,0.));
#1881 = LINE('',#1882,#1883);
#1882 = CARTESIAN_POINT('',(16.4,4.25,0.));
#1883 = VECTOR('',#1884,1.);
#1884 = DIRECTION('',(-1.,0.,0.));
#1885 = ORIENTED_EDGE('',*,*,#1886,.F.);
#1886 = EDGE_CURVE('',#1887,#1879,#1889,.T.);
#1887 = VERTEX_POINT('',#1888);
#1888 = CARTESIAN_POINT('',(16.4,-1.75,0.));
#1889 = LINE('',#1890,#1891);
#1890 = CARTESIAN_POINT('',(16.4,-1.75,0.));
#1891 = VECTOR('',#1892,1.);
#1892 = DIRECTION('',(0.,1.,0.));
#1893 = ORIENTED_EDGE('',*,*,#1894,.F.);
#1894 = EDGE_CURVE('',#1869,#1887,#1895,.T.);
#1895 = LINE('',#1896,#1897);
#1896 = CARTESIAN_POINT('',(-3.6,-1.75,0.));
#1897 = VECTOR('',#1898,1.);
#1898 = DIRECTION('',(1.,0.,0.));
#1899 = PLANE('',#1900);
#1900 = AXIS2_PLACEMENT_3D('',#1901,#1902,#1903);
#1901 = CARTESIAN_POINT('',(-3.6,-1.75,0.));
#1902 = DIRECTION('',(0.,0.,-1.));
#1903 = DIRECTION('',(0.,1.,0.));
#1904 = ADVANCED_FACE('',(#1905),#1939,.T.);
#1905 = FACE_BOUND('',#1906,.T.);
#1906 = EDGE_LOOP('',(#1907,#1917,#1925,#1933));
#1907 = ORIENTED_EDGE('',*,*,#1908,.T.);
#1908 = EDGE_CURVE('',#1909,#1911,#1913,.T.);
#1909 = VERTEX_POINT('',#1910);
#1910 = CARTESIAN_POINT('',(-3.6,-1.75,21.6));
#1911 = VERTEX_POINT('',#1912);
#1912 = CARTESIAN_POINT('',(16.4,-1.75,21.6));
#1913 = LINE('',#1914,#1915);
#1914 = CARTESIAN_POINT('',(-3.6,-1.75,21.6));
#1915 = VECTOR('',#1916,1.);
#1916 = DIRECTION('',(1.,0.,0.));
#1917 = ORIENTED_EDGE('',*,*,#1918,.T.);
#1918 = EDGE_CURVE('',#1911,#1919,#1921,.T.);
#1919 = VERTEX_POINT('',#1920);
#1920 = CARTESIAN_POINT('',(16.4,4.25,21.6));
#1921 = LINE('',#1922,#1923);
#1922 = CARTESIAN_POINT('',(16.4,-1.75,21.6));
#1923 = VECTOR('',#1924,1.);
#1924 = DIRECTION('',(0.,1.,0.));
#1925 = ORIENTED_EDGE('',*,*,#1926,.T.);
#1926 = EDGE_CURVE('',#1919,#1927,#1929,.T.);
#1927 = VERTEX_POINT('',#1928);
#1928 = CARTESIAN_POINT('',(-3.6,4.25,21.6));
#1929 = LINE('',#1930,#1931);
#1930 = CARTESIAN_POINT('',(16.4,4.25,21.6));
#1931 = VECTOR('',#1932,1.);
#1932 = DIRECTION('',(-1.,0.,0.));
#1933 = ORIENTED_EDGE('',*,*,#1934,.F.);
#1934 = EDGE_CURVE('',#1909,#1927,#1935,.T.);
#1935 = LINE('',#1936,#1937);
#1936 = CARTESIAN_POINT('',(-3.6,-1.75,21.6));
#1937 = VECTOR('',#1938,1.);
#1938 = DIRECTION('',(0.,1.,0.));
#1939 = PLANE('',#1940);
#1940 = AXIS2_PLACEMENT_3D('',#1941,#1942,#1943);
#1941 = CARTESIAN_POINT('',(-3.6,-1.75,21.6));
#1942 = DIRECTION('',(0.,0.,1.));
#1943 = DIRECTION('',(1.,0.,-0.));
#1944 = ADVANCED_FACE('',(#1945),#1961,.T.);
#1945 = FACE_BOUND('',#1946,.T.);
#1946 = EDGE_LOOP('',(#1947,#1948,#1954,#1955));
#1947 = ORIENTED_EDGE('',*,*,#1894,.T.);
#1948 = ORIENTED_EDGE('',*,*,#1949,.T.);
#1949 = EDGE_CURVE('',#1887,#1911,#1950,.T.);
#1950 = LINE('',#1951,#1952);
#1951 = CARTESIAN_POINT('',(16.4,-1.75,0.));
#1952 = VECTOR('',#1953,1.);
#1953 = DIRECTION('',(0.,0.,1.));
#1954 = ORIENTED_EDGE('',*,*,#1908,.F.);
#1955 = ORIENTED_EDGE('',*,*,#1956,.F.);
#1956 = EDGE_CURVE('',#1869,#1909,#1957,.T.);
#1957 = LINE('',#1958,#1959);
#1958 = CARTESIAN_POINT('',(-3.6,-1.75,0.));
#1959 = VECTOR('',#1960,1.);
#1960 = DIRECTION('',(0.,0.,1.));
#1961 = PLANE('',#1962);
#1962 = AXIS2_PLACEMENT_3D('',#1963,#1964,#1965);
#1963 = CARTESIAN_POINT('',(-3.6,-1.75,0.));
#1964 = DIRECTION('',(0.,-1.,0.));
#1965 = DIRECTION('',(1.,0.,0.));
#1966 = ADVANCED_FACE('',(#1967),#1978,.T.);
#1967 = FACE_BOUND('',#1968,.T.);
#1968 = EDGE_LOOP('',(#1969,#1970,#1976,#1977));
#1969 = ORIENTED_EDGE('',*,*,#1886,.T.);
#1970 = ORIENTED_EDGE('',*,*,#1971,.T.);
#1971 = EDGE_CURVE('',#1879,#1919,#1972,.T.);
#1972 = LINE('',#1973,#1974);
#1973 = CARTESIAN_POINT('',(16.4,4.25,0.));
#1974 = VECTOR('',#1975,1.);
#1975 = DIRECTION('',(0.,0.,1.));
#1976 = ORIENTED_EDGE('',*,*,#1918,.F.);
#1977 = ORIENTED_EDGE('',*,*,#1949,.F.);
#1978 = PLANE('',#1979);
#1979 = AXIS2_PLACEMENT_3D('',#1980,#1981,#1982);
#1980 = CARTESIAN_POINT('',(16.4,-1.75,0.));
#1981 = DIRECTION('',(1.,0.,0.));
#1982 = DIRECTION('',(-0.,1.,0.));
#1983 = ADVANCED_FACE('',(#1984),#1995,.T.);
#1984 = FACE_BOUND('',#1985,.T.);
#1985 = EDGE_LOOP('',(#1986,#1987,#1993,#1994));
#1986 = ORIENTED_EDGE('',*,*,#1878,.T.);
#1987 = ORIENTED_EDGE('',*,*,#1988,.T.);
#1988 = EDGE_CURVE('',#1871,#1927,#1989,.T.);
#1989 = LINE('',#1990,#1991);
#1990 = CARTESIAN_POINT('',(-3.6,4.25,0.));
#1991 = VECTOR('',#1992,1.);
#1992 = DIRECTION('',(0.,0.,1.));
#1993 = ORIENTED_EDGE('',*,*,#1926,.F.);
#1994 = ORIENTED_EDGE('',*,*,#1971,.F.);
#1995 = PLANE('',#1996);
#1996 = AXIS2_PLACEMENT_3D('',#1997,#1998,#1999);
#1997 = CARTESIAN_POINT('',(16.4,4.25,0.));
#1998 = DIRECTION('',(0.,1.,0.));
#1999 = DIRECTION('',(-1.,0.,0.));
#2000 = ADVANCED_FACE('',(#2001),#2007,.T.);
#2001 = FACE_BOUND('',#2002,.T.);
#2002 = EDGE_LOOP('',(#2003,#2004,#2005,#2006));
#2003 = ORIENTED_EDGE('',*,*,#1868,.F.);
#2004 = ORIENTED_EDGE('',*,*,#1956,.T.);
#2005 = ORIENTED_EDGE('',*,*,#1934,.T.);
#2006 = ORIENTED_EDGE('',*,*,#1988,.F.);
#2007 = PLANE('',#2008);
#2008 = AXIS2_PLACEMENT_3D('',#2009,#2010,#2011);
#2009 = CARTESIAN_POINT('',(-3.6,4.25,0.));
#2010 = DIRECTION('',(-1.,0.,0.));
#2011 = DIRECTION('',(0.,-1.,0.));
#2012 = ( GEOMETRIC_REPRESENTATION_CONTEXT(3)
GLOBAL_UNCERTAINTY_ASSIGNED_CONTEXT((#2016))
GLOBAL_UNIT_ASSIGNED_CONTEXT((#2013,#2014,#2015)) REPRESENTATION_CONTEXT
('Context #1','3D Context with UNIT and UNCERTAINTY') );
#2013 = ( LENGTH_UNIT() NAMED_UNIT(*) SI_UNIT(.MILLI.,.METRE.) );
#2014 = ( NAMED_UNIT(*) PLANE_ANGLE_UNIT() SI_UNIT($,.RADIAN.) );
#2015 = ( NAMED_UNIT(*) SI_UNIT($,.STERADIAN.) SOLID_ANGLE_UNIT() );
#2016 = UNCERTAINTY_MEASURE_WITH_UNIT(LENGTH_MEASURE(1.E-07),#2013,
  'distance_accuracy_value','confusion accuracy');
#2017 = CONTEXT_DEPENDENT_SHAPE_REPRESENTATION(#2018,#2020);
#2018 = ( REPRESENTATION_RELATIONSHIP('','',#1861,#1838)
REPRESENTATION_RELATIONSHIP_WITH_TRANSFORMATION(#2019)
SHAPE_REPRESENTATION_RELATIONSHIP() );
#2019 = ITEM_DEFINED_TRANSFORMATION('','',#11,#1839);
#2020 = PRODUCT_DEFINITION_SHAPE('Placement','Placement of an item',
  #2021);
#2021 = NEXT_ASSEMBLY_USAGE_OCCURRENCE('9','=>[0:1:1:7]','',#1833,#1856,
  $);
#2022 = PRODUCT_RELATED_PRODUCT_CATEGORY('part',$,(#1858));
#2023 = CONTEXT_DEPENDENT_SHAPE_REPRESENTATION(#2024,#2026);
#2024 = ( REPRESENTATION_RELATIONSHIP('','',#1838,#10)
REPRESENTATION_RELATIONSHIP_WITH_TRANSFORMATION(#2025)
SHAPE_REPRESENTATION_RELATIONSHIP() );
#2025 = ITEM_DEFINED_TRANSFORMATION('','',#11,#43);
#2026 = PRODUCT_DEFINITION_SHAPE('Placement','Placement of an item',
  #2027);
#2027 = NEXT_ASSEMBLY_USAGE_OCCURRENCE('11','F2','',#5,#1833,$);
#2028 = CONTEXT_DEPENDENT_SHAPE_REPRESENTATION(#2029,#2031);
#2029 = ( REPRESENTATION_RELATIONSHIP('','',#1838,#10)
REPRESENTATION_RELATIONSHIP_WITH_TRANSFORMATION(#2030)
SHAPE_REPRESENTATION_RELATIONSHIP() );
#2030 = ITEM_DEFINED_TRANSFORMATION('','',#11,#47);
#2031 = PRODUCT_DEFINITION_SHAPE('Placement','Placement of an item',
  #2032);
#2032 = NEXT_ASSEMBLY_USAGE_OCCURRENCE('12','F3','',#5,#1833,$);
#2033 = CONTEXT_DEPENDENT_SHAPE_REPRESENTATION(#2034,#2036);
#2034 = ( REPRESENTATION_RELATIONSHIP('','',#1838,#10)
REPRESENTATION_RELATIONSHIP_WITH_TRANSFORMATION(#2035)
SHAPE_REPRESENTATION_RELATIONSHIP() );
#2035 = ITEM_DEFINED_TRANSFORMATION('','',#11,#51);
#2036 = PRODUCT_DEFINITION_SHAPE('Placement','Placement of an item',
  #2037);
#2037 = NEXT_ASSEMBLY_USAGE_OCCURRENCE('13','F5','',#5,#1833,$);
#2038 = CONTEXT_DEPENDENT_SHAPE_REPRESENTATION(#2039,#2041);
#2039 = ( REPRESENTATION_RELATIONSHIP('','',#1838,#10)
REPRESENTATION_RELATIONSHIP_WITH_TRANSFORMATION(#2040)
SHAPE_REPRESENTATION_RELATIONSHIP() );
#2040 = ITEM_DEFINED_TRANSFORMATION('','',#11,#55);
#2041 = PRODUCT_DEFINITION_SHAPE('Placement','Placement of an item',
  #2042);
#2042 = NEXT_ASSEMBLY_USAGE_OCCURRENCE('14','F1','',#5,#1833,$);
#2043 = SHAPE_DEFINITION_REPRESENTATION(#2044,#2050);
#2044 = PRODUCT_DEFINITION_SHAPE('','',#2045);
#2045 = PRODUCT_DEFINITION('design','',#2046,#2049);
#2046 = PRODUCT_DEFINITION_FORMATION('','',#2047);
#2047 = PRODUCT('MAIN_POWER_soldermask','MAIN_POWER_soldermask','',(
    #2048));
#2048 = PRODUCT_CONTEXT('',#2,'mechanical');
#2049 = PRODUCT_DEFINITION_CONTEXT('part definition',#2,'design');
#2050 = MANIFOLD_SURFACE_SHAPE_REPRESENTATION('',(#11,#2051),#3321);
#2051 = SHELL_BASED_SURFACE_MODEL('',(#2052));
#2052 = OPEN_SHELL('',(#2053));
#2053 = ADVANCED_FACE('',(#2054,#2601,#2612,#2623,#2634,#2645,#2656,
    #2667,#2678,#2689,#2700,#2711,#2722,#2733,#2744,#2755,#2766,#2777,
    #2788,#2799,#2810,#2821,#2832,#2843,#2854,#2865,#2876,#2887,#2898,
    #2909,#2920,#2931,#2942,#2953,#2964,#2975,#2986,#2997,#3008,#3019,
    #3030,#3041,#3052,#3063,#3074,#3085,#3096,#3107,#3118,#3129,#3140,
    #3151,#3162,#3173,#3184,#3195,#3206,#3217,#3228,#3239,#3250,#3261,
    #3272,#3283,#3294,#3305),#3316,.T.);
#2054 = FACE_BOUND('',#2055,.F.);
#2055 = EDGE_LOOP('',(#2056,#2067,#2075,#2083,#2091,#2100,#2108,#2116,
    #2125,#2133,#2141,#2149,#2158,#2166,#2174,#2182,#2191,#2199,#2207,
    #2216,#2224,#2232,#2240,#2249,#2257,#2265,#2273,#2282,#2290,#2298,
    #2306,#2315,#2323,#2331,#2339,#2348,#2356,#2364,#2372,#2381,#2389,
    #2397,#2405,#2414,#2422,#2430,#2438,#2447,#2455,#2463,#2471,#2480,
    #2488,#2496,#2504,#2513,#2521,#2529,#2537,#2546,#2554,#2562,#2570,
    #2579,#2587,#2595));
#2056 = ORIENTED_EDGE('',*,*,#2057,.T.);
#2057 = EDGE_CURVE('',#2058,#2060,#2062,.T.);
#2058 = VERTEX_POINT('',#2059);
#2059 = CARTESIAN_POINT('',(87.155765,-55.893325,1.125));
#2060 = VERTEX_POINT('',#2061);
#2061 = CARTESIAN_POINT('',(88.988007,-55.134349,1.125));
#2062 = CIRCLE('',#2063,3.002579003012);
#2063 = AXIS2_PLACEMENT_3D('',#2064,#2065,#2066);
#2064 = CARTESIAN_POINT('',(89.156498314699,-58.13219678569,1.125));
#2065 = DIRECTION('',(0.,0.,-1.));
#2066 = DIRECTION('',(-0.666338275426,0.745649584391,0.));
#2067 = ORIENTED_EDGE('',*,*,#2068,.T.);
#2068 = EDGE_CURVE('',#2060,#2069,#2071,.T.);
#2069 = VERTEX_POINT('',#2070);
#2070 = CARTESIAN_POINT('',(89.156349,-55.131981,1.125));
#2071 = LINE('',#2072,#2073);
#2072 = CARTESIAN_POINT('',(88.988007,-55.134349,1.125));
#2073 = VECTOR('',#2074,1.);
#2074 = DIRECTION('',(0.999901080027,1.406521104359E-02,0.));
#2075 = ORIENTED_EDGE('',*,*,#2076,.T.);
#2076 = EDGE_CURVE('',#2069,#2077,#2079,.T.);
#2077 = VERTEX_POINT('',#2078);
#2078 = CARTESIAN_POINT('',(123.6,-55.131981,1.125));
#2079 = LINE('',#2080,#2081);
#2080 = CARTESIAN_POINT('',(89.156349,-55.131981,1.125));
#2081 = VECTOR('',#2082,1.);
#2082 = DIRECTION('',(1.,0.,0.));
#2083 = ORIENTED_EDGE('',*,*,#2084,.T.);
#2084 = EDGE_CURVE('',#2077,#2085,#2087,.T.);
#2085 = VERTEX_POINT('',#2086);
#2086 = CARTESIAN_POINT('',(123.802711,-55.134545,1.125));
#2087 = LINE('',#2088,#2089);
#2088 = CARTESIAN_POINT('',(123.6,-55.131981,1.125));
#2089 = VECTOR('',#2090,1.);
#2090 = DIRECTION('',(0.999920016702,-1.264753724674E-02,0.));
#2091 = ORIENTED_EDGE('',*,*,#2092,.T.);
#2092 = EDGE_CURVE('',#2085,#2093,#2095,.T.);
#2093 = VERTEX_POINT('',#2094);
#2094 = CARTESIAN_POINT('',(126.050603,-62.296648,1.125));
#2095 = CIRCLE('',#2096,4.002571290438);
#2096 = AXIS2_PLACEMENT_3D('',#2097,#2098,#2099);
#2097 = CARTESIAN_POINT('',(123.60000053275,-59.13197985269,1.125));
#2098 = DIRECTION('',(0.,0.,-1.));
#2099 = DIRECTION('',(5.06450610202E-02,0.998716715488,0.));
#2100 = ORIENTED_EDGE('',*,*,#2101,.T.);
#2101 = EDGE_CURVE('',#2093,#2102,#2104,.T.);
#2102 = VERTEX_POINT('',#2103);
#2103 = CARTESIAN_POINT('',(125.885714,-62.414589,1.125));
#2104 = LINE('',#2105,#2106);
#2105 = CARTESIAN_POINT('',(126.050603,-62.296648,1.125));
#2106 = VECTOR('',#2107,1.);
#2107 = DIRECTION('',(-0.813352676734,-0.581770937095,0.));
#2108 = ORIENTED_EDGE('',*,*,#2109,.T.);
#2109 = EDGE_CURVE('',#2102,#2110,#2112,.T.);
#2110 = VERTEX_POINT('',#2111);
#2111 = CARTESIAN_POINT('',(125.73912,-62.519993,1.125));
#2112 = LINE('',#2113,#2114);
#2113 = CARTESIAN_POINT('',(125.885714,-62.414589,1.125));
#2114 = VECTOR('',#2115,1.);
#2115 = DIRECTION('',(-0.811911514207,-0.583780517916,0.));
#2116 = ORIENTED_EDGE('',*,*,#2117,.T.);
#2117 = EDGE_CURVE('',#2110,#2118,#2120,.T.);
#2118 = VERTEX_POINT('',#2119);
#2119 = CARTESIAN_POINT('',(124.602688,-64.69601,1.125));
#2120 = CIRCLE('',#2121,3.002545673052);
#2121 = AXIS2_PLACEMENT_3D('',#2122,#2123,#2124);
#2122 = CARTESIAN_POINT('',(127.59980378456,-64.87650236188,1.125));
#2123 = DIRECTION('',(0.,0.,1.));
#2124 = DIRECTION('',(-0.619702075229,0.78483714104,0.));
#2125 = ORIENTED_EDGE('',*,*,#2126,.T.);
#2126 = EDGE_CURVE('',#2118,#2127,#2129,.T.);
#2127 = VERTEX_POINT('',#2128);
#2128 = CARTESIAN_POINT('',(124.6,-64.876544,1.125));
#2129 = LINE('',#2130,#2131);
#2130 = CARTESIAN_POINT('',(124.602688,-64.69601,1.125));
#2131 = VECTOR('',#2132,1.);
#2132 = DIRECTION('',(-1.488751205871E-02,-0.999889174851,0.));
#2133 = ORIENTED_EDGE('',*,*,#2134,.T.);
#2134 = EDGE_CURVE('',#2127,#2135,#2137,.T.);
#2135 = VERTEX_POINT('',#2136);
#2136 = CARTESIAN_POINT('',(124.6,-69.131981,1.125));
#2137 = LINE('',#2138,#2139);
#2138 = CARTESIAN_POINT('',(124.6,-64.876544,1.125));
#2139 = VECTOR('',#2140,1.);
#2140 = DIRECTION('',(0.,-1.,0.));
#2141 = ORIENTED_EDGE('',*,*,#2142,.T.);
#2142 = EDGE_CURVE('',#2135,#2143,#2145,.T.);
#2143 = VERTEX_POINT('',#2144);
#2144 = CARTESIAN_POINT('',(124.602486,-69.518264,1.125));
#2145 = LINE('',#2146,#2147);
#2146 = CARTESIAN_POINT('',(124.6,-69.131981,1.125));
#2147 = VECTOR('',#2148,1.);
#2148 = DIRECTION('',(6.435562835539E-03,-0.999979291551,0.));
#2149 = ORIENTED_EDGE('',*,*,#2150,.T.);
#2150 = EDGE_CURVE('',#2143,#2151,#2153,.T.);
#2151 = VERTEX_POINT('',#2152);
#2152 = CARTESIAN_POINT('',(154.597514,-69.518264,1.125));
#2153 = CIRCLE('',#2154,15.002487813431);
#2154 = AXIS2_PLACEMENT_3D('',#2155,#2156,#2157);
#2155 = CARTESIAN_POINT('',(139.6,-69.13198118656,1.125));
#2156 = DIRECTION('',(0.,0.,1.));
#2157 = DIRECTION('',(-0.999668467424,-2.574791716113E-02,0.));
#2158 = ORIENTED_EDGE('',*,*,#2159,.T.);
#2159 = EDGE_CURVE('',#2151,#2160,#2162,.T.);
#2160 = VERTEX_POINT('',#2161);
#2161 = CARTESIAN_POINT('',(154.6,-69.131981,1.125));
#2162 = LINE('',#2163,#2164);
#2163 = CARTESIAN_POINT('',(154.597514,-69.518264,1.125));
#2164 = VECTOR('',#2165,1.);
#2165 = DIRECTION('',(6.435562835539E-03,0.999979291551,0.));
#2166 = ORIENTED_EDGE('',*,*,#2167,.T.);
#2167 = EDGE_CURVE('',#2160,#2168,#2170,.T.);
#2168 = VERTEX_POINT('',#2169);
#2169 = CARTESIAN_POINT('',(154.6,-64.876544,1.125));
#2170 = LINE('',#2171,#2172);
#2171 = CARTESIAN_POINT('',(154.6,-69.131981,1.125));
#2172 = VECTOR('',#2173,1.);
#2173 = DIRECTION('',(0.,1.,0.));
#2174 = ORIENTED_EDGE('',*,*,#2175,.T.);
#2175 = EDGE_CURVE('',#2168,#2176,#2178,.T.);
#2176 = VERTEX_POINT('',#2177);
#2177 = CARTESIAN_POINT('',(154.597311,-64.69601,1.125));
#2178 = LINE('',#2179,#2180);
#2179 = CARTESIAN_POINT('',(154.6,-64.876544,1.125));
#2180 = VECTOR('',#2181,1.);
#2181 = DIRECTION('',(-1.489304933941E-02,0.99988909239,0.));
#2182 = ORIENTED_EDGE('',*,*,#2183,.T.);
#2183 = EDGE_CURVE('',#2176,#2184,#2186,.T.);
#2184 = VERTEX_POINT('',#2185);
#2185 = CARTESIAN_POINT('',(153.460903,-62.51996,1.125));
#2186 = CIRCLE('',#2187,3.002850136439);
#2187 = AXIS2_PLACEMENT_3D('',#2188,#2189,#2190);
#2188 = CARTESIAN_POINT('',(151.59989621704,-64.87660225026,1.125));
#2189 = DIRECTION('',(0.,0.,1.));
#2190 = DIRECTION('',(0.998189935148,6.014028075216E-02,-0.));
#2191 = ORIENTED_EDGE('',*,*,#2192,.T.);
#2192 = EDGE_CURVE('',#2184,#2193,#2195,.T.);
#2193 = VERTEX_POINT('',#2194);
#2194 = CARTESIAN_POINT('',(153.314286,-62.414588,1.125));
#2195 = LINE('',#2196,#2197);
#2196 = CARTESIAN_POINT('',(153.460903,-62.51996,1.125));
#2197 = VECTOR('',#2198,1.);
#2198 = DIRECTION('',(-0.812038912001,0.583603294539,0.));
#2199 = ORIENTED_EDGE('',*,*,#2200,.T.);
#2200 = EDGE_CURVE('',#2193,#2201,#2203,.T.);
#2201 = VERTEX_POINT('',#2202);
#2202 = CARTESIAN_POINT('',(153.149377,-62.296675,1.125));
#2203 = LINE('',#2204,#2205);
#2204 = CARTESIAN_POINT('',(153.314286,-62.414588,1.125));
#2205 = VECTOR('',#2206,1.);
#2206 = DIRECTION('',(-0.813451410001,0.581632876965,0.));
#2207 = ORIENTED_EDGE('',*,*,#2208,.T.);
#2208 = EDGE_CURVE('',#2201,#2209,#2211,.T.);
#2209 = VERTEX_POINT('',#2210);
#2210 = CARTESIAN_POINT('',(155.397288,-55.134547,1.125));
#2211 = CIRCLE('',#2212,4.002589352718);
#2212 = AXIS2_PLACEMENT_3D('',#2213,#2214,#2215);
#2213 = CARTESIAN_POINT('',(155.59999994245,-59.13199986337,1.125));
#2214 = DIRECTION('',(0.,0.,-1.));
#2215 = DIRECTION('',(-0.612259396731,-0.790656961719,-0.));
#2216 = ORIENTED_EDGE('',*,*,#2217,.T.);
#2217 = EDGE_CURVE('',#2209,#2218,#2220,.T.);
#2218 = VERTEX_POINT('',#2219);
#2219 = CARTESIAN_POINT('',(155.6,-55.131981,1.125));
#2220 = LINE('',#2221,#2222);
#2221 = CARTESIAN_POINT('',(155.397288,-55.134547,1.125));
#2222 = VECTOR('',#2223,1.);
#2223 = DIRECTION('',(0.99991989268,1.265733871015E-02,0.));
#2224 = ORIENTED_EDGE('',*,*,#2225,.T.);
#2225 = EDGE_CURVE('',#2218,#2226,#2228,.T.);
#2226 = VERTEX_POINT('',#2227);
#2227 = CARTESIAN_POINT('',(190.043651,-55.131981,1.125));
#2228 = LINE('',#2229,#2230);
#2229 = CARTESIAN_POINT('',(155.6,-55.131981,1.125));
#2230 = VECTOR('',#2231,1.);
#2231 = DIRECTION('',(1.,0.,0.));
#2232 = ORIENTED_EDGE('',*,*,#2233,.T.);
#2233 = EDGE_CURVE('',#2226,#2234,#2236,.T.);
#2234 = VERTEX_POINT('',#2235);
#2235 = CARTESIAN_POINT('',(190.212,-55.13427,1.125));
#2236 = LINE('',#2237,#2238);
#2237 = CARTESIAN_POINT('',(190.043651,-55.131981,1.125));
#2238 = VECTOR('',#2239,1.);
#2239 = DIRECTION('',(0.99990757695,-1.359549770795E-02,0.));
#2240 = ORIENTED_EDGE('',*,*,#2241,.T.);
#2241 = EDGE_CURVE('',#2234,#2242,#2244,.T.);
#2242 = VERTEX_POINT('',#2243);
#2243 = CARTESIAN_POINT('',(192.044326,-55.893224,1.125));
#2244 = CIRCLE('',#2245,3.002152382178);
#2245 = AXIS2_PLACEMENT_3D('',#2246,#2247,#2248);
#2246 = CARTESIAN_POINT('',(190.04379755525,-58.13170671549,1.125));
#2247 = DIRECTION('',(0.,0.,-1.));
#2248 = DIRECTION('',(5.602728420674E-02,0.998429238066,0.));
#2249 = ORIENTED_EDGE('',*,*,#2250,.T.);
#2250 = EDGE_CURVE('',#2242,#2251,#2253,.T.);
#2251 = VERTEX_POINT('',#2252);
#2252 = CARTESIAN_POINT('',(192.164971,-56.010661,1.125));
#2253 = LINE('',#2254,#2255);
#2254 = CARTESIAN_POINT('',(192.044326,-55.893224,1.125));
#2255 = VECTOR('',#2256,1.);
#2256 = DIRECTION('',(0.716569538315,-0.697515660583,0.));
#2257 = ORIENTED_EDGE('',*,*,#2258,.T.);
#2258 = EDGE_CURVE('',#2251,#2259,#2261,.T.);
#2259 = VERTEX_POINT('',#2260);
#2260 = CARTESIAN_POINT('',(199.62132,-63.46701,1.125));
#2261 = LINE('',#2262,#2263);
#2262 = CARTESIAN_POINT('',(192.164971,-56.010661,1.125));
#2263 = VECTOR('',#2264,1.);
#2264 = DIRECTION('',(0.707106781187,-0.707106781187,0.));
#2265 = ORIENTED_EDGE('',*,*,#2266,.T.);
#2266 = EDGE_CURVE('',#2259,#2267,#2269,.T.);
#2267 = VERTEX_POINT('',#2268);
#2268 = CARTESIAN_POINT('',(199.738673,-63.58773,1.125));
#2269 = LINE('',#2270,#2271);
#2270 = CARTESIAN_POINT('',(199.62132,-63.46701,1.125));
#2271 = VECTOR('',#2272,1.);
#2272 = DIRECTION('',(0.697036661362,-0.717035489162,0.));
#2273 = ORIENTED_EDGE('',*,*,#2274,.T.);
#2274 = EDGE_CURVE('',#2267,#2275,#2277,.T.);
#2275 = VERTEX_POINT('',#2276);
#2276 = CARTESIAN_POINT('',(200.497637,-65.419987,1.125));
#2277 = CIRCLE('',#2278,3.002465844781);
#2278 = AXIS2_PLACEMENT_3D('',#2279,#2280,#2281);
#2279 = CARTESIAN_POINT('',(197.49989826833,-65.58840209955,1.125));
#2280 = DIRECTION('',(0.,0.,-1.));
#2281 = DIRECTION('',(0.74564536198,0.666343000382,0.));
#2282 = ORIENTED_EDGE('',*,*,#2283,.T.);
#2283 = EDGE_CURVE('',#2275,#2284,#2286,.T.);
#2284 = VERTEX_POINT('',#2285);
#2285 = CARTESIAN_POINT('',(200.5,-65.58833,1.125));
#2286 = LINE('',#2287,#2288);
#2287 = CARTESIAN_POINT('',(200.497637,-65.419987,1.125));
#2288 = VECTOR('',#2289,1.);
#2289 = DIRECTION('',(1.403543503914E-02,-0.99990149843,0.));
#2290 = ORIENTED_EDGE('',*,*,#2291,.T.);
#2291 = EDGE_CURVE('',#2284,#2292,#2294,.T.);
#2292 = VERTEX_POINT('',#2293);
#2293 = CARTESIAN_POINT('',(200.5,-87.631981,1.125));
#2294 = LINE('',#2295,#2296);
#2295 = CARTESIAN_POINT('',(200.5,-65.58833,1.125));
#2296 = VECTOR('',#2297,1.);
#2297 = DIRECTION('',(0.,-1.,0.));
#2298 = ORIENTED_EDGE('',*,*,#2299,.T.);
#2299 = EDGE_CURVE('',#2292,#2300,#2302,.T.);
#2300 = VERTEX_POINT('',#2301);
#2301 = CARTESIAN_POINT('',(200.497709,-87.800329,1.125));
#2302 = LINE('',#2303,#2304);
#2303 = CARTESIAN_POINT('',(200.5,-87.631981,1.125));
#2304 = VECTOR('',#2305,1.);
#2305 = DIRECTION('',(-1.360745530782E-02,-0.999907414294,0.));
#2306 = ORIENTED_EDGE('',*,*,#2307,.T.);
#2307 = EDGE_CURVE('',#2300,#2308,#2310,.T.);
#2308 = VERTEX_POINT('',#2309);
#2309 = CARTESIAN_POINT('',(197.668348,-90.629708,1.125));
#2310 = CIRCLE('',#2311,3.002432350954);
#2311 = AXIS2_PLACEMENT_3D('',#2312,#2313,#2314);
#2312 = CARTESIAN_POINT('',(197.49999902954,-87.63199910049,1.125));
#2313 = DIRECTION('',(0.,0.,-1.));
#2314 = DIRECTION('',(0.998427148411,-5.606451031504E-02,0.));
#2315 = ORIENTED_EDGE('',*,*,#2316,.T.);
#2316 = EDGE_CURVE('',#2308,#2317,#2319,.T.);
#2317 = VERTEX_POINT('',#2318);
#2318 = CARTESIAN_POINT('',(197.5,-90.631981,1.125));
#2319 = LINE('',#2320,#2321);
#2320 = CARTESIAN_POINT('',(197.668348,-90.629708,1.125));
#2321 = VECTOR('',#2322,1.);
#2322 = DIRECTION('',(-0.999908863241,-1.350056339338E-02,0.));
#2323 = ORIENTED_EDGE('',*,*,#2324,.T.);
#2324 = EDGE_CURVE('',#2317,#2325,#2327,.T.);
#2325 = VERTEX_POINT('',#2326);
#2326 = CARTESIAN_POINT('',(170.842641,-90.631981,1.125));
#2327 = LINE('',#2328,#2329);
#2328 = CARTESIAN_POINT('',(197.5,-90.631981,1.125));
#2329 = VECTOR('',#2330,1.);
#2330 = DIRECTION('',(-1.,0.,0.));
#2331 = ORIENTED_EDGE('',*,*,#2332,.T.);
#2332 = EDGE_CURVE('',#2325,#2333,#2335,.T.);
#2333 = VERTEX_POINT('',#2334);
#2334 = CARTESIAN_POINT('',(170.674298,-90.634366,1.125));
#2335 = LINE('',#2336,#2337);
#2336 = CARTESIAN_POINT('',(170.842641,-90.631981,1.125));
#2337 = VECTOR('',#2338,1.);
#2338 = DIRECTION('',(-0.999899656031,-1.416608162881E-02,0.));
#2339 = ORIENTED_EDGE('',*,*,#2340,.T.);
#2340 = EDGE_CURVE('',#2333,#2341,#2343,.T.);
#2341 = VERTEX_POINT('',#2342);
#2342 = CARTESIAN_POINT('',(168.842029,-91.393298,1.125));
#2343 = CIRCLE('',#2344,3.002563224098);
#2344 = AXIS2_PLACEMENT_3D('',#2345,#2346,#2347);
#2345 = CARTESIAN_POINT('',(170.84270156369,-93.63220291258,1.125));
#2346 = DIRECTION('',(0.,0.,1.));
#2347 = DIRECTION('',(-5.608660038962E-02,0.998425907745,0.));
#2348 = ORIENTED_EDGE('',*,*,#2349,.T.);
#2349 = EDGE_CURVE('',#2341,#2350,#2352,.T.);
#2350 = VERTEX_POINT('',#2351);
#2351 = CARTESIAN_POINT('',(168.72132,-91.510661,1.125));
#2352 = LINE('',#2353,#2354);
#2353 = CARTESIAN_POINT('',(168.842029,-91.393298,1.125));
#2354 = VECTOR('',#2355,1.);
#2355 = DIRECTION('',(-0.716974055361,-0.697099852201,0.));
#2356 = ORIENTED_EDGE('',*,*,#2357,.T.);
#2357 = EDGE_CURVE('',#2350,#2358,#2360,.T.);
#2358 = VERTEX_POINT('',#2359);
#2359 = CARTESIAN_POINT('',(160.47868,-99.753302,1.125));
#2360 = LINE('',#2361,#2362);
#2361 = CARTESIAN_POINT('',(168.72132,-91.510661,1.125));
#2362 = VECTOR('',#2363,1.);
#2363 = DIRECTION('',(-0.707106738293,-0.70710682408,0.));
#2364 = ORIENTED_EDGE('',*,*,#2365,.T.);
#2365 = EDGE_CURVE('',#2358,#2366,#2368,.T.);
#2366 = VERTEX_POINT('',#2367);
#2367 = CARTESIAN_POINT('',(160.361254,-99.873957,1.125));
#2368 = LINE('',#2369,#2370);
#2369 = CARTESIAN_POINT('',(160.47868,-99.753302,1.125));
#2370 = VECTOR('',#2371,1.);
#2371 = DIRECTION('',(-0.697452423656,-0.716631088313,0.));
#2372 = ORIENTED_EDGE('',*,*,#2373,.T.);
#2373 = EDGE_CURVE('',#2366,#2374,#2376,.T.);
#2374 = VERTEX_POINT('',#2375);
#2375 = CARTESIAN_POINT('',(159.602272,-101.706273,1.125));
#2376 = CIRCLE('',#2377,3.002346946082);
#2377 = AXIS2_PLACEMENT_3D('',#2378,#2379,#2380);
#2378 = CARTESIAN_POINT('',(162.59989668209,-101.8745984287,1.125));
#2379 = DIRECTION('',(0.,0.,1.));
#2380 = DIRECTION('',(-0.74563090885,0.666359173245,0.));
#2381 = ORIENTED_EDGE('',*,*,#2382,.T.);
#2382 = EDGE_CURVE('',#2374,#2383,#2385,.T.);
#2383 = VERTEX_POINT('',#2384);
#2384 = CARTESIAN_POINT('',(159.6,-101.874622,1.125));
#2385 = LINE('',#2386,#2387);
#2386 = CARTESIAN_POINT('',(159.602272,-101.706273,1.125));
#2387 = VECTOR('',#2388,1.);
#2388 = DIRECTION('',(-1.349454479607E-02,-0.999908944485,0.));
#2389 = ORIENTED_EDGE('',*,*,#2390,.T.);
#2390 = EDGE_CURVE('',#2383,#2391,#2393,.T.);
#2391 = VERTEX_POINT('',#2392);
#2392 = CARTESIAN_POINT('',(159.6,-112.631981,1.125));
#2393 = LINE('',#2394,#2395);
#2394 = CARTESIAN_POINT('',(159.6,-101.874622,1.125));
#2395 = VECTOR('',#2396,1.);
#2396 = DIRECTION('',(0.,-1.,0.));
#2397 = ORIENTED_EDGE('',*,*,#2398,.T.);
#2398 = EDGE_CURVE('',#2391,#2399,#2401,.T.);
#2399 = VERTEX_POINT('',#2400);
#2400 = CARTESIAN_POINT('',(159.597709,-112.800329,1.125));
#2401 = LINE('',#2402,#2403);
#2402 = CARTESIAN_POINT('',(159.6,-112.631981,1.125));
#2403 = VECTOR('',#2404,1.);
#2404 = DIRECTION('',(-1.360745530765E-02,-0.999907414294,0.));
#2405 = ORIENTED_EDGE('',*,*,#2406,.T.);
#2406 = EDGE_CURVE('',#2399,#2407,#2409,.T.);
#2407 = VERTEX_POINT('',#2408);
#2408 = CARTESIAN_POINT('',(156.768348,-115.629708,1.125));
#2409 = CIRCLE('',#2410,3.002432350955);
#2410 = AXIS2_PLACEMENT_3D('',#2411,#2412,#2413);
#2411 = CARTESIAN_POINT('',(156.59999902954,-112.6319991004,1.125));
#2412 = DIRECTION('',(0.,0.,-1.));
#2413 = DIRECTION('',(0.998427148411,-5.606451031506E-02,0.));
#2414 = ORIENTED_EDGE('',*,*,#2415,.T.);
#2415 = EDGE_CURVE('',#2407,#2416,#2418,.T.);
#2416 = VERTEX_POINT('',#2417);
#2417 = CARTESIAN_POINT('',(156.6,-115.631981,1.125));
#2418 = LINE('',#2419,#2420);
#2419 = CARTESIAN_POINT('',(156.768348,-115.629708,1.125));
#2420 = VECTOR('',#2421,1.);
#2421 = DIRECTION('',(-0.999908863241,-1.350056339338E-02,0.));
#2422 = ORIENTED_EDGE('',*,*,#2423,.T.);
#2423 = EDGE_CURVE('',#2416,#2424,#2426,.T.);
#2424 = VERTEX_POINT('',#2425);
#2425 = CARTESIAN_POINT('',(122.6,-115.631981,1.125));
#2426 = LINE('',#2427,#2428);
#2427 = CARTESIAN_POINT('',(156.6,-115.631981,1.125));
#2428 = VECTOR('',#2429,1.);
#2429 = DIRECTION('',(-1.,0.,0.));
#2430 = ORIENTED_EDGE('',*,*,#2431,.T.);
#2431 = EDGE_CURVE('',#2424,#2432,#2434,.T.);
#2432 = VERTEX_POINT('',#2433);
#2433 = CARTESIAN_POINT('',(122.431651,-115.629727,1.125));
#2434 = LINE('',#2435,#2436);
#2435 = CARTESIAN_POINT('',(122.6,-115.631981,1.125));
#2436 = VECTOR('',#2437,1.);
#2437 = DIRECTION('',(-0.999910381357,1.338765302778E-02,0.));
#2438 = ORIENTED_EDGE('',*,*,#2439,.T.);
#2439 = EDGE_CURVE('',#2432,#2440,#2442,.T.);
#2440 = VERTEX_POINT('',#2441);
#2441 = CARTESIAN_POINT('',(119.602272,-112.80033,1.125));
#2442 = CIRCLE('',#2443,3.002450047326);
#2443 = AXIS2_PLACEMENT_3D('',#2444,#2445,#2446);
#2444 = CARTESIAN_POINT('',(122.59999970936,-112.6320003615,1.125));
#2445 = DIRECTION('',(0.,0.,-1.));
#2446 = DIRECTION('',(-5.607044470847E-02,-0.99842681516,-0.));
#2447 = ORIENTED_EDGE('',*,*,#2448,.T.);
#2448 = EDGE_CURVE('',#2440,#2449,#2451,.T.);
#2449 = VERTEX_POINT('',#2450);
#2450 = CARTESIAN_POINT('',(119.6,-112.631981,1.125));
#2451 = LINE('',#2452,#2453);
#2452 = CARTESIAN_POINT('',(119.602272,-112.80033,1.125));
#2453 = VECTOR('',#2454,1.);
#2454 = DIRECTION('',(-1.349454479607E-02,0.999908944485,0.));
#2455 = ORIENTED_EDGE('',*,*,#2456,.T.);
#2456 = EDGE_CURVE('',#2449,#2457,#2459,.T.);
#2457 = VERTEX_POINT('',#2458);
#2458 = CARTESIAN_POINT('',(119.6,-101.874622,1.125));
#2459 = LINE('',#2460,#2461);
#2460 = CARTESIAN_POINT('',(119.6,-112.631981,1.125));
#2461 = VECTOR('',#2462,1.);
#2462 = DIRECTION('',(0.,1.,0.));
#2463 = ORIENTED_EDGE('',*,*,#2464,.T.);
#2464 = EDGE_CURVE('',#2457,#2465,#2467,.T.);
#2465 = VERTEX_POINT('',#2466);
#2466 = CARTESIAN_POINT('',(119.597662,-101.706278,1.125));
#2467 = LINE('',#2468,#2469);
#2468 = CARTESIAN_POINT('',(119.6,-101.874622,1.125));
#2469 = VECTOR('',#2470,1.);
#2470 = DIRECTION('',(-1.388688965747E-02,0.999903572499,0.));
#2471 = ORIENTED_EDGE('',*,*,#2472,.T.);
#2472 = EDGE_CURVE('',#2465,#2473,#2475,.T.);
#2473 = VERTEX_POINT('',#2474);
#2474 = CARTESIAN_POINT('',(118.838688,-99.874007,1.125));
#2475 = CIRCLE('',#2476,3.002484089624);
#2476 = AXIS2_PLACEMENT_3D('',#2477,#2478,#2479);
#2477 = CARTESIAN_POINT('',(116.59990524185,-101.8746974983,1.125));
#2478 = DIRECTION('',(0.,0.,1.));
#2479 = DIRECTION('',(0.998425526552,5.609338579101E-02,-0.));
#2480 = ORIENTED_EDGE('',*,*,#2481,.T.);
#2481 = EDGE_CURVE('',#2473,#2482,#2484,.T.);
#2482 = VERTEX_POINT('',#2483);
#2483 = CARTESIAN_POINT('',(118.72132,-99.753301,1.125));
#2484 = LINE('',#2485,#2486);
#2485 = CARTESIAN_POINT('',(118.838688,-99.874007,1.125));
#2486 = VECTOR('',#2487,1.);
#2487 = DIRECTION('',(-0.697124024171,0.716950552635,0.));
#2488 = ORIENTED_EDGE('',*,*,#2489,.T.);
#2489 = EDGE_CURVE('',#2482,#2490,#2492,.T.);
#2490 = VERTEX_POINT('',#2491);
#2491 = CARTESIAN_POINT('',(110.478679,-91.510661,1.125));
#2492 = LINE('',#2493,#2494);
#2493 = CARTESIAN_POINT('',(118.72132,-99.753301,1.125));
#2494 = VECTOR('',#2495,1.);
#2495 = DIRECTION('',(-0.70710682408,0.707106738293,0.));
#2496 = ORIENTED_EDGE('',*,*,#2497,.T.);
#2497 = EDGE_CURVE('',#2490,#2498,#2500,.T.);
#2498 = VERTEX_POINT('',#2499);
#2499 = CARTESIAN_POINT('',(110.358018,-91.393241,1.125));
#2500 = LINE('',#2501,#2502);
#2501 = CARTESIAN_POINT('',(110.478679,-91.510661,1.125));
#2502 = VECTOR('',#2503,1.);
#2503 = DIRECTION('',(-0.716666234618,0.697416309071,0.));
#2504 = ORIENTED_EDGE('',*,*,#2505,.T.);
#2505 = EDGE_CURVE('',#2498,#2506,#2508,.T.);
#2506 = VERTEX_POINT('',#2507);
#2507 = CARTESIAN_POINT('',(108.525708,-90.634252,1.125));
#2508 = CIRCLE('',#2509,3.002271261232);
#2509 = AXIS2_PLACEMENT_3D('',#2510,#2511,#2512);
#2510 = CARTESIAN_POINT('',(108.35739849724,-93.63180177228,1.125));
#2511 = DIRECTION('',(0.,0.,1.));
#2512 = DIRECTION('',(0.666368668479,0.745622422993,-0.));
#2513 = ORIENTED_EDGE('',*,*,#2514,.T.);
#2514 = EDGE_CURVE('',#2506,#2515,#2517,.T.);
#2515 = VERTEX_POINT('',#2516);
#2516 = CARTESIAN_POINT('',(108.357359,-90.631981,1.125));
#2517 = LINE('',#2518,#2519);
#2518 = CARTESIAN_POINT('',(108.525708,-90.634252,1.125));
#2519 = VECTOR('',#2520,1.);
#2520 = DIRECTION('',(-0.999909024611,1.348860637663E-02,0.));
#2521 = ORIENTED_EDGE('',*,*,#2522,.T.);
#2522 = EDGE_CURVE('',#2515,#2523,#2525,.T.);
#2523 = VERTEX_POINT('',#2524);
#2524 = CARTESIAN_POINT('',(81.7,-90.631981,1.125));
#2525 = LINE('',#2526,#2527);
#2526 = CARTESIAN_POINT('',(108.357359,-90.631981,1.125));
#2527 = VECTOR('',#2528,1.);
#2528 = DIRECTION('',(-1.,0.,0.));
#2529 = ORIENTED_EDGE('',*,*,#2530,.T.);
#2530 = EDGE_CURVE('',#2523,#2531,#2533,.T.);
#2531 = VERTEX_POINT('',#2532);
#2532 = CARTESIAN_POINT('',(81.531651,-90.629727,1.125));
#2533 = LINE('',#2534,#2535);
#2534 = CARTESIAN_POINT('',(81.7,-90.631981,1.125));
#2535 = VECTOR('',#2536,1.);
#2536 = DIRECTION('',(-0.999910381357,1.338765302778E-02,0.));
#2537 = ORIENTED_EDGE('',*,*,#2538,.T.);
#2538 = EDGE_CURVE('',#2531,#2539,#2541,.T.);
#2539 = VERTEX_POINT('',#2540);
#2540 = CARTESIAN_POINT('',(78.702272,-87.80033,1.125));
#2541 = CIRCLE('',#2542,3.002450047326);
#2542 = AXIS2_PLACEMENT_3D('',#2543,#2544,#2545);
#2543 = CARTESIAN_POINT('',(81.699999709369,-87.63200036157,1.125));
#2544 = DIRECTION('',(0.,0.,-1.));
#2545 = DIRECTION('',(-5.607044470847E-02,-0.99842681516,-0.));
#2546 = ORIENTED_EDGE('',*,*,#2547,.T.);
#2547 = EDGE_CURVE('',#2539,#2548,#2550,.T.);
#2548 = VERTEX_POINT('',#2549);
#2549 = CARTESIAN_POINT('',(78.7,-87.631981,1.125));
#2550 = LINE('',#2551,#2552);
#2551 = CARTESIAN_POINT('',(78.702272,-87.80033,1.125));
#2552 = VECTOR('',#2553,1.);
#2553 = DIRECTION('',(-1.349454479599E-02,0.999908944485,0.));
#2554 = ORIENTED_EDGE('',*,*,#2555,.T.);
#2555 = EDGE_CURVE('',#2548,#2556,#2558,.T.);
#2556 = VERTEX_POINT('',#2557);
#2557 = CARTESIAN_POINT('',(78.7,-65.58833,1.125));
#2558 = LINE('',#2559,#2560);
#2559 = CARTESIAN_POINT('',(78.7,-87.631981,1.125));
#2560 = VECTOR('',#2561,1.);
#2561 = DIRECTION('',(0.,1.,0.));
#2562 = ORIENTED_EDGE('',*,*,#2563,.T.);
#2563 = EDGE_CURVE('',#2556,#2564,#2566,.T.);
#2564 = VERTEX_POINT('',#2565);
#2565 = CARTESIAN_POINT('',(78.702264,-65.419981,1.125));
#2566 = LINE('',#2567,#2568);
#2567 = CARTESIAN_POINT('',(78.7,-65.58833,1.125));
#2568 = VECTOR('',#2569,1.);
#2569 = DIRECTION('',(1.344703740038E-02,0.999909584505,0.));
#2570 = ORIENTED_EDGE('',*,*,#2571,.T.);
#2571 = EDGE_CURVE('',#2564,#2572,#2574,.T.);
#2572 = VERTEX_POINT('',#2573);
#2573 = CARTESIAN_POINT('',(79.461244,-63.587656,1.125));
#2574 = CIRCLE('',#2575,3.002365943833);
#2575 = AXIS2_PLACEMENT_3D('',#2576,#2577,#2578);
#2576 = CARTESIAN_POINT('',(81.699907950599,-65.58830213987,1.125));
#2577 = DIRECTION('',(0.,0.,-1.));
#2578 = DIRECTION('',(-0.998427242607,5.606283278561E-02,0.));
#2579 = ORIENTED_EDGE('',*,*,#2580,.T.);
#2580 = EDGE_CURVE('',#2572,#2581,#2583,.T.);
#2581 = VERTEX_POINT('',#2582);
#2582 = CARTESIAN_POINT('',(79.57868,-63.46701,1.125));
#2583 = LINE('',#2584,#2585);
#2584 = CARTESIAN_POINT('',(79.461244,-63.587656,1.125));
#2585 = VECTOR('',#2586,1.);
#2586 = DIRECTION('',(0.697509642133,0.716575396683,0.));
#2587 = ORIENTED_EDGE('',*,*,#2588,.T.);
#2588 = EDGE_CURVE('',#2581,#2589,#2591,.T.);
#2589 = VERTEX_POINT('',#2590);
#2590 = CARTESIAN_POINT('',(87.035029,-56.010661,1.125));
#2591 = LINE('',#2592,#2593);
#2592 = CARTESIAN_POINT('',(79.57868,-63.46701,1.125));
#2593 = VECTOR('',#2594,1.);
#2594 = DIRECTION('',(0.707106781187,0.707106781187,0.));
#2595 = ORIENTED_EDGE('',*,*,#2596,.T.);
#2596 = EDGE_CURVE('',#2589,#2058,#2597,.T.);
#2597 = LINE('',#2598,#2599);
#2598 = CARTESIAN_POINT('',(87.035029,-56.010661,1.125));
#2599 = VECTOR('',#2600,1.);
#2600 = DIRECTION('',(0.717132122869,0.696937241328,0.));
#2601 = FACE_BOUND('',#2602,.F.);
#2602 = EDGE_LOOP('',(#2603));
#2603 = ORIENTED_EDGE('',*,*,#2604,.T.);
#2604 = EDGE_CURVE('',#2605,#2605,#2607,.T.);
#2605 = VERTEX_POINT('',#2606);
#2606 = CARTESIAN_POINT('',(125.337473,-111.631981,1.125));
#2607 = CIRCLE('',#2608,1.737473);
#2608 = AXIS2_PLACEMENT_3D('',#2609,#2610,#2611);
#2609 = CARTESIAN_POINT('',(123.6,-111.631981,1.125));
#2610 = DIRECTION('',(0.,0.,1.));
#2611 = DIRECTION('',(1.,0.,-0.));
#2612 = FACE_BOUND('',#2613,.F.);
#2613 = EDGE_LOOP('',(#2614));
#2614 = ORIENTED_EDGE('',*,*,#2615,.T.);
#2615 = EDGE_CURVE('',#2616,#2616,#2618,.T.);
#2616 = VERTEX_POINT('',#2617);
#2617 = CARTESIAN_POINT('',(157.337473,-111.631981,1.125));
#2618 = CIRCLE('',#2619,1.737473);
#2619 = AXIS2_PLACEMENT_3D('',#2620,#2621,#2622);
#2620 = CARTESIAN_POINT('',(155.6,-111.631981,1.125));
#2621 = DIRECTION('',(0.,0.,1.));
#2622 = DIRECTION('',(1.,0.,-0.));
#2623 = FACE_BOUND('',#2624,.F.);
#2624 = EDGE_LOOP('',(#2625));
#2625 = ORIENTED_EDGE('',*,*,#2626,.T.);
#2626 = EDGE_CURVE('',#2627,#2627,#2629,.T.);
#2627 = VERTEX_POINT('',#2628);
#2628 = CARTESIAN_POINT('',(135.207439,-108.832,1.125));
#2629 = CIRCLE('',#2630,0.687439);
#2630 = AXIS2_PLACEMENT_3D('',#2631,#2632,#2633);
#2631 = CARTESIAN_POINT('',(134.52,-108.832,1.125));
#2632 = DIRECTION('',(0.,0.,1.));
#2633 = DIRECTION('',(1.,0.,-0.));
#2634 = FACE_BOUND('',#2635,.F.);
#2635 = EDGE_LOOP('',(#2636));
#2636 = ORIENTED_EDGE('',*,*,#2637,.T.);
#2637 = EDGE_CURVE('',#2638,#2638,#2640,.T.);
#2638 = VERTEX_POINT('',#2639);
#2639 = CARTESIAN_POINT('',(145.367439,-108.832,1.125));
#2640 = CIRCLE('',#2641,0.687439);
#2641 = AXIS2_PLACEMENT_3D('',#2642,#2643,#2644);
#2642 = CARTESIAN_POINT('',(144.68,-108.832,1.125));
#2643 = DIRECTION('',(0.,0.,1.));
#2644 = DIRECTION('',(1.,0.,-0.));
#2645 = FACE_BOUND('',#2646,.F.);
#2646 = EDGE_LOOP('',(#2647));
#2647 = ORIENTED_EDGE('',*,*,#2648,.T.);
#2648 = EDGE_CURVE('',#2649,#2649,#2651,.T.);
#2649 = VERTEX_POINT('',#2650);
#2650 = CARTESIAN_POINT('',(135.207439,-103.752,1.125));
#2651 = CIRCLE('',#2652,0.687439);
#2652 = AXIS2_PLACEMENT_3D('',#2653,#2654,#2655);
#2653 = CARTESIAN_POINT('',(134.52,-103.752,1.125));
#2654 = DIRECTION('',(0.,0.,1.));
#2655 = DIRECTION('',(1.,0.,-0.));
#2656 = FACE_BOUND('',#2657,.F.);
#2657 = EDGE_LOOP('',(#2658));
#2658 = ORIENTED_EDGE('',*,*,#2659,.T.);
#2659 = EDGE_CURVE('',#2660,#2660,#2662,.T.);
#2660 = VERTEX_POINT('',#2661);
#2661 = CARTESIAN_POINT('',(145.367439,-103.752,1.125));
#2662 = CIRCLE('',#2663,0.687439);
#2663 = AXIS2_PLACEMENT_3D('',#2664,#2665,#2666);
#2664 = CARTESIAN_POINT('',(144.68,-103.752,1.125));
#2665 = DIRECTION('',(0.,0.,1.));
#2666 = DIRECTION('',(1.,0.,-0.));
#2667 = FACE_BOUND('',#2668,.F.);
#2668 = EDGE_LOOP('',(#2669));
#2669 = ORIENTED_EDGE('',*,*,#2670,.T.);
#2670 = EDGE_CURVE('',#2671,#2671,#2673,.T.);
#2671 = VERTEX_POINT('',#2672);
#2672 = CARTESIAN_POINT('',(93.32442,-84.75,1.125));
#2673 = CIRCLE('',#2674,0.837439);
#2674 = AXIS2_PLACEMENT_3D('',#2675,#2676,#2677);
#2675 = CARTESIAN_POINT('',(92.486981,-84.75,1.125));
#2676 = DIRECTION('',(0.,0.,1.));
#2677 = DIRECTION('',(1.,0.,-0.));
#2678 = FACE_BOUND('',#2679,.F.);
#2679 = EDGE_LOOP('',(#2680));
#2680 = ORIENTED_EDGE('',*,*,#2681,.T.);
#2681 = EDGE_CURVE('',#2682,#2682,#2684,.T.);
#2682 = VERTEX_POINT('',#2683);
#2683 = CARTESIAN_POINT('',(97.28442,-84.75,1.125));
#2684 = CIRCLE('',#2685,0.837439);
#2685 = AXIS2_PLACEMENT_3D('',#2686,#2687,#2688);
#2686 = CARTESIAN_POINT('',(96.446981,-84.75,1.125));
#2687 = DIRECTION('',(0.,0.,1.));
#2688 = DIRECTION('',(1.,0.,-0.));
#2689 = FACE_BOUND('',#2690,.F.);
#2690 = EDGE_LOOP('',(#2691));
#2691 = ORIENTED_EDGE('',*,*,#2692,.T.);
#2692 = EDGE_CURVE('',#2693,#2693,#2695,.T.);
#2693 = VERTEX_POINT('',#2694);
#2694 = CARTESIAN_POINT('',(102.95317,-84.75,1.125));
#2695 = CIRCLE('',#2696,0.837439);
#2696 = AXIS2_PLACEMENT_3D('',#2697,#2698,#2699);
#2697 = CARTESIAN_POINT('',(102.115731,-84.75,1.125));
#2698 = DIRECTION('',(0.,0.,1.));
#2699 = DIRECTION('',(1.,0.,-0.));
#2700 = FACE_BOUND('',#2701,.F.);
#2701 = EDGE_LOOP('',(#2702));
#2702 = ORIENTED_EDGE('',*,*,#2703,.T.);
#2703 = EDGE_CURVE('',#2704,#2704,#2706,.T.);
#2704 = VERTEX_POINT('',#2705);
#2705 = CARTESIAN_POINT('',(106.91317,-84.75,1.125));
#2706 = CIRCLE('',#2707,0.837439);
#2707 = AXIS2_PLACEMENT_3D('',#2708,#2709,#2710);
#2708 = CARTESIAN_POINT('',(106.075731,-84.75,1.125));
#2709 = DIRECTION('',(0.,0.,1.));
#2710 = DIRECTION('',(1.,0.,-0.));
#2711 = FACE_BOUND('',#2712,.F.);
#2712 = EDGE_LOOP('',(#2713));
#2713 = ORIENTED_EDGE('',*,*,#2714,.T.);
#2714 = EDGE_CURVE('',#2715,#2715,#2717,.T.);
#2715 = VERTEX_POINT('',#2716);
#2716 = CARTESIAN_POINT('',(112.113451,-84.75,1.125));
#2717 = CIRCLE('',#2718,0.837439);
#2718 = AXIS2_PLACEMENT_3D('',#2719,#2720,#2721);
#2719 = CARTESIAN_POINT('',(111.276012,-84.75,1.125));
#2720 = DIRECTION('',(0.,0.,1.));
#2721 = DIRECTION('',(1.,0.,-0.));
#2722 = FACE_BOUND('',#2723,.F.);
#2723 = EDGE_LOOP('',(#2724));
#2724 = ORIENTED_EDGE('',*,*,#2725,.T.);
#2725 = EDGE_CURVE('',#2726,#2726,#2728,.T.);
#2726 = VERTEX_POINT('',#2727);
#2727 = CARTESIAN_POINT('',(116.073451,-84.75,1.125));
#2728 = CIRCLE('',#2729,0.837439);
#2729 = AXIS2_PLACEMENT_3D('',#2730,#2731,#2732);
#2730 = CARTESIAN_POINT('',(115.236012,-84.75,1.125));
#2731 = DIRECTION('',(0.,0.,1.));
#2732 = DIRECTION('',(1.,0.,-0.));
#2733 = FACE_BOUND('',#2734,.F.);
#2734 = EDGE_LOOP('',(#2735));
#2735 = ORIENTED_EDGE('',*,*,#2736,.T.);
#2736 = EDGE_CURVE('',#2737,#2737,#2739,.T.);
#2737 = VERTEX_POINT('',#2738);
#2738 = CARTESIAN_POINT('',(170.249939,-84.75,1.125));
#2739 = CIRCLE('',#2740,0.837439);
#2740 = AXIS2_PLACEMENT_3D('',#2741,#2742,#2743);
#2741 = CARTESIAN_POINT('',(169.4125,-84.75,1.125));
#2742 = DIRECTION('',(0.,0.,1.));
#2743 = DIRECTION('',(1.,0.,-0.));
#2744 = FACE_BOUND('',#2745,.F.);
#2745 = EDGE_LOOP('',(#2746));
#2746 = ORIENTED_EDGE('',*,*,#2747,.T.);
#2747 = EDGE_CURVE('',#2748,#2748,#2750,.T.);
#2748 = VERTEX_POINT('',#2749);
#2749 = CARTESIAN_POINT('',(174.209939,-84.75,1.125));
#2750 = CIRCLE('',#2751,0.837439);
#2751 = AXIS2_PLACEMENT_3D('',#2752,#2753,#2754);
#2752 = CARTESIAN_POINT('',(173.3725,-84.75,1.125));
#2753 = DIRECTION('',(0.,0.,1.));
#2754 = DIRECTION('',(1.,0.,-0.));
#2755 = FACE_BOUND('',#2756,.F.);
#2756 = EDGE_LOOP('',(#2757));
#2757 = ORIENTED_EDGE('',*,*,#2758,.T.);
#2758 = EDGE_CURVE('',#2759,#2759,#2761,.T.);
#2759 = VERTEX_POINT('',#2760);
#2760 = CARTESIAN_POINT('',(181.657439,-84.75,1.125));
#2761 = CIRCLE('',#2762,0.837439);
#2762 = AXIS2_PLACEMENT_3D('',#2763,#2764,#2765);
#2763 = CARTESIAN_POINT('',(180.82,-84.75,1.125));
#2764 = DIRECTION('',(0.,0.,1.));
#2765 = DIRECTION('',(1.,0.,-0.));
#2766 = FACE_BOUND('',#2767,.F.);
#2767 = EDGE_LOOP('',(#2768));
#2768 = ORIENTED_EDGE('',*,*,#2769,.T.);
#2769 = EDGE_CURVE('',#2770,#2770,#2772,.T.);
#2770 = VERTEX_POINT('',#2771);
#2771 = CARTESIAN_POINT('',(185.617439,-84.75,1.125));
#2772 = CIRCLE('',#2773,0.837439);
#2773 = AXIS2_PLACEMENT_3D('',#2774,#2775,#2776);
#2774 = CARTESIAN_POINT('',(184.78,-84.75,1.125));
#2775 = DIRECTION('',(0.,0.,1.));
#2776 = DIRECTION('',(1.,0.,-0.));
#2777 = FACE_BOUND('',#2778,.F.);
#2778 = EDGE_LOOP('',(#2779));
#2779 = ORIENTED_EDGE('',*,*,#2780,.T.);
#2780 = EDGE_CURVE('',#2781,#2781,#2783,.T.);
#2781 = VERTEX_POINT('',#2782);
#2782 = CARTESIAN_POINT('',(84.437473,-76.610156,1.125));
#2783 = CIRCLE('',#2784,1.737473);
#2784 = AXIS2_PLACEMENT_3D('',#2785,#2786,#2787);
#2785 = CARTESIAN_POINT('',(82.7,-76.610156,1.125));
#2786 = DIRECTION('',(0.,0.,1.));
#2787 = DIRECTION('',(1.,0.,-0.));
#2788 = FACE_BOUND('',#2789,.F.);
#2789 = EDGE_LOOP('',(#2790));
#2790 = ORIENTED_EDGE('',*,*,#2791,.T.);
#2791 = EDGE_CURVE('',#2792,#2792,#2794,.T.);
#2792 = VERTEX_POINT('',#2793);
#2793 = CARTESIAN_POINT('',(198.237473,-76.610156,1.125));
#2794 = CIRCLE('',#2795,1.737473);
#2795 = AXIS2_PLACEMENT_3D('',#2796,#2797,#2798);
#2796 = CARTESIAN_POINT('',(196.5,-76.610156,1.125));
#2797 = DIRECTION('',(0.,0.,1.));
#2798 = DIRECTION('',(1.,0.,-0.));
#2799 = FACE_BOUND('',#2800,.F.);
#2800 = EDGE_LOOP('',(#2801));
#2801 = ORIENTED_EDGE('',*,*,#2802,.T.);
#2802 = EDGE_CURVE('',#2803,#2803,#2805,.T.);
#2803 = VERTEX_POINT('',#2804);
#2804 = CARTESIAN_POINT('',(93.90442,-74.3,1.125));
#2805 = CIRCLE('',#2806,0.687439);
#2806 = AXIS2_PLACEMENT_3D('',#2807,#2808,#2809);
#2807 = CARTESIAN_POINT('',(93.216981,-74.3,1.125));
#2808 = DIRECTION('',(0.,0.,1.));
#2809 = DIRECTION('',(1.,0.,-0.));
#2810 = FACE_BOUND('',#2811,.F.);
#2811 = EDGE_LOOP('',(#2812));
#2812 = ORIENTED_EDGE('',*,*,#2813,.T.);
#2813 = EDGE_CURVE('',#2814,#2814,#2816,.T.);
#2814 = VERTEX_POINT('',#2815);
#2815 = CARTESIAN_POINT('',(96.40442,-74.3,1.125));
#2816 = CIRCLE('',#2817,0.687439);
#2817 = AXIS2_PLACEMENT_3D('',#2818,#2819,#2820);
#2818 = CARTESIAN_POINT('',(95.716981,-74.3,1.125));
#2819 = DIRECTION('',(0.,0.,1.));
#2820 = DIRECTION('',(1.,0.,-0.));
#2821 = FACE_BOUND('',#2822,.F.);
#2822 = EDGE_LOOP('',(#2823));
#2823 = ORIENTED_EDGE('',*,*,#2824,.T.);
#2824 = EDGE_CURVE('',#2825,#2825,#2827,.T.);
#2825 = VERTEX_POINT('',#2826);
#2826 = CARTESIAN_POINT('',(103.53317,-74.3,1.125));
#2827 = CIRCLE('',#2828,0.687439);
#2828 = AXIS2_PLACEMENT_3D('',#2829,#2830,#2831);
#2829 = CARTESIAN_POINT('',(102.845731,-74.3,1.125));
#2830 = DIRECTION('',(0.,0.,1.));
#2831 = DIRECTION('',(1.,0.,-0.));
#2832 = FACE_BOUND('',#2833,.F.);
#2833 = EDGE_LOOP('',(#2834));
#2834 = ORIENTED_EDGE('',*,*,#2835,.T.);
#2835 = EDGE_CURVE('',#2836,#2836,#2838,.T.);
#2836 = VERTEX_POINT('',#2837);
#2837 = CARTESIAN_POINT('',(106.03317,-74.3,1.125));
#2838 = CIRCLE('',#2839,0.687439);
#2839 = AXIS2_PLACEMENT_3D('',#2840,#2841,#2842);
#2840 = CARTESIAN_POINT('',(105.345731,-74.3,1.125));
#2841 = DIRECTION('',(0.,0.,1.));
#2842 = DIRECTION('',(1.,0.,-0.));
#2843 = FACE_BOUND('',#2844,.F.);
#2844 = EDGE_LOOP('',(#2845));
#2845 = ORIENTED_EDGE('',*,*,#2846,.T.);
#2846 = EDGE_CURVE('',#2847,#2847,#2849,.T.);
#2847 = VERTEX_POINT('',#2848);
#2848 = CARTESIAN_POINT('',(112.693451,-74.3,1.125));
#2849 = CIRCLE('',#2850,0.687439);
#2850 = AXIS2_PLACEMENT_3D('',#2851,#2852,#2853);
#2851 = CARTESIAN_POINT('',(112.006012,-74.3,1.125));
#2852 = DIRECTION('',(0.,0.,1.));
#2853 = DIRECTION('',(1.,0.,-0.));
#2854 = FACE_BOUND('',#2855,.F.);
#2855 = EDGE_LOOP('',(#2856));
#2856 = ORIENTED_EDGE('',*,*,#2857,.T.);
#2857 = EDGE_CURVE('',#2858,#2858,#2860,.T.);
#2858 = VERTEX_POINT('',#2859);
#2859 = CARTESIAN_POINT('',(115.193451,-74.3,1.125));
#2860 = CIRCLE('',#2861,0.687439);
#2861 = AXIS2_PLACEMENT_3D('',#2862,#2863,#2864);
#2862 = CARTESIAN_POINT('',(114.506012,-74.3,1.125));
#2863 = DIRECTION('',(0.,0.,1.));
#2864 = DIRECTION('',(1.,0.,-0.));
#2865 = FACE_BOUND('',#2866,.F.);
#2866 = EDGE_LOOP('',(#2867));
#2867 = ORIENTED_EDGE('',*,*,#2868,.T.);
#2868 = EDGE_CURVE('',#2869,#2869,#2871,.T.);
#2869 = VERTEX_POINT('',#2870);
#2870 = CARTESIAN_POINT('',(170.829939,-74.3,1.125));
#2871 = CIRCLE('',#2872,0.687439);
#2872 = AXIS2_PLACEMENT_3D('',#2873,#2874,#2875);
#2873 = CARTESIAN_POINT('',(170.1425,-74.3,1.125));
#2874 = DIRECTION('',(0.,0.,1.));
#2875 = DIRECTION('',(1.,0.,-0.));
#2876 = FACE_BOUND('',#2877,.F.);
#2877 = EDGE_LOOP('',(#2878));
#2878 = ORIENTED_EDGE('',*,*,#2879,.T.);
#2879 = EDGE_CURVE('',#2880,#2880,#2882,.T.);
#2880 = VERTEX_POINT('',#2881);
#2881 = CARTESIAN_POINT('',(173.329939,-74.3,1.125));
#2882 = CIRCLE('',#2883,0.687439);
#2883 = AXIS2_PLACEMENT_3D('',#2884,#2885,#2886);
#2884 = CARTESIAN_POINT('',(172.6425,-74.3,1.125));
#2885 = DIRECTION('',(0.,0.,1.));
#2886 = DIRECTION('',(1.,0.,-0.));
#2887 = FACE_BOUND('',#2888,.F.);
#2888 = EDGE_LOOP('',(#2889));
#2889 = ORIENTED_EDGE('',*,*,#2890,.T.);
#2890 = EDGE_CURVE('',#2891,#2891,#2893,.T.);
#2891 = VERTEX_POINT('',#2892);
#2892 = CARTESIAN_POINT('',(182.237439,-74.3,1.125));
#2893 = CIRCLE('',#2894,0.687439);
#2894 = AXIS2_PLACEMENT_3D('',#2895,#2896,#2897);
#2895 = CARTESIAN_POINT('',(181.55,-74.3,1.125));
#2896 = DIRECTION('',(0.,0.,1.));
#2897 = DIRECTION('',(1.,0.,-0.));
#2898 = FACE_BOUND('',#2899,.F.);
#2899 = EDGE_LOOP('',(#2900));
#2900 = ORIENTED_EDGE('',*,*,#2901,.T.);
#2901 = EDGE_CURVE('',#2902,#2902,#2904,.T.);
#2902 = VERTEX_POINT('',#2903);
#2903 = CARTESIAN_POINT('',(184.737439,-74.3,1.125));
#2904 = CIRCLE('',#2905,0.687439);
#2905 = AXIS2_PLACEMENT_3D('',#2906,#2907,#2908);
#2906 = CARTESIAN_POINT('',(184.05,-74.3,1.125));
#2907 = DIRECTION('',(0.,0.,1.));
#2908 = DIRECTION('',(1.,0.,-0.));
#2909 = FACE_BOUND('',#2910,.F.);
#2910 = EDGE_LOOP('',(#2911));
#2911 = ORIENTED_EDGE('',*,*,#2912,.T.);
#2912 = EDGE_CURVE('',#2913,#2913,#2915,.T.);
#2913 = VERTEX_POINT('',#2914);
#2914 = CARTESIAN_POINT('',(93.90442,-70.8,1.125));
#2915 = CIRCLE('',#2916,0.687439);
#2916 = AXIS2_PLACEMENT_3D('',#2917,#2918,#2919);
#2917 = CARTESIAN_POINT('',(93.216981,-70.8,1.125));
#2918 = DIRECTION('',(0.,0.,1.));
#2919 = DIRECTION('',(1.,0.,-0.));
#2920 = FACE_BOUND('',#2921,.F.);
#2921 = EDGE_LOOP('',(#2922));
#2922 = ORIENTED_EDGE('',*,*,#2923,.T.);
#2923 = EDGE_CURVE('',#2924,#2924,#2926,.T.);
#2924 = VERTEX_POINT('',#2925);
#2925 = CARTESIAN_POINT('',(96.40442,-70.8,1.125));
#2926 = CIRCLE('',#2927,0.687439);
#2927 = AXIS2_PLACEMENT_3D('',#2928,#2929,#2930);
#2928 = CARTESIAN_POINT('',(95.716981,-70.8,1.125));
#2929 = DIRECTION('',(0.,0.,1.));
#2930 = DIRECTION('',(1.,0.,-0.));
#2931 = FACE_BOUND('',#2932,.F.);
#2932 = EDGE_LOOP('',(#2933));
#2933 = ORIENTED_EDGE('',*,*,#2934,.T.);
#2934 = EDGE_CURVE('',#2935,#2935,#2937,.T.);
#2935 = VERTEX_POINT('',#2936);
#2936 = CARTESIAN_POINT('',(103.53317,-70.8,1.125));
#2937 = CIRCLE('',#2938,0.687439);
#2938 = AXIS2_PLACEMENT_3D('',#2939,#2940,#2941);
#2939 = CARTESIAN_POINT('',(102.845731,-70.8,1.125));
#2940 = DIRECTION('',(0.,0.,1.));
#2941 = DIRECTION('',(1.,0.,-0.));
#2942 = FACE_BOUND('',#2943,.F.);
#2943 = EDGE_LOOP('',(#2944));
#2944 = ORIENTED_EDGE('',*,*,#2945,.T.);
#2945 = EDGE_CURVE('',#2946,#2946,#2948,.T.);
#2946 = VERTEX_POINT('',#2947);
#2947 = CARTESIAN_POINT('',(106.03317,-70.8,1.125));
#2948 = CIRCLE('',#2949,0.687439);
#2949 = AXIS2_PLACEMENT_3D('',#2950,#2951,#2952);
#2950 = CARTESIAN_POINT('',(105.345731,-70.8,1.125));
#2951 = DIRECTION('',(0.,0.,1.));
#2952 = DIRECTION('',(1.,0.,-0.));
#2953 = FACE_BOUND('',#2954,.F.);
#2954 = EDGE_LOOP('',(#2955));
#2955 = ORIENTED_EDGE('',*,*,#2956,.T.);
#2956 = EDGE_CURVE('',#2957,#2957,#2959,.T.);
#2957 = VERTEX_POINT('',#2958);
#2958 = CARTESIAN_POINT('',(112.693451,-70.8,1.125));
#2959 = CIRCLE('',#2960,0.687439);
#2960 = AXIS2_PLACEMENT_3D('',#2961,#2962,#2963);
#2961 = CARTESIAN_POINT('',(112.006012,-70.8,1.125));
#2962 = DIRECTION('',(0.,0.,1.));
#2963 = DIRECTION('',(1.,0.,-0.));
#2964 = FACE_BOUND('',#2965,.F.);
#2965 = EDGE_LOOP('',(#2966));
#2966 = ORIENTED_EDGE('',*,*,#2967,.T.);
#2967 = EDGE_CURVE('',#2968,#2968,#2970,.T.);
#2968 = VERTEX_POINT('',#2969);
#2969 = CARTESIAN_POINT('',(115.193451,-70.8,1.125));
#2970 = CIRCLE('',#2971,0.687439);
#2971 = AXIS2_PLACEMENT_3D('',#2972,#2973,#2974);
#2972 = CARTESIAN_POINT('',(114.506012,-70.8,1.125));
#2973 = DIRECTION('',(0.,0.,1.));
#2974 = DIRECTION('',(1.,0.,-0.));
#2975 = FACE_BOUND('',#2976,.F.);
#2976 = EDGE_LOOP('',(#2977));
#2977 = ORIENTED_EDGE('',*,*,#2978,.T.);
#2978 = EDGE_CURVE('',#2979,#2979,#2981,.T.);
#2979 = VERTEX_POINT('',#2980);
#2980 = CARTESIAN_POINT('',(170.829939,-70.8,1.125));
#2981 = CIRCLE('',#2982,0.687439);
#2982 = AXIS2_PLACEMENT_3D('',#2983,#2984,#2985);
#2983 = CARTESIAN_POINT('',(170.1425,-70.8,1.125));
#2984 = DIRECTION('',(0.,0.,1.));
#2985 = DIRECTION('',(1.,0.,-0.));
#2986 = FACE_BOUND('',#2987,.F.);
#2987 = EDGE_LOOP('',(#2988));
#2988 = ORIENTED_EDGE('',*,*,#2989,.T.);
#2989 = EDGE_CURVE('',#2990,#2990,#2992,.T.);
#2990 = VERTEX_POINT('',#2991);
#2991 = CARTESIAN_POINT('',(173.329939,-70.8,1.125));
#2992 = CIRCLE('',#2993,0.687439);
#2993 = AXIS2_PLACEMENT_3D('',#2994,#2995,#2996);
#2994 = CARTESIAN_POINT('',(172.6425,-70.8,1.125));
#2995 = DIRECTION('',(0.,0.,1.));
#2996 = DIRECTION('',(1.,0.,-0.));
#2997 = FACE_BOUND('',#2998,.F.);
#2998 = EDGE_LOOP('',(#2999));
#2999 = ORIENTED_EDGE('',*,*,#3000,.T.);
#3000 = EDGE_CURVE('',#3001,#3001,#3003,.T.);
#3001 = VERTEX_POINT('',#3002);
#3002 = CARTESIAN_POINT('',(182.237439,-70.8,1.125));
#3003 = CIRCLE('',#3004,0.687439);
#3004 = AXIS2_PLACEMENT_3D('',#3005,#3006,#3007);
#3005 = CARTESIAN_POINT('',(181.55,-70.8,1.125));
#3006 = DIRECTION('',(0.,0.,1.));
#3007 = DIRECTION('',(1.,0.,-0.));
#3008 = FACE_BOUND('',#3009,.F.);
#3009 = EDGE_LOOP('',(#3010));
#3010 = ORIENTED_EDGE('',*,*,#3011,.T.);
#3011 = EDGE_CURVE('',#3012,#3012,#3014,.T.);
#3012 = VERTEX_POINT('',#3013);
#3013 = CARTESIAN_POINT('',(184.737439,-70.8,1.125));
#3014 = CIRCLE('',#3015,0.687439);
#3015 = AXIS2_PLACEMENT_3D('',#3016,#3017,#3018);
#3016 = CARTESIAN_POINT('',(184.05,-70.8,1.125));
#3017 = DIRECTION('',(0.,0.,1.));
#3018 = DIRECTION('',(1.,0.,-0.));
#3019 = FACE_BOUND('',#3020,.F.);
#3020 = EDGE_LOOP('',(#3021));
#3021 = ORIENTED_EDGE('',*,*,#3022,.T.);
#3022 = EDGE_CURVE('',#3023,#3023,#3025,.T.);
#3023 = VERTEX_POINT('',#3024);
#3024 = CARTESIAN_POINT('',(95.654443,-67.9,1.125));
#3025 = CIRCLE('',#3026,1.187462);
#3026 = AXIS2_PLACEMENT_3D('',#3027,#3028,#3029);
#3027 = CARTESIAN_POINT('',(94.466981,-67.9,1.125));
#3028 = DIRECTION('',(0.,0.,1.));
#3029 = DIRECTION('',(1.,0.,-0.));
#3030 = FACE_BOUND('',#3031,.F.);
#3031 = EDGE_LOOP('',(#3032));
#3032 = ORIENTED_EDGE('',*,*,#3033,.T.);
#3033 = EDGE_CURVE('',#3034,#3034,#3036,.T.);
#3034 = VERTEX_POINT('',#3035);
#3035 = CARTESIAN_POINT('',(105.283193,-67.9,1.125));
#3036 = CIRCLE('',#3037,1.187462);
#3037 = AXIS2_PLACEMENT_3D('',#3038,#3039,#3040);
#3038 = CARTESIAN_POINT('',(104.095731,-67.9,1.125));
#3039 = DIRECTION('',(0.,0.,1.));
#3040 = DIRECTION('',(1.,0.,-0.));
#3041 = FACE_BOUND('',#3042,.F.);
#3042 = EDGE_LOOP('',(#3043));
#3043 = ORIENTED_EDGE('',*,*,#3044,.T.);
#3044 = EDGE_CURVE('',#3045,#3045,#3047,.T.);
#3045 = VERTEX_POINT('',#3046);
#3046 = CARTESIAN_POINT('',(114.443474,-67.9,1.125));
#3047 = CIRCLE('',#3048,1.187462);
#3048 = AXIS2_PLACEMENT_3D('',#3049,#3050,#3051);
#3049 = CARTESIAN_POINT('',(113.256012,-67.9,1.125));
#3050 = DIRECTION('',(0.,0.,1.));
#3051 = DIRECTION('',(1.,0.,-0.));
#3052 = FACE_BOUND('',#3053,.F.);
#3053 = EDGE_LOOP('',(#3054));
#3054 = ORIENTED_EDGE('',*,*,#3055,.T.);
#3055 = EDGE_CURVE('',#3056,#3056,#3058,.T.);
#3056 = VERTEX_POINT('',#3057);
#3057 = CARTESIAN_POINT('',(172.579962,-67.9,1.125));
#3058 = CIRCLE('',#3059,1.187462);
#3059 = AXIS2_PLACEMENT_3D('',#3060,#3061,#3062);
#3060 = CARTESIAN_POINT('',(171.3925,-67.9,1.125));
#3061 = DIRECTION('',(0.,0.,1.));
#3062 = DIRECTION('',(1.,0.,-0.));
#3063 = FACE_BOUND('',#3064,.F.);
#3064 = EDGE_LOOP('',(#3065));
#3065 = ORIENTED_EDGE('',*,*,#3066,.T.);
#3066 = EDGE_CURVE('',#3067,#3067,#3069,.T.);
#3067 = VERTEX_POINT('',#3068);
#3068 = CARTESIAN_POINT('',(183.987462,-67.9,1.125));
#3069 = CIRCLE('',#3070,1.187462);
#3070 = AXIS2_PLACEMENT_3D('',#3071,#3072,#3073);
#3071 = CARTESIAN_POINT('',(182.8,-67.9,1.125));
#3072 = DIRECTION('',(0.,0.,1.));
#3073 = DIRECTION('',(1.,0.,-0.));
#3074 = FACE_BOUND('',#3075,.F.);
#3075 = EDGE_LOOP('',(#3076));
#3076 = ORIENTED_EDGE('',*,*,#3077,.T.);
#3077 = EDGE_CURVE('',#3078,#3078,#3080,.T.);
#3078 = VERTEX_POINT('',#3079);
#3079 = CARTESIAN_POINT('',(93.90442,-65.,1.125));
#3080 = CIRCLE('',#3081,0.687439);
#3081 = AXIS2_PLACEMENT_3D('',#3082,#3083,#3084);
#3082 = CARTESIAN_POINT('',(93.216981,-65.,1.125));
#3083 = DIRECTION('',(0.,0.,1.));
#3084 = DIRECTION('',(1.,0.,-0.));
#3085 = FACE_BOUND('',#3086,.F.);
#3086 = EDGE_LOOP('',(#3087));
#3087 = ORIENTED_EDGE('',*,*,#3088,.T.);
#3088 = EDGE_CURVE('',#3089,#3089,#3091,.T.);
#3089 = VERTEX_POINT('',#3090);
#3090 = CARTESIAN_POINT('',(96.40442,-65.,1.125));
#3091 = CIRCLE('',#3092,0.687439);
#3092 = AXIS2_PLACEMENT_3D('',#3093,#3094,#3095);
#3093 = CARTESIAN_POINT('',(95.716981,-65.,1.125));
#3094 = DIRECTION('',(0.,0.,1.));
#3095 = DIRECTION('',(1.,0.,-0.));
#3096 = FACE_BOUND('',#3097,.F.);
#3097 = EDGE_LOOP('',(#3098));
#3098 = ORIENTED_EDGE('',*,*,#3099,.T.);
#3099 = EDGE_CURVE('',#3100,#3100,#3102,.T.);
#3100 = VERTEX_POINT('',#3101);
#3101 = CARTESIAN_POINT('',(103.53317,-65.,1.125));
#3102 = CIRCLE('',#3103,0.687439);
#3103 = AXIS2_PLACEMENT_3D('',#3104,#3105,#3106);
#3104 = CARTESIAN_POINT('',(102.845731,-65.,1.125));
#3105 = DIRECTION('',(0.,0.,1.));
#3106 = DIRECTION('',(1.,0.,-0.));
#3107 = FACE_BOUND('',#3108,.F.);
#3108 = EDGE_LOOP('',(#3109));
#3109 = ORIENTED_EDGE('',*,*,#3110,.T.);
#3110 = EDGE_CURVE('',#3111,#3111,#3113,.T.);
#3111 = VERTEX_POINT('',#3112);
#3112 = CARTESIAN_POINT('',(106.03317,-65.,1.125));
#3113 = CIRCLE('',#3114,0.687439);
#3114 = AXIS2_PLACEMENT_3D('',#3115,#3116,#3117);
#3115 = CARTESIAN_POINT('',(105.345731,-65.,1.125));
#3116 = DIRECTION('',(0.,0.,1.));
#3117 = DIRECTION('',(1.,0.,-0.));
#3118 = FACE_BOUND('',#3119,.F.);
#3119 = EDGE_LOOP('',(#3120));
#3120 = ORIENTED_EDGE('',*,*,#3121,.T.);
#3121 = EDGE_CURVE('',#3122,#3122,#3124,.T.);
#3122 = VERTEX_POINT('',#3123);
#3123 = CARTESIAN_POINT('',(112.693451,-65.,1.125));
#3124 = CIRCLE('',#3125,0.687439);
#3125 = AXIS2_PLACEMENT_3D('',#3126,#3127,#3128);
#3126 = CARTESIAN_POINT('',(112.006012,-65.,1.125));
#3127 = DIRECTION('',(0.,0.,1.));
#3128 = DIRECTION('',(1.,0.,-0.));
#3129 = FACE_BOUND('',#3130,.F.);
#3130 = EDGE_LOOP('',(#3131));
#3131 = ORIENTED_EDGE('',*,*,#3132,.T.);
#3132 = EDGE_CURVE('',#3133,#3133,#3135,.T.);
#3133 = VERTEX_POINT('',#3134);
#3134 = CARTESIAN_POINT('',(115.193451,-65.,1.125));
#3135 = CIRCLE('',#3136,0.687439);
#3136 = AXIS2_PLACEMENT_3D('',#3137,#3138,#3139);
#3137 = CARTESIAN_POINT('',(114.506012,-65.,1.125));
#3138 = DIRECTION('',(0.,0.,1.));
#3139 = DIRECTION('',(1.,0.,-0.));
#3140 = FACE_BOUND('',#3141,.F.);
#3141 = EDGE_LOOP('',(#3142));
#3142 = ORIENTED_EDGE('',*,*,#3143,.T.);
#3143 = EDGE_CURVE('',#3144,#3144,#3146,.T.);
#3144 = VERTEX_POINT('',#3145);
#3145 = CARTESIAN_POINT('',(170.829939,-65.,1.125));
#3146 = CIRCLE('',#3147,0.687439);
#3147 = AXIS2_PLACEMENT_3D('',#3148,#3149,#3150);
#3148 = CARTESIAN_POINT('',(170.1425,-65.,1.125));
#3149 = DIRECTION('',(0.,0.,1.));
#3150 = DIRECTION('',(1.,0.,-0.));
#3151 = FACE_BOUND('',#3152,.F.);
#3152 = EDGE_LOOP('',(#3153));
#3153 = ORIENTED_EDGE('',*,*,#3154,.T.);
#3154 = EDGE_CURVE('',#3155,#3155,#3157,.T.);
#3155 = VERTEX_POINT('',#3156);
#3156 = CARTESIAN_POINT('',(173.329939,-65.,1.125));
#3157 = CIRCLE('',#3158,0.687439);
#3158 = AXIS2_PLACEMENT_3D('',#3159,#3160,#3161);
#3159 = CARTESIAN_POINT('',(172.6425,-65.,1.125));
#3160 = DIRECTION('',(0.,0.,1.));
#3161 = DIRECTION('',(1.,0.,-0.));
#3162 = FACE_BOUND('',#3163,.F.);
#3163 = EDGE_LOOP('',(#3164));
#3164 = ORIENTED_EDGE('',*,*,#3165,.T.);
#3165 = EDGE_CURVE('',#3166,#3166,#3168,.T.);
#3166 = VERTEX_POINT('',#3167);
#3167 = CARTESIAN_POINT('',(182.237439,-65.,1.125));
#3168 = CIRCLE('',#3169,0.687439);
#3169 = AXIS2_PLACEMENT_3D('',#3170,#3171,#3172);
#3170 = CARTESIAN_POINT('',(181.55,-65.,1.125));
#3171 = DIRECTION('',(0.,0.,1.));
#3172 = DIRECTION('',(1.,0.,-0.));
#3173 = FACE_BOUND('',#3174,.F.);
#3174 = EDGE_LOOP('',(#3175));
#3175 = ORIENTED_EDGE('',*,*,#3176,.T.);
#3176 = EDGE_CURVE('',#3177,#3177,#3179,.T.);
#3177 = VERTEX_POINT('',#3178);
#3178 = CARTESIAN_POINT('',(184.737439,-65.,1.125));
#3179 = CIRCLE('',#3180,0.687439);
#3180 = AXIS2_PLACEMENT_3D('',#3181,#3182,#3183);
#3181 = CARTESIAN_POINT('',(184.05,-65.,1.125));
#3182 = DIRECTION('',(0.,0.,1.));
#3183 = DIRECTION('',(1.,0.,-0.));
#3184 = FACE_BOUND('',#3185,.F.);
#3185 = EDGE_LOOP('',(#3186));
#3186 = ORIENTED_EDGE('',*,*,#3187,.T.);
#3187 = EDGE_CURVE('',#3188,#3188,#3190,.T.);
#3188 = VERTEX_POINT('',#3189);
#3189 = CARTESIAN_POINT('',(93.90442,-61.5,1.125));
#3190 = CIRCLE('',#3191,0.687439);
#3191 = AXIS2_PLACEMENT_3D('',#3192,#3193,#3194);
#3192 = CARTESIAN_POINT('',(93.216981,-61.5,1.125));
#3193 = DIRECTION('',(0.,0.,1.));
#3194 = DIRECTION('',(1.,0.,-0.));
#3195 = FACE_BOUND('',#3196,.F.);
#3196 = EDGE_LOOP('',(#3197));
#3197 = ORIENTED_EDGE('',*,*,#3198,.T.);
#3198 = EDGE_CURVE('',#3199,#3199,#3201,.T.);
#3199 = VERTEX_POINT('',#3200);
#3200 = CARTESIAN_POINT('',(96.40442,-61.5,1.125));
#3201 = CIRCLE('',#3202,0.687439);
#3202 = AXIS2_PLACEMENT_3D('',#3203,#3204,#3205);
#3203 = CARTESIAN_POINT('',(95.716981,-61.5,1.125));
#3204 = DIRECTION('',(0.,0.,1.));
#3205 = DIRECTION('',(1.,0.,-0.));
#3206 = FACE_BOUND('',#3207,.F.);
#3207 = EDGE_LOOP('',(#3208));
#3208 = ORIENTED_EDGE('',*,*,#3209,.T.);
#3209 = EDGE_CURVE('',#3210,#3210,#3212,.T.);
#3210 = VERTEX_POINT('',#3211);
#3211 = CARTESIAN_POINT('',(103.53317,-61.5,1.125));
#3212 = CIRCLE('',#3213,0.687439);
#3213 = AXIS2_PLACEMENT_3D('',#3214,#3215,#3216);
#3214 = CARTESIAN_POINT('',(102.845731,-61.5,1.125));
#3215 = DIRECTION('',(0.,0.,1.));
#3216 = DIRECTION('',(1.,0.,-0.));
#3217 = FACE_BOUND('',#3218,.F.);
#3218 = EDGE_LOOP('',(#3219));
#3219 = ORIENTED_EDGE('',*,*,#3220,.T.);
#3220 = EDGE_CURVE('',#3221,#3221,#3223,.T.);
#3221 = VERTEX_POINT('',#3222);
#3222 = CARTESIAN_POINT('',(106.03317,-61.5,1.125));
#3223 = CIRCLE('',#3224,0.687439);
#3224 = AXIS2_PLACEMENT_3D('',#3225,#3226,#3227);
#3225 = CARTESIAN_POINT('',(105.345731,-61.5,1.125));
#3226 = DIRECTION('',(0.,0.,1.));
#3227 = DIRECTION('',(1.,0.,-0.));
#3228 = FACE_BOUND('',#3229,.F.);
#3229 = EDGE_LOOP('',(#3230));
#3230 = ORIENTED_EDGE('',*,*,#3231,.T.);
#3231 = EDGE_CURVE('',#3232,#3232,#3234,.T.);
#3232 = VERTEX_POINT('',#3233);
#3233 = CARTESIAN_POINT('',(112.693451,-61.5,1.125));
#3234 = CIRCLE('',#3235,0.687439);
#3235 = AXIS2_PLACEMENT_3D('',#3236,#3237,#3238);
#3236 = CARTESIAN_POINT('',(112.006012,-61.5,1.125));
#3237 = DIRECTION('',(0.,0.,1.));
#3238 = DIRECTION('',(1.,0.,-0.));
#3239 = FACE_BOUND('',#3240,.F.);
#3240 = EDGE_LOOP('',(#3241));
#3241 = ORIENTED_EDGE('',*,*,#3242,.T.);
#3242 = EDGE_CURVE('',#3243,#3243,#3245,.T.);
#3243 = VERTEX_POINT('',#3244);
#3244 = CARTESIAN_POINT('',(115.193451,-61.5,1.125));
#3245 = CIRCLE('',#3246,0.687439);
#3246 = AXIS2_PLACEMENT_3D('',#3247,#3248,#3249);
#3247 = CARTESIAN_POINT('',(114.506012,-61.5,1.125));
#3248 = DIRECTION('',(0.,0.,1.));
#3249 = DIRECTION('',(1.,0.,-0.));
#3250 = FACE_BOUND('',#3251,.F.);
#3251 = EDGE_LOOP('',(#3252));
#3252 = ORIENTED_EDGE('',*,*,#3253,.T.);
#3253 = EDGE_CURVE('',#3254,#3254,#3256,.T.);
#3254 = VERTEX_POINT('',#3255);
#3255 = CARTESIAN_POINT('',(170.829939,-61.5,1.125));
#3256 = CIRCLE('',#3257,0.687439);
#3257 = AXIS2_PLACEMENT_3D('',#3258,#3259,#3260);
#3258 = CARTESIAN_POINT('',(170.1425,-61.5,1.125));
#3259 = DIRECTION('',(0.,0.,1.));
#3260 = DIRECTION('',(1.,0.,-0.));
#3261 = FACE_BOUND('',#3262,.F.);
#3262 = EDGE_LOOP('',(#3263));
#3263 = ORIENTED_EDGE('',*,*,#3264,.T.);
#3264 = EDGE_CURVE('',#3265,#3265,#3267,.T.);
#3265 = VERTEX_POINT('',#3266);
#3266 = CARTESIAN_POINT('',(173.329939,-61.5,1.125));
#3267 = CIRCLE('',#3268,0.687439);
#3268 = AXIS2_PLACEMENT_3D('',#3269,#3270,#3271);
#3269 = CARTESIAN_POINT('',(172.6425,-61.5,1.125));
#3270 = DIRECTION('',(0.,0.,1.));
#3271 = DIRECTION('',(1.,0.,-0.));
#3272 = FACE_BOUND('',#3273,.F.);
#3273 = EDGE_LOOP('',(#3274));
#3274 = ORIENTED_EDGE('',*,*,#3275,.T.);
#3275 = EDGE_CURVE('',#3276,#3276,#3278,.T.);
#3276 = VERTEX_POINT('',#3277);
#3277 = CARTESIAN_POINT('',(182.237439,-61.5,1.125));
#3278 = CIRCLE('',#3279,0.687439);
#3279 = AXIS2_PLACEMENT_3D('',#3280,#3281,#3282);
#3280 = CARTESIAN_POINT('',(181.55,-61.5,1.125));
#3281 = DIRECTION('',(0.,0.,1.));
#3282 = DIRECTION('',(1.,0.,-0.));
#3283 = FACE_BOUND('',#3284,.F.);
#3284 = EDGE_LOOP('',(#3285));
#3285 = ORIENTED_EDGE('',*,*,#3286,.T.);
#3286 = EDGE_CURVE('',#3287,#3287,#3289,.T.);
#3287 = VERTEX_POINT('',#3288);
#3288 = CARTESIAN_POINT('',(184.737439,-61.5,1.125));
#3289 = CIRCLE('',#3290,0.687439);
#3290 = AXIS2_PLACEMENT_3D('',#3291,#3292,#3293);
#3291 = CARTESIAN_POINT('',(184.05,-61.5,1.125));
#3292 = DIRECTION('',(0.,0.,1.));
#3293 = DIRECTION('',(1.,0.,-0.));
#3294 = FACE_BOUND('',#3295,.F.);
#3295 = EDGE_LOOP('',(#3296));
#3296 = ORIENTED_EDGE('',*,*,#3297,.T.);
#3297 = EDGE_CURVE('',#3298,#3298,#3300,.T.);
#3298 = VERTEX_POINT('',#3299);
#3299 = CARTESIAN_POINT('',(125.337473,-59.131981,1.125));
#3300 = CIRCLE('',#3301,1.737473);
#3301 = AXIS2_PLACEMENT_3D('',#3302,#3303,#3304);
#3302 = CARTESIAN_POINT('',(123.6,-59.131981,1.125));
#3303 = DIRECTION('',(0.,0.,1.));
#3304 = DIRECTION('',(1.,0.,-0.));
#3305 = FACE_BOUND('',#3306,.F.);
#3306 = EDGE_LOOP('',(#3307));
#3307 = ORIENTED_EDGE('',*,*,#3308,.T.);
#3308 = EDGE_CURVE('',#3309,#3309,#3311,.T.);
#3309 = VERTEX_POINT('',#3310);
#3310 = CARTESIAN_POINT('',(157.337473,-59.131981,1.125));
#3311 = CIRCLE('',#3312,1.737473);
#3312 = AXIS2_PLACEMENT_3D('',#3313,#3314,#3315);
#3313 = CARTESIAN_POINT('',(155.6,-59.131981,1.125));
#3314 = DIRECTION('',(0.,0.,1.));
#3315 = DIRECTION('',(1.,0.,-0.));
#3316 = PLANE('',#3317);
#3317 = AXIS2_PLACEMENT_3D('',#3318,#3319,#3320);
#3318 = CARTESIAN_POINT('',(0.,0.,1.125));
#3319 = DIRECTION('',(0.,0.,1.));
#3320 = DIRECTION('',(1.,0.,-0.));
#3321 = ( GEOMETRIC_REPRESENTATION_CONTEXT(3)
GLOBAL_UNCERTAINTY_ASSIGNED_CONTEXT((#3325))
GLOBAL_UNIT_ASSIGNED_CONTEXT((#3322,#3323,#3324)) REPRESENTATION_CONTEXT
('Context #1','3D Context with UNIT and UNCERTAINTY') );
#3322 = ( LENGTH_UNIT() NAMED_UNIT(*) SI_UNIT(.MILLI.,.METRE.) );
#3323 = ( NAMED_UNIT(*) PLANE_ANGLE_UNIT() SI_UNIT($,.RADIAN.) );
#3324 = ( NAMED_UNIT(*) SI_UNIT($,.STERADIAN.) SOLID_ANGLE_UNIT() );
#3325 = UNCERTAINTY_MEASURE_WITH_UNIT(LENGTH_MEASURE(1.E-07),#3322,
  'distance_accuracy_value','confusion accuracy');
#3326 = CONTEXT_DEPENDENT_SHAPE_REPRESENTATION(#3327,#3329);
#3327 = ( REPRESENTATION_RELATIONSHIP('','',#2050,#10)
REPRESENTATION_RELATIONSHIP_WITH_TRANSFORMATION(#3328)
SHAPE_REPRESENTATION_RELATIONSHIP() );
#3328 = ITEM_DEFINED_TRANSFORMATION('','',#11,#59);
#3329 = PRODUCT_DEFINITION_SHAPE('Placement','Placement of an item',
  #3330);
#3330 = NEXT_ASSEMBLY_USAGE_OCCURRENCE('15','=>[0:1:1:8]','',#5,#2045,$
  );
#3331 = PRODUCT_RELATED_PRODUCT_CATEGORY('part',$,(#2047));
#3332 = SHAPE_DEFINITION_REPRESENTATION(#3333,#3339);
#3333 = PRODUCT_DEFINITION_SHAPE('','',#3334);
#3334 = PRODUCT_DEFINITION('design','',#3335,#3338);
#3335 = PRODUCT_DEFINITION_FORMATION('','',#3336);
#3336 = PRODUCT('MAIN_POWER_soldermask','MAIN_POWER_soldermask','',(
    #3337));
#3337 = PRODUCT_CONTEXT('',#2,'mechanical');
#3338 = PRODUCT_DEFINITION_CONTEXT('part definition',#2,'design');
#3339 = MANIFOLD_SURFACE_SHAPE_REPRESENTATION('',(#11,#3340),#4610);
#3340 = SHELL_BASED_SURFACE_MODEL('',(#3341));
#3341 = OPEN_SHELL('',(#3342));
#3342 = ADVANCED_FACE('',(#3343,#3890,#3901,#3912,#3923,#3934,#3945,
    #3956,#3967,#3978,#3989,#4000,#4011,#4022,#4033,#4044,#4055,#4066,
    #4077,#4088,#4099,#4110,#4121,#4132,#4143,#4154,#4165,#4176,#4187,
    #4198,#4209,#4220,#4231,#4242,#4253,#4264,#4275,#4286,#4297,#4308,
    #4319,#4330,#4341,#4352,#4363,#4374,#4385,#4396,#4407,#4418,#4429,
    #4440,#4451,#4462,#4473,#4484,#4495,#4506,#4517,#4528,#4539,#4550,
    #4561,#4572,#4583,#4594),#4605,.T.);
#3343 = FACE_BOUND('',#3344,.T.);
#3344 = EDGE_LOOP('',(#3345,#3356,#3364,#3372,#3380,#3389,#3397,#3405,
    #3414,#3422,#3430,#3438,#3447,#3455,#3463,#3471,#3480,#3488,#3496,
    #3505,#3513,#3521,#3529,#3538,#3546,#3554,#3562,#3571,#3579,#3587,
    #3595,#3604,#3612,#3620,#3628,#3637,#3645,#3653,#3661,#3670,#3678,
    #3686,#3694,#3703,#3711,#3719,#3727,#3736,#3744,#3752,#3760,#3769,
    #3777,#3785,#3793,#3802,#3810,#3818,#3826,#3835,#3843,#3851,#3859,
    #3868,#3876,#3884));
#3345 = ORIENTED_EDGE('',*,*,#3346,.T.);
#3346 = EDGE_CURVE('',#3347,#3349,#3351,.T.);
#3347 = VERTEX_POINT('',#3348);
#3348 = CARTESIAN_POINT('',(87.155765,-55.893325,-8.5E-02));
#3349 = VERTEX_POINT('',#3350);
#3350 = CARTESIAN_POINT('',(88.988007,-55.134349,-8.5E-02));
#3351 = CIRCLE('',#3352,3.002579003012);
#3352 = AXIS2_PLACEMENT_3D('',#3353,#3354,#3355);
#3353 = CARTESIAN_POINT('',(89.156498314699,-58.13219678569,-8.5E-02));
#3354 = DIRECTION('',(0.,0.,-1.));
#3355 = DIRECTION('',(-0.666338275426,0.745649584391,0.));
#3356 = ORIENTED_EDGE('',*,*,#3357,.T.);
#3357 = EDGE_CURVE('',#3349,#3358,#3360,.T.);
#3358 = VERTEX_POINT('',#3359);
#3359 = CARTESIAN_POINT('',(89.156349,-55.131981,-8.5E-02));
#3360 = LINE('',#3361,#3362);
#3361 = CARTESIAN_POINT('',(88.988007,-55.134349,-8.5E-02));
#3362 = VECTOR('',#3363,1.);
#3363 = DIRECTION('',(0.999901080027,1.406521104359E-02,0.));
#3364 = ORIENTED_EDGE('',*,*,#3365,.T.);
#3365 = EDGE_CURVE('',#3358,#3366,#3368,.T.);
#3366 = VERTEX_POINT('',#3367);
#3367 = CARTESIAN_POINT('',(123.6,-55.131981,-8.5E-02));
#3368 = LINE('',#3369,#3370);
#3369 = CARTESIAN_POINT('',(89.156349,-55.131981,-8.5E-02));
#3370 = VECTOR('',#3371,1.);
#3371 = DIRECTION('',(1.,0.,0.));
#3372 = ORIENTED_EDGE('',*,*,#3373,.T.);
#3373 = EDGE_CURVE('',#3366,#3374,#3376,.T.);
#3374 = VERTEX_POINT('',#3375);
#3375 = CARTESIAN_POINT('',(123.802711,-55.134545,-8.5E-02));
#3376 = LINE('',#3377,#3378);
#3377 = CARTESIAN_POINT('',(123.6,-55.131981,-8.5E-02));
#3378 = VECTOR('',#3379,1.);
#3379 = DIRECTION('',(0.999920016702,-1.264753724674E-02,0.));
#3380 = ORIENTED_EDGE('',*,*,#3381,.T.);
#3381 = EDGE_CURVE('',#3374,#3382,#3384,.T.);
#3382 = VERTEX_POINT('',#3383);
#3383 = CARTESIAN_POINT('',(126.050603,-62.296648,-8.5E-02));
#3384 = CIRCLE('',#3385,4.002571290438);
#3385 = AXIS2_PLACEMENT_3D('',#3386,#3387,#3388);
#3386 = CARTESIAN_POINT('',(123.60000053275,-59.13197985269,-8.5E-02));
#3387 = DIRECTION('',(0.,0.,-1.));
#3388 = DIRECTION('',(5.06450610202E-02,0.998716715488,0.));
#3389 = ORIENTED_EDGE('',*,*,#3390,.T.);
#3390 = EDGE_CURVE('',#3382,#3391,#3393,.T.);
#3391 = VERTEX_POINT('',#3392);
#3392 = CARTESIAN_POINT('',(125.885714,-62.414589,-8.5E-02));
#3393 = LINE('',#3394,#3395);
#3394 = CARTESIAN_POINT('',(126.050603,-62.296648,-8.5E-02));
#3395 = VECTOR('',#3396,1.);
#3396 = DIRECTION('',(-0.813352676734,-0.581770937095,0.));
#3397 = ORIENTED_EDGE('',*,*,#3398,.T.);
#3398 = EDGE_CURVE('',#3391,#3399,#3401,.T.);
#3399 = VERTEX_POINT('',#3400);
#3400 = CARTESIAN_POINT('',(125.73912,-62.519993,-8.5E-02));
#3401 = LINE('',#3402,#3403);
#3402 = CARTESIAN_POINT('',(125.885714,-62.414589,-8.5E-02));
#3403 = VECTOR('',#3404,1.);
#3404 = DIRECTION('',(-0.811911514207,-0.583780517916,0.));
#3405 = ORIENTED_EDGE('',*,*,#3406,.T.);
#3406 = EDGE_CURVE('',#3399,#3407,#3409,.T.);
#3407 = VERTEX_POINT('',#3408);
#3408 = CARTESIAN_POINT('',(124.602688,-64.69601,-8.5E-02));
#3409 = CIRCLE('',#3410,3.002545673052);
#3410 = AXIS2_PLACEMENT_3D('',#3411,#3412,#3413);
#3411 = CARTESIAN_POINT('',(127.59980378456,-64.87650236188,-8.5E-02));
#3412 = DIRECTION('',(0.,0.,1.));
#3413 = DIRECTION('',(-0.619702075229,0.78483714104,0.));
#3414 = ORIENTED_EDGE('',*,*,#3415,.T.);
#3415 = EDGE_CURVE('',#3407,#3416,#3418,.T.);
#3416 = VERTEX_POINT('',#3417);
#3417 = CARTESIAN_POINT('',(124.6,-64.876544,-8.5E-02));
#3418 = LINE('',#3419,#3420);
#3419 = CARTESIAN_POINT('',(124.602688,-64.69601,-8.5E-02));
#3420 = VECTOR('',#3421,1.);
#3421 = DIRECTION('',(-1.488751205871E-02,-0.999889174851,0.));
#3422 = ORIENTED_EDGE('',*,*,#3423,.T.);
#3423 = EDGE_CURVE('',#3416,#3424,#3426,.T.);
#3424 = VERTEX_POINT('',#3425);
#3425 = CARTESIAN_POINT('',(124.6,-69.131981,-8.5E-02));
#3426 = LINE('',#3427,#3428);
#3427 = CARTESIAN_POINT('',(124.6,-64.876544,-8.5E-02));
#3428 = VECTOR('',#3429,1.);
#3429 = DIRECTION('',(0.,-1.,0.));
#3430 = ORIENTED_EDGE('',*,*,#3431,.T.);
#3431 = EDGE_CURVE('',#3424,#3432,#3434,.T.);
#3432 = VERTEX_POINT('',#3433);
#3433 = CARTESIAN_POINT('',(124.602486,-69.518264,-8.5E-02));
#3434 = LINE('',#3435,#3436);
#3435 = CARTESIAN_POINT('',(124.6,-69.131981,-8.5E-02));
#3436 = VECTOR('',#3437,1.);
#3437 = DIRECTION('',(6.435562835539E-03,-0.999979291551,0.));
#3438 = ORIENTED_EDGE('',*,*,#3439,.T.);
#3439 = EDGE_CURVE('',#3432,#3440,#3442,.T.);
#3440 = VERTEX_POINT('',#3441);
#3441 = CARTESIAN_POINT('',(154.597514,-69.518264,-8.5E-02));
#3442 = CIRCLE('',#3443,15.002487813431);
#3443 = AXIS2_PLACEMENT_3D('',#3444,#3445,#3446);
#3444 = CARTESIAN_POINT('',(139.6,-69.13198118656,-8.5E-02));
#3445 = DIRECTION('',(0.,0.,1.));
#3446 = DIRECTION('',(-0.999668467424,-2.574791716113E-02,0.));
#3447 = ORIENTED_EDGE('',*,*,#3448,.T.);
#3448 = EDGE_CURVE('',#3440,#3449,#3451,.T.);
#3449 = VERTEX_POINT('',#3450);
#3450 = CARTESIAN_POINT('',(154.6,-69.131981,-8.5E-02));
#3451 = LINE('',#3452,#3453);
#3452 = CARTESIAN_POINT('',(154.597514,-69.518264,-8.5E-02));
#3453 = VECTOR('',#3454,1.);
#3454 = DIRECTION('',(6.435562835539E-03,0.999979291551,0.));
#3455 = ORIENTED_EDGE('',*,*,#3456,.T.);
#3456 = EDGE_CURVE('',#3449,#3457,#3459,.T.);
#3457 = VERTEX_POINT('',#3458);
#3458 = CARTESIAN_POINT('',(154.6,-64.876544,-8.5E-02));
#3459 = LINE('',#3460,#3461);
#3460 = CARTESIAN_POINT('',(154.6,-69.131981,-8.5E-02));
#3461 = VECTOR('',#3462,1.);
#3462 = DIRECTION('',(0.,1.,0.));
#3463 = ORIENTED_EDGE('',*,*,#3464,.T.);
#3464 = EDGE_CURVE('',#3457,#3465,#3467,.T.);
#3465 = VERTEX_POINT('',#3466);
#3466 = CARTESIAN_POINT('',(154.597311,-64.69601,-8.5E-02));
#3467 = LINE('',#3468,#3469);
#3468 = CARTESIAN_POINT('',(154.6,-64.876544,-8.5E-02));
#3469 = VECTOR('',#3470,1.);
#3470 = DIRECTION('',(-1.489304933941E-02,0.99988909239,0.));
#3471 = ORIENTED_EDGE('',*,*,#3472,.T.);
#3472 = EDGE_CURVE('',#3465,#3473,#3475,.T.);
#3473 = VERTEX_POINT('',#3474);
#3474 = CARTESIAN_POINT('',(153.460903,-62.51996,-8.5E-02));
#3475 = CIRCLE('',#3476,3.002850136439);
#3476 = AXIS2_PLACEMENT_3D('',#3477,#3478,#3479);
#3477 = CARTESIAN_POINT('',(151.59989621704,-64.87660225026,-8.5E-02));
#3478 = DIRECTION('',(0.,0.,1.));
#3479 = DIRECTION('',(0.998189935148,6.014028075216E-02,-0.));
#3480 = ORIENTED_EDGE('',*,*,#3481,.T.);
#3481 = EDGE_CURVE('',#3473,#3482,#3484,.T.);
#3482 = VERTEX_POINT('',#3483);
#3483 = CARTESIAN_POINT('',(153.314286,-62.414588,-8.5E-02));
#3484 = LINE('',#3485,#3486);
#3485 = CARTESIAN_POINT('',(153.460903,-62.51996,-8.5E-02));
#3486 = VECTOR('',#3487,1.);
#3487 = DIRECTION('',(-0.812038912001,0.583603294539,0.));
#3488 = ORIENTED_EDGE('',*,*,#3489,.T.);
#3489 = EDGE_CURVE('',#3482,#3490,#3492,.T.);
#3490 = VERTEX_POINT('',#3491);
#3491 = CARTESIAN_POINT('',(153.149377,-62.296675,-8.5E-02));
#3492 = LINE('',#3493,#3494);
#3493 = CARTESIAN_POINT('',(153.314286,-62.414588,-8.5E-02));
#3494 = VECTOR('',#3495,1.);
#3495 = DIRECTION('',(-0.813451410001,0.581632876965,0.));
#3496 = ORIENTED_EDGE('',*,*,#3497,.T.);
#3497 = EDGE_CURVE('',#3490,#3498,#3500,.T.);
#3498 = VERTEX_POINT('',#3499);
#3499 = CARTESIAN_POINT('',(155.397288,-55.134547,-8.5E-02));
#3500 = CIRCLE('',#3501,4.002589352718);
#3501 = AXIS2_PLACEMENT_3D('',#3502,#3503,#3504);
#3502 = CARTESIAN_POINT('',(155.59999994245,-59.13199986337,-8.5E-02));
#3503 = DIRECTION('',(0.,0.,-1.));
#3504 = DIRECTION('',(-0.612259396731,-0.790656961719,-0.));
#3505 = ORIENTED_EDGE('',*,*,#3506,.T.);
#3506 = EDGE_CURVE('',#3498,#3507,#3509,.T.);
#3507 = VERTEX_POINT('',#3508);
#3508 = CARTESIAN_POINT('',(155.6,-55.131981,-8.5E-02));
#3509 = LINE('',#3510,#3511);
#3510 = CARTESIAN_POINT('',(155.397288,-55.134547,-8.5E-02));
#3511 = VECTOR('',#3512,1.);
#3512 = DIRECTION('',(0.99991989268,1.265733871015E-02,0.));
#3513 = ORIENTED_EDGE('',*,*,#3514,.T.);
#3514 = EDGE_CURVE('',#3507,#3515,#3517,.T.);
#3515 = VERTEX_POINT('',#3516);
#3516 = CARTESIAN_POINT('',(190.043651,-55.131981,-8.5E-02));
#3517 = LINE('',#3518,#3519);
#3518 = CARTESIAN_POINT('',(155.6,-55.131981,-8.5E-02));
#3519 = VECTOR('',#3520,1.);
#3520 = DIRECTION('',(1.,0.,0.));
#3521 = ORIENTED_EDGE('',*,*,#3522,.T.);
#3522 = EDGE_CURVE('',#3515,#3523,#3525,.T.);
#3523 = VERTEX_POINT('',#3524);
#3524 = CARTESIAN_POINT('',(190.212,-55.13427,-8.5E-02));
#3525 = LINE('',#3526,#3527);
#3526 = CARTESIAN_POINT('',(190.043651,-55.131981,-8.5E-02));
#3527 = VECTOR('',#3528,1.);
#3528 = DIRECTION('',(0.99990757695,-1.359549770795E-02,0.));
#3529 = ORIENTED_EDGE('',*,*,#3530,.T.);
#3530 = EDGE_CURVE('',#3523,#3531,#3533,.T.);
#3531 = VERTEX_POINT('',#3532);
#3532 = CARTESIAN_POINT('',(192.044326,-55.893224,-8.5E-02));
#3533 = CIRCLE('',#3534,3.002152382178);
#3534 = AXIS2_PLACEMENT_3D('',#3535,#3536,#3537);
#3535 = CARTESIAN_POINT('',(190.04379755525,-58.13170671549,-8.5E-02));
#3536 = DIRECTION('',(0.,0.,-1.));
#3537 = DIRECTION('',(5.602728420674E-02,0.998429238066,0.));
#3538 = ORIENTED_EDGE('',*,*,#3539,.T.);
#3539 = EDGE_CURVE('',#3531,#3540,#3542,.T.);
#3540 = VERTEX_POINT('',#3541);
#3541 = CARTESIAN_POINT('',(192.164971,-56.010661,-8.5E-02));
#3542 = LINE('',#3543,#3544);
#3543 = CARTESIAN_POINT('',(192.044326,-55.893224,-8.5E-02));
#3544 = VECTOR('',#3545,1.);
#3545 = DIRECTION('',(0.716569538315,-0.697515660583,0.));
#3546 = ORIENTED_EDGE('',*,*,#3547,.T.);
#3547 = EDGE_CURVE('',#3540,#3548,#3550,.T.);
#3548 = VERTEX_POINT('',#3549);
#3549 = CARTESIAN_POINT('',(199.62132,-63.46701,-8.5E-02));
#3550 = LINE('',#3551,#3552);
#3551 = CARTESIAN_POINT('',(192.164971,-56.010661,-8.5E-02));
#3552 = VECTOR('',#3553,1.);
#3553 = DIRECTION('',(0.707106781187,-0.707106781187,0.));
#3554 = ORIENTED_EDGE('',*,*,#3555,.T.);
#3555 = EDGE_CURVE('',#3548,#3556,#3558,.T.);
#3556 = VERTEX_POINT('',#3557);
#3557 = CARTESIAN_POINT('',(199.738673,-63.58773,-8.5E-02));
#3558 = LINE('',#3559,#3560);
#3559 = CARTESIAN_POINT('',(199.62132,-63.46701,-8.5E-02));
#3560 = VECTOR('',#3561,1.);
#3561 = DIRECTION('',(0.697036661362,-0.717035489162,0.));
#3562 = ORIENTED_EDGE('',*,*,#3563,.T.);
#3563 = EDGE_CURVE('',#3556,#3564,#3566,.T.);
#3564 = VERTEX_POINT('',#3565);
#3565 = CARTESIAN_POINT('',(200.497637,-65.419987,-8.5E-02));
#3566 = CIRCLE('',#3567,3.002465844781);
#3567 = AXIS2_PLACEMENT_3D('',#3568,#3569,#3570);
#3568 = CARTESIAN_POINT('',(197.49989826833,-65.58840209955,-8.5E-02));
#3569 = DIRECTION('',(0.,0.,-1.));
#3570 = DIRECTION('',(0.74564536198,0.666343000382,0.));
#3571 = ORIENTED_EDGE('',*,*,#3572,.T.);
#3572 = EDGE_CURVE('',#3564,#3573,#3575,.T.);
#3573 = VERTEX_POINT('',#3574);
#3574 = CARTESIAN_POINT('',(200.5,-65.58833,-8.5E-02));
#3575 = LINE('',#3576,#3577);
#3576 = CARTESIAN_POINT('',(200.497637,-65.419987,-8.5E-02));
#3577 = VECTOR('',#3578,1.);
#3578 = DIRECTION('',(1.403543503914E-02,-0.99990149843,0.));
#3579 = ORIENTED_EDGE('',*,*,#3580,.T.);
#3580 = EDGE_CURVE('',#3573,#3581,#3583,.T.);
#3581 = VERTEX_POINT('',#3582);
#3582 = CARTESIAN_POINT('',(200.5,-87.631981,-8.5E-02));
#3583 = LINE('',#3584,#3585);
#3584 = CARTESIAN_POINT('',(200.5,-65.58833,-8.5E-02));
#3585 = VECTOR('',#3586,1.);
#3586 = DIRECTION('',(0.,-1.,0.));
#3587 = ORIENTED_EDGE('',*,*,#3588,.T.);
#3588 = EDGE_CURVE('',#3581,#3589,#3591,.T.);
#3589 = VERTEX_POINT('',#3590);
#3590 = CARTESIAN_POINT('',(200.497709,-87.800329,-8.5E-02));
#3591 = LINE('',#3592,#3593);
#3592 = CARTESIAN_POINT('',(200.5,-87.631981,-8.5E-02));
#3593 = VECTOR('',#3594,1.);
#3594 = DIRECTION('',(-1.360745530782E-02,-0.999907414294,0.));
#3595 = ORIENTED_EDGE('',*,*,#3596,.T.);
#3596 = EDGE_CURVE('',#3589,#3597,#3599,.T.);
#3597 = VERTEX_POINT('',#3598);
#3598 = CARTESIAN_POINT('',(197.668348,-90.629708,-8.5E-02));
#3599 = CIRCLE('',#3600,3.002432350954);
#3600 = AXIS2_PLACEMENT_3D('',#3601,#3602,#3603);
#3601 = CARTESIAN_POINT('',(197.49999902954,-87.63199910049,-8.5E-02));
#3602 = DIRECTION('',(0.,0.,-1.));
#3603 = DIRECTION('',(0.998427148411,-5.606451031504E-02,0.));
#3604 = ORIENTED_EDGE('',*,*,#3605,.T.);
#3605 = EDGE_CURVE('',#3597,#3606,#3608,.T.);
#3606 = VERTEX_POINT('',#3607);
#3607 = CARTESIAN_POINT('',(197.5,-90.631981,-8.5E-02));
#3608 = LINE('',#3609,#3610);
#3609 = CARTESIAN_POINT('',(197.668348,-90.629708,-8.5E-02));
#3610 = VECTOR('',#3611,1.);
#3611 = DIRECTION('',(-0.999908863241,-1.350056339338E-02,0.));
#3612 = ORIENTED_EDGE('',*,*,#3613,.T.);
#3613 = EDGE_CURVE('',#3606,#3614,#3616,.T.);
#3614 = VERTEX_POINT('',#3615);
#3615 = CARTESIAN_POINT('',(170.842641,-90.631981,-8.5E-02));
#3616 = LINE('',#3617,#3618);
#3617 = CARTESIAN_POINT('',(197.5,-90.631981,-8.5E-02));
#3618 = VECTOR('',#3619,1.);
#3619 = DIRECTION('',(-1.,0.,0.));
#3620 = ORIENTED_EDGE('',*,*,#3621,.T.);
#3621 = EDGE_CURVE('',#3614,#3622,#3624,.T.);
#3622 = VERTEX_POINT('',#3623);
#3623 = CARTESIAN_POINT('',(170.674298,-90.634366,-8.5E-02));
#3624 = LINE('',#3625,#3626);
#3625 = CARTESIAN_POINT('',(170.842641,-90.631981,-8.5E-02));
#3626 = VECTOR('',#3627,1.);
#3627 = DIRECTION('',(-0.999899656031,-1.416608162881E-02,0.));
#3628 = ORIENTED_EDGE('',*,*,#3629,.T.);
#3629 = EDGE_CURVE('',#3622,#3630,#3632,.T.);
#3630 = VERTEX_POINT('',#3631);
#3631 = CARTESIAN_POINT('',(168.842029,-91.393298,-8.5E-02));
#3632 = CIRCLE('',#3633,3.002563224098);
#3633 = AXIS2_PLACEMENT_3D('',#3634,#3635,#3636);
#3634 = CARTESIAN_POINT('',(170.84270156369,-93.63220291258,-8.5E-02));
#3635 = DIRECTION('',(0.,0.,1.));
#3636 = DIRECTION('',(-5.608660038962E-02,0.998425907745,0.));
#3637 = ORIENTED_EDGE('',*,*,#3638,.T.);
#3638 = EDGE_CURVE('',#3630,#3639,#3641,.T.);
#3639 = VERTEX_POINT('',#3640);
#3640 = CARTESIAN_POINT('',(168.72132,-91.510661,-8.5E-02));
#3641 = LINE('',#3642,#3643);
#3642 = CARTESIAN_POINT('',(168.842029,-91.393298,-8.5E-02));
#3643 = VECTOR('',#3644,1.);
#3644 = DIRECTION('',(-0.716974055361,-0.697099852201,0.));
#3645 = ORIENTED_EDGE('',*,*,#3646,.T.);
#3646 = EDGE_CURVE('',#3639,#3647,#3649,.T.);
#3647 = VERTEX_POINT('',#3648);
#3648 = CARTESIAN_POINT('',(160.47868,-99.753302,-8.5E-02));
#3649 = LINE('',#3650,#3651);
#3650 = CARTESIAN_POINT('',(168.72132,-91.510661,-8.5E-02));
#3651 = VECTOR('',#3652,1.);
#3652 = DIRECTION('',(-0.707106738293,-0.70710682408,0.));
#3653 = ORIENTED_EDGE('',*,*,#3654,.T.);
#3654 = EDGE_CURVE('',#3647,#3655,#3657,.T.);
#3655 = VERTEX_POINT('',#3656);
#3656 = CARTESIAN_POINT('',(160.361254,-99.873957,-8.5E-02));
#3657 = LINE('',#3658,#3659);
#3658 = CARTESIAN_POINT('',(160.47868,-99.753302,-8.5E-02));
#3659 = VECTOR('',#3660,1.);
#3660 = DIRECTION('',(-0.697452423656,-0.716631088313,0.));
#3661 = ORIENTED_EDGE('',*,*,#3662,.T.);
#3662 = EDGE_CURVE('',#3655,#3663,#3665,.T.);
#3663 = VERTEX_POINT('',#3664);
#3664 = CARTESIAN_POINT('',(159.602272,-101.706273,-8.5E-02));
#3665 = CIRCLE('',#3666,3.002346946082);
#3666 = AXIS2_PLACEMENT_3D('',#3667,#3668,#3669);
#3667 = CARTESIAN_POINT('',(162.59989668209,-101.8745984287,-8.5E-02));
#3668 = DIRECTION('',(0.,0.,1.));
#3669 = DIRECTION('',(-0.74563090885,0.666359173245,0.));
#3670 = ORIENTED_EDGE('',*,*,#3671,.T.);
#3671 = EDGE_CURVE('',#3663,#3672,#3674,.T.);
#3672 = VERTEX_POINT('',#3673);
#3673 = CARTESIAN_POINT('',(159.6,-101.874622,-8.5E-02));
#3674 = LINE('',#3675,#3676);
#3675 = CARTESIAN_POINT('',(159.602272,-101.706273,-8.5E-02));
#3676 = VECTOR('',#3677,1.);
#3677 = DIRECTION('',(-1.349454479607E-02,-0.999908944485,0.));
#3678 = ORIENTED_EDGE('',*,*,#3679,.T.);
#3679 = EDGE_CURVE('',#3672,#3680,#3682,.T.);
#3680 = VERTEX_POINT('',#3681);
#3681 = CARTESIAN_POINT('',(159.6,-112.631981,-8.5E-02));
#3682 = LINE('',#3683,#3684);
#3683 = CARTESIAN_POINT('',(159.6,-101.874622,-8.5E-02));
#3684 = VECTOR('',#3685,1.);
#3685 = DIRECTION('',(0.,-1.,0.));
#3686 = ORIENTED_EDGE('',*,*,#3687,.T.);
#3687 = EDGE_CURVE('',#3680,#3688,#3690,.T.);
#3688 = VERTEX_POINT('',#3689);
#3689 = CARTESIAN_POINT('',(159.597709,-112.800329,-8.5E-02));
#3690 = LINE('',#3691,#3692);
#3691 = CARTESIAN_POINT('',(159.6,-112.631981,-8.5E-02));
#3692 = VECTOR('',#3693,1.);
#3693 = DIRECTION('',(-1.360745530765E-02,-0.999907414294,0.));
#3694 = ORIENTED_EDGE('',*,*,#3695,.T.);
#3695 = EDGE_CURVE('',#3688,#3696,#3698,.T.);
#3696 = VERTEX_POINT('',#3697);
#3697 = CARTESIAN_POINT('',(156.768348,-115.629708,-8.5E-02));
#3698 = CIRCLE('',#3699,3.002432350955);
#3699 = AXIS2_PLACEMENT_3D('',#3700,#3701,#3702);
#3700 = CARTESIAN_POINT('',(156.59999902954,-112.6319991004,-8.5E-02));
#3701 = DIRECTION('',(0.,0.,-1.));
#3702 = DIRECTION('',(0.998427148411,-5.606451031506E-02,0.));
#3703 = ORIENTED_EDGE('',*,*,#3704,.T.);
#3704 = EDGE_CURVE('',#3696,#3705,#3707,.T.);
#3705 = VERTEX_POINT('',#3706);
#3706 = CARTESIAN_POINT('',(156.6,-115.631981,-8.5E-02));
#3707 = LINE('',#3708,#3709);
#3708 = CARTESIAN_POINT('',(156.768348,-115.629708,-8.5E-02));
#3709 = VECTOR('',#3710,1.);
#3710 = DIRECTION('',(-0.999908863241,-1.350056339338E-02,0.));
#3711 = ORIENTED_EDGE('',*,*,#3712,.T.);
#3712 = EDGE_CURVE('',#3705,#3713,#3715,.T.);
#3713 = VERTEX_POINT('',#3714);
#3714 = CARTESIAN_POINT('',(122.6,-115.631981,-8.5E-02));
#3715 = LINE('',#3716,#3717);
#3716 = CARTESIAN_POINT('',(156.6,-115.631981,-8.5E-02));
#3717 = VECTOR('',#3718,1.);
#3718 = DIRECTION('',(-1.,0.,0.));
#3719 = ORIENTED_EDGE('',*,*,#3720,.T.);
#3720 = EDGE_CURVE('',#3713,#3721,#3723,.T.);
#3721 = VERTEX_POINT('',#3722);
#3722 = CARTESIAN_POINT('',(122.431651,-115.629727,-8.5E-02));
#3723 = LINE('',#3724,#3725);
#3724 = CARTESIAN_POINT('',(122.6,-115.631981,-8.5E-02));
#3725 = VECTOR('',#3726,1.);
#3726 = DIRECTION('',(-0.999910381357,1.338765302778E-02,0.));
#3727 = ORIENTED_EDGE('',*,*,#3728,.T.);
#3728 = EDGE_CURVE('',#3721,#3729,#3731,.T.);
#3729 = VERTEX_POINT('',#3730);
#3730 = CARTESIAN_POINT('',(119.602272,-112.80033,-8.5E-02));
#3731 = CIRCLE('',#3732,3.002450047326);
#3732 = AXIS2_PLACEMENT_3D('',#3733,#3734,#3735);
#3733 = CARTESIAN_POINT('',(122.59999970936,-112.6320003615,-8.5E-02));
#3734 = DIRECTION('',(0.,0.,-1.));
#3735 = DIRECTION('',(-5.607044470847E-02,-0.99842681516,-0.));
#3736 = ORIENTED_EDGE('',*,*,#3737,.T.);
#3737 = EDGE_CURVE('',#3729,#3738,#3740,.T.);
#3738 = VERTEX_POINT('',#3739);
#3739 = CARTESIAN_POINT('',(119.6,-112.631981,-8.5E-02));
#3740 = LINE('',#3741,#3742);
#3741 = CARTESIAN_POINT('',(119.602272,-112.80033,-8.5E-02));
#3742 = VECTOR('',#3743,1.);
#3743 = DIRECTION('',(-1.349454479607E-02,0.999908944485,0.));
#3744 = ORIENTED_EDGE('',*,*,#3745,.T.);
#3745 = EDGE_CURVE('',#3738,#3746,#3748,.T.);
#3746 = VERTEX_POINT('',#3747);
#3747 = CARTESIAN_POINT('',(119.6,-101.874622,-8.5E-02));
#3748 = LINE('',#3749,#3750);
#3749 = CARTESIAN_POINT('',(119.6,-112.631981,-8.5E-02));
#3750 = VECTOR('',#3751,1.);
#3751 = DIRECTION('',(0.,1.,0.));
#3752 = ORIENTED_EDGE('',*,*,#3753,.T.);
#3753 = EDGE_CURVE('',#3746,#3754,#3756,.T.);
#3754 = VERTEX_POINT('',#3755);
#3755 = CARTESIAN_POINT('',(119.597662,-101.706278,-8.5E-02));
#3756 = LINE('',#3757,#3758);
#3757 = CARTESIAN_POINT('',(119.6,-101.874622,-8.5E-02));
#3758 = VECTOR('',#3759,1.);
#3759 = DIRECTION('',(-1.388688965747E-02,0.999903572499,0.));
#3760 = ORIENTED_EDGE('',*,*,#3761,.T.);
#3761 = EDGE_CURVE('',#3754,#3762,#3764,.T.);
#3762 = VERTEX_POINT('',#3763);
#3763 = CARTESIAN_POINT('',(118.838688,-99.874007,-8.5E-02));
#3764 = CIRCLE('',#3765,3.002484089624);
#3765 = AXIS2_PLACEMENT_3D('',#3766,#3767,#3768);
#3766 = CARTESIAN_POINT('',(116.59990524185,-101.8746974983,-8.5E-02));
#3767 = DIRECTION('',(0.,0.,1.));
#3768 = DIRECTION('',(0.998425526552,5.609338579101E-02,-0.));
#3769 = ORIENTED_EDGE('',*,*,#3770,.T.);
#3770 = EDGE_CURVE('',#3762,#3771,#3773,.T.);
#3771 = VERTEX_POINT('',#3772);
#3772 = CARTESIAN_POINT('',(118.72132,-99.753301,-8.5E-02));
#3773 = LINE('',#3774,#3775);
#3774 = CARTESIAN_POINT('',(118.838688,-99.874007,-8.5E-02));
#3775 = VECTOR('',#3776,1.);
#3776 = DIRECTION('',(-0.697124024171,0.716950552635,0.));
#3777 = ORIENTED_EDGE('',*,*,#3778,.T.);
#3778 = EDGE_CURVE('',#3771,#3779,#3781,.T.);
#3779 = VERTEX_POINT('',#3780);
#3780 = CARTESIAN_POINT('',(110.478679,-91.510661,-8.5E-02));
#3781 = LINE('',#3782,#3783);
#3782 = CARTESIAN_POINT('',(118.72132,-99.753301,-8.5E-02));
#3783 = VECTOR('',#3784,1.);
#3784 = DIRECTION('',(-0.70710682408,0.707106738293,0.));
#3785 = ORIENTED_EDGE('',*,*,#3786,.T.);
#3786 = EDGE_CURVE('',#3779,#3787,#3789,.T.);
#3787 = VERTEX_POINT('',#3788);
#3788 = CARTESIAN_POINT('',(110.358018,-91.393241,-8.5E-02));
#3789 = LINE('',#3790,#3791);
#3790 = CARTESIAN_POINT('',(110.478679,-91.510661,-8.5E-02));
#3791 = VECTOR('',#3792,1.);
#3792 = DIRECTION('',(-0.716666234618,0.697416309071,0.));
#3793 = ORIENTED_EDGE('',*,*,#3794,.T.);
#3794 = EDGE_CURVE('',#3787,#3795,#3797,.T.);
#3795 = VERTEX_POINT('',#3796);
#3796 = CARTESIAN_POINT('',(108.525708,-90.634252,-8.5E-02));
#3797 = CIRCLE('',#3798,3.002271261232);
#3798 = AXIS2_PLACEMENT_3D('',#3799,#3800,#3801);
#3799 = CARTESIAN_POINT('',(108.35739849724,-93.63180177228,-8.5E-02));
#3800 = DIRECTION('',(0.,0.,1.));
#3801 = DIRECTION('',(0.666368668479,0.745622422993,-0.));
#3802 = ORIENTED_EDGE('',*,*,#3803,.T.);
#3803 = EDGE_CURVE('',#3795,#3804,#3806,.T.);
#3804 = VERTEX_POINT('',#3805);
#3805 = CARTESIAN_POINT('',(108.357359,-90.631981,-8.5E-02));
#3806 = LINE('',#3807,#3808);
#3807 = CARTESIAN_POINT('',(108.525708,-90.634252,-8.5E-02));
#3808 = VECTOR('',#3809,1.);
#3809 = DIRECTION('',(-0.999909024611,1.348860637663E-02,0.));
#3810 = ORIENTED_EDGE('',*,*,#3811,.T.);
#3811 = EDGE_CURVE('',#3804,#3812,#3814,.T.);
#3812 = VERTEX_POINT('',#3813);
#3813 = CARTESIAN_POINT('',(81.7,-90.631981,-8.5E-02));
#3814 = LINE('',#3815,#3816);
#3815 = CARTESIAN_POINT('',(108.357359,-90.631981,-8.5E-02));
#3816 = VECTOR('',#3817,1.);
#3817 = DIRECTION('',(-1.,0.,0.));
#3818 = ORIENTED_EDGE('',*,*,#3819,.T.);
#3819 = EDGE_CURVE('',#3812,#3820,#3822,.T.);
#3820 = VERTEX_POINT('',#3821);
#3821 = CARTESIAN_POINT('',(81.531651,-90.629727,-8.5E-02));
#3822 = LINE('',#3823,#3824);
#3823 = CARTESIAN_POINT('',(81.7,-90.631981,-8.5E-02));
#3824 = VECTOR('',#3825,1.);
#3825 = DIRECTION('',(-0.999910381357,1.338765302778E-02,0.));
#3826 = ORIENTED_EDGE('',*,*,#3827,.T.);
#3827 = EDGE_CURVE('',#3820,#3828,#3830,.T.);
#3828 = VERTEX_POINT('',#3829);
#3829 = CARTESIAN_POINT('',(78.702272,-87.80033,-8.5E-02));
#3830 = CIRCLE('',#3831,3.002450047326);
#3831 = AXIS2_PLACEMENT_3D('',#3832,#3833,#3834);
#3832 = CARTESIAN_POINT('',(81.699999709369,-87.63200036157,-8.5E-02));
#3833 = DIRECTION('',(0.,0.,-1.));
#3834 = DIRECTION('',(-5.607044470847E-02,-0.99842681516,-0.));
#3835 = ORIENTED_EDGE('',*,*,#3836,.T.);
#3836 = EDGE_CURVE('',#3828,#3837,#3839,.T.);
#3837 = VERTEX_POINT('',#3838);
#3838 = CARTESIAN_POINT('',(78.7,-87.631981,-8.5E-02));
#3839 = LINE('',#3840,#3841);
#3840 = CARTESIAN_POINT('',(78.702272,-87.80033,-8.5E-02));
#3841 = VECTOR('',#3842,1.);
#3842 = DIRECTION('',(-1.349454479599E-02,0.999908944485,0.));
#3843 = ORIENTED_EDGE('',*,*,#3844,.T.);
#3844 = EDGE_CURVE('',#3837,#3845,#3847,.T.);
#3845 = VERTEX_POINT('',#3846);
#3846 = CARTESIAN_POINT('',(78.7,-65.58833,-8.5E-02));
#3847 = LINE('',#3848,#3849);
#3848 = CARTESIAN_POINT('',(78.7,-87.631981,-8.5E-02));
#3849 = VECTOR('',#3850,1.);
#3850 = DIRECTION('',(0.,1.,0.));
#3851 = ORIENTED_EDGE('',*,*,#3852,.T.);
#3852 = EDGE_CURVE('',#3845,#3853,#3855,.T.);
#3853 = VERTEX_POINT('',#3854);
#3854 = CARTESIAN_POINT('',(78.702264,-65.419981,-8.5E-02));
#3855 = LINE('',#3856,#3857);
#3856 = CARTESIAN_POINT('',(78.7,-65.58833,-8.5E-02));
#3857 = VECTOR('',#3858,1.);
#3858 = DIRECTION('',(1.344703740038E-02,0.999909584505,0.));
#3859 = ORIENTED_EDGE('',*,*,#3860,.T.);
#3860 = EDGE_CURVE('',#3853,#3861,#3863,.T.);
#3861 = VERTEX_POINT('',#3862);
#3862 = CARTESIAN_POINT('',(79.461244,-63.587656,-8.5E-02));
#3863 = CIRCLE('',#3864,3.002365943833);
#3864 = AXIS2_PLACEMENT_3D('',#3865,#3866,#3867);
#3865 = CARTESIAN_POINT('',(81.699907950599,-65.58830213987,-8.5E-02));
#3866 = DIRECTION('',(0.,0.,-1.));
#3867 = DIRECTION('',(-0.998427242607,5.606283278561E-02,0.));
#3868 = ORIENTED_EDGE('',*,*,#3869,.T.);
#3869 = EDGE_CURVE('',#3861,#3870,#3872,.T.);
#3870 = VERTEX_POINT('',#3871);
#3871 = CARTESIAN_POINT('',(79.57868,-63.46701,-8.5E-02));
#3872 = LINE('',#3873,#3874);
#3873 = CARTESIAN_POINT('',(79.461244,-63.587656,-8.5E-02));
#3874 = VECTOR('',#3875,1.);
#3875 = DIRECTION('',(0.697509642133,0.716575396683,0.));
#3876 = ORIENTED_EDGE('',*,*,#3877,.T.);
#3877 = EDGE_CURVE('',#3870,#3878,#3880,.T.);
#3878 = VERTEX_POINT('',#3879);
#3879 = CARTESIAN_POINT('',(87.035029,-56.010661,-8.5E-02));
#3880 = LINE('',#3881,#3882);
#3881 = CARTESIAN_POINT('',(79.57868,-63.46701,-8.5E-02));
#3882 = VECTOR('',#3883,1.);
#3883 = DIRECTION('',(0.707106781187,0.707106781187,0.));
#3884 = ORIENTED_EDGE('',*,*,#3885,.T.);
#3885 = EDGE_CURVE('',#3878,#3347,#3886,.T.);
#3886 = LINE('',#3887,#3888);
#3887 = CARTESIAN_POINT('',(87.035029,-56.010661,-8.5E-02));
#3888 = VECTOR('',#3889,1.);
#3889 = DIRECTION('',(0.717132122869,0.696937241328,0.));
#3890 = FACE_BOUND('',#3891,.T.);
#3891 = EDGE_LOOP('',(#3892));
#3892 = ORIENTED_EDGE('',*,*,#3893,.T.);
#3893 = EDGE_CURVE('',#3894,#3894,#3896,.T.);
#3894 = VERTEX_POINT('',#3895);
#3895 = CARTESIAN_POINT('',(125.337473,-111.631981,-8.5E-02));
#3896 = CIRCLE('',#3897,1.737473);
#3897 = AXIS2_PLACEMENT_3D('',#3898,#3899,#3900);
#3898 = CARTESIAN_POINT('',(123.6,-111.631981,-8.5E-02));
#3899 = DIRECTION('',(0.,0.,1.));
#3900 = DIRECTION('',(1.,0.,-0.));
#3901 = FACE_BOUND('',#3902,.T.);
#3902 = EDGE_LOOP('',(#3903));
#3903 = ORIENTED_EDGE('',*,*,#3904,.T.);
#3904 = EDGE_CURVE('',#3905,#3905,#3907,.T.);
#3905 = VERTEX_POINT('',#3906);
#3906 = CARTESIAN_POINT('',(157.337473,-111.631981,-8.5E-02));
#3907 = CIRCLE('',#3908,1.737473);
#3908 = AXIS2_PLACEMENT_3D('',#3909,#3910,#3911);
#3909 = CARTESIAN_POINT('',(155.6,-111.631981,-8.5E-02));
#3910 = DIRECTION('',(0.,0.,1.));
#3911 = DIRECTION('',(1.,0.,-0.));
#3912 = FACE_BOUND('',#3913,.T.);
#3913 = EDGE_LOOP('',(#3914));
#3914 = ORIENTED_EDGE('',*,*,#3915,.T.);
#3915 = EDGE_CURVE('',#3916,#3916,#3918,.T.);
#3916 = VERTEX_POINT('',#3917);
#3917 = CARTESIAN_POINT('',(135.207439,-108.832,-8.5E-02));
#3918 = CIRCLE('',#3919,0.687439);
#3919 = AXIS2_PLACEMENT_3D('',#3920,#3921,#3922);
#3920 = CARTESIAN_POINT('',(134.52,-108.832,-8.5E-02));
#3921 = DIRECTION('',(0.,0.,1.));
#3922 = DIRECTION('',(1.,0.,-0.));
#3923 = FACE_BOUND('',#3924,.T.);
#3924 = EDGE_LOOP('',(#3925));
#3925 = ORIENTED_EDGE('',*,*,#3926,.T.);
#3926 = EDGE_CURVE('',#3927,#3927,#3929,.T.);
#3927 = VERTEX_POINT('',#3928);
#3928 = CARTESIAN_POINT('',(145.367439,-108.832,-8.5E-02));
#3929 = CIRCLE('',#3930,0.687439);
#3930 = AXIS2_PLACEMENT_3D('',#3931,#3932,#3933);
#3931 = CARTESIAN_POINT('',(144.68,-108.832,-8.5E-02));
#3932 = DIRECTION('',(0.,0.,1.));
#3933 = DIRECTION('',(1.,0.,-0.));
#3934 = FACE_BOUND('',#3935,.T.);
#3935 = EDGE_LOOP('',(#3936));
#3936 = ORIENTED_EDGE('',*,*,#3937,.T.);
#3937 = EDGE_CURVE('',#3938,#3938,#3940,.T.);
#3938 = VERTEX_POINT('',#3939);
#3939 = CARTESIAN_POINT('',(135.207439,-103.752,-8.5E-02));
#3940 = CIRCLE('',#3941,0.687439);
#3941 = AXIS2_PLACEMENT_3D('',#3942,#3943,#3944);
#3942 = CARTESIAN_POINT('',(134.52,-103.752,-8.5E-02));
#3943 = DIRECTION('',(0.,0.,1.));
#3944 = DIRECTION('',(1.,0.,-0.));
#3945 = FACE_BOUND('',#3946,.T.);
#3946 = EDGE_LOOP('',(#3947));
#3947 = ORIENTED_EDGE('',*,*,#3948,.T.);
#3948 = EDGE_CURVE('',#3949,#3949,#3951,.T.);
#3949 = VERTEX_POINT('',#3950);
#3950 = CARTESIAN_POINT('',(145.367439,-103.752,-8.5E-02));
#3951 = CIRCLE('',#3952,0.687439);
#3952 = AXIS2_PLACEMENT_3D('',#3953,#3954,#3955);
#3953 = CARTESIAN_POINT('',(144.68,-103.752,-8.5E-02));
#3954 = DIRECTION('',(0.,0.,1.));
#3955 = DIRECTION('',(1.,0.,-0.));
#3956 = FACE_BOUND('',#3957,.T.);
#3957 = EDGE_LOOP('',(#3958));
#3958 = ORIENTED_EDGE('',*,*,#3959,.T.);
#3959 = EDGE_CURVE('',#3960,#3960,#3962,.T.);
#3960 = VERTEX_POINT('',#3961);
#3961 = CARTESIAN_POINT('',(93.32442,-84.75,-8.5E-02));
#3962 = CIRCLE('',#3963,0.837439);
#3963 = AXIS2_PLACEMENT_3D('',#3964,#3965,#3966);
#3964 = CARTESIAN_POINT('',(92.486981,-84.75,-8.5E-02));
#3965 = DIRECTION('',(0.,0.,1.));
#3966 = DIRECTION('',(1.,0.,-0.));
#3967 = FACE_BOUND('',#3968,.T.);
#3968 = EDGE_LOOP('',(#3969));
#3969 = ORIENTED_EDGE('',*,*,#3970,.T.);
#3970 = EDGE_CURVE('',#3971,#3971,#3973,.T.);
#3971 = VERTEX_POINT('',#3972);
#3972 = CARTESIAN_POINT('',(97.28442,-84.75,-8.5E-02));
#3973 = CIRCLE('',#3974,0.837439);
#3974 = AXIS2_PLACEMENT_3D('',#3975,#3976,#3977);
#3975 = CARTESIAN_POINT('',(96.446981,-84.75,-8.5E-02));
#3976 = DIRECTION('',(0.,0.,1.));
#3977 = DIRECTION('',(1.,0.,-0.));
#3978 = FACE_BOUND('',#3979,.T.);
#3979 = EDGE_LOOP('',(#3980));
#3980 = ORIENTED_EDGE('',*,*,#3981,.T.);
#3981 = EDGE_CURVE('',#3982,#3982,#3984,.T.);
#3982 = VERTEX_POINT('',#3983);
#3983 = CARTESIAN_POINT('',(102.95317,-84.75,-8.5E-02));
#3984 = CIRCLE('',#3985,0.837439);
#3985 = AXIS2_PLACEMENT_3D('',#3986,#3987,#3988);
#3986 = CARTESIAN_POINT('',(102.115731,-84.75,-8.5E-02));
#3987 = DIRECTION('',(0.,0.,1.));
#3988 = DIRECTION('',(1.,0.,-0.));
#3989 = FACE_BOUND('',#3990,.T.);
#3990 = EDGE_LOOP('',(#3991));
#3991 = ORIENTED_EDGE('',*,*,#3992,.T.);
#3992 = EDGE_CURVE('',#3993,#3993,#3995,.T.);
#3993 = VERTEX_POINT('',#3994);
#3994 = CARTESIAN_POINT('',(106.91317,-84.75,-8.5E-02));
#3995 = CIRCLE('',#3996,0.837439);
#3996 = AXIS2_PLACEMENT_3D('',#3997,#3998,#3999);
#3997 = CARTESIAN_POINT('',(106.075731,-84.75,-8.5E-02));
#3998 = DIRECTION('',(0.,0.,1.));
#3999 = DIRECTION('',(1.,0.,-0.));
#4000 = FACE_BOUND('',#4001,.T.);
#4001 = EDGE_LOOP('',(#4002));
#4002 = ORIENTED_EDGE('',*,*,#4003,.T.);
#4003 = EDGE_CURVE('',#4004,#4004,#4006,.T.);
#4004 = VERTEX_POINT('',#4005);
#4005 = CARTESIAN_POINT('',(112.113451,-84.75,-8.5E-02));
#4006 = CIRCLE('',#4007,0.837439);
#4007 = AXIS2_PLACEMENT_3D('',#4008,#4009,#4010);
#4008 = CARTESIAN_POINT('',(111.276012,-84.75,-8.5E-02));
#4009 = DIRECTION('',(0.,0.,1.));
#4010 = DIRECTION('',(1.,0.,-0.));
#4011 = FACE_BOUND('',#4012,.T.);
#4012 = EDGE_LOOP('',(#4013));
#4013 = ORIENTED_EDGE('',*,*,#4014,.T.);
#4014 = EDGE_CURVE('',#4015,#4015,#4017,.T.);
#4015 = VERTEX_POINT('',#4016);
#4016 = CARTESIAN_POINT('',(116.073451,-84.75,-8.5E-02));
#4017 = CIRCLE('',#4018,0.837439);
#4018 = AXIS2_PLACEMENT_3D('',#4019,#4020,#4021);
#4019 = CARTESIAN_POINT('',(115.236012,-84.75,-8.5E-02));
#4020 = DIRECTION('',(0.,0.,1.));
#4021 = DIRECTION('',(1.,0.,-0.));
#4022 = FACE_BOUND('',#4023,.T.);
#4023 = EDGE_LOOP('',(#4024));
#4024 = ORIENTED_EDGE('',*,*,#4025,.T.);
#4025 = EDGE_CURVE('',#4026,#4026,#4028,.T.);
#4026 = VERTEX_POINT('',#4027);
#4027 = CARTESIAN_POINT('',(170.249939,-84.75,-8.5E-02));
#4028 = CIRCLE('',#4029,0.837439);
#4029 = AXIS2_PLACEMENT_3D('',#4030,#4031,#4032);
#4030 = CARTESIAN_POINT('',(169.4125,-84.75,-8.5E-02));
#4031 = DIRECTION('',(0.,0.,1.));
#4032 = DIRECTION('',(1.,0.,-0.));
#4033 = FACE_BOUND('',#4034,.T.);
#4034 = EDGE_LOOP('',(#4035));
#4035 = ORIENTED_EDGE('',*,*,#4036,.T.);
#4036 = EDGE_CURVE('',#4037,#4037,#4039,.T.);
#4037 = VERTEX_POINT('',#4038);
#4038 = CARTESIAN_POINT('',(174.209939,-84.75,-8.5E-02));
#4039 = CIRCLE('',#4040,0.837439);
#4040 = AXIS2_PLACEMENT_3D('',#4041,#4042,#4043);
#4041 = CARTESIAN_POINT('',(173.3725,-84.75,-8.5E-02));
#4042 = DIRECTION('',(0.,0.,1.));
#4043 = DIRECTION('',(1.,0.,-0.));
#4044 = FACE_BOUND('',#4045,.T.);
#4045 = EDGE_LOOP('',(#4046));
#4046 = ORIENTED_EDGE('',*,*,#4047,.T.);
#4047 = EDGE_CURVE('',#4048,#4048,#4050,.T.);
#4048 = VERTEX_POINT('',#4049);
#4049 = CARTESIAN_POINT('',(181.657439,-84.75,-8.5E-02));
#4050 = CIRCLE('',#4051,0.837439);
#4051 = AXIS2_PLACEMENT_3D('',#4052,#4053,#4054);
#4052 = CARTESIAN_POINT('',(180.82,-84.75,-8.5E-02));
#4053 = DIRECTION('',(0.,0.,1.));
#4054 = DIRECTION('',(1.,0.,-0.));
#4055 = FACE_BOUND('',#4056,.T.);
#4056 = EDGE_LOOP('',(#4057));
#4057 = ORIENTED_EDGE('',*,*,#4058,.T.);
#4058 = EDGE_CURVE('',#4059,#4059,#4061,.T.);
#4059 = VERTEX_POINT('',#4060);
#4060 = CARTESIAN_POINT('',(185.617439,-84.75,-8.5E-02));
#4061 = CIRCLE('',#4062,0.837439);
#4062 = AXIS2_PLACEMENT_3D('',#4063,#4064,#4065);
#4063 = CARTESIAN_POINT('',(184.78,-84.75,-8.5E-02));
#4064 = DIRECTION('',(0.,0.,1.));
#4065 = DIRECTION('',(1.,0.,-0.));
#4066 = FACE_BOUND('',#4067,.T.);
#4067 = EDGE_LOOP('',(#4068));
#4068 = ORIENTED_EDGE('',*,*,#4069,.T.);
#4069 = EDGE_CURVE('',#4070,#4070,#4072,.T.);
#4070 = VERTEX_POINT('',#4071);
#4071 = CARTESIAN_POINT('',(84.437473,-76.610156,-8.5E-02));
#4072 = CIRCLE('',#4073,1.737473);
#4073 = AXIS2_PLACEMENT_3D('',#4074,#4075,#4076);
#4074 = CARTESIAN_POINT('',(82.7,-76.610156,-8.5E-02));
#4075 = DIRECTION('',(0.,0.,1.));
#4076 = DIRECTION('',(1.,0.,-0.));
#4077 = FACE_BOUND('',#4078,.T.);
#4078 = EDGE_LOOP('',(#4079));
#4079 = ORIENTED_EDGE('',*,*,#4080,.T.);
#4080 = EDGE_CURVE('',#4081,#4081,#4083,.T.);
#4081 = VERTEX_POINT('',#4082);
#4082 = CARTESIAN_POINT('',(198.237473,-76.610156,-8.5E-02));
#4083 = CIRCLE('',#4084,1.737473);
#4084 = AXIS2_PLACEMENT_3D('',#4085,#4086,#4087);
#4085 = CARTESIAN_POINT('',(196.5,-76.610156,-8.5E-02));
#4086 = DIRECTION('',(0.,0.,1.));
#4087 = DIRECTION('',(1.,0.,-0.));
#4088 = FACE_BOUND('',#4089,.T.);
#4089 = EDGE_LOOP('',(#4090));
#4090 = ORIENTED_EDGE('',*,*,#4091,.T.);
#4091 = EDGE_CURVE('',#4092,#4092,#4094,.T.);
#4092 = VERTEX_POINT('',#4093);
#4093 = CARTESIAN_POINT('',(93.90442,-74.3,-8.5E-02));
#4094 = CIRCLE('',#4095,0.687439);
#4095 = AXIS2_PLACEMENT_3D('',#4096,#4097,#4098);
#4096 = CARTESIAN_POINT('',(93.216981,-74.3,-8.5E-02));
#4097 = DIRECTION('',(0.,0.,1.));
#4098 = DIRECTION('',(1.,0.,-0.));
#4099 = FACE_BOUND('',#4100,.T.);
#4100 = EDGE_LOOP('',(#4101));
#4101 = ORIENTED_EDGE('',*,*,#4102,.T.);
#4102 = EDGE_CURVE('',#4103,#4103,#4105,.T.);
#4103 = VERTEX_POINT('',#4104);
#4104 = CARTESIAN_POINT('',(96.40442,-74.3,-8.5E-02));
#4105 = CIRCLE('',#4106,0.687439);
#4106 = AXIS2_PLACEMENT_3D('',#4107,#4108,#4109);
#4107 = CARTESIAN_POINT('',(95.716981,-74.3,-8.5E-02));
#4108 = DIRECTION('',(0.,0.,1.));
#4109 = DIRECTION('',(1.,0.,-0.));
#4110 = FACE_BOUND('',#4111,.T.);
#4111 = EDGE_LOOP('',(#4112));
#4112 = ORIENTED_EDGE('',*,*,#4113,.T.);
#4113 = EDGE_CURVE('',#4114,#4114,#4116,.T.);
#4114 = VERTEX_POINT('',#4115);
#4115 = CARTESIAN_POINT('',(103.53317,-74.3,-8.5E-02));
#4116 = CIRCLE('',#4117,0.687439);
#4117 = AXIS2_PLACEMENT_3D('',#4118,#4119,#4120);
#4118 = CARTESIAN_POINT('',(102.845731,-74.3,-8.5E-02));
#4119 = DIRECTION('',(0.,0.,1.));
#4120 = DIRECTION('',(1.,0.,-0.));
#4121 = FACE_BOUND('',#4122,.T.);
#4122 = EDGE_LOOP('',(#4123));
#4123 = ORIENTED_EDGE('',*,*,#4124,.T.);
#4124 = EDGE_CURVE('',#4125,#4125,#4127,.T.);
#4125 = VERTEX_POINT('',#4126);
#4126 = CARTESIAN_POINT('',(106.03317,-74.3,-8.5E-02));
#4127 = CIRCLE('',#4128,0.687439);
#4128 = AXIS2_PLACEMENT_3D('',#4129,#4130,#4131);
#4129 = CARTESIAN_POINT('',(105.345731,-74.3,-8.5E-02));
#4130 = DIRECTION('',(0.,0.,1.));
#4131 = DIRECTION('',(1.,0.,-0.));
#4132 = FACE_BOUND('',#4133,.T.);
#4133 = EDGE_LOOP('',(#4134));
#4134 = ORIENTED_EDGE('',*,*,#4135,.T.);
#4135 = EDGE_CURVE('',#4136,#4136,#4138,.T.);
#4136 = VERTEX_POINT('',#4137);
#4137 = CARTESIAN_POINT('',(112.693451,-74.3,-8.5E-02));
#4138 = CIRCLE('',#4139,0.687439);
#4139 = AXIS2_PLACEMENT_3D('',#4140,#4141,#4142);
#4140 = CARTESIAN_POINT('',(112.006012,-74.3,-8.5E-02));
#4141 = DIRECTION('',(0.,0.,1.));
#4142 = DIRECTION('',(1.,0.,-0.));
#4143 = FACE_BOUND('',#4144,.T.);
#4144 = EDGE_LOOP('',(#4145));
#4145 = ORIENTED_EDGE('',*,*,#4146,.T.);
#4146 = EDGE_CURVE('',#4147,#4147,#4149,.T.);
#4147 = VERTEX_POINT('',#4148);
#4148 = CARTESIAN_POINT('',(115.193451,-74.3,-8.5E-02));
#4149 = CIRCLE('',#4150,0.687439);
#4150 = AXIS2_PLACEMENT_3D('',#4151,#4152,#4153);
#4151 = CARTESIAN_POINT('',(114.506012,-74.3,-8.5E-02));
#4152 = DIRECTION('',(0.,0.,1.));
#4153 = DIRECTION('',(1.,0.,-0.));
#4154 = FACE_BOUND('',#4155,.T.);
#4155 = EDGE_LOOP('',(#4156));
#4156 = ORIENTED_EDGE('',*,*,#4157,.T.);
#4157 = EDGE_CURVE('',#4158,#4158,#4160,.T.);
#4158 = VERTEX_POINT('',#4159);
#4159 = CARTESIAN_POINT('',(170.829939,-74.3,-8.5E-02));
#4160 = CIRCLE('',#4161,0.687439);
#4161 = AXIS2_PLACEMENT_3D('',#4162,#4163,#4164);
#4162 = CARTESIAN_POINT('',(170.1425,-74.3,-8.5E-02));
#4163 = DIRECTION('',(0.,0.,1.));
#4164 = DIRECTION('',(1.,0.,-0.));
#4165 = FACE_BOUND('',#4166,.T.);
#4166 = EDGE_LOOP('',(#4167));
#4167 = ORIENTED_EDGE('',*,*,#4168,.T.);
#4168 = EDGE_CURVE('',#4169,#4169,#4171,.T.);
#4169 = VERTEX_POINT('',#4170);
#4170 = CARTESIAN_POINT('',(173.329939,-74.3,-8.5E-02));
#4171 = CIRCLE('',#4172,0.687439);
#4172 = AXIS2_PLACEMENT_3D('',#4173,#4174,#4175);
#4173 = CARTESIAN_POINT('',(172.6425,-74.3,-8.5E-02));
#4174 = DIRECTION('',(0.,0.,1.));
#4175 = DIRECTION('',(1.,0.,-0.));
#4176 = FACE_BOUND('',#4177,.T.);
#4177 = EDGE_LOOP('',(#4178));
#4178 = ORIENTED_EDGE('',*,*,#4179,.T.);
#4179 = EDGE_CURVE('',#4180,#4180,#4182,.T.);
#4180 = VERTEX_POINT('',#4181);
#4181 = CARTESIAN_POINT('',(182.237439,-74.3,-8.5E-02));
#4182 = CIRCLE('',#4183,0.687439);
#4183 = AXIS2_PLACEMENT_3D('',#4184,#4185,#4186);
#4184 = CARTESIAN_POINT('',(181.55,-74.3,-8.5E-02));
#4185 = DIRECTION('',(0.,0.,1.));
#4186 = DIRECTION('',(1.,0.,-0.));
#4187 = FACE_BOUND('',#4188,.T.);
#4188 = EDGE_LOOP('',(#4189));
#4189 = ORIENTED_EDGE('',*,*,#4190,.T.);
#4190 = EDGE_CURVE('',#4191,#4191,#4193,.T.);
#4191 = VERTEX_POINT('',#4192);
#4192 = CARTESIAN_POINT('',(184.737439,-74.3,-8.5E-02));
#4193 = CIRCLE('',#4194,0.687439);
#4194 = AXIS2_PLACEMENT_3D('',#4195,#4196,#4197);
#4195 = CARTESIAN_POINT('',(184.05,-74.3,-8.5E-02));
#4196 = DIRECTION('',(0.,0.,1.));
#4197 = DIRECTION('',(1.,0.,-0.));
#4198 = FACE_BOUND('',#4199,.T.);
#4199 = EDGE_LOOP('',(#4200));
#4200 = ORIENTED_EDGE('',*,*,#4201,.T.);
#4201 = EDGE_CURVE('',#4202,#4202,#4204,.T.);
#4202 = VERTEX_POINT('',#4203);
#4203 = CARTESIAN_POINT('',(93.90442,-70.8,-8.5E-02));
#4204 = CIRCLE('',#4205,0.687439);
#4205 = AXIS2_PLACEMENT_3D('',#4206,#4207,#4208);
#4206 = CARTESIAN_POINT('',(93.216981,-70.8,-8.5E-02));
#4207 = DIRECTION('',(0.,0.,1.));
#4208 = DIRECTION('',(1.,0.,-0.));
#4209 = FACE_BOUND('',#4210,.T.);
#4210 = EDGE_LOOP('',(#4211));
#4211 = ORIENTED_EDGE('',*,*,#4212,.T.);
#4212 = EDGE_CURVE('',#4213,#4213,#4215,.T.);
#4213 = VERTEX_POINT('',#4214);
#4214 = CARTESIAN_POINT('',(96.40442,-70.8,-8.5E-02));
#4215 = CIRCLE('',#4216,0.687439);
#4216 = AXIS2_PLACEMENT_3D('',#4217,#4218,#4219);
#4217 = CARTESIAN_POINT('',(95.716981,-70.8,-8.5E-02));
#4218 = DIRECTION('',(0.,0.,1.));
#4219 = DIRECTION('',(1.,0.,-0.));
#4220 = FACE_BOUND('',#4221,.T.);
#4221 = EDGE_LOOP('',(#4222));
#4222 = ORIENTED_EDGE('',*,*,#4223,.T.);
#4223 = EDGE_CURVE('',#4224,#4224,#4226,.T.);
#4224 = VERTEX_POINT('',#4225);
#4225 = CARTESIAN_POINT('',(103.53317,-70.8,-8.5E-02));
#4226 = CIRCLE('',#4227,0.687439);
#4227 = AXIS2_PLACEMENT_3D('',#4228,#4229,#4230);
#4228 = CARTESIAN_POINT('',(102.845731,-70.8,-8.5E-02));
#4229 = DIRECTION('',(0.,0.,1.));
#4230 = DIRECTION('',(1.,0.,-0.));
#4231 = FACE_BOUND('',#4232,.T.);
#4232 = EDGE_LOOP('',(#4233));
#4233 = ORIENTED_EDGE('',*,*,#4234,.T.);
#4234 = EDGE_CURVE('',#4235,#4235,#4237,.T.);
#4235 = VERTEX_POINT('',#4236);
#4236 = CARTESIAN_POINT('',(106.03317,-70.8,-8.5E-02));
#4237 = CIRCLE('',#4238,0.687439);
#4238 = AXIS2_PLACEMENT_3D('',#4239,#4240,#4241);
#4239 = CARTESIAN_POINT('',(105.345731,-70.8,-8.5E-02));
#4240 = DIRECTION('',(0.,0.,1.));
#4241 = DIRECTION('',(1.,0.,-0.));
#4242 = FACE_BOUND('',#4243,.T.);
#4243 = EDGE_LOOP('',(#4244));
#4244 = ORIENTED_EDGE('',*,*,#4245,.T.);
#4245 = EDGE_CURVE('',#4246,#4246,#4248,.T.);
#4246 = VERTEX_POINT('',#4247);
#4247 = CARTESIAN_POINT('',(112.693451,-70.8,-8.5E-02));
#4248 = CIRCLE('',#4249,0.687439);
#4249 = AXIS2_PLACEMENT_3D('',#4250,#4251,#4252);
#4250 = CARTESIAN_POINT('',(112.006012,-70.8,-8.5E-02));
#4251 = DIRECTION('',(0.,0.,1.));
#4252 = DIRECTION('',(1.,0.,-0.));
#4253 = FACE_BOUND('',#4254,.T.);
#4254 = EDGE_LOOP('',(#4255));
#4255 = ORIENTED_EDGE('',*,*,#4256,.T.);
#4256 = EDGE_CURVE('',#4257,#4257,#4259,.T.);
#4257 = VERTEX_POINT('',#4258);
#4258 = CARTESIAN_POINT('',(115.193451,-70.8,-8.5E-02));
#4259 = CIRCLE('',#4260,0.687439);
#4260 = AXIS2_PLACEMENT_3D('',#4261,#4262,#4263);
#4261 = CARTESIAN_POINT('',(114.506012,-70.8,-8.5E-02));
#4262 = DIRECTION('',(0.,0.,1.));
#4263 = DIRECTION('',(1.,0.,-0.));
#4264 = FACE_BOUND('',#4265,.T.);
#4265 = EDGE_LOOP('',(#4266));
#4266 = ORIENTED_EDGE('',*,*,#4267,.T.);
#4267 = EDGE_CURVE('',#4268,#4268,#4270,.T.);
#4268 = VERTEX_POINT('',#4269);
#4269 = CARTESIAN_POINT('',(170.829939,-70.8,-8.5E-02));
#4270 = CIRCLE('',#4271,0.687439);
#4271 = AXIS2_PLACEMENT_3D('',#4272,#4273,#4274);
#4272 = CARTESIAN_POINT('',(170.1425,-70.8,-8.5E-02));
#4273 = DIRECTION('',(0.,0.,1.));
#4274 = DIRECTION('',(1.,0.,-0.));
#4275 = FACE_BOUND('',#4276,.T.);
#4276 = EDGE_LOOP('',(#4277));
#4277 = ORIENTED_EDGE('',*,*,#4278,.T.);
#4278 = EDGE_CURVE('',#4279,#4279,#4281,.T.);
#4279 = VERTEX_POINT('',#4280);
#4280 = CARTESIAN_POINT('',(173.329939,-70.8,-8.5E-02));
#4281 = CIRCLE('',#4282,0.687439);
#4282 = AXIS2_PLACEMENT_3D('',#4283,#4284,#4285);
#4283 = CARTESIAN_POINT('',(172.6425,-70.8,-8.5E-02));
#4284 = DIRECTION('',(0.,0.,1.));
#4285 = DIRECTION('',(1.,0.,-0.));
#4286 = FACE_BOUND('',#4287,.T.);
#4287 = EDGE_LOOP('',(#4288));
#4288 = ORIENTED_EDGE('',*,*,#4289,.T.);
#4289 = EDGE_CURVE('',#4290,#4290,#4292,.T.);
#4290 = VERTEX_POINT('',#4291);
#4291 = CARTESIAN_POINT('',(182.237439,-70.8,-8.5E-02));
#4292 = CIRCLE('',#4293,0.687439);
#4293 = AXIS2_PLACEMENT_3D('',#4294,#4295,#4296);
#4294 = CARTESIAN_POINT('',(181.55,-70.8,-8.5E-02));
#4295 = DIRECTION('',(0.,0.,1.));
#4296 = DIRECTION('',(1.,0.,-0.));
#4297 = FACE_BOUND('',#4298,.T.);
#4298 = EDGE_LOOP('',(#4299));
#4299 = ORIENTED_EDGE('',*,*,#4300,.T.);
#4300 = EDGE_CURVE('',#4301,#4301,#4303,.T.);
#4301 = VERTEX_POINT('',#4302);
#4302 = CARTESIAN_POINT('',(184.737439,-70.8,-8.5E-02));
#4303 = CIRCLE('',#4304,0.687439);
#4304 = AXIS2_PLACEMENT_3D('',#4305,#4306,#4307);
#4305 = CARTESIAN_POINT('',(184.05,-70.8,-8.5E-02));
#4306 = DIRECTION('',(0.,0.,1.));
#4307 = DIRECTION('',(1.,0.,-0.));
#4308 = FACE_BOUND('',#4309,.T.);
#4309 = EDGE_LOOP('',(#4310));
#4310 = ORIENTED_EDGE('',*,*,#4311,.T.);
#4311 = EDGE_CURVE('',#4312,#4312,#4314,.T.);
#4312 = VERTEX_POINT('',#4313);
#4313 = CARTESIAN_POINT('',(95.654443,-67.9,-8.5E-02));
#4314 = CIRCLE('',#4315,1.187462);
#4315 = AXIS2_PLACEMENT_3D('',#4316,#4317,#4318);
#4316 = CARTESIAN_POINT('',(94.466981,-67.9,-8.5E-02));
#4317 = DIRECTION('',(0.,0.,1.));
#4318 = DIRECTION('',(1.,0.,-0.));
#4319 = FACE_BOUND('',#4320,.T.);
#4320 = EDGE_LOOP('',(#4321));
#4321 = ORIENTED_EDGE('',*,*,#4322,.T.);
#4322 = EDGE_CURVE('',#4323,#4323,#4325,.T.);
#4323 = VERTEX_POINT('',#4324);
#4324 = CARTESIAN_POINT('',(105.283193,-67.9,-8.5E-02));
#4325 = CIRCLE('',#4326,1.187462);
#4326 = AXIS2_PLACEMENT_3D('',#4327,#4328,#4329);
#4327 = CARTESIAN_POINT('',(104.095731,-67.9,-8.5E-02));
#4328 = DIRECTION('',(0.,0.,1.));
#4329 = DIRECTION('',(1.,0.,-0.));
#4330 = FACE_BOUND('',#4331,.T.);
#4331 = EDGE_LOOP('',(#4332));
#4332 = ORIENTED_EDGE('',*,*,#4333,.T.);
#4333 = EDGE_CURVE('',#4334,#4334,#4336,.T.);
#4334 = VERTEX_POINT('',#4335);
#4335 = CARTESIAN_POINT('',(114.443474,-67.9,-8.5E-02));
#4336 = CIRCLE('',#4337,1.187462);
#4337 = AXIS2_PLACEMENT_3D('',#4338,#4339,#4340);
#4338 = CARTESIAN_POINT('',(113.256012,-67.9,-8.5E-02));
#4339 = DIRECTION('',(0.,0.,1.));
#4340 = DIRECTION('',(1.,0.,-0.));
#4341 = FACE_BOUND('',#4342,.T.);
#4342 = EDGE_LOOP('',(#4343));
#4343 = ORIENTED_EDGE('',*,*,#4344,.T.);
#4344 = EDGE_CURVE('',#4345,#4345,#4347,.T.);
#4345 = VERTEX_POINT('',#4346);
#4346 = CARTESIAN_POINT('',(172.579962,-67.9,-8.5E-02));
#4347 = CIRCLE('',#4348,1.187462);
#4348 = AXIS2_PLACEMENT_3D('',#4349,#4350,#4351);
#4349 = CARTESIAN_POINT('',(171.3925,-67.9,-8.5E-02));
#4350 = DIRECTION('',(0.,0.,1.));
#4351 = DIRECTION('',(1.,0.,-0.));
#4352 = FACE_BOUND('',#4353,.T.);
#4353 = EDGE_LOOP('',(#4354));
#4354 = ORIENTED_EDGE('',*,*,#4355,.T.);
#4355 = EDGE_CURVE('',#4356,#4356,#4358,.T.);
#4356 = VERTEX_POINT('',#4357);
#4357 = CARTESIAN_POINT('',(183.987462,-67.9,-8.5E-02));
#4358 = CIRCLE('',#4359,1.187462);
#4359 = AXIS2_PLACEMENT_3D('',#4360,#4361,#4362);
#4360 = CARTESIAN_POINT('',(182.8,-67.9,-8.5E-02));
#4361 = DIRECTION('',(0.,0.,1.));
#4362 = DIRECTION('',(1.,0.,-0.));
#4363 = FACE_BOUND('',#4364,.T.);
#4364 = EDGE_LOOP('',(#4365));
#4365 = ORIENTED_EDGE('',*,*,#4366,.T.);
#4366 = EDGE_CURVE('',#4367,#4367,#4369,.T.);
#4367 = VERTEX_POINT('',#4368);
#4368 = CARTESIAN_POINT('',(93.90442,-65.,-8.5E-02));
#4369 = CIRCLE('',#4370,0.687439);
#4370 = AXIS2_PLACEMENT_3D('',#4371,#4372,#4373);
#4371 = CARTESIAN_POINT('',(93.216981,-65.,-8.5E-02));
#4372 = DIRECTION('',(0.,0.,1.));
#4373 = DIRECTION('',(1.,0.,-0.));
#4374 = FACE_BOUND('',#4375,.T.);
#4375 = EDGE_LOOP('',(#4376));
#4376 = ORIENTED_EDGE('',*,*,#4377,.T.);
#4377 = EDGE_CURVE('',#4378,#4378,#4380,.T.);
#4378 = VERTEX_POINT('',#4379);
#4379 = CARTESIAN_POINT('',(96.40442,-65.,-8.5E-02));
#4380 = CIRCLE('',#4381,0.687439);
#4381 = AXIS2_PLACEMENT_3D('',#4382,#4383,#4384);
#4382 = CARTESIAN_POINT('',(95.716981,-65.,-8.5E-02));
#4383 = DIRECTION('',(0.,0.,1.));
#4384 = DIRECTION('',(1.,0.,-0.));
#4385 = FACE_BOUND('',#4386,.T.);
#4386 = EDGE_LOOP('',(#4387));
#4387 = ORIENTED_EDGE('',*,*,#4388,.T.);
#4388 = EDGE_CURVE('',#4389,#4389,#4391,.T.);
#4389 = VERTEX_POINT('',#4390);
#4390 = CARTESIAN_POINT('',(103.53317,-65.,-8.5E-02));
#4391 = CIRCLE('',#4392,0.687439);
#4392 = AXIS2_PLACEMENT_3D('',#4393,#4394,#4395);
#4393 = CARTESIAN_POINT('',(102.845731,-65.,-8.5E-02));
#4394 = DIRECTION('',(0.,0.,1.));
#4395 = DIRECTION('',(1.,0.,-0.));
#4396 = FACE_BOUND('',#4397,.T.);
#4397 = EDGE_LOOP('',(#4398));
#4398 = ORIENTED_EDGE('',*,*,#4399,.T.);
#4399 = EDGE_CURVE('',#4400,#4400,#4402,.T.);
#4400 = VERTEX_POINT('',#4401);
#4401 = CARTESIAN_POINT('',(106.03317,-65.,-8.5E-02));
#4402 = CIRCLE('',#4403,0.687439);
#4403 = AXIS2_PLACEMENT_3D('',#4404,#4405,#4406);
#4404 = CARTESIAN_POINT('',(105.345731,-65.,-8.5E-02));
#4405 = DIRECTION('',(0.,0.,1.));
#4406 = DIRECTION('',(1.,0.,-0.));
#4407 = FACE_BOUND('',#4408,.T.);
#4408 = EDGE_LOOP('',(#4409));
#4409 = ORIENTED_EDGE('',*,*,#4410,.T.);
#4410 = EDGE_CURVE('',#4411,#4411,#4413,.T.);
#4411 = VERTEX_POINT('',#4412);
#4412 = CARTESIAN_POINT('',(112.693451,-65.,-8.5E-02));
#4413 = CIRCLE('',#4414,0.687439);
#4414 = AXIS2_PLACEMENT_3D('',#4415,#4416,#4417);
#4415 = CARTESIAN_POINT('',(112.006012,-65.,-8.5E-02));
#4416 = DIRECTION('',(0.,0.,1.));
#4417 = DIRECTION('',(1.,0.,-0.));
#4418 = FACE_BOUND('',#4419,.T.);
#4419 = EDGE_LOOP('',(#4420));
#4420 = ORIENTED_EDGE('',*,*,#4421,.T.);
#4421 = EDGE_CURVE('',#4422,#4422,#4424,.T.);
#4422 = VERTEX_POINT('',#4423);
#4423 = CARTESIAN_POINT('',(115.193451,-65.,-8.5E-02));
#4424 = CIRCLE('',#4425,0.687439);
#4425 = AXIS2_PLACEMENT_3D('',#4426,#4427,#4428);
#4426 = CARTESIAN_POINT('',(114.506012,-65.,-8.5E-02));
#4427 = DIRECTION('',(0.,0.,1.));
#4428 = DIRECTION('',(1.,0.,-0.));
#4429 = FACE_BOUND('',#4430,.T.);
#4430 = EDGE_LOOP('',(#4431));
#4431 = ORIENTED_EDGE('',*,*,#4432,.T.);
#4432 = EDGE_CURVE('',#4433,#4433,#4435,.T.);
#4433 = VERTEX_POINT('',#4434);
#4434 = CARTESIAN_POINT('',(170.829939,-65.,-8.5E-02));
#4435 = CIRCLE('',#4436,0.687439);
#4436 = AXIS2_PLACEMENT_3D('',#4437,#4438,#4439);
#4437 = CARTESIAN_POINT('',(170.1425,-65.,-8.5E-02));
#4438 = DIRECTION('',(0.,0.,1.));
#4439 = DIRECTION('',(1.,0.,-0.));
#4440 = FACE_BOUND('',#4441,.T.);
#4441 = EDGE_LOOP('',(#4442));
#4442 = ORIENTED_EDGE('',*,*,#4443,.T.);
#4443 = EDGE_CURVE('',#4444,#4444,#4446,.T.);
#4444 = VERTEX_POINT('',#4445);
#4445 = CARTESIAN_POINT('',(173.329939,-65.,-8.5E-02));
#4446 = CIRCLE('',#4447,0.687439);
#4447 = AXIS2_PLACEMENT_3D('',#4448,#4449,#4450);
#4448 = CARTESIAN_POINT('',(172.6425,-65.,-8.5E-02));
#4449 = DIRECTION('',(0.,0.,1.));
#4450 = DIRECTION('',(1.,0.,-0.));
#4451 = FACE_BOUND('',#4452,.T.);
#4452 = EDGE_LOOP('',(#4453));
#4453 = ORIENTED_EDGE('',*,*,#4454,.T.);
#4454 = EDGE_CURVE('',#4455,#4455,#4457,.T.);
#4455 = VERTEX_POINT('',#4456);
#4456 = CARTESIAN_POINT('',(182.237439,-65.,-8.5E-02));
#4457 = CIRCLE('',#4458,0.687439);
#4458 = AXIS2_PLACEMENT_3D('',#4459,#4460,#4461);
#4459 = CARTESIAN_POINT('',(181.55,-65.,-8.5E-02));
#4460 = DIRECTION('',(0.,0.,1.));
#4461 = DIRECTION('',(1.,0.,-0.));
#4462 = FACE_BOUND('',#4463,.T.);
#4463 = EDGE_LOOP('',(#4464));
#4464 = ORIENTED_EDGE('',*,*,#4465,.T.);
#4465 = EDGE_CURVE('',#4466,#4466,#4468,.T.);
#4466 = VERTEX_POINT('',#4467);
#4467 = CARTESIAN_POINT('',(184.737439,-65.,-8.5E-02));
#4468 = CIRCLE('',#4469,0.687439);
#4469 = AXIS2_PLACEMENT_3D('',#4470,#4471,#4472);
#4470 = CARTESIAN_POINT('',(184.05,-65.,-8.5E-02));
#4471 = DIRECTION('',(0.,0.,1.));
#4472 = DIRECTION('',(1.,0.,-0.));
#4473 = FACE_BOUND('',#4474,.T.);
#4474 = EDGE_LOOP('',(#4475));
#4475 = ORIENTED_EDGE('',*,*,#4476,.T.);
#4476 = EDGE_CURVE('',#4477,#4477,#4479,.T.);
#4477 = VERTEX_POINT('',#4478);
#4478 = CARTESIAN_POINT('',(93.90442,-61.5,-8.5E-02));
#4479 = CIRCLE('',#4480,0.687439);
#4480 = AXIS2_PLACEMENT_3D('',#4481,#4482,#4483);
#4481 = CARTESIAN_POINT('',(93.216981,-61.5,-8.5E-02));
#4482 = DIRECTION('',(0.,0.,1.));
#4483 = DIRECTION('',(1.,0.,-0.));
#4484 = FACE_BOUND('',#4485,.T.);
#4485 = EDGE_LOOP('',(#4486));
#4486 = ORIENTED_EDGE('',*,*,#4487,.T.);
#4487 = EDGE_CURVE('',#4488,#4488,#4490,.T.);
#4488 = VERTEX_POINT('',#4489);
#4489 = CARTESIAN_POINT('',(96.40442,-61.5,-8.5E-02));
#4490 = CIRCLE('',#4491,0.687439);
#4491 = AXIS2_PLACEMENT_3D('',#4492,#4493,#4494);
#4492 = CARTESIAN_POINT('',(95.716981,-61.5,-8.5E-02));
#4493 = DIRECTION('',(0.,0.,1.));
#4494 = DIRECTION('',(1.,0.,-0.));
#4495 = FACE_BOUND('',#4496,.T.);
#4496 = EDGE_LOOP('',(#4497));
#4497 = ORIENTED_EDGE('',*,*,#4498,.T.);
#4498 = EDGE_CURVE('',#4499,#4499,#4501,.T.);
#4499 = VERTEX_POINT('',#4500);
#4500 = CARTESIAN_POINT('',(103.53317,-61.5,-8.5E-02));
#4501 = CIRCLE('',#4502,0.687439);
#4502 = AXIS2_PLACEMENT_3D('',#4503,#4504,#4505);
#4503 = CARTESIAN_POINT('',(102.845731,-61.5,-8.5E-02));
#4504 = DIRECTION('',(0.,0.,1.));
#4505 = DIRECTION('',(1.,0.,-0.));
#4506 = FACE_BOUND('',#4507,.T.);
#4507 = EDGE_LOOP('',(#4508));
#4508 = ORIENTED_EDGE('',*,*,#4509,.T.);
#4509 = EDGE_CURVE('',#4510,#4510,#4512,.T.);
#4510 = VERTEX_POINT('',#4511);
#4511 = CARTESIAN_POINT('',(106.03317,-61.5,-8.5E-02));
#4512 = CIRCLE('',#4513,0.687439);
#4513 = AXIS2_PLACEMENT_3D('',#4514,#4515,#4516);
#4514 = CARTESIAN_POINT('',(105.345731,-61.5,-8.5E-02));
#4515 = DIRECTION('',(0.,0.,1.));
#4516 = DIRECTION('',(1.,0.,-0.));
#4517 = FACE_BOUND('',#4518,.T.);
#4518 = EDGE_LOOP('',(#4519));
#4519 = ORIENTED_EDGE('',*,*,#4520,.T.);
#4520 = EDGE_CURVE('',#4521,#4521,#4523,.T.);
#4521 = VERTEX_POINT('',#4522);
#4522 = CARTESIAN_POINT('',(112.693451,-61.5,-8.5E-02));
#4523 = CIRCLE('',#4524,0.687439);
#4524 = AXIS2_PLACEMENT_3D('',#4525,#4526,#4527);
#4525 = CARTESIAN_POINT('',(112.006012,-61.5,-8.5E-02));
#4526 = DIRECTION('',(0.,0.,1.));
#4527 = DIRECTION('',(1.,0.,-0.));
#4528 = FACE_BOUND('',#4529,.T.);
#4529 = EDGE_LOOP('',(#4530));
#4530 = ORIENTED_EDGE('',*,*,#4531,.T.);
#4531 = EDGE_CURVE('',#4532,#4532,#4534,.T.);
#4532 = VERTEX_POINT('',#4533);
#4533 = CARTESIAN_POINT('',(115.193451,-61.5,-8.5E-02));
#4534 = CIRCLE('',#4535,0.687439);
#4535 = AXIS2_PLACEMENT_3D('',#4536,#4537,#4538);
#4536 = CARTESIAN_POINT('',(114.506012,-61.5,-8.5E-02));
#4537 = DIRECTION('',(0.,0.,1.));
#4538 = DIRECTION('',(1.,0.,-0.));
#4539 = FACE_BOUND('',#4540,.T.);
#4540 = EDGE_LOOP('',(#4541));
#4541 = ORIENTED_EDGE('',*,*,#4542,.T.);
#4542 = EDGE_CURVE('',#4543,#4543,#4545,.T.);
#4543 = VERTEX_POINT('',#4544);
#4544 = CARTESIAN_POINT('',(170.829939,-61.5,-8.5E-02));
#4545 = CIRCLE('',#4546,0.687439);
#4546 = AXIS2_PLACEMENT_3D('',#4547,#4548,#4549);
#4547 = CARTESIAN_POINT('',(170.1425,-61.5,-8.5E-02));
#4548 = DIRECTION('',(0.,0.,1.));
#4549 = DIRECTION('',(1.,0.,-0.));
#4550 = FACE_BOUND('',#4551,.T.);
#4551 = EDGE_LOOP('',(#4552));
#4552 = ORIENTED_EDGE('',*,*,#4553,.T.);
#4553 = EDGE_CURVE('',#4554,#4554,#4556,.T.);
#4554 = VERTEX_POINT('',#4555);
#4555 = CARTESIAN_POINT('',(173.329939,-61.5,-8.5E-02));
#4556 = CIRCLE('',#4557,0.687439);
#4557 = AXIS2_PLACEMENT_3D('',#4558,#4559,#4560);
#4558 = CARTESIAN_POINT('',(172.6425,-61.5,-8.5E-02));
#4559 = DIRECTION('',(0.,0.,1.));
#4560 = DIRECTION('',(1.,0.,-0.));
#4561 = FACE_BOUND('',#4562,.T.);
#4562 = EDGE_LOOP('',(#4563));
#4563 = ORIENTED_EDGE('',*,*,#4564,.T.);
#4564 = EDGE_CURVE('',#4565,#4565,#4567,.T.);
#4565 = VERTEX_POINT('',#4566);
#4566 = CARTESIAN_POINT('',(182.237439,-61.5,-8.5E-02));
#4567 = CIRCLE('',#4568,0.687439);
#4568 = AXIS2_PLACEMENT_3D('',#4569,#4570,#4571);
#4569 = CARTESIAN_POINT('',(181.55,-61.5,-8.5E-02));
#4570 = DIRECTION('',(0.,0.,1.));
#4571 = DIRECTION('',(1.,0.,-0.));
#4572 = FACE_BOUND('',#4573,.T.);
#4573 = EDGE_LOOP('',(#4574));
#4574 = ORIENTED_EDGE('',*,*,#4575,.T.);
#4575 = EDGE_CURVE('',#4576,#4576,#4578,.T.);
#4576 = VERTEX_POINT('',#4577);
#4577 = CARTESIAN_POINT('',(184.737439,-61.5,-8.5E-02));
#4578 = CIRCLE('',#4579,0.687439);
#4579 = AXIS2_PLACEMENT_3D('',#4580,#4581,#4582);
#4580 = CARTESIAN_POINT('',(184.05,-61.5,-8.5E-02));
#4581 = DIRECTION('',(0.,0.,1.));
#4582 = DIRECTION('',(1.,0.,-0.));
#4583 = FACE_BOUND('',#4584,.T.);
#4584 = EDGE_LOOP('',(#4585));
#4585 = ORIENTED_EDGE('',*,*,#4586,.T.);
#4586 = EDGE_CURVE('',#4587,#4587,#4589,.T.);
#4587 = VERTEX_POINT('',#4588);
#4588 = CARTESIAN_POINT('',(125.337473,-59.131981,-8.5E-02));
#4589 = CIRCLE('',#4590,1.737473);
#4590 = AXIS2_PLACEMENT_3D('',#4591,#4592,#4593);
#4591 = CARTESIAN_POINT('',(123.6,-59.131981,-8.5E-02));
#4592 = DIRECTION('',(0.,0.,1.));
#4593 = DIRECTION('',(1.,0.,-0.));
#4594 = FACE_BOUND('',#4595,.T.);
#4595 = EDGE_LOOP('',(#4596));
#4596 = ORIENTED_EDGE('',*,*,#4597,.T.);
#4597 = EDGE_CURVE('',#4598,#4598,#4600,.T.);
#4598 = VERTEX_POINT('',#4599);
#4599 = CARTESIAN_POINT('',(157.337473,-59.131981,-8.5E-02));
#4600 = CIRCLE('',#4601,1.737473);
#4601 = AXIS2_PLACEMENT_3D('',#4602,#4603,#4604);
#4602 = CARTESIAN_POINT('',(155.6,-59.131981,-8.5E-02));
#4603 = DIRECTION('',(0.,0.,1.));
#4604 = DIRECTION('',(1.,0.,-0.));
#4605 = PLANE('',#4606);
#4606 = AXIS2_PLACEMENT_3D('',#4607,#4608,#4609);
#4607 = CARTESIAN_POINT('',(0.,0.,-8.5E-02));
#4608 = DIRECTION('',(-0.,-0.,-1.));
#4609 = DIRECTION('',(-1.,0.,0.));
#4610 = ( GEOMETRIC_REPRESENTATION_CONTEXT(3)
GLOBAL_UNCERTAINTY_ASSIGNED_CONTEXT((#4614))
GLOBAL_UNIT_ASSIGNED_CONTEXT((#4611,#4612,#4613)) REPRESENTATION_CONTEXT
('Context #1','3D Context with UNIT and UNCERTAINTY') );
#4611 = ( LENGTH_UNIT() NAMED_UNIT(*) SI_UNIT(.MILLI.,.METRE.) );
#4612 = ( NAMED_UNIT(*) PLANE_ANGLE_UNIT() SI_UNIT($,.RADIAN.) );
#4613 = ( NAMED_UNIT(*) SI_UNIT($,.STERADIAN.) SOLID_ANGLE_UNIT() );
#4614 = UNCERTAINTY_MEASURE_WITH_UNIT(LENGTH_MEASURE(1.E-07),#4611,
  'distance_accuracy_value','confusion accuracy');
#4615 = CONTEXT_DEPENDENT_SHAPE_REPRESENTATION(#4616,#4618);
#4616 = ( REPRESENTATION_RELATIONSHIP('','',#3339,#10)
REPRESENTATION_RELATIONSHIP_WITH_TRANSFORMATION(#4617)
SHAPE_REPRESENTATION_RELATIONSHIP() );
#4617 = ITEM_DEFINED_TRANSFORMATION('','',#11,#63);
#4618 = PRODUCT_DEFINITION_SHAPE('Placement','Placement of an item',
  #4619);
#4619 = NEXT_ASSEMBLY_USAGE_OCCURRENCE('16','=>[0:1:1:9]','',#5,#3334,$
  );
#4620 = PRODUCT_RELATED_PRODUCT_CATEGORY('part',$,(#3336));
#4621 = SHAPE_DEFINITION_REPRESENTATION(#4622,#4628);
#4622 = PRODUCT_DEFINITION_SHAPE('','',#4623);
#4623 = PRODUCT_DEFINITION('design','',#4624,#4627);
#4624 = PRODUCT_DEFINITION_FORMATION('','',#4625);
#4625 = PRODUCT('MAIN_POWER_PCB','MAIN_POWER_PCB','',(#4626));
#4626 = PRODUCT_CONTEXT('',#2,'mechanical');
#4627 = PRODUCT_DEFINITION_CONTEXT('part definition',#2,'design');
#4628 = ADVANCED_BREP_SHAPE_REPRESENTATION('',(#11,#4629),#8272);
#4629 = MANIFOLD_SOLID_BREP('',#4630);
#4630 = CLOSED_SHELL('',(#4631,#4673,#4704,#4737,#5708,#6679,#6696,#6713
    ,#6730,#6747,#6764,#6781,#6798,#6815,#6832,#6849,#6866,#6883,#6900,
    #6917,#6934,#6951,#6968,#6985,#7002,#7019,#7036,#7053,#7070,#7087,
    #7104,#7121,#7138,#7155,#7167,#7184,#7201,#7218,#7235,#7252,#7269,
    #7286,#7303,#7320,#7337,#7354,#7371,#7388,#7405,#7422,#7439,#7456,
    #7473,#7490,#7507,#7524,#7541,#7558,#7575,#7592,#7609,#7626,#7643,
    #7660,#7677,#7694,#7711,#7728,#7745,#7762,#7779,#7796,#7813,#7830,
    #7847,#7864,#7881,#7898,#7915,#7932,#7949,#7966,#7983,#8000,#8017,
    #8034,#8051,#8068,#8085,#8102,#8119,#8136,#8153,#8170,#8187,#8204,
    #8221,#8238,#8255));
#4631 = ADVANCED_FACE('',(#4632),#4668,.T.);
#4632 = FACE_BOUND('',#4633,.T.);
#4633 = EDGE_LOOP('',(#4634,#4644,#4653,#4661));
#4634 = ORIENTED_EDGE('',*,*,#4635,.T.);
#4635 = EDGE_CURVE('',#4636,#4638,#4640,.T.);
#4636 = VERTEX_POINT('',#4637);
#4637 = CARTESIAN_POINT('',(123.6,-55.131981,0.));
#4638 = VERTEX_POINT('',#4639);
#4639 = CARTESIAN_POINT('',(123.6,-55.131981,1.04));
#4640 = LINE('',#4641,#4642);
#4641 = CARTESIAN_POINT('',(123.6,-55.131981,0.));
#4642 = VECTOR('',#4643,1.);
#4643 = DIRECTION('',(0.,0.,1.));
#4644 = ORIENTED_EDGE('',*,*,#4645,.T.);
#4645 = EDGE_CURVE('',#4638,#4646,#4648,.T.);
#4646 = VERTEX_POINT('',#4647);
#4647 = CARTESIAN_POINT('',(125.885714,-62.414589,1.04));
#4648 = CIRCLE('',#4649,4.000000669523);
#4649 = AXIS2_PLACEMENT_3D('',#4650,#4651,#4652);
#4650 = CARTESIAN_POINT('',(123.59999869181,-59.13198166952,1.04));
#4651 = DIRECTION('',(0.,0.,-1.));
#4652 = DIRECTION('',(3.270470955089E-07,1.,0.));
#4653 = ORIENTED_EDGE('',*,*,#4654,.F.);
#4654 = EDGE_CURVE('',#4655,#4646,#4657,.T.);
#4655 = VERTEX_POINT('',#4656);
#4656 = CARTESIAN_POINT('',(125.885714,-62.414589,0.));
#4657 = LINE('',#4658,#4659);
#4658 = CARTESIAN_POINT('',(125.885714,-62.414589,0.));
#4659 = VECTOR('',#4660,1.);
#4660 = DIRECTION('',(0.,0.,1.));
#4661 = ORIENTED_EDGE('',*,*,#4662,.F.);
#4662 = EDGE_CURVE('',#4636,#4655,#4663,.T.);
#4663 = CIRCLE('',#4664,4.000000669523);
#4664 = AXIS2_PLACEMENT_3D('',#4665,#4666,#4667);
#4665 = CARTESIAN_POINT('',(123.59999869181,-59.13198166952,0.));
#4666 = DIRECTION('',(0.,0.,-1.));
#4667 = DIRECTION('',(3.270470955089E-07,1.,0.));
#4668 = CYLINDRICAL_SURFACE('',#4669,4.000000669523);
#4669 = AXIS2_PLACEMENT_3D('',#4670,#4671,#4672);
#4670 = CARTESIAN_POINT('',(123.59999869181,-59.13198166952,0.));
#4671 = DIRECTION('',(0.,0.,-1.));
#4672 = DIRECTION('',(3.270470955089E-07,1.,0.));
#4673 = ADVANCED_FACE('',(#4674),#4699,.T.);
#4674 = FACE_BOUND('',#4675,.T.);
#4675 = EDGE_LOOP('',(#4676,#4686,#4692,#4693));
#4676 = ORIENTED_EDGE('',*,*,#4677,.T.);
#4677 = EDGE_CURVE('',#4678,#4680,#4682,.T.);
#4678 = VERTEX_POINT('',#4679);
#4679 = CARTESIAN_POINT('',(89.156349,-55.131981,0.));
#4680 = VERTEX_POINT('',#4681);
#4681 = CARTESIAN_POINT('',(89.156349,-55.131981,1.04));
#4682 = LINE('',#4683,#4684);
#4683 = CARTESIAN_POINT('',(89.156349,-55.131981,0.));
#4684 = VECTOR('',#4685,1.);
#4685 = DIRECTION('',(0.,0.,1.));
#4686 = ORIENTED_EDGE('',*,*,#4687,.T.);
#4687 = EDGE_CURVE('',#4680,#4638,#4688,.T.);
#4688 = LINE('',#4689,#4690);
#4689 = CARTESIAN_POINT('',(89.156349,-55.131981,1.04));
#4690 = VECTOR('',#4691,1.);
#4691 = DIRECTION('',(1.,0.,0.));
#4692 = ORIENTED_EDGE('',*,*,#4635,.F.);
#4693 = ORIENTED_EDGE('',*,*,#4694,.F.);
#4694 = EDGE_CURVE('',#4678,#4636,#4695,.T.);
#4695 = LINE('',#4696,#4697);
#4696 = CARTESIAN_POINT('',(89.156349,-55.131981,0.));
#4697 = VECTOR('',#4698,1.);
#4698 = DIRECTION('',(1.,0.,0.));
#4699 = PLANE('',#4700);
#4700 = AXIS2_PLACEMENT_3D('',#4701,#4702,#4703);
#4701 = CARTESIAN_POINT('',(89.156349,-55.131981,0.));
#4702 = DIRECTION('',(0.,1.,0.));
#4703 = DIRECTION('',(1.,0.,0.));
#4704 = ADVANCED_FACE('',(#4705),#4732,.F.);
#4705 = FACE_BOUND('',#4706,.T.);
#4706 = EDGE_LOOP('',(#4707,#4708,#4717,#4725));
#4707 = ORIENTED_EDGE('',*,*,#4654,.T.);
#4708 = ORIENTED_EDGE('',*,*,#4709,.T.);
#4709 = EDGE_CURVE('',#4646,#4710,#4712,.T.);
#4710 = VERTEX_POINT('',#4711);
#4711 = CARTESIAN_POINT('',(124.6,-64.876544,1.04));
#4712 = CIRCLE('',#4713,2.999840611968);
#4713 = AXIS2_PLACEMENT_3D('',#4714,#4715,#4716);
#4714 = CARTESIAN_POINT('',(127.59984061081,-64.87646098271,1.04));
#4715 = DIRECTION('',(0.,0.,1.));
#4716 = DIRECTION('',(-0.57140589536,0.82066759577,0.));
#4717 = ORIENTED_EDGE('',*,*,#4718,.F.);
#4718 = EDGE_CURVE('',#4719,#4710,#4721,.T.);
#4719 = VERTEX_POINT('',#4720);
#4720 = CARTESIAN_POINT('',(124.6,-64.876544,0.));
#4721 = LINE('',#4722,#4723);
#4722 = CARTESIAN_POINT('',(124.6,-64.876544,0.));
#4723 = VECTOR('',#4724,1.);
#4724 = DIRECTION('',(0.,0.,1.));
#4725 = ORIENTED_EDGE('',*,*,#4726,.F.);
#4726 = EDGE_CURVE('',#4655,#4719,#4727,.T.);
#4727 = CIRCLE('',#4728,2.999840611968);
#4728 = AXIS2_PLACEMENT_3D('',#4729,#4730,#4731);
#4729 = CARTESIAN_POINT('',(127.59984061081,-64.87646098271,0.));
#4730 = DIRECTION('',(0.,0.,1.));
#4731 = DIRECTION('',(-0.57140589536,0.82066759577,0.));
#4732 = CYLINDRICAL_SURFACE('',#4733,2.999840611968);
#4733 = AXIS2_PLACEMENT_3D('',#4734,#4735,#4736);
#4734 = CARTESIAN_POINT('',(127.59984061081,-64.87646098271,0.));
#4735 = DIRECTION('',(-0.,-0.,-1.));
#4736 = DIRECTION('',(-0.57140589536,0.82066759577,0.));
#4737 = ADVANCED_FACE('',(#4738,#4988,#4999,#5010,#5021,#5032,#5043,
    #5054,#5065,#5076,#5087,#5098,#5109,#5120,#5131,#5142,#5153,#5164,
    #5175,#5186,#5197,#5208,#5219,#5230,#5241,#5252,#5263,#5274,#5285,
    #5296,#5307,#5318,#5329,#5340,#5351,#5362,#5373,#5384,#5395,#5406,
    #5417,#5428,#5439,#5450,#5461,#5472,#5483,#5494,#5505,#5516,#5527,
    #5538,#5549,#5560,#5571,#5582,#5593,#5604,#5615,#5626,#5637,#5648,
    #5659,#5670,#5681,#5692),#5703,.F.);
#4738 = FACE_BOUND('',#4739,.F.);
#4739 = EDGE_LOOP('',(#4740,#4741,#4742,#4751,#4759,#4768,#4776,#4785,
    #4793,#4802,#4810,#4819,#4827,#4836,#4844,#4853,#4861,#4870,#4878,
    #4887,#4895,#4904,#4912,#4921,#4929,#4938,#4946,#4955,#4964,#4972,
    #4981,#4987));
#4740 = ORIENTED_EDGE('',*,*,#4662,.F.);
#4741 = ORIENTED_EDGE('',*,*,#4694,.F.);
#4742 = ORIENTED_EDGE('',*,*,#4743,.F.);
#4743 = EDGE_CURVE('',#4744,#4678,#4746,.T.);
#4744 = VERTEX_POINT('',#4745);
#4745 = CARTESIAN_POINT('',(87.035029,-56.010661,0.));
#4746 = CIRCLE('',#4747,3.000247754252);
#4747 = AXIS2_PLACEMENT_3D('',#4748,#4749,#4750);
#4748 = CARTESIAN_POINT('',(89.156452309611,-58.13222875247,0.));
#4749 = DIRECTION('',(0.,0.,-1.));
#4750 = DIRECTION('',(-0.707082708954,0.707130852599,0.));
#4751 = ORIENTED_EDGE('',*,*,#4752,.F.);
#4752 = EDGE_CURVE('',#4753,#4744,#4755,.T.);
#4753 = VERTEX_POINT('',#4754);
#4754 = CARTESIAN_POINT('',(79.57868,-63.46701,0.));
#4755 = LINE('',#4756,#4757);
#4756 = CARTESIAN_POINT('',(79.57868,-63.46701,0.));
#4757 = VECTOR('',#4758,1.);
#4758 = DIRECTION('',(0.707106781187,0.707106781187,0.));
#4759 = ORIENTED_EDGE('',*,*,#4760,.F.);
#4760 = EDGE_CURVE('',#4761,#4753,#4763,.T.);
#4761 = VERTEX_POINT('',#4762);
#4762 = CARTESIAN_POINT('',(78.7,-65.58833,0.));
#4763 = CIRCLE('',#4764,2.999860251516);
#4764 = AXIS2_PLACEMENT_3D('',#4765,#4766,#4767);
#4765 = CARTESIAN_POINT('',(81.699860250971,-65.58827280114,0.));
#4766 = DIRECTION('',(0.,0.,-1.));
#4767 = DIRECTION('',(-0.999999999818,-1.906717345036E-05,-0.));
#4768 = ORIENTED_EDGE('',*,*,#4769,.F.);
#4769 = EDGE_CURVE('',#4770,#4761,#4772,.T.);
#4770 = VERTEX_POINT('',#4771);
#4771 = CARTESIAN_POINT('',(78.7,-87.631981,0.));
#4772 = LINE('',#4773,#4774);
#4773 = CARTESIAN_POINT('',(78.7,-87.631981,0.));
#4774 = VECTOR('',#4775,1.);
#4775 = DIRECTION('',(0.,1.,0.));
#4776 = ORIENTED_EDGE('',*,*,#4777,.F.);
#4777 = EDGE_CURVE('',#4778,#4770,#4780,.T.);
#4778 = VERTEX_POINT('',#4779);
#4779 = CARTESIAN_POINT('',(81.7,-90.631981,0.));
#4780 = CIRCLE('',#4781,3.000013122826);
#4781 = AXIS2_PLACEMENT_3D('',#4782,#4783,#4784);
#4782 = CARTESIAN_POINT('',(81.700013122798,-87.6319678772,0.));
#4783 = DIRECTION('',(0.,0.,-1.));
#4784 = DIRECTION('',(-4.374246769409E-06,-0.99999999999,-0.));
#4785 = ORIENTED_EDGE('',*,*,#4786,.F.);
#4786 = EDGE_CURVE('',#4787,#4778,#4789,.T.);
#4787 = VERTEX_POINT('',#4788);
#4788 = CARTESIAN_POINT('',(108.357359,-90.631981,0.));
#4789 = LINE('',#4790,#4791);
#4790 = CARTESIAN_POINT('',(108.357359,-90.631981,0.));
#4791 = VECTOR('',#4792,1.);
#4792 = DIRECTION('',(-1.,0.,0.));
#4793 = ORIENTED_EDGE('',*,*,#4794,.F.);
#4794 = EDGE_CURVE('',#4795,#4787,#4797,.T.);
#4795 = VERTEX_POINT('',#4796);
#4796 = CARTESIAN_POINT('',(110.478679,-91.510661,0.));
#4797 = CIRCLE('',#4798,2.999790260754);
#4798 = AXIS2_PLACEMENT_3D('',#4799,#4800,#4801);
#4799 = CARTESIAN_POINT('',(108.35744519028,-93.63177125951,0.));
#4800 = DIRECTION('',(0.,0.,1.));
#4801 = DIRECTION('',(0.707127374027,0.707086187747,-0.));
#4802 = ORIENTED_EDGE('',*,*,#4803,.F.);
#4803 = EDGE_CURVE('',#4804,#4795,#4806,.T.);
#4804 = VERTEX_POINT('',#4805);
#4805 = CARTESIAN_POINT('',(118.72132,-99.753301,0.));
#4806 = LINE('',#4807,#4808);
#4807 = CARTESIAN_POINT('',(118.72132,-99.753301,0.));
#4808 = VECTOR('',#4809,1.);
#4809 = DIRECTION('',(-0.70710682408,0.707106738293,0.));
#4810 = ORIENTED_EDGE('',*,*,#4811,.F.);
#4811 = EDGE_CURVE('',#4812,#4804,#4814,.T.);
#4812 = VERTEX_POINT('',#4813);
#4813 = CARTESIAN_POINT('',(119.6,-101.874622,0.));
#4814 = CIRCLE('',#4815,3.000092673543);
#4815 = AXIS2_PLACEMENT_3D('',#4816,#4817,#4818);
#4816 = CARTESIAN_POINT('',(116.59990732669,-101.8746600736,0.));
#4817 = DIRECTION('',(0.,0.,1.));
#4818 = DIRECTION('',(0.999999999919,1.269082825216E-05,-0.));
#4819 = ORIENTED_EDGE('',*,*,#4820,.F.);
#4820 = EDGE_CURVE('',#4821,#4812,#4823,.T.);
#4821 = VERTEX_POINT('',#4822);
#4822 = CARTESIAN_POINT('',(119.6,-112.631981,0.));
#4823 = LINE('',#4824,#4825);
#4824 = CARTESIAN_POINT('',(119.6,-112.631981,0.));
#4825 = VECTOR('',#4826,1.);
#4826 = DIRECTION('',(0.,1.,0.));
#4827 = ORIENTED_EDGE('',*,*,#4828,.F.);
#4828 = EDGE_CURVE('',#4829,#4821,#4831,.T.);
#4829 = VERTEX_POINT('',#4830);
#4830 = CARTESIAN_POINT('',(122.6,-115.631981,0.));
#4831 = CIRCLE('',#4832,3.000013122826);
#4832 = AXIS2_PLACEMENT_3D('',#4833,#4834,#4835);
#4833 = CARTESIAN_POINT('',(122.60001312279,-112.6319678772,0.));
#4834 = DIRECTION('',(0.,0.,-1.));
#4835 = DIRECTION('',(-4.374246774146E-06,-0.99999999999,-0.));
#4836 = ORIENTED_EDGE('',*,*,#4837,.F.);
#4837 = EDGE_CURVE('',#4838,#4829,#4840,.T.);
#4838 = VERTEX_POINT('',#4839);
#4839 = CARTESIAN_POINT('',(156.6,-115.631981,0.));
#4840 = LINE('',#4841,#4842);
#4841 = CARTESIAN_POINT('',(156.6,-115.631981,0.));
#4842 = VECTOR('',#4843,1.);
#4843 = DIRECTION('',(-1.,0.,0.));
#4844 = ORIENTED_EDGE('',*,*,#4845,.F.);
#4845 = EDGE_CURVE('',#4846,#4838,#4848,.T.);
#4846 = VERTEX_POINT('',#4847);
#4847 = CARTESIAN_POINT('',(159.6,-112.631981,0.));
#4848 = CIRCLE('',#4849,2.999967031462);
#4849 = AXIS2_PLACEMENT_3D('',#4850,#4851,#4852);
#4850 = CARTESIAN_POINT('',(156.60003296872,-112.6320139687,0.));
#4851 = DIRECTION('',(0.,0.,-1.));
#4852 = DIRECTION('',(0.99999999994,1.098969395055E-05,0.));
#4853 = ORIENTED_EDGE('',*,*,#4854,.F.);
#4854 = EDGE_CURVE('',#4855,#4846,#4857,.T.);
#4855 = VERTEX_POINT('',#4856);
#4856 = CARTESIAN_POINT('',(159.6,-101.874622,0.));
#4857 = LINE('',#4858,#4859);
#4858 = CARTESIAN_POINT('',(159.6,-101.874622,0.));
#4859 = VECTOR('',#4860,1.);
#4860 = DIRECTION('',(0.,-1.,0.));
#4861 = ORIENTED_EDGE('',*,*,#4862,.F.);
#4862 = EDGE_CURVE('',#4863,#4855,#4865,.T.);
#4863 = VERTEX_POINT('',#4864);
#4864 = CARTESIAN_POINT('',(160.47868,-99.753302,0.));
#4865 = CIRCLE('',#4866,2.999891964277);
#4866 = AXIS2_PLACEMENT_3D('',#4867,#4868,#4869);
#4867 = CARTESIAN_POINT('',(162.59989196395,-101.874577937,0.));
#4868 = DIRECTION('',(0.,0.,1.));
#4869 = DIRECTION('',(-0.707096118531,0.707117443681,0.));
#4870 = ORIENTED_EDGE('',*,*,#4871,.F.);
#4871 = EDGE_CURVE('',#4872,#4863,#4874,.T.);
#4872 = VERTEX_POINT('',#4873);
#4873 = CARTESIAN_POINT('',(168.72132,-91.510661,0.));
#4874 = LINE('',#4875,#4876);
#4875 = CARTESIAN_POINT('',(168.72132,-91.510661,0.));
#4876 = VECTOR('',#4877,1.);
#4877 = DIRECTION('',(-0.707106738293,-0.70710682408,0.));
#4878 = ORIENTED_EDGE('',*,*,#4879,.F.);
#4879 = EDGE_CURVE('',#4880,#4872,#4882,.T.);
#4880 = VERTEX_POINT('',#4881);
#4881 = CARTESIAN_POINT('',(170.842641,-90.631981,0.));
#4882 = CIRCLE('',#4883,3.000214108658);
#4883 = AXIS2_PLACEMENT_3D('',#4884,#4885,#4886);
#4884 = CARTESIAN_POINT('',(170.84272937329,-93.63219510735,0.));
#4885 = DIRECTION('',(0.,0.,1.));
#4886 = DIRECTION('',(-2.94556635962E-05,0.999999999566,0.));
#4887 = ORIENTED_EDGE('',*,*,#4888,.F.);
#4888 = EDGE_CURVE('',#4889,#4880,#4891,.T.);
#4889 = VERTEX_POINT('',#4890);
#4890 = CARTESIAN_POINT('',(197.5,-90.631981,0.));
#4891 = LINE('',#4892,#4893);
#4892 = CARTESIAN_POINT('',(197.5,-90.631981,0.));
#4893 = VECTOR('',#4894,1.);
#4894 = DIRECTION('',(-1.,0.,0.));
#4895 = ORIENTED_EDGE('',*,*,#4896,.F.);
#4896 = EDGE_CURVE('',#4897,#4889,#4899,.T.);
#4897 = VERTEX_POINT('',#4898);
#4898 = CARTESIAN_POINT('',(200.5,-87.631981,0.));
#4899 = CIRCLE('',#4900,2.999967031462);
#4900 = AXIS2_PLACEMENT_3D('',#4901,#4902,#4903);
#4901 = CARTESIAN_POINT('',(197.50003296872,-87.63201396872,0.));
#4902 = DIRECTION('',(0.,0.,-1.));
#4903 = DIRECTION('',(0.99999999994,1.098969395055E-05,0.));
#4904 = ORIENTED_EDGE('',*,*,#4905,.F.);
#4905 = EDGE_CURVE('',#4906,#4897,#4908,.T.);
#4906 = VERTEX_POINT('',#4907);
#4907 = CARTESIAN_POINT('',(200.5,-65.58833,0.));
#4908 = LINE('',#4909,#4910);
#4909 = CARTESIAN_POINT('',(200.5,-65.58833,0.));
#4910 = VECTOR('',#4911,1.);
#4911 = DIRECTION('',(0.,-1.,0.));
#4912 = ORIENTED_EDGE('',*,*,#4913,.F.);
#4913 = EDGE_CURVE('',#4914,#4906,#4916,.T.);
#4914 = VERTEX_POINT('',#4915);
#4915 = CARTESIAN_POINT('',(199.62132,-63.46701,0.));
#4916 = CIRCLE('',#4917,3.000126315967);
#4917 = AXIS2_PLACEMENT_3D('',#4918,#4919,#4920);
#4918 = CARTESIAN_POINT('',(197.4998736845,-65.58838300874,0.));
#4919 = DIRECTION('',(0.,0.,-1.));
#4920 = DIRECTION('',(0.70711899836,0.707094563802,0.));
#4921 = ORIENTED_EDGE('',*,*,#4922,.F.);
#4922 = EDGE_CURVE('',#4923,#4914,#4925,.T.);
#4923 = VERTEX_POINT('',#4924);
#4924 = CARTESIAN_POINT('',(192.164971,-56.010661,0.));
#4925 = LINE('',#4926,#4927);
#4926 = CARTESIAN_POINT('',(192.164971,-56.010661,0.));
#4927 = VECTOR('',#4928,1.);
#4928 = DIRECTION('',(0.707106781187,-0.707106781187,0.));
#4929 = ORIENTED_EDGE('',*,*,#4930,.F.);
#4930 = EDGE_CURVE('',#4931,#4923,#4933,.T.);
#4931 = VERTEX_POINT('',#4932);
#4932 = CARTESIAN_POINT('',(190.043651,-55.131981,0.));
#4933 = CIRCLE('',#4934,2.999747339304);
#4934 = AXIS2_PLACEMENT_3D('',#4935,#4936,#4937);
#4935 = CARTESIAN_POINT('',(190.04375496917,-58.1317283375,0.));
#4936 = DIRECTION('',(0.,0.,-1.));
#4937 = DIRECTION('',(-3.465930964941E-05,0.999999999399,0.));
#4938 = ORIENTED_EDGE('',*,*,#4939,.F.);
#4939 = EDGE_CURVE('',#4940,#4931,#4942,.T.);
#4940 = VERTEX_POINT('',#4941);
#4941 = CARTESIAN_POINT('',(155.6,-55.131981,0.));
#4942 = LINE('',#4943,#4944);
#4943 = CARTESIAN_POINT('',(155.6,-55.131981,0.));
#4944 = VECTOR('',#4945,1.);
#4945 = DIRECTION('',(1.,0.,0.));
#4946 = ORIENTED_EDGE('',*,*,#4947,.F.);
#4947 = EDGE_CURVE('',#4948,#4940,#4950,.T.);
#4948 = VERTEX_POINT('',#4949);
#4949 = CARTESIAN_POINT('',(153.314286,-62.414588,0.));
#4950 = CIRCLE('',#4951,4.00000904161);
#4951 = AXIS2_PLACEMENT_3D('',#4952,#4953,#4954);
#4952 = CARTESIAN_POINT('',(155.60002941863,-59.1319900415,0.));
#4953 = DIRECTION('',(0.,0.,-1.));
#4954 = DIRECTION('',(-0.571434562986,-0.820647634631,-0.));
#4955 = ORIENTED_EDGE('',*,*,#4956,.F.);
#4956 = EDGE_CURVE('',#4957,#4948,#4959,.T.);
#4957 = VERTEX_POINT('',#4958);
#4958 = CARTESIAN_POINT('',(154.6,-64.876544,0.));
#4959 = CIRCLE('',#4960,3.000126965947);
#4960 = AXIS2_PLACEMENT_3D('',#4961,#4962,#4963);
#4961 = CARTESIAN_POINT('',(151.59987303476,-64.87660952639,0.));
#4962 = DIRECTION('',(0.,0.,1.));
#4963 = DIRECTION('',(0.999999999761,2.18412083378E-05,-0.));
#4964 = ORIENTED_EDGE('',*,*,#4965,.F.);
#4965 = EDGE_CURVE('',#4966,#4957,#4968,.T.);
#4966 = VERTEX_POINT('',#4967);
#4967 = CARTESIAN_POINT('',(154.6,-69.131981,0.));
#4968 = LINE('',#4969,#4970);
#4969 = CARTESIAN_POINT('',(154.6,-69.131981,0.));
#4970 = VECTOR('',#4971,1.);
#4971 = DIRECTION('',(0.,1.,0.));
#4972 = ORIENTED_EDGE('',*,*,#4973,.F.);
#4973 = EDGE_CURVE('',#4974,#4966,#4976,.T.);
#4974 = VERTEX_POINT('',#4975);
#4975 = CARTESIAN_POINT('',(124.6,-69.131981,0.));
#4976 = CIRCLE('',#4977,15.);
#4977 = AXIS2_PLACEMENT_3D('',#4978,#4979,#4980);
#4978 = CARTESIAN_POINT('',(139.6,-69.131981,0.));
#4979 = DIRECTION('',(0.,0.,1.));
#4980 = DIRECTION('',(-1.,0.,-0.));
#4981 = ORIENTED_EDGE('',*,*,#4982,.F.);
#4982 = EDGE_CURVE('',#4719,#4974,#4983,.T.);
#4983 = LINE('',#4984,#4985);
#4984 = CARTESIAN_POINT('',(124.6,-64.876544,0.));
#4985 = VECTOR('',#4986,1.);
#4986 = DIRECTION('',(0.,-1.,0.));
#4987 = ORIENTED_EDGE('',*,*,#4726,.F.);
#4988 = FACE_BOUND('',#4989,.F.);
#4989 = EDGE_LOOP('',(#4990));
#4990 = ORIENTED_EDGE('',*,*,#4991,.T.);
#4991 = EDGE_CURVE('',#4992,#4992,#4994,.T.);
#4992 = VERTEX_POINT('',#4993);
#4993 = CARTESIAN_POINT('',(123.6,-113.381981,0.));
#4994 = CIRCLE('',#4995,1.75);
#4995 = AXIS2_PLACEMENT_3D('',#4996,#4997,#4998);
#4996 = CARTESIAN_POINT('',(123.6,-111.631981,0.));
#4997 = DIRECTION('',(-0.,0.,-1.));
#4998 = DIRECTION('',(-0.,-1.,0.));
#4999 = FACE_BOUND('',#5000,.F.);
#5000 = EDGE_LOOP('',(#5001));
#5001 = ORIENTED_EDGE('',*,*,#5002,.T.);
#5002 = EDGE_CURVE('',#5003,#5003,#5005,.T.);
#5003 = VERTEX_POINT('',#5004);
#5004 = CARTESIAN_POINT('',(134.52,-109.532,0.));
#5005 = CIRCLE('',#5006,0.7);
#5006 = AXIS2_PLACEMENT_3D('',#5007,#5008,#5009);
#5007 = CARTESIAN_POINT('',(134.52,-108.832,0.));
#5008 = DIRECTION('',(-0.,0.,-1.));
#5009 = DIRECTION('',(4.060244204343E-14,-1.,-0.));
#5010 = FACE_BOUND('',#5011,.F.);
#5011 = EDGE_LOOP('',(#5012));
#5012 = ORIENTED_EDGE('',*,*,#5013,.T.);
#5013 = EDGE_CURVE('',#5014,#5014,#5016,.T.);
#5014 = VERTEX_POINT('',#5015);
#5015 = CARTESIAN_POINT('',(134.52,-104.452,0.));
#5016 = CIRCLE('',#5017,0.7);
#5017 = AXIS2_PLACEMENT_3D('',#5018,#5019,#5020);
#5018 = CARTESIAN_POINT('',(134.52,-103.752,0.));
#5019 = DIRECTION('',(-0.,0.,-1.));
#5020 = DIRECTION('',(4.060244204343E-14,-1.,-0.));
#5021 = FACE_BOUND('',#5022,.F.);
#5022 = EDGE_LOOP('',(#5023));
#5023 = ORIENTED_EDGE('',*,*,#5024,.T.);
#5024 = EDGE_CURVE('',#5025,#5025,#5027,.T.);
#5025 = VERTEX_POINT('',#5026);
#5026 = CARTESIAN_POINT('',(144.68,-109.532,0.));
#5027 = CIRCLE('',#5028,0.7);
#5028 = AXIS2_PLACEMENT_3D('',#5029,#5030,#5031);
#5029 = CARTESIAN_POINT('',(144.68,-108.832,0.));
#5030 = DIRECTION('',(-0.,0.,-1.));
#5031 = DIRECTION('',(-0.,-1.,0.));
#5032 = FACE_BOUND('',#5033,.F.);
#5033 = EDGE_LOOP('',(#5034));
#5034 = ORIENTED_EDGE('',*,*,#5035,.T.);
#5035 = EDGE_CURVE('',#5036,#5036,#5038,.T.);
#5036 = VERTEX_POINT('',#5037);
#5037 = CARTESIAN_POINT('',(155.6,-113.381981,0.));
#5038 = CIRCLE('',#5039,1.75);
#5039 = AXIS2_PLACEMENT_3D('',#5040,#5041,#5042);
#5040 = CARTESIAN_POINT('',(155.6,-111.631981,0.));
#5041 = DIRECTION('',(-0.,0.,-1.));
#5042 = DIRECTION('',(-0.,-1.,0.));
#5043 = FACE_BOUND('',#5044,.F.);
#5044 = EDGE_LOOP('',(#5045));
#5045 = ORIENTED_EDGE('',*,*,#5046,.T.);
#5046 = EDGE_CURVE('',#5047,#5047,#5049,.T.);
#5047 = VERTEX_POINT('',#5048);
#5048 = CARTESIAN_POINT('',(144.68,-104.452,0.));
#5049 = CIRCLE('',#5050,0.7);
#5050 = AXIS2_PLACEMENT_3D('',#5051,#5052,#5053);
#5051 = CARTESIAN_POINT('',(144.68,-103.752,0.));
#5052 = DIRECTION('',(-0.,0.,-1.));
#5053 = DIRECTION('',(-0.,-1.,0.));
#5054 = FACE_BOUND('',#5055,.F.);
#5055 = EDGE_LOOP('',(#5056));
#5056 = ORIENTED_EDGE('',*,*,#5057,.T.);
#5057 = EDGE_CURVE('',#5058,#5058,#5060,.T.);
#5058 = VERTEX_POINT('',#5059);
#5059 = CARTESIAN_POINT('',(92.486981,-85.6,0.));
#5060 = CIRCLE('',#5061,0.85);
#5061 = AXIS2_PLACEMENT_3D('',#5062,#5063,#5064);
#5062 = CARTESIAN_POINT('',(92.486981,-84.75,0.));
#5063 = DIRECTION('',(-0.,0.,-1.));
#5064 = DIRECTION('',(-0.,-1.,0.));
#5065 = FACE_BOUND('',#5066,.F.);
#5066 = EDGE_LOOP('',(#5067));
#5067 = ORIENTED_EDGE('',*,*,#5068,.T.);
#5068 = EDGE_CURVE('',#5069,#5069,#5071,.T.);
#5069 = VERTEX_POINT('',#5070);
#5070 = CARTESIAN_POINT('',(96.446981,-85.6,0.));
#5071 = CIRCLE('',#5072,0.85);
#5072 = AXIS2_PLACEMENT_3D('',#5073,#5074,#5075);
#5073 = CARTESIAN_POINT('',(96.446981,-84.75,0.));
#5074 = DIRECTION('',(-0.,0.,-1.));
#5075 = DIRECTION('',(-0.,-1.,0.));
#5076 = FACE_BOUND('',#5077,.F.);
#5077 = EDGE_LOOP('',(#5078));
#5078 = ORIENTED_EDGE('',*,*,#5079,.T.);
#5079 = EDGE_CURVE('',#5080,#5080,#5082,.T.);
#5080 = VERTEX_POINT('',#5081);
#5081 = CARTESIAN_POINT('',(102.115731,-85.6,0.));
#5082 = CIRCLE('',#5083,0.85);
#5083 = AXIS2_PLACEMENT_3D('',#5084,#5085,#5086);
#5084 = CARTESIAN_POINT('',(102.115731,-84.75,0.));
#5085 = DIRECTION('',(-0.,0.,-1.));
#5086 = DIRECTION('',(-1.671865260612E-14,-1.,0.));
#5087 = FACE_BOUND('',#5088,.F.);
#5088 = EDGE_LOOP('',(#5089));
#5089 = ORIENTED_EDGE('',*,*,#5090,.T.);
#5090 = EDGE_CURVE('',#5091,#5091,#5093,.T.);
#5091 = VERTEX_POINT('',#5092);
#5092 = CARTESIAN_POINT('',(106.075731,-85.6,0.));
#5093 = CIRCLE('',#5094,0.85);
#5094 = AXIS2_PLACEMENT_3D('',#5095,#5096,#5097);
#5095 = CARTESIAN_POINT('',(106.075731,-84.75,0.));
#5096 = DIRECTION('',(-0.,0.,-1.));
#5097 = DIRECTION('',(1.671865260612E-14,-1.,-0.));
#5098 = FACE_BOUND('',#5099,.F.);
#5099 = EDGE_LOOP('',(#5100));
#5100 = ORIENTED_EDGE('',*,*,#5101,.T.);
#5101 = EDGE_CURVE('',#5102,#5102,#5104,.T.);
#5102 = VERTEX_POINT('',#5103);
#5103 = CARTESIAN_POINT('',(82.7,-78.360156,0.));
#5104 = CIRCLE('',#5105,1.75);
#5105 = AXIS2_PLACEMENT_3D('',#5106,#5107,#5108);
#5106 = CARTESIAN_POINT('',(82.7,-76.610156,0.));
#5107 = DIRECTION('',(-0.,0.,-1.));
#5108 = DIRECTION('',(-0.,-1.,0.));
#5109 = FACE_BOUND('',#5110,.F.);
#5110 = EDGE_LOOP('',(#5111));
#5111 = ORIENTED_EDGE('',*,*,#5112,.T.);
#5112 = EDGE_CURVE('',#5113,#5113,#5115,.T.);
#5113 = VERTEX_POINT('',#5114);
#5114 = CARTESIAN_POINT('',(93.216981,-75.,0.));
#5115 = CIRCLE('',#5116,0.7);
#5116 = AXIS2_PLACEMENT_3D('',#5117,#5118,#5119);
#5117 = CARTESIAN_POINT('',(93.216981,-74.3,0.));
#5118 = DIRECTION('',(-0.,0.,-1.));
#5119 = DIRECTION('',(-0.,-1.,0.));
#5120 = FACE_BOUND('',#5121,.F.);
#5121 = EDGE_LOOP('',(#5122));
#5122 = ORIENTED_EDGE('',*,*,#5123,.T.);
#5123 = EDGE_CURVE('',#5124,#5124,#5126,.T.);
#5124 = VERTEX_POINT('',#5125);
#5125 = CARTESIAN_POINT('',(95.716981,-75.,0.));
#5126 = CIRCLE('',#5127,0.7);
#5127 = AXIS2_PLACEMENT_3D('',#5128,#5129,#5130);
#5128 = CARTESIAN_POINT('',(95.716981,-74.3,0.));
#5129 = DIRECTION('',(-0.,0.,-1.));
#5130 = DIRECTION('',(-0.,-1.,0.));
#5131 = FACE_BOUND('',#5132,.F.);
#5132 = EDGE_LOOP('',(#5133));
#5133 = ORIENTED_EDGE('',*,*,#5134,.T.);
#5134 = EDGE_CURVE('',#5135,#5135,#5137,.T.);
#5135 = VERTEX_POINT('',#5136);
#5136 = CARTESIAN_POINT('',(102.845731,-75.,0.));
#5137 = CIRCLE('',#5138,0.7);
#5138 = AXIS2_PLACEMENT_3D('',#5139,#5140,#5141);
#5139 = CARTESIAN_POINT('',(102.845731,-74.3,0.));
#5140 = DIRECTION('',(-0.,0.,-1.));
#5141 = DIRECTION('',(-0.,-1.,0.));
#5142 = FACE_BOUND('',#5143,.F.);
#5143 = EDGE_LOOP('',(#5144));
#5144 = ORIENTED_EDGE('',*,*,#5145,.T.);
#5145 = EDGE_CURVE('',#5146,#5146,#5148,.T.);
#5146 = VERTEX_POINT('',#5147);
#5147 = CARTESIAN_POINT('',(105.345731,-75.,0.));
#5148 = CIRCLE('',#5149,0.7);
#5149 = AXIS2_PLACEMENT_3D('',#5150,#5151,#5152);
#5150 = CARTESIAN_POINT('',(105.345731,-74.3,0.));
#5151 = DIRECTION('',(-0.,0.,-1.));
#5152 = DIRECTION('',(-0.,-1.,0.));
#5153 = FACE_BOUND('',#5154,.F.);
#5154 = EDGE_LOOP('',(#5155));
#5155 = ORIENTED_EDGE('',*,*,#5156,.T.);
#5156 = EDGE_CURVE('',#5157,#5157,#5159,.T.);
#5157 = VERTEX_POINT('',#5158);
#5158 = CARTESIAN_POINT('',(111.276012,-85.6,0.));
#5159 = CIRCLE('',#5160,0.85);
#5160 = AXIS2_PLACEMENT_3D('',#5161,#5162,#5163);
#5161 = CARTESIAN_POINT('',(111.276012,-84.75,0.));
#5162 = DIRECTION('',(-0.,0.,-1.));
#5163 = DIRECTION('',(-1.671865260612E-14,-1.,0.));
#5164 = FACE_BOUND('',#5165,.F.);
#5165 = EDGE_LOOP('',(#5166));
#5166 = ORIENTED_EDGE('',*,*,#5167,.T.);
#5167 = EDGE_CURVE('',#5168,#5168,#5170,.T.);
#5168 = VERTEX_POINT('',#5169);
#5169 = CARTESIAN_POINT('',(115.236012,-85.6,0.));
#5170 = CIRCLE('',#5171,0.85);
#5171 = AXIS2_PLACEMENT_3D('',#5172,#5173,#5174);
#5172 = CARTESIAN_POINT('',(115.236012,-84.75,0.));
#5173 = DIRECTION('',(-0.,0.,-1.));
#5174 = DIRECTION('',(1.671865260612E-14,-1.,-0.));
#5175 = FACE_BOUND('',#5176,.F.);
#5176 = EDGE_LOOP('',(#5177));
#5177 = ORIENTED_EDGE('',*,*,#5178,.T.);
#5178 = EDGE_CURVE('',#5179,#5179,#5181,.T.);
#5179 = VERTEX_POINT('',#5180);
#5180 = CARTESIAN_POINT('',(112.006012,-75.,0.));
#5181 = CIRCLE('',#5182,0.7);
#5182 = AXIS2_PLACEMENT_3D('',#5183,#5184,#5185);
#5183 = CARTESIAN_POINT('',(112.006012,-74.3,0.));
#5184 = DIRECTION('',(-0.,0.,-1.));
#5185 = DIRECTION('',(-0.,-1.,0.));
#5186 = FACE_BOUND('',#5187,.F.);
#5187 = EDGE_LOOP('',(#5188));
#5188 = ORIENTED_EDGE('',*,*,#5189,.T.);
#5189 = EDGE_CURVE('',#5190,#5190,#5192,.T.);
#5190 = VERTEX_POINT('',#5191);
#5191 = CARTESIAN_POINT('',(114.506012,-75.,0.));
#5192 = CIRCLE('',#5193,0.7);
#5193 = AXIS2_PLACEMENT_3D('',#5194,#5195,#5196);
#5194 = CARTESIAN_POINT('',(114.506012,-74.3,0.));
#5195 = DIRECTION('',(-0.,0.,-1.));
#5196 = DIRECTION('',(-0.,-1.,0.));
#5197 = FACE_BOUND('',#5198,.F.);
#5198 = EDGE_LOOP('',(#5199));
#5199 = ORIENTED_EDGE('',*,*,#5200,.T.);
#5200 = EDGE_CURVE('',#5201,#5201,#5203,.T.);
#5201 = VERTEX_POINT('',#5202);
#5202 = CARTESIAN_POINT('',(93.216981,-71.5,0.));
#5203 = CIRCLE('',#5204,0.7);
#5204 = AXIS2_PLACEMENT_3D('',#5205,#5206,#5207);
#5205 = CARTESIAN_POINT('',(93.216981,-70.8,0.));
#5206 = DIRECTION('',(-0.,0.,-1.));
#5207 = DIRECTION('',(-0.,-1.,0.));
#5208 = FACE_BOUND('',#5209,.F.);
#5209 = EDGE_LOOP('',(#5210));
#5210 = ORIENTED_EDGE('',*,*,#5211,.T.);
#5211 = EDGE_CURVE('',#5212,#5212,#5214,.T.);
#5212 = VERTEX_POINT('',#5213);
#5213 = CARTESIAN_POINT('',(94.466981,-69.1,0.));
#5214 = CIRCLE('',#5215,1.2);
#5215 = AXIS2_PLACEMENT_3D('',#5216,#5217,#5218);
#5216 = CARTESIAN_POINT('',(94.466981,-67.9,0.));
#5217 = DIRECTION('',(-0.,0.,-1.));
#5218 = DIRECTION('',(-0.,-1.,0.));
#5219 = FACE_BOUND('',#5220,.F.);
#5220 = EDGE_LOOP('',(#5221));
#5221 = ORIENTED_EDGE('',*,*,#5222,.T.);
#5222 = EDGE_CURVE('',#5223,#5223,#5225,.T.);
#5223 = VERTEX_POINT('',#5224);
#5224 = CARTESIAN_POINT('',(93.216981,-65.7,0.));
#5225 = CIRCLE('',#5226,0.7);
#5226 = AXIS2_PLACEMENT_3D('',#5227,#5228,#5229);
#5227 = CARTESIAN_POINT('',(93.216981,-65.,0.));
#5228 = DIRECTION('',(-0.,0.,-1.));
#5229 = DIRECTION('',(-0.,-1.,0.));
#5230 = FACE_BOUND('',#5231,.F.);
#5231 = EDGE_LOOP('',(#5232));
#5232 = ORIENTED_EDGE('',*,*,#5233,.T.);
#5233 = EDGE_CURVE('',#5234,#5234,#5236,.T.);
#5234 = VERTEX_POINT('',#5235);
#5235 = CARTESIAN_POINT('',(95.716981,-71.5,0.));
#5236 = CIRCLE('',#5237,0.7);
#5237 = AXIS2_PLACEMENT_3D('',#5238,#5239,#5240);
#5238 = CARTESIAN_POINT('',(95.716981,-70.8,0.));
#5239 = DIRECTION('',(-0.,0.,-1.));
#5240 = DIRECTION('',(-0.,-1.,0.));
#5241 = FACE_BOUND('',#5242,.F.);
#5242 = EDGE_LOOP('',(#5243));
#5243 = ORIENTED_EDGE('',*,*,#5244,.T.);
#5244 = EDGE_CURVE('',#5245,#5245,#5247,.T.);
#5245 = VERTEX_POINT('',#5246);
#5246 = CARTESIAN_POINT('',(102.845731,-71.5,0.));
#5247 = CIRCLE('',#5248,0.7);
#5248 = AXIS2_PLACEMENT_3D('',#5249,#5250,#5251);
#5249 = CARTESIAN_POINT('',(102.845731,-70.8,0.));
#5250 = DIRECTION('',(-0.,0.,-1.));
#5251 = DIRECTION('',(-0.,-1.,0.));
#5252 = FACE_BOUND('',#5253,.F.);
#5253 = EDGE_LOOP('',(#5254));
#5254 = ORIENTED_EDGE('',*,*,#5255,.T.);
#5255 = EDGE_CURVE('',#5256,#5256,#5258,.T.);
#5256 = VERTEX_POINT('',#5257);
#5257 = CARTESIAN_POINT('',(105.345731,-71.5,0.));
#5258 = CIRCLE('',#5259,0.7);
#5259 = AXIS2_PLACEMENT_3D('',#5260,#5261,#5262);
#5260 = CARTESIAN_POINT('',(105.345731,-70.8,0.));
#5261 = DIRECTION('',(-0.,0.,-1.));
#5262 = DIRECTION('',(-0.,-1.,0.));
#5263 = FACE_BOUND('',#5264,.F.);
#5264 = EDGE_LOOP('',(#5265));
#5265 = ORIENTED_EDGE('',*,*,#5266,.T.);
#5266 = EDGE_CURVE('',#5267,#5267,#5269,.T.);
#5267 = VERTEX_POINT('',#5268);
#5268 = CARTESIAN_POINT('',(104.095731,-69.1,0.));
#5269 = CIRCLE('',#5270,1.2);
#5270 = AXIS2_PLACEMENT_3D('',#5271,#5272,#5273);
#5271 = CARTESIAN_POINT('',(104.095731,-67.9,0.));
#5272 = DIRECTION('',(-0.,0.,-1.));
#5273 = DIRECTION('',(-0.,-1.,0.));
#5274 = FACE_BOUND('',#5275,.F.);
#5275 = EDGE_LOOP('',(#5276));
#5276 = ORIENTED_EDGE('',*,*,#5277,.T.);
#5277 = EDGE_CURVE('',#5278,#5278,#5280,.T.);
#5278 = VERTEX_POINT('',#5279);
#5279 = CARTESIAN_POINT('',(95.716981,-65.7,0.));
#5280 = CIRCLE('',#5281,0.7);
#5281 = AXIS2_PLACEMENT_3D('',#5282,#5283,#5284);
#5282 = CARTESIAN_POINT('',(95.716981,-65.,0.));
#5283 = DIRECTION('',(-0.,0.,-1.));
#5284 = DIRECTION('',(-0.,-1.,0.));
#5285 = FACE_BOUND('',#5286,.F.);
#5286 = EDGE_LOOP('',(#5287));
#5287 = ORIENTED_EDGE('',*,*,#5288,.T.);
#5288 = EDGE_CURVE('',#5289,#5289,#5291,.T.);
#5289 = VERTEX_POINT('',#5290);
#5290 = CARTESIAN_POINT('',(102.845731,-65.7,0.));
#5291 = CIRCLE('',#5292,0.7);
#5292 = AXIS2_PLACEMENT_3D('',#5293,#5294,#5295);
#5293 = CARTESIAN_POINT('',(102.845731,-65.,0.));
#5294 = DIRECTION('',(-0.,0.,-1.));
#5295 = DIRECTION('',(-0.,-1.,0.));
#5296 = FACE_BOUND('',#5297,.F.);
#5297 = EDGE_LOOP('',(#5298));
#5298 = ORIENTED_EDGE('',*,*,#5299,.T.);
#5299 = EDGE_CURVE('',#5300,#5300,#5302,.T.);
#5300 = VERTEX_POINT('',#5301);
#5301 = CARTESIAN_POINT('',(105.345731,-65.7,0.));
#5302 = CIRCLE('',#5303,0.7);
#5303 = AXIS2_PLACEMENT_3D('',#5304,#5305,#5306);
#5304 = CARTESIAN_POINT('',(105.345731,-65.,0.));
#5305 = DIRECTION('',(-0.,0.,-1.));
#5306 = DIRECTION('',(-0.,-1.,0.));
#5307 = FACE_BOUND('',#5308,.F.);
#5308 = EDGE_LOOP('',(#5309));
#5309 = ORIENTED_EDGE('',*,*,#5310,.T.);
#5310 = EDGE_CURVE('',#5311,#5311,#5313,.T.);
#5311 = VERTEX_POINT('',#5312);
#5312 = CARTESIAN_POINT('',(93.216981,-62.2,0.));
#5313 = CIRCLE('',#5314,0.7);
#5314 = AXIS2_PLACEMENT_3D('',#5315,#5316,#5317);
#5315 = CARTESIAN_POINT('',(93.216981,-61.5,0.));
#5316 = DIRECTION('',(-0.,0.,-1.));
#5317 = DIRECTION('',(-0.,-1.,0.));
#5318 = FACE_BOUND('',#5319,.F.);
#5319 = EDGE_LOOP('',(#5320));
#5320 = ORIENTED_EDGE('',*,*,#5321,.T.);
#5321 = EDGE_CURVE('',#5322,#5322,#5324,.T.);
#5322 = VERTEX_POINT('',#5323);
#5323 = CARTESIAN_POINT('',(95.716981,-62.2,0.));
#5324 = CIRCLE('',#5325,0.7);
#5325 = AXIS2_PLACEMENT_3D('',#5326,#5327,#5328);
#5326 = CARTESIAN_POINT('',(95.716981,-61.5,0.));
#5327 = DIRECTION('',(-0.,0.,-1.));
#5328 = DIRECTION('',(-0.,-1.,0.));
#5329 = FACE_BOUND('',#5330,.F.);
#5330 = EDGE_LOOP('',(#5331));
#5331 = ORIENTED_EDGE('',*,*,#5332,.T.);
#5332 = EDGE_CURVE('',#5333,#5333,#5335,.T.);
#5333 = VERTEX_POINT('',#5334);
#5334 = CARTESIAN_POINT('',(102.845731,-62.2,0.));
#5335 = CIRCLE('',#5336,0.7);
#5336 = AXIS2_PLACEMENT_3D('',#5337,#5338,#5339);
#5337 = CARTESIAN_POINT('',(102.845731,-61.5,0.));
#5338 = DIRECTION('',(-0.,0.,-1.));
#5339 = DIRECTION('',(-0.,-1.,0.));
#5340 = FACE_BOUND('',#5341,.F.);
#5341 = EDGE_LOOP('',(#5342));
#5342 = ORIENTED_EDGE('',*,*,#5343,.T.);
#5343 = EDGE_CURVE('',#5344,#5344,#5346,.T.);
#5344 = VERTEX_POINT('',#5345);
#5345 = CARTESIAN_POINT('',(105.345731,-62.2,0.));
#5346 = CIRCLE('',#5347,0.7);
#5347 = AXIS2_PLACEMENT_3D('',#5348,#5349,#5350);
#5348 = CARTESIAN_POINT('',(105.345731,-61.5,0.));
#5349 = DIRECTION('',(-0.,0.,-1.));
#5350 = DIRECTION('',(-0.,-1.,0.));
#5351 = FACE_BOUND('',#5352,.F.);
#5352 = EDGE_LOOP('',(#5353));
#5353 = ORIENTED_EDGE('',*,*,#5354,.T.);
#5354 = EDGE_CURVE('',#5355,#5355,#5357,.T.);
#5355 = VERTEX_POINT('',#5356);
#5356 = CARTESIAN_POINT('',(112.006012,-71.5,0.));
#5357 = CIRCLE('',#5358,0.7);
#5358 = AXIS2_PLACEMENT_3D('',#5359,#5360,#5361);
#5359 = CARTESIAN_POINT('',(112.006012,-70.8,0.));
#5360 = DIRECTION('',(-0.,0.,-1.));
#5361 = DIRECTION('',(-0.,-1.,0.));
#5362 = FACE_BOUND('',#5363,.F.);
#5363 = EDGE_LOOP('',(#5364));
#5364 = ORIENTED_EDGE('',*,*,#5365,.T.);
#5365 = EDGE_CURVE('',#5366,#5366,#5368,.T.);
#5366 = VERTEX_POINT('',#5367);
#5367 = CARTESIAN_POINT('',(114.506012,-71.5,0.));
#5368 = CIRCLE('',#5369,0.7);
#5369 = AXIS2_PLACEMENT_3D('',#5370,#5371,#5372);
#5370 = CARTESIAN_POINT('',(114.506012,-70.8,0.));
#5371 = DIRECTION('',(-0.,0.,-1.));
#5372 = DIRECTION('',(-0.,-1.,0.));
#5373 = FACE_BOUND('',#5374,.F.);
#5374 = EDGE_LOOP('',(#5375));
#5375 = ORIENTED_EDGE('',*,*,#5376,.T.);
#5376 = EDGE_CURVE('',#5377,#5377,#5379,.T.);
#5377 = VERTEX_POINT('',#5378);
#5378 = CARTESIAN_POINT('',(113.256012,-69.1,0.));
#5379 = CIRCLE('',#5380,1.2);
#5380 = AXIS2_PLACEMENT_3D('',#5381,#5382,#5383);
#5381 = CARTESIAN_POINT('',(113.256012,-67.9,0.));
#5382 = DIRECTION('',(-0.,0.,-1.));
#5383 = DIRECTION('',(-0.,-1.,0.));
#5384 = FACE_BOUND('',#5385,.F.);
#5385 = EDGE_LOOP('',(#5386));
#5386 = ORIENTED_EDGE('',*,*,#5387,.T.);
#5387 = EDGE_CURVE('',#5388,#5388,#5390,.T.);
#5388 = VERTEX_POINT('',#5389);
#5389 = CARTESIAN_POINT('',(112.006012,-65.7,0.));
#5390 = CIRCLE('',#5391,0.7);
#5391 = AXIS2_PLACEMENT_3D('',#5392,#5393,#5394);
#5392 = CARTESIAN_POINT('',(112.006012,-65.,0.));
#5393 = DIRECTION('',(-0.,0.,-1.));
#5394 = DIRECTION('',(-0.,-1.,0.));
#5395 = FACE_BOUND('',#5396,.F.);
#5396 = EDGE_LOOP('',(#5397));
#5397 = ORIENTED_EDGE('',*,*,#5398,.T.);
#5398 = EDGE_CURVE('',#5399,#5399,#5401,.T.);
#5399 = VERTEX_POINT('',#5400);
#5400 = CARTESIAN_POINT('',(114.506012,-65.7,0.));
#5401 = CIRCLE('',#5402,0.7);
#5402 = AXIS2_PLACEMENT_3D('',#5403,#5404,#5405);
#5403 = CARTESIAN_POINT('',(114.506012,-65.,0.));
#5404 = DIRECTION('',(-0.,0.,-1.));
#5405 = DIRECTION('',(-0.,-1.,0.));
#5406 = FACE_BOUND('',#5407,.F.);
#5407 = EDGE_LOOP('',(#5408));
#5408 = ORIENTED_EDGE('',*,*,#5409,.T.);
#5409 = EDGE_CURVE('',#5410,#5410,#5412,.T.);
#5410 = VERTEX_POINT('',#5411);
#5411 = CARTESIAN_POINT('',(112.006012,-62.2,0.));
#5412 = CIRCLE('',#5413,0.7);
#5413 = AXIS2_PLACEMENT_3D('',#5414,#5415,#5416);
#5414 = CARTESIAN_POINT('',(112.006012,-61.5,0.));
#5415 = DIRECTION('',(-0.,0.,-1.));
#5416 = DIRECTION('',(-0.,-1.,0.));
#5417 = FACE_BOUND('',#5418,.F.);
#5418 = EDGE_LOOP('',(#5419));
#5419 = ORIENTED_EDGE('',*,*,#5420,.T.);
#5420 = EDGE_CURVE('',#5421,#5421,#5423,.T.);
#5421 = VERTEX_POINT('',#5422);
#5422 = CARTESIAN_POINT('',(114.506012,-62.2,0.));
#5423 = CIRCLE('',#5424,0.7);
#5424 = AXIS2_PLACEMENT_3D('',#5425,#5426,#5427);
#5425 = CARTESIAN_POINT('',(114.506012,-61.5,0.));
#5426 = DIRECTION('',(-0.,0.,-1.));
#5427 = DIRECTION('',(-0.,-1.,0.));
#5428 = FACE_BOUND('',#5429,.F.);
#5429 = EDGE_LOOP('',(#5430));
#5430 = ORIENTED_EDGE('',*,*,#5431,.T.);
#5431 = EDGE_CURVE('',#5432,#5432,#5434,.T.);
#5432 = VERTEX_POINT('',#5433);
#5433 = CARTESIAN_POINT('',(123.6,-60.881981,0.));
#5434 = CIRCLE('',#5435,1.75);
#5435 = AXIS2_PLACEMENT_3D('',#5436,#5437,#5438);
#5436 = CARTESIAN_POINT('',(123.6,-59.131981,0.));
#5437 = DIRECTION('',(-0.,0.,-1.));
#5438 = DIRECTION('',(-0.,-1.,0.));
#5439 = FACE_BOUND('',#5440,.F.);
#5440 = EDGE_LOOP('',(#5441));
#5441 = ORIENTED_EDGE('',*,*,#5442,.T.);
#5442 = EDGE_CURVE('',#5443,#5443,#5445,.T.);
#5443 = VERTEX_POINT('',#5444);
#5444 = CARTESIAN_POINT('',(169.4125,-85.6,0.));
#5445 = CIRCLE('',#5446,0.85);
#5446 = AXIS2_PLACEMENT_3D('',#5447,#5448,#5449);
#5447 = CARTESIAN_POINT('',(169.4125,-84.75,0.));
#5448 = DIRECTION('',(-0.,0.,-1.));
#5449 = DIRECTION('',(-0.,-1.,0.));
#5450 = FACE_BOUND('',#5451,.F.);
#5451 = EDGE_LOOP('',(#5452));
#5452 = ORIENTED_EDGE('',*,*,#5453,.T.);
#5453 = EDGE_CURVE('',#5454,#5454,#5456,.T.);
#5454 = VERTEX_POINT('',#5455);
#5455 = CARTESIAN_POINT('',(173.3725,-85.6,0.));
#5456 = CIRCLE('',#5457,0.85);
#5457 = AXIS2_PLACEMENT_3D('',#5458,#5459,#5460);
#5458 = CARTESIAN_POINT('',(173.3725,-84.75,0.));
#5459 = DIRECTION('',(-0.,0.,-1.));
#5460 = DIRECTION('',(-0.,-1.,0.));
#5461 = FACE_BOUND('',#5462,.F.);
#5462 = EDGE_LOOP('',(#5463));
#5463 = ORIENTED_EDGE('',*,*,#5464,.T.);
#5464 = EDGE_CURVE('',#5465,#5465,#5467,.T.);
#5465 = VERTEX_POINT('',#5466);
#5466 = CARTESIAN_POINT('',(180.82,-85.6,0.));
#5467 = CIRCLE('',#5468,0.85);
#5468 = AXIS2_PLACEMENT_3D('',#5469,#5470,#5471);
#5469 = CARTESIAN_POINT('',(180.82,-84.75,0.));
#5470 = DIRECTION('',(-0.,0.,-1.));
#5471 = DIRECTION('',(-0.,-1.,0.));
#5472 = FACE_BOUND('',#5473,.F.);
#5473 = EDGE_LOOP('',(#5474));
#5474 = ORIENTED_EDGE('',*,*,#5475,.T.);
#5475 = EDGE_CURVE('',#5476,#5476,#5478,.T.);
#5476 = VERTEX_POINT('',#5477);
#5477 = CARTESIAN_POINT('',(184.78,-85.6,0.));
#5478 = CIRCLE('',#5479,0.85);
#5479 = AXIS2_PLACEMENT_3D('',#5480,#5481,#5482);
#5480 = CARTESIAN_POINT('',(184.78,-84.75,0.));
#5481 = DIRECTION('',(-0.,0.,-1.));
#5482 = DIRECTION('',(-0.,-1.,0.));
#5483 = FACE_BOUND('',#5484,.F.);
#5484 = EDGE_LOOP('',(#5485));
#5485 = ORIENTED_EDGE('',*,*,#5486,.T.);
#5486 = EDGE_CURVE('',#5487,#5487,#5489,.T.);
#5487 = VERTEX_POINT('',#5488);
#5488 = CARTESIAN_POINT('',(170.1425,-75.,0.));
#5489 = CIRCLE('',#5490,0.7);
#5490 = AXIS2_PLACEMENT_3D('',#5491,#5492,#5493);
#5491 = CARTESIAN_POINT('',(170.1425,-74.3,0.));
#5492 = DIRECTION('',(-0.,0.,-1.));
#5493 = DIRECTION('',(4.060244204343E-14,-1.,-0.));
#5494 = FACE_BOUND('',#5495,.F.);
#5495 = EDGE_LOOP('',(#5496));
#5496 = ORIENTED_EDGE('',*,*,#5497,.T.);
#5497 = EDGE_CURVE('',#5498,#5498,#5500,.T.);
#5498 = VERTEX_POINT('',#5499);
#5499 = CARTESIAN_POINT('',(172.6425,-75.,0.));
#5500 = CIRCLE('',#5501,0.7);
#5501 = AXIS2_PLACEMENT_3D('',#5502,#5503,#5504);
#5502 = CARTESIAN_POINT('',(172.6425,-74.3,0.));
#5503 = DIRECTION('',(-0.,0.,-1.));
#5504 = DIRECTION('',(4.060244204343E-14,-1.,-0.));
#5505 = FACE_BOUND('',#5506,.F.);
#5506 = EDGE_LOOP('',(#5507));
#5507 = ORIENTED_EDGE('',*,*,#5508,.T.);
#5508 = EDGE_CURVE('',#5509,#5509,#5511,.T.);
#5509 = VERTEX_POINT('',#5510);
#5510 = CARTESIAN_POINT('',(181.55,-75.,0.));
#5511 = CIRCLE('',#5512,0.7);
#5512 = AXIS2_PLACEMENT_3D('',#5513,#5514,#5515);
#5513 = CARTESIAN_POINT('',(181.55,-74.3,0.));
#5514 = DIRECTION('',(-0.,0.,-1.));
#5515 = DIRECTION('',(-0.,-1.,0.));
#5516 = FACE_BOUND('',#5517,.F.);
#5517 = EDGE_LOOP('',(#5518));
#5518 = ORIENTED_EDGE('',*,*,#5519,.T.);
#5519 = EDGE_CURVE('',#5520,#5520,#5522,.T.);
#5520 = VERTEX_POINT('',#5521);
#5521 = CARTESIAN_POINT('',(196.5,-78.360156,0.));
#5522 = CIRCLE('',#5523,1.75);
#5523 = AXIS2_PLACEMENT_3D('',#5524,#5525,#5526);
#5524 = CARTESIAN_POINT('',(196.5,-76.610156,0.));
#5525 = DIRECTION('',(-0.,0.,-1.));
#5526 = DIRECTION('',(-0.,-1.,0.));
#5527 = FACE_BOUND('',#5528,.F.);
#5528 = EDGE_LOOP('',(#5529));
#5529 = ORIENTED_EDGE('',*,*,#5530,.T.);
#5530 = EDGE_CURVE('',#5531,#5531,#5533,.T.);
#5531 = VERTEX_POINT('',#5532);
#5532 = CARTESIAN_POINT('',(184.05,-75.,0.));
#5533 = CIRCLE('',#5534,0.7);
#5534 = AXIS2_PLACEMENT_3D('',#5535,#5536,#5537);
#5535 = CARTESIAN_POINT('',(184.05,-74.3,0.));
#5536 = DIRECTION('',(-0.,0.,-1.));
#5537 = DIRECTION('',(-0.,-1.,0.));
#5538 = FACE_BOUND('',#5539,.F.);
#5539 = EDGE_LOOP('',(#5540));
#5540 = ORIENTED_EDGE('',*,*,#5541,.T.);
#5541 = EDGE_CURVE('',#5542,#5542,#5544,.T.);
#5542 = VERTEX_POINT('',#5543);
#5543 = CARTESIAN_POINT('',(155.6,-60.881981,0.));
#5544 = CIRCLE('',#5545,1.75);
#5545 = AXIS2_PLACEMENT_3D('',#5546,#5547,#5548);
#5546 = CARTESIAN_POINT('',(155.6,-59.131981,0.));
#5547 = DIRECTION('',(-0.,0.,-1.));
#5548 = DIRECTION('',(-0.,-1.,0.));
#5549 = FACE_BOUND('',#5550,.F.);
#5550 = EDGE_LOOP('',(#5551));
#5551 = ORIENTED_EDGE('',*,*,#5552,.T.);
#5552 = EDGE_CURVE('',#5553,#5553,#5555,.T.);
#5553 = VERTEX_POINT('',#5554);
#5554 = CARTESIAN_POINT('',(170.1425,-71.5,0.));
#5555 = CIRCLE('',#5556,0.7);
#5556 = AXIS2_PLACEMENT_3D('',#5557,#5558,#5559);
#5557 = CARTESIAN_POINT('',(170.1425,-70.8,0.));
#5558 = DIRECTION('',(-0.,0.,-1.));
#5559 = DIRECTION('',(4.060244204343E-14,-1.,-0.));
#5560 = FACE_BOUND('',#5561,.F.);
#5561 = EDGE_LOOP('',(#5562));
#5562 = ORIENTED_EDGE('',*,*,#5563,.T.);
#5563 = EDGE_CURVE('',#5564,#5564,#5566,.T.);
#5564 = VERTEX_POINT('',#5565);
#5565 = CARTESIAN_POINT('',(172.6425,-71.5,0.));
#5566 = CIRCLE('',#5567,0.7);
#5567 = AXIS2_PLACEMENT_3D('',#5568,#5569,#5570);
#5568 = CARTESIAN_POINT('',(172.6425,-70.8,0.));
#5569 = DIRECTION('',(-0.,0.,-1.));
#5570 = DIRECTION('',(4.060244204343E-14,-1.,-0.));
#5571 = FACE_BOUND('',#5572,.F.);
#5572 = EDGE_LOOP('',(#5573));
#5573 = ORIENTED_EDGE('',*,*,#5574,.T.);
#5574 = EDGE_CURVE('',#5575,#5575,#5577,.T.);
#5575 = VERTEX_POINT('',#5576);
#5576 = CARTESIAN_POINT('',(171.3925,-69.1,0.));
#5577 = CIRCLE('',#5578,1.2);
#5578 = AXIS2_PLACEMENT_3D('',#5579,#5580,#5581);
#5579 = CARTESIAN_POINT('',(171.3925,-67.9,0.));
#5580 = DIRECTION('',(-0.,0.,-1.));
#5581 = DIRECTION('',(2.368475785867E-14,-1.,-0.));
#5582 = FACE_BOUND('',#5583,.F.);
#5583 = EDGE_LOOP('',(#5584));
#5584 = ORIENTED_EDGE('',*,*,#5585,.T.);
#5585 = EDGE_CURVE('',#5586,#5586,#5588,.T.);
#5586 = VERTEX_POINT('',#5587);
#5587 = CARTESIAN_POINT('',(181.55,-71.5,0.));
#5588 = CIRCLE('',#5589,0.7);
#5589 = AXIS2_PLACEMENT_3D('',#5590,#5591,#5592);
#5590 = CARTESIAN_POINT('',(181.55,-70.8,0.));
#5591 = DIRECTION('',(-0.,0.,-1.));
#5592 = DIRECTION('',(-0.,-1.,0.));
#5593 = FACE_BOUND('',#5594,.F.);
#5594 = EDGE_LOOP('',(#5595));
#5595 = ORIENTED_EDGE('',*,*,#5596,.T.);
#5596 = EDGE_CURVE('',#5597,#5597,#5599,.T.);
#5597 = VERTEX_POINT('',#5598);
#5598 = CARTESIAN_POINT('',(182.8,-69.1,0.));
#5599 = CIRCLE('',#5600,1.2);
#5600 = AXIS2_PLACEMENT_3D('',#5601,#5602,#5603);
#5601 = CARTESIAN_POINT('',(182.8,-67.9,0.));
#5602 = DIRECTION('',(-0.,0.,-1.));
#5603 = DIRECTION('',(-0.,-1.,0.));
#5604 = FACE_BOUND('',#5605,.F.);
#5605 = EDGE_LOOP('',(#5606));
#5606 = ORIENTED_EDGE('',*,*,#5607,.T.);
#5607 = EDGE_CURVE('',#5608,#5608,#5610,.T.);
#5608 = VERTEX_POINT('',#5609);
#5609 = CARTESIAN_POINT('',(170.1425,-65.7,0.));
#5610 = CIRCLE('',#5611,0.7);
#5611 = AXIS2_PLACEMENT_3D('',#5612,#5613,#5614);
#5612 = CARTESIAN_POINT('',(170.1425,-65.,0.));
#5613 = DIRECTION('',(-0.,0.,-1.));
#5614 = DIRECTION('',(4.060244204343E-14,-1.,-0.));
#5615 = FACE_BOUND('',#5616,.F.);
#5616 = EDGE_LOOP('',(#5617));
#5617 = ORIENTED_EDGE('',*,*,#5618,.T.);
#5618 = EDGE_CURVE('',#5619,#5619,#5621,.T.);
#5619 = VERTEX_POINT('',#5620);
#5620 = CARTESIAN_POINT('',(172.6425,-65.7,0.));
#5621 = CIRCLE('',#5622,0.7);
#5622 = AXIS2_PLACEMENT_3D('',#5623,#5624,#5625);
#5623 = CARTESIAN_POINT('',(172.6425,-65.,0.));
#5624 = DIRECTION('',(-0.,0.,-1.));
#5625 = DIRECTION('',(4.060244204343E-14,-1.,-0.));
#5626 = FACE_BOUND('',#5627,.F.);
#5627 = EDGE_LOOP('',(#5628));
#5628 = ORIENTED_EDGE('',*,*,#5629,.T.);
#5629 = EDGE_CURVE('',#5630,#5630,#5632,.T.);
#5630 = VERTEX_POINT('',#5631);
#5631 = CARTESIAN_POINT('',(181.55,-65.7,0.));
#5632 = CIRCLE('',#5633,0.7);
#5633 = AXIS2_PLACEMENT_3D('',#5634,#5635,#5636);
#5634 = CARTESIAN_POINT('',(181.55,-65.,0.));
#5635 = DIRECTION('',(-0.,0.,-1.));
#5636 = DIRECTION('',(-0.,-1.,0.));
#5637 = FACE_BOUND('',#5638,.F.);
#5638 = EDGE_LOOP('',(#5639));
#5639 = ORIENTED_EDGE('',*,*,#5640,.T.);
#5640 = EDGE_CURVE('',#5641,#5641,#5643,.T.);
#5641 = VERTEX_POINT('',#5642);
#5642 = CARTESIAN_POINT('',(184.05,-71.5,0.));
#5643 = CIRCLE('',#5644,0.7);
#5644 = AXIS2_PLACEMENT_3D('',#5645,#5646,#5647);
#5645 = CARTESIAN_POINT('',(184.05,-70.8,0.));
#5646 = DIRECTION('',(-0.,0.,-1.));
#5647 = DIRECTION('',(-0.,-1.,0.));
#5648 = FACE_BOUND('',#5649,.F.);
#5649 = EDGE_LOOP('',(#5650));
#5650 = ORIENTED_EDGE('',*,*,#5651,.T.);
#5651 = EDGE_CURVE('',#5652,#5652,#5654,.T.);
#5652 = VERTEX_POINT('',#5653);
#5653 = CARTESIAN_POINT('',(184.05,-65.7,0.));
#5654 = CIRCLE('',#5655,0.7);
#5655 = AXIS2_PLACEMENT_3D('',#5656,#5657,#5658);
#5656 = CARTESIAN_POINT('',(184.05,-65.,0.));
#5657 = DIRECTION('',(-0.,0.,-1.));
#5658 = DIRECTION('',(-0.,-1.,0.));
#5659 = FACE_BOUND('',#5660,.F.);
#5660 = EDGE_LOOP('',(#5661));
#5661 = ORIENTED_EDGE('',*,*,#5662,.T.);
#5662 = EDGE_CURVE('',#5663,#5663,#5665,.T.);
#5663 = VERTEX_POINT('',#5664);
#5664 = CARTESIAN_POINT('',(170.1425,-62.2,0.));
#5665 = CIRCLE('',#5666,0.7);
#5666 = AXIS2_PLACEMENT_3D('',#5667,#5668,#5669);
#5667 = CARTESIAN_POINT('',(170.1425,-61.5,0.));
#5668 = DIRECTION('',(-0.,0.,-1.));
#5669 = DIRECTION('',(4.060244204343E-14,-1.,-0.));
#5670 = FACE_BOUND('',#5671,.F.);
#5671 = EDGE_LOOP('',(#5672));
#5672 = ORIENTED_EDGE('',*,*,#5673,.T.);
#5673 = EDGE_CURVE('',#5674,#5674,#5676,.T.);
#5674 = VERTEX_POINT('',#5675);
#5675 = CARTESIAN_POINT('',(172.6425,-62.2,0.));
#5676 = CIRCLE('',#5677,0.7);
#5677 = AXIS2_PLACEMENT_3D('',#5678,#5679,#5680);
#5678 = CARTESIAN_POINT('',(172.6425,-61.5,0.));
#5679 = DIRECTION('',(-0.,0.,-1.));
#5680 = DIRECTION('',(4.060244204343E-14,-1.,-0.));
#5681 = FACE_BOUND('',#5682,.F.);
#5682 = EDGE_LOOP('',(#5683));
#5683 = ORIENTED_EDGE('',*,*,#5684,.T.);
#5684 = EDGE_CURVE('',#5685,#5685,#5687,.T.);
#5685 = VERTEX_POINT('',#5686);
#5686 = CARTESIAN_POINT('',(181.55,-62.2,0.));
#5687 = CIRCLE('',#5688,0.7);
#5688 = AXIS2_PLACEMENT_3D('',#5689,#5690,#5691);
#5689 = CARTESIAN_POINT('',(181.55,-61.5,0.));
#5690 = DIRECTION('',(-0.,0.,-1.));
#5691 = DIRECTION('',(-0.,-1.,0.));
#5692 = FACE_BOUND('',#5693,.F.);
#5693 = EDGE_LOOP('',(#5694));
#5694 = ORIENTED_EDGE('',*,*,#5695,.T.);
#5695 = EDGE_CURVE('',#5696,#5696,#5698,.T.);
#5696 = VERTEX_POINT('',#5697);
#5697 = CARTESIAN_POINT('',(184.05,-62.2,0.));
#5698 = CIRCLE('',#5699,0.7);
#5699 = AXIS2_PLACEMENT_3D('',#5700,#5701,#5702);
#5700 = CARTESIAN_POINT('',(184.05,-61.5,0.));
#5701 = DIRECTION('',(-0.,0.,-1.));
#5702 = DIRECTION('',(-0.,-1.,0.));
#5703 = PLANE('',#5704);
#5704 = AXIS2_PLACEMENT_3D('',#5705,#5706,#5707);
#5705 = CARTESIAN_POINT('',(0.,0.,0.));
#5706 = DIRECTION('',(0.,0.,1.));
#5707 = DIRECTION('',(1.,0.,-0.));
#5708 = ADVANCED_FACE('',(#5709,#5959,#5970,#5981,#5992,#6003,#6014,
    #6025,#6036,#6047,#6058,#6069,#6080,#6091,#6102,#6113,#6124,#6135,
    #6146,#6157,#6168,#6179,#6190,#6201,#6212,#6223,#6234,#6245,#6256,
    #6267,#6278,#6289,#6300,#6311,#6322,#6333,#6344,#6355,#6366,#6377,
    #6388,#6399,#6410,#6421,#6432,#6443,#6454,#6465,#6476,#6487,#6498,
    #6509,#6520,#6531,#6542,#6553,#6564,#6575,#6586,#6597,#6608,#6619,
    #6630,#6641,#6652,#6663),#6674,.T.);
#5709 = FACE_BOUND('',#5710,.T.);
#5710 = EDGE_LOOP('',(#5711,#5712,#5713,#5722,#5730,#5739,#5747,#5756,
    #5764,#5773,#5781,#5790,#5798,#5807,#5815,#5824,#5832,#5841,#5849,
    #5858,#5866,#5875,#5883,#5892,#5900,#5909,#5917,#5926,#5935,#5943,
    #5952,#5958));
#5711 = ORIENTED_EDGE('',*,*,#4645,.F.);
#5712 = ORIENTED_EDGE('',*,*,#4687,.F.);
#5713 = ORIENTED_EDGE('',*,*,#5714,.F.);
#5714 = EDGE_CURVE('',#5715,#4680,#5717,.T.);
#5715 = VERTEX_POINT('',#5716);
#5716 = CARTESIAN_POINT('',(87.035029,-56.010661,1.04));
#5717 = CIRCLE('',#5718,3.000247754252);
#5718 = AXIS2_PLACEMENT_3D('',#5719,#5720,#5721);
#5719 = CARTESIAN_POINT('',(89.156452309611,-58.13222875247,1.04));
#5720 = DIRECTION('',(0.,0.,-1.));
#5721 = DIRECTION('',(-0.707082708954,0.707130852599,0.));
#5722 = ORIENTED_EDGE('',*,*,#5723,.F.);
#5723 = EDGE_CURVE('',#5724,#5715,#5726,.T.);
#5724 = VERTEX_POINT('',#5725);
#5725 = CARTESIAN_POINT('',(79.57868,-63.46701,1.04));
#5726 = LINE('',#5727,#5728);
#5727 = CARTESIAN_POINT('',(79.57868,-63.46701,1.04));
#5728 = VECTOR('',#5729,1.);
#5729 = DIRECTION('',(0.707106781187,0.707106781187,0.));
#5730 = ORIENTED_EDGE('',*,*,#5731,.F.);
#5731 = EDGE_CURVE('',#5732,#5724,#5734,.T.);
#5732 = VERTEX_POINT('',#5733);
#5733 = CARTESIAN_POINT('',(78.7,-65.58833,1.04));
#5734 = CIRCLE('',#5735,2.999860251516);
#5735 = AXIS2_PLACEMENT_3D('',#5736,#5737,#5738);
#5736 = CARTESIAN_POINT('',(81.699860250971,-65.58827280114,1.04));
#5737 = DIRECTION('',(0.,0.,-1.));
#5738 = DIRECTION('',(-0.999999999818,-1.906717345036E-05,-0.));
#5739 = ORIENTED_EDGE('',*,*,#5740,.F.);
#5740 = EDGE_CURVE('',#5741,#5732,#5743,.T.);
#5741 = VERTEX_POINT('',#5742);
#5742 = CARTESIAN_POINT('',(78.7,-87.631981,1.04));
#5743 = LINE('',#5744,#5745);
#5744 = CARTESIAN_POINT('',(78.7,-87.631981,1.04));
#5745 = VECTOR('',#5746,1.);
#5746 = DIRECTION('',(0.,1.,0.));
#5747 = ORIENTED_EDGE('',*,*,#5748,.F.);
#5748 = EDGE_CURVE('',#5749,#5741,#5751,.T.);
#5749 = VERTEX_POINT('',#5750);
#5750 = CARTESIAN_POINT('',(81.7,-90.631981,1.04));
#5751 = CIRCLE('',#5752,3.000013122826);
#5752 = AXIS2_PLACEMENT_3D('',#5753,#5754,#5755);
#5753 = CARTESIAN_POINT('',(81.700013122798,-87.6319678772,1.04));
#5754 = DIRECTION('',(0.,0.,-1.));
#5755 = DIRECTION('',(-4.374246769409E-06,-0.99999999999,-0.));
#5756 = ORIENTED_EDGE('',*,*,#5757,.F.);
#5757 = EDGE_CURVE('',#5758,#5749,#5760,.T.);
#5758 = VERTEX_POINT('',#5759);
#5759 = CARTESIAN_POINT('',(108.357359,-90.631981,1.04));
#5760 = LINE('',#5761,#5762);
#5761 = CARTESIAN_POINT('',(108.357359,-90.631981,1.04));
#5762 = VECTOR('',#5763,1.);
#5763 = DIRECTION('',(-1.,0.,0.));
#5764 = ORIENTED_EDGE('',*,*,#5765,.F.);
#5765 = EDGE_CURVE('',#5766,#5758,#5768,.T.);
#5766 = VERTEX_POINT('',#5767);
#5767 = CARTESIAN_POINT('',(110.478679,-91.510661,1.04));
#5768 = CIRCLE('',#5769,2.999790260754);
#5769 = AXIS2_PLACEMENT_3D('',#5770,#5771,#5772);
#5770 = CARTESIAN_POINT('',(108.35744519028,-93.63177125951,1.04));
#5771 = DIRECTION('',(0.,0.,1.));
#5772 = DIRECTION('',(0.707127374027,0.707086187747,-0.));
#5773 = ORIENTED_EDGE('',*,*,#5774,.F.);
#5774 = EDGE_CURVE('',#5775,#5766,#5777,.T.);
#5775 = VERTEX_POINT('',#5776);
#5776 = CARTESIAN_POINT('',(118.72132,-99.753301,1.04));
#5777 = LINE('',#5778,#5779);
#5778 = CARTESIAN_POINT('',(118.72132,-99.753301,1.04));
#5779 = VECTOR('',#5780,1.);
#5780 = DIRECTION('',(-0.70710682408,0.707106738293,0.));
#5781 = ORIENTED_EDGE('',*,*,#5782,.F.);
#5782 = EDGE_CURVE('',#5783,#5775,#5785,.T.);
#5783 = VERTEX_POINT('',#5784);
#5784 = CARTESIAN_POINT('',(119.6,-101.874622,1.04));
#5785 = CIRCLE('',#5786,3.000092673543);
#5786 = AXIS2_PLACEMENT_3D('',#5787,#5788,#5789);
#5787 = CARTESIAN_POINT('',(116.59990732669,-101.8746600736,1.04));
#5788 = DIRECTION('',(0.,0.,1.));
#5789 = DIRECTION('',(0.999999999919,1.269082825216E-05,-0.));
#5790 = ORIENTED_EDGE('',*,*,#5791,.F.);
#5791 = EDGE_CURVE('',#5792,#5783,#5794,.T.);
#5792 = VERTEX_POINT('',#5793);
#5793 = CARTESIAN_POINT('',(119.6,-112.631981,1.04));
#5794 = LINE('',#5795,#5796);
#5795 = CARTESIAN_POINT('',(119.6,-112.631981,1.04));
#5796 = VECTOR('',#5797,1.);
#5797 = DIRECTION('',(0.,1.,0.));
#5798 = ORIENTED_EDGE('',*,*,#5799,.F.);
#5799 = EDGE_CURVE('',#5800,#5792,#5802,.T.);
#5800 = VERTEX_POINT('',#5801);
#5801 = CARTESIAN_POINT('',(122.6,-115.631981,1.04));
#5802 = CIRCLE('',#5803,3.000013122826);
#5803 = AXIS2_PLACEMENT_3D('',#5804,#5805,#5806);
#5804 = CARTESIAN_POINT('',(122.60001312279,-112.6319678772,1.04));
#5805 = DIRECTION('',(0.,0.,-1.));
#5806 = DIRECTION('',(-4.374246774146E-06,-0.99999999999,-0.));
#5807 = ORIENTED_EDGE('',*,*,#5808,.F.);
#5808 = EDGE_CURVE('',#5809,#5800,#5811,.T.);
#5809 = VERTEX_POINT('',#5810);
#5810 = CARTESIAN_POINT('',(156.6,-115.631981,1.04));
#5811 = LINE('',#5812,#5813);
#5812 = CARTESIAN_POINT('',(156.6,-115.631981,1.04));
#5813 = VECTOR('',#5814,1.);
#5814 = DIRECTION('',(-1.,0.,0.));
#5815 = ORIENTED_EDGE('',*,*,#5816,.F.);
#5816 = EDGE_CURVE('',#5817,#5809,#5819,.T.);
#5817 = VERTEX_POINT('',#5818);
#5818 = CARTESIAN_POINT('',(159.6,-112.631981,1.04));
#5819 = CIRCLE('',#5820,2.999967031462);
#5820 = AXIS2_PLACEMENT_3D('',#5821,#5822,#5823);
#5821 = CARTESIAN_POINT('',(156.60003296872,-112.6320139687,1.04));
#5822 = DIRECTION('',(0.,0.,-1.));
#5823 = DIRECTION('',(0.99999999994,1.098969395055E-05,0.));
#5824 = ORIENTED_EDGE('',*,*,#5825,.F.);
#5825 = EDGE_CURVE('',#5826,#5817,#5828,.T.);
#5826 = VERTEX_POINT('',#5827);
#5827 = CARTESIAN_POINT('',(159.6,-101.874622,1.04));
#5828 = LINE('',#5829,#5830);
#5829 = CARTESIAN_POINT('',(159.6,-101.874622,1.04));
#5830 = VECTOR('',#5831,1.);
#5831 = DIRECTION('',(0.,-1.,0.));
#5832 = ORIENTED_EDGE('',*,*,#5833,.F.);
#5833 = EDGE_CURVE('',#5834,#5826,#5836,.T.);
#5834 = VERTEX_POINT('',#5835);
#5835 = CARTESIAN_POINT('',(160.47868,-99.753302,1.04));
#5836 = CIRCLE('',#5837,2.999891964277);
#5837 = AXIS2_PLACEMENT_3D('',#5838,#5839,#5840);
#5838 = CARTESIAN_POINT('',(162.59989196395,-101.874577937,1.04));
#5839 = DIRECTION('',(0.,0.,1.));
#5840 = DIRECTION('',(-0.707096118531,0.707117443681,0.));
#5841 = ORIENTED_EDGE('',*,*,#5842,.F.);
#5842 = EDGE_CURVE('',#5843,#5834,#5845,.T.);
#5843 = VERTEX_POINT('',#5844);
#5844 = CARTESIAN_POINT('',(168.72132,-91.510661,1.04));
#5845 = LINE('',#5846,#5847);
#5846 = CARTESIAN_POINT('',(168.72132,-91.510661,1.04));
#5847 = VECTOR('',#5848,1.);
#5848 = DIRECTION('',(-0.707106738293,-0.70710682408,0.));
#5849 = ORIENTED_EDGE('',*,*,#5850,.F.);
#5850 = EDGE_CURVE('',#5851,#5843,#5853,.T.);
#5851 = VERTEX_POINT('',#5852);
#5852 = CARTESIAN_POINT('',(170.842641,-90.631981,1.04));
#5853 = CIRCLE('',#5854,3.000214108658);
#5854 = AXIS2_PLACEMENT_3D('',#5855,#5856,#5857);
#5855 = CARTESIAN_POINT('',(170.84272937329,-93.63219510735,1.04));
#5856 = DIRECTION('',(0.,0.,1.));
#5857 = DIRECTION('',(-2.94556635962E-05,0.999999999566,0.));
#5858 = ORIENTED_EDGE('',*,*,#5859,.F.);
#5859 = EDGE_CURVE('',#5860,#5851,#5862,.T.);
#5860 = VERTEX_POINT('',#5861);
#5861 = CARTESIAN_POINT('',(197.5,-90.631981,1.04));
#5862 = LINE('',#5863,#5864);
#5863 = CARTESIAN_POINT('',(197.5,-90.631981,1.04));
#5864 = VECTOR('',#5865,1.);
#5865 = DIRECTION('',(-1.,0.,0.));
#5866 = ORIENTED_EDGE('',*,*,#5867,.F.);
#5867 = EDGE_CURVE('',#5868,#5860,#5870,.T.);
#5868 = VERTEX_POINT('',#5869);
#5869 = CARTESIAN_POINT('',(200.5,-87.631981,1.04));
#5870 = CIRCLE('',#5871,2.999967031462);
#5871 = AXIS2_PLACEMENT_3D('',#5872,#5873,#5874);
#5872 = CARTESIAN_POINT('',(197.50003296872,-87.63201396872,1.04));
#5873 = DIRECTION('',(0.,0.,-1.));
#5874 = DIRECTION('',(0.99999999994,1.098969395055E-05,0.));
#5875 = ORIENTED_EDGE('',*,*,#5876,.F.);
#5876 = EDGE_CURVE('',#5877,#5868,#5879,.T.);
#5877 = VERTEX_POINT('',#5878);
#5878 = CARTESIAN_POINT('',(200.5,-65.58833,1.04));
#5879 = LINE('',#5880,#5881);
#5880 = CARTESIAN_POINT('',(200.5,-65.58833,1.04));
#5881 = VECTOR('',#5882,1.);
#5882 = DIRECTION('',(0.,-1.,0.));
#5883 = ORIENTED_EDGE('',*,*,#5884,.F.);
#5884 = EDGE_CURVE('',#5885,#5877,#5887,.T.);
#5885 = VERTEX_POINT('',#5886);
#5886 = CARTESIAN_POINT('',(199.62132,-63.46701,1.04));
#5887 = CIRCLE('',#5888,3.000126315967);
#5888 = AXIS2_PLACEMENT_3D('',#5889,#5890,#5891);
#5889 = CARTESIAN_POINT('',(197.4998736845,-65.58838300874,1.04));
#5890 = DIRECTION('',(0.,0.,-1.));
#5891 = DIRECTION('',(0.70711899836,0.707094563802,0.));
#5892 = ORIENTED_EDGE('',*,*,#5893,.F.);
#5893 = EDGE_CURVE('',#5894,#5885,#5896,.T.);
#5894 = VERTEX_POINT('',#5895);
#5895 = CARTESIAN_POINT('',(192.164971,-56.010661,1.04));
#5896 = LINE('',#5897,#5898);
#5897 = CARTESIAN_POINT('',(192.164971,-56.010661,1.04));
#5898 = VECTOR('',#5899,1.);
#5899 = DIRECTION('',(0.707106781187,-0.707106781187,0.));
#5900 = ORIENTED_EDGE('',*,*,#5901,.F.);
#5901 = EDGE_CURVE('',#5902,#5894,#5904,.T.);
#5902 = VERTEX_POINT('',#5903);
#5903 = CARTESIAN_POINT('',(190.043651,-55.131981,1.04));
#5904 = CIRCLE('',#5905,2.999747339304);
#5905 = AXIS2_PLACEMENT_3D('',#5906,#5907,#5908);
#5906 = CARTESIAN_POINT('',(190.04375496917,-58.1317283375,1.04));
#5907 = DIRECTION('',(0.,0.,-1.));
#5908 = DIRECTION('',(-3.465930964941E-05,0.999999999399,0.));
#5909 = ORIENTED_EDGE('',*,*,#5910,.F.);
#5910 = EDGE_CURVE('',#5911,#5902,#5913,.T.);
#5911 = VERTEX_POINT('',#5912);
#5912 = CARTESIAN_POINT('',(155.6,-55.131981,1.04));
#5913 = LINE('',#5914,#5915);
#5914 = CARTESIAN_POINT('',(155.6,-55.131981,1.04));
#5915 = VECTOR('',#5916,1.);
#5916 = DIRECTION('',(1.,0.,0.));
#5917 = ORIENTED_EDGE('',*,*,#5918,.F.);
#5918 = EDGE_CURVE('',#5919,#5911,#5921,.T.);
#5919 = VERTEX_POINT('',#5920);
#5920 = CARTESIAN_POINT('',(153.314286,-62.414588,1.04));
#5921 = CIRCLE('',#5922,4.00000904161);
#5922 = AXIS2_PLACEMENT_3D('',#5923,#5924,#5925);
#5923 = CARTESIAN_POINT('',(155.60002941863,-59.1319900415,1.04));
#5924 = DIRECTION('',(0.,0.,-1.));
#5925 = DIRECTION('',(-0.571434562986,-0.820647634631,-0.));
#5926 = ORIENTED_EDGE('',*,*,#5927,.F.);
#5927 = EDGE_CURVE('',#5928,#5919,#5930,.T.);
#5928 = VERTEX_POINT('',#5929);
#5929 = CARTESIAN_POINT('',(154.6,-64.876544,1.04));
#5930 = CIRCLE('',#5931,3.000126965947);
#5931 = AXIS2_PLACEMENT_3D('',#5932,#5933,#5934);
#5932 = CARTESIAN_POINT('',(151.59987303476,-64.87660952639,1.04));
#5933 = DIRECTION('',(0.,0.,1.));
#5934 = DIRECTION('',(0.999999999761,2.18412083378E-05,-0.));
#5935 = ORIENTED_EDGE('',*,*,#5936,.F.);
#5936 = EDGE_CURVE('',#5937,#5928,#5939,.T.);
#5937 = VERTEX_POINT('',#5938);
#5938 = CARTESIAN_POINT('',(154.6,-69.131981,1.04));
#5939 = LINE('',#5940,#5941);
#5940 = CARTESIAN_POINT('',(154.6,-69.131981,1.04));
#5941 = VECTOR('',#5942,1.);
#5942 = DIRECTION('',(0.,1.,0.));
#5943 = ORIENTED_EDGE('',*,*,#5944,.F.);
#5944 = EDGE_CURVE('',#5945,#5937,#5947,.T.);
#5945 = VERTEX_POINT('',#5946);
#5946 = CARTESIAN_POINT('',(124.6,-69.131981,1.04));
#5947 = CIRCLE('',#5948,15.);
#5948 = AXIS2_PLACEMENT_3D('',#5949,#5950,#5951);
#5949 = CARTESIAN_POINT('',(139.6,-69.131981,1.04));
#5950 = DIRECTION('',(0.,0.,1.));
#5951 = DIRECTION('',(-1.,0.,-0.));
#5952 = ORIENTED_EDGE('',*,*,#5953,.F.);
#5953 = EDGE_CURVE('',#4710,#5945,#5954,.T.);
#5954 = LINE('',#5955,#5956);
#5955 = CARTESIAN_POINT('',(124.6,-64.876544,1.04));
#5956 = VECTOR('',#5957,1.);
#5957 = DIRECTION('',(0.,-1.,0.));
#5958 = ORIENTED_EDGE('',*,*,#4709,.F.);
#5959 = FACE_BOUND('',#5960,.T.);
#5960 = EDGE_LOOP('',(#5961));
#5961 = ORIENTED_EDGE('',*,*,#5962,.T.);
#5962 = EDGE_CURVE('',#5963,#5963,#5965,.T.);
#5963 = VERTEX_POINT('',#5964);
#5964 = CARTESIAN_POINT('',(123.6,-113.381981,1.04));
#5965 = CIRCLE('',#5966,1.75);
#5966 = AXIS2_PLACEMENT_3D('',#5967,#5968,#5969);
#5967 = CARTESIAN_POINT('',(123.6,-111.631981,1.04));
#5968 = DIRECTION('',(-0.,0.,-1.));
#5969 = DIRECTION('',(-0.,-1.,0.));
#5970 = FACE_BOUND('',#5971,.T.);
#5971 = EDGE_LOOP('',(#5972));
#5972 = ORIENTED_EDGE('',*,*,#5973,.T.);
#5973 = EDGE_CURVE('',#5974,#5974,#5976,.T.);
#5974 = VERTEX_POINT('',#5975);
#5975 = CARTESIAN_POINT('',(134.52,-109.532,1.04));
#5976 = CIRCLE('',#5977,0.7);
#5977 = AXIS2_PLACEMENT_3D('',#5978,#5979,#5980);
#5978 = CARTESIAN_POINT('',(134.52,-108.832,1.04));
#5979 = DIRECTION('',(-0.,0.,-1.));
#5980 = DIRECTION('',(4.060244204343E-14,-1.,-0.));
#5981 = FACE_BOUND('',#5982,.T.);
#5982 = EDGE_LOOP('',(#5983));
#5983 = ORIENTED_EDGE('',*,*,#5984,.T.);
#5984 = EDGE_CURVE('',#5985,#5985,#5987,.T.);
#5985 = VERTEX_POINT('',#5986);
#5986 = CARTESIAN_POINT('',(134.52,-104.452,1.04));
#5987 = CIRCLE('',#5988,0.7);
#5988 = AXIS2_PLACEMENT_3D('',#5989,#5990,#5991);
#5989 = CARTESIAN_POINT('',(134.52,-103.752,1.04));
#5990 = DIRECTION('',(-0.,0.,-1.));
#5991 = DIRECTION('',(4.060244204343E-14,-1.,-0.));
#5992 = FACE_BOUND('',#5993,.T.);
#5993 = EDGE_LOOP('',(#5994));
#5994 = ORIENTED_EDGE('',*,*,#5995,.T.);
#5995 = EDGE_CURVE('',#5996,#5996,#5998,.T.);
#5996 = VERTEX_POINT('',#5997);
#5997 = CARTESIAN_POINT('',(144.68,-109.532,1.04));
#5998 = CIRCLE('',#5999,0.7);
#5999 = AXIS2_PLACEMENT_3D('',#6000,#6001,#6002);
#6000 = CARTESIAN_POINT('',(144.68,-108.832,1.04));
#6001 = DIRECTION('',(-0.,0.,-1.));
#6002 = DIRECTION('',(-0.,-1.,0.));
#6003 = FACE_BOUND('',#6004,.T.);
#6004 = EDGE_LOOP('',(#6005));
#6005 = ORIENTED_EDGE('',*,*,#6006,.T.);
#6006 = EDGE_CURVE('',#6007,#6007,#6009,.T.);
#6007 = VERTEX_POINT('',#6008);
#6008 = CARTESIAN_POINT('',(155.6,-113.381981,1.04));
#6009 = CIRCLE('',#6010,1.75);
#6010 = AXIS2_PLACEMENT_3D('',#6011,#6012,#6013);
#6011 = CARTESIAN_POINT('',(155.6,-111.631981,1.04));
#6012 = DIRECTION('',(-0.,0.,-1.));
#6013 = DIRECTION('',(-0.,-1.,0.));
#6014 = FACE_BOUND('',#6015,.T.);
#6015 = EDGE_LOOP('',(#6016));
#6016 = ORIENTED_EDGE('',*,*,#6017,.T.);
#6017 = EDGE_CURVE('',#6018,#6018,#6020,.T.);
#6018 = VERTEX_POINT('',#6019);
#6019 = CARTESIAN_POINT('',(144.68,-104.452,1.04));
#6020 = CIRCLE('',#6021,0.7);
#6021 = AXIS2_PLACEMENT_3D('',#6022,#6023,#6024);
#6022 = CARTESIAN_POINT('',(144.68,-103.752,1.04));
#6023 = DIRECTION('',(-0.,0.,-1.));
#6024 = DIRECTION('',(-0.,-1.,0.));
#6025 = FACE_BOUND('',#6026,.T.);
#6026 = EDGE_LOOP('',(#6027));
#6027 = ORIENTED_EDGE('',*,*,#6028,.T.);
#6028 = EDGE_CURVE('',#6029,#6029,#6031,.T.);
#6029 = VERTEX_POINT('',#6030);
#6030 = CARTESIAN_POINT('',(92.486981,-85.6,1.04));
#6031 = CIRCLE('',#6032,0.85);
#6032 = AXIS2_PLACEMENT_3D('',#6033,#6034,#6035);
#6033 = CARTESIAN_POINT('',(92.486981,-84.75,1.04));
#6034 = DIRECTION('',(-0.,0.,-1.));
#6035 = DIRECTION('',(-0.,-1.,0.));
#6036 = FACE_BOUND('',#6037,.T.);
#6037 = EDGE_LOOP('',(#6038));
#6038 = ORIENTED_EDGE('',*,*,#6039,.T.);
#6039 = EDGE_CURVE('',#6040,#6040,#6042,.T.);
#6040 = VERTEX_POINT('',#6041);
#6041 = CARTESIAN_POINT('',(96.446981,-85.6,1.04));
#6042 = CIRCLE('',#6043,0.85);
#6043 = AXIS2_PLACEMENT_3D('',#6044,#6045,#6046);
#6044 = CARTESIAN_POINT('',(96.446981,-84.75,1.04));
#6045 = DIRECTION('',(-0.,0.,-1.));
#6046 = DIRECTION('',(-0.,-1.,0.));
#6047 = FACE_BOUND('',#6048,.T.);
#6048 = EDGE_LOOP('',(#6049));
#6049 = ORIENTED_EDGE('',*,*,#6050,.T.);
#6050 = EDGE_CURVE('',#6051,#6051,#6053,.T.);
#6051 = VERTEX_POINT('',#6052);
#6052 = CARTESIAN_POINT('',(102.115731,-85.6,1.04));
#6053 = CIRCLE('',#6054,0.85);
#6054 = AXIS2_PLACEMENT_3D('',#6055,#6056,#6057);
#6055 = CARTESIAN_POINT('',(102.115731,-84.75,1.04));
#6056 = DIRECTION('',(-0.,0.,-1.));
#6057 = DIRECTION('',(-1.671865260612E-14,-1.,0.));
#6058 = FACE_BOUND('',#6059,.T.);
#6059 = EDGE_LOOP('',(#6060));
#6060 = ORIENTED_EDGE('',*,*,#6061,.T.);
#6061 = EDGE_CURVE('',#6062,#6062,#6064,.T.);
#6062 = VERTEX_POINT('',#6063);
#6063 = CARTESIAN_POINT('',(106.075731,-85.6,1.04));
#6064 = CIRCLE('',#6065,0.85);
#6065 = AXIS2_PLACEMENT_3D('',#6066,#6067,#6068);
#6066 = CARTESIAN_POINT('',(106.075731,-84.75,1.04));
#6067 = DIRECTION('',(-0.,0.,-1.));
#6068 = DIRECTION('',(1.671865260612E-14,-1.,-0.));
#6069 = FACE_BOUND('',#6070,.T.);
#6070 = EDGE_LOOP('',(#6071));
#6071 = ORIENTED_EDGE('',*,*,#6072,.T.);
#6072 = EDGE_CURVE('',#6073,#6073,#6075,.T.);
#6073 = VERTEX_POINT('',#6074);
#6074 = CARTESIAN_POINT('',(82.7,-78.360156,1.04));
#6075 = CIRCLE('',#6076,1.75);
#6076 = AXIS2_PLACEMENT_3D('',#6077,#6078,#6079);
#6077 = CARTESIAN_POINT('',(82.7,-76.610156,1.04));
#6078 = DIRECTION('',(-0.,0.,-1.));
#6079 = DIRECTION('',(-0.,-1.,0.));
#6080 = FACE_BOUND('',#6081,.T.);
#6081 = EDGE_LOOP('',(#6082));
#6082 = ORIENTED_EDGE('',*,*,#6083,.T.);
#6083 = EDGE_CURVE('',#6084,#6084,#6086,.T.);
#6084 = VERTEX_POINT('',#6085);
#6085 = CARTESIAN_POINT('',(93.216981,-75.,1.04));
#6086 = CIRCLE('',#6087,0.7);
#6087 = AXIS2_PLACEMENT_3D('',#6088,#6089,#6090);
#6088 = CARTESIAN_POINT('',(93.216981,-74.3,1.04));
#6089 = DIRECTION('',(-0.,0.,-1.));
#6090 = DIRECTION('',(-0.,-1.,0.));
#6091 = FACE_BOUND('',#6092,.T.);
#6092 = EDGE_LOOP('',(#6093));
#6093 = ORIENTED_EDGE('',*,*,#6094,.T.);
#6094 = EDGE_CURVE('',#6095,#6095,#6097,.T.);
#6095 = VERTEX_POINT('',#6096);
#6096 = CARTESIAN_POINT('',(95.716981,-75.,1.04));
#6097 = CIRCLE('',#6098,0.7);
#6098 = AXIS2_PLACEMENT_3D('',#6099,#6100,#6101);
#6099 = CARTESIAN_POINT('',(95.716981,-74.3,1.04));
#6100 = DIRECTION('',(-0.,0.,-1.));
#6101 = DIRECTION('',(-0.,-1.,0.));
#6102 = FACE_BOUND('',#6103,.T.);
#6103 = EDGE_LOOP('',(#6104));
#6104 = ORIENTED_EDGE('',*,*,#6105,.T.);
#6105 = EDGE_CURVE('',#6106,#6106,#6108,.T.);
#6106 = VERTEX_POINT('',#6107);
#6107 = CARTESIAN_POINT('',(102.845731,-75.,1.04));
#6108 = CIRCLE('',#6109,0.7);
#6109 = AXIS2_PLACEMENT_3D('',#6110,#6111,#6112);
#6110 = CARTESIAN_POINT('',(102.845731,-74.3,1.04));
#6111 = DIRECTION('',(-0.,0.,-1.));
#6112 = DIRECTION('',(-0.,-1.,0.));
#6113 = FACE_BOUND('',#6114,.T.);
#6114 = EDGE_LOOP('',(#6115));
#6115 = ORIENTED_EDGE('',*,*,#6116,.T.);
#6116 = EDGE_CURVE('',#6117,#6117,#6119,.T.);
#6117 = VERTEX_POINT('',#6118);
#6118 = CARTESIAN_POINT('',(105.345731,-75.,1.04));
#6119 = CIRCLE('',#6120,0.7);
#6120 = AXIS2_PLACEMENT_3D('',#6121,#6122,#6123);
#6121 = CARTESIAN_POINT('',(105.345731,-74.3,1.04));
#6122 = DIRECTION('',(-0.,0.,-1.));
#6123 = DIRECTION('',(-0.,-1.,0.));
#6124 = FACE_BOUND('',#6125,.T.);
#6125 = EDGE_LOOP('',(#6126));
#6126 = ORIENTED_EDGE('',*,*,#6127,.T.);
#6127 = EDGE_CURVE('',#6128,#6128,#6130,.T.);
#6128 = VERTEX_POINT('',#6129);
#6129 = CARTESIAN_POINT('',(111.276012,-85.6,1.04));
#6130 = CIRCLE('',#6131,0.85);
#6131 = AXIS2_PLACEMENT_3D('',#6132,#6133,#6134);
#6132 = CARTESIAN_POINT('',(111.276012,-84.75,1.04));
#6133 = DIRECTION('',(-0.,0.,-1.));
#6134 = DIRECTION('',(-1.671865260612E-14,-1.,0.));
#6135 = FACE_BOUND('',#6136,.T.);
#6136 = EDGE_LOOP('',(#6137));
#6137 = ORIENTED_EDGE('',*,*,#6138,.T.);
#6138 = EDGE_CURVE('',#6139,#6139,#6141,.T.);
#6139 = VERTEX_POINT('',#6140);
#6140 = CARTESIAN_POINT('',(115.236012,-85.6,1.04));
#6141 = CIRCLE('',#6142,0.85);
#6142 = AXIS2_PLACEMENT_3D('',#6143,#6144,#6145);
#6143 = CARTESIAN_POINT('',(115.236012,-84.75,1.04));
#6144 = DIRECTION('',(-0.,0.,-1.));
#6145 = DIRECTION('',(1.671865260612E-14,-1.,-0.));
#6146 = FACE_BOUND('',#6147,.T.);
#6147 = EDGE_LOOP('',(#6148));
#6148 = ORIENTED_EDGE('',*,*,#6149,.T.);
#6149 = EDGE_CURVE('',#6150,#6150,#6152,.T.);
#6150 = VERTEX_POINT('',#6151);
#6151 = CARTESIAN_POINT('',(112.006012,-75.,1.04));
#6152 = CIRCLE('',#6153,0.7);
#6153 = AXIS2_PLACEMENT_3D('',#6154,#6155,#6156);
#6154 = CARTESIAN_POINT('',(112.006012,-74.3,1.04));
#6155 = DIRECTION('',(-0.,0.,-1.));
#6156 = DIRECTION('',(-0.,-1.,0.));
#6157 = FACE_BOUND('',#6158,.T.);
#6158 = EDGE_LOOP('',(#6159));
#6159 = ORIENTED_EDGE('',*,*,#6160,.T.);
#6160 = EDGE_CURVE('',#6161,#6161,#6163,.T.);
#6161 = VERTEX_POINT('',#6162);
#6162 = CARTESIAN_POINT('',(114.506012,-75.,1.04));
#6163 = CIRCLE('',#6164,0.7);
#6164 = AXIS2_PLACEMENT_3D('',#6165,#6166,#6167);
#6165 = CARTESIAN_POINT('',(114.506012,-74.3,1.04));
#6166 = DIRECTION('',(-0.,0.,-1.));
#6167 = DIRECTION('',(-0.,-1.,0.));
#6168 = FACE_BOUND('',#6169,.T.);
#6169 = EDGE_LOOP('',(#6170));
#6170 = ORIENTED_EDGE('',*,*,#6171,.T.);
#6171 = EDGE_CURVE('',#6172,#6172,#6174,.T.);
#6172 = VERTEX_POINT('',#6173);
#6173 = CARTESIAN_POINT('',(93.216981,-71.5,1.04));
#6174 = CIRCLE('',#6175,0.7);
#6175 = AXIS2_PLACEMENT_3D('',#6176,#6177,#6178);
#6176 = CARTESIAN_POINT('',(93.216981,-70.8,1.04));
#6177 = DIRECTION('',(-0.,0.,-1.));
#6178 = DIRECTION('',(-0.,-1.,0.));
#6179 = FACE_BOUND('',#6180,.T.);
#6180 = EDGE_LOOP('',(#6181));
#6181 = ORIENTED_EDGE('',*,*,#6182,.T.);
#6182 = EDGE_CURVE('',#6183,#6183,#6185,.T.);
#6183 = VERTEX_POINT('',#6184);
#6184 = CARTESIAN_POINT('',(94.466981,-69.1,1.04));
#6185 = CIRCLE('',#6186,1.2);
#6186 = AXIS2_PLACEMENT_3D('',#6187,#6188,#6189);
#6187 = CARTESIAN_POINT('',(94.466981,-67.9,1.04));
#6188 = DIRECTION('',(-0.,0.,-1.));
#6189 = DIRECTION('',(-0.,-1.,0.));
#6190 = FACE_BOUND('',#6191,.T.);
#6191 = EDGE_LOOP('',(#6192));
#6192 = ORIENTED_EDGE('',*,*,#6193,.T.);
#6193 = EDGE_CURVE('',#6194,#6194,#6196,.T.);
#6194 = VERTEX_POINT('',#6195);
#6195 = CARTESIAN_POINT('',(93.216981,-65.7,1.04));
#6196 = CIRCLE('',#6197,0.7);
#6197 = AXIS2_PLACEMENT_3D('',#6198,#6199,#6200);
#6198 = CARTESIAN_POINT('',(93.216981,-65.,1.04));
#6199 = DIRECTION('',(-0.,0.,-1.));
#6200 = DIRECTION('',(-0.,-1.,0.));
#6201 = FACE_BOUND('',#6202,.T.);
#6202 = EDGE_LOOP('',(#6203));
#6203 = ORIENTED_EDGE('',*,*,#6204,.T.);
#6204 = EDGE_CURVE('',#6205,#6205,#6207,.T.);
#6205 = VERTEX_POINT('',#6206);
#6206 = CARTESIAN_POINT('',(95.716981,-71.5,1.04));
#6207 = CIRCLE('',#6208,0.7);
#6208 = AXIS2_PLACEMENT_3D('',#6209,#6210,#6211);
#6209 = CARTESIAN_POINT('',(95.716981,-70.8,1.04));
#6210 = DIRECTION('',(-0.,0.,-1.));
#6211 = DIRECTION('',(-0.,-1.,0.));
#6212 = FACE_BOUND('',#6213,.T.);
#6213 = EDGE_LOOP('',(#6214));
#6214 = ORIENTED_EDGE('',*,*,#6215,.T.);
#6215 = EDGE_CURVE('',#6216,#6216,#6218,.T.);
#6216 = VERTEX_POINT('',#6217);
#6217 = CARTESIAN_POINT('',(102.845731,-71.5,1.04));
#6218 = CIRCLE('',#6219,0.7);
#6219 = AXIS2_PLACEMENT_3D('',#6220,#6221,#6222);
#6220 = CARTESIAN_POINT('',(102.845731,-70.8,1.04));
#6221 = DIRECTION('',(-0.,0.,-1.));
#6222 = DIRECTION('',(-0.,-1.,0.));
#6223 = FACE_BOUND('',#6224,.T.);
#6224 = EDGE_LOOP('',(#6225));
#6225 = ORIENTED_EDGE('',*,*,#6226,.T.);
#6226 = EDGE_CURVE('',#6227,#6227,#6229,.T.);
#6227 = VERTEX_POINT('',#6228);
#6228 = CARTESIAN_POINT('',(105.345731,-71.5,1.04));
#6229 = CIRCLE('',#6230,0.7);
#6230 = AXIS2_PLACEMENT_3D('',#6231,#6232,#6233);
#6231 = CARTESIAN_POINT('',(105.345731,-70.8,1.04));
#6232 = DIRECTION('',(-0.,0.,-1.));
#6233 = DIRECTION('',(-0.,-1.,0.));
#6234 = FACE_BOUND('',#6235,.T.);
#6235 = EDGE_LOOP('',(#6236));
#6236 = ORIENTED_EDGE('',*,*,#6237,.T.);
#6237 = EDGE_CURVE('',#6238,#6238,#6240,.T.);
#6238 = VERTEX_POINT('',#6239);
#6239 = CARTESIAN_POINT('',(104.095731,-69.1,1.04));
#6240 = CIRCLE('',#6241,1.2);
#6241 = AXIS2_PLACEMENT_3D('',#6242,#6243,#6244);
#6242 = CARTESIAN_POINT('',(104.095731,-67.9,1.04));
#6243 = DIRECTION('',(-0.,0.,-1.));
#6244 = DIRECTION('',(-0.,-1.,0.));
#6245 = FACE_BOUND('',#6246,.T.);
#6246 = EDGE_LOOP('',(#6247));
#6247 = ORIENTED_EDGE('',*,*,#6248,.T.);
#6248 = EDGE_CURVE('',#6249,#6249,#6251,.T.);
#6249 = VERTEX_POINT('',#6250);
#6250 = CARTESIAN_POINT('',(95.716981,-65.7,1.04));
#6251 = CIRCLE('',#6252,0.7);
#6252 = AXIS2_PLACEMENT_3D('',#6253,#6254,#6255);
#6253 = CARTESIAN_POINT('',(95.716981,-65.,1.04));
#6254 = DIRECTION('',(-0.,0.,-1.));
#6255 = DIRECTION('',(-0.,-1.,0.));
#6256 = FACE_BOUND('',#6257,.T.);
#6257 = EDGE_LOOP('',(#6258));
#6258 = ORIENTED_EDGE('',*,*,#6259,.T.);
#6259 = EDGE_CURVE('',#6260,#6260,#6262,.T.);
#6260 = VERTEX_POINT('',#6261);
#6261 = CARTESIAN_POINT('',(102.845731,-65.7,1.04));
#6262 = CIRCLE('',#6263,0.7);
#6263 = AXIS2_PLACEMENT_3D('',#6264,#6265,#6266);
#6264 = CARTESIAN_POINT('',(102.845731,-65.,1.04));
#6265 = DIRECTION('',(-0.,0.,-1.));
#6266 = DIRECTION('',(-0.,-1.,0.));
#6267 = FACE_BOUND('',#6268,.T.);
#6268 = EDGE_LOOP('',(#6269));
#6269 = ORIENTED_EDGE('',*,*,#6270,.T.);
#6270 = EDGE_CURVE('',#6271,#6271,#6273,.T.);
#6271 = VERTEX_POINT('',#6272);
#6272 = CARTESIAN_POINT('',(105.345731,-65.7,1.04));
#6273 = CIRCLE('',#6274,0.7);
#6274 = AXIS2_PLACEMENT_3D('',#6275,#6276,#6277);
#6275 = CARTESIAN_POINT('',(105.345731,-65.,1.04));
#6276 = DIRECTION('',(-0.,0.,-1.));
#6277 = DIRECTION('',(-0.,-1.,0.));
#6278 = FACE_BOUND('',#6279,.T.);
#6279 = EDGE_LOOP('',(#6280));
#6280 = ORIENTED_EDGE('',*,*,#6281,.T.);
#6281 = EDGE_CURVE('',#6282,#6282,#6284,.T.);
#6282 = VERTEX_POINT('',#6283);
#6283 = CARTESIAN_POINT('',(93.216981,-62.2,1.04));
#6284 = CIRCLE('',#6285,0.7);
#6285 = AXIS2_PLACEMENT_3D('',#6286,#6287,#6288);
#6286 = CARTESIAN_POINT('',(93.216981,-61.5,1.04));
#6287 = DIRECTION('',(-0.,0.,-1.));
#6288 = DIRECTION('',(-0.,-1.,0.));
#6289 = FACE_BOUND('',#6290,.T.);
#6290 = EDGE_LOOP('',(#6291));
#6291 = ORIENTED_EDGE('',*,*,#6292,.T.);
#6292 = EDGE_CURVE('',#6293,#6293,#6295,.T.);
#6293 = VERTEX_POINT('',#6294);
#6294 = CARTESIAN_POINT('',(95.716981,-62.2,1.04));
#6295 = CIRCLE('',#6296,0.7);
#6296 = AXIS2_PLACEMENT_3D('',#6297,#6298,#6299);
#6297 = CARTESIAN_POINT('',(95.716981,-61.5,1.04));
#6298 = DIRECTION('',(-0.,0.,-1.));
#6299 = DIRECTION('',(-0.,-1.,0.));
#6300 = FACE_BOUND('',#6301,.T.);
#6301 = EDGE_LOOP('',(#6302));
#6302 = ORIENTED_EDGE('',*,*,#6303,.T.);
#6303 = EDGE_CURVE('',#6304,#6304,#6306,.T.);
#6304 = VERTEX_POINT('',#6305);
#6305 = CARTESIAN_POINT('',(102.845731,-62.2,1.04));
#6306 = CIRCLE('',#6307,0.7);
#6307 = AXIS2_PLACEMENT_3D('',#6308,#6309,#6310);
#6308 = CARTESIAN_POINT('',(102.845731,-61.5,1.04));
#6309 = DIRECTION('',(-0.,0.,-1.));
#6310 = DIRECTION('',(-0.,-1.,0.));
#6311 = FACE_BOUND('',#6312,.T.);
#6312 = EDGE_LOOP('',(#6313));
#6313 = ORIENTED_EDGE('',*,*,#6314,.T.);
#6314 = EDGE_CURVE('',#6315,#6315,#6317,.T.);
#6315 = VERTEX_POINT('',#6316);
#6316 = CARTESIAN_POINT('',(105.345731,-62.2,1.04));
#6317 = CIRCLE('',#6318,0.7);
#6318 = AXIS2_PLACEMENT_3D('',#6319,#6320,#6321);
#6319 = CARTESIAN_POINT('',(105.345731,-61.5,1.04));
#6320 = DIRECTION('',(-0.,0.,-1.));
#6321 = DIRECTION('',(-0.,-1.,0.));
#6322 = FACE_BOUND('',#6323,.T.);
#6323 = EDGE_LOOP('',(#6324));
#6324 = ORIENTED_EDGE('',*,*,#6325,.T.);
#6325 = EDGE_CURVE('',#6326,#6326,#6328,.T.);
#6326 = VERTEX_POINT('',#6327);
#6327 = CARTESIAN_POINT('',(112.006012,-71.5,1.04));
#6328 = CIRCLE('',#6329,0.7);
#6329 = AXIS2_PLACEMENT_3D('',#6330,#6331,#6332);
#6330 = CARTESIAN_POINT('',(112.006012,-70.8,1.04));
#6331 = DIRECTION('',(-0.,0.,-1.));
#6332 = DIRECTION('',(-0.,-1.,0.));
#6333 = FACE_BOUND('',#6334,.T.);
#6334 = EDGE_LOOP('',(#6335));
#6335 = ORIENTED_EDGE('',*,*,#6336,.T.);
#6336 = EDGE_CURVE('',#6337,#6337,#6339,.T.);
#6337 = VERTEX_POINT('',#6338);
#6338 = CARTESIAN_POINT('',(114.506012,-71.5,1.04));
#6339 = CIRCLE('',#6340,0.7);
#6340 = AXIS2_PLACEMENT_3D('',#6341,#6342,#6343);
#6341 = CARTESIAN_POINT('',(114.506012,-70.8,1.04));
#6342 = DIRECTION('',(-0.,0.,-1.));
#6343 = DIRECTION('',(-0.,-1.,0.));
#6344 = FACE_BOUND('',#6345,.T.);
#6345 = EDGE_LOOP('',(#6346));
#6346 = ORIENTED_EDGE('',*,*,#6347,.T.);
#6347 = EDGE_CURVE('',#6348,#6348,#6350,.T.);
#6348 = VERTEX_POINT('',#6349);
#6349 = CARTESIAN_POINT('',(113.256012,-69.1,1.04));
#6350 = CIRCLE('',#6351,1.2);
#6351 = AXIS2_PLACEMENT_3D('',#6352,#6353,#6354);
#6352 = CARTESIAN_POINT('',(113.256012,-67.9,1.04));
#6353 = DIRECTION('',(-0.,0.,-1.));
#6354 = DIRECTION('',(-0.,-1.,0.));
#6355 = FACE_BOUND('',#6356,.T.);
#6356 = EDGE_LOOP('',(#6357));
#6357 = ORIENTED_EDGE('',*,*,#6358,.T.);
#6358 = EDGE_CURVE('',#6359,#6359,#6361,.T.);
#6359 = VERTEX_POINT('',#6360);
#6360 = CARTESIAN_POINT('',(112.006012,-65.7,1.04));
#6361 = CIRCLE('',#6362,0.7);
#6362 = AXIS2_PLACEMENT_3D('',#6363,#6364,#6365);
#6363 = CARTESIAN_POINT('',(112.006012,-65.,1.04));
#6364 = DIRECTION('',(-0.,0.,-1.));
#6365 = DIRECTION('',(-0.,-1.,0.));
#6366 = FACE_BOUND('',#6367,.T.);
#6367 = EDGE_LOOP('',(#6368));
#6368 = ORIENTED_EDGE('',*,*,#6369,.T.);
#6369 = EDGE_CURVE('',#6370,#6370,#6372,.T.);
#6370 = VERTEX_POINT('',#6371);
#6371 = CARTESIAN_POINT('',(114.506012,-65.7,1.04));
#6372 = CIRCLE('',#6373,0.7);
#6373 = AXIS2_PLACEMENT_3D('',#6374,#6375,#6376);
#6374 = CARTESIAN_POINT('',(114.506012,-65.,1.04));
#6375 = DIRECTION('',(-0.,0.,-1.));
#6376 = DIRECTION('',(-0.,-1.,0.));
#6377 = FACE_BOUND('',#6378,.T.);
#6378 = EDGE_LOOP('',(#6379));
#6379 = ORIENTED_EDGE('',*,*,#6380,.T.);
#6380 = EDGE_CURVE('',#6381,#6381,#6383,.T.);
#6381 = VERTEX_POINT('',#6382);
#6382 = CARTESIAN_POINT('',(112.006012,-62.2,1.04));
#6383 = CIRCLE('',#6384,0.7);
#6384 = AXIS2_PLACEMENT_3D('',#6385,#6386,#6387);
#6385 = CARTESIAN_POINT('',(112.006012,-61.5,1.04));
#6386 = DIRECTION('',(-0.,0.,-1.));
#6387 = DIRECTION('',(-0.,-1.,0.));
#6388 = FACE_BOUND('',#6389,.T.);
#6389 = EDGE_LOOP('',(#6390));
#6390 = ORIENTED_EDGE('',*,*,#6391,.T.);
#6391 = EDGE_CURVE('',#6392,#6392,#6394,.T.);
#6392 = VERTEX_POINT('',#6393);
#6393 = CARTESIAN_POINT('',(114.506012,-62.2,1.04));
#6394 = CIRCLE('',#6395,0.7);
#6395 = AXIS2_PLACEMENT_3D('',#6396,#6397,#6398);
#6396 = CARTESIAN_POINT('',(114.506012,-61.5,1.04));
#6397 = DIRECTION('',(-0.,0.,-1.));
#6398 = DIRECTION('',(-0.,-1.,0.));
#6399 = FACE_BOUND('',#6400,.T.);
#6400 = EDGE_LOOP('',(#6401));
#6401 = ORIENTED_EDGE('',*,*,#6402,.T.);
#6402 = EDGE_CURVE('',#6403,#6403,#6405,.T.);
#6403 = VERTEX_POINT('',#6404);
#6404 = CARTESIAN_POINT('',(123.6,-60.881981,1.04));
#6405 = CIRCLE('',#6406,1.75);
#6406 = AXIS2_PLACEMENT_3D('',#6407,#6408,#6409);
#6407 = CARTESIAN_POINT('',(123.6,-59.131981,1.04));
#6408 = DIRECTION('',(-0.,0.,-1.));
#6409 = DIRECTION('',(-0.,-1.,0.));
#6410 = FACE_BOUND('',#6411,.T.);
#6411 = EDGE_LOOP('',(#6412));
#6412 = ORIENTED_EDGE('',*,*,#6413,.T.);
#6413 = EDGE_CURVE('',#6414,#6414,#6416,.T.);
#6414 = VERTEX_POINT('',#6415);
#6415 = CARTESIAN_POINT('',(169.4125,-85.6,1.04));
#6416 = CIRCLE('',#6417,0.85);
#6417 = AXIS2_PLACEMENT_3D('',#6418,#6419,#6420);
#6418 = CARTESIAN_POINT('',(169.4125,-84.75,1.04));
#6419 = DIRECTION('',(-0.,0.,-1.));
#6420 = DIRECTION('',(-0.,-1.,0.));
#6421 = FACE_BOUND('',#6422,.T.);
#6422 = EDGE_LOOP('',(#6423));
#6423 = ORIENTED_EDGE('',*,*,#6424,.T.);
#6424 = EDGE_CURVE('',#6425,#6425,#6427,.T.);
#6425 = VERTEX_POINT('',#6426);
#6426 = CARTESIAN_POINT('',(173.3725,-85.6,1.04));
#6427 = CIRCLE('',#6428,0.85);
#6428 = AXIS2_PLACEMENT_3D('',#6429,#6430,#6431);
#6429 = CARTESIAN_POINT('',(173.3725,-84.75,1.04));
#6430 = DIRECTION('',(-0.,0.,-1.));
#6431 = DIRECTION('',(-0.,-1.,0.));
#6432 = FACE_BOUND('',#6433,.T.);
#6433 = EDGE_LOOP('',(#6434));
#6434 = ORIENTED_EDGE('',*,*,#6435,.T.);
#6435 = EDGE_CURVE('',#6436,#6436,#6438,.T.);
#6436 = VERTEX_POINT('',#6437);
#6437 = CARTESIAN_POINT('',(180.82,-85.6,1.04));
#6438 = CIRCLE('',#6439,0.85);
#6439 = AXIS2_PLACEMENT_3D('',#6440,#6441,#6442);
#6440 = CARTESIAN_POINT('',(180.82,-84.75,1.04));
#6441 = DIRECTION('',(-0.,0.,-1.));
#6442 = DIRECTION('',(-0.,-1.,0.));
#6443 = FACE_BOUND('',#6444,.T.);
#6444 = EDGE_LOOP('',(#6445));
#6445 = ORIENTED_EDGE('',*,*,#6446,.T.);
#6446 = EDGE_CURVE('',#6447,#6447,#6449,.T.);
#6447 = VERTEX_POINT('',#6448);
#6448 = CARTESIAN_POINT('',(184.78,-85.6,1.04));
#6449 = CIRCLE('',#6450,0.85);
#6450 = AXIS2_PLACEMENT_3D('',#6451,#6452,#6453);
#6451 = CARTESIAN_POINT('',(184.78,-84.75,1.04));
#6452 = DIRECTION('',(-0.,0.,-1.));
#6453 = DIRECTION('',(-0.,-1.,0.));
#6454 = FACE_BOUND('',#6455,.T.);
#6455 = EDGE_LOOP('',(#6456));
#6456 = ORIENTED_EDGE('',*,*,#6457,.T.);
#6457 = EDGE_CURVE('',#6458,#6458,#6460,.T.);
#6458 = VERTEX_POINT('',#6459);
#6459 = CARTESIAN_POINT('',(170.1425,-75.,1.04));
#6460 = CIRCLE('',#6461,0.7);
#6461 = AXIS2_PLACEMENT_3D('',#6462,#6463,#6464);
#6462 = CARTESIAN_POINT('',(170.1425,-74.3,1.04));
#6463 = DIRECTION('',(-0.,0.,-1.));
#6464 = DIRECTION('',(4.060244204343E-14,-1.,-0.));
#6465 = FACE_BOUND('',#6466,.T.);
#6466 = EDGE_LOOP('',(#6467));
#6467 = ORIENTED_EDGE('',*,*,#6468,.T.);
#6468 = EDGE_CURVE('',#6469,#6469,#6471,.T.);
#6469 = VERTEX_POINT('',#6470);
#6470 = CARTESIAN_POINT('',(172.6425,-75.,1.04));
#6471 = CIRCLE('',#6472,0.7);
#6472 = AXIS2_PLACEMENT_3D('',#6473,#6474,#6475);
#6473 = CARTESIAN_POINT('',(172.6425,-74.3,1.04));
#6474 = DIRECTION('',(-0.,0.,-1.));
#6475 = DIRECTION('',(4.060244204343E-14,-1.,-0.));
#6476 = FACE_BOUND('',#6477,.T.);
#6477 = EDGE_LOOP('',(#6478));
#6478 = ORIENTED_EDGE('',*,*,#6479,.T.);
#6479 = EDGE_CURVE('',#6480,#6480,#6482,.T.);
#6480 = VERTEX_POINT('',#6481);
#6481 = CARTESIAN_POINT('',(181.55,-75.,1.04));
#6482 = CIRCLE('',#6483,0.7);
#6483 = AXIS2_PLACEMENT_3D('',#6484,#6485,#6486);
#6484 = CARTESIAN_POINT('',(181.55,-74.3,1.04));
#6485 = DIRECTION('',(-0.,0.,-1.));
#6486 = DIRECTION('',(-0.,-1.,0.));
#6487 = FACE_BOUND('',#6488,.T.);
#6488 = EDGE_LOOP('',(#6489));
#6489 = ORIENTED_EDGE('',*,*,#6490,.T.);
#6490 = EDGE_CURVE('',#6491,#6491,#6493,.T.);
#6491 = VERTEX_POINT('',#6492);
#6492 = CARTESIAN_POINT('',(196.5,-78.360156,1.04));
#6493 = CIRCLE('',#6494,1.75);
#6494 = AXIS2_PLACEMENT_3D('',#6495,#6496,#6497);
#6495 = CARTESIAN_POINT('',(196.5,-76.610156,1.04));
#6496 = DIRECTION('',(-0.,0.,-1.));
#6497 = DIRECTION('',(-0.,-1.,0.));
#6498 = FACE_BOUND('',#6499,.T.);
#6499 = EDGE_LOOP('',(#6500));
#6500 = ORIENTED_EDGE('',*,*,#6501,.T.);
#6501 = EDGE_CURVE('',#6502,#6502,#6504,.T.);
#6502 = VERTEX_POINT('',#6503);
#6503 = CARTESIAN_POINT('',(184.05,-75.,1.04));
#6504 = CIRCLE('',#6505,0.7);
#6505 = AXIS2_PLACEMENT_3D('',#6506,#6507,#6508);
#6506 = CARTESIAN_POINT('',(184.05,-74.3,1.04));
#6507 = DIRECTION('',(-0.,0.,-1.));
#6508 = DIRECTION('',(-0.,-1.,0.));
#6509 = FACE_BOUND('',#6510,.T.);
#6510 = EDGE_LOOP('',(#6511));
#6511 = ORIENTED_EDGE('',*,*,#6512,.T.);
#6512 = EDGE_CURVE('',#6513,#6513,#6515,.T.);
#6513 = VERTEX_POINT('',#6514);
#6514 = CARTESIAN_POINT('',(155.6,-60.881981,1.04));
#6515 = CIRCLE('',#6516,1.75);
#6516 = AXIS2_PLACEMENT_3D('',#6517,#6518,#6519);
#6517 = CARTESIAN_POINT('',(155.6,-59.131981,1.04));
#6518 = DIRECTION('',(-0.,0.,-1.));
#6519 = DIRECTION('',(-0.,-1.,0.));
#6520 = FACE_BOUND('',#6521,.T.);
#6521 = EDGE_LOOP('',(#6522));
#6522 = ORIENTED_EDGE('',*,*,#6523,.T.);
#6523 = EDGE_CURVE('',#6524,#6524,#6526,.T.);
#6524 = VERTEX_POINT('',#6525);
#6525 = CARTESIAN_POINT('',(170.1425,-71.5,1.04));
#6526 = CIRCLE('',#6527,0.7);
#6527 = AXIS2_PLACEMENT_3D('',#6528,#6529,#6530);
#6528 = CARTESIAN_POINT('',(170.1425,-70.8,1.04));
#6529 = DIRECTION('',(-0.,0.,-1.));
#6530 = DIRECTION('',(4.060244204343E-14,-1.,-0.));
#6531 = FACE_BOUND('',#6532,.T.);
#6532 = EDGE_LOOP('',(#6533));
#6533 = ORIENTED_EDGE('',*,*,#6534,.T.);
#6534 = EDGE_CURVE('',#6535,#6535,#6537,.T.);
#6535 = VERTEX_POINT('',#6536);
#6536 = CARTESIAN_POINT('',(172.6425,-71.5,1.04));
#6537 = CIRCLE('',#6538,0.7);
#6538 = AXIS2_PLACEMENT_3D('',#6539,#6540,#6541);
#6539 = CARTESIAN_POINT('',(172.6425,-70.8,1.04));
#6540 = DIRECTION('',(-0.,0.,-1.));
#6541 = DIRECTION('',(4.060244204343E-14,-1.,-0.));
#6542 = FACE_BOUND('',#6543,.T.);
#6543 = EDGE_LOOP('',(#6544));
#6544 = ORIENTED_EDGE('',*,*,#6545,.T.);
#6545 = EDGE_CURVE('',#6546,#6546,#6548,.T.);
#6546 = VERTEX_POINT('',#6547);
#6547 = CARTESIAN_POINT('',(171.3925,-69.1,1.04));
#6548 = CIRCLE('',#6549,1.2);
#6549 = AXIS2_PLACEMENT_3D('',#6550,#6551,#6552);
#6550 = CARTESIAN_POINT('',(171.3925,-67.9,1.04));
#6551 = DIRECTION('',(-0.,0.,-1.));
#6552 = DIRECTION('',(2.368475785867E-14,-1.,-0.));
#6553 = FACE_BOUND('',#6554,.T.);
#6554 = EDGE_LOOP('',(#6555));
#6555 = ORIENTED_EDGE('',*,*,#6556,.T.);
#6556 = EDGE_CURVE('',#6557,#6557,#6559,.T.);
#6557 = VERTEX_POINT('',#6558);
#6558 = CARTESIAN_POINT('',(181.55,-71.5,1.04));
#6559 = CIRCLE('',#6560,0.7);
#6560 = AXIS2_PLACEMENT_3D('',#6561,#6562,#6563);
#6561 = CARTESIAN_POINT('',(181.55,-70.8,1.04));
#6562 = DIRECTION('',(-0.,0.,-1.));
#6563 = DIRECTION('',(-0.,-1.,0.));
#6564 = FACE_BOUND('',#6565,.T.);
#6565 = EDGE_LOOP('',(#6566));
#6566 = ORIENTED_EDGE('',*,*,#6567,.T.);
#6567 = EDGE_CURVE('',#6568,#6568,#6570,.T.);
#6568 = VERTEX_POINT('',#6569);
#6569 = CARTESIAN_POINT('',(182.8,-69.1,1.04));
#6570 = CIRCLE('',#6571,1.2);
#6571 = AXIS2_PLACEMENT_3D('',#6572,#6573,#6574);
#6572 = CARTESIAN_POINT('',(182.8,-67.9,1.04));
#6573 = DIRECTION('',(-0.,0.,-1.));
#6574 = DIRECTION('',(-0.,-1.,0.));
#6575 = FACE_BOUND('',#6576,.T.);
#6576 = EDGE_LOOP('',(#6577));
#6577 = ORIENTED_EDGE('',*,*,#6578,.T.);
#6578 = EDGE_CURVE('',#6579,#6579,#6581,.T.);
#6579 = VERTEX_POINT('',#6580);
#6580 = CARTESIAN_POINT('',(170.1425,-65.7,1.04));
#6581 = CIRCLE('',#6582,0.7);
#6582 = AXIS2_PLACEMENT_3D('',#6583,#6584,#6585);
#6583 = CARTESIAN_POINT('',(170.1425,-65.,1.04));
#6584 = DIRECTION('',(-0.,0.,-1.));
#6585 = DIRECTION('',(4.060244204343E-14,-1.,-0.));
#6586 = FACE_BOUND('',#6587,.T.);
#6587 = EDGE_LOOP('',(#6588));
#6588 = ORIENTED_EDGE('',*,*,#6589,.T.);
#6589 = EDGE_CURVE('',#6590,#6590,#6592,.T.);
#6590 = VERTEX_POINT('',#6591);
#6591 = CARTESIAN_POINT('',(172.6425,-65.7,1.04));
#6592 = CIRCLE('',#6593,0.7);
#6593 = AXIS2_PLACEMENT_3D('',#6594,#6595,#6596);
#6594 = CARTESIAN_POINT('',(172.6425,-65.,1.04));
#6595 = DIRECTION('',(-0.,0.,-1.));
#6596 = DIRECTION('',(4.060244204343E-14,-1.,-0.));
#6597 = FACE_BOUND('',#6598,.T.);
#6598 = EDGE_LOOP('',(#6599));
#6599 = ORIENTED_EDGE('',*,*,#6600,.T.);
#6600 = EDGE_CURVE('',#6601,#6601,#6603,.T.);
#6601 = VERTEX_POINT('',#6602);
#6602 = CARTESIAN_POINT('',(181.55,-65.7,1.04));
#6603 = CIRCLE('',#6604,0.7);
#6604 = AXIS2_PLACEMENT_3D('',#6605,#6606,#6607);
#6605 = CARTESIAN_POINT('',(181.55,-65.,1.04));
#6606 = DIRECTION('',(-0.,0.,-1.));
#6607 = DIRECTION('',(-0.,-1.,0.));
#6608 = FACE_BOUND('',#6609,.T.);
#6609 = EDGE_LOOP('',(#6610));
#6610 = ORIENTED_EDGE('',*,*,#6611,.T.);
#6611 = EDGE_CURVE('',#6612,#6612,#6614,.T.);
#6612 = VERTEX_POINT('',#6613);
#6613 = CARTESIAN_POINT('',(184.05,-71.5,1.04));
#6614 = CIRCLE('',#6615,0.7);
#6615 = AXIS2_PLACEMENT_3D('',#6616,#6617,#6618);
#6616 = CARTESIAN_POINT('',(184.05,-70.8,1.04));
#6617 = DIRECTION('',(-0.,0.,-1.));
#6618 = DIRECTION('',(-0.,-1.,0.));
#6619 = FACE_BOUND('',#6620,.T.);
#6620 = EDGE_LOOP('',(#6621));
#6621 = ORIENTED_EDGE('',*,*,#6622,.T.);
#6622 = EDGE_CURVE('',#6623,#6623,#6625,.T.);
#6623 = VERTEX_POINT('',#6624);
#6624 = CARTESIAN_POINT('',(184.05,-65.7,1.04));
#6625 = CIRCLE('',#6626,0.7);
#6626 = AXIS2_PLACEMENT_3D('',#6627,#6628,#6629);
#6627 = CARTESIAN_POINT('',(184.05,-65.,1.04));
#6628 = DIRECTION('',(-0.,0.,-1.));
#6629 = DIRECTION('',(-0.,-1.,0.));
#6630 = FACE_BOUND('',#6631,.T.);
#6631 = EDGE_LOOP('',(#6632));
#6632 = ORIENTED_EDGE('',*,*,#6633,.T.);
#6633 = EDGE_CURVE('',#6634,#6634,#6636,.T.);
#6634 = VERTEX_POINT('',#6635);
#6635 = CARTESIAN_POINT('',(170.1425,-62.2,1.04));
#6636 = CIRCLE('',#6637,0.7);
#6637 = AXIS2_PLACEMENT_3D('',#6638,#6639,#6640);
#6638 = CARTESIAN_POINT('',(170.1425,-61.5,1.04));
#6639 = DIRECTION('',(-0.,0.,-1.));
#6640 = DIRECTION('',(4.060244204343E-14,-1.,-0.));
#6641 = FACE_BOUND('',#6642,.T.);
#6642 = EDGE_LOOP('',(#6643));
#6643 = ORIENTED_EDGE('',*,*,#6644,.T.);
#6644 = EDGE_CURVE('',#6645,#6645,#6647,.T.);
#6645 = VERTEX_POINT('',#6646);
#6646 = CARTESIAN_POINT('',(172.6425,-62.2,1.04));
#6647 = CIRCLE('',#6648,0.7);
#6648 = AXIS2_PLACEMENT_3D('',#6649,#6650,#6651);
#6649 = CARTESIAN_POINT('',(172.6425,-61.5,1.04));
#6650 = DIRECTION('',(-0.,0.,-1.));
#6651 = DIRECTION('',(4.060244204343E-14,-1.,-0.));
#6652 = FACE_BOUND('',#6653,.T.);
#6653 = EDGE_LOOP('',(#6654));
#6654 = ORIENTED_EDGE('',*,*,#6655,.T.);
#6655 = EDGE_CURVE('',#6656,#6656,#6658,.T.);
#6656 = VERTEX_POINT('',#6657);
#6657 = CARTESIAN_POINT('',(181.55,-62.2,1.04));
#6658 = CIRCLE('',#6659,0.7);
#6659 = AXIS2_PLACEMENT_3D('',#6660,#6661,#6662);
#6660 = CARTESIAN_POINT('',(181.55,-61.5,1.04));
#6661 = DIRECTION('',(-0.,0.,-1.));
#6662 = DIRECTION('',(-0.,-1.,0.));
#6663 = FACE_BOUND('',#6664,.T.);
#6664 = EDGE_LOOP('',(#6665));
#6665 = ORIENTED_EDGE('',*,*,#6666,.T.);
#6666 = EDGE_CURVE('',#6667,#6667,#6669,.T.);
#6667 = VERTEX_POINT('',#6668);
#6668 = CARTESIAN_POINT('',(184.05,-62.2,1.04));
#6669 = CIRCLE('',#6670,0.7);
#6670 = AXIS2_PLACEMENT_3D('',#6671,#6672,#6673);
#6671 = CARTESIAN_POINT('',(184.05,-61.5,1.04));
#6672 = DIRECTION('',(-0.,0.,-1.));
#6673 = DIRECTION('',(-0.,-1.,0.));
#6674 = PLANE('',#6675);
#6675 = AXIS2_PLACEMENT_3D('',#6676,#6677,#6678);
#6676 = CARTESIAN_POINT('',(0.,0.,1.04));
#6677 = DIRECTION('',(0.,0.,1.));
#6678 = DIRECTION('',(1.,0.,-0.));
#6679 = ADVANCED_FACE('',(#6680),#6691,.T.);
#6680 = FACE_BOUND('',#6681,.T.);
#6681 = EDGE_LOOP('',(#6682,#6688,#6689,#6690));
#6682 = ORIENTED_EDGE('',*,*,#6683,.T.);
#6683 = EDGE_CURVE('',#4744,#5715,#6684,.T.);
#6684 = LINE('',#6685,#6686);
#6685 = CARTESIAN_POINT('',(87.035029,-56.010661,0.));
#6686 = VECTOR('',#6687,1.);
#6687 = DIRECTION('',(0.,0.,1.));
#6688 = ORIENTED_EDGE('',*,*,#5714,.T.);
#6689 = ORIENTED_EDGE('',*,*,#4677,.F.);
#6690 = ORIENTED_EDGE('',*,*,#4743,.F.);
#6691 = CYLINDRICAL_SURFACE('',#6692,3.000247754252);
#6692 = AXIS2_PLACEMENT_3D('',#6693,#6694,#6695);
#6693 = CARTESIAN_POINT('',(89.156452309611,-58.13222875247,0.));
#6694 = DIRECTION('',(0.,0.,-1.));
#6695 = DIRECTION('',(-0.707082708954,0.707130852599,0.));
#6696 = ADVANCED_FACE('',(#6697),#6708,.T.);
#6697 = FACE_BOUND('',#6698,.T.);
#6698 = EDGE_LOOP('',(#6699,#6700,#6701,#6707));
#6699 = ORIENTED_EDGE('',*,*,#4718,.T.);
#6700 = ORIENTED_EDGE('',*,*,#5953,.T.);
#6701 = ORIENTED_EDGE('',*,*,#6702,.F.);
#6702 = EDGE_CURVE('',#4974,#5945,#6703,.T.);
#6703 = LINE('',#6704,#6705);
#6704 = CARTESIAN_POINT('',(124.6,-69.131981,0.));
#6705 = VECTOR('',#6706,1.);
#6706 = DIRECTION('',(0.,0.,1.));
#6707 = ORIENTED_EDGE('',*,*,#4982,.F.);
#6708 = PLANE('',#6709);
#6709 = AXIS2_PLACEMENT_3D('',#6710,#6711,#6712);
#6710 = CARTESIAN_POINT('',(124.6,-64.876544,0.));
#6711 = DIRECTION('',(1.,0.,-0.));
#6712 = DIRECTION('',(0.,-1.,0.));
#6713 = ADVANCED_FACE('',(#6714),#6725,.T.);
#6714 = FACE_BOUND('',#6715,.T.);
#6715 = EDGE_LOOP('',(#6716,#6722,#6723,#6724));
#6716 = ORIENTED_EDGE('',*,*,#6717,.T.);
#6717 = EDGE_CURVE('',#4753,#5724,#6718,.T.);
#6718 = LINE('',#6719,#6720);
#6719 = CARTESIAN_POINT('',(79.57868,-63.46701,0.));
#6720 = VECTOR('',#6721,1.);
#6721 = DIRECTION('',(0.,0.,1.));
#6722 = ORIENTED_EDGE('',*,*,#5723,.T.);
#6723 = ORIENTED_EDGE('',*,*,#6683,.F.);
#6724 = ORIENTED_EDGE('',*,*,#4752,.F.);
#6725 = PLANE('',#6726);
#6726 = AXIS2_PLACEMENT_3D('',#6727,#6728,#6729);
#6727 = CARTESIAN_POINT('',(79.57868,-63.46701,0.));
#6728 = DIRECTION('',(-0.707106781187,0.707106781187,0.));
#6729 = DIRECTION('',(0.707106781187,0.707106781187,0.));
#6730 = ADVANCED_FACE('',(#6731),#6742,.F.);
#6731 = FACE_BOUND('',#6732,.T.);
#6732 = EDGE_LOOP('',(#6733,#6734,#6735,#6741));
#6733 = ORIENTED_EDGE('',*,*,#6702,.T.);
#6734 = ORIENTED_EDGE('',*,*,#5944,.T.);
#6735 = ORIENTED_EDGE('',*,*,#6736,.F.);
#6736 = EDGE_CURVE('',#4966,#5937,#6737,.T.);
#6737 = LINE('',#6738,#6739);
#6738 = CARTESIAN_POINT('',(154.6,-69.131981,0.));
#6739 = VECTOR('',#6740,1.);
#6740 = DIRECTION('',(0.,0.,1.));
#6741 = ORIENTED_EDGE('',*,*,#4973,.F.);
#6742 = CYLINDRICAL_SURFACE('',#6743,15.);
#6743 = AXIS2_PLACEMENT_3D('',#6744,#6745,#6746);
#6744 = CARTESIAN_POINT('',(139.6,-69.131981,0.));
#6745 = DIRECTION('',(-0.,-0.,-1.));
#6746 = DIRECTION('',(-1.,0.,-0.));
#6747 = ADVANCED_FACE('',(#6748),#6759,.T.);
#6748 = FACE_BOUND('',#6749,.T.);
#6749 = EDGE_LOOP('',(#6750,#6756,#6757,#6758));
#6750 = ORIENTED_EDGE('',*,*,#6751,.T.);
#6751 = EDGE_CURVE('',#4761,#5732,#6752,.T.);
#6752 = LINE('',#6753,#6754);
#6753 = CARTESIAN_POINT('',(78.7,-65.58833,0.));
#6754 = VECTOR('',#6755,1.);
#6755 = DIRECTION('',(0.,0.,1.));
#6756 = ORIENTED_EDGE('',*,*,#5731,.T.);
#6757 = ORIENTED_EDGE('',*,*,#6717,.F.);
#6758 = ORIENTED_EDGE('',*,*,#4760,.F.);
#6759 = CYLINDRICAL_SURFACE('',#6760,2.999860251516);
#6760 = AXIS2_PLACEMENT_3D('',#6761,#6762,#6763);
#6761 = CARTESIAN_POINT('',(81.699860250971,-65.58827280114,0.));
#6762 = DIRECTION('',(0.,0.,-1.));
#6763 = DIRECTION('',(-0.999999999818,-1.906717345036E-05,-0.));
#6764 = ADVANCED_FACE('',(#6765),#6776,.T.);
#6765 = FACE_BOUND('',#6766,.T.);
#6766 = EDGE_LOOP('',(#6767,#6768,#6769,#6775));
#6767 = ORIENTED_EDGE('',*,*,#6736,.T.);
#6768 = ORIENTED_EDGE('',*,*,#5936,.T.);
#6769 = ORIENTED_EDGE('',*,*,#6770,.F.);
#6770 = EDGE_CURVE('',#4957,#5928,#6771,.T.);
#6771 = LINE('',#6772,#6773);
#6772 = CARTESIAN_POINT('',(154.6,-64.876544,0.));
#6773 = VECTOR('',#6774,1.);
#6774 = DIRECTION('',(0.,0.,1.));
#6775 = ORIENTED_EDGE('',*,*,#4965,.F.);
#6776 = PLANE('',#6777);
#6777 = AXIS2_PLACEMENT_3D('',#6778,#6779,#6780);
#6778 = CARTESIAN_POINT('',(154.6,-69.131981,0.));
#6779 = DIRECTION('',(-1.,0.,0.));
#6780 = DIRECTION('',(0.,1.,0.));
#6781 = ADVANCED_FACE('',(#6782),#6793,.T.);
#6782 = FACE_BOUND('',#6783,.T.);
#6783 = EDGE_LOOP('',(#6784,#6790,#6791,#6792));
#6784 = ORIENTED_EDGE('',*,*,#6785,.T.);
#6785 = EDGE_CURVE('',#4770,#5741,#6786,.T.);
#6786 = LINE('',#6787,#6788);
#6787 = CARTESIAN_POINT('',(78.7,-87.631981,0.));
#6788 = VECTOR('',#6789,1.);
#6789 = DIRECTION('',(0.,0.,1.));
#6790 = ORIENTED_EDGE('',*,*,#5740,.T.);
#6791 = ORIENTED_EDGE('',*,*,#6751,.F.);
#6792 = ORIENTED_EDGE('',*,*,#4769,.F.);
#6793 = PLANE('',#6794);
#6794 = AXIS2_PLACEMENT_3D('',#6795,#6796,#6797);
#6795 = CARTESIAN_POINT('',(78.7,-87.631981,0.));
#6796 = DIRECTION('',(-1.,0.,0.));
#6797 = DIRECTION('',(0.,1.,0.));
#6798 = ADVANCED_FACE('',(#6799),#6810,.F.);
#6799 = FACE_BOUND('',#6800,.T.);
#6800 = EDGE_LOOP('',(#6801,#6802,#6803,#6809));
#6801 = ORIENTED_EDGE('',*,*,#6770,.T.);
#6802 = ORIENTED_EDGE('',*,*,#5927,.T.);
#6803 = ORIENTED_EDGE('',*,*,#6804,.F.);
#6804 = EDGE_CURVE('',#4948,#5919,#6805,.T.);
#6805 = LINE('',#6806,#6807);
#6806 = CARTESIAN_POINT('',(153.314286,-62.414588,0.));
#6807 = VECTOR('',#6808,1.);
#6808 = DIRECTION('',(0.,0.,1.));
#6809 = ORIENTED_EDGE('',*,*,#4956,.F.);
#6810 = CYLINDRICAL_SURFACE('',#6811,3.000126965947);
#6811 = AXIS2_PLACEMENT_3D('',#6812,#6813,#6814);
#6812 = CARTESIAN_POINT('',(151.59987303476,-64.87660952639,0.));
#6813 = DIRECTION('',(-0.,-0.,-1.));
#6814 = DIRECTION('',(0.999999999761,2.18412083378E-05,-0.));
#6815 = ADVANCED_FACE('',(#6816),#6827,.T.);
#6816 = FACE_BOUND('',#6817,.T.);
#6817 = EDGE_LOOP('',(#6818,#6824,#6825,#6826));
#6818 = ORIENTED_EDGE('',*,*,#6819,.T.);
#6819 = EDGE_CURVE('',#4778,#5749,#6820,.T.);
#6820 = LINE('',#6821,#6822);
#6821 = CARTESIAN_POINT('',(81.7,-90.631981,0.));
#6822 = VECTOR('',#6823,1.);
#6823 = DIRECTION('',(0.,0.,1.));
#6824 = ORIENTED_EDGE('',*,*,#5748,.T.);
#6825 = ORIENTED_EDGE('',*,*,#6785,.F.);
#6826 = ORIENTED_EDGE('',*,*,#4777,.F.);
#6827 = CYLINDRICAL_SURFACE('',#6828,3.000013122826);
#6828 = AXIS2_PLACEMENT_3D('',#6829,#6830,#6831);
#6829 = CARTESIAN_POINT('',(81.700013122798,-87.6319678772,0.));
#6830 = DIRECTION('',(0.,0.,-1.));
#6831 = DIRECTION('',(-4.374246769409E-06,-0.99999999999,-0.));
#6832 = ADVANCED_FACE('',(#6833),#6844,.T.);
#6833 = FACE_BOUND('',#6834,.T.);
#6834 = EDGE_LOOP('',(#6835,#6836,#6837,#6843));
#6835 = ORIENTED_EDGE('',*,*,#6804,.T.);
#6836 = ORIENTED_EDGE('',*,*,#5918,.T.);
#6837 = ORIENTED_EDGE('',*,*,#6838,.F.);
#6838 = EDGE_CURVE('',#4940,#5911,#6839,.T.);
#6839 = LINE('',#6840,#6841);
#6840 = CARTESIAN_POINT('',(155.6,-55.131981,0.));
#6841 = VECTOR('',#6842,1.);
#6842 = DIRECTION('',(0.,0.,1.));
#6843 = ORIENTED_EDGE('',*,*,#4947,.F.);
#6844 = CYLINDRICAL_SURFACE('',#6845,4.00000904161);
#6845 = AXIS2_PLACEMENT_3D('',#6846,#6847,#6848);
#6846 = CARTESIAN_POINT('',(155.60002941863,-59.1319900415,0.));
#6847 = DIRECTION('',(0.,0.,-1.));
#6848 = DIRECTION('',(-0.571434562986,-0.820647634631,-0.));
#6849 = ADVANCED_FACE('',(#6850),#6861,.T.);
#6850 = FACE_BOUND('',#6851,.T.);
#6851 = EDGE_LOOP('',(#6852,#6858,#6859,#6860));
#6852 = ORIENTED_EDGE('',*,*,#6853,.T.);
#6853 = EDGE_CURVE('',#4787,#5758,#6854,.T.);
#6854 = LINE('',#6855,#6856);
#6855 = CARTESIAN_POINT('',(108.357359,-90.631981,0.));
#6856 = VECTOR('',#6857,1.);
#6857 = DIRECTION('',(0.,0.,1.));
#6858 = ORIENTED_EDGE('',*,*,#5757,.T.);
#6859 = ORIENTED_EDGE('',*,*,#6819,.F.);
#6860 = ORIENTED_EDGE('',*,*,#4786,.F.);
#6861 = PLANE('',#6862);
#6862 = AXIS2_PLACEMENT_3D('',#6863,#6864,#6865);
#6863 = CARTESIAN_POINT('',(108.357359,-90.631981,0.));
#6864 = DIRECTION('',(0.,-1.,0.));
#6865 = DIRECTION('',(-1.,0.,0.));
#6866 = ADVANCED_FACE('',(#6867),#6878,.T.);
#6867 = FACE_BOUND('',#6868,.T.);
#6868 = EDGE_LOOP('',(#6869,#6870,#6871,#6877));
#6869 = ORIENTED_EDGE('',*,*,#6838,.T.);
#6870 = ORIENTED_EDGE('',*,*,#5910,.T.);
#6871 = ORIENTED_EDGE('',*,*,#6872,.F.);
#6872 = EDGE_CURVE('',#4931,#5902,#6873,.T.);
#6873 = LINE('',#6874,#6875);
#6874 = CARTESIAN_POINT('',(190.043651,-55.131981,0.));
#6875 = VECTOR('',#6876,1.);
#6876 = DIRECTION('',(0.,0.,1.));
#6877 = ORIENTED_EDGE('',*,*,#4939,.F.);
#6878 = PLANE('',#6879);
#6879 = AXIS2_PLACEMENT_3D('',#6880,#6881,#6882);
#6880 = CARTESIAN_POINT('',(155.6,-55.131981,0.));
#6881 = DIRECTION('',(0.,1.,0.));
#6882 = DIRECTION('',(1.,0.,0.));
#6883 = ADVANCED_FACE('',(#6884),#6895,.F.);
#6884 = FACE_BOUND('',#6885,.T.);
#6885 = EDGE_LOOP('',(#6886,#6892,#6893,#6894));
#6886 = ORIENTED_EDGE('',*,*,#6887,.T.);
#6887 = EDGE_CURVE('',#4795,#5766,#6888,.T.);
#6888 = LINE('',#6889,#6890);
#6889 = CARTESIAN_POINT('',(110.478679,-91.510661,0.));
#6890 = VECTOR('',#6891,1.);
#6891 = DIRECTION('',(0.,0.,1.));
#6892 = ORIENTED_EDGE('',*,*,#5765,.T.);
#6893 = ORIENTED_EDGE('',*,*,#6853,.F.);
#6894 = ORIENTED_EDGE('',*,*,#4794,.F.);
#6895 = CYLINDRICAL_SURFACE('',#6896,2.999790260754);
#6896 = AXIS2_PLACEMENT_3D('',#6897,#6898,#6899);
#6897 = CARTESIAN_POINT('',(108.35744519028,-93.63177125951,0.));
#6898 = DIRECTION('',(-0.,-0.,-1.));
#6899 = DIRECTION('',(0.707127374027,0.707086187747,-0.));
#6900 = ADVANCED_FACE('',(#6901),#6912,.T.);
#6901 = FACE_BOUND('',#6902,.T.);
#6902 = EDGE_LOOP('',(#6903,#6904,#6905,#6911));
#6903 = ORIENTED_EDGE('',*,*,#6872,.T.);
#6904 = ORIENTED_EDGE('',*,*,#5901,.T.);
#6905 = ORIENTED_EDGE('',*,*,#6906,.F.);
#6906 = EDGE_CURVE('',#4923,#5894,#6907,.T.);
#6907 = LINE('',#6908,#6909);
#6908 = CARTESIAN_POINT('',(192.164971,-56.010661,0.));
#6909 = VECTOR('',#6910,1.);
#6910 = DIRECTION('',(0.,0.,1.));
#6911 = ORIENTED_EDGE('',*,*,#4930,.F.);
#6912 = CYLINDRICAL_SURFACE('',#6913,2.999747339304);
#6913 = AXIS2_PLACEMENT_3D('',#6914,#6915,#6916);
#6914 = CARTESIAN_POINT('',(190.04375496917,-58.1317283375,0.));
#6915 = DIRECTION('',(0.,0.,-1.));
#6916 = DIRECTION('',(-3.465930964941E-05,0.999999999399,0.));
#6917 = ADVANCED_FACE('',(#6918),#6929,.T.);
#6918 = FACE_BOUND('',#6919,.T.);
#6919 = EDGE_LOOP('',(#6920,#6926,#6927,#6928));
#6920 = ORIENTED_EDGE('',*,*,#6921,.T.);
#6921 = EDGE_CURVE('',#4804,#5775,#6922,.T.);
#6922 = LINE('',#6923,#6924);
#6923 = CARTESIAN_POINT('',(118.72132,-99.753301,0.));
#6924 = VECTOR('',#6925,1.);
#6925 = DIRECTION('',(0.,0.,1.));
#6926 = ORIENTED_EDGE('',*,*,#5774,.T.);
#6927 = ORIENTED_EDGE('',*,*,#6887,.F.);
#6928 = ORIENTED_EDGE('',*,*,#4803,.F.);
#6929 = PLANE('',#6930);
#6930 = AXIS2_PLACEMENT_3D('',#6931,#6932,#6933);
#6931 = CARTESIAN_POINT('',(118.72132,-99.753301,0.));
#6932 = DIRECTION('',(-0.707106738293,-0.70710682408,0.));
#6933 = DIRECTION('',(-0.70710682408,0.707106738293,0.));
#6934 = ADVANCED_FACE('',(#6935),#6946,.T.);
#6935 = FACE_BOUND('',#6936,.T.);
#6936 = EDGE_LOOP('',(#6937,#6938,#6939,#6945));
#6937 = ORIENTED_EDGE('',*,*,#6906,.T.);
#6938 = ORIENTED_EDGE('',*,*,#5893,.T.);
#6939 = ORIENTED_EDGE('',*,*,#6940,.F.);
#6940 = EDGE_CURVE('',#4914,#5885,#6941,.T.);
#6941 = LINE('',#6942,#6943);
#6942 = CARTESIAN_POINT('',(199.62132,-63.46701,0.));
#6943 = VECTOR('',#6944,1.);
#6944 = DIRECTION('',(0.,0.,1.));
#6945 = ORIENTED_EDGE('',*,*,#4922,.F.);
#6946 = PLANE('',#6947);
#6947 = AXIS2_PLACEMENT_3D('',#6948,#6949,#6950);
#6948 = CARTESIAN_POINT('',(192.164971,-56.010661,0.));
#6949 = DIRECTION('',(0.707106781187,0.707106781187,-0.));
#6950 = DIRECTION('',(0.707106781187,-0.707106781187,0.));
#6951 = ADVANCED_FACE('',(#6952),#6963,.F.);
#6952 = FACE_BOUND('',#6953,.T.);
#6953 = EDGE_LOOP('',(#6954,#6960,#6961,#6962));
#6954 = ORIENTED_EDGE('',*,*,#6955,.T.);
#6955 = EDGE_CURVE('',#4812,#5783,#6956,.T.);
#6956 = LINE('',#6957,#6958);
#6957 = CARTESIAN_POINT('',(119.6,-101.874622,0.));
#6958 = VECTOR('',#6959,1.);
#6959 = DIRECTION('',(0.,0.,1.));
#6960 = ORIENTED_EDGE('',*,*,#5782,.T.);
#6961 = ORIENTED_EDGE('',*,*,#6921,.F.);
#6962 = ORIENTED_EDGE('',*,*,#4811,.F.);
#6963 = CYLINDRICAL_SURFACE('',#6964,3.000092673543);
#6964 = AXIS2_PLACEMENT_3D('',#6965,#6966,#6967);
#6965 = CARTESIAN_POINT('',(116.59990732669,-101.8746600736,0.));
#6966 = DIRECTION('',(-0.,-0.,-1.));
#6967 = DIRECTION('',(0.999999999919,1.269082825216E-05,-0.));
#6968 = ADVANCED_FACE('',(#6969),#6980,.T.);
#6969 = FACE_BOUND('',#6970,.T.);
#6970 = EDGE_LOOP('',(#6971,#6972,#6973,#6979));
#6971 = ORIENTED_EDGE('',*,*,#6940,.T.);
#6972 = ORIENTED_EDGE('',*,*,#5884,.T.);
#6973 = ORIENTED_EDGE('',*,*,#6974,.F.);
#6974 = EDGE_CURVE('',#4906,#5877,#6975,.T.);
#6975 = LINE('',#6976,#6977);
#6976 = CARTESIAN_POINT('',(200.5,-65.58833,0.));
#6977 = VECTOR('',#6978,1.);
#6978 = DIRECTION('',(0.,0.,1.));
#6979 = ORIENTED_EDGE('',*,*,#4913,.F.);
#6980 = CYLINDRICAL_SURFACE('',#6981,3.000126315967);
#6981 = AXIS2_PLACEMENT_3D('',#6982,#6983,#6984);
#6982 = CARTESIAN_POINT('',(197.4998736845,-65.58838300874,0.));
#6983 = DIRECTION('',(0.,0.,-1.));
#6984 = DIRECTION('',(0.70711899836,0.707094563802,0.));
#6985 = ADVANCED_FACE('',(#6986),#6997,.T.);
#6986 = FACE_BOUND('',#6987,.T.);
#6987 = EDGE_LOOP('',(#6988,#6994,#6995,#6996));
#6988 = ORIENTED_EDGE('',*,*,#6989,.T.);
#6989 = EDGE_CURVE('',#4821,#5792,#6990,.T.);
#6990 = LINE('',#6991,#6992);
#6991 = CARTESIAN_POINT('',(119.6,-112.631981,0.));
#6992 = VECTOR('',#6993,1.);
#6993 = DIRECTION('',(0.,0.,1.));
#6994 = ORIENTED_EDGE('',*,*,#5791,.T.);
#6995 = ORIENTED_EDGE('',*,*,#6955,.F.);
#6996 = ORIENTED_EDGE('',*,*,#4820,.F.);
#6997 = PLANE('',#6998);
#6998 = AXIS2_PLACEMENT_3D('',#6999,#7000,#7001);
#6999 = CARTESIAN_POINT('',(119.6,-112.631981,0.));
#7000 = DIRECTION('',(-1.,0.,0.));
#7001 = DIRECTION('',(0.,1.,0.));
#7002 = ADVANCED_FACE('',(#7003),#7014,.T.);
#7003 = FACE_BOUND('',#7004,.T.);
#7004 = EDGE_LOOP('',(#7005,#7006,#7007,#7013));
#7005 = ORIENTED_EDGE('',*,*,#6974,.T.);
#7006 = ORIENTED_EDGE('',*,*,#5876,.T.);
#7007 = ORIENTED_EDGE('',*,*,#7008,.F.);
#7008 = EDGE_CURVE('',#4897,#5868,#7009,.T.);
#7009 = LINE('',#7010,#7011);
#7010 = CARTESIAN_POINT('',(200.5,-87.631981,0.));
#7011 = VECTOR('',#7012,1.);
#7012 = DIRECTION('',(0.,0.,1.));
#7013 = ORIENTED_EDGE('',*,*,#4905,.F.);
#7014 = PLANE('',#7015);
#7015 = AXIS2_PLACEMENT_3D('',#7016,#7017,#7018);
#7016 = CARTESIAN_POINT('',(200.5,-65.58833,0.));
#7017 = DIRECTION('',(1.,0.,-0.));
#7018 = DIRECTION('',(0.,-1.,0.));
#7019 = ADVANCED_FACE('',(#7020),#7031,.T.);
#7020 = FACE_BOUND('',#7021,.T.);
#7021 = EDGE_LOOP('',(#7022,#7028,#7029,#7030));
#7022 = ORIENTED_EDGE('',*,*,#7023,.T.);
#7023 = EDGE_CURVE('',#4829,#5800,#7024,.T.);
#7024 = LINE('',#7025,#7026);
#7025 = CARTESIAN_POINT('',(122.6,-115.631981,0.));
#7026 = VECTOR('',#7027,1.);
#7027 = DIRECTION('',(0.,0.,1.));
#7028 = ORIENTED_EDGE('',*,*,#5799,.T.);
#7029 = ORIENTED_EDGE('',*,*,#6989,.F.);
#7030 = ORIENTED_EDGE('',*,*,#4828,.F.);
#7031 = CYLINDRICAL_SURFACE('',#7032,3.000013122826);
#7032 = AXIS2_PLACEMENT_3D('',#7033,#7034,#7035);
#7033 = CARTESIAN_POINT('',(122.60001312279,-112.6319678772,0.));
#7034 = DIRECTION('',(0.,0.,-1.));
#7035 = DIRECTION('',(-4.374246774146E-06,-0.99999999999,-0.));
#7036 = ADVANCED_FACE('',(#7037),#7048,.T.);
#7037 = FACE_BOUND('',#7038,.T.);
#7038 = EDGE_LOOP('',(#7039,#7040,#7041,#7047));
#7039 = ORIENTED_EDGE('',*,*,#7008,.T.);
#7040 = ORIENTED_EDGE('',*,*,#5867,.T.);
#7041 = ORIENTED_EDGE('',*,*,#7042,.F.);
#7042 = EDGE_CURVE('',#4889,#5860,#7043,.T.);
#7043 = LINE('',#7044,#7045);
#7044 = CARTESIAN_POINT('',(197.5,-90.631981,0.));
#7045 = VECTOR('',#7046,1.);
#7046 = DIRECTION('',(0.,0.,1.));
#7047 = ORIENTED_EDGE('',*,*,#4896,.F.);
#7048 = CYLINDRICAL_SURFACE('',#7049,2.999967031462);
#7049 = AXIS2_PLACEMENT_3D('',#7050,#7051,#7052);
#7050 = CARTESIAN_POINT('',(197.50003296872,-87.63201396872,0.));
#7051 = DIRECTION('',(0.,0.,-1.));
#7052 = DIRECTION('',(0.99999999994,1.098969395055E-05,0.));
#7053 = ADVANCED_FACE('',(#7054),#7065,.T.);
#7054 = FACE_BOUND('',#7055,.T.);
#7055 = EDGE_LOOP('',(#7056,#7062,#7063,#7064));
#7056 = ORIENTED_EDGE('',*,*,#7057,.T.);
#7057 = EDGE_CURVE('',#4838,#5809,#7058,.T.);
#7058 = LINE('',#7059,#7060);
#7059 = CARTESIAN_POINT('',(156.6,-115.631981,0.));
#7060 = VECTOR('',#7061,1.);
#7061 = DIRECTION('',(0.,0.,1.));
#7062 = ORIENTED_EDGE('',*,*,#5808,.T.);
#7063 = ORIENTED_EDGE('',*,*,#7023,.F.);
#7064 = ORIENTED_EDGE('',*,*,#4837,.F.);
#7065 = PLANE('',#7066);
#7066 = AXIS2_PLACEMENT_3D('',#7067,#7068,#7069);
#7067 = CARTESIAN_POINT('',(156.6,-115.631981,0.));
#7068 = DIRECTION('',(0.,-1.,0.));
#7069 = DIRECTION('',(-1.,0.,0.));
#7070 = ADVANCED_FACE('',(#7071),#7082,.T.);
#7071 = FACE_BOUND('',#7072,.T.);
#7072 = EDGE_LOOP('',(#7073,#7074,#7075,#7081));
#7073 = ORIENTED_EDGE('',*,*,#7042,.T.);
#7074 = ORIENTED_EDGE('',*,*,#5859,.T.);
#7075 = ORIENTED_EDGE('',*,*,#7076,.F.);
#7076 = EDGE_CURVE('',#4880,#5851,#7077,.T.);
#7077 = LINE('',#7078,#7079);
#7078 = CARTESIAN_POINT('',(170.842641,-90.631981,0.));
#7079 = VECTOR('',#7080,1.);
#7080 = DIRECTION('',(0.,0.,1.));
#7081 = ORIENTED_EDGE('',*,*,#4888,.F.);
#7082 = PLANE('',#7083);
#7083 = AXIS2_PLACEMENT_3D('',#7084,#7085,#7086);
#7084 = CARTESIAN_POINT('',(197.5,-90.631981,0.));
#7085 = DIRECTION('',(0.,-1.,0.));
#7086 = DIRECTION('',(-1.,0.,0.));
#7087 = ADVANCED_FACE('',(#7088),#7099,.T.);
#7088 = FACE_BOUND('',#7089,.T.);
#7089 = EDGE_LOOP('',(#7090,#7096,#7097,#7098));
#7090 = ORIENTED_EDGE('',*,*,#7091,.T.);
#7091 = EDGE_CURVE('',#4846,#5817,#7092,.T.);
#7092 = LINE('',#7093,#7094);
#7093 = CARTESIAN_POINT('',(159.6,-112.631981,0.));
#7094 = VECTOR('',#7095,1.);
#7095 = DIRECTION('',(0.,0.,1.));
#7096 = ORIENTED_EDGE('',*,*,#5816,.T.);
#7097 = ORIENTED_EDGE('',*,*,#7057,.F.);
#7098 = ORIENTED_EDGE('',*,*,#4845,.F.);
#7099 = CYLINDRICAL_SURFACE('',#7100,2.999967031462);
#7100 = AXIS2_PLACEMENT_3D('',#7101,#7102,#7103);
#7101 = CARTESIAN_POINT('',(156.60003296872,-112.6320139687,0.));
#7102 = DIRECTION('',(0.,0.,-1.));
#7103 = DIRECTION('',(0.99999999994,1.098969395055E-05,0.));
#7104 = ADVANCED_FACE('',(#7105),#7116,.F.);
#7105 = FACE_BOUND('',#7106,.T.);
#7106 = EDGE_LOOP('',(#7107,#7108,#7109,#7115));
#7107 = ORIENTED_EDGE('',*,*,#7076,.T.);
#7108 = ORIENTED_EDGE('',*,*,#5850,.T.);
#7109 = ORIENTED_EDGE('',*,*,#7110,.F.);
#7110 = EDGE_CURVE('',#4872,#5843,#7111,.T.);
#7111 = LINE('',#7112,#7113);
#7112 = CARTESIAN_POINT('',(168.72132,-91.510661,0.));
#7113 = VECTOR('',#7114,1.);
#7114 = DIRECTION('',(0.,0.,1.));
#7115 = ORIENTED_EDGE('',*,*,#4879,.F.);
#7116 = CYLINDRICAL_SURFACE('',#7117,3.000214108658);
#7117 = AXIS2_PLACEMENT_3D('',#7118,#7119,#7120);
#7118 = CARTESIAN_POINT('',(170.84272937329,-93.63219510735,0.));
#7119 = DIRECTION('',(-0.,-0.,-1.));
#7120 = DIRECTION('',(-2.94556635962E-05,0.999999999566,0.));
#7121 = ADVANCED_FACE('',(#7122),#7133,.T.);
#7122 = FACE_BOUND('',#7123,.T.);
#7123 = EDGE_LOOP('',(#7124,#7130,#7131,#7132));
#7124 = ORIENTED_EDGE('',*,*,#7125,.T.);
#7125 = EDGE_CURVE('',#4855,#5826,#7126,.T.);
#7126 = LINE('',#7127,#7128);
#7127 = CARTESIAN_POINT('',(159.6,-101.874622,0.));
#7128 = VECTOR('',#7129,1.);
#7129 = DIRECTION('',(0.,0.,1.));
#7130 = ORIENTED_EDGE('',*,*,#5825,.T.);
#7131 = ORIENTED_EDGE('',*,*,#7091,.F.);
#7132 = ORIENTED_EDGE('',*,*,#4854,.F.);
#7133 = PLANE('',#7134);
#7134 = AXIS2_PLACEMENT_3D('',#7135,#7136,#7137);
#7135 = CARTESIAN_POINT('',(159.6,-101.874622,0.));
#7136 = DIRECTION('',(1.,0.,-0.));
#7137 = DIRECTION('',(0.,-1.,0.));
#7138 = ADVANCED_FACE('',(#7139),#7150,.T.);
#7139 = FACE_BOUND('',#7140,.T.);
#7140 = EDGE_LOOP('',(#7141,#7142,#7143,#7149));
#7141 = ORIENTED_EDGE('',*,*,#7110,.T.);
#7142 = ORIENTED_EDGE('',*,*,#5842,.T.);
#7143 = ORIENTED_EDGE('',*,*,#7144,.F.);
#7144 = EDGE_CURVE('',#4863,#5834,#7145,.T.);
#7145 = LINE('',#7146,#7147);
#7146 = CARTESIAN_POINT('',(160.47868,-99.753302,0.));
#7147 = VECTOR('',#7148,1.);
#7148 = DIRECTION('',(0.,0.,1.));
#7149 = ORIENTED_EDGE('',*,*,#4871,.F.);
#7150 = PLANE('',#7151);
#7151 = AXIS2_PLACEMENT_3D('',#7152,#7153,#7154);
#7152 = CARTESIAN_POINT('',(168.72132,-91.510661,0.));
#7153 = DIRECTION('',(0.70710682408,-0.707106738293,0.));
#7154 = DIRECTION('',(-0.707106738293,-0.70710682408,0.));
#7155 = ADVANCED_FACE('',(#7156),#7162,.F.);
#7156 = FACE_BOUND('',#7157,.T.);
#7157 = EDGE_LOOP('',(#7158,#7159,#7160,#7161));
#7158 = ORIENTED_EDGE('',*,*,#7144,.T.);
#7159 = ORIENTED_EDGE('',*,*,#5833,.T.);
#7160 = ORIENTED_EDGE('',*,*,#7125,.F.);
#7161 = ORIENTED_EDGE('',*,*,#4862,.F.);
#7162 = CYLINDRICAL_SURFACE('',#7163,2.999891964277);
#7163 = AXIS2_PLACEMENT_3D('',#7164,#7165,#7166);
#7164 = CARTESIAN_POINT('',(162.59989196395,-101.874577937,0.));
#7165 = DIRECTION('',(-0.,-0.,-1.));
#7166 = DIRECTION('',(-0.707096118531,0.707117443681,0.));
#7167 = ADVANCED_FACE('',(#7168),#7179,.F.);
#7168 = FACE_BOUND('',#7169,.T.);
#7169 = EDGE_LOOP('',(#7170,#7171,#7177,#7178));
#7170 = ORIENTED_EDGE('',*,*,#4991,.T.);
#7171 = ORIENTED_EDGE('',*,*,#7172,.T.);
#7172 = EDGE_CURVE('',#4992,#5963,#7173,.T.);
#7173 = LINE('',#7174,#7175);
#7174 = CARTESIAN_POINT('',(123.6,-113.381981,-8.1E-02));
#7175 = VECTOR('',#7176,1.);
#7176 = DIRECTION('',(0.,0.,1.));
#7177 = ORIENTED_EDGE('',*,*,#5962,.F.);
#7178 = ORIENTED_EDGE('',*,*,#7172,.F.);
#7179 = CYLINDRICAL_SURFACE('',#7180,1.75);
#7180 = AXIS2_PLACEMENT_3D('',#7181,#7182,#7183);
#7181 = CARTESIAN_POINT('',(123.6,-111.631981,-8.1E-02));
#7182 = DIRECTION('',(-0.,-0.,-1.));
#7183 = DIRECTION('',(-0.,-1.,0.));
#7184 = ADVANCED_FACE('',(#7185),#7196,.F.);
#7185 = FACE_BOUND('',#7186,.T.);
#7186 = EDGE_LOOP('',(#7187,#7188,#7194,#7195));
#7187 = ORIENTED_EDGE('',*,*,#5002,.T.);
#7188 = ORIENTED_EDGE('',*,*,#7189,.T.);
#7189 = EDGE_CURVE('',#5003,#5974,#7190,.T.);
#7190 = LINE('',#7191,#7192);
#7191 = CARTESIAN_POINT('',(134.52,-109.532,-8.1E-02));
#7192 = VECTOR('',#7193,1.);
#7193 = DIRECTION('',(0.,0.,1.));
#7194 = ORIENTED_EDGE('',*,*,#5973,.F.);
#7195 = ORIENTED_EDGE('',*,*,#7189,.F.);
#7196 = CYLINDRICAL_SURFACE('',#7197,0.7);
#7197 = AXIS2_PLACEMENT_3D('',#7198,#7199,#7200);
#7198 = CARTESIAN_POINT('',(134.52,-108.832,-8.1E-02));
#7199 = DIRECTION('',(-0.,0.,-1.));
#7200 = DIRECTION('',(4.060244204343E-14,-1.,-0.));
#7201 = ADVANCED_FACE('',(#7202),#7213,.F.);
#7202 = FACE_BOUND('',#7203,.T.);
#7203 = EDGE_LOOP('',(#7204,#7205,#7211,#7212));
#7204 = ORIENTED_EDGE('',*,*,#5013,.T.);
#7205 = ORIENTED_EDGE('',*,*,#7206,.T.);
#7206 = EDGE_CURVE('',#5014,#5985,#7207,.T.);
#7207 = LINE('',#7208,#7209);
#7208 = CARTESIAN_POINT('',(134.52,-104.452,-8.1E-02));
#7209 = VECTOR('',#7210,1.);
#7210 = DIRECTION('',(0.,0.,1.));
#7211 = ORIENTED_EDGE('',*,*,#5984,.F.);
#7212 = ORIENTED_EDGE('',*,*,#7206,.F.);
#7213 = CYLINDRICAL_SURFACE('',#7214,0.7);
#7214 = AXIS2_PLACEMENT_3D('',#7215,#7216,#7217);
#7215 = CARTESIAN_POINT('',(134.52,-103.752,-8.1E-02));
#7216 = DIRECTION('',(-0.,0.,-1.));
#7217 = DIRECTION('',(4.060244204343E-14,-1.,-0.));
#7218 = ADVANCED_FACE('',(#7219),#7230,.F.);
#7219 = FACE_BOUND('',#7220,.T.);
#7220 = EDGE_LOOP('',(#7221,#7222,#7228,#7229));
#7221 = ORIENTED_EDGE('',*,*,#5024,.T.);
#7222 = ORIENTED_EDGE('',*,*,#7223,.T.);
#7223 = EDGE_CURVE('',#5025,#5996,#7224,.T.);
#7224 = LINE('',#7225,#7226);
#7225 = CARTESIAN_POINT('',(144.68,-109.532,-8.1E-02));
#7226 = VECTOR('',#7227,1.);
#7227 = DIRECTION('',(0.,0.,1.));
#7228 = ORIENTED_EDGE('',*,*,#5995,.F.);
#7229 = ORIENTED_EDGE('',*,*,#7223,.F.);
#7230 = CYLINDRICAL_SURFACE('',#7231,0.7);
#7231 = AXIS2_PLACEMENT_3D('',#7232,#7233,#7234);
#7232 = CARTESIAN_POINT('',(144.68,-108.832,-8.1E-02));
#7233 = DIRECTION('',(-0.,-0.,-1.));
#7234 = DIRECTION('',(-0.,-1.,0.));
#7235 = ADVANCED_FACE('',(#7236),#7247,.F.);
#7236 = FACE_BOUND('',#7237,.T.);
#7237 = EDGE_LOOP('',(#7238,#7239,#7245,#7246));
#7238 = ORIENTED_EDGE('',*,*,#5035,.T.);
#7239 = ORIENTED_EDGE('',*,*,#7240,.T.);
#7240 = EDGE_CURVE('',#5036,#6007,#7241,.T.);
#7241 = LINE('',#7242,#7243);
#7242 = CARTESIAN_POINT('',(155.6,-113.381981,-8.1E-02));
#7243 = VECTOR('',#7244,1.);
#7244 = DIRECTION('',(0.,0.,1.));
#7245 = ORIENTED_EDGE('',*,*,#6006,.F.);
#7246 = ORIENTED_EDGE('',*,*,#7240,.F.);
#7247 = CYLINDRICAL_SURFACE('',#7248,1.75);
#7248 = AXIS2_PLACEMENT_3D('',#7249,#7250,#7251);
#7249 = CARTESIAN_POINT('',(155.6,-111.631981,-8.1E-02));
#7250 = DIRECTION('',(-0.,-0.,-1.));
#7251 = DIRECTION('',(-0.,-1.,0.));
#7252 = ADVANCED_FACE('',(#7253),#7264,.F.);
#7253 = FACE_BOUND('',#7254,.T.);
#7254 = EDGE_LOOP('',(#7255,#7256,#7262,#7263));
#7255 = ORIENTED_EDGE('',*,*,#5046,.T.);
#7256 = ORIENTED_EDGE('',*,*,#7257,.T.);
#7257 = EDGE_CURVE('',#5047,#6018,#7258,.T.);
#7258 = LINE('',#7259,#7260);
#7259 = CARTESIAN_POINT('',(144.68,-104.452,-8.1E-02));
#7260 = VECTOR('',#7261,1.);
#7261 = DIRECTION('',(0.,0.,1.));
#7262 = ORIENTED_EDGE('',*,*,#6017,.F.);
#7263 = ORIENTED_EDGE('',*,*,#7257,.F.);
#7264 = CYLINDRICAL_SURFACE('',#7265,0.7);
#7265 = AXIS2_PLACEMENT_3D('',#7266,#7267,#7268);
#7266 = CARTESIAN_POINT('',(144.68,-103.752,-8.1E-02));
#7267 = DIRECTION('',(-0.,-0.,-1.));
#7268 = DIRECTION('',(-0.,-1.,0.));
#7269 = ADVANCED_FACE('',(#7270),#7281,.F.);
#7270 = FACE_BOUND('',#7271,.T.);
#7271 = EDGE_LOOP('',(#7272,#7273,#7279,#7280));
#7272 = ORIENTED_EDGE('',*,*,#5057,.T.);
#7273 = ORIENTED_EDGE('',*,*,#7274,.T.);
#7274 = EDGE_CURVE('',#5058,#6029,#7275,.T.);
#7275 = LINE('',#7276,#7277);
#7276 = CARTESIAN_POINT('',(92.486981,-85.6,-8.1E-02));
#7277 = VECTOR('',#7278,1.);
#7278 = DIRECTION('',(0.,0.,1.));
#7279 = ORIENTED_EDGE('',*,*,#6028,.F.);
#7280 = ORIENTED_EDGE('',*,*,#7274,.F.);
#7281 = CYLINDRICAL_SURFACE('',#7282,0.85);
#7282 = AXIS2_PLACEMENT_3D('',#7283,#7284,#7285);
#7283 = CARTESIAN_POINT('',(92.486981,-84.75,-8.1E-02));
#7284 = DIRECTION('',(-0.,-0.,-1.));
#7285 = DIRECTION('',(-0.,-1.,0.));
#7286 = ADVANCED_FACE('',(#7287),#7298,.F.);
#7287 = FACE_BOUND('',#7288,.T.);
#7288 = EDGE_LOOP('',(#7289,#7290,#7296,#7297));
#7289 = ORIENTED_EDGE('',*,*,#5068,.T.);
#7290 = ORIENTED_EDGE('',*,*,#7291,.T.);
#7291 = EDGE_CURVE('',#5069,#6040,#7292,.T.);
#7292 = LINE('',#7293,#7294);
#7293 = CARTESIAN_POINT('',(96.446981,-85.6,-8.1E-02));
#7294 = VECTOR('',#7295,1.);
#7295 = DIRECTION('',(0.,0.,1.));
#7296 = ORIENTED_EDGE('',*,*,#6039,.F.);
#7297 = ORIENTED_EDGE('',*,*,#7291,.F.);
#7298 = CYLINDRICAL_SURFACE('',#7299,0.85);
#7299 = AXIS2_PLACEMENT_3D('',#7300,#7301,#7302);
#7300 = CARTESIAN_POINT('',(96.446981,-84.75,-8.1E-02));
#7301 = DIRECTION('',(-0.,-0.,-1.));
#7302 = DIRECTION('',(-0.,-1.,0.));
#7303 = ADVANCED_FACE('',(#7304),#7315,.F.);
#7304 = FACE_BOUND('',#7305,.T.);
#7305 = EDGE_LOOP('',(#7306,#7307,#7313,#7314));
#7306 = ORIENTED_EDGE('',*,*,#5079,.T.);
#7307 = ORIENTED_EDGE('',*,*,#7308,.T.);
#7308 = EDGE_CURVE('',#5080,#6051,#7309,.T.);
#7309 = LINE('',#7310,#7311);
#7310 = CARTESIAN_POINT('',(102.115731,-85.6,-8.1E-02));
#7311 = VECTOR('',#7312,1.);
#7312 = DIRECTION('',(0.,0.,1.));
#7313 = ORIENTED_EDGE('',*,*,#6050,.F.);
#7314 = ORIENTED_EDGE('',*,*,#7308,.F.);
#7315 = CYLINDRICAL_SURFACE('',#7316,0.85);
#7316 = AXIS2_PLACEMENT_3D('',#7317,#7318,#7319);
#7317 = CARTESIAN_POINT('',(102.115731,-84.75,-8.1E-02));
#7318 = DIRECTION('',(-0.,-0.,-1.));
#7319 = DIRECTION('',(-1.671865260612E-14,-1.,0.));
#7320 = ADVANCED_FACE('',(#7321),#7332,.F.);
#7321 = FACE_BOUND('',#7322,.T.);
#7322 = EDGE_LOOP('',(#7323,#7324,#7330,#7331));
#7323 = ORIENTED_EDGE('',*,*,#5090,.T.);
#7324 = ORIENTED_EDGE('',*,*,#7325,.T.);
#7325 = EDGE_CURVE('',#5091,#6062,#7326,.T.);
#7326 = LINE('',#7327,#7328);
#7327 = CARTESIAN_POINT('',(106.075731,-85.6,-8.1E-02));
#7328 = VECTOR('',#7329,1.);
#7329 = DIRECTION('',(0.,0.,1.));
#7330 = ORIENTED_EDGE('',*,*,#6061,.F.);
#7331 = ORIENTED_EDGE('',*,*,#7325,.F.);
#7332 = CYLINDRICAL_SURFACE('',#7333,0.85);
#7333 = AXIS2_PLACEMENT_3D('',#7334,#7335,#7336);
#7334 = CARTESIAN_POINT('',(106.075731,-84.75,-8.1E-02));
#7335 = DIRECTION('',(-0.,0.,-1.));
#7336 = DIRECTION('',(1.671865260612E-14,-1.,-0.));
#7337 = ADVANCED_FACE('',(#7338),#7349,.F.);
#7338 = FACE_BOUND('',#7339,.T.);
#7339 = EDGE_LOOP('',(#7340,#7341,#7347,#7348));
#7340 = ORIENTED_EDGE('',*,*,#5101,.T.);
#7341 = ORIENTED_EDGE('',*,*,#7342,.T.);
#7342 = EDGE_CURVE('',#5102,#6073,#7343,.T.);
#7343 = LINE('',#7344,#7345);
#7344 = CARTESIAN_POINT('',(82.7,-78.360156,-8.1E-02));
#7345 = VECTOR('',#7346,1.);
#7346 = DIRECTION('',(0.,0.,1.));
#7347 = ORIENTED_EDGE('',*,*,#6072,.F.);
#7348 = ORIENTED_EDGE('',*,*,#7342,.F.);
#7349 = CYLINDRICAL_SURFACE('',#7350,1.75);
#7350 = AXIS2_PLACEMENT_3D('',#7351,#7352,#7353);
#7351 = CARTESIAN_POINT('',(82.7,-76.610156,-8.1E-02));
#7352 = DIRECTION('',(-0.,-0.,-1.));
#7353 = DIRECTION('',(-0.,-1.,0.));
#7354 = ADVANCED_FACE('',(#7355),#7366,.F.);
#7355 = FACE_BOUND('',#7356,.T.);
#7356 = EDGE_LOOP('',(#7357,#7358,#7364,#7365));
#7357 = ORIENTED_EDGE('',*,*,#5112,.T.);
#7358 = ORIENTED_EDGE('',*,*,#7359,.T.);
#7359 = EDGE_CURVE('',#5113,#6084,#7360,.T.);
#7360 = LINE('',#7361,#7362);
#7361 = CARTESIAN_POINT('',(93.216981,-75.,-8.1E-02));
#7362 = VECTOR('',#7363,1.);
#7363 = DIRECTION('',(0.,0.,1.));
#7364 = ORIENTED_EDGE('',*,*,#6083,.F.);
#7365 = ORIENTED_EDGE('',*,*,#7359,.F.);
#7366 = CYLINDRICAL_SURFACE('',#7367,0.7);
#7367 = AXIS2_PLACEMENT_3D('',#7368,#7369,#7370);
#7368 = CARTESIAN_POINT('',(93.216981,-74.3,-8.1E-02));
#7369 = DIRECTION('',(-0.,-0.,-1.));
#7370 = DIRECTION('',(-0.,-1.,0.));
#7371 = ADVANCED_FACE('',(#7372),#7383,.F.);
#7372 = FACE_BOUND('',#7373,.T.);
#7373 = EDGE_LOOP('',(#7374,#7375,#7381,#7382));
#7374 = ORIENTED_EDGE('',*,*,#5123,.T.);
#7375 = ORIENTED_EDGE('',*,*,#7376,.T.);
#7376 = EDGE_CURVE('',#5124,#6095,#7377,.T.);
#7377 = LINE('',#7378,#7379);
#7378 = CARTESIAN_POINT('',(95.716981,-75.,-8.1E-02));
#7379 = VECTOR('',#7380,1.);
#7380 = DIRECTION('',(0.,0.,1.));
#7381 = ORIENTED_EDGE('',*,*,#6094,.F.);
#7382 = ORIENTED_EDGE('',*,*,#7376,.F.);
#7383 = CYLINDRICAL_SURFACE('',#7384,0.7);
#7384 = AXIS2_PLACEMENT_3D('',#7385,#7386,#7387);
#7385 = CARTESIAN_POINT('',(95.716981,-74.3,-8.1E-02));
#7386 = DIRECTION('',(-0.,-0.,-1.));
#7387 = DIRECTION('',(-0.,-1.,0.));
#7388 = ADVANCED_FACE('',(#7389),#7400,.F.);
#7389 = FACE_BOUND('',#7390,.T.);
#7390 = EDGE_LOOP('',(#7391,#7392,#7398,#7399));
#7391 = ORIENTED_EDGE('',*,*,#5134,.T.);
#7392 = ORIENTED_EDGE('',*,*,#7393,.T.);
#7393 = EDGE_CURVE('',#5135,#6106,#7394,.T.);
#7394 = LINE('',#7395,#7396);
#7395 = CARTESIAN_POINT('',(102.845731,-75.,-8.1E-02));
#7396 = VECTOR('',#7397,1.);
#7397 = DIRECTION('',(0.,0.,1.));
#7398 = ORIENTED_EDGE('',*,*,#6105,.F.);
#7399 = ORIENTED_EDGE('',*,*,#7393,.F.);
#7400 = CYLINDRICAL_SURFACE('',#7401,0.7);
#7401 = AXIS2_PLACEMENT_3D('',#7402,#7403,#7404);
#7402 = CARTESIAN_POINT('',(102.845731,-74.3,-8.1E-02));
#7403 = DIRECTION('',(-0.,-0.,-1.));
#7404 = DIRECTION('',(-0.,-1.,0.));
#7405 = ADVANCED_FACE('',(#7406),#7417,.F.);
#7406 = FACE_BOUND('',#7407,.T.);
#7407 = EDGE_LOOP('',(#7408,#7409,#7415,#7416));
#7408 = ORIENTED_EDGE('',*,*,#5145,.T.);
#7409 = ORIENTED_EDGE('',*,*,#7410,.T.);
#7410 = EDGE_CURVE('',#5146,#6117,#7411,.T.);
#7411 = LINE('',#7412,#7413);
#7412 = CARTESIAN_POINT('',(105.345731,-75.,-8.1E-02));
#7413 = VECTOR('',#7414,1.);
#7414 = DIRECTION('',(0.,0.,1.));
#7415 = ORIENTED_EDGE('',*,*,#6116,.F.);
#7416 = ORIENTED_EDGE('',*,*,#7410,.F.);
#7417 = CYLINDRICAL_SURFACE('',#7418,0.7);
#7418 = AXIS2_PLACEMENT_3D('',#7419,#7420,#7421);
#7419 = CARTESIAN_POINT('',(105.345731,-74.3,-8.1E-02));
#7420 = DIRECTION('',(-0.,-0.,-1.));
#7421 = DIRECTION('',(-0.,-1.,0.));
#7422 = ADVANCED_FACE('',(#7423),#7434,.F.);
#7423 = FACE_BOUND('',#7424,.T.);
#7424 = EDGE_LOOP('',(#7425,#7426,#7432,#7433));
#7425 = ORIENTED_EDGE('',*,*,#5156,.T.);
#7426 = ORIENTED_EDGE('',*,*,#7427,.T.);
#7427 = EDGE_CURVE('',#5157,#6128,#7428,.T.);
#7428 = LINE('',#7429,#7430);
#7429 = CARTESIAN_POINT('',(111.276012,-85.6,-8.1E-02));
#7430 = VECTOR('',#7431,1.);
#7431 = DIRECTION('',(0.,0.,1.));
#7432 = ORIENTED_EDGE('',*,*,#6127,.F.);
#7433 = ORIENTED_EDGE('',*,*,#7427,.F.);
#7434 = CYLINDRICAL_SURFACE('',#7435,0.85);
#7435 = AXIS2_PLACEMENT_3D('',#7436,#7437,#7438);
#7436 = CARTESIAN_POINT('',(111.276012,-84.75,-8.1E-02));
#7437 = DIRECTION('',(-0.,-0.,-1.));
#7438 = DIRECTION('',(-1.671865260612E-14,-1.,0.));
#7439 = ADVANCED_FACE('',(#7440),#7451,.F.);
#7440 = FACE_BOUND('',#7441,.T.);
#7441 = EDGE_LOOP('',(#7442,#7443,#7449,#7450));
#7442 = ORIENTED_EDGE('',*,*,#5167,.T.);
#7443 = ORIENTED_EDGE('',*,*,#7444,.T.);
#7444 = EDGE_CURVE('',#5168,#6139,#7445,.T.);
#7445 = LINE('',#7446,#7447);
#7446 = CARTESIAN_POINT('',(115.236012,-85.6,-8.1E-02));
#7447 = VECTOR('',#7448,1.);
#7448 = DIRECTION('',(0.,0.,1.));
#7449 = ORIENTED_EDGE('',*,*,#6138,.F.);
#7450 = ORIENTED_EDGE('',*,*,#7444,.F.);
#7451 = CYLINDRICAL_SURFACE('',#7452,0.85);
#7452 = AXIS2_PLACEMENT_3D('',#7453,#7454,#7455);
#7453 = CARTESIAN_POINT('',(115.236012,-84.75,-8.1E-02));
#7454 = DIRECTION('',(-0.,0.,-1.));
#7455 = DIRECTION('',(1.671865260612E-14,-1.,-0.));
#7456 = ADVANCED_FACE('',(#7457),#7468,.F.);
#7457 = FACE_BOUND('',#7458,.T.);
#7458 = EDGE_LOOP('',(#7459,#7460,#7466,#7467));
#7459 = ORIENTED_EDGE('',*,*,#5178,.T.);
#7460 = ORIENTED_EDGE('',*,*,#7461,.T.);
#7461 = EDGE_CURVE('',#5179,#6150,#7462,.T.);
#7462 = LINE('',#7463,#7464);
#7463 = CARTESIAN_POINT('',(112.006012,-75.,-8.1E-02));
#7464 = VECTOR('',#7465,1.);
#7465 = DIRECTION('',(0.,0.,1.));
#7466 = ORIENTED_EDGE('',*,*,#6149,.F.);
#7467 = ORIENTED_EDGE('',*,*,#7461,.F.);
#7468 = CYLINDRICAL_SURFACE('',#7469,0.7);
#7469 = AXIS2_PLACEMENT_3D('',#7470,#7471,#7472);
#7470 = CARTESIAN_POINT('',(112.006012,-74.3,-8.1E-02));
#7471 = DIRECTION('',(-0.,-0.,-1.));
#7472 = DIRECTION('',(-0.,-1.,0.));
#7473 = ADVANCED_FACE('',(#7474),#7485,.F.);
#7474 = FACE_BOUND('',#7475,.T.);
#7475 = EDGE_LOOP('',(#7476,#7477,#7483,#7484));
#7476 = ORIENTED_EDGE('',*,*,#5189,.T.);
#7477 = ORIENTED_EDGE('',*,*,#7478,.T.);
#7478 = EDGE_CURVE('',#5190,#6161,#7479,.T.);
#7479 = LINE('',#7480,#7481);
#7480 = CARTESIAN_POINT('',(114.506012,-75.,-8.1E-02));
#7481 = VECTOR('',#7482,1.);
#7482 = DIRECTION('',(0.,0.,1.));
#7483 = ORIENTED_EDGE('',*,*,#6160,.F.);
#7484 = ORIENTED_EDGE('',*,*,#7478,.F.);
#7485 = CYLINDRICAL_SURFACE('',#7486,0.7);
#7486 = AXIS2_PLACEMENT_3D('',#7487,#7488,#7489);
#7487 = CARTESIAN_POINT('',(114.506012,-74.3,-8.1E-02));
#7488 = DIRECTION('',(-0.,-0.,-1.));
#7489 = DIRECTION('',(-0.,-1.,0.));
#7490 = ADVANCED_FACE('',(#7491),#7502,.F.);
#7491 = FACE_BOUND('',#7492,.T.);
#7492 = EDGE_LOOP('',(#7493,#7494,#7500,#7501));
#7493 = ORIENTED_EDGE('',*,*,#5200,.T.);
#7494 = ORIENTED_EDGE('',*,*,#7495,.T.);
#7495 = EDGE_CURVE('',#5201,#6172,#7496,.T.);
#7496 = LINE('',#7497,#7498);
#7497 = CARTESIAN_POINT('',(93.216981,-71.5,-8.1E-02));
#7498 = VECTOR('',#7499,1.);
#7499 = DIRECTION('',(0.,0.,1.));
#7500 = ORIENTED_EDGE('',*,*,#6171,.F.);
#7501 = ORIENTED_EDGE('',*,*,#7495,.F.);
#7502 = CYLINDRICAL_SURFACE('',#7503,0.7);
#7503 = AXIS2_PLACEMENT_3D('',#7504,#7505,#7506);
#7504 = CARTESIAN_POINT('',(93.216981,-70.8,-8.1E-02));
#7505 = DIRECTION('',(-0.,-0.,-1.));
#7506 = DIRECTION('',(-0.,-1.,0.));
#7507 = ADVANCED_FACE('',(#7508),#7519,.F.);
#7508 = FACE_BOUND('',#7509,.T.);
#7509 = EDGE_LOOP('',(#7510,#7511,#7517,#7518));
#7510 = ORIENTED_EDGE('',*,*,#5211,.T.);
#7511 = ORIENTED_EDGE('',*,*,#7512,.T.);
#7512 = EDGE_CURVE('',#5212,#6183,#7513,.T.);
#7513 = LINE('',#7514,#7515);
#7514 = CARTESIAN_POINT('',(94.466981,-69.1,-8.1E-02));
#7515 = VECTOR('',#7516,1.);
#7516 = DIRECTION('',(0.,0.,1.));
#7517 = ORIENTED_EDGE('',*,*,#6182,.F.);
#7518 = ORIENTED_EDGE('',*,*,#7512,.F.);
#7519 = CYLINDRICAL_SURFACE('',#7520,1.2);
#7520 = AXIS2_PLACEMENT_3D('',#7521,#7522,#7523);
#7521 = CARTESIAN_POINT('',(94.466981,-67.9,-8.1E-02));
#7522 = DIRECTION('',(-0.,-0.,-1.));
#7523 = DIRECTION('',(-0.,-1.,0.));
#7524 = ADVANCED_FACE('',(#7525),#7536,.F.);
#7525 = FACE_BOUND('',#7526,.T.);
#7526 = EDGE_LOOP('',(#7527,#7528,#7534,#7535));
#7527 = ORIENTED_EDGE('',*,*,#5222,.T.);
#7528 = ORIENTED_EDGE('',*,*,#7529,.T.);
#7529 = EDGE_CURVE('',#5223,#6194,#7530,.T.);
#7530 = LINE('',#7531,#7532);
#7531 = CARTESIAN_POINT('',(93.216981,-65.7,-8.1E-02));
#7532 = VECTOR('',#7533,1.);
#7533 = DIRECTION('',(0.,0.,1.));
#7534 = ORIENTED_EDGE('',*,*,#6193,.F.);
#7535 = ORIENTED_EDGE('',*,*,#7529,.F.);
#7536 = CYLINDRICAL_SURFACE('',#7537,0.7);
#7537 = AXIS2_PLACEMENT_3D('',#7538,#7539,#7540);
#7538 = CARTESIAN_POINT('',(93.216981,-65.,-8.1E-02));
#7539 = DIRECTION('',(-0.,-0.,-1.));
#7540 = DIRECTION('',(-0.,-1.,0.));
#7541 = ADVANCED_FACE('',(#7542),#7553,.F.);
#7542 = FACE_BOUND('',#7543,.T.);
#7543 = EDGE_LOOP('',(#7544,#7545,#7551,#7552));
#7544 = ORIENTED_EDGE('',*,*,#5233,.T.);
#7545 = ORIENTED_EDGE('',*,*,#7546,.T.);
#7546 = EDGE_CURVE('',#5234,#6205,#7547,.T.);
#7547 = LINE('',#7548,#7549);
#7548 = CARTESIAN_POINT('',(95.716981,-71.5,-8.1E-02));
#7549 = VECTOR('',#7550,1.);
#7550 = DIRECTION('',(0.,0.,1.));
#7551 = ORIENTED_EDGE('',*,*,#6204,.F.);
#7552 = ORIENTED_EDGE('',*,*,#7546,.F.);
#7553 = CYLINDRICAL_SURFACE('',#7554,0.7);
#7554 = AXIS2_PLACEMENT_3D('',#7555,#7556,#7557);
#7555 = CARTESIAN_POINT('',(95.716981,-70.8,-8.1E-02));
#7556 = DIRECTION('',(-0.,-0.,-1.));
#7557 = DIRECTION('',(-0.,-1.,0.));
#7558 = ADVANCED_FACE('',(#7559),#7570,.F.);
#7559 = FACE_BOUND('',#7560,.T.);
#7560 = EDGE_LOOP('',(#7561,#7562,#7568,#7569));
#7561 = ORIENTED_EDGE('',*,*,#5244,.T.);
#7562 = ORIENTED_EDGE('',*,*,#7563,.T.);
#7563 = EDGE_CURVE('',#5245,#6216,#7564,.T.);
#7564 = LINE('',#7565,#7566);
#7565 = CARTESIAN_POINT('',(102.845731,-71.5,-8.1E-02));
#7566 = VECTOR('',#7567,1.);
#7567 = DIRECTION('',(0.,0.,1.));
#7568 = ORIENTED_EDGE('',*,*,#6215,.F.);
#7569 = ORIENTED_EDGE('',*,*,#7563,.F.);
#7570 = CYLINDRICAL_SURFACE('',#7571,0.7);
#7571 = AXIS2_PLACEMENT_3D('',#7572,#7573,#7574);
#7572 = CARTESIAN_POINT('',(102.845731,-70.8,-8.1E-02));
#7573 = DIRECTION('',(-0.,-0.,-1.));
#7574 = DIRECTION('',(-0.,-1.,0.));
#7575 = ADVANCED_FACE('',(#7576),#7587,.F.);
#7576 = FACE_BOUND('',#7577,.T.);
#7577 = EDGE_LOOP('',(#7578,#7579,#7585,#7586));
#7578 = ORIENTED_EDGE('',*,*,#5255,.T.);
#7579 = ORIENTED_EDGE('',*,*,#7580,.T.);
#7580 = EDGE_CURVE('',#5256,#6227,#7581,.T.);
#7581 = LINE('',#7582,#7583);
#7582 = CARTESIAN_POINT('',(105.345731,-71.5,-8.1E-02));
#7583 = VECTOR('',#7584,1.);
#7584 = DIRECTION('',(0.,0.,1.));
#7585 = ORIENTED_EDGE('',*,*,#6226,.F.);
#7586 = ORIENTED_EDGE('',*,*,#7580,.F.);
#7587 = CYLINDRICAL_SURFACE('',#7588,0.7);
#7588 = AXIS2_PLACEMENT_3D('',#7589,#7590,#7591);
#7589 = CARTESIAN_POINT('',(105.345731,-70.8,-8.1E-02));
#7590 = DIRECTION('',(-0.,-0.,-1.));
#7591 = DIRECTION('',(-0.,-1.,0.));
#7592 = ADVANCED_FACE('',(#7593),#7604,.F.);
#7593 = FACE_BOUND('',#7594,.T.);
#7594 = EDGE_LOOP('',(#7595,#7596,#7602,#7603));
#7595 = ORIENTED_EDGE('',*,*,#5266,.T.);
#7596 = ORIENTED_EDGE('',*,*,#7597,.T.);
#7597 = EDGE_CURVE('',#5267,#6238,#7598,.T.);
#7598 = LINE('',#7599,#7600);
#7599 = CARTESIAN_POINT('',(104.095731,-69.1,-8.1E-02));
#7600 = VECTOR('',#7601,1.);
#7601 = DIRECTION('',(0.,0.,1.));
#7602 = ORIENTED_EDGE('',*,*,#6237,.F.);
#7603 = ORIENTED_EDGE('',*,*,#7597,.F.);
#7604 = CYLINDRICAL_SURFACE('',#7605,1.2);
#7605 = AXIS2_PLACEMENT_3D('',#7606,#7607,#7608);
#7606 = CARTESIAN_POINT('',(104.095731,-67.9,-8.1E-02));
#7607 = DIRECTION('',(-0.,-0.,-1.));
#7608 = DIRECTION('',(-0.,-1.,0.));
#7609 = ADVANCED_FACE('',(#7610),#7621,.F.);
#7610 = FACE_BOUND('',#7611,.T.);
#7611 = EDGE_LOOP('',(#7612,#7613,#7619,#7620));
#7612 = ORIENTED_EDGE('',*,*,#5277,.T.);
#7613 = ORIENTED_EDGE('',*,*,#7614,.T.);
#7614 = EDGE_CURVE('',#5278,#6249,#7615,.T.);
#7615 = LINE('',#7616,#7617);
#7616 = CARTESIAN_POINT('',(95.716981,-65.7,-8.1E-02));
#7617 = VECTOR('',#7618,1.);
#7618 = DIRECTION('',(0.,0.,1.));
#7619 = ORIENTED_EDGE('',*,*,#6248,.F.);
#7620 = ORIENTED_EDGE('',*,*,#7614,.F.);
#7621 = CYLINDRICAL_SURFACE('',#7622,0.7);
#7622 = AXIS2_PLACEMENT_3D('',#7623,#7624,#7625);
#7623 = CARTESIAN_POINT('',(95.716981,-65.,-8.1E-02));
#7624 = DIRECTION('',(-0.,-0.,-1.));
#7625 = DIRECTION('',(-0.,-1.,0.));
#7626 = ADVANCED_FACE('',(#7627),#7638,.F.);
#7627 = FACE_BOUND('',#7628,.T.);
#7628 = EDGE_LOOP('',(#7629,#7630,#7636,#7637));
#7629 = ORIENTED_EDGE('',*,*,#5288,.T.);
#7630 = ORIENTED_EDGE('',*,*,#7631,.T.);
#7631 = EDGE_CURVE('',#5289,#6260,#7632,.T.);
#7632 = LINE('',#7633,#7634);
#7633 = CARTESIAN_POINT('',(102.845731,-65.7,-8.1E-02));
#7634 = VECTOR('',#7635,1.);
#7635 = DIRECTION('',(0.,0.,1.));
#7636 = ORIENTED_EDGE('',*,*,#6259,.F.);
#7637 = ORIENTED_EDGE('',*,*,#7631,.F.);
#7638 = CYLINDRICAL_SURFACE('',#7639,0.7);
#7639 = AXIS2_PLACEMENT_3D('',#7640,#7641,#7642);
#7640 = CARTESIAN_POINT('',(102.845731,-65.,-8.1E-02));
#7641 = DIRECTION('',(-0.,-0.,-1.));
#7642 = DIRECTION('',(-0.,-1.,0.));
#7643 = ADVANCED_FACE('',(#7644),#7655,.F.);
#7644 = FACE_BOUND('',#7645,.T.);
#7645 = EDGE_LOOP('',(#7646,#7647,#7653,#7654));
#7646 = ORIENTED_EDGE('',*,*,#5299,.T.);
#7647 = ORIENTED_EDGE('',*,*,#7648,.T.);
#7648 = EDGE_CURVE('',#5300,#6271,#7649,.T.);
#7649 = LINE('',#7650,#7651);
#7650 = CARTESIAN_POINT('',(105.345731,-65.7,-8.1E-02));
#7651 = VECTOR('',#7652,1.);
#7652 = DIRECTION('',(0.,0.,1.));
#7653 = ORIENTED_EDGE('',*,*,#6270,.F.);
#7654 = ORIENTED_EDGE('',*,*,#7648,.F.);
#7655 = CYLINDRICAL_SURFACE('',#7656,0.7);
#7656 = AXIS2_PLACEMENT_3D('',#7657,#7658,#7659);
#7657 = CARTESIAN_POINT('',(105.345731,-65.,-8.1E-02));
#7658 = DIRECTION('',(-0.,-0.,-1.));
#7659 = DIRECTION('',(-0.,-1.,0.));
#7660 = ADVANCED_FACE('',(#7661),#7672,.F.);
#7661 = FACE_BOUND('',#7662,.T.);
#7662 = EDGE_LOOP('',(#7663,#7664,#7670,#7671));
#7663 = ORIENTED_EDGE('',*,*,#5310,.T.);
#7664 = ORIENTED_EDGE('',*,*,#7665,.T.);
#7665 = EDGE_CURVE('',#5311,#6282,#7666,.T.);
#7666 = LINE('',#7667,#7668);
#7667 = CARTESIAN_POINT('',(93.216981,-62.2,-8.1E-02));
#7668 = VECTOR('',#7669,1.);
#7669 = DIRECTION('',(0.,0.,1.));
#7670 = ORIENTED_EDGE('',*,*,#6281,.F.);
#7671 = ORIENTED_EDGE('',*,*,#7665,.F.);
#7672 = CYLINDRICAL_SURFACE('',#7673,0.7);
#7673 = AXIS2_PLACEMENT_3D('',#7674,#7675,#7676);
#7674 = CARTESIAN_POINT('',(93.216981,-61.5,-8.1E-02));
#7675 = DIRECTION('',(-0.,-0.,-1.));
#7676 = DIRECTION('',(-0.,-1.,0.));
#7677 = ADVANCED_FACE('',(#7678),#7689,.F.);
#7678 = FACE_BOUND('',#7679,.T.);
#7679 = EDGE_LOOP('',(#7680,#7681,#7687,#7688));
#7680 = ORIENTED_EDGE('',*,*,#5321,.T.);
#7681 = ORIENTED_EDGE('',*,*,#7682,.T.);
#7682 = EDGE_CURVE('',#5322,#6293,#7683,.T.);
#7683 = LINE('',#7684,#7685);
#7684 = CARTESIAN_POINT('',(95.716981,-62.2,-8.1E-02));
#7685 = VECTOR('',#7686,1.);
#7686 = DIRECTION('',(0.,0.,1.));
#7687 = ORIENTED_EDGE('',*,*,#6292,.F.);
#7688 = ORIENTED_EDGE('',*,*,#7682,.F.);
#7689 = CYLINDRICAL_SURFACE('',#7690,0.7);
#7690 = AXIS2_PLACEMENT_3D('',#7691,#7692,#7693);
#7691 = CARTESIAN_POINT('',(95.716981,-61.5,-8.1E-02));
#7692 = DIRECTION('',(-0.,-0.,-1.));
#7693 = DIRECTION('',(-0.,-1.,0.));
#7694 = ADVANCED_FACE('',(#7695),#7706,.F.);
#7695 = FACE_BOUND('',#7696,.T.);
#7696 = EDGE_LOOP('',(#7697,#7698,#7704,#7705));
#7697 = ORIENTED_EDGE('',*,*,#5332,.T.);
#7698 = ORIENTED_EDGE('',*,*,#7699,.T.);
#7699 = EDGE_CURVE('',#5333,#6304,#7700,.T.);
#7700 = LINE('',#7701,#7702);
#7701 = CARTESIAN_POINT('',(102.845731,-62.2,-8.1E-02));
#7702 = VECTOR('',#7703,1.);
#7703 = DIRECTION('',(0.,0.,1.));
#7704 = ORIENTED_EDGE('',*,*,#6303,.F.);
#7705 = ORIENTED_EDGE('',*,*,#7699,.F.);
#7706 = CYLINDRICAL_SURFACE('',#7707,0.7);
#7707 = AXIS2_PLACEMENT_3D('',#7708,#7709,#7710);
#7708 = CARTESIAN_POINT('',(102.845731,-61.5,-8.1E-02));
#7709 = DIRECTION('',(-0.,-0.,-1.));
#7710 = DIRECTION('',(-0.,-1.,0.));
#7711 = ADVANCED_FACE('',(#7712),#7723,.F.);
#7712 = FACE_BOUND('',#7713,.T.);
#7713 = EDGE_LOOP('',(#7714,#7715,#7721,#7722));
#7714 = ORIENTED_EDGE('',*,*,#5343,.T.);
#7715 = ORIENTED_EDGE('',*,*,#7716,.T.);
#7716 = EDGE_CURVE('',#5344,#6315,#7717,.T.);
#7717 = LINE('',#7718,#7719);
#7718 = CARTESIAN_POINT('',(105.345731,-62.2,-8.1E-02));
#7719 = VECTOR('',#7720,1.);
#7720 = DIRECTION('',(0.,0.,1.));
#7721 = ORIENTED_EDGE('',*,*,#6314,.F.);
#7722 = ORIENTED_EDGE('',*,*,#7716,.F.);
#7723 = CYLINDRICAL_SURFACE('',#7724,0.7);
#7724 = AXIS2_PLACEMENT_3D('',#7725,#7726,#7727);
#7725 = CARTESIAN_POINT('',(105.345731,-61.5,-8.1E-02));
#7726 = DIRECTION('',(-0.,-0.,-1.));
#7727 = DIRECTION('',(-0.,-1.,0.));
#7728 = ADVANCED_FACE('',(#7729),#7740,.F.);
#7729 = FACE_BOUND('',#7730,.T.);
#7730 = EDGE_LOOP('',(#7731,#7732,#7738,#7739));
#7731 = ORIENTED_EDGE('',*,*,#5354,.T.);
#7732 = ORIENTED_EDGE('',*,*,#7733,.T.);
#7733 = EDGE_CURVE('',#5355,#6326,#7734,.T.);
#7734 = LINE('',#7735,#7736);
#7735 = CARTESIAN_POINT('',(112.006012,-71.5,-8.1E-02));
#7736 = VECTOR('',#7737,1.);
#7737 = DIRECTION('',(0.,0.,1.));
#7738 = ORIENTED_EDGE('',*,*,#6325,.F.);
#7739 = ORIENTED_EDGE('',*,*,#7733,.F.);
#7740 = CYLINDRICAL_SURFACE('',#7741,0.7);
#7741 = AXIS2_PLACEMENT_3D('',#7742,#7743,#7744);
#7742 = CARTESIAN_POINT('',(112.006012,-70.8,-8.1E-02));
#7743 = DIRECTION('',(-0.,-0.,-1.));
#7744 = DIRECTION('',(-0.,-1.,0.));
#7745 = ADVANCED_FACE('',(#7746),#7757,.F.);
#7746 = FACE_BOUND('',#7747,.T.);
#7747 = EDGE_LOOP('',(#7748,#7749,#7755,#7756));
#7748 = ORIENTED_EDGE('',*,*,#5365,.T.);
#7749 = ORIENTED_EDGE('',*,*,#7750,.T.);
#7750 = EDGE_CURVE('',#5366,#6337,#7751,.T.);
#7751 = LINE('',#7752,#7753);
#7752 = CARTESIAN_POINT('',(114.506012,-71.5,-8.1E-02));
#7753 = VECTOR('',#7754,1.);
#7754 = DIRECTION('',(0.,0.,1.));
#7755 = ORIENTED_EDGE('',*,*,#6336,.F.);
#7756 = ORIENTED_EDGE('',*,*,#7750,.F.);
#7757 = CYLINDRICAL_SURFACE('',#7758,0.7);
#7758 = AXIS2_PLACEMENT_3D('',#7759,#7760,#7761);
#7759 = CARTESIAN_POINT('',(114.506012,-70.8,-8.1E-02));
#7760 = DIRECTION('',(-0.,-0.,-1.));
#7761 = DIRECTION('',(-0.,-1.,0.));
#7762 = ADVANCED_FACE('',(#7763),#7774,.F.);
#7763 = FACE_BOUND('',#7764,.T.);
#7764 = EDGE_LOOP('',(#7765,#7766,#7772,#7773));
#7765 = ORIENTED_EDGE('',*,*,#5376,.T.);
#7766 = ORIENTED_EDGE('',*,*,#7767,.T.);
#7767 = EDGE_CURVE('',#5377,#6348,#7768,.T.);
#7768 = LINE('',#7769,#7770);
#7769 = CARTESIAN_POINT('',(113.256012,-69.1,-8.1E-02));
#7770 = VECTOR('',#7771,1.);
#7771 = DIRECTION('',(0.,0.,1.));
#7772 = ORIENTED_EDGE('',*,*,#6347,.F.);
#7773 = ORIENTED_EDGE('',*,*,#7767,.F.);
#7774 = CYLINDRICAL_SURFACE('',#7775,1.2);
#7775 = AXIS2_PLACEMENT_3D('',#7776,#7777,#7778);
#7776 = CARTESIAN_POINT('',(113.256012,-67.9,-8.1E-02));
#7777 = DIRECTION('',(-0.,-0.,-1.));
#7778 = DIRECTION('',(-0.,-1.,0.));
#7779 = ADVANCED_FACE('',(#7780),#7791,.F.);
#7780 = FACE_BOUND('',#7781,.T.);
#7781 = EDGE_LOOP('',(#7782,#7783,#7789,#7790));
#7782 = ORIENTED_EDGE('',*,*,#5387,.T.);
#7783 = ORIENTED_EDGE('',*,*,#7784,.T.);
#7784 = EDGE_CURVE('',#5388,#6359,#7785,.T.);
#7785 = LINE('',#7786,#7787);
#7786 = CARTESIAN_POINT('',(112.006012,-65.7,-8.1E-02));
#7787 = VECTOR('',#7788,1.);
#7788 = DIRECTION('',(0.,0.,1.));
#7789 = ORIENTED_EDGE('',*,*,#6358,.F.);
#7790 = ORIENTED_EDGE('',*,*,#7784,.F.);
#7791 = CYLINDRICAL_SURFACE('',#7792,0.7);
#7792 = AXIS2_PLACEMENT_3D('',#7793,#7794,#7795);
#7793 = CARTESIAN_POINT('',(112.006012,-65.,-8.1E-02));
#7794 = DIRECTION('',(-0.,-0.,-1.));
#7795 = DIRECTION('',(-0.,-1.,0.));
#7796 = ADVANCED_FACE('',(#7797),#7808,.F.);
#7797 = FACE_BOUND('',#7798,.T.);
#7798 = EDGE_LOOP('',(#7799,#7800,#7806,#7807));
#7799 = ORIENTED_EDGE('',*,*,#5398,.T.);
#7800 = ORIENTED_EDGE('',*,*,#7801,.T.);
#7801 = EDGE_CURVE('',#5399,#6370,#7802,.T.);
#7802 = LINE('',#7803,#7804);
#7803 = CARTESIAN_POINT('',(114.506012,-65.7,-8.1E-02));
#7804 = VECTOR('',#7805,1.);
#7805 = DIRECTION('',(0.,0.,1.));
#7806 = ORIENTED_EDGE('',*,*,#6369,.F.);
#7807 = ORIENTED_EDGE('',*,*,#7801,.F.);
#7808 = CYLINDRICAL_SURFACE('',#7809,0.7);
#7809 = AXIS2_PLACEMENT_3D('',#7810,#7811,#7812);
#7810 = CARTESIAN_POINT('',(114.506012,-65.,-8.1E-02));
#7811 = DIRECTION('',(-0.,-0.,-1.));
#7812 = DIRECTION('',(-0.,-1.,0.));
#7813 = ADVANCED_FACE('',(#7814),#7825,.F.);
#7814 = FACE_BOUND('',#7815,.T.);
#7815 = EDGE_LOOP('',(#7816,#7817,#7823,#7824));
#7816 = ORIENTED_EDGE('',*,*,#5409,.T.);
#7817 = ORIENTED_EDGE('',*,*,#7818,.T.);
#7818 = EDGE_CURVE('',#5410,#6381,#7819,.T.);
#7819 = LINE('',#7820,#7821);
#7820 = CARTESIAN_POINT('',(112.006012,-62.2,-8.1E-02));
#7821 = VECTOR('',#7822,1.);
#7822 = DIRECTION('',(0.,0.,1.));
#7823 = ORIENTED_EDGE('',*,*,#6380,.F.);
#7824 = ORIENTED_EDGE('',*,*,#7818,.F.);
#7825 = CYLINDRICAL_SURFACE('',#7826,0.7);
#7826 = AXIS2_PLACEMENT_3D('',#7827,#7828,#7829);
#7827 = CARTESIAN_POINT('',(112.006012,-61.5,-8.1E-02));
#7828 = DIRECTION('',(-0.,-0.,-1.));
#7829 = DIRECTION('',(-0.,-1.,0.));
#7830 = ADVANCED_FACE('',(#7831),#7842,.F.);
#7831 = FACE_BOUND('',#7832,.T.);
#7832 = EDGE_LOOP('',(#7833,#7834,#7840,#7841));
#7833 = ORIENTED_EDGE('',*,*,#5420,.T.);
#7834 = ORIENTED_EDGE('',*,*,#7835,.T.);
#7835 = EDGE_CURVE('',#5421,#6392,#7836,.T.);
#7836 = LINE('',#7837,#7838);
#7837 = CARTESIAN_POINT('',(114.506012,-62.2,-8.1E-02));
#7838 = VECTOR('',#7839,1.);
#7839 = DIRECTION('',(0.,0.,1.));
#7840 = ORIENTED_EDGE('',*,*,#6391,.F.);
#7841 = ORIENTED_EDGE('',*,*,#7835,.F.);
#7842 = CYLINDRICAL_SURFACE('',#7843,0.7);
#7843 = AXIS2_PLACEMENT_3D('',#7844,#7845,#7846);
#7844 = CARTESIAN_POINT('',(114.506012,-61.5,-8.1E-02));
#7845 = DIRECTION('',(-0.,-0.,-1.));
#7846 = DIRECTION('',(-0.,-1.,0.));
#7847 = ADVANCED_FACE('',(#7848),#7859,.F.);
#7848 = FACE_BOUND('',#7849,.T.);
#7849 = EDGE_LOOP('',(#7850,#7851,#7857,#7858));
#7850 = ORIENTED_EDGE('',*,*,#5431,.T.);
#7851 = ORIENTED_EDGE('',*,*,#7852,.T.);
#7852 = EDGE_CURVE('',#5432,#6403,#7853,.T.);
#7853 = LINE('',#7854,#7855);
#7854 = CARTESIAN_POINT('',(123.6,-60.881981,-8.1E-02));
#7855 = VECTOR('',#7856,1.);
#7856 = DIRECTION('',(0.,0.,1.));
#7857 = ORIENTED_EDGE('',*,*,#6402,.F.);
#7858 = ORIENTED_EDGE('',*,*,#7852,.F.);
#7859 = CYLINDRICAL_SURFACE('',#7860,1.75);
#7860 = AXIS2_PLACEMENT_3D('',#7861,#7862,#7863);
#7861 = CARTESIAN_POINT('',(123.6,-59.131981,-8.1E-02));
#7862 = DIRECTION('',(-0.,-0.,-1.));
#7863 = DIRECTION('',(-0.,-1.,0.));
#7864 = ADVANCED_FACE('',(#7865),#7876,.F.);
#7865 = FACE_BOUND('',#7866,.T.);
#7866 = EDGE_LOOP('',(#7867,#7868,#7874,#7875));
#7867 = ORIENTED_EDGE('',*,*,#5442,.T.);
#7868 = ORIENTED_EDGE('',*,*,#7869,.T.);
#7869 = EDGE_CURVE('',#5443,#6414,#7870,.T.);
#7870 = LINE('',#7871,#7872);
#7871 = CARTESIAN_POINT('',(169.4125,-85.6,-8.1E-02));
#7872 = VECTOR('',#7873,1.);
#7873 = DIRECTION('',(0.,0.,1.));
#7874 = ORIENTED_EDGE('',*,*,#6413,.F.);
#7875 = ORIENTED_EDGE('',*,*,#7869,.F.);
#7876 = CYLINDRICAL_SURFACE('',#7877,0.85);
#7877 = AXIS2_PLACEMENT_3D('',#7878,#7879,#7880);
#7878 = CARTESIAN_POINT('',(169.4125,-84.75,-8.1E-02));
#7879 = DIRECTION('',(-0.,-0.,-1.));
#7880 = DIRECTION('',(-0.,-1.,0.));
#7881 = ADVANCED_FACE('',(#7882),#7893,.F.);
#7882 = FACE_BOUND('',#7883,.T.);
#7883 = EDGE_LOOP('',(#7884,#7885,#7891,#7892));
#7884 = ORIENTED_EDGE('',*,*,#5453,.T.);
#7885 = ORIENTED_EDGE('',*,*,#7886,.T.);
#7886 = EDGE_CURVE('',#5454,#6425,#7887,.T.);
#7887 = LINE('',#7888,#7889);
#7888 = CARTESIAN_POINT('',(173.3725,-85.6,-8.1E-02));
#7889 = VECTOR('',#7890,1.);
#7890 = DIRECTION('',(0.,0.,1.));
#7891 = ORIENTED_EDGE('',*,*,#6424,.F.);
#7892 = ORIENTED_EDGE('',*,*,#7886,.F.);
#7893 = CYLINDRICAL_SURFACE('',#7894,0.85);
#7894 = AXIS2_PLACEMENT_3D('',#7895,#7896,#7897);
#7895 = CARTESIAN_POINT('',(173.3725,-84.75,-8.1E-02));
#7896 = DIRECTION('',(-0.,-0.,-1.));
#7897 = DIRECTION('',(-0.,-1.,0.));
#7898 = ADVANCED_FACE('',(#7899),#7910,.F.);
#7899 = FACE_BOUND('',#7900,.T.);
#7900 = EDGE_LOOP('',(#7901,#7902,#7908,#7909));
#7901 = ORIENTED_EDGE('',*,*,#5464,.T.);
#7902 = ORIENTED_EDGE('',*,*,#7903,.T.);
#7903 = EDGE_CURVE('',#5465,#6436,#7904,.T.);
#7904 = LINE('',#7905,#7906);
#7905 = CARTESIAN_POINT('',(180.82,-85.6,-8.1E-02));
#7906 = VECTOR('',#7907,1.);
#7907 = DIRECTION('',(0.,0.,1.));
#7908 = ORIENTED_EDGE('',*,*,#6435,.F.);
#7909 = ORIENTED_EDGE('',*,*,#7903,.F.);
#7910 = CYLINDRICAL_SURFACE('',#7911,0.85);
#7911 = AXIS2_PLACEMENT_3D('',#7912,#7913,#7914);
#7912 = CARTESIAN_POINT('',(180.82,-84.75,-8.1E-02));
#7913 = DIRECTION('',(-0.,-0.,-1.));
#7914 = DIRECTION('',(-0.,-1.,0.));
#7915 = ADVANCED_FACE('',(#7916),#7927,.F.);
#7916 = FACE_BOUND('',#7917,.T.);
#7917 = EDGE_LOOP('',(#7918,#7919,#7925,#7926));
#7918 = ORIENTED_EDGE('',*,*,#5475,.T.);
#7919 = ORIENTED_EDGE('',*,*,#7920,.T.);
#7920 = EDGE_CURVE('',#5476,#6447,#7921,.T.);
#7921 = LINE('',#7922,#7923);
#7922 = CARTESIAN_POINT('',(184.78,-85.6,-8.1E-02));
#7923 = VECTOR('',#7924,1.);
#7924 = DIRECTION('',(0.,0.,1.));
#7925 = ORIENTED_EDGE('',*,*,#6446,.F.);
#7926 = ORIENTED_EDGE('',*,*,#7920,.F.);
#7927 = CYLINDRICAL_SURFACE('',#7928,0.85);
#7928 = AXIS2_PLACEMENT_3D('',#7929,#7930,#7931);
#7929 = CARTESIAN_POINT('',(184.78,-84.75,-8.1E-02));
#7930 = DIRECTION('',(-0.,-0.,-1.));
#7931 = DIRECTION('',(-0.,-1.,0.));
#7932 = ADVANCED_FACE('',(#7933),#7944,.F.);
#7933 = FACE_BOUND('',#7934,.T.);
#7934 = EDGE_LOOP('',(#7935,#7936,#7942,#7943));
#7935 = ORIENTED_EDGE('',*,*,#5486,.T.);
#7936 = ORIENTED_EDGE('',*,*,#7937,.T.);
#7937 = EDGE_CURVE('',#5487,#6458,#7938,.T.);
#7938 = LINE('',#7939,#7940);
#7939 = CARTESIAN_POINT('',(170.1425,-75.,-8.1E-02));
#7940 = VECTOR('',#7941,1.);
#7941 = DIRECTION('',(0.,0.,1.));
#7942 = ORIENTED_EDGE('',*,*,#6457,.F.);
#7943 = ORIENTED_EDGE('',*,*,#7937,.F.);
#7944 = CYLINDRICAL_SURFACE('',#7945,0.7);
#7945 = AXIS2_PLACEMENT_3D('',#7946,#7947,#7948);
#7946 = CARTESIAN_POINT('',(170.1425,-74.3,-8.1E-02));
#7947 = DIRECTION('',(-0.,0.,-1.));
#7948 = DIRECTION('',(4.060244204343E-14,-1.,-0.));
#7949 = ADVANCED_FACE('',(#7950),#7961,.F.);
#7950 = FACE_BOUND('',#7951,.T.);
#7951 = EDGE_LOOP('',(#7952,#7953,#7959,#7960));
#7952 = ORIENTED_EDGE('',*,*,#5497,.T.);
#7953 = ORIENTED_EDGE('',*,*,#7954,.T.);
#7954 = EDGE_CURVE('',#5498,#6469,#7955,.T.);
#7955 = LINE('',#7956,#7957);
#7956 = CARTESIAN_POINT('',(172.6425,-75.,-8.1E-02));
#7957 = VECTOR('',#7958,1.);
#7958 = DIRECTION('',(0.,0.,1.));
#7959 = ORIENTED_EDGE('',*,*,#6468,.F.);
#7960 = ORIENTED_EDGE('',*,*,#7954,.F.);
#7961 = CYLINDRICAL_SURFACE('',#7962,0.7);
#7962 = AXIS2_PLACEMENT_3D('',#7963,#7964,#7965);
#7963 = CARTESIAN_POINT('',(172.6425,-74.3,-8.1E-02));
#7964 = DIRECTION('',(-0.,0.,-1.));
#7965 = DIRECTION('',(4.060244204343E-14,-1.,-0.));
#7966 = ADVANCED_FACE('',(#7967),#7978,.F.);
#7967 = FACE_BOUND('',#7968,.T.);
#7968 = EDGE_LOOP('',(#7969,#7970,#7976,#7977));
#7969 = ORIENTED_EDGE('',*,*,#5508,.T.);
#7970 = ORIENTED_EDGE('',*,*,#7971,.T.);
#7971 = EDGE_CURVE('',#5509,#6480,#7972,.T.);
#7972 = LINE('',#7973,#7974);
#7973 = CARTESIAN_POINT('',(181.55,-75.,-8.1E-02));
#7974 = VECTOR('',#7975,1.);
#7975 = DIRECTION('',(0.,0.,1.));
#7976 = ORIENTED_EDGE('',*,*,#6479,.F.);
#7977 = ORIENTED_EDGE('',*,*,#7971,.F.);
#7978 = CYLINDRICAL_SURFACE('',#7979,0.7);
#7979 = AXIS2_PLACEMENT_3D('',#7980,#7981,#7982);
#7980 = CARTESIAN_POINT('',(181.55,-74.3,-8.1E-02));
#7981 = DIRECTION('',(-0.,-0.,-1.));
#7982 = DIRECTION('',(-0.,-1.,0.));
#7983 = ADVANCED_FACE('',(#7984),#7995,.F.);
#7984 = FACE_BOUND('',#7985,.T.);
#7985 = EDGE_LOOP('',(#7986,#7987,#7993,#7994));
#7986 = ORIENTED_EDGE('',*,*,#5519,.T.);
#7987 = ORIENTED_EDGE('',*,*,#7988,.T.);
#7988 = EDGE_CURVE('',#5520,#6491,#7989,.T.);
#7989 = LINE('',#7990,#7991);
#7990 = CARTESIAN_POINT('',(196.5,-78.360156,-8.1E-02));
#7991 = VECTOR('',#7992,1.);
#7992 = DIRECTION('',(0.,0.,1.));
#7993 = ORIENTED_EDGE('',*,*,#6490,.F.);
#7994 = ORIENTED_EDGE('',*,*,#7988,.F.);
#7995 = CYLINDRICAL_SURFACE('',#7996,1.75);
#7996 = AXIS2_PLACEMENT_3D('',#7997,#7998,#7999);
#7997 = CARTESIAN_POINT('',(196.5,-76.610156,-8.1E-02));
#7998 = DIRECTION('',(-0.,-0.,-1.));
#7999 = DIRECTION('',(-0.,-1.,0.));
#8000 = ADVANCED_FACE('',(#8001),#8012,.F.);
#8001 = FACE_BOUND('',#8002,.T.);
#8002 = EDGE_LOOP('',(#8003,#8004,#8010,#8011));
#8003 = ORIENTED_EDGE('',*,*,#5530,.T.);
#8004 = ORIENTED_EDGE('',*,*,#8005,.T.);
#8005 = EDGE_CURVE('',#5531,#6502,#8006,.T.);
#8006 = LINE('',#8007,#8008);
#8007 = CARTESIAN_POINT('',(184.05,-75.,-8.1E-02));
#8008 = VECTOR('',#8009,1.);
#8009 = DIRECTION('',(0.,0.,1.));
#8010 = ORIENTED_EDGE('',*,*,#6501,.F.);
#8011 = ORIENTED_EDGE('',*,*,#8005,.F.);
#8012 = CYLINDRICAL_SURFACE('',#8013,0.7);
#8013 = AXIS2_PLACEMENT_3D('',#8014,#8015,#8016);
#8014 = CARTESIAN_POINT('',(184.05,-74.3,-8.1E-02));
#8015 = DIRECTION('',(-0.,-0.,-1.));
#8016 = DIRECTION('',(-0.,-1.,0.));
#8017 = ADVANCED_FACE('',(#8018),#8029,.F.);
#8018 = FACE_BOUND('',#8019,.T.);
#8019 = EDGE_LOOP('',(#8020,#8021,#8027,#8028));
#8020 = ORIENTED_EDGE('',*,*,#5541,.T.);
#8021 = ORIENTED_EDGE('',*,*,#8022,.T.);
#8022 = EDGE_CURVE('',#5542,#6513,#8023,.T.);
#8023 = LINE('',#8024,#8025);
#8024 = CARTESIAN_POINT('',(155.6,-60.881981,-8.1E-02));
#8025 = VECTOR('',#8026,1.);
#8026 = DIRECTION('',(0.,0.,1.));
#8027 = ORIENTED_EDGE('',*,*,#6512,.F.);
#8028 = ORIENTED_EDGE('',*,*,#8022,.F.);
#8029 = CYLINDRICAL_SURFACE('',#8030,1.75);
#8030 = AXIS2_PLACEMENT_3D('',#8031,#8032,#8033);
#8031 = CARTESIAN_POINT('',(155.6,-59.131981,-8.1E-02));
#8032 = DIRECTION('',(-0.,-0.,-1.));
#8033 = DIRECTION('',(-0.,-1.,0.));
#8034 = ADVANCED_FACE('',(#8035),#8046,.F.);
#8035 = FACE_BOUND('',#8036,.T.);
#8036 = EDGE_LOOP('',(#8037,#8038,#8044,#8045));
#8037 = ORIENTED_EDGE('',*,*,#5552,.T.);
#8038 = ORIENTED_EDGE('',*,*,#8039,.T.);
#8039 = EDGE_CURVE('',#5553,#6524,#8040,.T.);
#8040 = LINE('',#8041,#8042);
#8041 = CARTESIAN_POINT('',(170.1425,-71.5,-8.1E-02));
#8042 = VECTOR('',#8043,1.);
#8043 = DIRECTION('',(0.,0.,1.));
#8044 = ORIENTED_EDGE('',*,*,#6523,.F.);
#8045 = ORIENTED_EDGE('',*,*,#8039,.F.);
#8046 = CYLINDRICAL_SURFACE('',#8047,0.7);
#8047 = AXIS2_PLACEMENT_3D('',#8048,#8049,#8050);
#8048 = CARTESIAN_POINT('',(170.1425,-70.8,-8.1E-02));
#8049 = DIRECTION('',(-0.,0.,-1.));
#8050 = DIRECTION('',(4.060244204343E-14,-1.,-0.));
#8051 = ADVANCED_FACE('',(#8052),#8063,.F.);
#8052 = FACE_BOUND('',#8053,.T.);
#8053 = EDGE_LOOP('',(#8054,#8055,#8061,#8062));
#8054 = ORIENTED_EDGE('',*,*,#5563,.T.);
#8055 = ORIENTED_EDGE('',*,*,#8056,.T.);
#8056 = EDGE_CURVE('',#5564,#6535,#8057,.T.);
#8057 = LINE('',#8058,#8059);
#8058 = CARTESIAN_POINT('',(172.6425,-71.5,-8.1E-02));
#8059 = VECTOR('',#8060,1.);
#8060 = DIRECTION('',(0.,0.,1.));
#8061 = ORIENTED_EDGE('',*,*,#6534,.F.);
#8062 = ORIENTED_EDGE('',*,*,#8056,.F.);
#8063 = CYLINDRICAL_SURFACE('',#8064,0.7);
#8064 = AXIS2_PLACEMENT_3D('',#8065,#8066,#8067);
#8065 = CARTESIAN_POINT('',(172.6425,-70.8,-8.1E-02));
#8066 = DIRECTION('',(-0.,0.,-1.));
#8067 = DIRECTION('',(4.060244204343E-14,-1.,-0.));
#8068 = ADVANCED_FACE('',(#8069),#8080,.F.);
#8069 = FACE_BOUND('',#8070,.T.);
#8070 = EDGE_LOOP('',(#8071,#8072,#8078,#8079));
#8071 = ORIENTED_EDGE('',*,*,#5574,.T.);
#8072 = ORIENTED_EDGE('',*,*,#8073,.T.);
#8073 = EDGE_CURVE('',#5575,#6546,#8074,.T.);
#8074 = LINE('',#8075,#8076);
#8075 = CARTESIAN_POINT('',(171.3925,-69.1,-8.1E-02));
#8076 = VECTOR('',#8077,1.);
#8077 = DIRECTION('',(0.,0.,1.));
#8078 = ORIENTED_EDGE('',*,*,#6545,.F.);
#8079 = ORIENTED_EDGE('',*,*,#8073,.F.);
#8080 = CYLINDRICAL_SURFACE('',#8081,1.2);
#8081 = AXIS2_PLACEMENT_3D('',#8082,#8083,#8084);
#8082 = CARTESIAN_POINT('',(171.3925,-67.9,-8.1E-02));
#8083 = DIRECTION('',(-0.,0.,-1.));
#8084 = DIRECTION('',(2.368475785867E-14,-1.,-0.));
#8085 = ADVANCED_FACE('',(#8086),#8097,.F.);
#8086 = FACE_BOUND('',#8087,.T.);
#8087 = EDGE_LOOP('',(#8088,#8089,#8095,#8096));
#8088 = ORIENTED_EDGE('',*,*,#5585,.T.);
#8089 = ORIENTED_EDGE('',*,*,#8090,.T.);
#8090 = EDGE_CURVE('',#5586,#6557,#8091,.T.);
#8091 = LINE('',#8092,#8093);
#8092 = CARTESIAN_POINT('',(181.55,-71.5,-8.1E-02));
#8093 = VECTOR('',#8094,1.);
#8094 = DIRECTION('',(0.,0.,1.));
#8095 = ORIENTED_EDGE('',*,*,#6556,.F.);
#8096 = ORIENTED_EDGE('',*,*,#8090,.F.);
#8097 = CYLINDRICAL_SURFACE('',#8098,0.7);
#8098 = AXIS2_PLACEMENT_3D('',#8099,#8100,#8101);
#8099 = CARTESIAN_POINT('',(181.55,-70.8,-8.1E-02));
#8100 = DIRECTION('',(-0.,-0.,-1.));
#8101 = DIRECTION('',(-0.,-1.,0.));
#8102 = ADVANCED_FACE('',(#8103),#8114,.F.);
#8103 = FACE_BOUND('',#8104,.T.);
#8104 = EDGE_LOOP('',(#8105,#8106,#8112,#8113));
#8105 = ORIENTED_EDGE('',*,*,#5596,.T.);
#8106 = ORIENTED_EDGE('',*,*,#8107,.T.);
#8107 = EDGE_CURVE('',#5597,#6568,#8108,.T.);
#8108 = LINE('',#8109,#8110);
#8109 = CARTESIAN_POINT('',(182.8,-69.1,-8.1E-02));
#8110 = VECTOR('',#8111,1.);
#8111 = DIRECTION('',(0.,0.,1.));
#8112 = ORIENTED_EDGE('',*,*,#6567,.F.);
#8113 = ORIENTED_EDGE('',*,*,#8107,.F.);
#8114 = CYLINDRICAL_SURFACE('',#8115,1.2);
#8115 = AXIS2_PLACEMENT_3D('',#8116,#8117,#8118);
#8116 = CARTESIAN_POINT('',(182.8,-67.9,-8.1E-02));
#8117 = DIRECTION('',(-0.,-0.,-1.));
#8118 = DIRECTION('',(-0.,-1.,0.));
#8119 = ADVANCED_FACE('',(#8120),#8131,.F.);
#8120 = FACE_BOUND('',#8121,.T.);
#8121 = EDGE_LOOP('',(#8122,#8123,#8129,#8130));
#8122 = ORIENTED_EDGE('',*,*,#5607,.T.);
#8123 = ORIENTED_EDGE('',*,*,#8124,.T.);
#8124 = EDGE_CURVE('',#5608,#6579,#8125,.T.);
#8125 = LINE('',#8126,#8127);
#8126 = CARTESIAN_POINT('',(170.1425,-65.7,-8.1E-02));
#8127 = VECTOR('',#8128,1.);
#8128 = DIRECTION('',(0.,0.,1.));
#8129 = ORIENTED_EDGE('',*,*,#6578,.F.);
#8130 = ORIENTED_EDGE('',*,*,#8124,.F.);
#8131 = CYLINDRICAL_SURFACE('',#8132,0.7);
#8132 = AXIS2_PLACEMENT_3D('',#8133,#8134,#8135);
#8133 = CARTESIAN_POINT('',(170.1425,-65.,-8.1E-02));
#8134 = DIRECTION('',(-0.,0.,-1.));
#8135 = DIRECTION('',(4.060244204343E-14,-1.,-0.));
#8136 = ADVANCED_FACE('',(#8137),#8148,.F.);
#8137 = FACE_BOUND('',#8138,.T.);
#8138 = EDGE_LOOP('',(#8139,#8140,#8146,#8147));
#8139 = ORIENTED_EDGE('',*,*,#5618,.T.);
#8140 = ORIENTED_EDGE('',*,*,#8141,.T.);
#8141 = EDGE_CURVE('',#5619,#6590,#8142,.T.);
#8142 = LINE('',#8143,#8144);
#8143 = CARTESIAN_POINT('',(172.6425,-65.7,-8.1E-02));
#8144 = VECTOR('',#8145,1.);
#8145 = DIRECTION('',(0.,0.,1.));
#8146 = ORIENTED_EDGE('',*,*,#6589,.F.);
#8147 = ORIENTED_EDGE('',*,*,#8141,.F.);
#8148 = CYLINDRICAL_SURFACE('',#8149,0.7);
#8149 = AXIS2_PLACEMENT_3D('',#8150,#8151,#8152);
#8150 = CARTESIAN_POINT('',(172.6425,-65.,-8.1E-02));
#8151 = DIRECTION('',(-0.,0.,-1.));
#8152 = DIRECTION('',(4.060244204343E-14,-1.,-0.));
#8153 = ADVANCED_FACE('',(#8154),#8165,.F.);
#8154 = FACE_BOUND('',#8155,.T.);
#8155 = EDGE_LOOP('',(#8156,#8157,#8163,#8164));
#8156 = ORIENTED_EDGE('',*,*,#5629,.T.);
#8157 = ORIENTED_EDGE('',*,*,#8158,.T.);
#8158 = EDGE_CURVE('',#5630,#6601,#8159,.T.);
#8159 = LINE('',#8160,#8161);
#8160 = CARTESIAN_POINT('',(181.55,-65.7,-8.1E-02));
#8161 = VECTOR('',#8162,1.);
#8162 = DIRECTION('',(0.,0.,1.));
#8163 = ORIENTED_EDGE('',*,*,#6600,.F.);
#8164 = ORIENTED_EDGE('',*,*,#8158,.F.);
#8165 = CYLINDRICAL_SURFACE('',#8166,0.7);
#8166 = AXIS2_PLACEMENT_3D('',#8167,#8168,#8169);
#8167 = CARTESIAN_POINT('',(181.55,-65.,-8.1E-02));
#8168 = DIRECTION('',(-0.,-0.,-1.));
#8169 = DIRECTION('',(-0.,-1.,0.));
#8170 = ADVANCED_FACE('',(#8171),#8182,.F.);
#8171 = FACE_BOUND('',#8172,.T.);
#8172 = EDGE_LOOP('',(#8173,#8174,#8180,#8181));
#8173 = ORIENTED_EDGE('',*,*,#5640,.T.);
#8174 = ORIENTED_EDGE('',*,*,#8175,.T.);
#8175 = EDGE_CURVE('',#5641,#6612,#8176,.T.);
#8176 = LINE('',#8177,#8178);
#8177 = CARTESIAN_POINT('',(184.05,-71.5,-8.1E-02));
#8178 = VECTOR('',#8179,1.);
#8179 = DIRECTION('',(0.,0.,1.));
#8180 = ORIENTED_EDGE('',*,*,#6611,.F.);
#8181 = ORIENTED_EDGE('',*,*,#8175,.F.);
#8182 = CYLINDRICAL_SURFACE('',#8183,0.7);
#8183 = AXIS2_PLACEMENT_3D('',#8184,#8185,#8186);
#8184 = CARTESIAN_POINT('',(184.05,-70.8,-8.1E-02));
#8185 = DIRECTION('',(-0.,-0.,-1.));
#8186 = DIRECTION('',(-0.,-1.,0.));
#8187 = ADVANCED_FACE('',(#8188),#8199,.F.);
#8188 = FACE_BOUND('',#8189,.T.);
#8189 = EDGE_LOOP('',(#8190,#8191,#8197,#8198));
#8190 = ORIENTED_EDGE('',*,*,#5651,.T.);
#8191 = ORIENTED_EDGE('',*,*,#8192,.T.);
#8192 = EDGE_CURVE('',#5652,#6623,#8193,.T.);
#8193 = LINE('',#8194,#8195);
#8194 = CARTESIAN_POINT('',(184.05,-65.7,-8.1E-02));
#8195 = VECTOR('',#8196,1.);
#8196 = DIRECTION('',(0.,0.,1.));
#8197 = ORIENTED_EDGE('',*,*,#6622,.F.);
#8198 = ORIENTED_EDGE('',*,*,#8192,.F.);
#8199 = CYLINDRICAL_SURFACE('',#8200,0.7);
#8200 = AXIS2_PLACEMENT_3D('',#8201,#8202,#8203);
#8201 = CARTESIAN_POINT('',(184.05,-65.,-8.1E-02));
#8202 = DIRECTION('',(-0.,-0.,-1.));
#8203 = DIRECTION('',(-0.,-1.,0.));
#8204 = ADVANCED_FACE('',(#8205),#8216,.F.);
#8205 = FACE_BOUND('',#8206,.T.);
#8206 = EDGE_LOOP('',(#8207,#8208,#8214,#8215));
#8207 = ORIENTED_EDGE('',*,*,#5662,.T.);
#8208 = ORIENTED_EDGE('',*,*,#8209,.T.);
#8209 = EDGE_CURVE('',#5663,#6634,#8210,.T.);
#8210 = LINE('',#8211,#8212);
#8211 = CARTESIAN_POINT('',(170.1425,-62.2,-8.1E-02));
#8212 = VECTOR('',#8213,1.);
#8213 = DIRECTION('',(0.,0.,1.));
#8214 = ORIENTED_EDGE('',*,*,#6633,.F.);
#8215 = ORIENTED_EDGE('',*,*,#8209,.F.);
#8216 = CYLINDRICAL_SURFACE('',#8217,0.7);
#8217 = AXIS2_PLACEMENT_3D('',#8218,#8219,#8220);
#8218 = CARTESIAN_POINT('',(170.1425,-61.5,-8.1E-02));
#8219 = DIRECTION('',(-0.,0.,-1.));
#8220 = DIRECTION('',(4.060244204343E-14,-1.,-0.));
#8221 = ADVANCED_FACE('',(#8222),#8233,.F.);
#8222 = FACE_BOUND('',#8223,.T.);
#8223 = EDGE_LOOP('',(#8224,#8225,#8231,#8232));
#8224 = ORIENTED_EDGE('',*,*,#5673,.T.);
#8225 = ORIENTED_EDGE('',*,*,#8226,.T.);
#8226 = EDGE_CURVE('',#5674,#6645,#8227,.T.);
#8227 = LINE('',#8228,#8229);
#8228 = CARTESIAN_POINT('',(172.6425,-62.2,-8.1E-02));
#8229 = VECTOR('',#8230,1.);
#8230 = DIRECTION('',(0.,0.,1.));
#8231 = ORIENTED_EDGE('',*,*,#6644,.F.);
#8232 = ORIENTED_EDGE('',*,*,#8226,.F.);
#8233 = CYLINDRICAL_SURFACE('',#8234,0.7);
#8234 = AXIS2_PLACEMENT_3D('',#8235,#8236,#8237);
#8235 = CARTESIAN_POINT('',(172.6425,-61.5,-8.1E-02));
#8236 = DIRECTION('',(-0.,0.,-1.));
#8237 = DIRECTION('',(4.060244204343E-14,-1.,-0.));
#8238 = ADVANCED_FACE('',(#8239),#8250,.F.);
#8239 = FACE_BOUND('',#8240,.T.);
#8240 = EDGE_LOOP('',(#8241,#8242,#8248,#8249));
#8241 = ORIENTED_EDGE('',*,*,#5684,.T.);
#8242 = ORIENTED_EDGE('',*,*,#8243,.T.);
#8243 = EDGE_CURVE('',#5685,#6656,#8244,.T.);
#8244 = LINE('',#8245,#8246);
#8245 = CARTESIAN_POINT('',(181.55,-62.2,-8.1E-02));
#8246 = VECTOR('',#8247,1.);
#8247 = DIRECTION('',(0.,0.,1.));
#8248 = ORIENTED_EDGE('',*,*,#6655,.F.);
#8249 = ORIENTED_EDGE('',*,*,#8243,.F.);
#8250 = CYLINDRICAL_SURFACE('',#8251,0.7);
#8251 = AXIS2_PLACEMENT_3D('',#8252,#8253,#8254);
#8252 = CARTESIAN_POINT('',(181.55,-61.5,-8.1E-02));
#8253 = DIRECTION('',(-0.,-0.,-1.));
#8254 = DIRECTION('',(-0.,-1.,0.));
#8255 = ADVANCED_FACE('',(#8256),#8267,.F.);
#8256 = FACE_BOUND('',#8257,.T.);
#8257 = EDGE_LOOP('',(#8258,#8259,#8265,#8266));
#8258 = ORIENTED_EDGE('',*,*,#5695,.T.);
#8259 = ORIENTED_EDGE('',*,*,#8260,.T.);
#8260 = EDGE_CURVE('',#5696,#6667,#8261,.T.);
#8261 = LINE('',#8262,#8263);
#8262 = CARTESIAN_POINT('',(184.05,-62.2,-8.1E-02));
#8263 = VECTOR('',#8264,1.);
#8264 = DIRECTION('',(0.,0.,1.));
#8265 = ORIENTED_EDGE('',*,*,#6666,.F.);
#8266 = ORIENTED_EDGE('',*,*,#8260,.F.);
#8267 = CYLINDRICAL_SURFACE('',#8268,0.7);
#8268 = AXIS2_PLACEMENT_3D('',#8269,#8270,#8271);
#8269 = CARTESIAN_POINT('',(184.05,-61.5,-8.1E-02));
#8270 = DIRECTION('',(-0.,-0.,-1.));
#8271 = DIRECTION('',(-0.,-1.,0.));
#8272 = ( GEOMETRIC_REPRESENTATION_CONTEXT(3)
GLOBAL_UNCERTAINTY_ASSIGNED_CONTEXT((#8276))
GLOBAL_UNIT_ASSIGNED_CONTEXT((#8273,#8274,#8275)) REPRESENTATION_CONTEXT
('Context #1','3D Context with UNIT and UNCERTAINTY') );
#8273 = ( LENGTH_UNIT() NAMED_UNIT(*) SI_UNIT(.MILLI.,.METRE.) );
#8274 = ( NAMED_UNIT(*) PLANE_ANGLE_UNIT() SI_UNIT($,.RADIAN.) );
#8275 = ( NAMED_UNIT(*) SI_UNIT($,.STERADIAN.) SOLID_ANGLE_UNIT() );
#8276 = UNCERTAINTY_MEASURE_WITH_UNIT(LENGTH_MEASURE(1.E-07),#8273,
  'distance_accuracy_value','confusion accuracy');
#8277 = CONTEXT_DEPENDENT_SHAPE_REPRESENTATION(#8278,#8280);
#8278 = ( REPRESENTATION_RELATIONSHIP('','',#4628,#10)
REPRESENTATION_RELATIONSHIP_WITH_TRANSFORMATION(#8279)
SHAPE_REPRESENTATION_RELATIONSHIP() );
#8279 = ITEM_DEFINED_TRANSFORMATION('','',#11,#67);
#8280 = PRODUCT_DEFINITION_SHAPE('Placement','Placement of an item',
  #8281);
#8281 = NEXT_ASSEMBLY_USAGE_OCCURRENCE('17','=>[0:1:1:10]','',#5,#4623,$
  );
#8282 = PRODUCT_RELATED_PRODUCT_CATEGORY('part',$,(#4625));
#8283 = MECHANICAL_DESIGN_GEOMETRIC_PRESENTATION_REPRESENTATION('',(
    #8284),#4610);
#8284 = STYLED_ITEM('color',(#8285),#3342);
#8285 = PRESENTATION_STYLE_ASSIGNMENT((#8286));
#8286 = SURFACE_STYLE_USAGE(.BOTH.,#8287);
#8287 = SURFACE_SIDE_STYLE('',(#8288,#8292));
#8288 = SURFACE_STYLE_FILL_AREA(#8289);
#8289 = FILL_AREA_STYLE('',(#8290));
#8290 = FILL_AREA_STYLE_COLOUR('',#8291);
#8291 = COLOUR_RGB('',0.313304153717,0.484529207832,0.410020903123);
#8292 = SURFACE_STYLE_RENDERING_WITH_PROPERTIES(.NORMAL_SHADING.,#8291,(
    #8293));
#8293 = SURFACE_STYLE_TRANSPARENT(0.170000016689);
#8294 = MECHANICAL_DESIGN_GEOMETRIC_PRESENTATION_REPRESENTATION('',(
    #8295),#8272);
#8295 = STYLED_ITEM('color',(#8296),#4629);
#8296 = PRESENTATION_STYLE_ASSIGNMENT((#8297));
#8297 = SURFACE_STYLE_USAGE(.BOTH.,#8298);
#8298 = SURFACE_SIDE_STYLE('',(#8299,#8303));
#8299 = SURFACE_STYLE_FILL_AREA(#8300);
#8300 = FILL_AREA_STYLE('',(#8301));
#8301 = FILL_AREA_STYLE_COLOUR('',#8302);
#8302 = COLOUR_RGB('',0.679975718802,0.701410709185,0.574871009914);
#8303 = SURFACE_STYLE_RENDERING_WITH_PROPERTIES(.NORMAL_SHADING.,#8302,(
    #8304));
#8304 = SURFACE_STYLE_TRANSPARENT(1.999998092651E-02);
#8305 = MECHANICAL_DESIGN_GEOMETRIC_PRESENTATION_REPRESENTATION('',(
    #8306),#3321);
#8306 = STYLED_ITEM('color',(#8307),#2053);
#8307 = PRESENTATION_STYLE_ASSIGNMENT((#8308));
#8308 = SURFACE_STYLE_USAGE(.BOTH.,#8309);
#8309 = SURFACE_SIDE_STYLE('',(#8310,#8313));
#8310 = SURFACE_STYLE_FILL_AREA(#8311);
#8311 = FILL_AREA_STYLE('',(#8312));
#8312 = FILL_AREA_STYLE_COLOUR('',#8291);
#8313 = SURFACE_STYLE_RENDERING_WITH_PROPERTIES(.NORMAL_SHADING.,#8291,(
    #8314));
#8314 = SURFACE_STYLE_TRANSPARENT(0.170000016689);
ENDSEC;
END-ISO-10303-21;
