ISO-10303-21;
HEADER;
FILE_DESCRIPTION(('KiCad electronic assembly'),'2;1');
FILE_NAME('MAIN_POWER_D8.step','2026-10-01T15:28:38',('Pcbnew'),('Kicad'
    ),'Open CASCADE STEP processor 7.9','KiCad to STEP converter',
  'Unknown');
FILE_SCHEMA(('AUTOMOTIVE_DESIGN { 1 0 10303 214 1 1 1 1 }'));
ENDSEC;
DATA;
#1 = APPLICATION_PROTOCOL_DEFINITION('international standard',
  'automotive_design',2000,#2);
#2 = APPLICATION_CONTEXT(
  'core data for automotive mechanical design processes');
#3 = SHAPE_DEFINITION_REPRESENTATION(#4,#10);
#4 = PRODUCT_DEFINITION_SHAPE('','',#5);
#5 = PRODUCT_DEFINITION('design','',#6,#9);
#6 = PRODUCT_DEFINITION_FORMATION('','',#7);
#7 = PRODUCT('MAIN_POWER_D8 1','MAIN_POWER_D8 1','',(#8));
#8 = PRODUCT_CONTEXT('',#2,'mechanical');
#9 = PRODUCT_DEFINITION_CONTEXT('part definition',#2,'design');
#10 = SHAPE_REPRESENTATION('',(#11,#15,#19,#23,#27,#31,#35,#39,#43,#47,
    #51,#55,#59,#63),#67);
#11 = AXIS2_PLACEMENT_3D('',#12,#13,#14);
#12 = CARTESIAN_POINT('',(0.,0.,0.));
#13 = DIRECTION('',(0.,0.,1.));
#14 = DIRECTION('',(1.,0.,-0.));
#15 = AXIS2_PLACEMENT_3D('',#16,#17,#18);
#16 = CARTESIAN_POINT('',(115.236012,-84.75,1.16));
#17 = DIRECTION('',(0.,0.,1.));
#18 = DIRECTION('',(-1.,1.224646799147E-16,0.));
#19 = AXIS2_PLACEMENT_3D('',#20,#21,#22);
#20 = CARTESIAN_POINT('',(96.446981,-84.75,1.16));
#21 = DIRECTION('',(0.,0.,1.));
#22 = DIRECTION('',(-1.,1.224646799147E-16,0.));
#23 = AXIS2_PLACEMENT_3D('',#24,#25,#26);
#24 = CARTESIAN_POINT('',(106.075731,-84.75,1.16));
#25 = DIRECTION('',(0.,0.,1.));
#26 = DIRECTION('',(-1.,1.224646799147E-16,0.));
#27 = AXIS2_PLACEMENT_3D('',#28,#29,#30);
#28 = CARTESIAN_POINT('',(173.3725,-84.75,1.16));
#29 = DIRECTION('',(0.,0.,1.));
#30 = DIRECTION('',(-1.,1.224646799147E-16,0.));
#31 = AXIS2_PLACEMENT_3D('',#32,#33,#34);
#32 = CARTESIAN_POINT('',(184.78,-84.75,1.16));
#33 = DIRECTION('',(0.,0.,1.));
#34 = DIRECTION('',(-1.,1.224646799147E-16,0.));
#35 = AXIS2_PLACEMENT_3D('',#36,#37,#38);
#36 = CARTESIAN_POINT('',(170.1425,-61.5,-0.12));
#37 = DIRECTION('',(-1.224646799147E-16,-1.359631073447E-32,-1.));
#38 = DIRECTION('',(1.110223024625E-16,-1.,0.));
#39 = AXIS2_PLACEMENT_3D('',#40,#41,#42);
#40 = CARTESIAN_POINT('',(93.216981,-61.5,-0.12));
#41 = DIRECTION('',(-1.224646799147E-16,-1.359631073447E-32,-1.));
#42 = DIRECTION('',(1.110223024625E-16,-1.,0.));
#43 = AXIS2_PLACEMENT_3D('',#44,#45,#46);
#44 = CARTESIAN_POINT('',(112.006012,-61.5,-0.12));
#45 = DIRECTION('',(-1.224646799147E-16,-1.359631073447E-32,-1.));
#46 = DIRECTION('',(1.110223024625E-16,-1.,0.));
#47 = AXIS2_PLACEMENT_3D('',#48,#49,#50);
#48 = CARTESIAN_POINT('',(181.55,-61.5,-0.12));
#49 = DIRECTION('',(-1.224646799147E-16,-1.359631073447E-32,-1.));
#50 = DIRECTION('',(1.110223024625E-16,-1.,0.));
#51 = AXIS2_PLACEMENT_3D('',#52,#53,#54);
#52 = CARTESIAN_POINT('',(102.845731,-61.5,-0.12));
#53 = DIRECTION('',(-1.224646799147E-16,-1.359631073447E-32,-1.));
#54 = DIRECTION('',(1.110223024625E-16,-1.,0.));
#55 = AXIS2_PLACEMENT_3D('',#56,#57,#58);
#56 = CARTESIAN_POINT('',(0.,0.,0.));
#57 = DIRECTION('',(0.,0.,1.));
#58 = DIRECTION('',(1.,0.,-0.));
#59 = AXIS2_PLACEMENT_3D('',#60,#61,#62);
#60 = CARTESIAN_POINT('',(0.,0.,0.));
#61 = DIRECTION('',(0.,0.,1.));
#62 = DIRECTION('',(1.,0.,-0.));
#63 = AXIS2_PLACEMENT_3D('',#64,#65,#66);
#64 = CARTESIAN_POINT('',(0.,0.,0.));
#65 = DIRECTION('',(0.,0.,1.));
#66 = DIRECTION('',(1.,0.,-0.));
#67 = ( GEOMETRIC_REPRESENTATION_CONTEXT(3)
GLOBAL_UNCERTAINTY_ASSIGNED_CONTEXT((#71)) GLOBAL_UNIT_ASSIGNED_CONTEXT(
(#68,#69,#70)) REPRESENTATION_CONTEXT('Context #1',
  '3D Context with UNIT and UNCERTAINTY') );
#68 = ( LENGTH_UNIT() NAMED_UNIT(*) SI_UNIT(.MILLI.,.METRE.) );
#69 = ( NAMED_UNIT(*) PLANE_ANGLE_UNIT() SI_UNIT($,.RADIAN.) );
#70 = ( NAMED_UNIT(*) SI_UNIT($,.STERADIAN.) SOLID_ANGLE_UNIT() );
#71 = UNCERTAINTY_MEASURE_WITH_UNIT(LENGTH_MEASURE(1.E-07),#68,
  'distance_accuracy_value','confusion accuracy');
#72 = PRODUCT_RELATED_PRODUCT_CATEGORY('part',$,(#7));
#73 = SHAPE_DEFINITION_REPRESENTATION(#74,#80);
#74 = PRODUCT_DEFINITION_SHAPE('','',#75);
#75 = PRODUCT_DEFINITION('design','',#76,#79);
#76 = PRODUCT_DEFINITION_FORMATION('','',#77);
#77 = PRODUCT('JST_VH_B2P-VH_ENVELOPE','JST_VH_B2P-VH_ENVELOPE','',(#78)
  );
#78 = PRODUCT_CONTEXT('',#2,'mechanical');
#79 = PRODUCT_DEFINITION_CONTEXT('part definition',#2,'design');
#80 = SHAPE_REPRESENTATION('',(#11,#81),#85);
#81 = AXIS2_PLACEMENT_3D('',#82,#83,#84);
#82 = CARTESIAN_POINT('',(0.,0.,0.));
#83 = DIRECTION('',(0.,0.,1.));
#84 = DIRECTION('',(1.,0.,-0.));
#85 = ( GEOMETRIC_REPRESENTATION_CONTEXT(3)
GLOBAL_UNCERTAINTY_ASSIGNED_CONTEXT((#89)) GLOBAL_UNIT_ASSIGNED_CONTEXT(
(#86,#87,#88)) REPRESENTATION_CONTEXT('Context #1',
  '3D Context with UNIT and UNCERTAINTY') );
#86 = ( LENGTH_UNIT() NAMED_UNIT(*) SI_UNIT(.MILLI.,.METRE.) );
#87 = ( NAMED_UNIT(*) PLANE_ANGLE_UNIT() SI_UNIT($,.RADIAN.) );
#88 = ( NAMED_UNIT(*) SI_UNIT($,.STERADIAN.) SOLID_ANGLE_UNIT() );
#89 = UNCERTAINTY_MEASURE_WITH_UNIT(LENGTH_MEASURE(1.E-07),#86,
  'distance_accuracy_value','confusion accuracy');
#90 = CONTEXT_DEPENDENT_SHAPE_REPRESENTATION(#91,#93);
#91 = ( REPRESENTATION_RELATIONSHIP('','',#80,#10)
REPRESENTATION_RELATIONSHIP_WITH_TRANSFORMATION(#92)
SHAPE_REPRESENTATION_RELATIONSHIP() );
#92 = ITEM_DEFINED_TRANSFORMATION('','',#11,#15);
#93 = PRODUCT_DEFINITION_SHAPE('Placement','Placement of an item',#94);
#94 = NEXT_ASSEMBLY_USAGE_OCCURRENCE('2','J4','',#5,#75,$);
#95 = PRODUCT_RELATED_PRODUCT_CATEGORY('part',$,(#77));
#96 = SHAPE_DEFINITION_REPRESENTATION(#97,#103);
#97 = PRODUCT_DEFINITION_SHAPE('','',#98);
#98 = PRODUCT_DEFINITION('design','',#99,#102);
#99 = PRODUCT_DEFINITION_FORMATION('','',#100);
#100 = PRODUCT('JST_VH_B2P-VH_ENVELOPE','JST_VH_B2P-VH_ENVELOPE','',(
    #101));
#101 = PRODUCT_CONTEXT('',#2,'mechanical');
#102 = PRODUCT_DEFINITION_CONTEXT('part definition',#2,'design');
#103 = SHAPE_REPRESENTATION('',(#11,#104,#254,#404),#554);
#104 = MANIFOLD_SOLID_BREP('',#105);
#105 = CLOSED_SHELL('',(#106,#146,#186,#208,#225,#242));
#106 = ADVANCED_FACE('',(#107),#141,.T.);
#107 = FACE_BOUND('',#108,.T.);
#108 = EDGE_LOOP('',(#109,#119,#127,#135));
#109 = ORIENTED_EDGE('',*,*,#110,.T.);
#110 = EDGE_CURVE('',#111,#113,#115,.T.);
#111 = VERTEX_POINT('',#112);
#112 = CARTESIAN_POINT('',(-1.95,-4.25,0.));
#113 = VERTEX_POINT('',#114);
#114 = CARTESIAN_POINT('',(-1.95,4.25,0.));
#115 = LINE('',#116,#117);
#116 = CARTESIAN_POINT('',(-1.95,-4.25,0.));
#117 = VECTOR('',#118,1.);
#118 = DIRECTION('',(0.,1.,0.));
#119 = ORIENTED_EDGE('',*,*,#120,.F.);
#120 = EDGE_CURVE('',#121,#113,#123,.T.);
#121 = VERTEX_POINT('',#122);
#122 = CARTESIAN_POINT('',(5.91,4.25,0.));
#123 = LINE('',#124,#125);
#124 = CARTESIAN_POINT('',(5.91,4.25,0.));
#125 = VECTOR('',#126,1.);
#126 = DIRECTION('',(-1.,0.,0.));
#127 = ORIENTED_EDGE('',*,*,#128,.F.);
#128 = EDGE_CURVE('',#129,#121,#131,.T.);
#129 = VERTEX_POINT('',#130);
#130 = CARTESIAN_POINT('',(5.91,-4.25,0.));
#131 = LINE('',#132,#133);
#132 = CARTESIAN_POINT('',(5.91,-4.25,0.));
#133 = VECTOR('',#134,1.);
#134 = DIRECTION('',(0.,1.,0.));
#135 = ORIENTED_EDGE('',*,*,#136,.F.);
#136 = EDGE_CURVE('',#111,#129,#137,.T.);
#137 = LINE('',#138,#139);
#138 = CARTESIAN_POINT('',(-1.95,-4.25,0.));
#139 = VECTOR('',#140,1.);
#140 = DIRECTION('',(1.,0.,0.));
#141 = PLANE('',#142);
#142 = AXIS2_PLACEMENT_3D('',#143,#144,#145);
#143 = CARTESIAN_POINT('',(-1.95,-4.25,0.));
#144 = DIRECTION('',(0.,0.,-1.));
#145 = DIRECTION('',(0.,1.,0.));
#146 = ADVANCED_FACE('',(#147),#181,.T.);
#147 = FACE_BOUND('',#148,.T.);
#148 = EDGE_LOOP('',(#149,#159,#167,#175));
#149 = ORIENTED_EDGE('',*,*,#150,.T.);
#150 = EDGE_CURVE('',#151,#153,#155,.T.);
#151 = VERTEX_POINT('',#152);
#152 = CARTESIAN_POINT('',(-1.95,-4.25,9.4));
#153 = VERTEX_POINT('',#154);
#154 = CARTESIAN_POINT('',(5.91,-4.25,9.4));
#155 = LINE('',#156,#157);
#156 = CARTESIAN_POINT('',(-1.95,-4.25,9.4));
#157 = VECTOR('',#158,1.);
#158 = DIRECTION('',(1.,0.,0.));
#159 = ORIENTED_EDGE('',*,*,#160,.T.);
#160 = EDGE_CURVE('',#153,#161,#163,.T.);
#161 = VERTEX_POINT('',#162);
#162 = CARTESIAN_POINT('',(5.91,4.25,9.4));
#163 = LINE('',#164,#165);
#164 = CARTESIAN_POINT('',(5.91,-4.25,9.4));
#165 = VECTOR('',#166,1.);
#166 = DIRECTION('',(0.,1.,0.));
#167 = ORIENTED_EDGE('',*,*,#168,.T.);
#168 = EDGE_CURVE('',#161,#169,#171,.T.);
#169 = VERTEX_POINT('',#170);
#170 = CARTESIAN_POINT('',(-1.95,4.25,9.4));
#171 = LINE('',#172,#173);
#172 = CARTESIAN_POINT('',(5.91,4.25,9.4));
#173 = VECTOR('',#174,1.);
#174 = DIRECTION('',(-1.,0.,0.));
#175 = ORIENTED_EDGE('',*,*,#176,.F.);
#176 = EDGE_CURVE('',#151,#169,#177,.T.);
#177 = LINE('',#178,#179);
#178 = CARTESIAN_POINT('',(-1.95,-4.25,9.4));
#179 = VECTOR('',#180,1.);
#180 = DIRECTION('',(0.,1.,0.));
#181 = PLANE('',#182);
#182 = AXIS2_PLACEMENT_3D('',#183,#184,#185);
#183 = CARTESIAN_POINT('',(-1.95,-4.25,9.4));
#184 = DIRECTION('',(0.,0.,1.));
#185 = DIRECTION('',(1.,0.,-0.));
#186 = ADVANCED_FACE('',(#187),#203,.T.);
#187 = FACE_BOUND('',#188,.T.);
#188 = EDGE_LOOP('',(#189,#190,#196,#197));
#189 = ORIENTED_EDGE('',*,*,#136,.T.);
#190 = ORIENTED_EDGE('',*,*,#191,.T.);
#191 = EDGE_CURVE('',#129,#153,#192,.T.);
#192 = LINE('',#193,#194);
#193 = CARTESIAN_POINT('',(5.91,-4.25,0.));
#194 = VECTOR('',#195,1.);
#195 = DIRECTION('',(0.,0.,1.));
#196 = ORIENTED_EDGE('',*,*,#150,.F.);
#197 = ORIENTED_EDGE('',*,*,#198,.F.);
#198 = EDGE_CURVE('',#111,#151,#199,.T.);
#199 = LINE('',#200,#201);
#200 = CARTESIAN_POINT('',(-1.95,-4.25,0.));
#201 = VECTOR('',#202,1.);
#202 = DIRECTION('',(0.,0.,1.));
#203 = PLANE('',#204);
#204 = AXIS2_PLACEMENT_3D('',#205,#206,#207);
#205 = CARTESIAN_POINT('',(-1.95,-4.25,0.));
#206 = DIRECTION('',(0.,-1.,0.));
#207 = DIRECTION('',(1.,0.,0.));
#208 = ADVANCED_FACE('',(#209),#220,.T.);
#209 = FACE_BOUND('',#210,.T.);
#210 = EDGE_LOOP('',(#211,#212,#218,#219));
#211 = ORIENTED_EDGE('',*,*,#128,.T.);
#212 = ORIENTED_EDGE('',*,*,#213,.T.);
#213 = EDGE_CURVE('',#121,#161,#214,.T.);
#214 = LINE('',#215,#216);
#215 = CARTESIAN_POINT('',(5.91,4.25,0.));
#216 = VECTOR('',#217,1.);
#217 = DIRECTION('',(0.,0.,1.));
#218 = ORIENTED_EDGE('',*,*,#160,.F.);
#219 = ORIENTED_EDGE('',*,*,#191,.F.);
#220 = PLANE('',#221);
#221 = AXIS2_PLACEMENT_3D('',#222,#223,#224);
#222 = CARTESIAN_POINT('',(5.91,-4.25,0.));
#223 = DIRECTION('',(1.,0.,0.));
#224 = DIRECTION('',(-0.,1.,0.));
#225 = ADVANCED_FACE('',(#226),#237,.T.);
#226 = FACE_BOUND('',#227,.T.);
#227 = EDGE_LOOP('',(#228,#229,#235,#236));
#228 = ORIENTED_EDGE('',*,*,#120,.T.);
#229 = ORIENTED_EDGE('',*,*,#230,.T.);
#230 = EDGE_CURVE('',#113,#169,#231,.T.);
#231 = LINE('',#232,#233);
#232 = CARTESIAN_POINT('',(-1.95,4.25,0.));
#233 = VECTOR('',#234,1.);
#234 = DIRECTION('',(0.,0.,1.));
#235 = ORIENTED_EDGE('',*,*,#168,.F.);
#236 = ORIENTED_EDGE('',*,*,#213,.F.);
#237 = PLANE('',#238);
#238 = AXIS2_PLACEMENT_3D('',#239,#240,#241);
#239 = CARTESIAN_POINT('',(5.91,4.25,0.));
#240 = DIRECTION('',(0.,1.,0.));
#241 = DIRECTION('',(-1.,0.,0.));
#242 = ADVANCED_FACE('',(#243),#249,.T.);
#243 = FACE_BOUND('',#244,.T.);
#244 = EDGE_LOOP('',(#245,#246,#247,#248));
#245 = ORIENTED_EDGE('',*,*,#110,.F.);
#246 = ORIENTED_EDGE('',*,*,#198,.T.);
#247 = ORIENTED_EDGE('',*,*,#176,.T.);
#248 = ORIENTED_EDGE('',*,*,#230,.F.);
#249 = PLANE('',#250);
#250 = AXIS2_PLACEMENT_3D('',#251,#252,#253);
#251 = CARTESIAN_POINT('',(-1.95,4.25,0.));
#252 = DIRECTION('',(-1.,0.,0.));
#253 = DIRECTION('',(0.,-1.,0.));
#254 = MANIFOLD_SOLID_BREP('',#255);
#255 = CLOSED_SHELL('',(#256,#296,#336,#358,#375,#392));
#256 = ADVANCED_FACE('',(#257),#291,.T.);
#257 = FACE_BOUND('',#258,.T.);
#258 = EDGE_LOOP('',(#259,#269,#277,#285));
#259 = ORIENTED_EDGE('',*,*,#260,.T.);
#260 = EDGE_CURVE('',#261,#263,#265,.T.);
#261 = VERTEX_POINT('',#262);
#262 = CARTESIAN_POINT('',(-0.57,-0.57,-3.7));
#263 = VERTEX_POINT('',#264);
#264 = CARTESIAN_POINT('',(-0.57,0.57,-3.7));
#265 = LINE('',#266,#267);
#266 = CARTESIAN_POINT('',(-0.57,-0.57,-3.7));
#267 = VECTOR('',#268,1.);
#268 = DIRECTION('',(0.,1.,0.));
#269 = ORIENTED_EDGE('',*,*,#270,.F.);
#270 = EDGE_CURVE('',#271,#263,#273,.T.);
#271 = VERTEX_POINT('',#272);
#272 = CARTESIAN_POINT('',(0.57,0.57,-3.7));
#273 = LINE('',#274,#275);
#274 = CARTESIAN_POINT('',(0.57,0.57,-3.7));
#275 = VECTOR('',#276,1.);
#276 = DIRECTION('',(-1.,0.,0.));
#277 = ORIENTED_EDGE('',*,*,#278,.F.);
#278 = EDGE_CURVE('',#279,#271,#281,.T.);
#279 = VERTEX_POINT('',#280);
#280 = CARTESIAN_POINT('',(0.57,-0.57,-3.7));
#281 = LINE('',#282,#283);
#282 = CARTESIAN_POINT('',(0.57,-0.57,-3.7));
#283 = VECTOR('',#284,1.);
#284 = DIRECTION('',(0.,1.,0.));
#285 = ORIENTED_EDGE('',*,*,#286,.F.);
#286 = EDGE_CURVE('',#261,#279,#287,.T.);
#287 = LINE('',#288,#289);
#288 = CARTESIAN_POINT('',(-0.57,-0.57,-3.7));
#289 = VECTOR('',#290,1.);
#290 = DIRECTION('',(1.,0.,0.));
#291 = PLANE('',#292);
#292 = AXIS2_PLACEMENT_3D('',#293,#294,#295);
#293 = CARTESIAN_POINT('',(-0.57,-0.57,-3.7));
#294 = DIRECTION('',(0.,0.,-1.));
#295 = DIRECTION('',(0.,1.,0.));
#296 = ADVANCED_FACE('',(#297),#331,.T.);
#297 = FACE_BOUND('',#298,.T.);
#298 = EDGE_LOOP('',(#299,#309,#317,#325));
#299 = ORIENTED_EDGE('',*,*,#300,.T.);
#300 = EDGE_CURVE('',#301,#303,#305,.T.);
#301 = VERTEX_POINT('',#302);
#302 = CARTESIAN_POINT('',(-0.57,-0.57,0.));
#303 = VERTEX_POINT('',#304);
#304 = CARTESIAN_POINT('',(0.57,-0.57,0.));
#305 = LINE('',#306,#307);
#306 = CARTESIAN_POINT('',(-0.57,-0.57,0.));
#307 = VECTOR('',#308,1.);
#308 = DIRECTION('',(1.,0.,0.));
#309 = ORIENTED_EDGE('',*,*,#310,.T.);
#310 = EDGE_CURVE('',#303,#311,#313,.T.);
#311 = VERTEX_POINT('',#312);
#312 = CARTESIAN_POINT('',(0.57,0.57,0.));
#313 = LINE('',#314,#315);
#314 = CARTESIAN_POINT('',(0.57,-0.57,0.));
#315 = VECTOR('',#316,1.);
#316 = DIRECTION('',(0.,1.,0.));
#317 = ORIENTED_EDGE('',*,*,#318,.T.);
#318 = EDGE_CURVE('',#311,#319,#321,.T.);
#319 = VERTEX_POINT('',#320);
#320 = CARTESIAN_POINT('',(-0.57,0.57,0.));
#321 = LINE('',#322,#323);
#322 = CARTESIAN_POINT('',(0.57,0.57,0.));
#323 = VECTOR('',#324,1.);
#324 = DIRECTION('',(-1.,0.,0.));
#325 = ORIENTED_EDGE('',*,*,#326,.F.);
#326 = EDGE_CURVE('',#301,#319,#327,.T.);
#327 = LINE('',#328,#329);
#328 = CARTESIAN_POINT('',(-0.57,-0.57,0.));
#329 = VECTOR('',#330,1.);
#330 = DIRECTION('',(0.,1.,0.));
#331 = PLANE('',#332);
#332 = AXIS2_PLACEMENT_3D('',#333,#334,#335);
#333 = CARTESIAN_POINT('',(-0.57,-0.57,0.));
#334 = DIRECTION('',(0.,0.,1.));
#335 = DIRECTION('',(1.,0.,-0.));
#336 = ADVANCED_FACE('',(#337),#353,.T.);
#337 = FACE_BOUND('',#338,.T.);
#338 = EDGE_LOOP('',(#339,#340,#346,#347));
#339 = ORIENTED_EDGE('',*,*,#286,.T.);
#340 = ORIENTED_EDGE('',*,*,#341,.T.);
#341 = EDGE_CURVE('',#279,#303,#342,.T.);
#342 = LINE('',#343,#344);
#343 = CARTESIAN_POINT('',(0.57,-0.57,-3.7));
#344 = VECTOR('',#345,1.);
#345 = DIRECTION('',(0.,0.,1.));
#346 = ORIENTED_EDGE('',*,*,#300,.F.);
#347 = ORIENTED_EDGE('',*,*,#348,.F.);
#348 = EDGE_CURVE('',#261,#301,#349,.T.);
#349 = LINE('',#350,#351);
#350 = CARTESIAN_POINT('',(-0.57,-0.57,-3.7));
#351 = VECTOR('',#352,1.);
#352 = DIRECTION('',(0.,0.,1.));
#353 = PLANE('',#354);
#354 = AXIS2_PLACEMENT_3D('',#355,#356,#357);
#355 = CARTESIAN_POINT('',(-0.57,-0.57,-3.7));
#356 = DIRECTION('',(0.,-1.,0.));
#357 = DIRECTION('',(1.,0.,0.));
#358 = ADVANCED_FACE('',(#359),#370,.T.);
#359 = FACE_BOUND('',#360,.T.);
#360 = EDGE_LOOP('',(#361,#362,#368,#369));
#361 = ORIENTED_EDGE('',*,*,#278,.T.);
#362 = ORIENTED_EDGE('',*,*,#363,.T.);
#363 = EDGE_CURVE('',#271,#311,#364,.T.);
#364 = LINE('',#365,#366);
#365 = CARTESIAN_POINT('',(0.57,0.57,-3.7));
#366 = VECTOR('',#367,1.);
#367 = DIRECTION('',(0.,0.,1.));
#368 = ORIENTED_EDGE('',*,*,#310,.F.);
#369 = ORIENTED_EDGE('',*,*,#341,.F.);
#370 = PLANE('',#371);
#371 = AXIS2_PLACEMENT_3D('',#372,#373,#374);
#372 = CARTESIAN_POINT('',(0.57,-0.57,-3.7));
#373 = DIRECTION('',(1.,0.,0.));
#374 = DIRECTION('',(-0.,1.,0.));
#375 = ADVANCED_FACE('',(#376),#387,.T.);
#376 = FACE_BOUND('',#377,.T.);
#377 = EDGE_LOOP('',(#378,#379,#385,#386));
#378 = ORIENTED_EDGE('',*,*,#270,.T.);
#379 = ORIENTED_EDGE('',*,*,#380,.T.);
#380 = EDGE_CURVE('',#263,#319,#381,.T.);
#381 = LINE('',#382,#383);
#382 = CARTESIAN_POINT('',(-0.57,0.57,-3.7));
#383 = VECTOR('',#384,1.);
#384 = DIRECTION('',(0.,0.,1.));
#385 = ORIENTED_EDGE('',*,*,#318,.F.);
#386 = ORIENTED_EDGE('',*,*,#363,.F.);
#387 = PLANE('',#388);
#388 = AXIS2_PLACEMENT_3D('',#389,#390,#391);
#389 = CARTESIAN_POINT('',(0.57,0.57,-3.7));
#390 = DIRECTION('',(0.,1.,0.));
#391 = DIRECTION('',(-1.,0.,0.));
#392 = ADVANCED_FACE('',(#393),#399,.T.);
#393 = FACE_BOUND('',#394,.T.);
#394 = EDGE_LOOP('',(#395,#396,#397,#398));
#395 = ORIENTED_EDGE('',*,*,#260,.F.);
#396 = ORIENTED_EDGE('',*,*,#348,.T.);
#397 = ORIENTED_EDGE('',*,*,#326,.T.);
#398 = ORIENTED_EDGE('',*,*,#380,.F.);
#399 = PLANE('',#400);
#400 = AXIS2_PLACEMENT_3D('',#401,#402,#403);
#401 = CARTESIAN_POINT('',(-0.57,0.57,-3.7));
#402 = DIRECTION('',(-1.,0.,0.));
#403 = DIRECTION('',(0.,-1.,0.));
#404 = MANIFOLD_SOLID_BREP('',#405);
#405 = CLOSED_SHELL('',(#406,#446,#486,#508,#525,#542));
#406 = ADVANCED_FACE('',(#407),#441,.T.);
#407 = FACE_BOUND('',#408,.T.);
#408 = EDGE_LOOP('',(#409,#419,#427,#435));
#409 = ORIENTED_EDGE('',*,*,#410,.T.);
#410 = EDGE_CURVE('',#411,#413,#415,.T.);
#411 = VERTEX_POINT('',#412);
#412 = CARTESIAN_POINT('',(3.39,-0.57,-3.7));
#413 = VERTEX_POINT('',#414);
#414 = CARTESIAN_POINT('',(3.39,0.57,-3.7));
#415 = LINE('',#416,#417);
#416 = CARTESIAN_POINT('',(3.39,-0.57,-3.7));
#417 = VECTOR('',#418,1.);
#418 = DIRECTION('',(0.,1.,0.));
#419 = ORIENTED_EDGE('',*,*,#420,.F.);
#420 = EDGE_CURVE('',#421,#413,#423,.T.);
#421 = VERTEX_POINT('',#422);
#422 = CARTESIAN_POINT('',(4.53,0.57,-3.7));
#423 = LINE('',#424,#425);
#424 = CARTESIAN_POINT('',(4.53,0.57,-3.7));
#425 = VECTOR('',#426,1.);
#426 = DIRECTION('',(-1.,0.,0.));
#427 = ORIENTED_EDGE('',*,*,#428,.F.);
#428 = EDGE_CURVE('',#429,#421,#431,.T.);
#429 = VERTEX_POINT('',#430);
#430 = CARTESIAN_POINT('',(4.53,-0.57,-3.7));
#431 = LINE('',#432,#433);
#432 = CARTESIAN_POINT('',(4.53,-0.57,-3.7));
#433 = VECTOR('',#434,1.);
#434 = DIRECTION('',(0.,1.,0.));
#435 = ORIENTED_EDGE('',*,*,#436,.F.);
#436 = EDGE_CURVE('',#411,#429,#437,.T.);
#437 = LINE('',#438,#439);
#438 = CARTESIAN_POINT('',(3.39,-0.57,-3.7));
#439 = VECTOR('',#440,1.);
#440 = DIRECTION('',(1.,0.,0.));
#441 = PLANE('',#442);
#442 = AXIS2_PLACEMENT_3D('',#443,#444,#445);
#443 = CARTESIAN_POINT('',(3.39,-0.57,-3.7));
#444 = DIRECTION('',(0.,0.,-1.));
#445 = DIRECTION('',(0.,1.,0.));
#446 = ADVANCED_FACE('',(#447),#481,.T.);
#447 = FACE_BOUND('',#448,.T.);
#448 = EDGE_LOOP('',(#449,#459,#467,#475));
#449 = ORIENTED_EDGE('',*,*,#450,.T.);
#450 = EDGE_CURVE('',#451,#453,#455,.T.);
#451 = VERTEX_POINT('',#452);
#452 = CARTESIAN_POINT('',(3.39,-0.57,0.));
#453 = VERTEX_POINT('',#454);
#454 = CARTESIAN_POINT('',(4.53,-0.57,0.));
#455 = LINE('',#456,#457);
#456 = CARTESIAN_POINT('',(3.39,-0.57,0.));
#457 = VECTOR('',#458,1.);
#458 = DIRECTION('',(1.,0.,0.));
#459 = ORIENTED_EDGE('',*,*,#460,.T.);
#460 = EDGE_CURVE('',#453,#461,#463,.T.);
#461 = VERTEX_POINT('',#462);
#462 = CARTESIAN_POINT('',(4.53,0.57,0.));
#463 = LINE('',#464,#465);
#464 = CARTESIAN_POINT('',(4.53,-0.57,0.));
#465 = VECTOR('',#466,1.);
#466 = DIRECTION('',(0.,1.,0.));
#467 = ORIENTED_EDGE('',*,*,#468,.T.);
#468 = EDGE_CURVE('',#461,#469,#471,.T.);
#469 = VERTEX_POINT('',#470);
#470 = CARTESIAN_POINT('',(3.39,0.57,0.));
#471 = LINE('',#472,#473);
#472 = CARTESIAN_POINT('',(4.53,0.57,0.));
#473 = VECTOR('',#474,1.);
#474 = DIRECTION('',(-1.,0.,0.));
#475 = ORIENTED_EDGE('',*,*,#476,.F.);
#476 = EDGE_CURVE('',#451,#469,#477,.T.);
#477 = LINE('',#478,#479);
#478 = CARTESIAN_POINT('',(3.39,-0.57,0.));
#479 = VECTOR('',#480,1.);
#480 = DIRECTION('',(0.,1.,0.));
#481 = PLANE('',#482);
#482 = AXIS2_PLACEMENT_3D('',#483,#484,#485);
#483 = CARTESIAN_POINT('',(3.39,-0.57,0.));
#484 = DIRECTION('',(0.,0.,1.));
#485 = DIRECTION('',(1.,0.,-0.));
#486 = ADVANCED_FACE('',(#487),#503,.T.);
#487 = FACE_BOUND('',#488,.T.);
#488 = EDGE_LOOP('',(#489,#490,#496,#497));
#489 = ORIENTED_EDGE('',*,*,#436,.T.);
#490 = ORIENTED_EDGE('',*,*,#491,.T.);
#491 = EDGE_CURVE('',#429,#453,#492,.T.);
#492 = LINE('',#493,#494);
#493 = CARTESIAN_POINT('',(4.53,-0.57,-3.7));
#494 = VECTOR('',#495,1.);
#495 = DIRECTION('',(0.,0.,1.));
#496 = ORIENTED_EDGE('',*,*,#450,.F.);
#497 = ORIENTED_EDGE('',*,*,#498,.F.);
#498 = EDGE_CURVE('',#411,#451,#499,.T.);
#499 = LINE('',#500,#501);
#500 = CARTESIAN_POINT('',(3.39,-0.57,-3.7));
#501 = VECTOR('',#502,1.);
#502 = DIRECTION('',(0.,0.,1.));
#503 = PLANE('',#504);
#504 = AXIS2_PLACEMENT_3D('',#505,#506,#507);
#505 = CARTESIAN_POINT('',(3.39,-0.57,-3.7));
#506 = DIRECTION('',(0.,-1.,0.));
#507 = DIRECTION('',(1.,0.,0.));
#508 = ADVANCED_FACE('',(#509),#520,.T.);
#509 = FACE_BOUND('',#510,.T.);
#510 = EDGE_LOOP('',(#511,#512,#518,#519));
#511 = ORIENTED_EDGE('',*,*,#428,.T.);
#512 = ORIENTED_EDGE('',*,*,#513,.T.);
#513 = EDGE_CURVE('',#421,#461,#514,.T.);
#514 = LINE('',#515,#516);
#515 = CARTESIAN_POINT('',(4.53,0.57,-3.7));
#516 = VECTOR('',#517,1.);
#517 = DIRECTION('',(0.,0.,1.));
#518 = ORIENTED_EDGE('',*,*,#460,.F.);
#519 = ORIENTED_EDGE('',*,*,#491,.F.);
#520 = PLANE('',#521);
#521 = AXIS2_PLACEMENT_3D('',#522,#523,#524);
#522 = CARTESIAN_POINT('',(4.53,-0.57,-3.7));
#523 = DIRECTION('',(1.,0.,0.));
#524 = DIRECTION('',(-0.,1.,0.));
#525 = ADVANCED_FACE('',(#526),#537,.T.);
#526 = FACE_BOUND('',#527,.T.);
#527 = EDGE_LOOP('',(#528,#529,#535,#536));
#528 = ORIENTED_EDGE('',*,*,#420,.T.);
#529 = ORIENTED_EDGE('',*,*,#530,.T.);
#530 = EDGE_CURVE('',#413,#469,#531,.T.);
#531 = LINE('',#532,#533);
#532 = CARTESIAN_POINT('',(3.39,0.57,-3.7));
#533 = VECTOR('',#534,1.);
#534 = DIRECTION('',(0.,0.,1.));
#535 = ORIENTED_EDGE('',*,*,#468,.F.);
#536 = ORIENTED_EDGE('',*,*,#513,.F.);
#537 = PLANE('',#538);
#538 = AXIS2_PLACEMENT_3D('',#539,#540,#541);
#539 = CARTESIAN_POINT('',(4.53,0.57,-3.7));
#540 = DIRECTION('',(0.,1.,0.));
#541 = DIRECTION('',(-1.,0.,0.));
#542 = ADVANCED_FACE('',(#543),#549,.T.);
#543 = FACE_BOUND('',#544,.T.);
#544 = EDGE_LOOP('',(#545,#546,#547,#548));
#545 = ORIENTED_EDGE('',*,*,#410,.F.);
#546 = ORIENTED_EDGE('',*,*,#498,.T.);
#547 = ORIENTED_EDGE('',*,*,#476,.T.);
#548 = ORIENTED_EDGE('',*,*,#530,.F.);
#549 = PLANE('',#550);
#550 = AXIS2_PLACEMENT_3D('',#551,#552,#553);
#551 = CARTESIAN_POINT('',(3.39,0.57,-3.7));
#552 = DIRECTION('',(-1.,0.,0.));
#553 = DIRECTION('',(0.,-1.,0.));
#554 = ( GEOMETRIC_REPRESENTATION_CONTEXT(3)
GLOBAL_UNCERTAINTY_ASSIGNED_CONTEXT((#558)) GLOBAL_UNIT_ASSIGNED_CONTEXT
((#555,#556,#557)) REPRESENTATION_CONTEXT('Context #1',
  '3D Context with UNIT and UNCERTAINTY') );
#555 = ( LENGTH_UNIT() NAMED_UNIT(*) SI_UNIT(.MILLI.,.METRE.) );
#556 = ( NAMED_UNIT(*) PLANE_ANGLE_UNIT() SI_UNIT($,.RADIAN.) );
#557 = ( NAMED_UNIT(*) SI_UNIT($,.STERADIAN.) SOLID_ANGLE_UNIT() );
#558 = UNCERTAINTY_MEASURE_WITH_UNIT(LENGTH_MEASURE(1.E-07),#555,
  'distance_accuracy_value','confusion accuracy');
#559 = CONTEXT_DEPENDENT_SHAPE_REPRESENTATION(#560,#562);
#560 = ( REPRESENTATION_RELATIONSHIP('','',#103,#80)
REPRESENTATION_RELATIONSHIP_WITH_TRANSFORMATION(#561)
SHAPE_REPRESENTATION_RELATIONSHIP() );
#561 = ITEM_DEFINED_TRANSFORMATION('','',#11,#81);
#562 = PRODUCT_DEFINITION_SHAPE('Placement','Placement of an item',#563
  );
#563 = NEXT_ASSEMBLY_USAGE_OCCURRENCE('1','=>[0:1:1:3]','',#75,#98,$);
#564 = PRODUCT_RELATED_PRODUCT_CATEGORY('part',$,(#100));
#565 = CONTEXT_DEPENDENT_SHAPE_REPRESENTATION(#566,#568);
#566 = ( REPRESENTATION_RELATIONSHIP('','',#80,#10)
REPRESENTATION_RELATIONSHIP_WITH_TRANSFORMATION(#567)
SHAPE_REPRESENTATION_RELATIONSHIP() );
#567 = ITEM_DEFINED_TRANSFORMATION('','',#11,#19);
#568 = PRODUCT_DEFINITION_SHAPE('Placement','Placement of an item',#569
  );
#569 = NEXT_ASSEMBLY_USAGE_OCCURRENCE('3','J3','',#5,#75,$);
#570 = CONTEXT_DEPENDENT_SHAPE_REPRESENTATION(#571,#573);
#571 = ( REPRESENTATION_RELATIONSHIP('','',#80,#10)
REPRESENTATION_RELATIONSHIP_WITH_TRANSFORMATION(#572)
SHAPE_REPRESENTATION_RELATIONSHIP() );
#572 = ITEM_DEFINED_TRANSFORMATION('','',#11,#23);
#573 = PRODUCT_DEFINITION_SHAPE('Placement','Placement of an item',#574
  );
#574 = NEXT_ASSEMBLY_USAGE_OCCURRENCE('4','J2','',#5,#75,$);
#575 = CONTEXT_DEPENDENT_SHAPE_REPRESENTATION(#576,#578);
#576 = ( REPRESENTATION_RELATIONSHIP('','',#80,#10)
REPRESENTATION_RELATIONSHIP_WITH_TRANSFORMATION(#577)
SHAPE_REPRESENTATION_RELATIONSHIP() );
#577 = ITEM_DEFINED_TRANSFORMATION('','',#11,#27);
#578 = PRODUCT_DEFINITION_SHAPE('Placement','Placement of an item',#579
  );
#579 = NEXT_ASSEMBLY_USAGE_OCCURRENCE('5','J5','',#5,#75,$);
#580 = CONTEXT_DEPENDENT_SHAPE_REPRESENTATION(#581,#583);
#581 = ( REPRESENTATION_RELATIONSHIP('','',#80,#10)
REPRESENTATION_RELATIONSHIP_WITH_TRANSFORMATION(#582)
SHAPE_REPRESENTATION_RELATIONSHIP() );
#582 = ITEM_DEFINED_TRANSFORMATION('','',#11,#31);
#583 = PRODUCT_DEFINITION_SHAPE('Placement','Placement of an item',#584
  );
#584 = NEXT_ASSEMBLY_USAGE_OCCURRENCE('6','J6','',#5,#75,$);
#585 = SHAPE_DEFINITION_REPRESENTATION(#586,#592);
#586 = PRODUCT_DEFINITION_SHAPE('','',#587);
#587 = PRODUCT_DEFINITION('design','',#588,#591);
#588 = PRODUCT_DEFINITION_FORMATION('','',#589);
#589 = PRODUCT('Littelfuse_FLR_1786165_ENVELOPE',
  'Littelfuse_FLR_1786165_ENVELOPE','',(#590));
#590 = PRODUCT_CONTEXT('',#2,'mechanical');
#591 = PRODUCT_DEFINITION_CONTEXT('part definition',#2,'design');
#592 = SHAPE_REPRESENTATION('',(#11,#593),#597);
#593 = AXIS2_PLACEMENT_3D('',#594,#595,#596);
#594 = CARTESIAN_POINT('',(0.,0.,0.));
#595 = DIRECTION('',(0.,0.,1.));
#596 = DIRECTION('',(1.,0.,-0.));
#597 = ( GEOMETRIC_REPRESENTATION_CONTEXT(3)
GLOBAL_UNCERTAINTY_ASSIGNED_CONTEXT((#601)) GLOBAL_UNIT_ASSIGNED_CONTEXT
((#598,#599,#600)) REPRESENTATION_CONTEXT('Context #1',
  '3D Context with UNIT and UNCERTAINTY') );
#598 = ( LENGTH_UNIT() NAMED_UNIT(*) SI_UNIT(.MILLI.,.METRE.) );
#599 = ( NAMED_UNIT(*) PLANE_ANGLE_UNIT() SI_UNIT($,.RADIAN.) );
#600 = ( NAMED_UNIT(*) SI_UNIT($,.STERADIAN.) SOLID_ANGLE_UNIT() );
#601 = UNCERTAINTY_MEASURE_WITH_UNIT(LENGTH_MEASURE(1.E-07),#598,
  'distance_accuracy_value','confusion accuracy');
#602 = CONTEXT_DEPENDENT_SHAPE_REPRESENTATION(#603,#605);
#603 = ( REPRESENTATION_RELATIONSHIP('','',#592,#10)
REPRESENTATION_RELATIONSHIP_WITH_TRANSFORMATION(#604)
SHAPE_REPRESENTATION_RELATIONSHIP() );
#604 = ITEM_DEFINED_TRANSFORMATION('','',#11,#35);
#605 = PRODUCT_DEFINITION_SHAPE('Placement','Placement of an item',#606
  );
#606 = NEXT_ASSEMBLY_USAGE_OCCURRENCE('8','F4','',#5,#587,$);
#607 = PRODUCT_RELATED_PRODUCT_CATEGORY('part',$,(#589));
#608 = SHAPE_DEFINITION_REPRESENTATION(#609,#615);
#609 = PRODUCT_DEFINITION_SHAPE('','',#610);
#610 = PRODUCT_DEFINITION('design','',#611,#614);
#611 = PRODUCT_DEFINITION_FORMATION('','',#612);
#612 = PRODUCT('Littelfuse_FLR_1786165_ENVELOPE',
  'Littelfuse_FLR_1786165_ENVELOPE','',(#613));
#613 = PRODUCT_CONTEXT('',#2,'mechanical');
#614 = PRODUCT_DEFINITION_CONTEXT('part definition',#2,'design');
#615 = ADVANCED_BREP_SHAPE_REPRESENTATION('',(#11,#616),#766);
#616 = MANIFOLD_SOLID_BREP('',#617);
#617 = CLOSED_SHELL('',(#618,#658,#698,#720,#737,#754));
#618 = ADVANCED_FACE('',(#619),#653,.T.);
#619 = FACE_BOUND('',#620,.T.);
#620 = EDGE_LOOP('',(#621,#631,#639,#647));
#621 = ORIENTED_EDGE('',*,*,#622,.T.);
#622 = EDGE_CURVE('',#623,#625,#627,.T.);
#623 = VERTEX_POINT('',#624);
#624 = CARTESIAN_POINT('',(-3.6,-1.75,0.));
#625 = VERTEX_POINT('',#626);
#626 = CARTESIAN_POINT('',(-3.6,4.25,0.));
#627 = LINE('',#628,#629);
#628 = CARTESIAN_POINT('',(-3.6,-1.75,0.));
#629 = VECTOR('',#630,1.);
#630 = DIRECTION('',(0.,1.,0.));
#631 = ORIENTED_EDGE('',*,*,#632,.F.);
#632 = EDGE_CURVE('',#633,#625,#635,.T.);
#633 = VERTEX_POINT('',#634);
#634 = CARTESIAN_POINT('',(16.4,4.25,0.));
#635 = LINE('',#636,#637);
#636 = CARTESIAN_POINT('',(16.4,4.25,0.));
#637 = VECTOR('',#638,1.);
#638 = DIRECTION('',(-1.,0.,0.));
#639 = ORIENTED_EDGE('',*,*,#640,.F.);
#640 = EDGE_CURVE('',#641,#633,#643,.T.);
#641 = VERTEX_POINT('',#642);
#642 = CARTESIAN_POINT('',(16.4,-1.75,0.));
#643 = LINE('',#644,#645);
#644 = CARTESIAN_POINT('',(16.4,-1.75,0.));
#645 = VECTOR('',#646,1.);
#646 = DIRECTION('',(0.,1.,0.));
#647 = ORIENTED_EDGE('',*,*,#648,.F.);
#648 = EDGE_CURVE('',#623,#641,#649,.T.);
#649 = LINE('',#650,#651);
#650 = CARTESIAN_POINT('',(-3.6,-1.75,0.));
#651 = VECTOR('',#652,1.);
#652 = DIRECTION('',(1.,0.,0.));
#653 = PLANE('',#654);
#654 = AXIS2_PLACEMENT_3D('',#655,#656,#657);
#655 = CARTESIAN_POINT('',(-3.6,-1.75,0.));
#656 = DIRECTION('',(0.,0.,-1.));
#657 = DIRECTION('',(0.,1.,0.));
#658 = ADVANCED_FACE('',(#659),#693,.T.);
#659 = FACE_BOUND('',#660,.T.);
#660 = EDGE_LOOP('',(#661,#671,#679,#687));
#661 = ORIENTED_EDGE('',*,*,#662,.T.);
#662 = EDGE_CURVE('',#663,#665,#667,.T.);
#663 = VERTEX_POINT('',#664);
#664 = CARTESIAN_POINT('',(-3.6,-1.75,21.6));
#665 = VERTEX_POINT('',#666);
#666 = CARTESIAN_POINT('',(16.4,-1.75,21.6));
#667 = LINE('',#668,#669);
#668 = CARTESIAN_POINT('',(-3.6,-1.75,21.6));
#669 = VECTOR('',#670,1.);
#670 = DIRECTION('',(1.,0.,0.));
#671 = ORIENTED_EDGE('',*,*,#672,.T.);
#672 = EDGE_CURVE('',#665,#673,#675,.T.);
#673 = VERTEX_POINT('',#674);
#674 = CARTESIAN_POINT('',(16.4,4.25,21.6));
#675 = LINE('',#676,#677);
#676 = CARTESIAN_POINT('',(16.4,-1.75,21.6));
#677 = VECTOR('',#678,1.);
#678 = DIRECTION('',(0.,1.,0.));
#679 = ORIENTED_EDGE('',*,*,#680,.T.);
#680 = EDGE_CURVE('',#673,#681,#683,.T.);
#681 = VERTEX_POINT('',#682);
#682 = CARTESIAN_POINT('',(-3.6,4.25,21.6));
#683 = LINE('',#684,#685);
#684 = CARTESIAN_POINT('',(16.4,4.25,21.6));
#685 = VECTOR('',#686,1.);
#686 = DIRECTION('',(-1.,0.,0.));
#687 = ORIENTED_EDGE('',*,*,#688,.F.);
#688 = EDGE_CURVE('',#663,#681,#689,.T.);
#689 = LINE('',#690,#691);
#690 = CARTESIAN_POINT('',(-3.6,-1.75,21.6));
#691 = VECTOR('',#692,1.);
#692 = DIRECTION('',(0.,1.,0.));
#693 = PLANE('',#694);
#694 = AXIS2_PLACEMENT_3D('',#695,#696,#697);
#695 = CARTESIAN_POINT('',(-3.6,-1.75,21.6));
#696 = DIRECTION('',(0.,0.,1.));
#697 = DIRECTION('',(1.,0.,-0.));
#698 = ADVANCED_FACE('',(#699),#715,.T.);
#699 = FACE_BOUND('',#700,.T.);
#700 = EDGE_LOOP('',(#701,#702,#708,#709));
#701 = ORIENTED_EDGE('',*,*,#648,.T.);
#702 = ORIENTED_EDGE('',*,*,#703,.T.);
#703 = EDGE_CURVE('',#641,#665,#704,.T.);
#704 = LINE('',#705,#706);
#705 = CARTESIAN_POINT('',(16.4,-1.75,0.));
#706 = VECTOR('',#707,1.);
#707 = DIRECTION('',(0.,0.,1.));
#708 = ORIENTED_EDGE('',*,*,#662,.F.);
#709 = ORIENTED_EDGE('',*,*,#710,.F.);
#710 = EDGE_CURVE('',#623,#663,#711,.T.);
#711 = LINE('',#712,#713);
#712 = CARTESIAN_POINT('',(-3.6,-1.75,0.));
#713 = VECTOR('',#714,1.);
#714 = DIRECTION('',(0.,0.,1.));
#715 = PLANE('',#716);
#716 = AXIS2_PLACEMENT_3D('',#717,#718,#719);
#717 = CARTESIAN_POINT('',(-3.6,-1.75,0.));
#718 = DIRECTION('',(0.,-1.,0.));
#719 = DIRECTION('',(1.,0.,0.));
#720 = ADVANCED_FACE('',(#721),#732,.T.);
#721 = FACE_BOUND('',#722,.T.);
#722 = EDGE_LOOP('',(#723,#724,#730,#731));
#723 = ORIENTED_EDGE('',*,*,#640,.T.);
#724 = ORIENTED_EDGE('',*,*,#725,.T.);
#725 = EDGE_CURVE('',#633,#673,#726,.T.);
#726 = LINE('',#727,#728);
#727 = CARTESIAN_POINT('',(16.4,4.25,0.));
#728 = VECTOR('',#729,1.);
#729 = DIRECTION('',(0.,0.,1.));
#730 = ORIENTED_EDGE('',*,*,#672,.F.);
#731 = ORIENTED_EDGE('',*,*,#703,.F.);
#732 = PLANE('',#733);
#733 = AXIS2_PLACEMENT_3D('',#734,#735,#736);
#734 = CARTESIAN_POINT('',(16.4,-1.75,0.));
#735 = DIRECTION('',(1.,0.,0.));
#736 = DIRECTION('',(-0.,1.,0.));
#737 = ADVANCED_FACE('',(#738),#749,.T.);
#738 = FACE_BOUND('',#739,.T.);
#739 = EDGE_LOOP('',(#740,#741,#747,#748));
#740 = ORIENTED_EDGE('',*,*,#632,.T.);
#741 = ORIENTED_EDGE('',*,*,#742,.T.);
#742 = EDGE_CURVE('',#625,#681,#743,.T.);
#743 = LINE('',#744,#745);
#744 = CARTESIAN_POINT('',(-3.6,4.25,0.));
#745 = VECTOR('',#746,1.);
#746 = DIRECTION('',(0.,0.,1.));
#747 = ORIENTED_EDGE('',*,*,#680,.F.);
#748 = ORIENTED_EDGE('',*,*,#725,.F.);
#749 = PLANE('',#750);
#750 = AXIS2_PLACEMENT_3D('',#751,#752,#753);
#751 = CARTESIAN_POINT('',(16.4,4.25,0.));
#752 = DIRECTION('',(0.,1.,0.));
#753 = DIRECTION('',(-1.,0.,0.));
#754 = ADVANCED_FACE('',(#755),#761,.T.);
#755 = FACE_BOUND('',#756,.T.);
#756 = EDGE_LOOP('',(#757,#758,#759,#760));
#757 = ORIENTED_EDGE('',*,*,#622,.F.);
#758 = ORIENTED_EDGE('',*,*,#710,.T.);
#759 = ORIENTED_EDGE('',*,*,#688,.T.);
#760 = ORIENTED_EDGE('',*,*,#742,.F.);
#761 = PLANE('',#762);
#762 = AXIS2_PLACEMENT_3D('',#763,#764,#765);
#763 = CARTESIAN_POINT('',(-3.6,4.25,0.));
#764 = DIRECTION('',(-1.,0.,0.));
#765 = DIRECTION('',(0.,-1.,0.));
#766 = ( GEOMETRIC_REPRESENTATION_CONTEXT(3)
GLOBAL_UNCERTAINTY_ASSIGNED_CONTEXT((#770)) GLOBAL_UNIT_ASSIGNED_CONTEXT
((#767,#768,#769)) REPRESENTATION_CONTEXT('Context #1',
  '3D Context with UNIT and UNCERTAINTY') );
#767 = ( LENGTH_UNIT() NAMED_UNIT(*) SI_UNIT(.MILLI.,.METRE.) );
#768 = ( NAMED_UNIT(*) PLANE_ANGLE_UNIT() SI_UNIT($,.RADIAN.) );
#769 = ( NAMED_UNIT(*) SI_UNIT($,.STERADIAN.) SOLID_ANGLE_UNIT() );
#770 = UNCERTAINTY_MEASURE_WITH_UNIT(LENGTH_MEASURE(1.E-07),#767,
  'distance_accuracy_value','confusion accuracy');
#771 = CONTEXT_DEPENDENT_SHAPE_REPRESENTATION(#772,#774);
#772 = ( REPRESENTATION_RELATIONSHIP('','',#615,#592)
REPRESENTATION_RELATIONSHIP_WITH_TRANSFORMATION(#773)
SHAPE_REPRESENTATION_RELATIONSHIP() );
#773 = ITEM_DEFINED_TRANSFORMATION('','',#11,#593);
#774 = PRODUCT_DEFINITION_SHAPE('Placement','Placement of an item',#775
  );
#775 = NEXT_ASSEMBLY_USAGE_OCCURRENCE('7','=>[0:1:1:5]','',#587,#610,$);
#776 = PRODUCT_RELATED_PRODUCT_CATEGORY('part',$,(#612));
#777 = CONTEXT_DEPENDENT_SHAPE_REPRESENTATION(#778,#780);
#778 = ( REPRESENTATION_RELATIONSHIP('','',#592,#10)
REPRESENTATION_RELATIONSHIP_WITH_TRANSFORMATION(#779)
SHAPE_REPRESENTATION_RELATIONSHIP() );
#779 = ITEM_DEFINED_TRANSFORMATION('','',#11,#39);
#780 = PRODUCT_DEFINITION_SHAPE('Placement','Placement of an item',#781
  );
#781 = NEXT_ASSEMBLY_USAGE_OCCURRENCE('9','F2','',#5,#587,$);
#782 = CONTEXT_DEPENDENT_SHAPE_REPRESENTATION(#783,#785);
#783 = ( REPRESENTATION_RELATIONSHIP('','',#592,#10)
REPRESENTATION_RELATIONSHIP_WITH_TRANSFORMATION(#784)
SHAPE_REPRESENTATION_RELATIONSHIP() );
#784 = ITEM_DEFINED_TRANSFORMATION('','',#11,#43);
#785 = PRODUCT_DEFINITION_SHAPE('Placement','Placement of an item',#786
  );
#786 = NEXT_ASSEMBLY_USAGE_OCCURRENCE('10','F3','',#5,#587,$);
#787 = CONTEXT_DEPENDENT_SHAPE_REPRESENTATION(#788,#790);
#788 = ( REPRESENTATION_RELATIONSHIP('','',#592,#10)
REPRESENTATION_RELATIONSHIP_WITH_TRANSFORMATION(#789)
SHAPE_REPRESENTATION_RELATIONSHIP() );
#789 = ITEM_DEFINED_TRANSFORMATION('','',#11,#47);
#790 = PRODUCT_DEFINITION_SHAPE('Placement','Placement of an item',#791
  );
#791 = NEXT_ASSEMBLY_USAGE_OCCURRENCE('11','F5','',#5,#587,$);
#792 = CONTEXT_DEPENDENT_SHAPE_REPRESENTATION(#793,#795);
#793 = ( REPRESENTATION_RELATIONSHIP('','',#592,#10)
REPRESENTATION_RELATIONSHIP_WITH_TRANSFORMATION(#794)
SHAPE_REPRESENTATION_RELATIONSHIP() );
#794 = ITEM_DEFINED_TRANSFORMATION('','',#11,#51);
#795 = PRODUCT_DEFINITION_SHAPE('Placement','Placement of an item',#796
  );
#796 = NEXT_ASSEMBLY_USAGE_OCCURRENCE('12','F1','',#5,#587,$);
#797 = SHAPE_DEFINITION_REPRESENTATION(#798,#804);
#798 = PRODUCT_DEFINITION_SHAPE('','',#799);
#799 = PRODUCT_DEFINITION('design','',#800,#803);
#800 = PRODUCT_DEFINITION_FORMATION('','',#801);
#801 = PRODUCT('MAIN_POWER_soldermask','MAIN_POWER_soldermask','',(#802)
  );
#802 = PRODUCT_CONTEXT('',#2,'mechanical');
#803 = PRODUCT_DEFINITION_CONTEXT('part definition',#2,'design');
#804 = MANIFOLD_SURFACE_SHAPE_REPRESENTATION('',(#11,#805),#2031);
#805 = SHELL_BASED_SURFACE_MODEL('',(#806));
#806 = OPEN_SHELL('',(#807));
#807 = ADVANCED_FACE('',(#808,#1355,#1366,#1377,#1388,#1399,#1410,#1421,
    #1432,#1443,#1454,#1465,#1476,#1487,#1498,#1509,#1520,#1531,#1542,
    #1553,#1564,#1575,#1586,#1597,#1608,#1619,#1630,#1641,#1652,#1663,
    #1674,#1685,#1696,#1707,#1718,#1729,#1740,#1751,#1762,#1773,#1784,
    #1795,#1806,#1817,#1828,#1839,#1850,#1861,#1872,#1883,#1894,#1905,
    #1916,#1927,#1938,#1949,#1960,#1971,#1982,#1993,#2004,#2015),#2026,
  .T.);
#808 = FACE_BOUND('',#809,.F.);
#809 = EDGE_LOOP('',(#810,#821,#829,#837,#845,#854,#862,#870,#879,#887,
    #895,#903,#912,#920,#928,#936,#945,#953,#961,#970,#978,#986,#994,
    #1003,#1011,#1019,#1027,#1036,#1044,#1052,#1060,#1069,#1077,#1085,
    #1093,#1102,#1110,#1118,#1126,#1135,#1143,#1151,#1159,#1168,#1176,
    #1184,#1192,#1201,#1209,#1217,#1225,#1234,#1242,#1250,#1258,#1267,
    #1275,#1283,#1291,#1300,#1308,#1316,#1324,#1333,#1341,#1349));
#810 = ORIENTED_EDGE('',*,*,#811,.T.);
#811 = EDGE_CURVE('',#812,#814,#816,.T.);
#812 = VERTEX_POINT('',#813);
#813 = CARTESIAN_POINT('',(87.155765,-55.893325,1.125));
#814 = VERTEX_POINT('',#815);
#815 = CARTESIAN_POINT('',(88.988007,-55.134349,1.125));
#816 = CIRCLE('',#817,3.002579003012);
#817 = AXIS2_PLACEMENT_3D('',#818,#819,#820);
#818 = CARTESIAN_POINT('',(89.156498314699,-58.13219678569,1.125));
#819 = DIRECTION('',(0.,0.,-1.));
#820 = DIRECTION('',(-0.666338275426,0.745649584391,0.));
#821 = ORIENTED_EDGE('',*,*,#822,.T.);
#822 = EDGE_CURVE('',#814,#823,#825,.T.);
#823 = VERTEX_POINT('',#824);
#824 = CARTESIAN_POINT('',(89.156349,-55.131981,1.125));
#825 = LINE('',#826,#827);
#826 = CARTESIAN_POINT('',(88.988007,-55.134349,1.125));
#827 = VECTOR('',#828,1.);
#828 = DIRECTION('',(0.999901080027,1.406521104359E-02,0.));
#829 = ORIENTED_EDGE('',*,*,#830,.T.);
#830 = EDGE_CURVE('',#823,#831,#833,.T.);
#831 = VERTEX_POINT('',#832);
#832 = CARTESIAN_POINT('',(123.6,-55.131981,1.125));
#833 = LINE('',#834,#835);
#834 = CARTESIAN_POINT('',(89.156349,-55.131981,1.125));
#835 = VECTOR('',#836,1.);
#836 = DIRECTION('',(1.,0.,0.));
#837 = ORIENTED_EDGE('',*,*,#838,.T.);
#838 = EDGE_CURVE('',#831,#839,#841,.T.);
#839 = VERTEX_POINT('',#840);
#840 = CARTESIAN_POINT('',(123.802711,-55.134545,1.125));
#841 = LINE('',#842,#843);
#842 = CARTESIAN_POINT('',(123.6,-55.131981,1.125));
#843 = VECTOR('',#844,1.);
#844 = DIRECTION('',(0.999920016702,-1.264753724674E-02,0.));
#845 = ORIENTED_EDGE('',*,*,#846,.T.);
#846 = EDGE_CURVE('',#839,#847,#849,.T.);
#847 = VERTEX_POINT('',#848);
#848 = CARTESIAN_POINT('',(126.050603,-62.296648,1.125));
#849 = CIRCLE('',#850,4.002571290438);
#850 = AXIS2_PLACEMENT_3D('',#851,#852,#853);
#851 = CARTESIAN_POINT('',(123.60000053275,-59.13197985269,1.125));
#852 = DIRECTION('',(0.,0.,-1.));
#853 = DIRECTION('',(5.06450610202E-02,0.998716715488,0.));
#854 = ORIENTED_EDGE('',*,*,#855,.T.);
#855 = EDGE_CURVE('',#847,#856,#858,.T.);
#856 = VERTEX_POINT('',#857);
#857 = CARTESIAN_POINT('',(125.885714,-62.414589,1.125));
#858 = LINE('',#859,#860);
#859 = CARTESIAN_POINT('',(126.050603,-62.296648,1.125));
#860 = VECTOR('',#861,1.);
#861 = DIRECTION('',(-0.813352676734,-0.581770937095,0.));
#862 = ORIENTED_EDGE('',*,*,#863,.T.);
#863 = EDGE_CURVE('',#856,#864,#866,.T.);
#864 = VERTEX_POINT('',#865);
#865 = CARTESIAN_POINT('',(125.73912,-62.519993,1.125));
#866 = LINE('',#867,#868);
#867 = CARTESIAN_POINT('',(125.885714,-62.414589,1.125));
#868 = VECTOR('',#869,1.);
#869 = DIRECTION('',(-0.811911514207,-0.583780517916,0.));
#870 = ORIENTED_EDGE('',*,*,#871,.T.);
#871 = EDGE_CURVE('',#864,#872,#874,.T.);
#872 = VERTEX_POINT('',#873);
#873 = CARTESIAN_POINT('',(124.602688,-64.69601,1.125));
#874 = CIRCLE('',#875,3.002545673052);
#875 = AXIS2_PLACEMENT_3D('',#876,#877,#878);
#876 = CARTESIAN_POINT('',(127.59980378456,-64.87650236188,1.125));
#877 = DIRECTION('',(0.,0.,1.));
#878 = DIRECTION('',(-0.619702075229,0.78483714104,0.));
#879 = ORIENTED_EDGE('',*,*,#880,.T.);
#880 = EDGE_CURVE('',#872,#881,#883,.T.);
#881 = VERTEX_POINT('',#882);
#882 = CARTESIAN_POINT('',(124.6,-64.876544,1.125));
#883 = LINE('',#884,#885);
#884 = CARTESIAN_POINT('',(124.602688,-64.69601,1.125));
#885 = VECTOR('',#886,1.);
#886 = DIRECTION('',(-1.488751205871E-02,-0.999889174851,0.));
#887 = ORIENTED_EDGE('',*,*,#888,.T.);
#888 = EDGE_CURVE('',#881,#889,#891,.T.);
#889 = VERTEX_POINT('',#890);
#890 = CARTESIAN_POINT('',(124.6,-69.131981,1.125));
#891 = LINE('',#892,#893);
#892 = CARTESIAN_POINT('',(124.6,-64.876544,1.125));
#893 = VECTOR('',#894,1.);
#894 = DIRECTION('',(0.,-1.,0.));
#895 = ORIENTED_EDGE('',*,*,#896,.T.);
#896 = EDGE_CURVE('',#889,#897,#899,.T.);
#897 = VERTEX_POINT('',#898);
#898 = CARTESIAN_POINT('',(124.602486,-69.518264,1.125));
#899 = LINE('',#900,#901);
#900 = CARTESIAN_POINT('',(124.6,-69.131981,1.125));
#901 = VECTOR('',#902,1.);
#902 = DIRECTION('',(6.435562835539E-03,-0.999979291551,0.));
#903 = ORIENTED_EDGE('',*,*,#904,.T.);
#904 = EDGE_CURVE('',#897,#905,#907,.T.);
#905 = VERTEX_POINT('',#906);
#906 = CARTESIAN_POINT('',(154.597514,-69.518264,1.125));
#907 = CIRCLE('',#908,15.002487813431);
#908 = AXIS2_PLACEMENT_3D('',#909,#910,#911);
#909 = CARTESIAN_POINT('',(139.6,-69.13198118656,1.125));
#910 = DIRECTION('',(0.,0.,1.));
#911 = DIRECTION('',(-0.999668467424,-2.574791716113E-02,0.));
#912 = ORIENTED_EDGE('',*,*,#913,.T.);
#913 = EDGE_CURVE('',#905,#914,#916,.T.);
#914 = VERTEX_POINT('',#915);
#915 = CARTESIAN_POINT('',(154.6,-69.131981,1.125));
#916 = LINE('',#917,#918);
#917 = CARTESIAN_POINT('',(154.597514,-69.518264,1.125));
#918 = VECTOR('',#919,1.);
#919 = DIRECTION('',(6.435562835539E-03,0.999979291551,0.));
#920 = ORIENTED_EDGE('',*,*,#921,.T.);
#921 = EDGE_CURVE('',#914,#922,#924,.T.);
#922 = VERTEX_POINT('',#923);
#923 = CARTESIAN_POINT('',(154.6,-64.876544,1.125));
#924 = LINE('',#925,#926);
#925 = CARTESIAN_POINT('',(154.6,-69.131981,1.125));
#926 = VECTOR('',#927,1.);
#927 = DIRECTION('',(0.,1.,0.));
#928 = ORIENTED_EDGE('',*,*,#929,.T.);
#929 = EDGE_CURVE('',#922,#930,#932,.T.);
#930 = VERTEX_POINT('',#931);
#931 = CARTESIAN_POINT('',(154.597311,-64.69601,1.125));
#932 = LINE('',#933,#934);
#933 = CARTESIAN_POINT('',(154.6,-64.876544,1.125));
#934 = VECTOR('',#935,1.);
#935 = DIRECTION('',(-1.489304933941E-02,0.99988909239,0.));
#936 = ORIENTED_EDGE('',*,*,#937,.T.);
#937 = EDGE_CURVE('',#930,#938,#940,.T.);
#938 = VERTEX_POINT('',#939);
#939 = CARTESIAN_POINT('',(153.460903,-62.51996,1.125));
#940 = CIRCLE('',#941,3.002850136439);
#941 = AXIS2_PLACEMENT_3D('',#942,#943,#944);
#942 = CARTESIAN_POINT('',(151.59989621704,-64.87660225026,1.125));
#943 = DIRECTION('',(0.,0.,1.));
#944 = DIRECTION('',(0.998189935148,6.014028075216E-02,-0.));
#945 = ORIENTED_EDGE('',*,*,#946,.T.);
#946 = EDGE_CURVE('',#938,#947,#949,.T.);
#947 = VERTEX_POINT('',#948);
#948 = CARTESIAN_POINT('',(153.314286,-62.414588,1.125));
#949 = LINE('',#950,#951);
#950 = CARTESIAN_POINT('',(153.460903,-62.51996,1.125));
#951 = VECTOR('',#952,1.);
#952 = DIRECTION('',(-0.812038912001,0.583603294539,0.));
#953 = ORIENTED_EDGE('',*,*,#954,.T.);
#954 = EDGE_CURVE('',#947,#955,#957,.T.);
#955 = VERTEX_POINT('',#956);
#956 = CARTESIAN_POINT('',(153.149377,-62.296675,1.125));
#957 = LINE('',#958,#959);
#958 = CARTESIAN_POINT('',(153.314286,-62.414588,1.125));
#959 = VECTOR('',#960,1.);
#960 = DIRECTION('',(-0.813451410001,0.581632876965,0.));
#961 = ORIENTED_EDGE('',*,*,#962,.T.);
#962 = EDGE_CURVE('',#955,#963,#965,.T.);
#963 = VERTEX_POINT('',#964);
#964 = CARTESIAN_POINT('',(155.397288,-55.134547,1.125));
#965 = CIRCLE('',#966,4.002589352718);
#966 = AXIS2_PLACEMENT_3D('',#967,#968,#969);
#967 = CARTESIAN_POINT('',(155.59999994245,-59.13199986337,1.125));
#968 = DIRECTION('',(0.,0.,-1.));
#969 = DIRECTION('',(-0.612259396731,-0.790656961719,-0.));
#970 = ORIENTED_EDGE('',*,*,#971,.T.);
#971 = EDGE_CURVE('',#963,#972,#974,.T.);
#972 = VERTEX_POINT('',#973);
#973 = CARTESIAN_POINT('',(155.6,-55.131981,1.125));
#974 = LINE('',#975,#976);
#975 = CARTESIAN_POINT('',(155.397288,-55.134547,1.125));
#976 = VECTOR('',#977,1.);
#977 = DIRECTION('',(0.99991989268,1.265733871015E-02,0.));
#978 = ORIENTED_EDGE('',*,*,#979,.T.);
#979 = EDGE_CURVE('',#972,#980,#982,.T.);
#980 = VERTEX_POINT('',#981);
#981 = CARTESIAN_POINT('',(190.043651,-55.131981,1.125));
#982 = LINE('',#983,#984);
#983 = CARTESIAN_POINT('',(155.6,-55.131981,1.125));
#984 = VECTOR('',#985,1.);
#985 = DIRECTION('',(1.,0.,0.));
#986 = ORIENTED_EDGE('',*,*,#987,.T.);
#987 = EDGE_CURVE('',#980,#988,#990,.T.);
#988 = VERTEX_POINT('',#989);
#989 = CARTESIAN_POINT('',(190.212,-55.13427,1.125));
#990 = LINE('',#991,#992);
#991 = CARTESIAN_POINT('',(190.043651,-55.131981,1.125));
#992 = VECTOR('',#993,1.);
#993 = DIRECTION('',(0.99990757695,-1.359549770795E-02,0.));
#994 = ORIENTED_EDGE('',*,*,#995,.T.);
#995 = EDGE_CURVE('',#988,#996,#998,.T.);
#996 = VERTEX_POINT('',#997);
#997 = CARTESIAN_POINT('',(192.044326,-55.893224,1.125));
#998 = CIRCLE('',#999,3.002152382178);
#999 = AXIS2_PLACEMENT_3D('',#1000,#1001,#1002);
#1000 = CARTESIAN_POINT('',(190.04379755525,-58.13170671549,1.125));
#1001 = DIRECTION('',(0.,0.,-1.));
#1002 = DIRECTION('',(5.602728420674E-02,0.998429238066,0.));
#1003 = ORIENTED_EDGE('',*,*,#1004,.T.);
#1004 = EDGE_CURVE('',#996,#1005,#1007,.T.);
#1005 = VERTEX_POINT('',#1006);
#1006 = CARTESIAN_POINT('',(192.164971,-56.010661,1.125));
#1007 = LINE('',#1008,#1009);
#1008 = CARTESIAN_POINT('',(192.044326,-55.893224,1.125));
#1009 = VECTOR('',#1010,1.);
#1010 = DIRECTION('',(0.716569538315,-0.697515660583,0.));
#1011 = ORIENTED_EDGE('',*,*,#1012,.T.);
#1012 = EDGE_CURVE('',#1005,#1013,#1015,.T.);
#1013 = VERTEX_POINT('',#1014);
#1014 = CARTESIAN_POINT('',(199.62132,-63.46701,1.125));
#1015 = LINE('',#1016,#1017);
#1016 = CARTESIAN_POINT('',(192.164971,-56.010661,1.125));
#1017 = VECTOR('',#1018,1.);
#1018 = DIRECTION('',(0.707106781187,-0.707106781187,0.));
#1019 = ORIENTED_EDGE('',*,*,#1020,.T.);
#1020 = EDGE_CURVE('',#1013,#1021,#1023,.T.);
#1021 = VERTEX_POINT('',#1022);
#1022 = CARTESIAN_POINT('',(199.738673,-63.58773,1.125));
#1023 = LINE('',#1024,#1025);
#1024 = CARTESIAN_POINT('',(199.62132,-63.46701,1.125));
#1025 = VECTOR('',#1026,1.);
#1026 = DIRECTION('',(0.697036661362,-0.717035489162,0.));
#1027 = ORIENTED_EDGE('',*,*,#1028,.T.);
#1028 = EDGE_CURVE('',#1021,#1029,#1031,.T.);
#1029 = VERTEX_POINT('',#1030);
#1030 = CARTESIAN_POINT('',(200.497637,-65.419987,1.125));
#1031 = CIRCLE('',#1032,3.002465844781);
#1032 = AXIS2_PLACEMENT_3D('',#1033,#1034,#1035);
#1033 = CARTESIAN_POINT('',(197.49989826833,-65.58840209955,1.125));
#1034 = DIRECTION('',(0.,0.,-1.));
#1035 = DIRECTION('',(0.74564536198,0.666343000382,0.));
#1036 = ORIENTED_EDGE('',*,*,#1037,.T.);
#1037 = EDGE_CURVE('',#1029,#1038,#1040,.T.);
#1038 = VERTEX_POINT('',#1039);
#1039 = CARTESIAN_POINT('',(200.5,-65.58833,1.125));
#1040 = LINE('',#1041,#1042);
#1041 = CARTESIAN_POINT('',(200.497637,-65.419987,1.125));
#1042 = VECTOR('',#1043,1.);
#1043 = DIRECTION('',(1.403543503914E-02,-0.99990149843,0.));
#1044 = ORIENTED_EDGE('',*,*,#1045,.T.);
#1045 = EDGE_CURVE('',#1038,#1046,#1048,.T.);
#1046 = VERTEX_POINT('',#1047);
#1047 = CARTESIAN_POINT('',(200.5,-87.631981,1.125));
#1048 = LINE('',#1049,#1050);
#1049 = CARTESIAN_POINT('',(200.5,-65.58833,1.125));
#1050 = VECTOR('',#1051,1.);
#1051 = DIRECTION('',(0.,-1.,0.));
#1052 = ORIENTED_EDGE('',*,*,#1053,.T.);
#1053 = EDGE_CURVE('',#1046,#1054,#1056,.T.);
#1054 = VERTEX_POINT('',#1055);
#1055 = CARTESIAN_POINT('',(200.497709,-87.800329,1.125));
#1056 = LINE('',#1057,#1058);
#1057 = CARTESIAN_POINT('',(200.5,-87.631981,1.125));
#1058 = VECTOR('',#1059,1.);
#1059 = DIRECTION('',(-1.360745530782E-02,-0.999907414294,0.));
#1060 = ORIENTED_EDGE('',*,*,#1061,.T.);
#1061 = EDGE_CURVE('',#1054,#1062,#1064,.T.);
#1062 = VERTEX_POINT('',#1063);
#1063 = CARTESIAN_POINT('',(197.668348,-90.629708,1.125));
#1064 = CIRCLE('',#1065,3.002432350954);
#1065 = AXIS2_PLACEMENT_3D('',#1066,#1067,#1068);
#1066 = CARTESIAN_POINT('',(197.49999902954,-87.63199910049,1.125));
#1067 = DIRECTION('',(0.,0.,-1.));
#1068 = DIRECTION('',(0.998427148411,-5.606451031504E-02,0.));
#1069 = ORIENTED_EDGE('',*,*,#1070,.T.);
#1070 = EDGE_CURVE('',#1062,#1071,#1073,.T.);
#1071 = VERTEX_POINT('',#1072);
#1072 = CARTESIAN_POINT('',(197.5,-90.631981,1.125));
#1073 = LINE('',#1074,#1075);
#1074 = CARTESIAN_POINT('',(197.668348,-90.629708,1.125));
#1075 = VECTOR('',#1076,1.);
#1076 = DIRECTION('',(-0.999908863241,-1.350056339338E-02,0.));
#1077 = ORIENTED_EDGE('',*,*,#1078,.T.);
#1078 = EDGE_CURVE('',#1071,#1079,#1081,.T.);
#1079 = VERTEX_POINT('',#1080);
#1080 = CARTESIAN_POINT('',(170.842641,-90.631981,1.125));
#1081 = LINE('',#1082,#1083);
#1082 = CARTESIAN_POINT('',(197.5,-90.631981,1.125));
#1083 = VECTOR('',#1084,1.);
#1084 = DIRECTION('',(-1.,0.,0.));
#1085 = ORIENTED_EDGE('',*,*,#1086,.T.);
#1086 = EDGE_CURVE('',#1079,#1087,#1089,.T.);
#1087 = VERTEX_POINT('',#1088);
#1088 = CARTESIAN_POINT('',(170.674298,-90.634366,1.125));
#1089 = LINE('',#1090,#1091);
#1090 = CARTESIAN_POINT('',(170.842641,-90.631981,1.125));
#1091 = VECTOR('',#1092,1.);
#1092 = DIRECTION('',(-0.999899656031,-1.416608162881E-02,0.));
#1093 = ORIENTED_EDGE('',*,*,#1094,.T.);
#1094 = EDGE_CURVE('',#1087,#1095,#1097,.T.);
#1095 = VERTEX_POINT('',#1096);
#1096 = CARTESIAN_POINT('',(168.842029,-91.393298,1.125));
#1097 = CIRCLE('',#1098,3.002563224098);
#1098 = AXIS2_PLACEMENT_3D('',#1099,#1100,#1101);
#1099 = CARTESIAN_POINT('',(170.84270156369,-93.63220291258,1.125));
#1100 = DIRECTION('',(0.,0.,1.));
#1101 = DIRECTION('',(-5.608660038962E-02,0.998425907745,0.));
#1102 = ORIENTED_EDGE('',*,*,#1103,.T.);
#1103 = EDGE_CURVE('',#1095,#1104,#1106,.T.);
#1104 = VERTEX_POINT('',#1105);
#1105 = CARTESIAN_POINT('',(168.72132,-91.510661,1.125));
#1106 = LINE('',#1107,#1108);
#1107 = CARTESIAN_POINT('',(168.842029,-91.393298,1.125));
#1108 = VECTOR('',#1109,1.);
#1109 = DIRECTION('',(-0.716974055361,-0.697099852201,0.));
#1110 = ORIENTED_EDGE('',*,*,#1111,.T.);
#1111 = EDGE_CURVE('',#1104,#1112,#1114,.T.);
#1112 = VERTEX_POINT('',#1113);
#1113 = CARTESIAN_POINT('',(160.47868,-99.753302,1.125));
#1114 = LINE('',#1115,#1116);
#1115 = CARTESIAN_POINT('',(168.72132,-91.510661,1.125));
#1116 = VECTOR('',#1117,1.);
#1117 = DIRECTION('',(-0.707106738293,-0.70710682408,0.));
#1118 = ORIENTED_EDGE('',*,*,#1119,.T.);
#1119 = EDGE_CURVE('',#1112,#1120,#1122,.T.);
#1120 = VERTEX_POINT('',#1121);
#1121 = CARTESIAN_POINT('',(160.361254,-99.873957,1.125));
#1122 = LINE('',#1123,#1124);
#1123 = CARTESIAN_POINT('',(160.47868,-99.753302,1.125));
#1124 = VECTOR('',#1125,1.);
#1125 = DIRECTION('',(-0.697452423656,-0.716631088313,0.));
#1126 = ORIENTED_EDGE('',*,*,#1127,.T.);
#1127 = EDGE_CURVE('',#1120,#1128,#1130,.T.);
#1128 = VERTEX_POINT('',#1129);
#1129 = CARTESIAN_POINT('',(159.602272,-101.706273,1.125));
#1130 = CIRCLE('',#1131,3.002346946082);
#1131 = AXIS2_PLACEMENT_3D('',#1132,#1133,#1134);
#1132 = CARTESIAN_POINT('',(162.59989668209,-101.8745984287,1.125));
#1133 = DIRECTION('',(0.,0.,1.));
#1134 = DIRECTION('',(-0.74563090885,0.666359173245,0.));
#1135 = ORIENTED_EDGE('',*,*,#1136,.T.);
#1136 = EDGE_CURVE('',#1128,#1137,#1139,.T.);
#1137 = VERTEX_POINT('',#1138);
#1138 = CARTESIAN_POINT('',(159.6,-101.874622,1.125));
#1139 = LINE('',#1140,#1141);
#1140 = CARTESIAN_POINT('',(159.602272,-101.706273,1.125));
#1141 = VECTOR('',#1142,1.);
#1142 = DIRECTION('',(-1.349454479607E-02,-0.999908944485,0.));
#1143 = ORIENTED_EDGE('',*,*,#1144,.T.);
#1144 = EDGE_CURVE('',#1137,#1145,#1147,.T.);
#1145 = VERTEX_POINT('',#1146);
#1146 = CARTESIAN_POINT('',(159.6,-112.631981,1.125));
#1147 = LINE('',#1148,#1149);
#1148 = CARTESIAN_POINT('',(159.6,-101.874622,1.125));
#1149 = VECTOR('',#1150,1.);
#1150 = DIRECTION('',(0.,-1.,0.));
#1151 = ORIENTED_EDGE('',*,*,#1152,.T.);
#1152 = EDGE_CURVE('',#1145,#1153,#1155,.T.);
#1153 = VERTEX_POINT('',#1154);
#1154 = CARTESIAN_POINT('',(159.597709,-112.800329,1.125));
#1155 = LINE('',#1156,#1157);
#1156 = CARTESIAN_POINT('',(159.6,-112.631981,1.125));
#1157 = VECTOR('',#1158,1.);
#1158 = DIRECTION('',(-1.360745530765E-02,-0.999907414294,0.));
#1159 = ORIENTED_EDGE('',*,*,#1160,.T.);
#1160 = EDGE_CURVE('',#1153,#1161,#1163,.T.);
#1161 = VERTEX_POINT('',#1162);
#1162 = CARTESIAN_POINT('',(156.768348,-115.629708,1.125));
#1163 = CIRCLE('',#1164,3.002432350955);
#1164 = AXIS2_PLACEMENT_3D('',#1165,#1166,#1167);
#1165 = CARTESIAN_POINT('',(156.59999902954,-112.6319991004,1.125));
#1166 = DIRECTION('',(0.,0.,-1.));
#1167 = DIRECTION('',(0.998427148411,-5.606451031506E-02,0.));
#1168 = ORIENTED_EDGE('',*,*,#1169,.T.);
#1169 = EDGE_CURVE('',#1161,#1170,#1172,.T.);
#1170 = VERTEX_POINT('',#1171);
#1171 = CARTESIAN_POINT('',(156.6,-115.631981,1.125));
#1172 = LINE('',#1173,#1174);
#1173 = CARTESIAN_POINT('',(156.768348,-115.629708,1.125));
#1174 = VECTOR('',#1175,1.);
#1175 = DIRECTION('',(-0.999908863241,-1.350056339338E-02,0.));
#1176 = ORIENTED_EDGE('',*,*,#1177,.T.);
#1177 = EDGE_CURVE('',#1170,#1178,#1180,.T.);
#1178 = VERTEX_POINT('',#1179);
#1179 = CARTESIAN_POINT('',(122.6,-115.631981,1.125));
#1180 = LINE('',#1181,#1182);
#1181 = CARTESIAN_POINT('',(156.6,-115.631981,1.125));
#1182 = VECTOR('',#1183,1.);
#1183 = DIRECTION('',(-1.,0.,0.));
#1184 = ORIENTED_EDGE('',*,*,#1185,.T.);
#1185 = EDGE_CURVE('',#1178,#1186,#1188,.T.);
#1186 = VERTEX_POINT('',#1187);
#1187 = CARTESIAN_POINT('',(122.431651,-115.629727,1.125));
#1188 = LINE('',#1189,#1190);
#1189 = CARTESIAN_POINT('',(122.6,-115.631981,1.125));
#1190 = VECTOR('',#1191,1.);
#1191 = DIRECTION('',(-0.999910381357,1.338765302778E-02,0.));
#1192 = ORIENTED_EDGE('',*,*,#1193,.T.);
#1193 = EDGE_CURVE('',#1186,#1194,#1196,.T.);
#1194 = VERTEX_POINT('',#1195);
#1195 = CARTESIAN_POINT('',(119.602272,-112.80033,1.125));
#1196 = CIRCLE('',#1197,3.002450047326);
#1197 = AXIS2_PLACEMENT_3D('',#1198,#1199,#1200);
#1198 = CARTESIAN_POINT('',(122.59999970936,-112.6320003615,1.125));
#1199 = DIRECTION('',(0.,0.,-1.));
#1200 = DIRECTION('',(-5.607044470847E-02,-0.99842681516,-0.));
#1201 = ORIENTED_EDGE('',*,*,#1202,.T.);
#1202 = EDGE_CURVE('',#1194,#1203,#1205,.T.);
#1203 = VERTEX_POINT('',#1204);
#1204 = CARTESIAN_POINT('',(119.6,-112.631981,1.125));
#1205 = LINE('',#1206,#1207);
#1206 = CARTESIAN_POINT('',(119.602272,-112.80033,1.125));
#1207 = VECTOR('',#1208,1.);
#1208 = DIRECTION('',(-1.349454479607E-02,0.999908944485,0.));
#1209 = ORIENTED_EDGE('',*,*,#1210,.T.);
#1210 = EDGE_CURVE('',#1203,#1211,#1213,.T.);
#1211 = VERTEX_POINT('',#1212);
#1212 = CARTESIAN_POINT('',(119.6,-101.874622,1.125));
#1213 = LINE('',#1214,#1215);
#1214 = CARTESIAN_POINT('',(119.6,-112.631981,1.125));
#1215 = VECTOR('',#1216,1.);
#1216 = DIRECTION('',(0.,1.,0.));
#1217 = ORIENTED_EDGE('',*,*,#1218,.T.);
#1218 = EDGE_CURVE('',#1211,#1219,#1221,.T.);
#1219 = VERTEX_POINT('',#1220);
#1220 = CARTESIAN_POINT('',(119.597662,-101.706278,1.125));
#1221 = LINE('',#1222,#1223);
#1222 = CARTESIAN_POINT('',(119.6,-101.874622,1.125));
#1223 = VECTOR('',#1224,1.);
#1224 = DIRECTION('',(-1.388688965747E-02,0.999903572499,0.));
#1225 = ORIENTED_EDGE('',*,*,#1226,.T.);
#1226 = EDGE_CURVE('',#1219,#1227,#1229,.T.);
#1227 = VERTEX_POINT('',#1228);
#1228 = CARTESIAN_POINT('',(118.838688,-99.874007,1.125));
#1229 = CIRCLE('',#1230,3.002484089624);
#1230 = AXIS2_PLACEMENT_3D('',#1231,#1232,#1233);
#1231 = CARTESIAN_POINT('',(116.59990524185,-101.8746974983,1.125));
#1232 = DIRECTION('',(0.,0.,1.));
#1233 = DIRECTION('',(0.998425526552,5.609338579101E-02,-0.));
#1234 = ORIENTED_EDGE('',*,*,#1235,.T.);
#1235 = EDGE_CURVE('',#1227,#1236,#1238,.T.);
#1236 = VERTEX_POINT('',#1237);
#1237 = CARTESIAN_POINT('',(118.72132,-99.753301,1.125));
#1238 = LINE('',#1239,#1240);
#1239 = CARTESIAN_POINT('',(118.838688,-99.874007,1.125));
#1240 = VECTOR('',#1241,1.);
#1241 = DIRECTION('',(-0.697124024171,0.716950552635,0.));
#1242 = ORIENTED_EDGE('',*,*,#1243,.T.);
#1243 = EDGE_CURVE('',#1236,#1244,#1246,.T.);
#1244 = VERTEX_POINT('',#1245);
#1245 = CARTESIAN_POINT('',(110.478679,-91.510661,1.125));
#1246 = LINE('',#1247,#1248);
#1247 = CARTESIAN_POINT('',(118.72132,-99.753301,1.125));
#1248 = VECTOR('',#1249,1.);
#1249 = DIRECTION('',(-0.70710682408,0.707106738293,0.));
#1250 = ORIENTED_EDGE('',*,*,#1251,.T.);
#1251 = EDGE_CURVE('',#1244,#1252,#1254,.T.);
#1252 = VERTEX_POINT('',#1253);
#1253 = CARTESIAN_POINT('',(110.358018,-91.393241,1.125));
#1254 = LINE('',#1255,#1256);
#1255 = CARTESIAN_POINT('',(110.478679,-91.510661,1.125));
#1256 = VECTOR('',#1257,1.);
#1257 = DIRECTION('',(-0.716666234618,0.697416309071,0.));
#1258 = ORIENTED_EDGE('',*,*,#1259,.T.);
#1259 = EDGE_CURVE('',#1252,#1260,#1262,.T.);
#1260 = VERTEX_POINT('',#1261);
#1261 = CARTESIAN_POINT('',(108.525708,-90.634252,1.125));
#1262 = CIRCLE('',#1263,3.002271261232);
#1263 = AXIS2_PLACEMENT_3D('',#1264,#1265,#1266);
#1264 = CARTESIAN_POINT('',(108.35739849724,-93.63180177228,1.125));
#1265 = DIRECTION('',(0.,0.,1.));
#1266 = DIRECTION('',(0.666368668479,0.745622422993,-0.));
#1267 = ORIENTED_EDGE('',*,*,#1268,.T.);
#1268 = EDGE_CURVE('',#1260,#1269,#1271,.T.);
#1269 = VERTEX_POINT('',#1270);
#1270 = CARTESIAN_POINT('',(108.357359,-90.631981,1.125));
#1271 = LINE('',#1272,#1273);
#1272 = CARTESIAN_POINT('',(108.525708,-90.634252,1.125));
#1273 = VECTOR('',#1274,1.);
#1274 = DIRECTION('',(-0.999909024611,1.348860637663E-02,0.));
#1275 = ORIENTED_EDGE('',*,*,#1276,.T.);
#1276 = EDGE_CURVE('',#1269,#1277,#1279,.T.);
#1277 = VERTEX_POINT('',#1278);
#1278 = CARTESIAN_POINT('',(81.7,-90.631981,1.125));
#1279 = LINE('',#1280,#1281);
#1280 = CARTESIAN_POINT('',(108.357359,-90.631981,1.125));
#1281 = VECTOR('',#1282,1.);
#1282 = DIRECTION('',(-1.,0.,0.));
#1283 = ORIENTED_EDGE('',*,*,#1284,.T.);
#1284 = EDGE_CURVE('',#1277,#1285,#1287,.T.);
#1285 = VERTEX_POINT('',#1286);
#1286 = CARTESIAN_POINT('',(81.531651,-90.629727,1.125));
#1287 = LINE('',#1288,#1289);
#1288 = CARTESIAN_POINT('',(81.7,-90.631981,1.125));
#1289 = VECTOR('',#1290,1.);
#1290 = DIRECTION('',(-0.999910381357,1.338765302778E-02,0.));
#1291 = ORIENTED_EDGE('',*,*,#1292,.T.);
#1292 = EDGE_CURVE('',#1285,#1293,#1295,.T.);
#1293 = VERTEX_POINT('',#1294);
#1294 = CARTESIAN_POINT('',(78.702272,-87.80033,1.125));
#1295 = CIRCLE('',#1296,3.002450047326);
#1296 = AXIS2_PLACEMENT_3D('',#1297,#1298,#1299);
#1297 = CARTESIAN_POINT('',(81.699999709369,-87.63200036157,1.125));
#1298 = DIRECTION('',(0.,0.,-1.));
#1299 = DIRECTION('',(-5.607044470847E-02,-0.99842681516,-0.));
#1300 = ORIENTED_EDGE('',*,*,#1301,.T.);
#1301 = EDGE_CURVE('',#1293,#1302,#1304,.T.);
#1302 = VERTEX_POINT('',#1303);
#1303 = CARTESIAN_POINT('',(78.7,-87.631981,1.125));
#1304 = LINE('',#1305,#1306);
#1305 = CARTESIAN_POINT('',(78.702272,-87.80033,1.125));
#1306 = VECTOR('',#1307,1.);
#1307 = DIRECTION('',(-1.349454479599E-02,0.999908944485,0.));
#1308 = ORIENTED_EDGE('',*,*,#1309,.T.);
#1309 = EDGE_CURVE('',#1302,#1310,#1312,.T.);
#1310 = VERTEX_POINT('',#1311);
#1311 = CARTESIAN_POINT('',(78.7,-65.58833,1.125));
#1312 = LINE('',#1313,#1314);
#1313 = CARTESIAN_POINT('',(78.7,-87.631981,1.125));
#1314 = VECTOR('',#1315,1.);
#1315 = DIRECTION('',(0.,1.,0.));
#1316 = ORIENTED_EDGE('',*,*,#1317,.T.);
#1317 = EDGE_CURVE('',#1310,#1318,#1320,.T.);
#1318 = VERTEX_POINT('',#1319);
#1319 = CARTESIAN_POINT('',(78.702264,-65.419981,1.125));
#1320 = LINE('',#1321,#1322);
#1321 = CARTESIAN_POINT('',(78.7,-65.58833,1.125));
#1322 = VECTOR('',#1323,1.);
#1323 = DIRECTION('',(1.344703740038E-02,0.999909584505,0.));
#1324 = ORIENTED_EDGE('',*,*,#1325,.T.);
#1325 = EDGE_CURVE('',#1318,#1326,#1328,.T.);
#1326 = VERTEX_POINT('',#1327);
#1327 = CARTESIAN_POINT('',(79.461244,-63.587656,1.125));
#1328 = CIRCLE('',#1329,3.002365943833);
#1329 = AXIS2_PLACEMENT_3D('',#1330,#1331,#1332);
#1330 = CARTESIAN_POINT('',(81.699907950599,-65.58830213987,1.125));
#1331 = DIRECTION('',(0.,0.,-1.));
#1332 = DIRECTION('',(-0.998427242607,5.606283278561E-02,0.));
#1333 = ORIENTED_EDGE('',*,*,#1334,.T.);
#1334 = EDGE_CURVE('',#1326,#1335,#1337,.T.);
#1335 = VERTEX_POINT('',#1336);
#1336 = CARTESIAN_POINT('',(79.57868,-63.46701,1.125));
#1337 = LINE('',#1338,#1339);
#1338 = CARTESIAN_POINT('',(79.461244,-63.587656,1.125));
#1339 = VECTOR('',#1340,1.);
#1340 = DIRECTION('',(0.697509642133,0.716575396683,0.));
#1341 = ORIENTED_EDGE('',*,*,#1342,.T.);
#1342 = EDGE_CURVE('',#1335,#1343,#1345,.T.);
#1343 = VERTEX_POINT('',#1344);
#1344 = CARTESIAN_POINT('',(87.035029,-56.010661,1.125));
#1345 = LINE('',#1346,#1347);
#1346 = CARTESIAN_POINT('',(79.57868,-63.46701,1.125));
#1347 = VECTOR('',#1348,1.);
#1348 = DIRECTION('',(0.707106781187,0.707106781187,0.));
#1349 = ORIENTED_EDGE('',*,*,#1350,.T.);
#1350 = EDGE_CURVE('',#1343,#812,#1351,.T.);
#1351 = LINE('',#1352,#1353);
#1352 = CARTESIAN_POINT('',(87.035029,-56.010661,1.125));
#1353 = VECTOR('',#1354,1.);
#1354 = DIRECTION('',(0.717132122869,0.696937241328,0.));
#1355 = FACE_BOUND('',#1356,.F.);
#1356 = EDGE_LOOP('',(#1357));
#1357 = ORIENTED_EDGE('',*,*,#1358,.T.);
#1358 = EDGE_CURVE('',#1359,#1359,#1361,.T.);
#1359 = VERTEX_POINT('',#1360);
#1360 = CARTESIAN_POINT('',(125.337473,-111.631981,1.125));
#1361 = CIRCLE('',#1362,1.737473);
#1362 = AXIS2_PLACEMENT_3D('',#1363,#1364,#1365);
#1363 = CARTESIAN_POINT('',(123.6,-111.631981,1.125));
#1364 = DIRECTION('',(0.,0.,1.));
#1365 = DIRECTION('',(1.,0.,-0.));
#1366 = FACE_BOUND('',#1367,.F.);
#1367 = EDGE_LOOP('',(#1368));
#1368 = ORIENTED_EDGE('',*,*,#1369,.T.);
#1369 = EDGE_CURVE('',#1370,#1370,#1372,.T.);
#1370 = VERTEX_POINT('',#1371);
#1371 = CARTESIAN_POINT('',(157.337473,-111.631981,1.125));
#1372 = CIRCLE('',#1373,1.737473);
#1373 = AXIS2_PLACEMENT_3D('',#1374,#1375,#1376);
#1374 = CARTESIAN_POINT('',(155.6,-111.631981,1.125));
#1375 = DIRECTION('',(0.,0.,1.));
#1376 = DIRECTION('',(1.,0.,-0.));
#1377 = FACE_BOUND('',#1378,.F.);
#1378 = EDGE_LOOP('',(#1379));
#1379 = ORIENTED_EDGE('',*,*,#1380,.T.);
#1380 = EDGE_CURVE('',#1381,#1381,#1383,.T.);
#1381 = VERTEX_POINT('',#1382);
#1382 = CARTESIAN_POINT('',(93.32442,-84.75,1.125));
#1383 = CIRCLE('',#1384,0.837439);
#1384 = AXIS2_PLACEMENT_3D('',#1385,#1386,#1387);
#1385 = CARTESIAN_POINT('',(92.486981,-84.75,1.125));
#1386 = DIRECTION('',(0.,0.,1.));
#1387 = DIRECTION('',(1.,0.,-0.));
#1388 = FACE_BOUND('',#1389,.F.);
#1389 = EDGE_LOOP('',(#1390));
#1390 = ORIENTED_EDGE('',*,*,#1391,.T.);
#1391 = EDGE_CURVE('',#1392,#1392,#1394,.T.);
#1392 = VERTEX_POINT('',#1393);
#1393 = CARTESIAN_POINT('',(97.28442,-84.75,1.125));
#1394 = CIRCLE('',#1395,0.837439);
#1395 = AXIS2_PLACEMENT_3D('',#1396,#1397,#1398);
#1396 = CARTESIAN_POINT('',(96.446981,-84.75,1.125));
#1397 = DIRECTION('',(0.,0.,1.));
#1398 = DIRECTION('',(1.,0.,-0.));
#1399 = FACE_BOUND('',#1400,.F.);
#1400 = EDGE_LOOP('',(#1401));
#1401 = ORIENTED_EDGE('',*,*,#1402,.T.);
#1402 = EDGE_CURVE('',#1403,#1403,#1405,.T.);
#1403 = VERTEX_POINT('',#1404);
#1404 = CARTESIAN_POINT('',(102.95317,-84.75,1.125));
#1405 = CIRCLE('',#1406,0.837439);
#1406 = AXIS2_PLACEMENT_3D('',#1407,#1408,#1409);
#1407 = CARTESIAN_POINT('',(102.115731,-84.75,1.125));
#1408 = DIRECTION('',(0.,0.,1.));
#1409 = DIRECTION('',(1.,0.,-0.));
#1410 = FACE_BOUND('',#1411,.F.);
#1411 = EDGE_LOOP('',(#1412));
#1412 = ORIENTED_EDGE('',*,*,#1413,.T.);
#1413 = EDGE_CURVE('',#1414,#1414,#1416,.T.);
#1414 = VERTEX_POINT('',#1415);
#1415 = CARTESIAN_POINT('',(106.91317,-84.75,1.125));
#1416 = CIRCLE('',#1417,0.837439);
#1417 = AXIS2_PLACEMENT_3D('',#1418,#1419,#1420);
#1418 = CARTESIAN_POINT('',(106.075731,-84.75,1.125));
#1419 = DIRECTION('',(0.,0.,1.));
#1420 = DIRECTION('',(1.,0.,-0.));
#1421 = FACE_BOUND('',#1422,.F.);
#1422 = EDGE_LOOP('',(#1423));
#1423 = ORIENTED_EDGE('',*,*,#1424,.T.);
#1424 = EDGE_CURVE('',#1425,#1425,#1427,.T.);
#1425 = VERTEX_POINT('',#1426);
#1426 = CARTESIAN_POINT('',(112.113451,-84.75,1.125));
#1427 = CIRCLE('',#1428,0.837439);
#1428 = AXIS2_PLACEMENT_3D('',#1429,#1430,#1431);
#1429 = CARTESIAN_POINT('',(111.276012,-84.75,1.125));
#1430 = DIRECTION('',(0.,0.,1.));
#1431 = DIRECTION('',(1.,0.,-0.));
#1432 = FACE_BOUND('',#1433,.F.);
#1433 = EDGE_LOOP('',(#1434));
#1434 = ORIENTED_EDGE('',*,*,#1435,.T.);
#1435 = EDGE_CURVE('',#1436,#1436,#1438,.T.);
#1436 = VERTEX_POINT('',#1437);
#1437 = CARTESIAN_POINT('',(116.073451,-84.75,1.125));
#1438 = CIRCLE('',#1439,0.837439);
#1439 = AXIS2_PLACEMENT_3D('',#1440,#1441,#1442);
#1440 = CARTESIAN_POINT('',(115.236012,-84.75,1.125));
#1441 = DIRECTION('',(0.,0.,1.));
#1442 = DIRECTION('',(1.,0.,-0.));
#1443 = FACE_BOUND('',#1444,.F.);
#1444 = EDGE_LOOP('',(#1445));
#1445 = ORIENTED_EDGE('',*,*,#1446,.T.);
#1446 = EDGE_CURVE('',#1447,#1447,#1449,.T.);
#1447 = VERTEX_POINT('',#1448);
#1448 = CARTESIAN_POINT('',(170.249939,-84.75,1.125));
#1449 = CIRCLE('',#1450,0.837439);
#1450 = AXIS2_PLACEMENT_3D('',#1451,#1452,#1453);
#1451 = CARTESIAN_POINT('',(169.4125,-84.75,1.125));
#1452 = DIRECTION('',(0.,0.,1.));
#1453 = DIRECTION('',(1.,0.,-0.));
#1454 = FACE_BOUND('',#1455,.F.);
#1455 = EDGE_LOOP('',(#1456));
#1456 = ORIENTED_EDGE('',*,*,#1457,.T.);
#1457 = EDGE_CURVE('',#1458,#1458,#1460,.T.);
#1458 = VERTEX_POINT('',#1459);
#1459 = CARTESIAN_POINT('',(174.209939,-84.75,1.125));
#1460 = CIRCLE('',#1461,0.837439);
#1461 = AXIS2_PLACEMENT_3D('',#1462,#1463,#1464);
#1462 = CARTESIAN_POINT('',(173.3725,-84.75,1.125));
#1463 = DIRECTION('',(0.,0.,1.));
#1464 = DIRECTION('',(1.,0.,-0.));
#1465 = FACE_BOUND('',#1466,.F.);
#1466 = EDGE_LOOP('',(#1467));
#1467 = ORIENTED_EDGE('',*,*,#1468,.T.);
#1468 = EDGE_CURVE('',#1469,#1469,#1471,.T.);
#1469 = VERTEX_POINT('',#1470);
#1470 = CARTESIAN_POINT('',(181.657439,-84.75,1.125));
#1471 = CIRCLE('',#1472,0.837439);
#1472 = AXIS2_PLACEMENT_3D('',#1473,#1474,#1475);
#1473 = CARTESIAN_POINT('',(180.82,-84.75,1.125));
#1474 = DIRECTION('',(0.,0.,1.));
#1475 = DIRECTION('',(1.,0.,-0.));
#1476 = FACE_BOUND('',#1477,.F.);
#1477 = EDGE_LOOP('',(#1478));
#1478 = ORIENTED_EDGE('',*,*,#1479,.T.);
#1479 = EDGE_CURVE('',#1480,#1480,#1482,.T.);
#1480 = VERTEX_POINT('',#1481);
#1481 = CARTESIAN_POINT('',(185.617439,-84.75,1.125));
#1482 = CIRCLE('',#1483,0.837439);
#1483 = AXIS2_PLACEMENT_3D('',#1484,#1485,#1486);
#1484 = CARTESIAN_POINT('',(184.78,-84.75,1.125));
#1485 = DIRECTION('',(0.,0.,1.));
#1486 = DIRECTION('',(1.,0.,-0.));
#1487 = FACE_BOUND('',#1488,.F.);
#1488 = EDGE_LOOP('',(#1489));
#1489 = ORIENTED_EDGE('',*,*,#1490,.T.);
#1490 = EDGE_CURVE('',#1491,#1491,#1493,.T.);
#1491 = VERTEX_POINT('',#1492);
#1492 = CARTESIAN_POINT('',(84.437473,-76.610156,1.125));
#1493 = CIRCLE('',#1494,1.737473);
#1494 = AXIS2_PLACEMENT_3D('',#1495,#1496,#1497);
#1495 = CARTESIAN_POINT('',(82.7,-76.610156,1.125));
#1496 = DIRECTION('',(0.,0.,1.));
#1497 = DIRECTION('',(1.,0.,-0.));
#1498 = FACE_BOUND('',#1499,.F.);
#1499 = EDGE_LOOP('',(#1500));
#1500 = ORIENTED_EDGE('',*,*,#1501,.T.);
#1501 = EDGE_CURVE('',#1502,#1502,#1504,.T.);
#1502 = VERTEX_POINT('',#1503);
#1503 = CARTESIAN_POINT('',(198.237473,-76.610156,1.125));
#1504 = CIRCLE('',#1505,1.737473);
#1505 = AXIS2_PLACEMENT_3D('',#1506,#1507,#1508);
#1506 = CARTESIAN_POINT('',(196.5,-76.610156,1.125));
#1507 = DIRECTION('',(0.,0.,1.));
#1508 = DIRECTION('',(1.,0.,-0.));
#1509 = FACE_BOUND('',#1510,.F.);
#1510 = EDGE_LOOP('',(#1511));
#1511 = ORIENTED_EDGE('',*,*,#1512,.T.);
#1512 = EDGE_CURVE('',#1513,#1513,#1515,.T.);
#1513 = VERTEX_POINT('',#1514);
#1514 = CARTESIAN_POINT('',(93.90442,-74.3,1.125));
#1515 = CIRCLE('',#1516,0.687439);
#1516 = AXIS2_PLACEMENT_3D('',#1517,#1518,#1519);
#1517 = CARTESIAN_POINT('',(93.216981,-74.3,1.125));
#1518 = DIRECTION('',(0.,0.,1.));
#1519 = DIRECTION('',(1.,0.,-0.));
#1520 = FACE_BOUND('',#1521,.F.);
#1521 = EDGE_LOOP('',(#1522));
#1522 = ORIENTED_EDGE('',*,*,#1523,.T.);
#1523 = EDGE_CURVE('',#1524,#1524,#1526,.T.);
#1524 = VERTEX_POINT('',#1525);
#1525 = CARTESIAN_POINT('',(96.40442,-74.3,1.125));
#1526 = CIRCLE('',#1527,0.687439);
#1527 = AXIS2_PLACEMENT_3D('',#1528,#1529,#1530);
#1528 = CARTESIAN_POINT('',(95.716981,-74.3,1.125));
#1529 = DIRECTION('',(0.,0.,1.));
#1530 = DIRECTION('',(1.,0.,-0.));
#1531 = FACE_BOUND('',#1532,.F.);
#1532 = EDGE_LOOP('',(#1533));
#1533 = ORIENTED_EDGE('',*,*,#1534,.T.);
#1534 = EDGE_CURVE('',#1535,#1535,#1537,.T.);
#1535 = VERTEX_POINT('',#1536);
#1536 = CARTESIAN_POINT('',(103.53317,-74.3,1.125));
#1537 = CIRCLE('',#1538,0.687439);
#1538 = AXIS2_PLACEMENT_3D('',#1539,#1540,#1541);
#1539 = CARTESIAN_POINT('',(102.845731,-74.3,1.125));
#1540 = DIRECTION('',(0.,0.,1.));
#1541 = DIRECTION('',(1.,0.,-0.));
#1542 = FACE_BOUND('',#1543,.F.);
#1543 = EDGE_LOOP('',(#1544));
#1544 = ORIENTED_EDGE('',*,*,#1545,.T.);
#1545 = EDGE_CURVE('',#1546,#1546,#1548,.T.);
#1546 = VERTEX_POINT('',#1547);
#1547 = CARTESIAN_POINT('',(106.03317,-74.3,1.125));
#1548 = CIRCLE('',#1549,0.687439);
#1549 = AXIS2_PLACEMENT_3D('',#1550,#1551,#1552);
#1550 = CARTESIAN_POINT('',(105.345731,-74.3,1.125));
#1551 = DIRECTION('',(0.,0.,1.));
#1552 = DIRECTION('',(1.,0.,-0.));
#1553 = FACE_BOUND('',#1554,.F.);
#1554 = EDGE_LOOP('',(#1555));
#1555 = ORIENTED_EDGE('',*,*,#1556,.T.);
#1556 = EDGE_CURVE('',#1557,#1557,#1559,.T.);
#1557 = VERTEX_POINT('',#1558);
#1558 = CARTESIAN_POINT('',(112.693451,-74.3,1.125));
#1559 = CIRCLE('',#1560,0.687439);
#1560 = AXIS2_PLACEMENT_3D('',#1561,#1562,#1563);
#1561 = CARTESIAN_POINT('',(112.006012,-74.3,1.125));
#1562 = DIRECTION('',(0.,0.,1.));
#1563 = DIRECTION('',(1.,0.,-0.));
#1564 = FACE_BOUND('',#1565,.F.);
#1565 = EDGE_LOOP('',(#1566));
#1566 = ORIENTED_EDGE('',*,*,#1567,.T.);
#1567 = EDGE_CURVE('',#1568,#1568,#1570,.T.);
#1568 = VERTEX_POINT('',#1569);
#1569 = CARTESIAN_POINT('',(115.193451,-74.3,1.125));
#1570 = CIRCLE('',#1571,0.687439);
#1571 = AXIS2_PLACEMENT_3D('',#1572,#1573,#1574);
#1572 = CARTESIAN_POINT('',(114.506012,-74.3,1.125));
#1573 = DIRECTION('',(0.,0.,1.));
#1574 = DIRECTION('',(1.,0.,-0.));
#1575 = FACE_BOUND('',#1576,.F.);
#1576 = EDGE_LOOP('',(#1577));
#1577 = ORIENTED_EDGE('',*,*,#1578,.T.);
#1578 = EDGE_CURVE('',#1579,#1579,#1581,.T.);
#1579 = VERTEX_POINT('',#1580);
#1580 = CARTESIAN_POINT('',(170.829939,-74.3,1.125));
#1581 = CIRCLE('',#1582,0.687439);
#1582 = AXIS2_PLACEMENT_3D('',#1583,#1584,#1585);
#1583 = CARTESIAN_POINT('',(170.1425,-74.3,1.125));
#1584 = DIRECTION('',(0.,0.,1.));
#1585 = DIRECTION('',(1.,0.,-0.));
#1586 = FACE_BOUND('',#1587,.F.);
#1587 = EDGE_LOOP('',(#1588));
#1588 = ORIENTED_EDGE('',*,*,#1589,.T.);
#1589 = EDGE_CURVE('',#1590,#1590,#1592,.T.);
#1590 = VERTEX_POINT('',#1591);
#1591 = CARTESIAN_POINT('',(173.329939,-74.3,1.125));
#1592 = CIRCLE('',#1593,0.687439);
#1593 = AXIS2_PLACEMENT_3D('',#1594,#1595,#1596);
#1594 = CARTESIAN_POINT('',(172.6425,-74.3,1.125));
#1595 = DIRECTION('',(0.,0.,1.));
#1596 = DIRECTION('',(1.,0.,-0.));
#1597 = FACE_BOUND('',#1598,.F.);
#1598 = EDGE_LOOP('',(#1599));
#1599 = ORIENTED_EDGE('',*,*,#1600,.T.);
#1600 = EDGE_CURVE('',#1601,#1601,#1603,.T.);
#1601 = VERTEX_POINT('',#1602);
#1602 = CARTESIAN_POINT('',(182.237439,-74.3,1.125));
#1603 = CIRCLE('',#1604,0.687439);
#1604 = AXIS2_PLACEMENT_3D('',#1605,#1606,#1607);
#1605 = CARTESIAN_POINT('',(181.55,-74.3,1.125));
#1606 = DIRECTION('',(0.,0.,1.));
#1607 = DIRECTION('',(1.,0.,-0.));
#1608 = FACE_BOUND('',#1609,.F.);
#1609 = EDGE_LOOP('',(#1610));
#1610 = ORIENTED_EDGE('',*,*,#1611,.T.);
#1611 = EDGE_CURVE('',#1612,#1612,#1614,.T.);
#1612 = VERTEX_POINT('',#1613);
#1613 = CARTESIAN_POINT('',(184.737439,-74.3,1.125));
#1614 = CIRCLE('',#1615,0.687439);
#1615 = AXIS2_PLACEMENT_3D('',#1616,#1617,#1618);
#1616 = CARTESIAN_POINT('',(184.05,-74.3,1.125));
#1617 = DIRECTION('',(0.,0.,1.));
#1618 = DIRECTION('',(1.,0.,-0.));
#1619 = FACE_BOUND('',#1620,.F.);
#1620 = EDGE_LOOP('',(#1621));
#1621 = ORIENTED_EDGE('',*,*,#1622,.T.);
#1622 = EDGE_CURVE('',#1623,#1623,#1625,.T.);
#1623 = VERTEX_POINT('',#1624);
#1624 = CARTESIAN_POINT('',(93.90442,-70.8,1.125));
#1625 = CIRCLE('',#1626,0.687439);
#1626 = AXIS2_PLACEMENT_3D('',#1627,#1628,#1629);
#1627 = CARTESIAN_POINT('',(93.216981,-70.8,1.125));
#1628 = DIRECTION('',(0.,0.,1.));
#1629 = DIRECTION('',(1.,0.,-0.));
#1630 = FACE_BOUND('',#1631,.F.);
#1631 = EDGE_LOOP('',(#1632));
#1632 = ORIENTED_EDGE('',*,*,#1633,.T.);
#1633 = EDGE_CURVE('',#1634,#1634,#1636,.T.);
#1634 = VERTEX_POINT('',#1635);
#1635 = CARTESIAN_POINT('',(96.40442,-70.8,1.125));
#1636 = CIRCLE('',#1637,0.687439);
#1637 = AXIS2_PLACEMENT_3D('',#1638,#1639,#1640);
#1638 = CARTESIAN_POINT('',(95.716981,-70.8,1.125));
#1639 = DIRECTION('',(0.,0.,1.));
#1640 = DIRECTION('',(1.,0.,-0.));
#1641 = FACE_BOUND('',#1642,.F.);
#1642 = EDGE_LOOP('',(#1643));
#1643 = ORIENTED_EDGE('',*,*,#1644,.T.);
#1644 = EDGE_CURVE('',#1645,#1645,#1647,.T.);
#1645 = VERTEX_POINT('',#1646);
#1646 = CARTESIAN_POINT('',(103.53317,-70.8,1.125));
#1647 = CIRCLE('',#1648,0.687439);
#1648 = AXIS2_PLACEMENT_3D('',#1649,#1650,#1651);
#1649 = CARTESIAN_POINT('',(102.845731,-70.8,1.125));
#1650 = DIRECTION('',(0.,0.,1.));
#1651 = DIRECTION('',(1.,0.,-0.));
#1652 = FACE_BOUND('',#1653,.F.);
#1653 = EDGE_LOOP('',(#1654));
#1654 = ORIENTED_EDGE('',*,*,#1655,.T.);
#1655 = EDGE_CURVE('',#1656,#1656,#1658,.T.);
#1656 = VERTEX_POINT('',#1657);
#1657 = CARTESIAN_POINT('',(106.03317,-70.8,1.125));
#1658 = CIRCLE('',#1659,0.687439);
#1659 = AXIS2_PLACEMENT_3D('',#1660,#1661,#1662);
#1660 = CARTESIAN_POINT('',(105.345731,-70.8,1.125));
#1661 = DIRECTION('',(0.,0.,1.));
#1662 = DIRECTION('',(1.,0.,-0.));
#1663 = FACE_BOUND('',#1664,.F.);
#1664 = EDGE_LOOP('',(#1665));
#1665 = ORIENTED_EDGE('',*,*,#1666,.T.);
#1666 = EDGE_CURVE('',#1667,#1667,#1669,.T.);
#1667 = VERTEX_POINT('',#1668);
#1668 = CARTESIAN_POINT('',(112.693451,-70.8,1.125));
#1669 = CIRCLE('',#1670,0.687439);
#1670 = AXIS2_PLACEMENT_3D('',#1671,#1672,#1673);
#1671 = CARTESIAN_POINT('',(112.006012,-70.8,1.125));
#1672 = DIRECTION('',(0.,0.,1.));
#1673 = DIRECTION('',(1.,0.,-0.));
#1674 = FACE_BOUND('',#1675,.F.);
#1675 = EDGE_LOOP('',(#1676));
#1676 = ORIENTED_EDGE('',*,*,#1677,.T.);
#1677 = EDGE_CURVE('',#1678,#1678,#1680,.T.);
#1678 = VERTEX_POINT('',#1679);
#1679 = CARTESIAN_POINT('',(115.193451,-70.8,1.125));
#1680 = CIRCLE('',#1681,0.687439);
#1681 = AXIS2_PLACEMENT_3D('',#1682,#1683,#1684);
#1682 = CARTESIAN_POINT('',(114.506012,-70.8,1.125));
#1683 = DIRECTION('',(0.,0.,1.));
#1684 = DIRECTION('',(1.,0.,-0.));
#1685 = FACE_BOUND('',#1686,.F.);
#1686 = EDGE_LOOP('',(#1687));
#1687 = ORIENTED_EDGE('',*,*,#1688,.T.);
#1688 = EDGE_CURVE('',#1689,#1689,#1691,.T.);
#1689 = VERTEX_POINT('',#1690);
#1690 = CARTESIAN_POINT('',(170.829939,-70.8,1.125));
#1691 = CIRCLE('',#1692,0.687439);
#1692 = AXIS2_PLACEMENT_3D('',#1693,#1694,#1695);
#1693 = CARTESIAN_POINT('',(170.1425,-70.8,1.125));
#1694 = DIRECTION('',(0.,0.,1.));
#1695 = DIRECTION('',(1.,0.,-0.));
#1696 = FACE_BOUND('',#1697,.F.);
#1697 = EDGE_LOOP('',(#1698));
#1698 = ORIENTED_EDGE('',*,*,#1699,.T.);
#1699 = EDGE_CURVE('',#1700,#1700,#1702,.T.);
#1700 = VERTEX_POINT('',#1701);
#1701 = CARTESIAN_POINT('',(173.329939,-70.8,1.125));
#1702 = CIRCLE('',#1703,0.687439);
#1703 = AXIS2_PLACEMENT_3D('',#1704,#1705,#1706);
#1704 = CARTESIAN_POINT('',(172.6425,-70.8,1.125));
#1705 = DIRECTION('',(0.,0.,1.));
#1706 = DIRECTION('',(1.,0.,-0.));
#1707 = FACE_BOUND('',#1708,.F.);
#1708 = EDGE_LOOP('',(#1709));
#1709 = ORIENTED_EDGE('',*,*,#1710,.T.);
#1710 = EDGE_CURVE('',#1711,#1711,#1713,.T.);
#1711 = VERTEX_POINT('',#1712);
#1712 = CARTESIAN_POINT('',(182.237439,-70.8,1.125));
#1713 = CIRCLE('',#1714,0.687439);
#1714 = AXIS2_PLACEMENT_3D('',#1715,#1716,#1717);
#1715 = CARTESIAN_POINT('',(181.55,-70.8,1.125));
#1716 = DIRECTION('',(0.,0.,1.));
#1717 = DIRECTION('',(1.,0.,-0.));
#1718 = FACE_BOUND('',#1719,.F.);
#1719 = EDGE_LOOP('',(#1720));
#1720 = ORIENTED_EDGE('',*,*,#1721,.T.);
#1721 = EDGE_CURVE('',#1722,#1722,#1724,.T.);
#1722 = VERTEX_POINT('',#1723);
#1723 = CARTESIAN_POINT('',(184.737439,-70.8,1.125));
#1724 = CIRCLE('',#1725,0.687439);
#1725 = AXIS2_PLACEMENT_3D('',#1726,#1727,#1728);
#1726 = CARTESIAN_POINT('',(184.05,-70.8,1.125));
#1727 = DIRECTION('',(0.,0.,1.));
#1728 = DIRECTION('',(1.,0.,-0.));
#1729 = FACE_BOUND('',#1730,.F.);
#1730 = EDGE_LOOP('',(#1731));
#1731 = ORIENTED_EDGE('',*,*,#1732,.T.);
#1732 = EDGE_CURVE('',#1733,#1733,#1735,.T.);
#1733 = VERTEX_POINT('',#1734);
#1734 = CARTESIAN_POINT('',(95.654443,-67.9,1.125));
#1735 = CIRCLE('',#1736,1.187462);
#1736 = AXIS2_PLACEMENT_3D('',#1737,#1738,#1739);
#1737 = CARTESIAN_POINT('',(94.466981,-67.9,1.125));
#1738 = DIRECTION('',(0.,0.,1.));
#1739 = DIRECTION('',(1.,0.,-0.));
#1740 = FACE_BOUND('',#1741,.F.);
#1741 = EDGE_LOOP('',(#1742));
#1742 = ORIENTED_EDGE('',*,*,#1743,.T.);
#1743 = EDGE_CURVE('',#1744,#1744,#1746,.T.);
#1744 = VERTEX_POINT('',#1745);
#1745 = CARTESIAN_POINT('',(105.283193,-67.9,1.125));
#1746 = CIRCLE('',#1747,1.187462);
#1747 = AXIS2_PLACEMENT_3D('',#1748,#1749,#1750);
#1748 = CARTESIAN_POINT('',(104.095731,-67.9,1.125));
#1749 = DIRECTION('',(0.,0.,1.));
#1750 = DIRECTION('',(1.,0.,-0.));
#1751 = FACE_BOUND('',#1752,.F.);
#1752 = EDGE_LOOP('',(#1753));
#1753 = ORIENTED_EDGE('',*,*,#1754,.T.);
#1754 = EDGE_CURVE('',#1755,#1755,#1757,.T.);
#1755 = VERTEX_POINT('',#1756);
#1756 = CARTESIAN_POINT('',(114.443474,-67.9,1.125));
#1757 = CIRCLE('',#1758,1.187462);
#1758 = AXIS2_PLACEMENT_3D('',#1759,#1760,#1761);
#1759 = CARTESIAN_POINT('',(113.256012,-67.9,1.125));
#1760 = DIRECTION('',(0.,0.,1.));
#1761 = DIRECTION('',(1.,0.,-0.));
#1762 = FACE_BOUND('',#1763,.F.);
#1763 = EDGE_LOOP('',(#1764));
#1764 = ORIENTED_EDGE('',*,*,#1765,.T.);
#1765 = EDGE_CURVE('',#1766,#1766,#1768,.T.);
#1766 = VERTEX_POINT('',#1767);
#1767 = CARTESIAN_POINT('',(172.579962,-67.9,1.125));
#1768 = CIRCLE('',#1769,1.187462);
#1769 = AXIS2_PLACEMENT_3D('',#1770,#1771,#1772);
#1770 = CARTESIAN_POINT('',(171.3925,-67.9,1.125));
#1771 = DIRECTION('',(0.,0.,1.));
#1772 = DIRECTION('',(1.,0.,-0.));
#1773 = FACE_BOUND('',#1774,.F.);
#1774 = EDGE_LOOP('',(#1775));
#1775 = ORIENTED_EDGE('',*,*,#1776,.T.);
#1776 = EDGE_CURVE('',#1777,#1777,#1779,.T.);
#1777 = VERTEX_POINT('',#1778);
#1778 = CARTESIAN_POINT('',(183.987462,-67.9,1.125));
#1779 = CIRCLE('',#1780,1.187462);
#1780 = AXIS2_PLACEMENT_3D('',#1781,#1782,#1783);
#1781 = CARTESIAN_POINT('',(182.8,-67.9,1.125));
#1782 = DIRECTION('',(0.,0.,1.));
#1783 = DIRECTION('',(1.,0.,-0.));
#1784 = FACE_BOUND('',#1785,.F.);
#1785 = EDGE_LOOP('',(#1786));
#1786 = ORIENTED_EDGE('',*,*,#1787,.T.);
#1787 = EDGE_CURVE('',#1788,#1788,#1790,.T.);
#1788 = VERTEX_POINT('',#1789);
#1789 = CARTESIAN_POINT('',(93.90442,-65.,1.125));
#1790 = CIRCLE('',#1791,0.687439);
#1791 = AXIS2_PLACEMENT_3D('',#1792,#1793,#1794);
#1792 = CARTESIAN_POINT('',(93.216981,-65.,1.125));
#1793 = DIRECTION('',(0.,0.,1.));
#1794 = DIRECTION('',(1.,0.,-0.));
#1795 = FACE_BOUND('',#1796,.F.);
#1796 = EDGE_LOOP('',(#1797));
#1797 = ORIENTED_EDGE('',*,*,#1798,.T.);
#1798 = EDGE_CURVE('',#1799,#1799,#1801,.T.);
#1799 = VERTEX_POINT('',#1800);
#1800 = CARTESIAN_POINT('',(96.40442,-65.,1.125));
#1801 = CIRCLE('',#1802,0.687439);
#1802 = AXIS2_PLACEMENT_3D('',#1803,#1804,#1805);
#1803 = CARTESIAN_POINT('',(95.716981,-65.,1.125));
#1804 = DIRECTION('',(0.,0.,1.));
#1805 = DIRECTION('',(1.,0.,-0.));
#1806 = FACE_BOUND('',#1807,.F.);
#1807 = EDGE_LOOP('',(#1808));
#1808 = ORIENTED_EDGE('',*,*,#1809,.T.);
#1809 = EDGE_CURVE('',#1810,#1810,#1812,.T.);
#1810 = VERTEX_POINT('',#1811);
#1811 = CARTESIAN_POINT('',(103.53317,-65.,1.125));
#1812 = CIRCLE('',#1813,0.687439);
#1813 = AXIS2_PLACEMENT_3D('',#1814,#1815,#1816);
#1814 = CARTESIAN_POINT('',(102.845731,-65.,1.125));
#1815 = DIRECTION('',(0.,0.,1.));
#1816 = DIRECTION('',(1.,0.,-0.));
#1817 = FACE_BOUND('',#1818,.F.);
#1818 = EDGE_LOOP('',(#1819));
#1819 = ORIENTED_EDGE('',*,*,#1820,.T.);
#1820 = EDGE_CURVE('',#1821,#1821,#1823,.T.);
#1821 = VERTEX_POINT('',#1822);
#1822 = CARTESIAN_POINT('',(106.03317,-65.,1.125));
#1823 = CIRCLE('',#1824,0.687439);
#1824 = AXIS2_PLACEMENT_3D('',#1825,#1826,#1827);
#1825 = CARTESIAN_POINT('',(105.345731,-65.,1.125));
#1826 = DIRECTION('',(0.,0.,1.));
#1827 = DIRECTION('',(1.,0.,-0.));
#1828 = FACE_BOUND('',#1829,.F.);
#1829 = EDGE_LOOP('',(#1830));
#1830 = ORIENTED_EDGE('',*,*,#1831,.T.);
#1831 = EDGE_CURVE('',#1832,#1832,#1834,.T.);
#1832 = VERTEX_POINT('',#1833);
#1833 = CARTESIAN_POINT('',(112.693451,-65.,1.125));
#1834 = CIRCLE('',#1835,0.687439);
#1835 = AXIS2_PLACEMENT_3D('',#1836,#1837,#1838);
#1836 = CARTESIAN_POINT('',(112.006012,-65.,1.125));
#1837 = DIRECTION('',(0.,0.,1.));
#1838 = DIRECTION('',(1.,0.,-0.));
#1839 = FACE_BOUND('',#1840,.F.);
#1840 = EDGE_LOOP('',(#1841));
#1841 = ORIENTED_EDGE('',*,*,#1842,.T.);
#1842 = EDGE_CURVE('',#1843,#1843,#1845,.T.);
#1843 = VERTEX_POINT('',#1844);
#1844 = CARTESIAN_POINT('',(115.193451,-65.,1.125));
#1845 = CIRCLE('',#1846,0.687439);
#1846 = AXIS2_PLACEMENT_3D('',#1847,#1848,#1849);
#1847 = CARTESIAN_POINT('',(114.506012,-65.,1.125));
#1848 = DIRECTION('',(0.,0.,1.));
#1849 = DIRECTION('',(1.,0.,-0.));
#1850 = FACE_BOUND('',#1851,.F.);
#1851 = EDGE_LOOP('',(#1852));
#1852 = ORIENTED_EDGE('',*,*,#1853,.T.);
#1853 = EDGE_CURVE('',#1854,#1854,#1856,.T.);
#1854 = VERTEX_POINT('',#1855);
#1855 = CARTESIAN_POINT('',(170.829939,-65.,1.125));
#1856 = CIRCLE('',#1857,0.687439);
#1857 = AXIS2_PLACEMENT_3D('',#1858,#1859,#1860);
#1858 = CARTESIAN_POINT('',(170.1425,-65.,1.125));
#1859 = DIRECTION('',(0.,0.,1.));
#1860 = DIRECTION('',(1.,0.,-0.));
#1861 = FACE_BOUND('',#1862,.F.);
#1862 = EDGE_LOOP('',(#1863));
#1863 = ORIENTED_EDGE('',*,*,#1864,.T.);
#1864 = EDGE_CURVE('',#1865,#1865,#1867,.T.);
#1865 = VERTEX_POINT('',#1866);
#1866 = CARTESIAN_POINT('',(173.329939,-65.,1.125));
#1867 = CIRCLE('',#1868,0.687439);
#1868 = AXIS2_PLACEMENT_3D('',#1869,#1870,#1871);
#1869 = CARTESIAN_POINT('',(172.6425,-65.,1.125));
#1870 = DIRECTION('',(0.,0.,1.));
#1871 = DIRECTION('',(1.,0.,-0.));
#1872 = FACE_BOUND('',#1873,.F.);
#1873 = EDGE_LOOP('',(#1874));
#1874 = ORIENTED_EDGE('',*,*,#1875,.T.);
#1875 = EDGE_CURVE('',#1876,#1876,#1878,.T.);
#1876 = VERTEX_POINT('',#1877);
#1877 = CARTESIAN_POINT('',(182.237439,-65.,1.125));
#1878 = CIRCLE('',#1879,0.687439);
#1879 = AXIS2_PLACEMENT_3D('',#1880,#1881,#1882);
#1880 = CARTESIAN_POINT('',(181.55,-65.,1.125));
#1881 = DIRECTION('',(0.,0.,1.));
#1882 = DIRECTION('',(1.,0.,-0.));
#1883 = FACE_BOUND('',#1884,.F.);
#1884 = EDGE_LOOP('',(#1885));
#1885 = ORIENTED_EDGE('',*,*,#1886,.T.);
#1886 = EDGE_CURVE('',#1887,#1887,#1889,.T.);
#1887 = VERTEX_POINT('',#1888);
#1888 = CARTESIAN_POINT('',(184.737439,-65.,1.125));
#1889 = CIRCLE('',#1890,0.687439);
#1890 = AXIS2_PLACEMENT_3D('',#1891,#1892,#1893);
#1891 = CARTESIAN_POINT('',(184.05,-65.,1.125));
#1892 = DIRECTION('',(0.,0.,1.));
#1893 = DIRECTION('',(1.,0.,-0.));
#1894 = FACE_BOUND('',#1895,.F.);
#1895 = EDGE_LOOP('',(#1896));
#1896 = ORIENTED_EDGE('',*,*,#1897,.T.);
#1897 = EDGE_CURVE('',#1898,#1898,#1900,.T.);
#1898 = VERTEX_POINT('',#1899);
#1899 = CARTESIAN_POINT('',(93.90442,-61.5,1.125));
#1900 = CIRCLE('',#1901,0.687439);
#1901 = AXIS2_PLACEMENT_3D('',#1902,#1903,#1904);
#1902 = CARTESIAN_POINT('',(93.216981,-61.5,1.125));
#1903 = DIRECTION('',(0.,0.,1.));
#1904 = DIRECTION('',(1.,0.,-0.));
#1905 = FACE_BOUND('',#1906,.F.);
#1906 = EDGE_LOOP('',(#1907));
#1907 = ORIENTED_EDGE('',*,*,#1908,.T.);
#1908 = EDGE_CURVE('',#1909,#1909,#1911,.T.);
#1909 = VERTEX_POINT('',#1910);
#1910 = CARTESIAN_POINT('',(96.40442,-61.5,1.125));
#1911 = CIRCLE('',#1912,0.687439);
#1912 = AXIS2_PLACEMENT_3D('',#1913,#1914,#1915);
#1913 = CARTESIAN_POINT('',(95.716981,-61.5,1.125));
#1914 = DIRECTION('',(0.,0.,1.));
#1915 = DIRECTION('',(1.,0.,-0.));
#1916 = FACE_BOUND('',#1917,.F.);
#1917 = EDGE_LOOP('',(#1918));
#1918 = ORIENTED_EDGE('',*,*,#1919,.T.);
#1919 = EDGE_CURVE('',#1920,#1920,#1922,.T.);
#1920 = VERTEX_POINT('',#1921);
#1921 = CARTESIAN_POINT('',(103.53317,-61.5,1.125));
#1922 = CIRCLE('',#1923,0.687439);
#1923 = AXIS2_PLACEMENT_3D('',#1924,#1925,#1926);
#1924 = CARTESIAN_POINT('',(102.845731,-61.5,1.125));
#1925 = DIRECTION('',(0.,0.,1.));
#1926 = DIRECTION('',(1.,0.,-0.));
#1927 = FACE_BOUND('',#1928,.F.);
#1928 = EDGE_LOOP('',(#1929));
#1929 = ORIENTED_EDGE('',*,*,#1930,.T.);
#1930 = EDGE_CURVE('',#1931,#1931,#1933,.T.);
#1931 = VERTEX_POINT('',#1932);
#1932 = CARTESIAN_POINT('',(106.03317,-61.5,1.125));
#1933 = CIRCLE('',#1934,0.687439);
#1934 = AXIS2_PLACEMENT_3D('',#1935,#1936,#1937);
#1935 = CARTESIAN_POINT('',(105.345731,-61.5,1.125));
#1936 = DIRECTION('',(0.,0.,1.));
#1937 = DIRECTION('',(1.,0.,-0.));
#1938 = FACE_BOUND('',#1939,.F.);
#1939 = EDGE_LOOP('',(#1940));
#1940 = ORIENTED_EDGE('',*,*,#1941,.T.);
#1941 = EDGE_CURVE('',#1942,#1942,#1944,.T.);
#1942 = VERTEX_POINT('',#1943);
#1943 = CARTESIAN_POINT('',(112.693451,-61.5,1.125));
#1944 = CIRCLE('',#1945,0.687439);
#1945 = AXIS2_PLACEMENT_3D('',#1946,#1947,#1948);
#1946 = CARTESIAN_POINT('',(112.006012,-61.5,1.125));
#1947 = DIRECTION('',(0.,0.,1.));
#1948 = DIRECTION('',(1.,0.,-0.));
#1949 = FACE_BOUND('',#1950,.F.);
#1950 = EDGE_LOOP('',(#1951));
#1951 = ORIENTED_EDGE('',*,*,#1952,.T.);
#1952 = EDGE_CURVE('',#1953,#1953,#1955,.T.);
#1953 = VERTEX_POINT('',#1954);
#1954 = CARTESIAN_POINT('',(115.193451,-61.5,1.125));
#1955 = CIRCLE('',#1956,0.687439);
#1956 = AXIS2_PLACEMENT_3D('',#1957,#1958,#1959);
#1957 = CARTESIAN_POINT('',(114.506012,-61.5,1.125));
#1958 = DIRECTION('',(0.,0.,1.));
#1959 = DIRECTION('',(1.,0.,-0.));
#1960 = FACE_BOUND('',#1961,.F.);
#1961 = EDGE_LOOP('',(#1962));
#1962 = ORIENTED_EDGE('',*,*,#1963,.T.);
#1963 = EDGE_CURVE('',#1964,#1964,#1966,.T.);
#1964 = VERTEX_POINT('',#1965);
#1965 = CARTESIAN_POINT('',(170.829939,-61.5,1.125));
#1966 = CIRCLE('',#1967,0.687439);
#1967 = AXIS2_PLACEMENT_3D('',#1968,#1969,#1970);
#1968 = CARTESIAN_POINT('',(170.1425,-61.5,1.125));
#1969 = DIRECTION('',(0.,0.,1.));
#1970 = DIRECTION('',(1.,0.,-0.));
#1971 = FACE_BOUND('',#1972,.F.);
#1972 = EDGE_LOOP('',(#1973));
#1973 = ORIENTED_EDGE('',*,*,#1974,.T.);
#1974 = EDGE_CURVE('',#1975,#1975,#1977,.T.);
#1975 = VERTEX_POINT('',#1976);
#1976 = CARTESIAN_POINT('',(173.329939,-61.5,1.125));
#1977 = CIRCLE('',#1978,0.687439);
#1978 = AXIS2_PLACEMENT_3D('',#1979,#1980,#1981);
#1979 = CARTESIAN_POINT('',(172.6425,-61.5,1.125));
#1980 = DIRECTION('',(0.,0.,1.));
#1981 = DIRECTION('',(1.,0.,-0.));
#1982 = FACE_BOUND('',#1983,.F.);
#1983 = EDGE_LOOP('',(#1984));
#1984 = ORIENTED_EDGE('',*,*,#1985,.T.);
#1985 = EDGE_CURVE('',#1986,#1986,#1988,.T.);
#1986 = VERTEX_POINT('',#1987);
#1987 = CARTESIAN_POINT('',(182.237439,-61.5,1.125));
#1988 = CIRCLE('',#1989,0.687439);
#1989 = AXIS2_PLACEMENT_3D('',#1990,#1991,#1992);
#1990 = CARTESIAN_POINT('',(181.55,-61.5,1.125));
#1991 = DIRECTION('',(0.,0.,1.));
#1992 = DIRECTION('',(1.,0.,-0.));
#1993 = FACE_BOUND('',#1994,.F.);
#1994 = EDGE_LOOP('',(#1995));
#1995 = ORIENTED_EDGE('',*,*,#1996,.T.);
#1996 = EDGE_CURVE('',#1997,#1997,#1999,.T.);
#1997 = VERTEX_POINT('',#1998);
#1998 = CARTESIAN_POINT('',(184.737439,-61.5,1.125));
#1999 = CIRCLE('',#2000,0.687439);
#2000 = AXIS2_PLACEMENT_3D('',#2001,#2002,#2003);
#2001 = CARTESIAN_POINT('',(184.05,-61.5,1.125));
#2002 = DIRECTION('',(0.,0.,1.));
#2003 = DIRECTION('',(1.,0.,-0.));
#2004 = FACE_BOUND('',#2005,.F.);
#2005 = EDGE_LOOP('',(#2006));
#2006 = ORIENTED_EDGE('',*,*,#2007,.T.);
#2007 = EDGE_CURVE('',#2008,#2008,#2010,.T.);
#2008 = VERTEX_POINT('',#2009);
#2009 = CARTESIAN_POINT('',(125.337473,-59.131981,1.125));
#2010 = CIRCLE('',#2011,1.737473);
#2011 = AXIS2_PLACEMENT_3D('',#2012,#2013,#2014);
#2012 = CARTESIAN_POINT('',(123.6,-59.131981,1.125));
#2013 = DIRECTION('',(0.,0.,1.));
#2014 = DIRECTION('',(1.,0.,-0.));
#2015 = FACE_BOUND('',#2016,.F.);
#2016 = EDGE_LOOP('',(#2017));
#2017 = ORIENTED_EDGE('',*,*,#2018,.T.);
#2018 = EDGE_CURVE('',#2019,#2019,#2021,.T.);
#2019 = VERTEX_POINT('',#2020);
#2020 = CARTESIAN_POINT('',(157.337473,-59.131981,1.125));
#2021 = CIRCLE('',#2022,1.737473);
#2022 = AXIS2_PLACEMENT_3D('',#2023,#2024,#2025);
#2023 = CARTESIAN_POINT('',(155.6,-59.131981,1.125));
#2024 = DIRECTION('',(0.,0.,1.));
#2025 = DIRECTION('',(1.,0.,-0.));
#2026 = PLANE('',#2027);
#2027 = AXIS2_PLACEMENT_3D('',#2028,#2029,#2030);
#2028 = CARTESIAN_POINT('',(0.,0.,1.125));
#2029 = DIRECTION('',(0.,0.,1.));
#2030 = DIRECTION('',(1.,0.,-0.));
#2031 = ( GEOMETRIC_REPRESENTATION_CONTEXT(3)
GLOBAL_UNCERTAINTY_ASSIGNED_CONTEXT((#2035))
GLOBAL_UNIT_ASSIGNED_CONTEXT((#2032,#2033,#2034)) REPRESENTATION_CONTEXT
('Context #1','3D Context with UNIT and UNCERTAINTY') );
#2032 = ( LENGTH_UNIT() NAMED_UNIT(*) SI_UNIT(.MILLI.,.METRE.) );
#2033 = ( NAMED_UNIT(*) PLANE_ANGLE_UNIT() SI_UNIT($,.RADIAN.) );
#2034 = ( NAMED_UNIT(*) SI_UNIT($,.STERADIAN.) SOLID_ANGLE_UNIT() );
#2035 = UNCERTAINTY_MEASURE_WITH_UNIT(LENGTH_MEASURE(1.E-07),#2032,
  'distance_accuracy_value','confusion accuracy');
#2036 = CONTEXT_DEPENDENT_SHAPE_REPRESENTATION(#2037,#2039);
#2037 = ( REPRESENTATION_RELATIONSHIP('','',#804,#10)
REPRESENTATION_RELATIONSHIP_WITH_TRANSFORMATION(#2038)
SHAPE_REPRESENTATION_RELATIONSHIP() );
#2038 = ITEM_DEFINED_TRANSFORMATION('','',#11,#55);
#2039 = PRODUCT_DEFINITION_SHAPE('Placement','Placement of an item',
  #2040);
#2040 = NEXT_ASSEMBLY_USAGE_OCCURRENCE('13','=>[0:1:1:6]','',#5,#799,$);
#2041 = PRODUCT_RELATED_PRODUCT_CATEGORY('part',$,(#801));
#2042 = SHAPE_DEFINITION_REPRESENTATION(#2043,#2049);
#2043 = PRODUCT_DEFINITION_SHAPE('','',#2044);
#2044 = PRODUCT_DEFINITION('design','',#2045,#2048);
#2045 = PRODUCT_DEFINITION_FORMATION('','',#2046);
#2046 = PRODUCT('MAIN_POWER_soldermask','MAIN_POWER_soldermask','',(
    #2047));
#2047 = PRODUCT_CONTEXT('',#2,'mechanical');
#2048 = PRODUCT_DEFINITION_CONTEXT('part definition',#2,'design');
#2049 = MANIFOLD_SURFACE_SHAPE_REPRESENTATION('',(#11,#2050),#3276);
#2050 = SHELL_BASED_SURFACE_MODEL('',(#2051));
#2051 = OPEN_SHELL('',(#2052));
#2052 = ADVANCED_FACE('',(#2053,#2600,#2611,#2622,#2633,#2644,#2655,
    #2666,#2677,#2688,#2699,#2710,#2721,#2732,#2743,#2754,#2765,#2776,
    #2787,#2798,#2809,#2820,#2831,#2842,#2853,#2864,#2875,#2886,#2897,
    #2908,#2919,#2930,#2941,#2952,#2963,#2974,#2985,#2996,#3007,#3018,
    #3029,#3040,#3051,#3062,#3073,#3084,#3095,#3106,#3117,#3128,#3139,
    #3150,#3161,#3172,#3183,#3194,#3205,#3216,#3227,#3238,#3249,#3260),
  #3271,.T.);
#2053 = FACE_BOUND('',#2054,.T.);
#2054 = EDGE_LOOP('',(#2055,#2066,#2074,#2082,#2090,#2099,#2107,#2115,
    #2124,#2132,#2140,#2148,#2157,#2165,#2173,#2181,#2190,#2198,#2206,
    #2215,#2223,#2231,#2239,#2248,#2256,#2264,#2272,#2281,#2289,#2297,
    #2305,#2314,#2322,#2330,#2338,#2347,#2355,#2363,#2371,#2380,#2388,
    #2396,#2404,#2413,#2421,#2429,#2437,#2446,#2454,#2462,#2470,#2479,
    #2487,#2495,#2503,#2512,#2520,#2528,#2536,#2545,#2553,#2561,#2569,
    #2578,#2586,#2594));
#2055 = ORIENTED_EDGE('',*,*,#2056,.T.);
#2056 = EDGE_CURVE('',#2057,#2059,#2061,.T.);
#2057 = VERTEX_POINT('',#2058);
#2058 = CARTESIAN_POINT('',(87.155765,-55.893325,-8.5E-02));
#2059 = VERTEX_POINT('',#2060);
#2060 = CARTESIAN_POINT('',(88.988007,-55.134349,-8.5E-02));
#2061 = CIRCLE('',#2062,3.002579003012);
#2062 = AXIS2_PLACEMENT_3D('',#2063,#2064,#2065);
#2063 = CARTESIAN_POINT('',(89.156498314699,-58.13219678569,-8.5E-02));
#2064 = DIRECTION('',(0.,0.,-1.));
#2065 = DIRECTION('',(-0.666338275426,0.745649584391,0.));
#2066 = ORIENTED_EDGE('',*,*,#2067,.T.);
#2067 = EDGE_CURVE('',#2059,#2068,#2070,.T.);
#2068 = VERTEX_POINT('',#2069);
#2069 = CARTESIAN_POINT('',(89.156349,-55.131981,-8.5E-02));
#2070 = LINE('',#2071,#2072);
#2071 = CARTESIAN_POINT('',(88.988007,-55.134349,-8.5E-02));
#2072 = VECTOR('',#2073,1.);
#2073 = DIRECTION('',(0.999901080027,1.406521104359E-02,0.));
#2074 = ORIENTED_EDGE('',*,*,#2075,.T.);
#2075 = EDGE_CURVE('',#2068,#2076,#2078,.T.);
#2076 = VERTEX_POINT('',#2077);
#2077 = CARTESIAN_POINT('',(123.6,-55.131981,-8.5E-02));
#2078 = LINE('',#2079,#2080);
#2079 = CARTESIAN_POINT('',(89.156349,-55.131981,-8.5E-02));
#2080 = VECTOR('',#2081,1.);
#2081 = DIRECTION('',(1.,0.,0.));
#2082 = ORIENTED_EDGE('',*,*,#2083,.T.);
#2083 = EDGE_CURVE('',#2076,#2084,#2086,.T.);
#2084 = VERTEX_POINT('',#2085);
#2085 = CARTESIAN_POINT('',(123.802711,-55.134545,-8.5E-02));
#2086 = LINE('',#2087,#2088);
#2087 = CARTESIAN_POINT('',(123.6,-55.131981,-8.5E-02));
#2088 = VECTOR('',#2089,1.);
#2089 = DIRECTION('',(0.999920016702,-1.264753724674E-02,0.));
#2090 = ORIENTED_EDGE('',*,*,#2091,.T.);
#2091 = EDGE_CURVE('',#2084,#2092,#2094,.T.);
#2092 = VERTEX_POINT('',#2093);
#2093 = CARTESIAN_POINT('',(126.050603,-62.296648,-8.5E-02));
#2094 = CIRCLE('',#2095,4.002571290438);
#2095 = AXIS2_PLACEMENT_3D('',#2096,#2097,#2098);
#2096 = CARTESIAN_POINT('',(123.60000053275,-59.13197985269,-8.5E-02));
#2097 = DIRECTION('',(0.,0.,-1.));
#2098 = DIRECTION('',(5.06450610202E-02,0.998716715488,0.));
#2099 = ORIENTED_EDGE('',*,*,#2100,.T.);
#2100 = EDGE_CURVE('',#2092,#2101,#2103,.T.);
#2101 = VERTEX_POINT('',#2102);
#2102 = CARTESIAN_POINT('',(125.885714,-62.414589,-8.5E-02));
#2103 = LINE('',#2104,#2105);
#2104 = CARTESIAN_POINT('',(126.050603,-62.296648,-8.5E-02));
#2105 = VECTOR('',#2106,1.);
#2106 = DIRECTION('',(-0.813352676734,-0.581770937095,0.));
#2107 = ORIENTED_EDGE('',*,*,#2108,.T.);
#2108 = EDGE_CURVE('',#2101,#2109,#2111,.T.);
#2109 = VERTEX_POINT('',#2110);
#2110 = CARTESIAN_POINT('',(125.73912,-62.519993,-8.5E-02));
#2111 = LINE('',#2112,#2113);
#2112 = CARTESIAN_POINT('',(125.885714,-62.414589,-8.5E-02));
#2113 = VECTOR('',#2114,1.);
#2114 = DIRECTION('',(-0.811911514207,-0.583780517916,0.));
#2115 = ORIENTED_EDGE('',*,*,#2116,.T.);
#2116 = EDGE_CURVE('',#2109,#2117,#2119,.T.);
#2117 = VERTEX_POINT('',#2118);
#2118 = CARTESIAN_POINT('',(124.602688,-64.69601,-8.5E-02));
#2119 = CIRCLE('',#2120,3.002545673052);
#2120 = AXIS2_PLACEMENT_3D('',#2121,#2122,#2123);
#2121 = CARTESIAN_POINT('',(127.59980378456,-64.87650236188,-8.5E-02));
#2122 = DIRECTION('',(0.,0.,1.));
#2123 = DIRECTION('',(-0.619702075229,0.78483714104,0.));
#2124 = ORIENTED_EDGE('',*,*,#2125,.T.);
#2125 = EDGE_CURVE('',#2117,#2126,#2128,.T.);
#2126 = VERTEX_POINT('',#2127);
#2127 = CARTESIAN_POINT('',(124.6,-64.876544,-8.5E-02));
#2128 = LINE('',#2129,#2130);
#2129 = CARTESIAN_POINT('',(124.602688,-64.69601,-8.5E-02));
#2130 = VECTOR('',#2131,1.);
#2131 = DIRECTION('',(-1.488751205871E-02,-0.999889174851,0.));
#2132 = ORIENTED_EDGE('',*,*,#2133,.T.);
#2133 = EDGE_CURVE('',#2126,#2134,#2136,.T.);
#2134 = VERTEX_POINT('',#2135);
#2135 = CARTESIAN_POINT('',(124.6,-69.131981,-8.5E-02));
#2136 = LINE('',#2137,#2138);
#2137 = CARTESIAN_POINT('',(124.6,-64.876544,-8.5E-02));
#2138 = VECTOR('',#2139,1.);
#2139 = DIRECTION('',(0.,-1.,0.));
#2140 = ORIENTED_EDGE('',*,*,#2141,.T.);
#2141 = EDGE_CURVE('',#2134,#2142,#2144,.T.);
#2142 = VERTEX_POINT('',#2143);
#2143 = CARTESIAN_POINT('',(124.602486,-69.518264,-8.5E-02));
#2144 = LINE('',#2145,#2146);
#2145 = CARTESIAN_POINT('',(124.6,-69.131981,-8.5E-02));
#2146 = VECTOR('',#2147,1.);
#2147 = DIRECTION('',(6.435562835539E-03,-0.999979291551,0.));
#2148 = ORIENTED_EDGE('',*,*,#2149,.T.);
#2149 = EDGE_CURVE('',#2142,#2150,#2152,.T.);
#2150 = VERTEX_POINT('',#2151);
#2151 = CARTESIAN_POINT('',(154.597514,-69.518264,-8.5E-02));
#2152 = CIRCLE('',#2153,15.002487813431);
#2153 = AXIS2_PLACEMENT_3D('',#2154,#2155,#2156);
#2154 = CARTESIAN_POINT('',(139.6,-69.13198118656,-8.5E-02));
#2155 = DIRECTION('',(0.,0.,1.));
#2156 = DIRECTION('',(-0.999668467424,-2.574791716113E-02,0.));
#2157 = ORIENTED_EDGE('',*,*,#2158,.T.);
#2158 = EDGE_CURVE('',#2150,#2159,#2161,.T.);
#2159 = VERTEX_POINT('',#2160);
#2160 = CARTESIAN_POINT('',(154.6,-69.131981,-8.5E-02));
#2161 = LINE('',#2162,#2163);
#2162 = CARTESIAN_POINT('',(154.597514,-69.518264,-8.5E-02));
#2163 = VECTOR('',#2164,1.);
#2164 = DIRECTION('',(6.435562835539E-03,0.999979291551,0.));
#2165 = ORIENTED_EDGE('',*,*,#2166,.T.);
#2166 = EDGE_CURVE('',#2159,#2167,#2169,.T.);
#2167 = VERTEX_POINT('',#2168);
#2168 = CARTESIAN_POINT('',(154.6,-64.876544,-8.5E-02));
#2169 = LINE('',#2170,#2171);
#2170 = CARTESIAN_POINT('',(154.6,-69.131981,-8.5E-02));
#2171 = VECTOR('',#2172,1.);
#2172 = DIRECTION('',(0.,1.,0.));
#2173 = ORIENTED_EDGE('',*,*,#2174,.T.);
#2174 = EDGE_CURVE('',#2167,#2175,#2177,.T.);
#2175 = VERTEX_POINT('',#2176);
#2176 = CARTESIAN_POINT('',(154.597311,-64.69601,-8.5E-02));
#2177 = LINE('',#2178,#2179);
#2178 = CARTESIAN_POINT('',(154.6,-64.876544,-8.5E-02));
#2179 = VECTOR('',#2180,1.);
#2180 = DIRECTION('',(-1.489304933941E-02,0.99988909239,0.));
#2181 = ORIENTED_EDGE('',*,*,#2182,.T.);
#2182 = EDGE_CURVE('',#2175,#2183,#2185,.T.);
#2183 = VERTEX_POINT('',#2184);
#2184 = CARTESIAN_POINT('',(153.460903,-62.51996,-8.5E-02));
#2185 = CIRCLE('',#2186,3.002850136439);
#2186 = AXIS2_PLACEMENT_3D('',#2187,#2188,#2189);
#2187 = CARTESIAN_POINT('',(151.59989621704,-64.87660225026,-8.5E-02));
#2188 = DIRECTION('',(0.,0.,1.));
#2189 = DIRECTION('',(0.998189935148,6.014028075216E-02,-0.));
#2190 = ORIENTED_EDGE('',*,*,#2191,.T.);
#2191 = EDGE_CURVE('',#2183,#2192,#2194,.T.);
#2192 = VERTEX_POINT('',#2193);
#2193 = CARTESIAN_POINT('',(153.314286,-62.414588,-8.5E-02));
#2194 = LINE('',#2195,#2196);
#2195 = CARTESIAN_POINT('',(153.460903,-62.51996,-8.5E-02));
#2196 = VECTOR('',#2197,1.);
#2197 = DIRECTION('',(-0.812038912001,0.583603294539,0.));
#2198 = ORIENTED_EDGE('',*,*,#2199,.T.);
#2199 = EDGE_CURVE('',#2192,#2200,#2202,.T.);
#2200 = VERTEX_POINT('',#2201);
#2201 = CARTESIAN_POINT('',(153.149377,-62.296675,-8.5E-02));
#2202 = LINE('',#2203,#2204);
#2203 = CARTESIAN_POINT('',(153.314286,-62.414588,-8.5E-02));
#2204 = VECTOR('',#2205,1.);
#2205 = DIRECTION('',(-0.813451410001,0.581632876965,0.));
#2206 = ORIENTED_EDGE('',*,*,#2207,.T.);
#2207 = EDGE_CURVE('',#2200,#2208,#2210,.T.);
#2208 = VERTEX_POINT('',#2209);
#2209 = CARTESIAN_POINT('',(155.397288,-55.134547,-8.5E-02));
#2210 = CIRCLE('',#2211,4.002589352718);
#2211 = AXIS2_PLACEMENT_3D('',#2212,#2213,#2214);
#2212 = CARTESIAN_POINT('',(155.59999994245,-59.13199986337,-8.5E-02));
#2213 = DIRECTION('',(0.,0.,-1.));
#2214 = DIRECTION('',(-0.612259396731,-0.790656961719,-0.));
#2215 = ORIENTED_EDGE('',*,*,#2216,.T.);
#2216 = EDGE_CURVE('',#2208,#2217,#2219,.T.);
#2217 = VERTEX_POINT('',#2218);
#2218 = CARTESIAN_POINT('',(155.6,-55.131981,-8.5E-02));
#2219 = LINE('',#2220,#2221);
#2220 = CARTESIAN_POINT('',(155.397288,-55.134547,-8.5E-02));
#2221 = VECTOR('',#2222,1.);
#2222 = DIRECTION('',(0.99991989268,1.265733871015E-02,0.));
#2223 = ORIENTED_EDGE('',*,*,#2224,.T.);
#2224 = EDGE_CURVE('',#2217,#2225,#2227,.T.);
#2225 = VERTEX_POINT('',#2226);
#2226 = CARTESIAN_POINT('',(190.043651,-55.131981,-8.5E-02));
#2227 = LINE('',#2228,#2229);
#2228 = CARTESIAN_POINT('',(155.6,-55.131981,-8.5E-02));
#2229 = VECTOR('',#2230,1.);
#2230 = DIRECTION('',(1.,0.,0.));
#2231 = ORIENTED_EDGE('',*,*,#2232,.T.);
#2232 = EDGE_CURVE('',#2225,#2233,#2235,.T.);
#2233 = VERTEX_POINT('',#2234);
#2234 = CARTESIAN_POINT('',(190.212,-55.13427,-8.5E-02));
#2235 = LINE('',#2236,#2237);
#2236 = CARTESIAN_POINT('',(190.043651,-55.131981,-8.5E-02));
#2237 = VECTOR('',#2238,1.);
#2238 = DIRECTION('',(0.99990757695,-1.359549770795E-02,0.));
#2239 = ORIENTED_EDGE('',*,*,#2240,.T.);
#2240 = EDGE_CURVE('',#2233,#2241,#2243,.T.);
#2241 = VERTEX_POINT('',#2242);
#2242 = CARTESIAN_POINT('',(192.044326,-55.893224,-8.5E-02));
#2243 = CIRCLE('',#2244,3.002152382178);
#2244 = AXIS2_PLACEMENT_3D('',#2245,#2246,#2247);
#2245 = CARTESIAN_POINT('',(190.04379755525,-58.13170671549,-8.5E-02));
#2246 = DIRECTION('',(0.,0.,-1.));
#2247 = DIRECTION('',(5.602728420674E-02,0.998429238066,0.));
#2248 = ORIENTED_EDGE('',*,*,#2249,.T.);
#2249 = EDGE_CURVE('',#2241,#2250,#2252,.T.);
#2250 = VERTEX_POINT('',#2251);
#2251 = CARTESIAN_POINT('',(192.164971,-56.010661,-8.5E-02));
#2252 = LINE('',#2253,#2254);
#2253 = CARTESIAN_POINT('',(192.044326,-55.893224,-8.5E-02));
#2254 = VECTOR('',#2255,1.);
#2255 = DIRECTION('',(0.716569538315,-0.697515660583,0.));
#2256 = ORIENTED_EDGE('',*,*,#2257,.T.);
#2257 = EDGE_CURVE('',#2250,#2258,#2260,.T.);
#2258 = VERTEX_POINT('',#2259);
#2259 = CARTESIAN_POINT('',(199.62132,-63.46701,-8.5E-02));
#2260 = LINE('',#2261,#2262);
#2261 = CARTESIAN_POINT('',(192.164971,-56.010661,-8.5E-02));
#2262 = VECTOR('',#2263,1.);
#2263 = DIRECTION('',(0.707106781187,-0.707106781187,0.));
#2264 = ORIENTED_EDGE('',*,*,#2265,.T.);
#2265 = EDGE_CURVE('',#2258,#2266,#2268,.T.);
#2266 = VERTEX_POINT('',#2267);
#2267 = CARTESIAN_POINT('',(199.738673,-63.58773,-8.5E-02));
#2268 = LINE('',#2269,#2270);
#2269 = CARTESIAN_POINT('',(199.62132,-63.46701,-8.5E-02));
#2270 = VECTOR('',#2271,1.);
#2271 = DIRECTION('',(0.697036661362,-0.717035489162,0.));
#2272 = ORIENTED_EDGE('',*,*,#2273,.T.);
#2273 = EDGE_CURVE('',#2266,#2274,#2276,.T.);
#2274 = VERTEX_POINT('',#2275);
#2275 = CARTESIAN_POINT('',(200.497637,-65.419987,-8.5E-02));
#2276 = CIRCLE('',#2277,3.002465844781);
#2277 = AXIS2_PLACEMENT_3D('',#2278,#2279,#2280);
#2278 = CARTESIAN_POINT('',(197.49989826833,-65.58840209955,-8.5E-02));
#2279 = DIRECTION('',(0.,0.,-1.));
#2280 = DIRECTION('',(0.74564536198,0.666343000382,0.));
#2281 = ORIENTED_EDGE('',*,*,#2282,.T.);
#2282 = EDGE_CURVE('',#2274,#2283,#2285,.T.);
#2283 = VERTEX_POINT('',#2284);
#2284 = CARTESIAN_POINT('',(200.5,-65.58833,-8.5E-02));
#2285 = LINE('',#2286,#2287);
#2286 = CARTESIAN_POINT('',(200.497637,-65.419987,-8.5E-02));
#2287 = VECTOR('',#2288,1.);
#2288 = DIRECTION('',(1.403543503914E-02,-0.99990149843,0.));
#2289 = ORIENTED_EDGE('',*,*,#2290,.T.);
#2290 = EDGE_CURVE('',#2283,#2291,#2293,.T.);
#2291 = VERTEX_POINT('',#2292);
#2292 = CARTESIAN_POINT('',(200.5,-87.631981,-8.5E-02));
#2293 = LINE('',#2294,#2295);
#2294 = CARTESIAN_POINT('',(200.5,-65.58833,-8.5E-02));
#2295 = VECTOR('',#2296,1.);
#2296 = DIRECTION('',(0.,-1.,0.));
#2297 = ORIENTED_EDGE('',*,*,#2298,.T.);
#2298 = EDGE_CURVE('',#2291,#2299,#2301,.T.);
#2299 = VERTEX_POINT('',#2300);
#2300 = CARTESIAN_POINT('',(200.497709,-87.800329,-8.5E-02));
#2301 = LINE('',#2302,#2303);
#2302 = CARTESIAN_POINT('',(200.5,-87.631981,-8.5E-02));
#2303 = VECTOR('',#2304,1.);
#2304 = DIRECTION('',(-1.360745530782E-02,-0.999907414294,0.));
#2305 = ORIENTED_EDGE('',*,*,#2306,.T.);
#2306 = EDGE_CURVE('',#2299,#2307,#2309,.T.);
#2307 = VERTEX_POINT('',#2308);
#2308 = CARTESIAN_POINT('',(197.668348,-90.629708,-8.5E-02));
#2309 = CIRCLE('',#2310,3.002432350954);
#2310 = AXIS2_PLACEMENT_3D('',#2311,#2312,#2313);
#2311 = CARTESIAN_POINT('',(197.49999902954,-87.63199910049,-8.5E-02));
#2312 = DIRECTION('',(0.,0.,-1.));
#2313 = DIRECTION('',(0.998427148411,-5.606451031504E-02,0.));
#2314 = ORIENTED_EDGE('',*,*,#2315,.T.);
#2315 = EDGE_CURVE('',#2307,#2316,#2318,.T.);
#2316 = VERTEX_POINT('',#2317);
#2317 = CARTESIAN_POINT('',(197.5,-90.631981,-8.5E-02));
#2318 = LINE('',#2319,#2320);
#2319 = CARTESIAN_POINT('',(197.668348,-90.629708,-8.5E-02));
#2320 = VECTOR('',#2321,1.);
#2321 = DIRECTION('',(-0.999908863241,-1.350056339338E-02,0.));
#2322 = ORIENTED_EDGE('',*,*,#2323,.T.);
#2323 = EDGE_CURVE('',#2316,#2324,#2326,.T.);
#2324 = VERTEX_POINT('',#2325);
#2325 = CARTESIAN_POINT('',(170.842641,-90.631981,-8.5E-02));
#2326 = LINE('',#2327,#2328);
#2327 = CARTESIAN_POINT('',(197.5,-90.631981,-8.5E-02));
#2328 = VECTOR('',#2329,1.);
#2329 = DIRECTION('',(-1.,0.,0.));
#2330 = ORIENTED_EDGE('',*,*,#2331,.T.);
#2331 = EDGE_CURVE('',#2324,#2332,#2334,.T.);
#2332 = VERTEX_POINT('',#2333);
#2333 = CARTESIAN_POINT('',(170.674298,-90.634366,-8.5E-02));
#2334 = LINE('',#2335,#2336);
#2335 = CARTESIAN_POINT('',(170.842641,-90.631981,-8.5E-02));
#2336 = VECTOR('',#2337,1.);
#2337 = DIRECTION('',(-0.999899656031,-1.416608162881E-02,0.));
#2338 = ORIENTED_EDGE('',*,*,#2339,.T.);
#2339 = EDGE_CURVE('',#2332,#2340,#2342,.T.);
#2340 = VERTEX_POINT('',#2341);
#2341 = CARTESIAN_POINT('',(168.842029,-91.393298,-8.5E-02));
#2342 = CIRCLE('',#2343,3.002563224098);
#2343 = AXIS2_PLACEMENT_3D('',#2344,#2345,#2346);
#2344 = CARTESIAN_POINT('',(170.84270156369,-93.63220291258,-8.5E-02));
#2345 = DIRECTION('',(0.,0.,1.));
#2346 = DIRECTION('',(-5.608660038962E-02,0.998425907745,0.));
#2347 = ORIENTED_EDGE('',*,*,#2348,.T.);
#2348 = EDGE_CURVE('',#2340,#2349,#2351,.T.);
#2349 = VERTEX_POINT('',#2350);
#2350 = CARTESIAN_POINT('',(168.72132,-91.510661,-8.5E-02));
#2351 = LINE('',#2352,#2353);
#2352 = CARTESIAN_POINT('',(168.842029,-91.393298,-8.5E-02));
#2353 = VECTOR('',#2354,1.);
#2354 = DIRECTION('',(-0.716974055361,-0.697099852201,0.));
#2355 = ORIENTED_EDGE('',*,*,#2356,.T.);
#2356 = EDGE_CURVE('',#2349,#2357,#2359,.T.);
#2357 = VERTEX_POINT('',#2358);
#2358 = CARTESIAN_POINT('',(160.47868,-99.753302,-8.5E-02));
#2359 = LINE('',#2360,#2361);
#2360 = CARTESIAN_POINT('',(168.72132,-91.510661,-8.5E-02));
#2361 = VECTOR('',#2362,1.);
#2362 = DIRECTION('',(-0.707106738293,-0.70710682408,0.));
#2363 = ORIENTED_EDGE('',*,*,#2364,.T.);
#2364 = EDGE_CURVE('',#2357,#2365,#2367,.T.);
#2365 = VERTEX_POINT('',#2366);
#2366 = CARTESIAN_POINT('',(160.361254,-99.873957,-8.5E-02));
#2367 = LINE('',#2368,#2369);
#2368 = CARTESIAN_POINT('',(160.47868,-99.753302,-8.5E-02));
#2369 = VECTOR('',#2370,1.);
#2370 = DIRECTION('',(-0.697452423656,-0.716631088313,0.));
#2371 = ORIENTED_EDGE('',*,*,#2372,.T.);
#2372 = EDGE_CURVE('',#2365,#2373,#2375,.T.);
#2373 = VERTEX_POINT('',#2374);
#2374 = CARTESIAN_POINT('',(159.602272,-101.706273,-8.5E-02));
#2375 = CIRCLE('',#2376,3.002346946082);
#2376 = AXIS2_PLACEMENT_3D('',#2377,#2378,#2379);
#2377 = CARTESIAN_POINT('',(162.59989668209,-101.8745984287,-8.5E-02));
#2378 = DIRECTION('',(0.,0.,1.));
#2379 = DIRECTION('',(-0.74563090885,0.666359173245,0.));
#2380 = ORIENTED_EDGE('',*,*,#2381,.T.);
#2381 = EDGE_CURVE('',#2373,#2382,#2384,.T.);
#2382 = VERTEX_POINT('',#2383);
#2383 = CARTESIAN_POINT('',(159.6,-101.874622,-8.5E-02));
#2384 = LINE('',#2385,#2386);
#2385 = CARTESIAN_POINT('',(159.602272,-101.706273,-8.5E-02));
#2386 = VECTOR('',#2387,1.);
#2387 = DIRECTION('',(-1.349454479607E-02,-0.999908944485,0.));
#2388 = ORIENTED_EDGE('',*,*,#2389,.T.);
#2389 = EDGE_CURVE('',#2382,#2390,#2392,.T.);
#2390 = VERTEX_POINT('',#2391);
#2391 = CARTESIAN_POINT('',(159.6,-112.631981,-8.5E-02));
#2392 = LINE('',#2393,#2394);
#2393 = CARTESIAN_POINT('',(159.6,-101.874622,-8.5E-02));
#2394 = VECTOR('',#2395,1.);
#2395 = DIRECTION('',(0.,-1.,0.));
#2396 = ORIENTED_EDGE('',*,*,#2397,.T.);
#2397 = EDGE_CURVE('',#2390,#2398,#2400,.T.);
#2398 = VERTEX_POINT('',#2399);
#2399 = CARTESIAN_POINT('',(159.597709,-112.800329,-8.5E-02));
#2400 = LINE('',#2401,#2402);
#2401 = CARTESIAN_POINT('',(159.6,-112.631981,-8.5E-02));
#2402 = VECTOR('',#2403,1.);
#2403 = DIRECTION('',(-1.360745530765E-02,-0.999907414294,0.));
#2404 = ORIENTED_EDGE('',*,*,#2405,.T.);
#2405 = EDGE_CURVE('',#2398,#2406,#2408,.T.);
#2406 = VERTEX_POINT('',#2407);
#2407 = CARTESIAN_POINT('',(156.768348,-115.629708,-8.5E-02));
#2408 = CIRCLE('',#2409,3.002432350955);
#2409 = AXIS2_PLACEMENT_3D('',#2410,#2411,#2412);
#2410 = CARTESIAN_POINT('',(156.59999902954,-112.6319991004,-8.5E-02));
#2411 = DIRECTION('',(0.,0.,-1.));
#2412 = DIRECTION('',(0.998427148411,-5.606451031506E-02,0.));
#2413 = ORIENTED_EDGE('',*,*,#2414,.T.);
#2414 = EDGE_CURVE('',#2406,#2415,#2417,.T.);
#2415 = VERTEX_POINT('',#2416);
#2416 = CARTESIAN_POINT('',(156.6,-115.631981,-8.5E-02));
#2417 = LINE('',#2418,#2419);
#2418 = CARTESIAN_POINT('',(156.768348,-115.629708,-8.5E-02));
#2419 = VECTOR('',#2420,1.);
#2420 = DIRECTION('',(-0.999908863241,-1.350056339338E-02,0.));
#2421 = ORIENTED_EDGE('',*,*,#2422,.T.);
#2422 = EDGE_CURVE('',#2415,#2423,#2425,.T.);
#2423 = VERTEX_POINT('',#2424);
#2424 = CARTESIAN_POINT('',(122.6,-115.631981,-8.5E-02));
#2425 = LINE('',#2426,#2427);
#2426 = CARTESIAN_POINT('',(156.6,-115.631981,-8.5E-02));
#2427 = VECTOR('',#2428,1.);
#2428 = DIRECTION('',(-1.,0.,0.));
#2429 = ORIENTED_EDGE('',*,*,#2430,.T.);
#2430 = EDGE_CURVE('',#2423,#2431,#2433,.T.);
#2431 = VERTEX_POINT('',#2432);
#2432 = CARTESIAN_POINT('',(122.431651,-115.629727,-8.5E-02));
#2433 = LINE('',#2434,#2435);
#2434 = CARTESIAN_POINT('',(122.6,-115.631981,-8.5E-02));
#2435 = VECTOR('',#2436,1.);
#2436 = DIRECTION('',(-0.999910381357,1.338765302778E-02,0.));
#2437 = ORIENTED_EDGE('',*,*,#2438,.T.);
#2438 = EDGE_CURVE('',#2431,#2439,#2441,.T.);
#2439 = VERTEX_POINT('',#2440);
#2440 = CARTESIAN_POINT('',(119.602272,-112.80033,-8.5E-02));
#2441 = CIRCLE('',#2442,3.002450047326);
#2442 = AXIS2_PLACEMENT_3D('',#2443,#2444,#2445);
#2443 = CARTESIAN_POINT('',(122.59999970936,-112.6320003615,-8.5E-02));
#2444 = DIRECTION('',(0.,0.,-1.));
#2445 = DIRECTION('',(-5.607044470847E-02,-0.99842681516,-0.));
#2446 = ORIENTED_EDGE('',*,*,#2447,.T.);
#2447 = EDGE_CURVE('',#2439,#2448,#2450,.T.);
#2448 = VERTEX_POINT('',#2449);
#2449 = CARTESIAN_POINT('',(119.6,-112.631981,-8.5E-02));
#2450 = LINE('',#2451,#2452);
#2451 = CARTESIAN_POINT('',(119.602272,-112.80033,-8.5E-02));
#2452 = VECTOR('',#2453,1.);
#2453 = DIRECTION('',(-1.349454479607E-02,0.999908944485,0.));
#2454 = ORIENTED_EDGE('',*,*,#2455,.T.);
#2455 = EDGE_CURVE('',#2448,#2456,#2458,.T.);
#2456 = VERTEX_POINT('',#2457);
#2457 = CARTESIAN_POINT('',(119.6,-101.874622,-8.5E-02));
#2458 = LINE('',#2459,#2460);
#2459 = CARTESIAN_POINT('',(119.6,-112.631981,-8.5E-02));
#2460 = VECTOR('',#2461,1.);
#2461 = DIRECTION('',(0.,1.,0.));
#2462 = ORIENTED_EDGE('',*,*,#2463,.T.);
#2463 = EDGE_CURVE('',#2456,#2464,#2466,.T.);
#2464 = VERTEX_POINT('',#2465);
#2465 = CARTESIAN_POINT('',(119.597662,-101.706278,-8.5E-02));
#2466 = LINE('',#2467,#2468);
#2467 = CARTESIAN_POINT('',(119.6,-101.874622,-8.5E-02));
#2468 = VECTOR('',#2469,1.);
#2469 = DIRECTION('',(-1.388688965747E-02,0.999903572499,0.));
#2470 = ORIENTED_EDGE('',*,*,#2471,.T.);
#2471 = EDGE_CURVE('',#2464,#2472,#2474,.T.);
#2472 = VERTEX_POINT('',#2473);
#2473 = CARTESIAN_POINT('',(118.838688,-99.874007,-8.5E-02));
#2474 = CIRCLE('',#2475,3.002484089624);
#2475 = AXIS2_PLACEMENT_3D('',#2476,#2477,#2478);
#2476 = CARTESIAN_POINT('',(116.59990524185,-101.8746974983,-8.5E-02));
#2477 = DIRECTION('',(0.,0.,1.));
#2478 = DIRECTION('',(0.998425526552,5.609338579101E-02,-0.));
#2479 = ORIENTED_EDGE('',*,*,#2480,.T.);
#2480 = EDGE_CURVE('',#2472,#2481,#2483,.T.);
#2481 = VERTEX_POINT('',#2482);
#2482 = CARTESIAN_POINT('',(118.72132,-99.753301,-8.5E-02));
#2483 = LINE('',#2484,#2485);
#2484 = CARTESIAN_POINT('',(118.838688,-99.874007,-8.5E-02));
#2485 = VECTOR('',#2486,1.);
#2486 = DIRECTION('',(-0.697124024171,0.716950552635,0.));
#2487 = ORIENTED_EDGE('',*,*,#2488,.T.);
#2488 = EDGE_CURVE('',#2481,#2489,#2491,.T.);
#2489 = VERTEX_POINT('',#2490);
#2490 = CARTESIAN_POINT('',(110.478679,-91.510661,-8.5E-02));
#2491 = LINE('',#2492,#2493);
#2492 = CARTESIAN_POINT('',(118.72132,-99.753301,-8.5E-02));
#2493 = VECTOR('',#2494,1.);
#2494 = DIRECTION('',(-0.70710682408,0.707106738293,0.));
#2495 = ORIENTED_EDGE('',*,*,#2496,.T.);
#2496 = EDGE_CURVE('',#2489,#2497,#2499,.T.);
#2497 = VERTEX_POINT('',#2498);
#2498 = CARTESIAN_POINT('',(110.358018,-91.393241,-8.5E-02));
#2499 = LINE('',#2500,#2501);
#2500 = CARTESIAN_POINT('',(110.478679,-91.510661,-8.5E-02));
#2501 = VECTOR('',#2502,1.);
#2502 = DIRECTION('',(-0.716666234618,0.697416309071,0.));
#2503 = ORIENTED_EDGE('',*,*,#2504,.T.);
#2504 = EDGE_CURVE('',#2497,#2505,#2507,.T.);
#2505 = VERTEX_POINT('',#2506);
#2506 = CARTESIAN_POINT('',(108.525708,-90.634252,-8.5E-02));
#2507 = CIRCLE('',#2508,3.002271261232);
#2508 = AXIS2_PLACEMENT_3D('',#2509,#2510,#2511);
#2509 = CARTESIAN_POINT('',(108.35739849724,-93.63180177228,-8.5E-02));
#2510 = DIRECTION('',(0.,0.,1.));
#2511 = DIRECTION('',(0.666368668479,0.745622422993,-0.));
#2512 = ORIENTED_EDGE('',*,*,#2513,.T.);
#2513 = EDGE_CURVE('',#2505,#2514,#2516,.T.);
#2514 = VERTEX_POINT('',#2515);
#2515 = CARTESIAN_POINT('',(108.357359,-90.631981,-8.5E-02));
#2516 = LINE('',#2517,#2518);
#2517 = CARTESIAN_POINT('',(108.525708,-90.634252,-8.5E-02));
#2518 = VECTOR('',#2519,1.);
#2519 = DIRECTION('',(-0.999909024611,1.348860637663E-02,0.));
#2520 = ORIENTED_EDGE('',*,*,#2521,.T.);
#2521 = EDGE_CURVE('',#2514,#2522,#2524,.T.);
#2522 = VERTEX_POINT('',#2523);
#2523 = CARTESIAN_POINT('',(81.7,-90.631981,-8.5E-02));
#2524 = LINE('',#2525,#2526);
#2525 = CARTESIAN_POINT('',(108.357359,-90.631981,-8.5E-02));
#2526 = VECTOR('',#2527,1.);
#2527 = DIRECTION('',(-1.,0.,0.));
#2528 = ORIENTED_EDGE('',*,*,#2529,.T.);
#2529 = EDGE_CURVE('',#2522,#2530,#2532,.T.);
#2530 = VERTEX_POINT('',#2531);
#2531 = CARTESIAN_POINT('',(81.531651,-90.629727,-8.5E-02));
#2532 = LINE('',#2533,#2534);
#2533 = CARTESIAN_POINT('',(81.7,-90.631981,-8.5E-02));
#2534 = VECTOR('',#2535,1.);
#2535 = DIRECTION('',(-0.999910381357,1.338765302778E-02,0.));
#2536 = ORIENTED_EDGE('',*,*,#2537,.T.);
#2537 = EDGE_CURVE('',#2530,#2538,#2540,.T.);
#2538 = VERTEX_POINT('',#2539);
#2539 = CARTESIAN_POINT('',(78.702272,-87.80033,-8.5E-02));
#2540 = CIRCLE('',#2541,3.002450047326);
#2541 = AXIS2_PLACEMENT_3D('',#2542,#2543,#2544);
#2542 = CARTESIAN_POINT('',(81.699999709369,-87.63200036157,-8.5E-02));
#2543 = DIRECTION('',(0.,0.,-1.));
#2544 = DIRECTION('',(-5.607044470847E-02,-0.99842681516,-0.));
#2545 = ORIENTED_EDGE('',*,*,#2546,.T.);
#2546 = EDGE_CURVE('',#2538,#2547,#2549,.T.);
#2547 = VERTEX_POINT('',#2548);
#2548 = CARTESIAN_POINT('',(78.7,-87.631981,-8.5E-02));
#2549 = LINE('',#2550,#2551);
#2550 = CARTESIAN_POINT('',(78.702272,-87.80033,-8.5E-02));
#2551 = VECTOR('',#2552,1.);
#2552 = DIRECTION('',(-1.349454479599E-02,0.999908944485,0.));
#2553 = ORIENTED_EDGE('',*,*,#2554,.T.);
#2554 = EDGE_CURVE('',#2547,#2555,#2557,.T.);
#2555 = VERTEX_POINT('',#2556);
#2556 = CARTESIAN_POINT('',(78.7,-65.58833,-8.5E-02));
#2557 = LINE('',#2558,#2559);
#2558 = CARTESIAN_POINT('',(78.7,-87.631981,-8.5E-02));
#2559 = VECTOR('',#2560,1.);
#2560 = DIRECTION('',(0.,1.,0.));
#2561 = ORIENTED_EDGE('',*,*,#2562,.T.);
#2562 = EDGE_CURVE('',#2555,#2563,#2565,.T.);
#2563 = VERTEX_POINT('',#2564);
#2564 = CARTESIAN_POINT('',(78.702264,-65.419981,-8.5E-02));
#2565 = LINE('',#2566,#2567);
#2566 = CARTESIAN_POINT('',(78.7,-65.58833,-8.5E-02));
#2567 = VECTOR('',#2568,1.);
#2568 = DIRECTION('',(1.344703740038E-02,0.999909584505,0.));
#2569 = ORIENTED_EDGE('',*,*,#2570,.T.);
#2570 = EDGE_CURVE('',#2563,#2571,#2573,.T.);
#2571 = VERTEX_POINT('',#2572);
#2572 = CARTESIAN_POINT('',(79.461244,-63.587656,-8.5E-02));
#2573 = CIRCLE('',#2574,3.002365943833);
#2574 = AXIS2_PLACEMENT_3D('',#2575,#2576,#2577);
#2575 = CARTESIAN_POINT('',(81.699907950599,-65.58830213987,-8.5E-02));
#2576 = DIRECTION('',(0.,0.,-1.));
#2577 = DIRECTION('',(-0.998427242607,5.606283278561E-02,0.));
#2578 = ORIENTED_EDGE('',*,*,#2579,.T.);
#2579 = EDGE_CURVE('',#2571,#2580,#2582,.T.);
#2580 = VERTEX_POINT('',#2581);
#2581 = CARTESIAN_POINT('',(79.57868,-63.46701,-8.5E-02));
#2582 = LINE('',#2583,#2584);
#2583 = CARTESIAN_POINT('',(79.461244,-63.587656,-8.5E-02));
#2584 = VECTOR('',#2585,1.);
#2585 = DIRECTION('',(0.697509642133,0.716575396683,0.));
#2586 = ORIENTED_EDGE('',*,*,#2587,.T.);
#2587 = EDGE_CURVE('',#2580,#2588,#2590,.T.);
#2588 = VERTEX_POINT('',#2589);
#2589 = CARTESIAN_POINT('',(87.035029,-56.010661,-8.5E-02));
#2590 = LINE('',#2591,#2592);
#2591 = CARTESIAN_POINT('',(79.57868,-63.46701,-8.5E-02));
#2592 = VECTOR('',#2593,1.);
#2593 = DIRECTION('',(0.707106781187,0.707106781187,0.));
#2594 = ORIENTED_EDGE('',*,*,#2595,.T.);
#2595 = EDGE_CURVE('',#2588,#2057,#2596,.T.);
#2596 = LINE('',#2597,#2598);
#2597 = CARTESIAN_POINT('',(87.035029,-56.010661,-8.5E-02));
#2598 = VECTOR('',#2599,1.);
#2599 = DIRECTION('',(0.717132122869,0.696937241328,0.));
#2600 = FACE_BOUND('',#2601,.T.);
#2601 = EDGE_LOOP('',(#2602));
#2602 = ORIENTED_EDGE('',*,*,#2603,.T.);
#2603 = EDGE_CURVE('',#2604,#2604,#2606,.T.);
#2604 = VERTEX_POINT('',#2605);
#2605 = CARTESIAN_POINT('',(125.337473,-111.631981,-8.5E-02));
#2606 = CIRCLE('',#2607,1.737473);
#2607 = AXIS2_PLACEMENT_3D('',#2608,#2609,#2610);
#2608 = CARTESIAN_POINT('',(123.6,-111.631981,-8.5E-02));
#2609 = DIRECTION('',(0.,0.,1.));
#2610 = DIRECTION('',(1.,0.,-0.));
#2611 = FACE_BOUND('',#2612,.T.);
#2612 = EDGE_LOOP('',(#2613));
#2613 = ORIENTED_EDGE('',*,*,#2614,.T.);
#2614 = EDGE_CURVE('',#2615,#2615,#2617,.T.);
#2615 = VERTEX_POINT('',#2616);
#2616 = CARTESIAN_POINT('',(157.337473,-111.631981,-8.5E-02));
#2617 = CIRCLE('',#2618,1.737473);
#2618 = AXIS2_PLACEMENT_3D('',#2619,#2620,#2621);
#2619 = CARTESIAN_POINT('',(155.6,-111.631981,-8.5E-02));
#2620 = DIRECTION('',(0.,0.,1.));
#2621 = DIRECTION('',(1.,0.,-0.));
#2622 = FACE_BOUND('',#2623,.T.);
#2623 = EDGE_LOOP('',(#2624));
#2624 = ORIENTED_EDGE('',*,*,#2625,.T.);
#2625 = EDGE_CURVE('',#2626,#2626,#2628,.T.);
#2626 = VERTEX_POINT('',#2627);
#2627 = CARTESIAN_POINT('',(93.32442,-84.75,-8.5E-02));
#2628 = CIRCLE('',#2629,0.837439);
#2629 = AXIS2_PLACEMENT_3D('',#2630,#2631,#2632);
#2630 = CARTESIAN_POINT('',(92.486981,-84.75,-8.5E-02));
#2631 = DIRECTION('',(0.,0.,1.));
#2632 = DIRECTION('',(1.,0.,-0.));
#2633 = FACE_BOUND('',#2634,.T.);
#2634 = EDGE_LOOP('',(#2635));
#2635 = ORIENTED_EDGE('',*,*,#2636,.T.);
#2636 = EDGE_CURVE('',#2637,#2637,#2639,.T.);
#2637 = VERTEX_POINT('',#2638);
#2638 = CARTESIAN_POINT('',(97.28442,-84.75,-8.5E-02));
#2639 = CIRCLE('',#2640,0.837439);
#2640 = AXIS2_PLACEMENT_3D('',#2641,#2642,#2643);
#2641 = CARTESIAN_POINT('',(96.446981,-84.75,-8.5E-02));
#2642 = DIRECTION('',(0.,0.,1.));
#2643 = DIRECTION('',(1.,0.,-0.));
#2644 = FACE_BOUND('',#2645,.T.);
#2645 = EDGE_LOOP('',(#2646));
#2646 = ORIENTED_EDGE('',*,*,#2647,.T.);
#2647 = EDGE_CURVE('',#2648,#2648,#2650,.T.);
#2648 = VERTEX_POINT('',#2649);
#2649 = CARTESIAN_POINT('',(102.95317,-84.75,-8.5E-02));
#2650 = CIRCLE('',#2651,0.837439);
#2651 = AXIS2_PLACEMENT_3D('',#2652,#2653,#2654);
#2652 = CARTESIAN_POINT('',(102.115731,-84.75,-8.5E-02));
#2653 = DIRECTION('',(0.,0.,1.));
#2654 = DIRECTION('',(1.,0.,-0.));
#2655 = FACE_BOUND('',#2656,.T.);
#2656 = EDGE_LOOP('',(#2657));
#2657 = ORIENTED_EDGE('',*,*,#2658,.T.);
#2658 = EDGE_CURVE('',#2659,#2659,#2661,.T.);
#2659 = VERTEX_POINT('',#2660);
#2660 = CARTESIAN_POINT('',(106.91317,-84.75,-8.5E-02));
#2661 = CIRCLE('',#2662,0.837439);
#2662 = AXIS2_PLACEMENT_3D('',#2663,#2664,#2665);
#2663 = CARTESIAN_POINT('',(106.075731,-84.75,-8.5E-02));
#2664 = DIRECTION('',(0.,0.,1.));
#2665 = DIRECTION('',(1.,0.,-0.));
#2666 = FACE_BOUND('',#2667,.T.);
#2667 = EDGE_LOOP('',(#2668));
#2668 = ORIENTED_EDGE('',*,*,#2669,.T.);
#2669 = EDGE_CURVE('',#2670,#2670,#2672,.T.);
#2670 = VERTEX_POINT('',#2671);
#2671 = CARTESIAN_POINT('',(112.113451,-84.75,-8.5E-02));
#2672 = CIRCLE('',#2673,0.837439);
#2673 = AXIS2_PLACEMENT_3D('',#2674,#2675,#2676);
#2674 = CARTESIAN_POINT('',(111.276012,-84.75,-8.5E-02));
#2675 = DIRECTION('',(0.,0.,1.));
#2676 = DIRECTION('',(1.,0.,-0.));
#2677 = FACE_BOUND('',#2678,.T.);
#2678 = EDGE_LOOP('',(#2679));
#2679 = ORIENTED_EDGE('',*,*,#2680,.T.);
#2680 = EDGE_CURVE('',#2681,#2681,#2683,.T.);
#2681 = VERTEX_POINT('',#2682);
#2682 = CARTESIAN_POINT('',(116.073451,-84.75,-8.5E-02));
#2683 = CIRCLE('',#2684,0.837439);
#2684 = AXIS2_PLACEMENT_3D('',#2685,#2686,#2687);
#2685 = CARTESIAN_POINT('',(115.236012,-84.75,-8.5E-02));
#2686 = DIRECTION('',(0.,0.,1.));
#2687 = DIRECTION('',(1.,0.,-0.));
#2688 = FACE_BOUND('',#2689,.T.);
#2689 = EDGE_LOOP('',(#2690));
#2690 = ORIENTED_EDGE('',*,*,#2691,.T.);
#2691 = EDGE_CURVE('',#2692,#2692,#2694,.T.);
#2692 = VERTEX_POINT('',#2693);
#2693 = CARTESIAN_POINT('',(170.249939,-84.75,-8.5E-02));
#2694 = CIRCLE('',#2695,0.837439);
#2695 = AXIS2_PLACEMENT_3D('',#2696,#2697,#2698);
#2696 = CARTESIAN_POINT('',(169.4125,-84.75,-8.5E-02));
#2697 = DIRECTION('',(0.,0.,1.));
#2698 = DIRECTION('',(1.,0.,-0.));
#2699 = FACE_BOUND('',#2700,.T.);
#2700 = EDGE_LOOP('',(#2701));
#2701 = ORIENTED_EDGE('',*,*,#2702,.T.);
#2702 = EDGE_CURVE('',#2703,#2703,#2705,.T.);
#2703 = VERTEX_POINT('',#2704);
#2704 = CARTESIAN_POINT('',(174.209939,-84.75,-8.5E-02));
#2705 = CIRCLE('',#2706,0.837439);
#2706 = AXIS2_PLACEMENT_3D('',#2707,#2708,#2709);
#2707 = CARTESIAN_POINT('',(173.3725,-84.75,-8.5E-02));
#2708 = DIRECTION('',(0.,0.,1.));
#2709 = DIRECTION('',(1.,0.,-0.));
#2710 = FACE_BOUND('',#2711,.T.);
#2711 = EDGE_LOOP('',(#2712));
#2712 = ORIENTED_EDGE('',*,*,#2713,.T.);
#2713 = EDGE_CURVE('',#2714,#2714,#2716,.T.);
#2714 = VERTEX_POINT('',#2715);
#2715 = CARTESIAN_POINT('',(181.657439,-84.75,-8.5E-02));
#2716 = CIRCLE('',#2717,0.837439);
#2717 = AXIS2_PLACEMENT_3D('',#2718,#2719,#2720);
#2718 = CARTESIAN_POINT('',(180.82,-84.75,-8.5E-02));
#2719 = DIRECTION('',(0.,0.,1.));
#2720 = DIRECTION('',(1.,0.,-0.));
#2721 = FACE_BOUND('',#2722,.T.);
#2722 = EDGE_LOOP('',(#2723));
#2723 = ORIENTED_EDGE('',*,*,#2724,.T.);
#2724 = EDGE_CURVE('',#2725,#2725,#2727,.T.);
#2725 = VERTEX_POINT('',#2726);
#2726 = CARTESIAN_POINT('',(185.617439,-84.75,-8.5E-02));
#2727 = CIRCLE('',#2728,0.837439);
#2728 = AXIS2_PLACEMENT_3D('',#2729,#2730,#2731);
#2729 = CARTESIAN_POINT('',(184.78,-84.75,-8.5E-02));
#2730 = DIRECTION('',(0.,0.,1.));
#2731 = DIRECTION('',(1.,0.,-0.));
#2732 = FACE_BOUND('',#2733,.T.);
#2733 = EDGE_LOOP('',(#2734));
#2734 = ORIENTED_EDGE('',*,*,#2735,.T.);
#2735 = EDGE_CURVE('',#2736,#2736,#2738,.T.);
#2736 = VERTEX_POINT('',#2737);
#2737 = CARTESIAN_POINT('',(84.437473,-76.610156,-8.5E-02));
#2738 = CIRCLE('',#2739,1.737473);
#2739 = AXIS2_PLACEMENT_3D('',#2740,#2741,#2742);
#2740 = CARTESIAN_POINT('',(82.7,-76.610156,-8.5E-02));
#2741 = DIRECTION('',(0.,0.,1.));
#2742 = DIRECTION('',(1.,0.,-0.));
#2743 = FACE_BOUND('',#2744,.T.);
#2744 = EDGE_LOOP('',(#2745));
#2745 = ORIENTED_EDGE('',*,*,#2746,.T.);
#2746 = EDGE_CURVE('',#2747,#2747,#2749,.T.);
#2747 = VERTEX_POINT('',#2748);
#2748 = CARTESIAN_POINT('',(198.237473,-76.610156,-8.5E-02));
#2749 = CIRCLE('',#2750,1.737473);
#2750 = AXIS2_PLACEMENT_3D('',#2751,#2752,#2753);
#2751 = CARTESIAN_POINT('',(196.5,-76.610156,-8.5E-02));
#2752 = DIRECTION('',(0.,0.,1.));
#2753 = DIRECTION('',(1.,0.,-0.));
#2754 = FACE_BOUND('',#2755,.T.);
#2755 = EDGE_LOOP('',(#2756));
#2756 = ORIENTED_EDGE('',*,*,#2757,.T.);
#2757 = EDGE_CURVE('',#2758,#2758,#2760,.T.);
#2758 = VERTEX_POINT('',#2759);
#2759 = CARTESIAN_POINT('',(93.90442,-74.3,-8.5E-02));
#2760 = CIRCLE('',#2761,0.687439);
#2761 = AXIS2_PLACEMENT_3D('',#2762,#2763,#2764);
#2762 = CARTESIAN_POINT('',(93.216981,-74.3,-8.5E-02));
#2763 = DIRECTION('',(0.,0.,1.));
#2764 = DIRECTION('',(1.,0.,-0.));
#2765 = FACE_BOUND('',#2766,.T.);
#2766 = EDGE_LOOP('',(#2767));
#2767 = ORIENTED_EDGE('',*,*,#2768,.T.);
#2768 = EDGE_CURVE('',#2769,#2769,#2771,.T.);
#2769 = VERTEX_POINT('',#2770);
#2770 = CARTESIAN_POINT('',(96.40442,-74.3,-8.5E-02));
#2771 = CIRCLE('',#2772,0.687439);
#2772 = AXIS2_PLACEMENT_3D('',#2773,#2774,#2775);
#2773 = CARTESIAN_POINT('',(95.716981,-74.3,-8.5E-02));
#2774 = DIRECTION('',(0.,0.,1.));
#2775 = DIRECTION('',(1.,0.,-0.));
#2776 = FACE_BOUND('',#2777,.T.);
#2777 = EDGE_LOOP('',(#2778));
#2778 = ORIENTED_EDGE('',*,*,#2779,.T.);
#2779 = EDGE_CURVE('',#2780,#2780,#2782,.T.);
#2780 = VERTEX_POINT('',#2781);
#2781 = CARTESIAN_POINT('',(103.53317,-74.3,-8.5E-02));
#2782 = CIRCLE('',#2783,0.687439);
#2783 = AXIS2_PLACEMENT_3D('',#2784,#2785,#2786);
#2784 = CARTESIAN_POINT('',(102.845731,-74.3,-8.5E-02));
#2785 = DIRECTION('',(0.,0.,1.));
#2786 = DIRECTION('',(1.,0.,-0.));
#2787 = FACE_BOUND('',#2788,.T.);
#2788 = EDGE_LOOP('',(#2789));
#2789 = ORIENTED_EDGE('',*,*,#2790,.T.);
#2790 = EDGE_CURVE('',#2791,#2791,#2793,.T.);
#2791 = VERTEX_POINT('',#2792);
#2792 = CARTESIAN_POINT('',(106.03317,-74.3,-8.5E-02));
#2793 = CIRCLE('',#2794,0.687439);
#2794 = AXIS2_PLACEMENT_3D('',#2795,#2796,#2797);
#2795 = CARTESIAN_POINT('',(105.345731,-74.3,-8.5E-02));
#2796 = DIRECTION('',(0.,0.,1.));
#2797 = DIRECTION('',(1.,0.,-0.));
#2798 = FACE_BOUND('',#2799,.T.);
#2799 = EDGE_LOOP('',(#2800));
#2800 = ORIENTED_EDGE('',*,*,#2801,.T.);
#2801 = EDGE_CURVE('',#2802,#2802,#2804,.T.);
#2802 = VERTEX_POINT('',#2803);
#2803 = CARTESIAN_POINT('',(112.693451,-74.3,-8.5E-02));
#2804 = CIRCLE('',#2805,0.687439);
#2805 = AXIS2_PLACEMENT_3D('',#2806,#2807,#2808);
#2806 = CARTESIAN_POINT('',(112.006012,-74.3,-8.5E-02));
#2807 = DIRECTION('',(0.,0.,1.));
#2808 = DIRECTION('',(1.,0.,-0.));
#2809 = FACE_BOUND('',#2810,.T.);
#2810 = EDGE_LOOP('',(#2811));
#2811 = ORIENTED_EDGE('',*,*,#2812,.T.);
#2812 = EDGE_CURVE('',#2813,#2813,#2815,.T.);
#2813 = VERTEX_POINT('',#2814);
#2814 = CARTESIAN_POINT('',(115.193451,-74.3,-8.5E-02));
#2815 = CIRCLE('',#2816,0.687439);
#2816 = AXIS2_PLACEMENT_3D('',#2817,#2818,#2819);
#2817 = CARTESIAN_POINT('',(114.506012,-74.3,-8.5E-02));
#2818 = DIRECTION('',(0.,0.,1.));
#2819 = DIRECTION('',(1.,0.,-0.));
#2820 = FACE_BOUND('',#2821,.T.);
#2821 = EDGE_LOOP('',(#2822));
#2822 = ORIENTED_EDGE('',*,*,#2823,.T.);
#2823 = EDGE_CURVE('',#2824,#2824,#2826,.T.);
#2824 = VERTEX_POINT('',#2825);
#2825 = CARTESIAN_POINT('',(170.829939,-74.3,-8.5E-02));
#2826 = CIRCLE('',#2827,0.687439);
#2827 = AXIS2_PLACEMENT_3D('',#2828,#2829,#2830);
#2828 = CARTESIAN_POINT('',(170.1425,-74.3,-8.5E-02));
#2829 = DIRECTION('',(0.,0.,1.));
#2830 = DIRECTION('',(1.,0.,-0.));
#2831 = FACE_BOUND('',#2832,.T.);
#2832 = EDGE_LOOP('',(#2833));
#2833 = ORIENTED_EDGE('',*,*,#2834,.T.);
#2834 = EDGE_CURVE('',#2835,#2835,#2837,.T.);
#2835 = VERTEX_POINT('',#2836);
#2836 = CARTESIAN_POINT('',(173.329939,-74.3,-8.5E-02));
#2837 = CIRCLE('',#2838,0.687439);
#2838 = AXIS2_PLACEMENT_3D('',#2839,#2840,#2841);
#2839 = CARTESIAN_POINT('',(172.6425,-74.3,-8.5E-02));
#2840 = DIRECTION('',(0.,0.,1.));
#2841 = DIRECTION('',(1.,0.,-0.));
#2842 = FACE_BOUND('',#2843,.T.);
#2843 = EDGE_LOOP('',(#2844));
#2844 = ORIENTED_EDGE('',*,*,#2845,.T.);
#2845 = EDGE_CURVE('',#2846,#2846,#2848,.T.);
#2846 = VERTEX_POINT('',#2847);
#2847 = CARTESIAN_POINT('',(182.237439,-74.3,-8.5E-02));
#2848 = CIRCLE('',#2849,0.687439);
#2849 = AXIS2_PLACEMENT_3D('',#2850,#2851,#2852);
#2850 = CARTESIAN_POINT('',(181.55,-74.3,-8.5E-02));
#2851 = DIRECTION('',(0.,0.,1.));
#2852 = DIRECTION('',(1.,0.,-0.));
#2853 = FACE_BOUND('',#2854,.T.);
#2854 = EDGE_LOOP('',(#2855));
#2855 = ORIENTED_EDGE('',*,*,#2856,.T.);
#2856 = EDGE_CURVE('',#2857,#2857,#2859,.T.);
#2857 = VERTEX_POINT('',#2858);
#2858 = CARTESIAN_POINT('',(184.737439,-74.3,-8.5E-02));
#2859 = CIRCLE('',#2860,0.687439);
#2860 = AXIS2_PLACEMENT_3D('',#2861,#2862,#2863);
#2861 = CARTESIAN_POINT('',(184.05,-74.3,-8.5E-02));
#2862 = DIRECTION('',(0.,0.,1.));
#2863 = DIRECTION('',(1.,0.,-0.));
#2864 = FACE_BOUND('',#2865,.T.);
#2865 = EDGE_LOOP('',(#2866));
#2866 = ORIENTED_EDGE('',*,*,#2867,.T.);
#2867 = EDGE_CURVE('',#2868,#2868,#2870,.T.);
#2868 = VERTEX_POINT('',#2869);
#2869 = CARTESIAN_POINT('',(93.90442,-70.8,-8.5E-02));
#2870 = CIRCLE('',#2871,0.687439);
#2871 = AXIS2_PLACEMENT_3D('',#2872,#2873,#2874);
#2872 = CARTESIAN_POINT('',(93.216981,-70.8,-8.5E-02));
#2873 = DIRECTION('',(0.,0.,1.));
#2874 = DIRECTION('',(1.,0.,-0.));
#2875 = FACE_BOUND('',#2876,.T.);
#2876 = EDGE_LOOP('',(#2877));
#2877 = ORIENTED_EDGE('',*,*,#2878,.T.);
#2878 = EDGE_CURVE('',#2879,#2879,#2881,.T.);
#2879 = VERTEX_POINT('',#2880);
#2880 = CARTESIAN_POINT('',(96.40442,-70.8,-8.5E-02));
#2881 = CIRCLE('',#2882,0.687439);
#2882 = AXIS2_PLACEMENT_3D('',#2883,#2884,#2885);
#2883 = CARTESIAN_POINT('',(95.716981,-70.8,-8.5E-02));
#2884 = DIRECTION('',(0.,0.,1.));
#2885 = DIRECTION('',(1.,0.,-0.));
#2886 = FACE_BOUND('',#2887,.T.);
#2887 = EDGE_LOOP('',(#2888));
#2888 = ORIENTED_EDGE('',*,*,#2889,.T.);
#2889 = EDGE_CURVE('',#2890,#2890,#2892,.T.);
#2890 = VERTEX_POINT('',#2891);
#2891 = CARTESIAN_POINT('',(103.53317,-70.8,-8.5E-02));
#2892 = CIRCLE('',#2893,0.687439);
#2893 = AXIS2_PLACEMENT_3D('',#2894,#2895,#2896);
#2894 = CARTESIAN_POINT('',(102.845731,-70.8,-8.5E-02));
#2895 = DIRECTION('',(0.,0.,1.));
#2896 = DIRECTION('',(1.,0.,-0.));
#2897 = FACE_BOUND('',#2898,.T.);
#2898 = EDGE_LOOP('',(#2899));
#2899 = ORIENTED_EDGE('',*,*,#2900,.T.);
#2900 = EDGE_CURVE('',#2901,#2901,#2903,.T.);
#2901 = VERTEX_POINT('',#2902);
#2902 = CARTESIAN_POINT('',(106.03317,-70.8,-8.5E-02));
#2903 = CIRCLE('',#2904,0.687439);
#2904 = AXIS2_PLACEMENT_3D('',#2905,#2906,#2907);
#2905 = CARTESIAN_POINT('',(105.345731,-70.8,-8.5E-02));
#2906 = DIRECTION('',(0.,0.,1.));
#2907 = DIRECTION('',(1.,0.,-0.));
#2908 = FACE_BOUND('',#2909,.T.);
#2909 = EDGE_LOOP('',(#2910));
#2910 = ORIENTED_EDGE('',*,*,#2911,.T.);
#2911 = EDGE_CURVE('',#2912,#2912,#2914,.T.);
#2912 = VERTEX_POINT('',#2913);
#2913 = CARTESIAN_POINT('',(112.693451,-70.8,-8.5E-02));
#2914 = CIRCLE('',#2915,0.687439);
#2915 = AXIS2_PLACEMENT_3D('',#2916,#2917,#2918);
#2916 = CARTESIAN_POINT('',(112.006012,-70.8,-8.5E-02));
#2917 = DIRECTION('',(0.,0.,1.));
#2918 = DIRECTION('',(1.,0.,-0.));
#2919 = FACE_BOUND('',#2920,.T.);
#2920 = EDGE_LOOP('',(#2921));
#2921 = ORIENTED_EDGE('',*,*,#2922,.T.);
#2922 = EDGE_CURVE('',#2923,#2923,#2925,.T.);
#2923 = VERTEX_POINT('',#2924);
#2924 = CARTESIAN_POINT('',(115.193451,-70.8,-8.5E-02));
#2925 = CIRCLE('',#2926,0.687439);
#2926 = AXIS2_PLACEMENT_3D('',#2927,#2928,#2929);
#2927 = CARTESIAN_POINT('',(114.506012,-70.8,-8.5E-02));
#2928 = DIRECTION('',(0.,0.,1.));
#2929 = DIRECTION('',(1.,0.,-0.));
#2930 = FACE_BOUND('',#2931,.T.);
#2931 = EDGE_LOOP('',(#2932));
#2932 = ORIENTED_EDGE('',*,*,#2933,.T.);
#2933 = EDGE_CURVE('',#2934,#2934,#2936,.T.);
#2934 = VERTEX_POINT('',#2935);
#2935 = CARTESIAN_POINT('',(170.829939,-70.8,-8.5E-02));
#2936 = CIRCLE('',#2937,0.687439);
#2937 = AXIS2_PLACEMENT_3D('',#2938,#2939,#2940);
#2938 = CARTESIAN_POINT('',(170.1425,-70.8,-8.5E-02));
#2939 = DIRECTION('',(0.,0.,1.));
#2940 = DIRECTION('',(1.,0.,-0.));
#2941 = FACE_BOUND('',#2942,.T.);
#2942 = EDGE_LOOP('',(#2943));
#2943 = ORIENTED_EDGE('',*,*,#2944,.T.);
#2944 = EDGE_CURVE('',#2945,#2945,#2947,.T.);
#2945 = VERTEX_POINT('',#2946);
#2946 = CARTESIAN_POINT('',(173.329939,-70.8,-8.5E-02));
#2947 = CIRCLE('',#2948,0.687439);
#2948 = AXIS2_PLACEMENT_3D('',#2949,#2950,#2951);
#2949 = CARTESIAN_POINT('',(172.6425,-70.8,-8.5E-02));
#2950 = DIRECTION('',(0.,0.,1.));
#2951 = DIRECTION('',(1.,0.,-0.));
#2952 = FACE_BOUND('',#2953,.T.);
#2953 = EDGE_LOOP('',(#2954));
#2954 = ORIENTED_EDGE('',*,*,#2955,.T.);
#2955 = EDGE_CURVE('',#2956,#2956,#2958,.T.);
#2956 = VERTEX_POINT('',#2957);
#2957 = CARTESIAN_POINT('',(182.237439,-70.8,-8.5E-02));
#2958 = CIRCLE('',#2959,0.687439);
#2959 = AXIS2_PLACEMENT_3D('',#2960,#2961,#2962);
#2960 = CARTESIAN_POINT('',(181.55,-70.8,-8.5E-02));
#2961 = DIRECTION('',(0.,0.,1.));
#2962 = DIRECTION('',(1.,0.,-0.));
#2963 = FACE_BOUND('',#2964,.T.);
#2964 = EDGE_LOOP('',(#2965));
#2965 = ORIENTED_EDGE('',*,*,#2966,.T.);
#2966 = EDGE_CURVE('',#2967,#2967,#2969,.T.);
#2967 = VERTEX_POINT('',#2968);
#2968 = CARTESIAN_POINT('',(184.737439,-70.8,-8.5E-02));
#2969 = CIRCLE('',#2970,0.687439);
#2970 = AXIS2_PLACEMENT_3D('',#2971,#2972,#2973);
#2971 = CARTESIAN_POINT('',(184.05,-70.8,-8.5E-02));
#2972 = DIRECTION('',(0.,0.,1.));
#2973 = DIRECTION('',(1.,0.,-0.));
#2974 = FACE_BOUND('',#2975,.T.);
#2975 = EDGE_LOOP('',(#2976));
#2976 = ORIENTED_EDGE('',*,*,#2977,.T.);
#2977 = EDGE_CURVE('',#2978,#2978,#2980,.T.);
#2978 = VERTEX_POINT('',#2979);
#2979 = CARTESIAN_POINT('',(95.654443,-67.9,-8.5E-02));
#2980 = CIRCLE('',#2981,1.187462);
#2981 = AXIS2_PLACEMENT_3D('',#2982,#2983,#2984);
#2982 = CARTESIAN_POINT('',(94.466981,-67.9,-8.5E-02));
#2983 = DIRECTION('',(0.,0.,1.));
#2984 = DIRECTION('',(1.,0.,-0.));
#2985 = FACE_BOUND('',#2986,.T.);
#2986 = EDGE_LOOP('',(#2987));
#2987 = ORIENTED_EDGE('',*,*,#2988,.T.);
#2988 = EDGE_CURVE('',#2989,#2989,#2991,.T.);
#2989 = VERTEX_POINT('',#2990);
#2990 = CARTESIAN_POINT('',(105.283193,-67.9,-8.5E-02));
#2991 = CIRCLE('',#2992,1.187462);
#2992 = AXIS2_PLACEMENT_3D('',#2993,#2994,#2995);
#2993 = CARTESIAN_POINT('',(104.095731,-67.9,-8.5E-02));
#2994 = DIRECTION('',(0.,0.,1.));
#2995 = DIRECTION('',(1.,0.,-0.));
#2996 = FACE_BOUND('',#2997,.T.);
#2997 = EDGE_LOOP('',(#2998));
#2998 = ORIENTED_EDGE('',*,*,#2999,.T.);
#2999 = EDGE_CURVE('',#3000,#3000,#3002,.T.);
#3000 = VERTEX_POINT('',#3001);
#3001 = CARTESIAN_POINT('',(114.443474,-67.9,-8.5E-02));
#3002 = CIRCLE('',#3003,1.187462);
#3003 = AXIS2_PLACEMENT_3D('',#3004,#3005,#3006);
#3004 = CARTESIAN_POINT('',(113.256012,-67.9,-8.5E-02));
#3005 = DIRECTION('',(0.,0.,1.));
#3006 = DIRECTION('',(1.,0.,-0.));
#3007 = FACE_BOUND('',#3008,.T.);
#3008 = EDGE_LOOP('',(#3009));
#3009 = ORIENTED_EDGE('',*,*,#3010,.T.);
#3010 = EDGE_CURVE('',#3011,#3011,#3013,.T.);
#3011 = VERTEX_POINT('',#3012);
#3012 = CARTESIAN_POINT('',(172.579962,-67.9,-8.5E-02));
#3013 = CIRCLE('',#3014,1.187462);
#3014 = AXIS2_PLACEMENT_3D('',#3015,#3016,#3017);
#3015 = CARTESIAN_POINT('',(171.3925,-67.9,-8.5E-02));
#3016 = DIRECTION('',(0.,0.,1.));
#3017 = DIRECTION('',(1.,0.,-0.));
#3018 = FACE_BOUND('',#3019,.T.);
#3019 = EDGE_LOOP('',(#3020));
#3020 = ORIENTED_EDGE('',*,*,#3021,.T.);
#3021 = EDGE_CURVE('',#3022,#3022,#3024,.T.);
#3022 = VERTEX_POINT('',#3023);
#3023 = CARTESIAN_POINT('',(183.987462,-67.9,-8.5E-02));
#3024 = CIRCLE('',#3025,1.187462);
#3025 = AXIS2_PLACEMENT_3D('',#3026,#3027,#3028);
#3026 = CARTESIAN_POINT('',(182.8,-67.9,-8.5E-02));
#3027 = DIRECTION('',(0.,0.,1.));
#3028 = DIRECTION('',(1.,0.,-0.));
#3029 = FACE_BOUND('',#3030,.T.);
#3030 = EDGE_LOOP('',(#3031));
#3031 = ORIENTED_EDGE('',*,*,#3032,.T.);
#3032 = EDGE_CURVE('',#3033,#3033,#3035,.T.);
#3033 = VERTEX_POINT('',#3034);
#3034 = CARTESIAN_POINT('',(93.90442,-65.,-8.5E-02));
#3035 = CIRCLE('',#3036,0.687439);
#3036 = AXIS2_PLACEMENT_3D('',#3037,#3038,#3039);
#3037 = CARTESIAN_POINT('',(93.216981,-65.,-8.5E-02));
#3038 = DIRECTION('',(0.,0.,1.));
#3039 = DIRECTION('',(1.,0.,-0.));
#3040 = FACE_BOUND('',#3041,.T.);
#3041 = EDGE_LOOP('',(#3042));
#3042 = ORIENTED_EDGE('',*,*,#3043,.T.);
#3043 = EDGE_CURVE('',#3044,#3044,#3046,.T.);
#3044 = VERTEX_POINT('',#3045);
#3045 = CARTESIAN_POINT('',(96.40442,-65.,-8.5E-02));
#3046 = CIRCLE('',#3047,0.687439);
#3047 = AXIS2_PLACEMENT_3D('',#3048,#3049,#3050);
#3048 = CARTESIAN_POINT('',(95.716981,-65.,-8.5E-02));
#3049 = DIRECTION('',(0.,0.,1.));
#3050 = DIRECTION('',(1.,0.,-0.));
#3051 = FACE_BOUND('',#3052,.T.);
#3052 = EDGE_LOOP('',(#3053));
#3053 = ORIENTED_EDGE('',*,*,#3054,.T.);
#3054 = EDGE_CURVE('',#3055,#3055,#3057,.T.);
#3055 = VERTEX_POINT('',#3056);
#3056 = CARTESIAN_POINT('',(103.53317,-65.,-8.5E-02));
#3057 = CIRCLE('',#3058,0.687439);
#3058 = AXIS2_PLACEMENT_3D('',#3059,#3060,#3061);
#3059 = CARTESIAN_POINT('',(102.845731,-65.,-8.5E-02));
#3060 = DIRECTION('',(0.,0.,1.));
#3061 = DIRECTION('',(1.,0.,-0.));
#3062 = FACE_BOUND('',#3063,.T.);
#3063 = EDGE_LOOP('',(#3064));
#3064 = ORIENTED_EDGE('',*,*,#3065,.T.);
#3065 = EDGE_CURVE('',#3066,#3066,#3068,.T.);
#3066 = VERTEX_POINT('',#3067);
#3067 = CARTESIAN_POINT('',(106.03317,-65.,-8.5E-02));
#3068 = CIRCLE('',#3069,0.687439);
#3069 = AXIS2_PLACEMENT_3D('',#3070,#3071,#3072);
#3070 = CARTESIAN_POINT('',(105.345731,-65.,-8.5E-02));
#3071 = DIRECTION('',(0.,0.,1.));
#3072 = DIRECTION('',(1.,0.,-0.));
#3073 = FACE_BOUND('',#3074,.T.);
#3074 = EDGE_LOOP('',(#3075));
#3075 = ORIENTED_EDGE('',*,*,#3076,.T.);
#3076 = EDGE_CURVE('',#3077,#3077,#3079,.T.);
#3077 = VERTEX_POINT('',#3078);
#3078 = CARTESIAN_POINT('',(112.693451,-65.,-8.5E-02));
#3079 = CIRCLE('',#3080,0.687439);
#3080 = AXIS2_PLACEMENT_3D('',#3081,#3082,#3083);
#3081 = CARTESIAN_POINT('',(112.006012,-65.,-8.5E-02));
#3082 = DIRECTION('',(0.,0.,1.));
#3083 = DIRECTION('',(1.,0.,-0.));
#3084 = FACE_BOUND('',#3085,.T.);
#3085 = EDGE_LOOP('',(#3086));
#3086 = ORIENTED_EDGE('',*,*,#3087,.T.);
#3087 = EDGE_CURVE('',#3088,#3088,#3090,.T.);
#3088 = VERTEX_POINT('',#3089);
#3089 = CARTESIAN_POINT('',(115.193451,-65.,-8.5E-02));
#3090 = CIRCLE('',#3091,0.687439);
#3091 = AXIS2_PLACEMENT_3D('',#3092,#3093,#3094);
#3092 = CARTESIAN_POINT('',(114.506012,-65.,-8.5E-02));
#3093 = DIRECTION('',(0.,0.,1.));
#3094 = DIRECTION('',(1.,0.,-0.));
#3095 = FACE_BOUND('',#3096,.T.);
#3096 = EDGE_LOOP('',(#3097));
#3097 = ORIENTED_EDGE('',*,*,#3098,.T.);
#3098 = EDGE_CURVE('',#3099,#3099,#3101,.T.);
#3099 = VERTEX_POINT('',#3100);
#3100 = CARTESIAN_POINT('',(170.829939,-65.,-8.5E-02));
#3101 = CIRCLE('',#3102,0.687439);
#3102 = AXIS2_PLACEMENT_3D('',#3103,#3104,#3105);
#3103 = CARTESIAN_POINT('',(170.1425,-65.,-8.5E-02));
#3104 = DIRECTION('',(0.,0.,1.));
#3105 = DIRECTION('',(1.,0.,-0.));
#3106 = FACE_BOUND('',#3107,.T.);
#3107 = EDGE_LOOP('',(#3108));
#3108 = ORIENTED_EDGE('',*,*,#3109,.T.);
#3109 = EDGE_CURVE('',#3110,#3110,#3112,.T.);
#3110 = VERTEX_POINT('',#3111);
#3111 = CARTESIAN_POINT('',(173.329939,-65.,-8.5E-02));
#3112 = CIRCLE('',#3113,0.687439);
#3113 = AXIS2_PLACEMENT_3D('',#3114,#3115,#3116);
#3114 = CARTESIAN_POINT('',(172.6425,-65.,-8.5E-02));
#3115 = DIRECTION('',(0.,0.,1.));
#3116 = DIRECTION('',(1.,0.,-0.));
#3117 = FACE_BOUND('',#3118,.T.);
#3118 = EDGE_LOOP('',(#3119));
#3119 = ORIENTED_EDGE('',*,*,#3120,.T.);
#3120 = EDGE_CURVE('',#3121,#3121,#3123,.T.);
#3121 = VERTEX_POINT('',#3122);
#3122 = CARTESIAN_POINT('',(182.237439,-65.,-8.5E-02));
#3123 = CIRCLE('',#3124,0.687439);
#3124 = AXIS2_PLACEMENT_3D('',#3125,#3126,#3127);
#3125 = CARTESIAN_POINT('',(181.55,-65.,-8.5E-02));
#3126 = DIRECTION('',(0.,0.,1.));
#3127 = DIRECTION('',(1.,0.,-0.));
#3128 = FACE_BOUND('',#3129,.T.);
#3129 = EDGE_LOOP('',(#3130));
#3130 = ORIENTED_EDGE('',*,*,#3131,.T.);
#3131 = EDGE_CURVE('',#3132,#3132,#3134,.T.);
#3132 = VERTEX_POINT('',#3133);
#3133 = CARTESIAN_POINT('',(184.737439,-65.,-8.5E-02));
#3134 = CIRCLE('',#3135,0.687439);
#3135 = AXIS2_PLACEMENT_3D('',#3136,#3137,#3138);
#3136 = CARTESIAN_POINT('',(184.05,-65.,-8.5E-02));
#3137 = DIRECTION('',(0.,0.,1.));
#3138 = DIRECTION('',(1.,0.,-0.));
#3139 = FACE_BOUND('',#3140,.T.);
#3140 = EDGE_LOOP('',(#3141));
#3141 = ORIENTED_EDGE('',*,*,#3142,.T.);
#3142 = EDGE_CURVE('',#3143,#3143,#3145,.T.);
#3143 = VERTEX_POINT('',#3144);
#3144 = CARTESIAN_POINT('',(93.90442,-61.5,-8.5E-02));
#3145 = CIRCLE('',#3146,0.687439);
#3146 = AXIS2_PLACEMENT_3D('',#3147,#3148,#3149);
#3147 = CARTESIAN_POINT('',(93.216981,-61.5,-8.5E-02));
#3148 = DIRECTION('',(0.,0.,1.));
#3149 = DIRECTION('',(1.,0.,-0.));
#3150 = FACE_BOUND('',#3151,.T.);
#3151 = EDGE_LOOP('',(#3152));
#3152 = ORIENTED_EDGE('',*,*,#3153,.T.);
#3153 = EDGE_CURVE('',#3154,#3154,#3156,.T.);
#3154 = VERTEX_POINT('',#3155);
#3155 = CARTESIAN_POINT('',(96.40442,-61.5,-8.5E-02));
#3156 = CIRCLE('',#3157,0.687439);
#3157 = AXIS2_PLACEMENT_3D('',#3158,#3159,#3160);
#3158 = CARTESIAN_POINT('',(95.716981,-61.5,-8.5E-02));
#3159 = DIRECTION('',(0.,0.,1.));
#3160 = DIRECTION('',(1.,0.,-0.));
#3161 = FACE_BOUND('',#3162,.T.);
#3162 = EDGE_LOOP('',(#3163));
#3163 = ORIENTED_EDGE('',*,*,#3164,.T.);
#3164 = EDGE_CURVE('',#3165,#3165,#3167,.T.);
#3165 = VERTEX_POINT('',#3166);
#3166 = CARTESIAN_POINT('',(103.53317,-61.5,-8.5E-02));
#3167 = CIRCLE('',#3168,0.687439);
#3168 = AXIS2_PLACEMENT_3D('',#3169,#3170,#3171);
#3169 = CARTESIAN_POINT('',(102.845731,-61.5,-8.5E-02));
#3170 = DIRECTION('',(0.,0.,1.));
#3171 = DIRECTION('',(1.,0.,-0.));
#3172 = FACE_BOUND('',#3173,.T.);
#3173 = EDGE_LOOP('',(#3174));
#3174 = ORIENTED_EDGE('',*,*,#3175,.T.);
#3175 = EDGE_CURVE('',#3176,#3176,#3178,.T.);
#3176 = VERTEX_POINT('',#3177);
#3177 = CARTESIAN_POINT('',(106.03317,-61.5,-8.5E-02));
#3178 = CIRCLE('',#3179,0.687439);
#3179 = AXIS2_PLACEMENT_3D('',#3180,#3181,#3182);
#3180 = CARTESIAN_POINT('',(105.345731,-61.5,-8.5E-02));
#3181 = DIRECTION('',(0.,0.,1.));
#3182 = DIRECTION('',(1.,0.,-0.));
#3183 = FACE_BOUND('',#3184,.T.);
#3184 = EDGE_LOOP('',(#3185));
#3185 = ORIENTED_EDGE('',*,*,#3186,.T.);
#3186 = EDGE_CURVE('',#3187,#3187,#3189,.T.);
#3187 = VERTEX_POINT('',#3188);
#3188 = CARTESIAN_POINT('',(112.693451,-61.5,-8.5E-02));
#3189 = CIRCLE('',#3190,0.687439);
#3190 = AXIS2_PLACEMENT_3D('',#3191,#3192,#3193);
#3191 = CARTESIAN_POINT('',(112.006012,-61.5,-8.5E-02));
#3192 = DIRECTION('',(0.,0.,1.));
#3193 = DIRECTION('',(1.,0.,-0.));
#3194 = FACE_BOUND('',#3195,.T.);
#3195 = EDGE_LOOP('',(#3196));
#3196 = ORIENTED_EDGE('',*,*,#3197,.T.);
#3197 = EDGE_CURVE('',#3198,#3198,#3200,.T.);
#3198 = VERTEX_POINT('',#3199);
#3199 = CARTESIAN_POINT('',(115.193451,-61.5,-8.5E-02));
#3200 = CIRCLE('',#3201,0.687439);
#3201 = AXIS2_PLACEMENT_3D('',#3202,#3203,#3204);
#3202 = CARTESIAN_POINT('',(114.506012,-61.5,-8.5E-02));
#3203 = DIRECTION('',(0.,0.,1.));
#3204 = DIRECTION('',(1.,0.,-0.));
#3205 = FACE_BOUND('',#3206,.T.);
#3206 = EDGE_LOOP('',(#3207));
#3207 = ORIENTED_EDGE('',*,*,#3208,.T.);
#3208 = EDGE_CURVE('',#3209,#3209,#3211,.T.);
#3209 = VERTEX_POINT('',#3210);
#3210 = CARTESIAN_POINT('',(170.829939,-61.5,-8.5E-02));
#3211 = CIRCLE('',#3212,0.687439);
#3212 = AXIS2_PLACEMENT_3D('',#3213,#3214,#3215);
#3213 = CARTESIAN_POINT('',(170.1425,-61.5,-8.5E-02));
#3214 = DIRECTION('',(0.,0.,1.));
#3215 = DIRECTION('',(1.,0.,-0.));
#3216 = FACE_BOUND('',#3217,.T.);
#3217 = EDGE_LOOP('',(#3218));
#3218 = ORIENTED_EDGE('',*,*,#3219,.T.);
#3219 = EDGE_CURVE('',#3220,#3220,#3222,.T.);
#3220 = VERTEX_POINT('',#3221);
#3221 = CARTESIAN_POINT('',(173.329939,-61.5,-8.5E-02));
#3222 = CIRCLE('',#3223,0.687439);
#3223 = AXIS2_PLACEMENT_3D('',#3224,#3225,#3226);
#3224 = CARTESIAN_POINT('',(172.6425,-61.5,-8.5E-02));
#3225 = DIRECTION('',(0.,0.,1.));
#3226 = DIRECTION('',(1.,0.,-0.));
#3227 = FACE_BOUND('',#3228,.T.);
#3228 = EDGE_LOOP('',(#3229));
#3229 = ORIENTED_EDGE('',*,*,#3230,.T.);
#3230 = EDGE_CURVE('',#3231,#3231,#3233,.T.);
#3231 = VERTEX_POINT('',#3232);
#3232 = CARTESIAN_POINT('',(182.237439,-61.5,-8.5E-02));
#3233 = CIRCLE('',#3234,0.687439);
#3234 = AXIS2_PLACEMENT_3D('',#3235,#3236,#3237);
#3235 = CARTESIAN_POINT('',(181.55,-61.5,-8.5E-02));
#3236 = DIRECTION('',(0.,0.,1.));
#3237 = DIRECTION('',(1.,0.,-0.));
#3238 = FACE_BOUND('',#3239,.T.);
#3239 = EDGE_LOOP('',(#3240));
#3240 = ORIENTED_EDGE('',*,*,#3241,.T.);
#3241 = EDGE_CURVE('',#3242,#3242,#3244,.T.);
#3242 = VERTEX_POINT('',#3243);
#3243 = CARTESIAN_POINT('',(184.737439,-61.5,-8.5E-02));
#3244 = CIRCLE('',#3245,0.687439);
#3245 = AXIS2_PLACEMENT_3D('',#3246,#3247,#3248);
#3246 = CARTESIAN_POINT('',(184.05,-61.5,-8.5E-02));
#3247 = DIRECTION('',(0.,0.,1.));
#3248 = DIRECTION('',(1.,0.,-0.));
#3249 = FACE_BOUND('',#3250,.T.);
#3250 = EDGE_LOOP('',(#3251));
#3251 = ORIENTED_EDGE('',*,*,#3252,.T.);
#3252 = EDGE_CURVE('',#3253,#3253,#3255,.T.);
#3253 = VERTEX_POINT('',#3254);
#3254 = CARTESIAN_POINT('',(125.337473,-59.131981,-8.5E-02));
#3255 = CIRCLE('',#3256,1.737473);
#3256 = AXIS2_PLACEMENT_3D('',#3257,#3258,#3259);
#3257 = CARTESIAN_POINT('',(123.6,-59.131981,-8.5E-02));
#3258 = DIRECTION('',(0.,0.,1.));
#3259 = DIRECTION('',(1.,0.,-0.));
#3260 = FACE_BOUND('',#3261,.T.);
#3261 = EDGE_LOOP('',(#3262));
#3262 = ORIENTED_EDGE('',*,*,#3263,.T.);
#3263 = EDGE_CURVE('',#3264,#3264,#3266,.T.);
#3264 = VERTEX_POINT('',#3265);
#3265 = CARTESIAN_POINT('',(157.337473,-59.131981,-8.5E-02));
#3266 = CIRCLE('',#3267,1.737473);
#3267 = AXIS2_PLACEMENT_3D('',#3268,#3269,#3270);
#3268 = CARTESIAN_POINT('',(155.6,-59.131981,-8.5E-02));
#3269 = DIRECTION('',(0.,0.,1.));
#3270 = DIRECTION('',(1.,0.,-0.));
#3271 = PLANE('',#3272);
#3272 = AXIS2_PLACEMENT_3D('',#3273,#3274,#3275);
#3273 = CARTESIAN_POINT('',(0.,0.,-8.5E-02));
#3274 = DIRECTION('',(-0.,-0.,-1.));
#3275 = DIRECTION('',(-1.,0.,0.));
#3276 = ( GEOMETRIC_REPRESENTATION_CONTEXT(3)
GLOBAL_UNCERTAINTY_ASSIGNED_CONTEXT((#3280))
GLOBAL_UNIT_ASSIGNED_CONTEXT((#3277,#3278,#3279)) REPRESENTATION_CONTEXT
('Context #1','3D Context with UNIT and UNCERTAINTY') );
#3277 = ( LENGTH_UNIT() NAMED_UNIT(*) SI_UNIT(.MILLI.,.METRE.) );
#3278 = ( NAMED_UNIT(*) PLANE_ANGLE_UNIT() SI_UNIT($,.RADIAN.) );
#3279 = ( NAMED_UNIT(*) SI_UNIT($,.STERADIAN.) SOLID_ANGLE_UNIT() );
#3280 = UNCERTAINTY_MEASURE_WITH_UNIT(LENGTH_MEASURE(1.E-07),#3277,
  'distance_accuracy_value','confusion accuracy');
#3281 = CONTEXT_DEPENDENT_SHAPE_REPRESENTATION(#3282,#3284);
#3282 = ( REPRESENTATION_RELATIONSHIP('','',#2049,#10)
REPRESENTATION_RELATIONSHIP_WITH_TRANSFORMATION(#3283)
SHAPE_REPRESENTATION_RELATIONSHIP() );
#3283 = ITEM_DEFINED_TRANSFORMATION('','',#11,#59);
#3284 = PRODUCT_DEFINITION_SHAPE('Placement','Placement of an item',
  #3285);
#3285 = NEXT_ASSEMBLY_USAGE_OCCURRENCE('14','=>[0:1:1:7]','',#5,#2044,$
  );
#3286 = PRODUCT_RELATED_PRODUCT_CATEGORY('part',$,(#2046));
#3287 = SHAPE_DEFINITION_REPRESENTATION(#3288,#3294);
#3288 = PRODUCT_DEFINITION_SHAPE('','',#3289);
#3289 = PRODUCT_DEFINITION('design','',#3290,#3293);
#3290 = PRODUCT_DEFINITION_FORMATION('','',#3291);
#3291 = PRODUCT('MAIN_POWER_PCB','MAIN_POWER_PCB','',(#3292));
#3292 = PRODUCT_CONTEXT('',#2,'mechanical');
#3293 = PRODUCT_DEFINITION_CONTEXT('part definition',#2,'design');
#3294 = ADVANCED_BREP_SHAPE_REPRESENTATION('',(#11,#3295),#6782);
#3295 = MANIFOLD_SOLID_BREP('',#3296);
#3296 = CLOSED_SHELL('',(#3297,#3339,#3370,#3403,#4330,#5257,#5274,#5291
    ,#5308,#5325,#5342,#5359,#5376,#5393,#5410,#5427,#5444,#5461,#5478,
    #5495,#5512,#5529,#5546,#5563,#5580,#5597,#5614,#5631,#5648,#5665,
    #5682,#5699,#5716,#5733,#5745,#5762,#5779,#5796,#5813,#5830,#5847,
    #5864,#5881,#5898,#5915,#5932,#5949,#5966,#5983,#6000,#6017,#6034,
    #6051,#6068,#6085,#6102,#6119,#6136,#6153,#6170,#6187,#6204,#6221,
    #6238,#6255,#6272,#6289,#6306,#6323,#6340,#6357,#6374,#6391,#6408,
    #6425,#6442,#6459,#6476,#6493,#6510,#6527,#6544,#6561,#6578,#6595,
    #6612,#6629,#6646,#6663,#6680,#6697,#6714,#6731,#6748,#6765));
#3297 = ADVANCED_FACE('',(#3298),#3334,.T.);
#3298 = FACE_BOUND('',#3299,.T.);
#3299 = EDGE_LOOP('',(#3300,#3310,#3319,#3327));
#3300 = ORIENTED_EDGE('',*,*,#3301,.T.);
#3301 = EDGE_CURVE('',#3302,#3304,#3306,.T.);
#3302 = VERTEX_POINT('',#3303);
#3303 = CARTESIAN_POINT('',(123.6,-55.131981,0.));
#3304 = VERTEX_POINT('',#3305);
#3305 = CARTESIAN_POINT('',(123.6,-55.131981,1.04));
#3306 = LINE('',#3307,#3308);
#3307 = CARTESIAN_POINT('',(123.6,-55.131981,0.));
#3308 = VECTOR('',#3309,1.);
#3309 = DIRECTION('',(0.,0.,1.));
#3310 = ORIENTED_EDGE('',*,*,#3311,.T.);
#3311 = EDGE_CURVE('',#3304,#3312,#3314,.T.);
#3312 = VERTEX_POINT('',#3313);
#3313 = CARTESIAN_POINT('',(125.885714,-62.414589,1.04));
#3314 = CIRCLE('',#3315,4.000000669523);
#3315 = AXIS2_PLACEMENT_3D('',#3316,#3317,#3318);
#3316 = CARTESIAN_POINT('',(123.59999869181,-59.13198166952,1.04));
#3317 = DIRECTION('',(0.,0.,-1.));
#3318 = DIRECTION('',(3.270470955089E-07,1.,0.));
#3319 = ORIENTED_EDGE('',*,*,#3320,.F.);
#3320 = EDGE_CURVE('',#3321,#3312,#3323,.T.);
#3321 = VERTEX_POINT('',#3322);
#3322 = CARTESIAN_POINT('',(125.885714,-62.414589,0.));
#3323 = LINE('',#3324,#3325);
#3324 = CARTESIAN_POINT('',(125.885714,-62.414589,0.));
#3325 = VECTOR('',#3326,1.);
#3326 = DIRECTION('',(0.,0.,1.));
#3327 = ORIENTED_EDGE('',*,*,#3328,.F.);
#3328 = EDGE_CURVE('',#3302,#3321,#3329,.T.);
#3329 = CIRCLE('',#3330,4.000000669523);
#3330 = AXIS2_PLACEMENT_3D('',#3331,#3332,#3333);
#3331 = CARTESIAN_POINT('',(123.59999869181,-59.13198166952,0.));
#3332 = DIRECTION('',(0.,0.,-1.));
#3333 = DIRECTION('',(3.270470955089E-07,1.,0.));
#3334 = CYLINDRICAL_SURFACE('',#3335,4.000000669523);
#3335 = AXIS2_PLACEMENT_3D('',#3336,#3337,#3338);
#3336 = CARTESIAN_POINT('',(123.59999869181,-59.13198166952,0.));
#3337 = DIRECTION('',(0.,0.,-1.));
#3338 = DIRECTION('',(3.270470955089E-07,1.,0.));
#3339 = ADVANCED_FACE('',(#3340),#3365,.T.);
#3340 = FACE_BOUND('',#3341,.T.);
#3341 = EDGE_LOOP('',(#3342,#3352,#3358,#3359));
#3342 = ORIENTED_EDGE('',*,*,#3343,.T.);
#3343 = EDGE_CURVE('',#3344,#3346,#3348,.T.);
#3344 = VERTEX_POINT('',#3345);
#3345 = CARTESIAN_POINT('',(89.156349,-55.131981,0.));
#3346 = VERTEX_POINT('',#3347);
#3347 = CARTESIAN_POINT('',(89.156349,-55.131981,1.04));
#3348 = LINE('',#3349,#3350);
#3349 = CARTESIAN_POINT('',(89.156349,-55.131981,0.));
#3350 = VECTOR('',#3351,1.);
#3351 = DIRECTION('',(0.,0.,1.));
#3352 = ORIENTED_EDGE('',*,*,#3353,.T.);
#3353 = EDGE_CURVE('',#3346,#3304,#3354,.T.);
#3354 = LINE('',#3355,#3356);
#3355 = CARTESIAN_POINT('',(89.156349,-55.131981,1.04));
#3356 = VECTOR('',#3357,1.);
#3357 = DIRECTION('',(1.,0.,0.));
#3358 = ORIENTED_EDGE('',*,*,#3301,.F.);
#3359 = ORIENTED_EDGE('',*,*,#3360,.F.);
#3360 = EDGE_CURVE('',#3344,#3302,#3361,.T.);
#3361 = LINE('',#3362,#3363);
#3362 = CARTESIAN_POINT('',(89.156349,-55.131981,0.));
#3363 = VECTOR('',#3364,1.);
#3364 = DIRECTION('',(1.,0.,0.));
#3365 = PLANE('',#3366);
#3366 = AXIS2_PLACEMENT_3D('',#3367,#3368,#3369);
#3367 = CARTESIAN_POINT('',(89.156349,-55.131981,0.));
#3368 = DIRECTION('',(0.,1.,0.));
#3369 = DIRECTION('',(1.,0.,0.));
#3370 = ADVANCED_FACE('',(#3371),#3398,.F.);
#3371 = FACE_BOUND('',#3372,.T.);
#3372 = EDGE_LOOP('',(#3373,#3374,#3383,#3391));
#3373 = ORIENTED_EDGE('',*,*,#3320,.T.);
#3374 = ORIENTED_EDGE('',*,*,#3375,.T.);
#3375 = EDGE_CURVE('',#3312,#3376,#3378,.T.);
#3376 = VERTEX_POINT('',#3377);
#3377 = CARTESIAN_POINT('',(124.6,-64.876544,1.04));
#3378 = CIRCLE('',#3379,2.999840611968);
#3379 = AXIS2_PLACEMENT_3D('',#3380,#3381,#3382);
#3380 = CARTESIAN_POINT('',(127.59984061081,-64.87646098271,1.04));
#3381 = DIRECTION('',(0.,0.,1.));
#3382 = DIRECTION('',(-0.57140589536,0.82066759577,0.));
#3383 = ORIENTED_EDGE('',*,*,#3384,.F.);
#3384 = EDGE_CURVE('',#3385,#3376,#3387,.T.);
#3385 = VERTEX_POINT('',#3386);
#3386 = CARTESIAN_POINT('',(124.6,-64.876544,0.));
#3387 = LINE('',#3388,#3389);
#3388 = CARTESIAN_POINT('',(124.6,-64.876544,0.));
#3389 = VECTOR('',#3390,1.);
#3390 = DIRECTION('',(0.,0.,1.));
#3391 = ORIENTED_EDGE('',*,*,#3392,.F.);
#3392 = EDGE_CURVE('',#3321,#3385,#3393,.T.);
#3393 = CIRCLE('',#3394,2.999840611968);
#3394 = AXIS2_PLACEMENT_3D('',#3395,#3396,#3397);
#3395 = CARTESIAN_POINT('',(127.59984061081,-64.87646098271,0.));
#3396 = DIRECTION('',(0.,0.,1.));
#3397 = DIRECTION('',(-0.57140589536,0.82066759577,0.));
#3398 = CYLINDRICAL_SURFACE('',#3399,2.999840611968);
#3399 = AXIS2_PLACEMENT_3D('',#3400,#3401,#3402);
#3400 = CARTESIAN_POINT('',(127.59984061081,-64.87646098271,0.));
#3401 = DIRECTION('',(-0.,-0.,-1.));
#3402 = DIRECTION('',(-0.57140589536,0.82066759577,0.));
#3403 = ADVANCED_FACE('',(#3404,#3654,#3665,#3676,#3687,#3698,#3709,
    #3720,#3731,#3742,#3753,#3764,#3775,#3786,#3797,#3808,#3819,#3830,
    #3841,#3852,#3863,#3874,#3885,#3896,#3907,#3918,#3929,#3940,#3951,
    #3962,#3973,#3984,#3995,#4006,#4017,#4028,#4039,#4050,#4061,#4072,
    #4083,#4094,#4105,#4116,#4127,#4138,#4149,#4160,#4171,#4182,#4193,
    #4204,#4215,#4226,#4237,#4248,#4259,#4270,#4281,#4292,#4303,#4314),
  #4325,.F.);
#3404 = FACE_BOUND('',#3405,.F.);
#3405 = EDGE_LOOP('',(#3406,#3407,#3408,#3417,#3425,#3434,#3442,#3451,
    #3459,#3468,#3476,#3485,#3493,#3502,#3510,#3519,#3527,#3536,#3544,
    #3553,#3561,#3570,#3578,#3587,#3595,#3604,#3612,#3621,#3630,#3638,
    #3647,#3653));
#3406 = ORIENTED_EDGE('',*,*,#3328,.F.);
#3407 = ORIENTED_EDGE('',*,*,#3360,.F.);
#3408 = ORIENTED_EDGE('',*,*,#3409,.F.);
#3409 = EDGE_CURVE('',#3410,#3344,#3412,.T.);
#3410 = VERTEX_POINT('',#3411);
#3411 = CARTESIAN_POINT('',(87.035029,-56.010661,0.));
#3412 = CIRCLE('',#3413,3.000247754252);
#3413 = AXIS2_PLACEMENT_3D('',#3414,#3415,#3416);
#3414 = CARTESIAN_POINT('',(89.156452309611,-58.13222875247,0.));
#3415 = DIRECTION('',(0.,0.,-1.));
#3416 = DIRECTION('',(-0.707082708954,0.707130852599,0.));
#3417 = ORIENTED_EDGE('',*,*,#3418,.F.);
#3418 = EDGE_CURVE('',#3419,#3410,#3421,.T.);
#3419 = VERTEX_POINT('',#3420);
#3420 = CARTESIAN_POINT('',(79.57868,-63.46701,0.));
#3421 = LINE('',#3422,#3423);
#3422 = CARTESIAN_POINT('',(79.57868,-63.46701,0.));
#3423 = VECTOR('',#3424,1.);
#3424 = DIRECTION('',(0.707106781187,0.707106781187,0.));
#3425 = ORIENTED_EDGE('',*,*,#3426,.F.);
#3426 = EDGE_CURVE('',#3427,#3419,#3429,.T.);
#3427 = VERTEX_POINT('',#3428);
#3428 = CARTESIAN_POINT('',(78.7,-65.58833,0.));
#3429 = CIRCLE('',#3430,2.999860251516);
#3430 = AXIS2_PLACEMENT_3D('',#3431,#3432,#3433);
#3431 = CARTESIAN_POINT('',(81.699860250971,-65.58827280114,0.));
#3432 = DIRECTION('',(0.,0.,-1.));
#3433 = DIRECTION('',(-0.999999999818,-1.906717345036E-05,-0.));
#3434 = ORIENTED_EDGE('',*,*,#3435,.F.);
#3435 = EDGE_CURVE('',#3436,#3427,#3438,.T.);
#3436 = VERTEX_POINT('',#3437);
#3437 = CARTESIAN_POINT('',(78.7,-87.631981,0.));
#3438 = LINE('',#3439,#3440);
#3439 = CARTESIAN_POINT('',(78.7,-87.631981,0.));
#3440 = VECTOR('',#3441,1.);
#3441 = DIRECTION('',(0.,1.,0.));
#3442 = ORIENTED_EDGE('',*,*,#3443,.F.);
#3443 = EDGE_CURVE('',#3444,#3436,#3446,.T.);
#3444 = VERTEX_POINT('',#3445);
#3445 = CARTESIAN_POINT('',(81.7,-90.631981,0.));
#3446 = CIRCLE('',#3447,3.000013122826);
#3447 = AXIS2_PLACEMENT_3D('',#3448,#3449,#3450);
#3448 = CARTESIAN_POINT('',(81.700013122798,-87.6319678772,0.));
#3449 = DIRECTION('',(0.,0.,-1.));
#3450 = DIRECTION('',(-4.374246769409E-06,-0.99999999999,-0.));
#3451 = ORIENTED_EDGE('',*,*,#3452,.F.);
#3452 = EDGE_CURVE('',#3453,#3444,#3455,.T.);
#3453 = VERTEX_POINT('',#3454);
#3454 = CARTESIAN_POINT('',(108.357359,-90.631981,0.));
#3455 = LINE('',#3456,#3457);
#3456 = CARTESIAN_POINT('',(108.357359,-90.631981,0.));
#3457 = VECTOR('',#3458,1.);
#3458 = DIRECTION('',(-1.,0.,0.));
#3459 = ORIENTED_EDGE('',*,*,#3460,.F.);
#3460 = EDGE_CURVE('',#3461,#3453,#3463,.T.);
#3461 = VERTEX_POINT('',#3462);
#3462 = CARTESIAN_POINT('',(110.478679,-91.510661,0.));
#3463 = CIRCLE('',#3464,2.999790260754);
#3464 = AXIS2_PLACEMENT_3D('',#3465,#3466,#3467);
#3465 = CARTESIAN_POINT('',(108.35744519028,-93.63177125951,0.));
#3466 = DIRECTION('',(0.,0.,1.));
#3467 = DIRECTION('',(0.707127374027,0.707086187747,-0.));
#3468 = ORIENTED_EDGE('',*,*,#3469,.F.);
#3469 = EDGE_CURVE('',#3470,#3461,#3472,.T.);
#3470 = VERTEX_POINT('',#3471);
#3471 = CARTESIAN_POINT('',(118.72132,-99.753301,0.));
#3472 = LINE('',#3473,#3474);
#3473 = CARTESIAN_POINT('',(118.72132,-99.753301,0.));
#3474 = VECTOR('',#3475,1.);
#3475 = DIRECTION('',(-0.70710682408,0.707106738293,0.));
#3476 = ORIENTED_EDGE('',*,*,#3477,.F.);
#3477 = EDGE_CURVE('',#3478,#3470,#3480,.T.);
#3478 = VERTEX_POINT('',#3479);
#3479 = CARTESIAN_POINT('',(119.6,-101.874622,0.));
#3480 = CIRCLE('',#3481,3.000092673543);
#3481 = AXIS2_PLACEMENT_3D('',#3482,#3483,#3484);
#3482 = CARTESIAN_POINT('',(116.59990732669,-101.8746600736,0.));
#3483 = DIRECTION('',(0.,0.,1.));
#3484 = DIRECTION('',(0.999999999919,1.269082825216E-05,-0.));
#3485 = ORIENTED_EDGE('',*,*,#3486,.F.);
#3486 = EDGE_CURVE('',#3487,#3478,#3489,.T.);
#3487 = VERTEX_POINT('',#3488);
#3488 = CARTESIAN_POINT('',(119.6,-112.631981,0.));
#3489 = LINE('',#3490,#3491);
#3490 = CARTESIAN_POINT('',(119.6,-112.631981,0.));
#3491 = VECTOR('',#3492,1.);
#3492 = DIRECTION('',(0.,1.,0.));
#3493 = ORIENTED_EDGE('',*,*,#3494,.F.);
#3494 = EDGE_CURVE('',#3495,#3487,#3497,.T.);
#3495 = VERTEX_POINT('',#3496);
#3496 = CARTESIAN_POINT('',(122.6,-115.631981,0.));
#3497 = CIRCLE('',#3498,3.000013122826);
#3498 = AXIS2_PLACEMENT_3D('',#3499,#3500,#3501);
#3499 = CARTESIAN_POINT('',(122.60001312279,-112.6319678772,0.));
#3500 = DIRECTION('',(0.,0.,-1.));
#3501 = DIRECTION('',(-4.374246774146E-06,-0.99999999999,-0.));
#3502 = ORIENTED_EDGE('',*,*,#3503,.F.);
#3503 = EDGE_CURVE('',#3504,#3495,#3506,.T.);
#3504 = VERTEX_POINT('',#3505);
#3505 = CARTESIAN_POINT('',(156.6,-115.631981,0.));
#3506 = LINE('',#3507,#3508);
#3507 = CARTESIAN_POINT('',(156.6,-115.631981,0.));
#3508 = VECTOR('',#3509,1.);
#3509 = DIRECTION('',(-1.,0.,0.));
#3510 = ORIENTED_EDGE('',*,*,#3511,.F.);
#3511 = EDGE_CURVE('',#3512,#3504,#3514,.T.);
#3512 = VERTEX_POINT('',#3513);
#3513 = CARTESIAN_POINT('',(159.6,-112.631981,0.));
#3514 = CIRCLE('',#3515,2.999967031462);
#3515 = AXIS2_PLACEMENT_3D('',#3516,#3517,#3518);
#3516 = CARTESIAN_POINT('',(156.60003296872,-112.6320139687,0.));
#3517 = DIRECTION('',(0.,0.,-1.));
#3518 = DIRECTION('',(0.99999999994,1.098969395055E-05,0.));
#3519 = ORIENTED_EDGE('',*,*,#3520,.F.);
#3520 = EDGE_CURVE('',#3521,#3512,#3523,.T.);
#3521 = VERTEX_POINT('',#3522);
#3522 = CARTESIAN_POINT('',(159.6,-101.874622,0.));
#3523 = LINE('',#3524,#3525);
#3524 = CARTESIAN_POINT('',(159.6,-101.874622,0.));
#3525 = VECTOR('',#3526,1.);
#3526 = DIRECTION('',(0.,-1.,0.));
#3527 = ORIENTED_EDGE('',*,*,#3528,.F.);
#3528 = EDGE_CURVE('',#3529,#3521,#3531,.T.);
#3529 = VERTEX_POINT('',#3530);
#3530 = CARTESIAN_POINT('',(160.47868,-99.753302,0.));
#3531 = CIRCLE('',#3532,2.999891964277);
#3532 = AXIS2_PLACEMENT_3D('',#3533,#3534,#3535);
#3533 = CARTESIAN_POINT('',(162.59989196395,-101.874577937,0.));
#3534 = DIRECTION('',(0.,0.,1.));
#3535 = DIRECTION('',(-0.707096118531,0.707117443681,0.));
#3536 = ORIENTED_EDGE('',*,*,#3537,.F.);
#3537 = EDGE_CURVE('',#3538,#3529,#3540,.T.);
#3538 = VERTEX_POINT('',#3539);
#3539 = CARTESIAN_POINT('',(168.72132,-91.510661,0.));
#3540 = LINE('',#3541,#3542);
#3541 = CARTESIAN_POINT('',(168.72132,-91.510661,0.));
#3542 = VECTOR('',#3543,1.);
#3543 = DIRECTION('',(-0.707106738293,-0.70710682408,0.));
#3544 = ORIENTED_EDGE('',*,*,#3545,.F.);
#3545 = EDGE_CURVE('',#3546,#3538,#3548,.T.);
#3546 = VERTEX_POINT('',#3547);
#3547 = CARTESIAN_POINT('',(170.842641,-90.631981,0.));
#3548 = CIRCLE('',#3549,3.000214108658);
#3549 = AXIS2_PLACEMENT_3D('',#3550,#3551,#3552);
#3550 = CARTESIAN_POINT('',(170.84272937329,-93.63219510735,0.));
#3551 = DIRECTION('',(0.,0.,1.));
#3552 = DIRECTION('',(-2.94556635962E-05,0.999999999566,0.));
#3553 = ORIENTED_EDGE('',*,*,#3554,.F.);
#3554 = EDGE_CURVE('',#3555,#3546,#3557,.T.);
#3555 = VERTEX_POINT('',#3556);
#3556 = CARTESIAN_POINT('',(197.5,-90.631981,0.));
#3557 = LINE('',#3558,#3559);
#3558 = CARTESIAN_POINT('',(197.5,-90.631981,0.));
#3559 = VECTOR('',#3560,1.);
#3560 = DIRECTION('',(-1.,0.,0.));
#3561 = ORIENTED_EDGE('',*,*,#3562,.F.);
#3562 = EDGE_CURVE('',#3563,#3555,#3565,.T.);
#3563 = VERTEX_POINT('',#3564);
#3564 = CARTESIAN_POINT('',(200.5,-87.631981,0.));
#3565 = CIRCLE('',#3566,2.999967031462);
#3566 = AXIS2_PLACEMENT_3D('',#3567,#3568,#3569);
#3567 = CARTESIAN_POINT('',(197.50003296872,-87.63201396872,0.));
#3568 = DIRECTION('',(0.,0.,-1.));
#3569 = DIRECTION('',(0.99999999994,1.098969395055E-05,0.));
#3570 = ORIENTED_EDGE('',*,*,#3571,.F.);
#3571 = EDGE_CURVE('',#3572,#3563,#3574,.T.);
#3572 = VERTEX_POINT('',#3573);
#3573 = CARTESIAN_POINT('',(200.5,-65.58833,0.));
#3574 = LINE('',#3575,#3576);
#3575 = CARTESIAN_POINT('',(200.5,-65.58833,0.));
#3576 = VECTOR('',#3577,1.);
#3577 = DIRECTION('',(0.,-1.,0.));
#3578 = ORIENTED_EDGE('',*,*,#3579,.F.);
#3579 = EDGE_CURVE('',#3580,#3572,#3582,.T.);
#3580 = VERTEX_POINT('',#3581);
#3581 = CARTESIAN_POINT('',(199.62132,-63.46701,0.));
#3582 = CIRCLE('',#3583,3.000126315967);
#3583 = AXIS2_PLACEMENT_3D('',#3584,#3585,#3586);
#3584 = CARTESIAN_POINT('',(197.4998736845,-65.58838300874,0.));
#3585 = DIRECTION('',(0.,0.,-1.));
#3586 = DIRECTION('',(0.70711899836,0.707094563802,0.));
#3587 = ORIENTED_EDGE('',*,*,#3588,.F.);
#3588 = EDGE_CURVE('',#3589,#3580,#3591,.T.);
#3589 = VERTEX_POINT('',#3590);
#3590 = CARTESIAN_POINT('',(192.164971,-56.010661,0.));
#3591 = LINE('',#3592,#3593);
#3592 = CARTESIAN_POINT('',(192.164971,-56.010661,0.));
#3593 = VECTOR('',#3594,1.);
#3594 = DIRECTION('',(0.707106781187,-0.707106781187,0.));
#3595 = ORIENTED_EDGE('',*,*,#3596,.F.);
#3596 = EDGE_CURVE('',#3597,#3589,#3599,.T.);
#3597 = VERTEX_POINT('',#3598);
#3598 = CARTESIAN_POINT('',(190.043651,-55.131981,0.));
#3599 = CIRCLE('',#3600,2.999747339304);
#3600 = AXIS2_PLACEMENT_3D('',#3601,#3602,#3603);
#3601 = CARTESIAN_POINT('',(190.04375496917,-58.1317283375,0.));
#3602 = DIRECTION('',(0.,0.,-1.));
#3603 = DIRECTION('',(-3.465930964941E-05,0.999999999399,0.));
#3604 = ORIENTED_EDGE('',*,*,#3605,.F.);
#3605 = EDGE_CURVE('',#3606,#3597,#3608,.T.);
#3606 = VERTEX_POINT('',#3607);
#3607 = CARTESIAN_POINT('',(155.6,-55.131981,0.));
#3608 = LINE('',#3609,#3610);
#3609 = CARTESIAN_POINT('',(155.6,-55.131981,0.));
#3610 = VECTOR('',#3611,1.);
#3611 = DIRECTION('',(1.,0.,0.));
#3612 = ORIENTED_EDGE('',*,*,#3613,.F.);
#3613 = EDGE_CURVE('',#3614,#3606,#3616,.T.);
#3614 = VERTEX_POINT('',#3615);
#3615 = CARTESIAN_POINT('',(153.314286,-62.414588,0.));
#3616 = CIRCLE('',#3617,4.00000904161);
#3617 = AXIS2_PLACEMENT_3D('',#3618,#3619,#3620);
#3618 = CARTESIAN_POINT('',(155.60002941863,-59.1319900415,0.));
#3619 = DIRECTION('',(0.,0.,-1.));
#3620 = DIRECTION('',(-0.571434562986,-0.820647634631,-0.));
#3621 = ORIENTED_EDGE('',*,*,#3622,.F.);
#3622 = EDGE_CURVE('',#3623,#3614,#3625,.T.);
#3623 = VERTEX_POINT('',#3624);
#3624 = CARTESIAN_POINT('',(154.6,-64.876544,0.));
#3625 = CIRCLE('',#3626,3.000126965947);
#3626 = AXIS2_PLACEMENT_3D('',#3627,#3628,#3629);
#3627 = CARTESIAN_POINT('',(151.59987303476,-64.87660952639,0.));
#3628 = DIRECTION('',(0.,0.,1.));
#3629 = DIRECTION('',(0.999999999761,2.18412083378E-05,-0.));
#3630 = ORIENTED_EDGE('',*,*,#3631,.F.);
#3631 = EDGE_CURVE('',#3632,#3623,#3634,.T.);
#3632 = VERTEX_POINT('',#3633);
#3633 = CARTESIAN_POINT('',(154.6,-69.131981,0.));
#3634 = LINE('',#3635,#3636);
#3635 = CARTESIAN_POINT('',(154.6,-69.131981,0.));
#3636 = VECTOR('',#3637,1.);
#3637 = DIRECTION('',(0.,1.,0.));
#3638 = ORIENTED_EDGE('',*,*,#3639,.F.);
#3639 = EDGE_CURVE('',#3640,#3632,#3642,.T.);
#3640 = VERTEX_POINT('',#3641);
#3641 = CARTESIAN_POINT('',(124.6,-69.131981,0.));
#3642 = CIRCLE('',#3643,15.);
#3643 = AXIS2_PLACEMENT_3D('',#3644,#3645,#3646);
#3644 = CARTESIAN_POINT('',(139.6,-69.131981,0.));
#3645 = DIRECTION('',(0.,0.,1.));
#3646 = DIRECTION('',(-1.,0.,-0.));
#3647 = ORIENTED_EDGE('',*,*,#3648,.F.);
#3648 = EDGE_CURVE('',#3385,#3640,#3649,.T.);
#3649 = LINE('',#3650,#3651);
#3650 = CARTESIAN_POINT('',(124.6,-64.876544,0.));
#3651 = VECTOR('',#3652,1.);
#3652 = DIRECTION('',(0.,-1.,0.));
#3653 = ORIENTED_EDGE('',*,*,#3392,.F.);
#3654 = FACE_BOUND('',#3655,.F.);
#3655 = EDGE_LOOP('',(#3656));
#3656 = ORIENTED_EDGE('',*,*,#3657,.T.);
#3657 = EDGE_CURVE('',#3658,#3658,#3660,.T.);
#3658 = VERTEX_POINT('',#3659);
#3659 = CARTESIAN_POINT('',(123.6,-113.381981,0.));
#3660 = CIRCLE('',#3661,1.75);
#3661 = AXIS2_PLACEMENT_3D('',#3662,#3663,#3664);
#3662 = CARTESIAN_POINT('',(123.6,-111.631981,0.));
#3663 = DIRECTION('',(-0.,0.,-1.));
#3664 = DIRECTION('',(-0.,-1.,0.));
#3665 = FACE_BOUND('',#3666,.F.);
#3666 = EDGE_LOOP('',(#3667));
#3667 = ORIENTED_EDGE('',*,*,#3668,.T.);
#3668 = EDGE_CURVE('',#3669,#3669,#3671,.T.);
#3669 = VERTEX_POINT('',#3670);
#3670 = CARTESIAN_POINT('',(155.6,-113.381981,0.));
#3671 = CIRCLE('',#3672,1.75);
#3672 = AXIS2_PLACEMENT_3D('',#3673,#3674,#3675);
#3673 = CARTESIAN_POINT('',(155.6,-111.631981,0.));
#3674 = DIRECTION('',(-0.,0.,-1.));
#3675 = DIRECTION('',(-0.,-1.,0.));
#3676 = FACE_BOUND('',#3677,.F.);
#3677 = EDGE_LOOP('',(#3678));
#3678 = ORIENTED_EDGE('',*,*,#3679,.T.);
#3679 = EDGE_CURVE('',#3680,#3680,#3682,.T.);
#3680 = VERTEX_POINT('',#3681);
#3681 = CARTESIAN_POINT('',(92.486981,-85.6,0.));
#3682 = CIRCLE('',#3683,0.85);
#3683 = AXIS2_PLACEMENT_3D('',#3684,#3685,#3686);
#3684 = CARTESIAN_POINT('',(92.486981,-84.75,0.));
#3685 = DIRECTION('',(-0.,0.,-1.));
#3686 = DIRECTION('',(-0.,-1.,0.));
#3687 = FACE_BOUND('',#3688,.F.);
#3688 = EDGE_LOOP('',(#3689));
#3689 = ORIENTED_EDGE('',*,*,#3690,.T.);
#3690 = EDGE_CURVE('',#3691,#3691,#3693,.T.);
#3691 = VERTEX_POINT('',#3692);
#3692 = CARTESIAN_POINT('',(96.446981,-85.6,0.));
#3693 = CIRCLE('',#3694,0.85);
#3694 = AXIS2_PLACEMENT_3D('',#3695,#3696,#3697);
#3695 = CARTESIAN_POINT('',(96.446981,-84.75,0.));
#3696 = DIRECTION('',(-0.,0.,-1.));
#3697 = DIRECTION('',(-0.,-1.,0.));
#3698 = FACE_BOUND('',#3699,.F.);
#3699 = EDGE_LOOP('',(#3700));
#3700 = ORIENTED_EDGE('',*,*,#3701,.T.);
#3701 = EDGE_CURVE('',#3702,#3702,#3704,.T.);
#3702 = VERTEX_POINT('',#3703);
#3703 = CARTESIAN_POINT('',(102.115731,-85.6,0.));
#3704 = CIRCLE('',#3705,0.85);
#3705 = AXIS2_PLACEMENT_3D('',#3706,#3707,#3708);
#3706 = CARTESIAN_POINT('',(102.115731,-84.75,0.));
#3707 = DIRECTION('',(-0.,0.,-1.));
#3708 = DIRECTION('',(-1.671865260612E-14,-1.,0.));
#3709 = FACE_BOUND('',#3710,.F.);
#3710 = EDGE_LOOP('',(#3711));
#3711 = ORIENTED_EDGE('',*,*,#3712,.T.);
#3712 = EDGE_CURVE('',#3713,#3713,#3715,.T.);
#3713 = VERTEX_POINT('',#3714);
#3714 = CARTESIAN_POINT('',(106.075731,-85.6,0.));
#3715 = CIRCLE('',#3716,0.85);
#3716 = AXIS2_PLACEMENT_3D('',#3717,#3718,#3719);
#3717 = CARTESIAN_POINT('',(106.075731,-84.75,0.));
#3718 = DIRECTION('',(-0.,0.,-1.));
#3719 = DIRECTION('',(1.671865260612E-14,-1.,-0.));
#3720 = FACE_BOUND('',#3721,.F.);
#3721 = EDGE_LOOP('',(#3722));
#3722 = ORIENTED_EDGE('',*,*,#3723,.T.);
#3723 = EDGE_CURVE('',#3724,#3724,#3726,.T.);
#3724 = VERTEX_POINT('',#3725);
#3725 = CARTESIAN_POINT('',(82.7,-78.360156,0.));
#3726 = CIRCLE('',#3727,1.75);
#3727 = AXIS2_PLACEMENT_3D('',#3728,#3729,#3730);
#3728 = CARTESIAN_POINT('',(82.7,-76.610156,0.));
#3729 = DIRECTION('',(-0.,0.,-1.));
#3730 = DIRECTION('',(-0.,-1.,0.));
#3731 = FACE_BOUND('',#3732,.F.);
#3732 = EDGE_LOOP('',(#3733));
#3733 = ORIENTED_EDGE('',*,*,#3734,.T.);
#3734 = EDGE_CURVE('',#3735,#3735,#3737,.T.);
#3735 = VERTEX_POINT('',#3736);
#3736 = CARTESIAN_POINT('',(93.216981,-75.,0.));
#3737 = CIRCLE('',#3738,0.7);
#3738 = AXIS2_PLACEMENT_3D('',#3739,#3740,#3741);
#3739 = CARTESIAN_POINT('',(93.216981,-74.3,0.));
#3740 = DIRECTION('',(-0.,0.,-1.));
#3741 = DIRECTION('',(-0.,-1.,0.));
#3742 = FACE_BOUND('',#3743,.F.);
#3743 = EDGE_LOOP('',(#3744));
#3744 = ORIENTED_EDGE('',*,*,#3745,.T.);
#3745 = EDGE_CURVE('',#3746,#3746,#3748,.T.);
#3746 = VERTEX_POINT('',#3747);
#3747 = CARTESIAN_POINT('',(95.716981,-75.,0.));
#3748 = CIRCLE('',#3749,0.7);
#3749 = AXIS2_PLACEMENT_3D('',#3750,#3751,#3752);
#3750 = CARTESIAN_POINT('',(95.716981,-74.3,0.));
#3751 = DIRECTION('',(-0.,0.,-1.));
#3752 = DIRECTION('',(-0.,-1.,0.));
#3753 = FACE_BOUND('',#3754,.F.);
#3754 = EDGE_LOOP('',(#3755));
#3755 = ORIENTED_EDGE('',*,*,#3756,.T.);
#3756 = EDGE_CURVE('',#3757,#3757,#3759,.T.);
#3757 = VERTEX_POINT('',#3758);
#3758 = CARTESIAN_POINT('',(102.845731,-75.,0.));
#3759 = CIRCLE('',#3760,0.7);
#3760 = AXIS2_PLACEMENT_3D('',#3761,#3762,#3763);
#3761 = CARTESIAN_POINT('',(102.845731,-74.3,0.));
#3762 = DIRECTION('',(-0.,0.,-1.));
#3763 = DIRECTION('',(-0.,-1.,0.));
#3764 = FACE_BOUND('',#3765,.F.);
#3765 = EDGE_LOOP('',(#3766));
#3766 = ORIENTED_EDGE('',*,*,#3767,.T.);
#3767 = EDGE_CURVE('',#3768,#3768,#3770,.T.);
#3768 = VERTEX_POINT('',#3769);
#3769 = CARTESIAN_POINT('',(105.345731,-75.,0.));
#3770 = CIRCLE('',#3771,0.7);
#3771 = AXIS2_PLACEMENT_3D('',#3772,#3773,#3774);
#3772 = CARTESIAN_POINT('',(105.345731,-74.3,0.));
#3773 = DIRECTION('',(-0.,0.,-1.));
#3774 = DIRECTION('',(-0.,-1.,0.));
#3775 = FACE_BOUND('',#3776,.F.);
#3776 = EDGE_LOOP('',(#3777));
#3777 = ORIENTED_EDGE('',*,*,#3778,.T.);
#3778 = EDGE_CURVE('',#3779,#3779,#3781,.T.);
#3779 = VERTEX_POINT('',#3780);
#3780 = CARTESIAN_POINT('',(111.276012,-85.6,0.));
#3781 = CIRCLE('',#3782,0.85);
#3782 = AXIS2_PLACEMENT_3D('',#3783,#3784,#3785);
#3783 = CARTESIAN_POINT('',(111.276012,-84.75,0.));
#3784 = DIRECTION('',(-0.,0.,-1.));
#3785 = DIRECTION('',(-1.671865260612E-14,-1.,0.));
#3786 = FACE_BOUND('',#3787,.F.);
#3787 = EDGE_LOOP('',(#3788));
#3788 = ORIENTED_EDGE('',*,*,#3789,.T.);
#3789 = EDGE_CURVE('',#3790,#3790,#3792,.T.);
#3790 = VERTEX_POINT('',#3791);
#3791 = CARTESIAN_POINT('',(115.236012,-85.6,0.));
#3792 = CIRCLE('',#3793,0.85);
#3793 = AXIS2_PLACEMENT_3D('',#3794,#3795,#3796);
#3794 = CARTESIAN_POINT('',(115.236012,-84.75,0.));
#3795 = DIRECTION('',(-0.,0.,-1.));
#3796 = DIRECTION('',(1.671865260612E-14,-1.,-0.));
#3797 = FACE_BOUND('',#3798,.F.);
#3798 = EDGE_LOOP('',(#3799));
#3799 = ORIENTED_EDGE('',*,*,#3800,.T.);
#3800 = EDGE_CURVE('',#3801,#3801,#3803,.T.);
#3801 = VERTEX_POINT('',#3802);
#3802 = CARTESIAN_POINT('',(112.006012,-75.,0.));
#3803 = CIRCLE('',#3804,0.7);
#3804 = AXIS2_PLACEMENT_3D('',#3805,#3806,#3807);
#3805 = CARTESIAN_POINT('',(112.006012,-74.3,0.));
#3806 = DIRECTION('',(-0.,0.,-1.));
#3807 = DIRECTION('',(-0.,-1.,0.));
#3808 = FACE_BOUND('',#3809,.F.);
#3809 = EDGE_LOOP('',(#3810));
#3810 = ORIENTED_EDGE('',*,*,#3811,.T.);
#3811 = EDGE_CURVE('',#3812,#3812,#3814,.T.);
#3812 = VERTEX_POINT('',#3813);
#3813 = CARTESIAN_POINT('',(114.506012,-75.,0.));
#3814 = CIRCLE('',#3815,0.7);
#3815 = AXIS2_PLACEMENT_3D('',#3816,#3817,#3818);
#3816 = CARTESIAN_POINT('',(114.506012,-74.3,0.));
#3817 = DIRECTION('',(-0.,0.,-1.));
#3818 = DIRECTION('',(-0.,-1.,0.));
#3819 = FACE_BOUND('',#3820,.F.);
#3820 = EDGE_LOOP('',(#3821));
#3821 = ORIENTED_EDGE('',*,*,#3822,.T.);
#3822 = EDGE_CURVE('',#3823,#3823,#3825,.T.);
#3823 = VERTEX_POINT('',#3824);
#3824 = CARTESIAN_POINT('',(93.216981,-71.5,0.));
#3825 = CIRCLE('',#3826,0.7);
#3826 = AXIS2_PLACEMENT_3D('',#3827,#3828,#3829);
#3827 = CARTESIAN_POINT('',(93.216981,-70.8,0.));
#3828 = DIRECTION('',(-0.,0.,-1.));
#3829 = DIRECTION('',(-0.,-1.,0.));
#3830 = FACE_BOUND('',#3831,.F.);
#3831 = EDGE_LOOP('',(#3832));
#3832 = ORIENTED_EDGE('',*,*,#3833,.T.);
#3833 = EDGE_CURVE('',#3834,#3834,#3836,.T.);
#3834 = VERTEX_POINT('',#3835);
#3835 = CARTESIAN_POINT('',(94.466981,-69.1,0.));
#3836 = CIRCLE('',#3837,1.2);
#3837 = AXIS2_PLACEMENT_3D('',#3838,#3839,#3840);
#3838 = CARTESIAN_POINT('',(94.466981,-67.9,0.));
#3839 = DIRECTION('',(-0.,0.,-1.));
#3840 = DIRECTION('',(-0.,-1.,0.));
#3841 = FACE_BOUND('',#3842,.F.);
#3842 = EDGE_LOOP('',(#3843));
#3843 = ORIENTED_EDGE('',*,*,#3844,.T.);
#3844 = EDGE_CURVE('',#3845,#3845,#3847,.T.);
#3845 = VERTEX_POINT('',#3846);
#3846 = CARTESIAN_POINT('',(93.216981,-65.7,0.));
#3847 = CIRCLE('',#3848,0.7);
#3848 = AXIS2_PLACEMENT_3D('',#3849,#3850,#3851);
#3849 = CARTESIAN_POINT('',(93.216981,-65.,0.));
#3850 = DIRECTION('',(-0.,0.,-1.));
#3851 = DIRECTION('',(-0.,-1.,0.));
#3852 = FACE_BOUND('',#3853,.F.);
#3853 = EDGE_LOOP('',(#3854));
#3854 = ORIENTED_EDGE('',*,*,#3855,.T.);
#3855 = EDGE_CURVE('',#3856,#3856,#3858,.T.);
#3856 = VERTEX_POINT('',#3857);
#3857 = CARTESIAN_POINT('',(95.716981,-71.5,0.));
#3858 = CIRCLE('',#3859,0.7);
#3859 = AXIS2_PLACEMENT_3D('',#3860,#3861,#3862);
#3860 = CARTESIAN_POINT('',(95.716981,-70.8,0.));
#3861 = DIRECTION('',(-0.,0.,-1.));
#3862 = DIRECTION('',(-0.,-1.,0.));
#3863 = FACE_BOUND('',#3864,.F.);
#3864 = EDGE_LOOP('',(#3865));
#3865 = ORIENTED_EDGE('',*,*,#3866,.T.);
#3866 = EDGE_CURVE('',#3867,#3867,#3869,.T.);
#3867 = VERTEX_POINT('',#3868);
#3868 = CARTESIAN_POINT('',(102.845731,-71.5,0.));
#3869 = CIRCLE('',#3870,0.7);
#3870 = AXIS2_PLACEMENT_3D('',#3871,#3872,#3873);
#3871 = CARTESIAN_POINT('',(102.845731,-70.8,0.));
#3872 = DIRECTION('',(-0.,0.,-1.));
#3873 = DIRECTION('',(-0.,-1.,0.));
#3874 = FACE_BOUND('',#3875,.F.);
#3875 = EDGE_LOOP('',(#3876));
#3876 = ORIENTED_EDGE('',*,*,#3877,.T.);
#3877 = EDGE_CURVE('',#3878,#3878,#3880,.T.);
#3878 = VERTEX_POINT('',#3879);
#3879 = CARTESIAN_POINT('',(105.345731,-71.5,0.));
#3880 = CIRCLE('',#3881,0.7);
#3881 = AXIS2_PLACEMENT_3D('',#3882,#3883,#3884);
#3882 = CARTESIAN_POINT('',(105.345731,-70.8,0.));
#3883 = DIRECTION('',(-0.,0.,-1.));
#3884 = DIRECTION('',(-0.,-1.,0.));
#3885 = FACE_BOUND('',#3886,.F.);
#3886 = EDGE_LOOP('',(#3887));
#3887 = ORIENTED_EDGE('',*,*,#3888,.T.);
#3888 = EDGE_CURVE('',#3889,#3889,#3891,.T.);
#3889 = VERTEX_POINT('',#3890);
#3890 = CARTESIAN_POINT('',(104.095731,-69.1,0.));
#3891 = CIRCLE('',#3892,1.2);
#3892 = AXIS2_PLACEMENT_3D('',#3893,#3894,#3895);
#3893 = CARTESIAN_POINT('',(104.095731,-67.9,0.));
#3894 = DIRECTION('',(-0.,0.,-1.));
#3895 = DIRECTION('',(-0.,-1.,0.));
#3896 = FACE_BOUND('',#3897,.F.);
#3897 = EDGE_LOOP('',(#3898));
#3898 = ORIENTED_EDGE('',*,*,#3899,.T.);
#3899 = EDGE_CURVE('',#3900,#3900,#3902,.T.);
#3900 = VERTEX_POINT('',#3901);
#3901 = CARTESIAN_POINT('',(95.716981,-65.7,0.));
#3902 = CIRCLE('',#3903,0.7);
#3903 = AXIS2_PLACEMENT_3D('',#3904,#3905,#3906);
#3904 = CARTESIAN_POINT('',(95.716981,-65.,0.));
#3905 = DIRECTION('',(-0.,0.,-1.));
#3906 = DIRECTION('',(-0.,-1.,0.));
#3907 = FACE_BOUND('',#3908,.F.);
#3908 = EDGE_LOOP('',(#3909));
#3909 = ORIENTED_EDGE('',*,*,#3910,.T.);
#3910 = EDGE_CURVE('',#3911,#3911,#3913,.T.);
#3911 = VERTEX_POINT('',#3912);
#3912 = CARTESIAN_POINT('',(102.845731,-65.7,0.));
#3913 = CIRCLE('',#3914,0.7);
#3914 = AXIS2_PLACEMENT_3D('',#3915,#3916,#3917);
#3915 = CARTESIAN_POINT('',(102.845731,-65.,0.));
#3916 = DIRECTION('',(-0.,0.,-1.));
#3917 = DIRECTION('',(-0.,-1.,0.));
#3918 = FACE_BOUND('',#3919,.F.);
#3919 = EDGE_LOOP('',(#3920));
#3920 = ORIENTED_EDGE('',*,*,#3921,.T.);
#3921 = EDGE_CURVE('',#3922,#3922,#3924,.T.);
#3922 = VERTEX_POINT('',#3923);
#3923 = CARTESIAN_POINT('',(105.345731,-65.7,0.));
#3924 = CIRCLE('',#3925,0.7);
#3925 = AXIS2_PLACEMENT_3D('',#3926,#3927,#3928);
#3926 = CARTESIAN_POINT('',(105.345731,-65.,0.));
#3927 = DIRECTION('',(-0.,0.,-1.));
#3928 = DIRECTION('',(-0.,-1.,0.));
#3929 = FACE_BOUND('',#3930,.F.);
#3930 = EDGE_LOOP('',(#3931));
#3931 = ORIENTED_EDGE('',*,*,#3932,.T.);
#3932 = EDGE_CURVE('',#3933,#3933,#3935,.T.);
#3933 = VERTEX_POINT('',#3934);
#3934 = CARTESIAN_POINT('',(93.216981,-62.2,0.));
#3935 = CIRCLE('',#3936,0.7);
#3936 = AXIS2_PLACEMENT_3D('',#3937,#3938,#3939);
#3937 = CARTESIAN_POINT('',(93.216981,-61.5,0.));
#3938 = DIRECTION('',(-0.,0.,-1.));
#3939 = DIRECTION('',(-0.,-1.,0.));
#3940 = FACE_BOUND('',#3941,.F.);
#3941 = EDGE_LOOP('',(#3942));
#3942 = ORIENTED_EDGE('',*,*,#3943,.T.);
#3943 = EDGE_CURVE('',#3944,#3944,#3946,.T.);
#3944 = VERTEX_POINT('',#3945);
#3945 = CARTESIAN_POINT('',(95.716981,-62.2,0.));
#3946 = CIRCLE('',#3947,0.7);
#3947 = AXIS2_PLACEMENT_3D('',#3948,#3949,#3950);
#3948 = CARTESIAN_POINT('',(95.716981,-61.5,0.));
#3949 = DIRECTION('',(-0.,0.,-1.));
#3950 = DIRECTION('',(-0.,-1.,0.));
#3951 = FACE_BOUND('',#3952,.F.);
#3952 = EDGE_LOOP('',(#3953));
#3953 = ORIENTED_EDGE('',*,*,#3954,.T.);
#3954 = EDGE_CURVE('',#3955,#3955,#3957,.T.);
#3955 = VERTEX_POINT('',#3956);
#3956 = CARTESIAN_POINT('',(102.845731,-62.2,0.));
#3957 = CIRCLE('',#3958,0.7);
#3958 = AXIS2_PLACEMENT_3D('',#3959,#3960,#3961);
#3959 = CARTESIAN_POINT('',(102.845731,-61.5,0.));
#3960 = DIRECTION('',(-0.,0.,-1.));
#3961 = DIRECTION('',(-0.,-1.,0.));
#3962 = FACE_BOUND('',#3963,.F.);
#3963 = EDGE_LOOP('',(#3964));
#3964 = ORIENTED_EDGE('',*,*,#3965,.T.);
#3965 = EDGE_CURVE('',#3966,#3966,#3968,.T.);
#3966 = VERTEX_POINT('',#3967);
#3967 = CARTESIAN_POINT('',(105.345731,-62.2,0.));
#3968 = CIRCLE('',#3969,0.7);
#3969 = AXIS2_PLACEMENT_3D('',#3970,#3971,#3972);
#3970 = CARTESIAN_POINT('',(105.345731,-61.5,0.));
#3971 = DIRECTION('',(-0.,0.,-1.));
#3972 = DIRECTION('',(-0.,-1.,0.));
#3973 = FACE_BOUND('',#3974,.F.);
#3974 = EDGE_LOOP('',(#3975));
#3975 = ORIENTED_EDGE('',*,*,#3976,.T.);
#3976 = EDGE_CURVE('',#3977,#3977,#3979,.T.);
#3977 = VERTEX_POINT('',#3978);
#3978 = CARTESIAN_POINT('',(112.006012,-71.5,0.));
#3979 = CIRCLE('',#3980,0.7);
#3980 = AXIS2_PLACEMENT_3D('',#3981,#3982,#3983);
#3981 = CARTESIAN_POINT('',(112.006012,-70.8,0.));
#3982 = DIRECTION('',(-0.,0.,-1.));
#3983 = DIRECTION('',(-0.,-1.,0.));
#3984 = FACE_BOUND('',#3985,.F.);
#3985 = EDGE_LOOP('',(#3986));
#3986 = ORIENTED_EDGE('',*,*,#3987,.T.);
#3987 = EDGE_CURVE('',#3988,#3988,#3990,.T.);
#3988 = VERTEX_POINT('',#3989);
#3989 = CARTESIAN_POINT('',(114.506012,-71.5,0.));
#3990 = CIRCLE('',#3991,0.7);
#3991 = AXIS2_PLACEMENT_3D('',#3992,#3993,#3994);
#3992 = CARTESIAN_POINT('',(114.506012,-70.8,0.));
#3993 = DIRECTION('',(-0.,0.,-1.));
#3994 = DIRECTION('',(-0.,-1.,0.));
#3995 = FACE_BOUND('',#3996,.F.);
#3996 = EDGE_LOOP('',(#3997));
#3997 = ORIENTED_EDGE('',*,*,#3998,.T.);
#3998 = EDGE_CURVE('',#3999,#3999,#4001,.T.);
#3999 = VERTEX_POINT('',#4000);
#4000 = CARTESIAN_POINT('',(113.256012,-69.1,0.));
#4001 = CIRCLE('',#4002,1.2);
#4002 = AXIS2_PLACEMENT_3D('',#4003,#4004,#4005);
#4003 = CARTESIAN_POINT('',(113.256012,-67.9,0.));
#4004 = DIRECTION('',(-0.,0.,-1.));
#4005 = DIRECTION('',(-0.,-1.,0.));
#4006 = FACE_BOUND('',#4007,.F.);
#4007 = EDGE_LOOP('',(#4008));
#4008 = ORIENTED_EDGE('',*,*,#4009,.T.);
#4009 = EDGE_CURVE('',#4010,#4010,#4012,.T.);
#4010 = VERTEX_POINT('',#4011);
#4011 = CARTESIAN_POINT('',(112.006012,-65.7,0.));
#4012 = CIRCLE('',#4013,0.7);
#4013 = AXIS2_PLACEMENT_3D('',#4014,#4015,#4016);
#4014 = CARTESIAN_POINT('',(112.006012,-65.,0.));
#4015 = DIRECTION('',(-0.,0.,-1.));
#4016 = DIRECTION('',(-0.,-1.,0.));
#4017 = FACE_BOUND('',#4018,.F.);
#4018 = EDGE_LOOP('',(#4019));
#4019 = ORIENTED_EDGE('',*,*,#4020,.T.);
#4020 = EDGE_CURVE('',#4021,#4021,#4023,.T.);
#4021 = VERTEX_POINT('',#4022);
#4022 = CARTESIAN_POINT('',(114.506012,-65.7,0.));
#4023 = CIRCLE('',#4024,0.7);
#4024 = AXIS2_PLACEMENT_3D('',#4025,#4026,#4027);
#4025 = CARTESIAN_POINT('',(114.506012,-65.,0.));
#4026 = DIRECTION('',(-0.,0.,-1.));
#4027 = DIRECTION('',(-0.,-1.,0.));
#4028 = FACE_BOUND('',#4029,.F.);
#4029 = EDGE_LOOP('',(#4030));
#4030 = ORIENTED_EDGE('',*,*,#4031,.T.);
#4031 = EDGE_CURVE('',#4032,#4032,#4034,.T.);
#4032 = VERTEX_POINT('',#4033);
#4033 = CARTESIAN_POINT('',(112.006012,-62.2,0.));
#4034 = CIRCLE('',#4035,0.7);
#4035 = AXIS2_PLACEMENT_3D('',#4036,#4037,#4038);
#4036 = CARTESIAN_POINT('',(112.006012,-61.5,0.));
#4037 = DIRECTION('',(-0.,0.,-1.));
#4038 = DIRECTION('',(-0.,-1.,0.));
#4039 = FACE_BOUND('',#4040,.F.);
#4040 = EDGE_LOOP('',(#4041));
#4041 = ORIENTED_EDGE('',*,*,#4042,.T.);
#4042 = EDGE_CURVE('',#4043,#4043,#4045,.T.);
#4043 = VERTEX_POINT('',#4044);
#4044 = CARTESIAN_POINT('',(114.506012,-62.2,0.));
#4045 = CIRCLE('',#4046,0.7);
#4046 = AXIS2_PLACEMENT_3D('',#4047,#4048,#4049);
#4047 = CARTESIAN_POINT('',(114.506012,-61.5,0.));
#4048 = DIRECTION('',(-0.,0.,-1.));
#4049 = DIRECTION('',(-0.,-1.,0.));
#4050 = FACE_BOUND('',#4051,.F.);
#4051 = EDGE_LOOP('',(#4052));
#4052 = ORIENTED_EDGE('',*,*,#4053,.T.);
#4053 = EDGE_CURVE('',#4054,#4054,#4056,.T.);
#4054 = VERTEX_POINT('',#4055);
#4055 = CARTESIAN_POINT('',(123.6,-60.881981,0.));
#4056 = CIRCLE('',#4057,1.75);
#4057 = AXIS2_PLACEMENT_3D('',#4058,#4059,#4060);
#4058 = CARTESIAN_POINT('',(123.6,-59.131981,0.));
#4059 = DIRECTION('',(-0.,0.,-1.));
#4060 = DIRECTION('',(-0.,-1.,0.));
#4061 = FACE_BOUND('',#4062,.F.);
#4062 = EDGE_LOOP('',(#4063));
#4063 = ORIENTED_EDGE('',*,*,#4064,.T.);
#4064 = EDGE_CURVE('',#4065,#4065,#4067,.T.);
#4065 = VERTEX_POINT('',#4066);
#4066 = CARTESIAN_POINT('',(169.4125,-85.6,0.));
#4067 = CIRCLE('',#4068,0.85);
#4068 = AXIS2_PLACEMENT_3D('',#4069,#4070,#4071);
#4069 = CARTESIAN_POINT('',(169.4125,-84.75,0.));
#4070 = DIRECTION('',(-0.,0.,-1.));
#4071 = DIRECTION('',(-0.,-1.,0.));
#4072 = FACE_BOUND('',#4073,.F.);
#4073 = EDGE_LOOP('',(#4074));
#4074 = ORIENTED_EDGE('',*,*,#4075,.T.);
#4075 = EDGE_CURVE('',#4076,#4076,#4078,.T.);
#4076 = VERTEX_POINT('',#4077);
#4077 = CARTESIAN_POINT('',(173.3725,-85.6,0.));
#4078 = CIRCLE('',#4079,0.85);
#4079 = AXIS2_PLACEMENT_3D('',#4080,#4081,#4082);
#4080 = CARTESIAN_POINT('',(173.3725,-84.75,0.));
#4081 = DIRECTION('',(-0.,0.,-1.));
#4082 = DIRECTION('',(-0.,-1.,0.));
#4083 = FACE_BOUND('',#4084,.F.);
#4084 = EDGE_LOOP('',(#4085));
#4085 = ORIENTED_EDGE('',*,*,#4086,.T.);
#4086 = EDGE_CURVE('',#4087,#4087,#4089,.T.);
#4087 = VERTEX_POINT('',#4088);
#4088 = CARTESIAN_POINT('',(180.82,-85.6,0.));
#4089 = CIRCLE('',#4090,0.85);
#4090 = AXIS2_PLACEMENT_3D('',#4091,#4092,#4093);
#4091 = CARTESIAN_POINT('',(180.82,-84.75,0.));
#4092 = DIRECTION('',(-0.,0.,-1.));
#4093 = DIRECTION('',(-0.,-1.,0.));
#4094 = FACE_BOUND('',#4095,.F.);
#4095 = EDGE_LOOP('',(#4096));
#4096 = ORIENTED_EDGE('',*,*,#4097,.T.);
#4097 = EDGE_CURVE('',#4098,#4098,#4100,.T.);
#4098 = VERTEX_POINT('',#4099);
#4099 = CARTESIAN_POINT('',(184.78,-85.6,0.));
#4100 = CIRCLE('',#4101,0.85);
#4101 = AXIS2_PLACEMENT_3D('',#4102,#4103,#4104);
#4102 = CARTESIAN_POINT('',(184.78,-84.75,0.));
#4103 = DIRECTION('',(-0.,0.,-1.));
#4104 = DIRECTION('',(-0.,-1.,0.));
#4105 = FACE_BOUND('',#4106,.F.);
#4106 = EDGE_LOOP('',(#4107));
#4107 = ORIENTED_EDGE('',*,*,#4108,.T.);
#4108 = EDGE_CURVE('',#4109,#4109,#4111,.T.);
#4109 = VERTEX_POINT('',#4110);
#4110 = CARTESIAN_POINT('',(170.1425,-75.,0.));
#4111 = CIRCLE('',#4112,0.7);
#4112 = AXIS2_PLACEMENT_3D('',#4113,#4114,#4115);
#4113 = CARTESIAN_POINT('',(170.1425,-74.3,0.));
#4114 = DIRECTION('',(-0.,0.,-1.));
#4115 = DIRECTION('',(4.060244204343E-14,-1.,-0.));
#4116 = FACE_BOUND('',#4117,.F.);
#4117 = EDGE_LOOP('',(#4118));
#4118 = ORIENTED_EDGE('',*,*,#4119,.T.);
#4119 = EDGE_CURVE('',#4120,#4120,#4122,.T.);
#4120 = VERTEX_POINT('',#4121);
#4121 = CARTESIAN_POINT('',(172.6425,-75.,0.));
#4122 = CIRCLE('',#4123,0.7);
#4123 = AXIS2_PLACEMENT_3D('',#4124,#4125,#4126);
#4124 = CARTESIAN_POINT('',(172.6425,-74.3,0.));
#4125 = DIRECTION('',(-0.,0.,-1.));
#4126 = DIRECTION('',(4.060244204343E-14,-1.,-0.));
#4127 = FACE_BOUND('',#4128,.F.);
#4128 = EDGE_LOOP('',(#4129));
#4129 = ORIENTED_EDGE('',*,*,#4130,.T.);
#4130 = EDGE_CURVE('',#4131,#4131,#4133,.T.);
#4131 = VERTEX_POINT('',#4132);
#4132 = CARTESIAN_POINT('',(181.55,-75.,0.));
#4133 = CIRCLE('',#4134,0.7);
#4134 = AXIS2_PLACEMENT_3D('',#4135,#4136,#4137);
#4135 = CARTESIAN_POINT('',(181.55,-74.3,0.));
#4136 = DIRECTION('',(-0.,0.,-1.));
#4137 = DIRECTION('',(-0.,-1.,0.));
#4138 = FACE_BOUND('',#4139,.F.);
#4139 = EDGE_LOOP('',(#4140));
#4140 = ORIENTED_EDGE('',*,*,#4141,.T.);
#4141 = EDGE_CURVE('',#4142,#4142,#4144,.T.);
#4142 = VERTEX_POINT('',#4143);
#4143 = CARTESIAN_POINT('',(196.5,-78.360156,0.));
#4144 = CIRCLE('',#4145,1.75);
#4145 = AXIS2_PLACEMENT_3D('',#4146,#4147,#4148);
#4146 = CARTESIAN_POINT('',(196.5,-76.610156,0.));
#4147 = DIRECTION('',(-0.,0.,-1.));
#4148 = DIRECTION('',(-0.,-1.,0.));
#4149 = FACE_BOUND('',#4150,.F.);
#4150 = EDGE_LOOP('',(#4151));
#4151 = ORIENTED_EDGE('',*,*,#4152,.T.);
#4152 = EDGE_CURVE('',#4153,#4153,#4155,.T.);
#4153 = VERTEX_POINT('',#4154);
#4154 = CARTESIAN_POINT('',(184.05,-75.,0.));
#4155 = CIRCLE('',#4156,0.7);
#4156 = AXIS2_PLACEMENT_3D('',#4157,#4158,#4159);
#4157 = CARTESIAN_POINT('',(184.05,-74.3,0.));
#4158 = DIRECTION('',(-0.,0.,-1.));
#4159 = DIRECTION('',(-0.,-1.,0.));
#4160 = FACE_BOUND('',#4161,.F.);
#4161 = EDGE_LOOP('',(#4162));
#4162 = ORIENTED_EDGE('',*,*,#4163,.T.);
#4163 = EDGE_CURVE('',#4164,#4164,#4166,.T.);
#4164 = VERTEX_POINT('',#4165);
#4165 = CARTESIAN_POINT('',(155.6,-60.881981,0.));
#4166 = CIRCLE('',#4167,1.75);
#4167 = AXIS2_PLACEMENT_3D('',#4168,#4169,#4170);
#4168 = CARTESIAN_POINT('',(155.6,-59.131981,0.));
#4169 = DIRECTION('',(-0.,0.,-1.));
#4170 = DIRECTION('',(-0.,-1.,0.));
#4171 = FACE_BOUND('',#4172,.F.);
#4172 = EDGE_LOOP('',(#4173));
#4173 = ORIENTED_EDGE('',*,*,#4174,.T.);
#4174 = EDGE_CURVE('',#4175,#4175,#4177,.T.);
#4175 = VERTEX_POINT('',#4176);
#4176 = CARTESIAN_POINT('',(170.1425,-71.5,0.));
#4177 = CIRCLE('',#4178,0.7);
#4178 = AXIS2_PLACEMENT_3D('',#4179,#4180,#4181);
#4179 = CARTESIAN_POINT('',(170.1425,-70.8,0.));
#4180 = DIRECTION('',(-0.,0.,-1.));
#4181 = DIRECTION('',(4.060244204343E-14,-1.,-0.));
#4182 = FACE_BOUND('',#4183,.F.);
#4183 = EDGE_LOOP('',(#4184));
#4184 = ORIENTED_EDGE('',*,*,#4185,.T.);
#4185 = EDGE_CURVE('',#4186,#4186,#4188,.T.);
#4186 = VERTEX_POINT('',#4187);
#4187 = CARTESIAN_POINT('',(172.6425,-71.5,0.));
#4188 = CIRCLE('',#4189,0.7);
#4189 = AXIS2_PLACEMENT_3D('',#4190,#4191,#4192);
#4190 = CARTESIAN_POINT('',(172.6425,-70.8,0.));
#4191 = DIRECTION('',(-0.,0.,-1.));
#4192 = DIRECTION('',(4.060244204343E-14,-1.,-0.));
#4193 = FACE_BOUND('',#4194,.F.);
#4194 = EDGE_LOOP('',(#4195));
#4195 = ORIENTED_EDGE('',*,*,#4196,.T.);
#4196 = EDGE_CURVE('',#4197,#4197,#4199,.T.);
#4197 = VERTEX_POINT('',#4198);
#4198 = CARTESIAN_POINT('',(171.3925,-69.1,0.));
#4199 = CIRCLE('',#4200,1.2);
#4200 = AXIS2_PLACEMENT_3D('',#4201,#4202,#4203);
#4201 = CARTESIAN_POINT('',(171.3925,-67.9,0.));
#4202 = DIRECTION('',(-0.,0.,-1.));
#4203 = DIRECTION('',(2.368475785867E-14,-1.,-0.));
#4204 = FACE_BOUND('',#4205,.F.);
#4205 = EDGE_LOOP('',(#4206));
#4206 = ORIENTED_EDGE('',*,*,#4207,.T.);
#4207 = EDGE_CURVE('',#4208,#4208,#4210,.T.);
#4208 = VERTEX_POINT('',#4209);
#4209 = CARTESIAN_POINT('',(181.55,-71.5,0.));
#4210 = CIRCLE('',#4211,0.7);
#4211 = AXIS2_PLACEMENT_3D('',#4212,#4213,#4214);
#4212 = CARTESIAN_POINT('',(181.55,-70.8,0.));
#4213 = DIRECTION('',(-0.,0.,-1.));
#4214 = DIRECTION('',(-0.,-1.,0.));
#4215 = FACE_BOUND('',#4216,.F.);
#4216 = EDGE_LOOP('',(#4217));
#4217 = ORIENTED_EDGE('',*,*,#4218,.T.);
#4218 = EDGE_CURVE('',#4219,#4219,#4221,.T.);
#4219 = VERTEX_POINT('',#4220);
#4220 = CARTESIAN_POINT('',(182.8,-69.1,0.));
#4221 = CIRCLE('',#4222,1.2);
#4222 = AXIS2_PLACEMENT_3D('',#4223,#4224,#4225);
#4223 = CARTESIAN_POINT('',(182.8,-67.9,0.));
#4224 = DIRECTION('',(-0.,0.,-1.));
#4225 = DIRECTION('',(-0.,-1.,0.));
#4226 = FACE_BOUND('',#4227,.F.);
#4227 = EDGE_LOOP('',(#4228));
#4228 = ORIENTED_EDGE('',*,*,#4229,.T.);
#4229 = EDGE_CURVE('',#4230,#4230,#4232,.T.);
#4230 = VERTEX_POINT('',#4231);
#4231 = CARTESIAN_POINT('',(170.1425,-65.7,0.));
#4232 = CIRCLE('',#4233,0.7);
#4233 = AXIS2_PLACEMENT_3D('',#4234,#4235,#4236);
#4234 = CARTESIAN_POINT('',(170.1425,-65.,0.));
#4235 = DIRECTION('',(-0.,0.,-1.));
#4236 = DIRECTION('',(4.060244204343E-14,-1.,-0.));
#4237 = FACE_BOUND('',#4238,.F.);
#4238 = EDGE_LOOP('',(#4239));
#4239 = ORIENTED_EDGE('',*,*,#4240,.T.);
#4240 = EDGE_CURVE('',#4241,#4241,#4243,.T.);
#4241 = VERTEX_POINT('',#4242);
#4242 = CARTESIAN_POINT('',(172.6425,-65.7,0.));
#4243 = CIRCLE('',#4244,0.7);
#4244 = AXIS2_PLACEMENT_3D('',#4245,#4246,#4247);
#4245 = CARTESIAN_POINT('',(172.6425,-65.,0.));
#4246 = DIRECTION('',(-0.,0.,-1.));
#4247 = DIRECTION('',(4.060244204343E-14,-1.,-0.));
#4248 = FACE_BOUND('',#4249,.F.);
#4249 = EDGE_LOOP('',(#4250));
#4250 = ORIENTED_EDGE('',*,*,#4251,.T.);
#4251 = EDGE_CURVE('',#4252,#4252,#4254,.T.);
#4252 = VERTEX_POINT('',#4253);
#4253 = CARTESIAN_POINT('',(181.55,-65.7,0.));
#4254 = CIRCLE('',#4255,0.7);
#4255 = AXIS2_PLACEMENT_3D('',#4256,#4257,#4258);
#4256 = CARTESIAN_POINT('',(181.55,-65.,0.));
#4257 = DIRECTION('',(-0.,0.,-1.));
#4258 = DIRECTION('',(-0.,-1.,0.));
#4259 = FACE_BOUND('',#4260,.F.);
#4260 = EDGE_LOOP('',(#4261));
#4261 = ORIENTED_EDGE('',*,*,#4262,.T.);
#4262 = EDGE_CURVE('',#4263,#4263,#4265,.T.);
#4263 = VERTEX_POINT('',#4264);
#4264 = CARTESIAN_POINT('',(184.05,-71.5,0.));
#4265 = CIRCLE('',#4266,0.7);
#4266 = AXIS2_PLACEMENT_3D('',#4267,#4268,#4269);
#4267 = CARTESIAN_POINT('',(184.05,-70.8,0.));
#4268 = DIRECTION('',(-0.,0.,-1.));
#4269 = DIRECTION('',(-0.,-1.,0.));
#4270 = FACE_BOUND('',#4271,.F.);
#4271 = EDGE_LOOP('',(#4272));
#4272 = ORIENTED_EDGE('',*,*,#4273,.T.);
#4273 = EDGE_CURVE('',#4274,#4274,#4276,.T.);
#4274 = VERTEX_POINT('',#4275);
#4275 = CARTESIAN_POINT('',(184.05,-65.7,0.));
#4276 = CIRCLE('',#4277,0.7);
#4277 = AXIS2_PLACEMENT_3D('',#4278,#4279,#4280);
#4278 = CARTESIAN_POINT('',(184.05,-65.,0.));
#4279 = DIRECTION('',(-0.,0.,-1.));
#4280 = DIRECTION('',(-0.,-1.,0.));
#4281 = FACE_BOUND('',#4282,.F.);
#4282 = EDGE_LOOP('',(#4283));
#4283 = ORIENTED_EDGE('',*,*,#4284,.T.);
#4284 = EDGE_CURVE('',#4285,#4285,#4287,.T.);
#4285 = VERTEX_POINT('',#4286);
#4286 = CARTESIAN_POINT('',(170.1425,-62.2,0.));
#4287 = CIRCLE('',#4288,0.7);
#4288 = AXIS2_PLACEMENT_3D('',#4289,#4290,#4291);
#4289 = CARTESIAN_POINT('',(170.1425,-61.5,0.));
#4290 = DIRECTION('',(-0.,0.,-1.));
#4291 = DIRECTION('',(4.060244204343E-14,-1.,-0.));
#4292 = FACE_BOUND('',#4293,.F.);
#4293 = EDGE_LOOP('',(#4294));
#4294 = ORIENTED_EDGE('',*,*,#4295,.T.);
#4295 = EDGE_CURVE('',#4296,#4296,#4298,.T.);
#4296 = VERTEX_POINT('',#4297);
#4297 = CARTESIAN_POINT('',(172.6425,-62.2,0.));
#4298 = CIRCLE('',#4299,0.7);
#4299 = AXIS2_PLACEMENT_3D('',#4300,#4301,#4302);
#4300 = CARTESIAN_POINT('',(172.6425,-61.5,0.));
#4301 = DIRECTION('',(-0.,0.,-1.));
#4302 = DIRECTION('',(4.060244204343E-14,-1.,-0.));
#4303 = FACE_BOUND('',#4304,.F.);
#4304 = EDGE_LOOP('',(#4305));
#4305 = ORIENTED_EDGE('',*,*,#4306,.T.);
#4306 = EDGE_CURVE('',#4307,#4307,#4309,.T.);
#4307 = VERTEX_POINT('',#4308);
#4308 = CARTESIAN_POINT('',(181.55,-62.2,0.));
#4309 = CIRCLE('',#4310,0.7);
#4310 = AXIS2_PLACEMENT_3D('',#4311,#4312,#4313);
#4311 = CARTESIAN_POINT('',(181.55,-61.5,0.));
#4312 = DIRECTION('',(-0.,0.,-1.));
#4313 = DIRECTION('',(-0.,-1.,0.));
#4314 = FACE_BOUND('',#4315,.F.);
#4315 = EDGE_LOOP('',(#4316));
#4316 = ORIENTED_EDGE('',*,*,#4317,.T.);
#4317 = EDGE_CURVE('',#4318,#4318,#4320,.T.);
#4318 = VERTEX_POINT('',#4319);
#4319 = CARTESIAN_POINT('',(184.05,-62.2,0.));
#4320 = CIRCLE('',#4321,0.7);
#4321 = AXIS2_PLACEMENT_3D('',#4322,#4323,#4324);
#4322 = CARTESIAN_POINT('',(184.05,-61.5,0.));
#4323 = DIRECTION('',(-0.,0.,-1.));
#4324 = DIRECTION('',(-0.,-1.,0.));
#4325 = PLANE('',#4326);
#4326 = AXIS2_PLACEMENT_3D('',#4327,#4328,#4329);
#4327 = CARTESIAN_POINT('',(0.,0.,0.));
#4328 = DIRECTION('',(0.,0.,1.));
#4329 = DIRECTION('',(1.,0.,-0.));
#4330 = ADVANCED_FACE('',(#4331,#4581,#4592,#4603,#4614,#4625,#4636,
    #4647,#4658,#4669,#4680,#4691,#4702,#4713,#4724,#4735,#4746,#4757,
    #4768,#4779,#4790,#4801,#4812,#4823,#4834,#4845,#4856,#4867,#4878,
    #4889,#4900,#4911,#4922,#4933,#4944,#4955,#4966,#4977,#4988,#4999,
    #5010,#5021,#5032,#5043,#5054,#5065,#5076,#5087,#5098,#5109,#5120,
    #5131,#5142,#5153,#5164,#5175,#5186,#5197,#5208,#5219,#5230,#5241),
  #5252,.T.);
#4331 = FACE_BOUND('',#4332,.T.);
#4332 = EDGE_LOOP('',(#4333,#4334,#4335,#4344,#4352,#4361,#4369,#4378,
    #4386,#4395,#4403,#4412,#4420,#4429,#4437,#4446,#4454,#4463,#4471,
    #4480,#4488,#4497,#4505,#4514,#4522,#4531,#4539,#4548,#4557,#4565,
    #4574,#4580));
#4333 = ORIENTED_EDGE('',*,*,#3311,.F.);
#4334 = ORIENTED_EDGE('',*,*,#3353,.F.);
#4335 = ORIENTED_EDGE('',*,*,#4336,.F.);
#4336 = EDGE_CURVE('',#4337,#3346,#4339,.T.);
#4337 = VERTEX_POINT('',#4338);
#4338 = CARTESIAN_POINT('',(87.035029,-56.010661,1.04));
#4339 = CIRCLE('',#4340,3.000247754252);
#4340 = AXIS2_PLACEMENT_3D('',#4341,#4342,#4343);
#4341 = CARTESIAN_POINT('',(89.156452309611,-58.13222875247,1.04));
#4342 = DIRECTION('',(0.,0.,-1.));
#4343 = DIRECTION('',(-0.707082708954,0.707130852599,0.));
#4344 = ORIENTED_EDGE('',*,*,#4345,.F.);
#4345 = EDGE_CURVE('',#4346,#4337,#4348,.T.);
#4346 = VERTEX_POINT('',#4347);
#4347 = CARTESIAN_POINT('',(79.57868,-63.46701,1.04));
#4348 = LINE('',#4349,#4350);
#4349 = CARTESIAN_POINT('',(79.57868,-63.46701,1.04));
#4350 = VECTOR('',#4351,1.);
#4351 = DIRECTION('',(0.707106781187,0.707106781187,0.));
#4352 = ORIENTED_EDGE('',*,*,#4353,.F.);
#4353 = EDGE_CURVE('',#4354,#4346,#4356,.T.);
#4354 = VERTEX_POINT('',#4355);
#4355 = CARTESIAN_POINT('',(78.7,-65.58833,1.04));
#4356 = CIRCLE('',#4357,2.999860251516);
#4357 = AXIS2_PLACEMENT_3D('',#4358,#4359,#4360);
#4358 = CARTESIAN_POINT('',(81.699860250971,-65.58827280114,1.04));
#4359 = DIRECTION('',(0.,0.,-1.));
#4360 = DIRECTION('',(-0.999999999818,-1.906717345036E-05,-0.));
#4361 = ORIENTED_EDGE('',*,*,#4362,.F.);
#4362 = EDGE_CURVE('',#4363,#4354,#4365,.T.);
#4363 = VERTEX_POINT('',#4364);
#4364 = CARTESIAN_POINT('',(78.7,-87.631981,1.04));
#4365 = LINE('',#4366,#4367);
#4366 = CARTESIAN_POINT('',(78.7,-87.631981,1.04));
#4367 = VECTOR('',#4368,1.);
#4368 = DIRECTION('',(0.,1.,0.));
#4369 = ORIENTED_EDGE('',*,*,#4370,.F.);
#4370 = EDGE_CURVE('',#4371,#4363,#4373,.T.);
#4371 = VERTEX_POINT('',#4372);
#4372 = CARTESIAN_POINT('',(81.7,-90.631981,1.04));
#4373 = CIRCLE('',#4374,3.000013122826);
#4374 = AXIS2_PLACEMENT_3D('',#4375,#4376,#4377);
#4375 = CARTESIAN_POINT('',(81.700013122798,-87.6319678772,1.04));
#4376 = DIRECTION('',(0.,0.,-1.));
#4377 = DIRECTION('',(-4.374246769409E-06,-0.99999999999,-0.));
#4378 = ORIENTED_EDGE('',*,*,#4379,.F.);
#4379 = EDGE_CURVE('',#4380,#4371,#4382,.T.);
#4380 = VERTEX_POINT('',#4381);
#4381 = CARTESIAN_POINT('',(108.357359,-90.631981,1.04));
#4382 = LINE('',#4383,#4384);
#4383 = CARTESIAN_POINT('',(108.357359,-90.631981,1.04));
#4384 = VECTOR('',#4385,1.);
#4385 = DIRECTION('',(-1.,0.,0.));
#4386 = ORIENTED_EDGE('',*,*,#4387,.F.);
#4387 = EDGE_CURVE('',#4388,#4380,#4390,.T.);
#4388 = VERTEX_POINT('',#4389);
#4389 = CARTESIAN_POINT('',(110.478679,-91.510661,1.04));
#4390 = CIRCLE('',#4391,2.999790260754);
#4391 = AXIS2_PLACEMENT_3D('',#4392,#4393,#4394);
#4392 = CARTESIAN_POINT('',(108.35744519028,-93.63177125951,1.04));
#4393 = DIRECTION('',(0.,0.,1.));
#4394 = DIRECTION('',(0.707127374027,0.707086187747,-0.));
#4395 = ORIENTED_EDGE('',*,*,#4396,.F.);
#4396 = EDGE_CURVE('',#4397,#4388,#4399,.T.);
#4397 = VERTEX_POINT('',#4398);
#4398 = CARTESIAN_POINT('',(118.72132,-99.753301,1.04));
#4399 = LINE('',#4400,#4401);
#4400 = CARTESIAN_POINT('',(118.72132,-99.753301,1.04));
#4401 = VECTOR('',#4402,1.);
#4402 = DIRECTION('',(-0.70710682408,0.707106738293,0.));
#4403 = ORIENTED_EDGE('',*,*,#4404,.F.);
#4404 = EDGE_CURVE('',#4405,#4397,#4407,.T.);
#4405 = VERTEX_POINT('',#4406);
#4406 = CARTESIAN_POINT('',(119.6,-101.874622,1.04));
#4407 = CIRCLE('',#4408,3.000092673543);
#4408 = AXIS2_PLACEMENT_3D('',#4409,#4410,#4411);
#4409 = CARTESIAN_POINT('',(116.59990732669,-101.8746600736,1.04));
#4410 = DIRECTION('',(0.,0.,1.));
#4411 = DIRECTION('',(0.999999999919,1.269082825216E-05,-0.));
#4412 = ORIENTED_EDGE('',*,*,#4413,.F.);
#4413 = EDGE_CURVE('',#4414,#4405,#4416,.T.);
#4414 = VERTEX_POINT('',#4415);
#4415 = CARTESIAN_POINT('',(119.6,-112.631981,1.04));
#4416 = LINE('',#4417,#4418);
#4417 = CARTESIAN_POINT('',(119.6,-112.631981,1.04));
#4418 = VECTOR('',#4419,1.);
#4419 = DIRECTION('',(0.,1.,0.));
#4420 = ORIENTED_EDGE('',*,*,#4421,.F.);
#4421 = EDGE_CURVE('',#4422,#4414,#4424,.T.);
#4422 = VERTEX_POINT('',#4423);
#4423 = CARTESIAN_POINT('',(122.6,-115.631981,1.04));
#4424 = CIRCLE('',#4425,3.000013122826);
#4425 = AXIS2_PLACEMENT_3D('',#4426,#4427,#4428);
#4426 = CARTESIAN_POINT('',(122.60001312279,-112.6319678772,1.04));
#4427 = DIRECTION('',(0.,0.,-1.));
#4428 = DIRECTION('',(-4.374246774146E-06,-0.99999999999,-0.));
#4429 = ORIENTED_EDGE('',*,*,#4430,.F.);
#4430 = EDGE_CURVE('',#4431,#4422,#4433,.T.);
#4431 = VERTEX_POINT('',#4432);
#4432 = CARTESIAN_POINT('',(156.6,-115.631981,1.04));
#4433 = LINE('',#4434,#4435);
#4434 = CARTESIAN_POINT('',(156.6,-115.631981,1.04));
#4435 = VECTOR('',#4436,1.);
#4436 = DIRECTION('',(-1.,0.,0.));
#4437 = ORIENTED_EDGE('',*,*,#4438,.F.);
#4438 = EDGE_CURVE('',#4439,#4431,#4441,.T.);
#4439 = VERTEX_POINT('',#4440);
#4440 = CARTESIAN_POINT('',(159.6,-112.631981,1.04));
#4441 = CIRCLE('',#4442,2.999967031462);
#4442 = AXIS2_PLACEMENT_3D('',#4443,#4444,#4445);
#4443 = CARTESIAN_POINT('',(156.60003296872,-112.6320139687,1.04));
#4444 = DIRECTION('',(0.,0.,-1.));
#4445 = DIRECTION('',(0.99999999994,1.098969395055E-05,0.));
#4446 = ORIENTED_EDGE('',*,*,#4447,.F.);
#4447 = EDGE_CURVE('',#4448,#4439,#4450,.T.);
#4448 = VERTEX_POINT('',#4449);
#4449 = CARTESIAN_POINT('',(159.6,-101.874622,1.04));
#4450 = LINE('',#4451,#4452);
#4451 = CARTESIAN_POINT('',(159.6,-101.874622,1.04));
#4452 = VECTOR('',#4453,1.);
#4453 = DIRECTION('',(0.,-1.,0.));
#4454 = ORIENTED_EDGE('',*,*,#4455,.F.);
#4455 = EDGE_CURVE('',#4456,#4448,#4458,.T.);
#4456 = VERTEX_POINT('',#4457);
#4457 = CARTESIAN_POINT('',(160.47868,-99.753302,1.04));
#4458 = CIRCLE('',#4459,2.999891964277);
#4459 = AXIS2_PLACEMENT_3D('',#4460,#4461,#4462);
#4460 = CARTESIAN_POINT('',(162.59989196395,-101.874577937,1.04));
#4461 = DIRECTION('',(0.,0.,1.));
#4462 = DIRECTION('',(-0.707096118531,0.707117443681,0.));
#4463 = ORIENTED_EDGE('',*,*,#4464,.F.);
#4464 = EDGE_CURVE('',#4465,#4456,#4467,.T.);
#4465 = VERTEX_POINT('',#4466);
#4466 = CARTESIAN_POINT('',(168.72132,-91.510661,1.04));
#4467 = LINE('',#4468,#4469);
#4468 = CARTESIAN_POINT('',(168.72132,-91.510661,1.04));
#4469 = VECTOR('',#4470,1.);
#4470 = DIRECTION('',(-0.707106738293,-0.70710682408,0.));
#4471 = ORIENTED_EDGE('',*,*,#4472,.F.);
#4472 = EDGE_CURVE('',#4473,#4465,#4475,.T.);
#4473 = VERTEX_POINT('',#4474);
#4474 = CARTESIAN_POINT('',(170.842641,-90.631981,1.04));
#4475 = CIRCLE('',#4476,3.000214108658);
#4476 = AXIS2_PLACEMENT_3D('',#4477,#4478,#4479);
#4477 = CARTESIAN_POINT('',(170.84272937329,-93.63219510735,1.04));
#4478 = DIRECTION('',(0.,0.,1.));
#4479 = DIRECTION('',(-2.94556635962E-05,0.999999999566,0.));
#4480 = ORIENTED_EDGE('',*,*,#4481,.F.);
#4481 = EDGE_CURVE('',#4482,#4473,#4484,.T.);
#4482 = VERTEX_POINT('',#4483);
#4483 = CARTESIAN_POINT('',(197.5,-90.631981,1.04));
#4484 = LINE('',#4485,#4486);
#4485 = CARTESIAN_POINT('',(197.5,-90.631981,1.04));
#4486 = VECTOR('',#4487,1.);
#4487 = DIRECTION('',(-1.,0.,0.));
#4488 = ORIENTED_EDGE('',*,*,#4489,.F.);
#4489 = EDGE_CURVE('',#4490,#4482,#4492,.T.);
#4490 = VERTEX_POINT('',#4491);
#4491 = CARTESIAN_POINT('',(200.5,-87.631981,1.04));
#4492 = CIRCLE('',#4493,2.999967031462);
#4493 = AXIS2_PLACEMENT_3D('',#4494,#4495,#4496);
#4494 = CARTESIAN_POINT('',(197.50003296872,-87.63201396872,1.04));
#4495 = DIRECTION('',(0.,0.,-1.));
#4496 = DIRECTION('',(0.99999999994,1.098969395055E-05,0.));
#4497 = ORIENTED_EDGE('',*,*,#4498,.F.);
#4498 = EDGE_CURVE('',#4499,#4490,#4501,.T.);
#4499 = VERTEX_POINT('',#4500);
#4500 = CARTESIAN_POINT('',(200.5,-65.58833,1.04));
#4501 = LINE('',#4502,#4503);
#4502 = CARTESIAN_POINT('',(200.5,-65.58833,1.04));
#4503 = VECTOR('',#4504,1.);
#4504 = DIRECTION('',(0.,-1.,0.));
#4505 = ORIENTED_EDGE('',*,*,#4506,.F.);
#4506 = EDGE_CURVE('',#4507,#4499,#4509,.T.);
#4507 = VERTEX_POINT('',#4508);
#4508 = CARTESIAN_POINT('',(199.62132,-63.46701,1.04));
#4509 = CIRCLE('',#4510,3.000126315967);
#4510 = AXIS2_PLACEMENT_3D('',#4511,#4512,#4513);
#4511 = CARTESIAN_POINT('',(197.4998736845,-65.58838300874,1.04));
#4512 = DIRECTION('',(0.,0.,-1.));
#4513 = DIRECTION('',(0.70711899836,0.707094563802,0.));
#4514 = ORIENTED_EDGE('',*,*,#4515,.F.);
#4515 = EDGE_CURVE('',#4516,#4507,#4518,.T.);
#4516 = VERTEX_POINT('',#4517);
#4517 = CARTESIAN_POINT('',(192.164971,-56.010661,1.04));
#4518 = LINE('',#4519,#4520);
#4519 = CARTESIAN_POINT('',(192.164971,-56.010661,1.04));
#4520 = VECTOR('',#4521,1.);
#4521 = DIRECTION('',(0.707106781187,-0.707106781187,0.));
#4522 = ORIENTED_EDGE('',*,*,#4523,.F.);
#4523 = EDGE_CURVE('',#4524,#4516,#4526,.T.);
#4524 = VERTEX_POINT('',#4525);
#4525 = CARTESIAN_POINT('',(190.043651,-55.131981,1.04));
#4526 = CIRCLE('',#4527,2.999747339304);
#4527 = AXIS2_PLACEMENT_3D('',#4528,#4529,#4530);
#4528 = CARTESIAN_POINT('',(190.04375496917,-58.1317283375,1.04));
#4529 = DIRECTION('',(0.,0.,-1.));
#4530 = DIRECTION('',(-3.465930964941E-05,0.999999999399,0.));
#4531 = ORIENTED_EDGE('',*,*,#4532,.F.);
#4532 = EDGE_CURVE('',#4533,#4524,#4535,.T.);
#4533 = VERTEX_POINT('',#4534);
#4534 = CARTESIAN_POINT('',(155.6,-55.131981,1.04));
#4535 = LINE('',#4536,#4537);
#4536 = CARTESIAN_POINT('',(155.6,-55.131981,1.04));
#4537 = VECTOR('',#4538,1.);
#4538 = DIRECTION('',(1.,0.,0.));
#4539 = ORIENTED_EDGE('',*,*,#4540,.F.);
#4540 = EDGE_CURVE('',#4541,#4533,#4543,.T.);
#4541 = VERTEX_POINT('',#4542);
#4542 = CARTESIAN_POINT('',(153.314286,-62.414588,1.04));
#4543 = CIRCLE('',#4544,4.00000904161);
#4544 = AXIS2_PLACEMENT_3D('',#4545,#4546,#4547);
#4545 = CARTESIAN_POINT('',(155.60002941863,-59.1319900415,1.04));
#4546 = DIRECTION('',(0.,0.,-1.));
#4547 = DIRECTION('',(-0.571434562986,-0.820647634631,-0.));
#4548 = ORIENTED_EDGE('',*,*,#4549,.F.);
#4549 = EDGE_CURVE('',#4550,#4541,#4552,.T.);
#4550 = VERTEX_POINT('',#4551);
#4551 = CARTESIAN_POINT('',(154.6,-64.876544,1.04));
#4552 = CIRCLE('',#4553,3.000126965947);
#4553 = AXIS2_PLACEMENT_3D('',#4554,#4555,#4556);
#4554 = CARTESIAN_POINT('',(151.59987303476,-64.87660952639,1.04));
#4555 = DIRECTION('',(0.,0.,1.));
#4556 = DIRECTION('',(0.999999999761,2.18412083378E-05,-0.));
#4557 = ORIENTED_EDGE('',*,*,#4558,.F.);
#4558 = EDGE_CURVE('',#4559,#4550,#4561,.T.);
#4559 = VERTEX_POINT('',#4560);
#4560 = CARTESIAN_POINT('',(154.6,-69.131981,1.04));
#4561 = LINE('',#4562,#4563);
#4562 = CARTESIAN_POINT('',(154.6,-69.131981,1.04));
#4563 = VECTOR('',#4564,1.);
#4564 = DIRECTION('',(0.,1.,0.));
#4565 = ORIENTED_EDGE('',*,*,#4566,.F.);
#4566 = EDGE_CURVE('',#4567,#4559,#4569,.T.);
#4567 = VERTEX_POINT('',#4568);
#4568 = CARTESIAN_POINT('',(124.6,-69.131981,1.04));
#4569 = CIRCLE('',#4570,15.);
#4570 = AXIS2_PLACEMENT_3D('',#4571,#4572,#4573);
#4571 = CARTESIAN_POINT('',(139.6,-69.131981,1.04));
#4572 = DIRECTION('',(0.,0.,1.));
#4573 = DIRECTION('',(-1.,0.,-0.));
#4574 = ORIENTED_EDGE('',*,*,#4575,.F.);
#4575 = EDGE_CURVE('',#3376,#4567,#4576,.T.);
#4576 = LINE('',#4577,#4578);
#4577 = CARTESIAN_POINT('',(124.6,-64.876544,1.04));
#4578 = VECTOR('',#4579,1.);
#4579 = DIRECTION('',(0.,-1.,0.));
#4580 = ORIENTED_EDGE('',*,*,#3375,.F.);
#4581 = FACE_BOUND('',#4582,.T.);
#4582 = EDGE_LOOP('',(#4583));
#4583 = ORIENTED_EDGE('',*,*,#4584,.T.);
#4584 = EDGE_CURVE('',#4585,#4585,#4587,.T.);
#4585 = VERTEX_POINT('',#4586);
#4586 = CARTESIAN_POINT('',(123.6,-113.381981,1.04));
#4587 = CIRCLE('',#4588,1.75);
#4588 = AXIS2_PLACEMENT_3D('',#4589,#4590,#4591);
#4589 = CARTESIAN_POINT('',(123.6,-111.631981,1.04));
#4590 = DIRECTION('',(-0.,0.,-1.));
#4591 = DIRECTION('',(-0.,-1.,0.));
#4592 = FACE_BOUND('',#4593,.T.);
#4593 = EDGE_LOOP('',(#4594));
#4594 = ORIENTED_EDGE('',*,*,#4595,.T.);
#4595 = EDGE_CURVE('',#4596,#4596,#4598,.T.);
#4596 = VERTEX_POINT('',#4597);
#4597 = CARTESIAN_POINT('',(155.6,-113.381981,1.04));
#4598 = CIRCLE('',#4599,1.75);
#4599 = AXIS2_PLACEMENT_3D('',#4600,#4601,#4602);
#4600 = CARTESIAN_POINT('',(155.6,-111.631981,1.04));
#4601 = DIRECTION('',(-0.,0.,-1.));
#4602 = DIRECTION('',(-0.,-1.,0.));
#4603 = FACE_BOUND('',#4604,.T.);
#4604 = EDGE_LOOP('',(#4605));
#4605 = ORIENTED_EDGE('',*,*,#4606,.T.);
#4606 = EDGE_CURVE('',#4607,#4607,#4609,.T.);
#4607 = VERTEX_POINT('',#4608);
#4608 = CARTESIAN_POINT('',(92.486981,-85.6,1.04));
#4609 = CIRCLE('',#4610,0.85);
#4610 = AXIS2_PLACEMENT_3D('',#4611,#4612,#4613);
#4611 = CARTESIAN_POINT('',(92.486981,-84.75,1.04));
#4612 = DIRECTION('',(-0.,0.,-1.));
#4613 = DIRECTION('',(-0.,-1.,0.));
#4614 = FACE_BOUND('',#4615,.T.);
#4615 = EDGE_LOOP('',(#4616));
#4616 = ORIENTED_EDGE('',*,*,#4617,.T.);
#4617 = EDGE_CURVE('',#4618,#4618,#4620,.T.);
#4618 = VERTEX_POINT('',#4619);
#4619 = CARTESIAN_POINT('',(96.446981,-85.6,1.04));
#4620 = CIRCLE('',#4621,0.85);
#4621 = AXIS2_PLACEMENT_3D('',#4622,#4623,#4624);
#4622 = CARTESIAN_POINT('',(96.446981,-84.75,1.04));
#4623 = DIRECTION('',(-0.,0.,-1.));
#4624 = DIRECTION('',(-0.,-1.,0.));
#4625 = FACE_BOUND('',#4626,.T.);
#4626 = EDGE_LOOP('',(#4627));
#4627 = ORIENTED_EDGE('',*,*,#4628,.T.);
#4628 = EDGE_CURVE('',#4629,#4629,#4631,.T.);
#4629 = VERTEX_POINT('',#4630);
#4630 = CARTESIAN_POINT('',(102.115731,-85.6,1.04));
#4631 = CIRCLE('',#4632,0.85);
#4632 = AXIS2_PLACEMENT_3D('',#4633,#4634,#4635);
#4633 = CARTESIAN_POINT('',(102.115731,-84.75,1.04));
#4634 = DIRECTION('',(-0.,0.,-1.));
#4635 = DIRECTION('',(-1.671865260612E-14,-1.,0.));
#4636 = FACE_BOUND('',#4637,.T.);
#4637 = EDGE_LOOP('',(#4638));
#4638 = ORIENTED_EDGE('',*,*,#4639,.T.);
#4639 = EDGE_CURVE('',#4640,#4640,#4642,.T.);
#4640 = VERTEX_POINT('',#4641);
#4641 = CARTESIAN_POINT('',(106.075731,-85.6,1.04));
#4642 = CIRCLE('',#4643,0.85);
#4643 = AXIS2_PLACEMENT_3D('',#4644,#4645,#4646);
#4644 = CARTESIAN_POINT('',(106.075731,-84.75,1.04));
#4645 = DIRECTION('',(-0.,0.,-1.));
#4646 = DIRECTION('',(1.671865260612E-14,-1.,-0.));
#4647 = FACE_BOUND('',#4648,.T.);
#4648 = EDGE_LOOP('',(#4649));
#4649 = ORIENTED_EDGE('',*,*,#4650,.T.);
#4650 = EDGE_CURVE('',#4651,#4651,#4653,.T.);
#4651 = VERTEX_POINT('',#4652);
#4652 = CARTESIAN_POINT('',(82.7,-78.360156,1.04));
#4653 = CIRCLE('',#4654,1.75);
#4654 = AXIS2_PLACEMENT_3D('',#4655,#4656,#4657);
#4655 = CARTESIAN_POINT('',(82.7,-76.610156,1.04));
#4656 = DIRECTION('',(-0.,0.,-1.));
#4657 = DIRECTION('',(-0.,-1.,0.));
#4658 = FACE_BOUND('',#4659,.T.);
#4659 = EDGE_LOOP('',(#4660));
#4660 = ORIENTED_EDGE('',*,*,#4661,.T.);
#4661 = EDGE_CURVE('',#4662,#4662,#4664,.T.);
#4662 = VERTEX_POINT('',#4663);
#4663 = CARTESIAN_POINT('',(93.216981,-75.,1.04));
#4664 = CIRCLE('',#4665,0.7);
#4665 = AXIS2_PLACEMENT_3D('',#4666,#4667,#4668);
#4666 = CARTESIAN_POINT('',(93.216981,-74.3,1.04));
#4667 = DIRECTION('',(-0.,0.,-1.));
#4668 = DIRECTION('',(-0.,-1.,0.));
#4669 = FACE_BOUND('',#4670,.T.);
#4670 = EDGE_LOOP('',(#4671));
#4671 = ORIENTED_EDGE('',*,*,#4672,.T.);
#4672 = EDGE_CURVE('',#4673,#4673,#4675,.T.);
#4673 = VERTEX_POINT('',#4674);
#4674 = CARTESIAN_POINT('',(95.716981,-75.,1.04));
#4675 = CIRCLE('',#4676,0.7);
#4676 = AXIS2_PLACEMENT_3D('',#4677,#4678,#4679);
#4677 = CARTESIAN_POINT('',(95.716981,-74.3,1.04));
#4678 = DIRECTION('',(-0.,0.,-1.));
#4679 = DIRECTION('',(-0.,-1.,0.));
#4680 = FACE_BOUND('',#4681,.T.);
#4681 = EDGE_LOOP('',(#4682));
#4682 = ORIENTED_EDGE('',*,*,#4683,.T.);
#4683 = EDGE_CURVE('',#4684,#4684,#4686,.T.);
#4684 = VERTEX_POINT('',#4685);
#4685 = CARTESIAN_POINT('',(102.845731,-75.,1.04));
#4686 = CIRCLE('',#4687,0.7);
#4687 = AXIS2_PLACEMENT_3D('',#4688,#4689,#4690);
#4688 = CARTESIAN_POINT('',(102.845731,-74.3,1.04));
#4689 = DIRECTION('',(-0.,0.,-1.));
#4690 = DIRECTION('',(-0.,-1.,0.));
#4691 = FACE_BOUND('',#4692,.T.);
#4692 = EDGE_LOOP('',(#4693));
#4693 = ORIENTED_EDGE('',*,*,#4694,.T.);
#4694 = EDGE_CURVE('',#4695,#4695,#4697,.T.);
#4695 = VERTEX_POINT('',#4696);
#4696 = CARTESIAN_POINT('',(105.345731,-75.,1.04));
#4697 = CIRCLE('',#4698,0.7);
#4698 = AXIS2_PLACEMENT_3D('',#4699,#4700,#4701);
#4699 = CARTESIAN_POINT('',(105.345731,-74.3,1.04));
#4700 = DIRECTION('',(-0.,0.,-1.));
#4701 = DIRECTION('',(-0.,-1.,0.));
#4702 = FACE_BOUND('',#4703,.T.);
#4703 = EDGE_LOOP('',(#4704));
#4704 = ORIENTED_EDGE('',*,*,#4705,.T.);
#4705 = EDGE_CURVE('',#4706,#4706,#4708,.T.);
#4706 = VERTEX_POINT('',#4707);
#4707 = CARTESIAN_POINT('',(111.276012,-85.6,1.04));
#4708 = CIRCLE('',#4709,0.85);
#4709 = AXIS2_PLACEMENT_3D('',#4710,#4711,#4712);
#4710 = CARTESIAN_POINT('',(111.276012,-84.75,1.04));
#4711 = DIRECTION('',(-0.,0.,-1.));
#4712 = DIRECTION('',(-1.671865260612E-14,-1.,0.));
#4713 = FACE_BOUND('',#4714,.T.);
#4714 = EDGE_LOOP('',(#4715));
#4715 = ORIENTED_EDGE('',*,*,#4716,.T.);
#4716 = EDGE_CURVE('',#4717,#4717,#4719,.T.);
#4717 = VERTEX_POINT('',#4718);
#4718 = CARTESIAN_POINT('',(115.236012,-85.6,1.04));
#4719 = CIRCLE('',#4720,0.85);
#4720 = AXIS2_PLACEMENT_3D('',#4721,#4722,#4723);
#4721 = CARTESIAN_POINT('',(115.236012,-84.75,1.04));
#4722 = DIRECTION('',(-0.,0.,-1.));
#4723 = DIRECTION('',(1.671865260612E-14,-1.,-0.));
#4724 = FACE_BOUND('',#4725,.T.);
#4725 = EDGE_LOOP('',(#4726));
#4726 = ORIENTED_EDGE('',*,*,#4727,.T.);
#4727 = EDGE_CURVE('',#4728,#4728,#4730,.T.);
#4728 = VERTEX_POINT('',#4729);
#4729 = CARTESIAN_POINT('',(112.006012,-75.,1.04));
#4730 = CIRCLE('',#4731,0.7);
#4731 = AXIS2_PLACEMENT_3D('',#4732,#4733,#4734);
#4732 = CARTESIAN_POINT('',(112.006012,-74.3,1.04));
#4733 = DIRECTION('',(-0.,0.,-1.));
#4734 = DIRECTION('',(-0.,-1.,0.));
#4735 = FACE_BOUND('',#4736,.T.);
#4736 = EDGE_LOOP('',(#4737));
#4737 = ORIENTED_EDGE('',*,*,#4738,.T.);
#4738 = EDGE_CURVE('',#4739,#4739,#4741,.T.);
#4739 = VERTEX_POINT('',#4740);
#4740 = CARTESIAN_POINT('',(114.506012,-75.,1.04));
#4741 = CIRCLE('',#4742,0.7);
#4742 = AXIS2_PLACEMENT_3D('',#4743,#4744,#4745);
#4743 = CARTESIAN_POINT('',(114.506012,-74.3,1.04));
#4744 = DIRECTION('',(-0.,0.,-1.));
#4745 = DIRECTION('',(-0.,-1.,0.));
#4746 = FACE_BOUND('',#4747,.T.);
#4747 = EDGE_LOOP('',(#4748));
#4748 = ORIENTED_EDGE('',*,*,#4749,.T.);
#4749 = EDGE_CURVE('',#4750,#4750,#4752,.T.);
#4750 = VERTEX_POINT('',#4751);
#4751 = CARTESIAN_POINT('',(93.216981,-71.5,1.04));
#4752 = CIRCLE('',#4753,0.7);
#4753 = AXIS2_PLACEMENT_3D('',#4754,#4755,#4756);
#4754 = CARTESIAN_POINT('',(93.216981,-70.8,1.04));
#4755 = DIRECTION('',(-0.,0.,-1.));
#4756 = DIRECTION('',(-0.,-1.,0.));
#4757 = FACE_BOUND('',#4758,.T.);
#4758 = EDGE_LOOP('',(#4759));
#4759 = ORIENTED_EDGE('',*,*,#4760,.T.);
#4760 = EDGE_CURVE('',#4761,#4761,#4763,.T.);
#4761 = VERTEX_POINT('',#4762);
#4762 = CARTESIAN_POINT('',(94.466981,-69.1,1.04));
#4763 = CIRCLE('',#4764,1.2);
#4764 = AXIS2_PLACEMENT_3D('',#4765,#4766,#4767);
#4765 = CARTESIAN_POINT('',(94.466981,-67.9,1.04));
#4766 = DIRECTION('',(-0.,0.,-1.));
#4767 = DIRECTION('',(-0.,-1.,0.));
#4768 = FACE_BOUND('',#4769,.T.);
#4769 = EDGE_LOOP('',(#4770));
#4770 = ORIENTED_EDGE('',*,*,#4771,.T.);
#4771 = EDGE_CURVE('',#4772,#4772,#4774,.T.);
#4772 = VERTEX_POINT('',#4773);
#4773 = CARTESIAN_POINT('',(93.216981,-65.7,1.04));
#4774 = CIRCLE('',#4775,0.7);
#4775 = AXIS2_PLACEMENT_3D('',#4776,#4777,#4778);
#4776 = CARTESIAN_POINT('',(93.216981,-65.,1.04));
#4777 = DIRECTION('',(-0.,0.,-1.));
#4778 = DIRECTION('',(-0.,-1.,0.));
#4779 = FACE_BOUND('',#4780,.T.);
#4780 = EDGE_LOOP('',(#4781));
#4781 = ORIENTED_EDGE('',*,*,#4782,.T.);
#4782 = EDGE_CURVE('',#4783,#4783,#4785,.T.);
#4783 = VERTEX_POINT('',#4784);
#4784 = CARTESIAN_POINT('',(95.716981,-71.5,1.04));
#4785 = CIRCLE('',#4786,0.7);
#4786 = AXIS2_PLACEMENT_3D('',#4787,#4788,#4789);
#4787 = CARTESIAN_POINT('',(95.716981,-70.8,1.04));
#4788 = DIRECTION('',(-0.,0.,-1.));
#4789 = DIRECTION('',(-0.,-1.,0.));
#4790 = FACE_BOUND('',#4791,.T.);
#4791 = EDGE_LOOP('',(#4792));
#4792 = ORIENTED_EDGE('',*,*,#4793,.T.);
#4793 = EDGE_CURVE('',#4794,#4794,#4796,.T.);
#4794 = VERTEX_POINT('',#4795);
#4795 = CARTESIAN_POINT('',(102.845731,-71.5,1.04));
#4796 = CIRCLE('',#4797,0.7);
#4797 = AXIS2_PLACEMENT_3D('',#4798,#4799,#4800);
#4798 = CARTESIAN_POINT('',(102.845731,-70.8,1.04));
#4799 = DIRECTION('',(-0.,0.,-1.));
#4800 = DIRECTION('',(-0.,-1.,0.));
#4801 = FACE_BOUND('',#4802,.T.);
#4802 = EDGE_LOOP('',(#4803));
#4803 = ORIENTED_EDGE('',*,*,#4804,.T.);
#4804 = EDGE_CURVE('',#4805,#4805,#4807,.T.);
#4805 = VERTEX_POINT('',#4806);
#4806 = CARTESIAN_POINT('',(105.345731,-71.5,1.04));
#4807 = CIRCLE('',#4808,0.7);
#4808 = AXIS2_PLACEMENT_3D('',#4809,#4810,#4811);
#4809 = CARTESIAN_POINT('',(105.345731,-70.8,1.04));
#4810 = DIRECTION('',(-0.,0.,-1.));
#4811 = DIRECTION('',(-0.,-1.,0.));
#4812 = FACE_BOUND('',#4813,.T.);
#4813 = EDGE_LOOP('',(#4814));
#4814 = ORIENTED_EDGE('',*,*,#4815,.T.);
#4815 = EDGE_CURVE('',#4816,#4816,#4818,.T.);
#4816 = VERTEX_POINT('',#4817);
#4817 = CARTESIAN_POINT('',(104.095731,-69.1,1.04));
#4818 = CIRCLE('',#4819,1.2);
#4819 = AXIS2_PLACEMENT_3D('',#4820,#4821,#4822);
#4820 = CARTESIAN_POINT('',(104.095731,-67.9,1.04));
#4821 = DIRECTION('',(-0.,0.,-1.));
#4822 = DIRECTION('',(-0.,-1.,0.));
#4823 = FACE_BOUND('',#4824,.T.);
#4824 = EDGE_LOOP('',(#4825));
#4825 = ORIENTED_EDGE('',*,*,#4826,.T.);
#4826 = EDGE_CURVE('',#4827,#4827,#4829,.T.);
#4827 = VERTEX_POINT('',#4828);
#4828 = CARTESIAN_POINT('',(95.716981,-65.7,1.04));
#4829 = CIRCLE('',#4830,0.7);
#4830 = AXIS2_PLACEMENT_3D('',#4831,#4832,#4833);
#4831 = CARTESIAN_POINT('',(95.716981,-65.,1.04));
#4832 = DIRECTION('',(-0.,0.,-1.));
#4833 = DIRECTION('',(-0.,-1.,0.));
#4834 = FACE_BOUND('',#4835,.T.);
#4835 = EDGE_LOOP('',(#4836));
#4836 = ORIENTED_EDGE('',*,*,#4837,.T.);
#4837 = EDGE_CURVE('',#4838,#4838,#4840,.T.);
#4838 = VERTEX_POINT('',#4839);
#4839 = CARTESIAN_POINT('',(102.845731,-65.7,1.04));
#4840 = CIRCLE('',#4841,0.7);
#4841 = AXIS2_PLACEMENT_3D('',#4842,#4843,#4844);
#4842 = CARTESIAN_POINT('',(102.845731,-65.,1.04));
#4843 = DIRECTION('',(-0.,0.,-1.));
#4844 = DIRECTION('',(-0.,-1.,0.));
#4845 = FACE_BOUND('',#4846,.T.);
#4846 = EDGE_LOOP('',(#4847));
#4847 = ORIENTED_EDGE('',*,*,#4848,.T.);
#4848 = EDGE_CURVE('',#4849,#4849,#4851,.T.);
#4849 = VERTEX_POINT('',#4850);
#4850 = CARTESIAN_POINT('',(105.345731,-65.7,1.04));
#4851 = CIRCLE('',#4852,0.7);
#4852 = AXIS2_PLACEMENT_3D('',#4853,#4854,#4855);
#4853 = CARTESIAN_POINT('',(105.345731,-65.,1.04));
#4854 = DIRECTION('',(-0.,0.,-1.));
#4855 = DIRECTION('',(-0.,-1.,0.));
#4856 = FACE_BOUND('',#4857,.T.);
#4857 = EDGE_LOOP('',(#4858));
#4858 = ORIENTED_EDGE('',*,*,#4859,.T.);
#4859 = EDGE_CURVE('',#4860,#4860,#4862,.T.);
#4860 = VERTEX_POINT('',#4861);
#4861 = CARTESIAN_POINT('',(93.216981,-62.2,1.04));
#4862 = CIRCLE('',#4863,0.7);
#4863 = AXIS2_PLACEMENT_3D('',#4864,#4865,#4866);
#4864 = CARTESIAN_POINT('',(93.216981,-61.5,1.04));
#4865 = DIRECTION('',(-0.,0.,-1.));
#4866 = DIRECTION('',(-0.,-1.,0.));
#4867 = FACE_BOUND('',#4868,.T.);
#4868 = EDGE_LOOP('',(#4869));
#4869 = ORIENTED_EDGE('',*,*,#4870,.T.);
#4870 = EDGE_CURVE('',#4871,#4871,#4873,.T.);
#4871 = VERTEX_POINT('',#4872);
#4872 = CARTESIAN_POINT('',(95.716981,-62.2,1.04));
#4873 = CIRCLE('',#4874,0.7);
#4874 = AXIS2_PLACEMENT_3D('',#4875,#4876,#4877);
#4875 = CARTESIAN_POINT('',(95.716981,-61.5,1.04));
#4876 = DIRECTION('',(-0.,0.,-1.));
#4877 = DIRECTION('',(-0.,-1.,0.));
#4878 = FACE_BOUND('',#4879,.T.);
#4879 = EDGE_LOOP('',(#4880));
#4880 = ORIENTED_EDGE('',*,*,#4881,.T.);
#4881 = EDGE_CURVE('',#4882,#4882,#4884,.T.);
#4882 = VERTEX_POINT('',#4883);
#4883 = CARTESIAN_POINT('',(102.845731,-62.2,1.04));
#4884 = CIRCLE('',#4885,0.7);
#4885 = AXIS2_PLACEMENT_3D('',#4886,#4887,#4888);
#4886 = CARTESIAN_POINT('',(102.845731,-61.5,1.04));
#4887 = DIRECTION('',(-0.,0.,-1.));
#4888 = DIRECTION('',(-0.,-1.,0.));
#4889 = FACE_BOUND('',#4890,.T.);
#4890 = EDGE_LOOP('',(#4891));
#4891 = ORIENTED_EDGE('',*,*,#4892,.T.);
#4892 = EDGE_CURVE('',#4893,#4893,#4895,.T.);
#4893 = VERTEX_POINT('',#4894);
#4894 = CARTESIAN_POINT('',(105.345731,-62.2,1.04));
#4895 = CIRCLE('',#4896,0.7);
#4896 = AXIS2_PLACEMENT_3D('',#4897,#4898,#4899);
#4897 = CARTESIAN_POINT('',(105.345731,-61.5,1.04));
#4898 = DIRECTION('',(-0.,0.,-1.));
#4899 = DIRECTION('',(-0.,-1.,0.));
#4900 = FACE_BOUND('',#4901,.T.);
#4901 = EDGE_LOOP('',(#4902));
#4902 = ORIENTED_EDGE('',*,*,#4903,.T.);
#4903 = EDGE_CURVE('',#4904,#4904,#4906,.T.);
#4904 = VERTEX_POINT('',#4905);
#4905 = CARTESIAN_POINT('',(112.006012,-71.5,1.04));
#4906 = CIRCLE('',#4907,0.7);
#4907 = AXIS2_PLACEMENT_3D('',#4908,#4909,#4910);
#4908 = CARTESIAN_POINT('',(112.006012,-70.8,1.04));
#4909 = DIRECTION('',(-0.,0.,-1.));
#4910 = DIRECTION('',(-0.,-1.,0.));
#4911 = FACE_BOUND('',#4912,.T.);
#4912 = EDGE_LOOP('',(#4913));
#4913 = ORIENTED_EDGE('',*,*,#4914,.T.);
#4914 = EDGE_CURVE('',#4915,#4915,#4917,.T.);
#4915 = VERTEX_POINT('',#4916);
#4916 = CARTESIAN_POINT('',(114.506012,-71.5,1.04));
#4917 = CIRCLE('',#4918,0.7);
#4918 = AXIS2_PLACEMENT_3D('',#4919,#4920,#4921);
#4919 = CARTESIAN_POINT('',(114.506012,-70.8,1.04));
#4920 = DIRECTION('',(-0.,0.,-1.));
#4921 = DIRECTION('',(-0.,-1.,0.));
#4922 = FACE_BOUND('',#4923,.T.);
#4923 = EDGE_LOOP('',(#4924));
#4924 = ORIENTED_EDGE('',*,*,#4925,.T.);
#4925 = EDGE_CURVE('',#4926,#4926,#4928,.T.);
#4926 = VERTEX_POINT('',#4927);
#4927 = CARTESIAN_POINT('',(113.256012,-69.1,1.04));
#4928 = CIRCLE('',#4929,1.2);
#4929 = AXIS2_PLACEMENT_3D('',#4930,#4931,#4932);
#4930 = CARTESIAN_POINT('',(113.256012,-67.9,1.04));
#4931 = DIRECTION('',(-0.,0.,-1.));
#4932 = DIRECTION('',(-0.,-1.,0.));
#4933 = FACE_BOUND('',#4934,.T.);
#4934 = EDGE_LOOP('',(#4935));
#4935 = ORIENTED_EDGE('',*,*,#4936,.T.);
#4936 = EDGE_CURVE('',#4937,#4937,#4939,.T.);
#4937 = VERTEX_POINT('',#4938);
#4938 = CARTESIAN_POINT('',(112.006012,-65.7,1.04));
#4939 = CIRCLE('',#4940,0.7);
#4940 = AXIS2_PLACEMENT_3D('',#4941,#4942,#4943);
#4941 = CARTESIAN_POINT('',(112.006012,-65.,1.04));
#4942 = DIRECTION('',(-0.,0.,-1.));
#4943 = DIRECTION('',(-0.,-1.,0.));
#4944 = FACE_BOUND('',#4945,.T.);
#4945 = EDGE_LOOP('',(#4946));
#4946 = ORIENTED_EDGE('',*,*,#4947,.T.);
#4947 = EDGE_CURVE('',#4948,#4948,#4950,.T.);
#4948 = VERTEX_POINT('',#4949);
#4949 = CARTESIAN_POINT('',(114.506012,-65.7,1.04));
#4950 = CIRCLE('',#4951,0.7);
#4951 = AXIS2_PLACEMENT_3D('',#4952,#4953,#4954);
#4952 = CARTESIAN_POINT('',(114.506012,-65.,1.04));
#4953 = DIRECTION('',(-0.,0.,-1.));
#4954 = DIRECTION('',(-0.,-1.,0.));
#4955 = FACE_BOUND('',#4956,.T.);
#4956 = EDGE_LOOP('',(#4957));
#4957 = ORIENTED_EDGE('',*,*,#4958,.T.);
#4958 = EDGE_CURVE('',#4959,#4959,#4961,.T.);
#4959 = VERTEX_POINT('',#4960);
#4960 = CARTESIAN_POINT('',(112.006012,-62.2,1.04));
#4961 = CIRCLE('',#4962,0.7);
#4962 = AXIS2_PLACEMENT_3D('',#4963,#4964,#4965);
#4963 = CARTESIAN_POINT('',(112.006012,-61.5,1.04));
#4964 = DIRECTION('',(-0.,0.,-1.));
#4965 = DIRECTION('',(-0.,-1.,0.));
#4966 = FACE_BOUND('',#4967,.T.);
#4967 = EDGE_LOOP('',(#4968));
#4968 = ORIENTED_EDGE('',*,*,#4969,.T.);
#4969 = EDGE_CURVE('',#4970,#4970,#4972,.T.);
#4970 = VERTEX_POINT('',#4971);
#4971 = CARTESIAN_POINT('',(114.506012,-62.2,1.04));
#4972 = CIRCLE('',#4973,0.7);
#4973 = AXIS2_PLACEMENT_3D('',#4974,#4975,#4976);
#4974 = CARTESIAN_POINT('',(114.506012,-61.5,1.04));
#4975 = DIRECTION('',(-0.,0.,-1.));
#4976 = DIRECTION('',(-0.,-1.,0.));
#4977 = FACE_BOUND('',#4978,.T.);
#4978 = EDGE_LOOP('',(#4979));
#4979 = ORIENTED_EDGE('',*,*,#4980,.T.);
#4980 = EDGE_CURVE('',#4981,#4981,#4983,.T.);
#4981 = VERTEX_POINT('',#4982);
#4982 = CARTESIAN_POINT('',(123.6,-60.881981,1.04));
#4983 = CIRCLE('',#4984,1.75);
#4984 = AXIS2_PLACEMENT_3D('',#4985,#4986,#4987);
#4985 = CARTESIAN_POINT('',(123.6,-59.131981,1.04));
#4986 = DIRECTION('',(-0.,0.,-1.));
#4987 = DIRECTION('',(-0.,-1.,0.));
#4988 = FACE_BOUND('',#4989,.T.);
#4989 = EDGE_LOOP('',(#4990));
#4990 = ORIENTED_EDGE('',*,*,#4991,.T.);
#4991 = EDGE_CURVE('',#4992,#4992,#4994,.T.);
#4992 = VERTEX_POINT('',#4993);
#4993 = CARTESIAN_POINT('',(169.4125,-85.6,1.04));
#4994 = CIRCLE('',#4995,0.85);
#4995 = AXIS2_PLACEMENT_3D('',#4996,#4997,#4998);
#4996 = CARTESIAN_POINT('',(169.4125,-84.75,1.04));
#4997 = DIRECTION('',(-0.,0.,-1.));
#4998 = DIRECTION('',(-0.,-1.,0.));
#4999 = FACE_BOUND('',#5000,.T.);
#5000 = EDGE_LOOP('',(#5001));
#5001 = ORIENTED_EDGE('',*,*,#5002,.T.);
#5002 = EDGE_CURVE('',#5003,#5003,#5005,.T.);
#5003 = VERTEX_POINT('',#5004);
#5004 = CARTESIAN_POINT('',(173.3725,-85.6,1.04));
#5005 = CIRCLE('',#5006,0.85);
#5006 = AXIS2_PLACEMENT_3D('',#5007,#5008,#5009);
#5007 = CARTESIAN_POINT('',(173.3725,-84.75,1.04));
#5008 = DIRECTION('',(-0.,0.,-1.));
#5009 = DIRECTION('',(-0.,-1.,0.));
#5010 = FACE_BOUND('',#5011,.T.);
#5011 = EDGE_LOOP('',(#5012));
#5012 = ORIENTED_EDGE('',*,*,#5013,.T.);
#5013 = EDGE_CURVE('',#5014,#5014,#5016,.T.);
#5014 = VERTEX_POINT('',#5015);
#5015 = CARTESIAN_POINT('',(180.82,-85.6,1.04));
#5016 = CIRCLE('',#5017,0.85);
#5017 = AXIS2_PLACEMENT_3D('',#5018,#5019,#5020);
#5018 = CARTESIAN_POINT('',(180.82,-84.75,1.04));
#5019 = DIRECTION('',(-0.,0.,-1.));
#5020 = DIRECTION('',(-0.,-1.,0.));
#5021 = FACE_BOUND('',#5022,.T.);
#5022 = EDGE_LOOP('',(#5023));
#5023 = ORIENTED_EDGE('',*,*,#5024,.T.);
#5024 = EDGE_CURVE('',#5025,#5025,#5027,.T.);
#5025 = VERTEX_POINT('',#5026);
#5026 = CARTESIAN_POINT('',(184.78,-85.6,1.04));
#5027 = CIRCLE('',#5028,0.85);
#5028 = AXIS2_PLACEMENT_3D('',#5029,#5030,#5031);
#5029 = CARTESIAN_POINT('',(184.78,-84.75,1.04));
#5030 = DIRECTION('',(-0.,0.,-1.));
#5031 = DIRECTION('',(-0.,-1.,0.));
#5032 = FACE_BOUND('',#5033,.T.);
#5033 = EDGE_LOOP('',(#5034));
#5034 = ORIENTED_EDGE('',*,*,#5035,.T.);
#5035 = EDGE_CURVE('',#5036,#5036,#5038,.T.);
#5036 = VERTEX_POINT('',#5037);
#5037 = CARTESIAN_POINT('',(170.1425,-75.,1.04));
#5038 = CIRCLE('',#5039,0.7);
#5039 = AXIS2_PLACEMENT_3D('',#5040,#5041,#5042);
#5040 = CARTESIAN_POINT('',(170.1425,-74.3,1.04));
#5041 = DIRECTION('',(-0.,0.,-1.));
#5042 = DIRECTION('',(4.060244204343E-14,-1.,-0.));
#5043 = FACE_BOUND('',#5044,.T.);
#5044 = EDGE_LOOP('',(#5045));
#5045 = ORIENTED_EDGE('',*,*,#5046,.T.);
#5046 = EDGE_CURVE('',#5047,#5047,#5049,.T.);
#5047 = VERTEX_POINT('',#5048);
#5048 = CARTESIAN_POINT('',(172.6425,-75.,1.04));
#5049 = CIRCLE('',#5050,0.7);
#5050 = AXIS2_PLACEMENT_3D('',#5051,#5052,#5053);
#5051 = CARTESIAN_POINT('',(172.6425,-74.3,1.04));
#5052 = DIRECTION('',(-0.,0.,-1.));
#5053 = DIRECTION('',(4.060244204343E-14,-1.,-0.));
#5054 = FACE_BOUND('',#5055,.T.);
#5055 = EDGE_LOOP('',(#5056));
#5056 = ORIENTED_EDGE('',*,*,#5057,.T.);
#5057 = EDGE_CURVE('',#5058,#5058,#5060,.T.);
#5058 = VERTEX_POINT('',#5059);
#5059 = CARTESIAN_POINT('',(181.55,-75.,1.04));
#5060 = CIRCLE('',#5061,0.7);
#5061 = AXIS2_PLACEMENT_3D('',#5062,#5063,#5064);
#5062 = CARTESIAN_POINT('',(181.55,-74.3,1.04));
#5063 = DIRECTION('',(-0.,0.,-1.));
#5064 = DIRECTION('',(-0.,-1.,0.));
#5065 = FACE_BOUND('',#5066,.T.);
#5066 = EDGE_LOOP('',(#5067));
#5067 = ORIENTED_EDGE('',*,*,#5068,.T.);
#5068 = EDGE_CURVE('',#5069,#5069,#5071,.T.);
#5069 = VERTEX_POINT('',#5070);
#5070 = CARTESIAN_POINT('',(196.5,-78.360156,1.04));
#5071 = CIRCLE('',#5072,1.75);
#5072 = AXIS2_PLACEMENT_3D('',#5073,#5074,#5075);
#5073 = CARTESIAN_POINT('',(196.5,-76.610156,1.04));
#5074 = DIRECTION('',(-0.,0.,-1.));
#5075 = DIRECTION('',(-0.,-1.,0.));
#5076 = FACE_BOUND('',#5077,.T.);
#5077 = EDGE_LOOP('',(#5078));
#5078 = ORIENTED_EDGE('',*,*,#5079,.T.);
#5079 = EDGE_CURVE('',#5080,#5080,#5082,.T.);
#5080 = VERTEX_POINT('',#5081);
#5081 = CARTESIAN_POINT('',(184.05,-75.,1.04));
#5082 = CIRCLE('',#5083,0.7);
#5083 = AXIS2_PLACEMENT_3D('',#5084,#5085,#5086);
#5084 = CARTESIAN_POINT('',(184.05,-74.3,1.04));
#5085 = DIRECTION('',(-0.,0.,-1.));
#5086 = DIRECTION('',(-0.,-1.,0.));
#5087 = FACE_BOUND('',#5088,.T.);
#5088 = EDGE_LOOP('',(#5089));
#5089 = ORIENTED_EDGE('',*,*,#5090,.T.);
#5090 = EDGE_CURVE('',#5091,#5091,#5093,.T.);
#5091 = VERTEX_POINT('',#5092);
#5092 = CARTESIAN_POINT('',(155.6,-60.881981,1.04));
#5093 = CIRCLE('',#5094,1.75);
#5094 = AXIS2_PLACEMENT_3D('',#5095,#5096,#5097);
#5095 = CARTESIAN_POINT('',(155.6,-59.131981,1.04));
#5096 = DIRECTION('',(-0.,0.,-1.));
#5097 = DIRECTION('',(-0.,-1.,0.));
#5098 = FACE_BOUND('',#5099,.T.);
#5099 = EDGE_LOOP('',(#5100));
#5100 = ORIENTED_EDGE('',*,*,#5101,.T.);
#5101 = EDGE_CURVE('',#5102,#5102,#5104,.T.);
#5102 = VERTEX_POINT('',#5103);
#5103 = CARTESIAN_POINT('',(170.1425,-71.5,1.04));
#5104 = CIRCLE('',#5105,0.7);
#5105 = AXIS2_PLACEMENT_3D('',#5106,#5107,#5108);
#5106 = CARTESIAN_POINT('',(170.1425,-70.8,1.04));
#5107 = DIRECTION('',(-0.,0.,-1.));
#5108 = DIRECTION('',(4.060244204343E-14,-1.,-0.));
#5109 = FACE_BOUND('',#5110,.T.);
#5110 = EDGE_LOOP('',(#5111));
#5111 = ORIENTED_EDGE('',*,*,#5112,.T.);
#5112 = EDGE_CURVE('',#5113,#5113,#5115,.T.);
#5113 = VERTEX_POINT('',#5114);
#5114 = CARTESIAN_POINT('',(172.6425,-71.5,1.04));
#5115 = CIRCLE('',#5116,0.7);
#5116 = AXIS2_PLACEMENT_3D('',#5117,#5118,#5119);
#5117 = CARTESIAN_POINT('',(172.6425,-70.8,1.04));
#5118 = DIRECTION('',(-0.,0.,-1.));
#5119 = DIRECTION('',(4.060244204343E-14,-1.,-0.));
#5120 = FACE_BOUND('',#5121,.T.);
#5121 = EDGE_LOOP('',(#5122));
#5122 = ORIENTED_EDGE('',*,*,#5123,.T.);
#5123 = EDGE_CURVE('',#5124,#5124,#5126,.T.);
#5124 = VERTEX_POINT('',#5125);
#5125 = CARTESIAN_POINT('',(171.3925,-69.1,1.04));
#5126 = CIRCLE('',#5127,1.2);
#5127 = AXIS2_PLACEMENT_3D('',#5128,#5129,#5130);
#5128 = CARTESIAN_POINT('',(171.3925,-67.9,1.04));
#5129 = DIRECTION('',(-0.,0.,-1.));
#5130 = DIRECTION('',(2.368475785867E-14,-1.,-0.));
#5131 = FACE_BOUND('',#5132,.T.);
#5132 = EDGE_LOOP('',(#5133));
#5133 = ORIENTED_EDGE('',*,*,#5134,.T.);
#5134 = EDGE_CURVE('',#5135,#5135,#5137,.T.);
#5135 = VERTEX_POINT('',#5136);
#5136 = CARTESIAN_POINT('',(181.55,-71.5,1.04));
#5137 = CIRCLE('',#5138,0.7);
#5138 = AXIS2_PLACEMENT_3D('',#5139,#5140,#5141);
#5139 = CARTESIAN_POINT('',(181.55,-70.8,1.04));
#5140 = DIRECTION('',(-0.,0.,-1.));
#5141 = DIRECTION('',(-0.,-1.,0.));
#5142 = FACE_BOUND('',#5143,.T.);
#5143 = EDGE_LOOP('',(#5144));
#5144 = ORIENTED_EDGE('',*,*,#5145,.T.);
#5145 = EDGE_CURVE('',#5146,#5146,#5148,.T.);
#5146 = VERTEX_POINT('',#5147);
#5147 = CARTESIAN_POINT('',(182.8,-69.1,1.04));
#5148 = CIRCLE('',#5149,1.2);
#5149 = AXIS2_PLACEMENT_3D('',#5150,#5151,#5152);
#5150 = CARTESIAN_POINT('',(182.8,-67.9,1.04));
#5151 = DIRECTION('',(-0.,0.,-1.));
#5152 = DIRECTION('',(-0.,-1.,0.));
#5153 = FACE_BOUND('',#5154,.T.);
#5154 = EDGE_LOOP('',(#5155));
#5155 = ORIENTED_EDGE('',*,*,#5156,.T.);
#5156 = EDGE_CURVE('',#5157,#5157,#5159,.T.);
#5157 = VERTEX_POINT('',#5158);
#5158 = CARTESIAN_POINT('',(170.1425,-65.7,1.04));
#5159 = CIRCLE('',#5160,0.7);
#5160 = AXIS2_PLACEMENT_3D('',#5161,#5162,#5163);
#5161 = CARTESIAN_POINT('',(170.1425,-65.,1.04));
#5162 = DIRECTION('',(-0.,0.,-1.));
#5163 = DIRECTION('',(4.060244204343E-14,-1.,-0.));
#5164 = FACE_BOUND('',#5165,.T.);
#5165 = EDGE_LOOP('',(#5166));
#5166 = ORIENTED_EDGE('',*,*,#5167,.T.);
#5167 = EDGE_CURVE('',#5168,#5168,#5170,.T.);
#5168 = VERTEX_POINT('',#5169);
#5169 = CARTESIAN_POINT('',(172.6425,-65.7,1.04));
#5170 = CIRCLE('',#5171,0.7);
#5171 = AXIS2_PLACEMENT_3D('',#5172,#5173,#5174);
#5172 = CARTESIAN_POINT('',(172.6425,-65.,1.04));
#5173 = DIRECTION('',(-0.,0.,-1.));
#5174 = DIRECTION('',(4.060244204343E-14,-1.,-0.));
#5175 = FACE_BOUND('',#5176,.T.);
#5176 = EDGE_LOOP('',(#5177));
#5177 = ORIENTED_EDGE('',*,*,#5178,.T.);
#5178 = EDGE_CURVE('',#5179,#5179,#5181,.T.);
#5179 = VERTEX_POINT('',#5180);
#5180 = CARTESIAN_POINT('',(181.55,-65.7,1.04));
#5181 = CIRCLE('',#5182,0.7);
#5182 = AXIS2_PLACEMENT_3D('',#5183,#5184,#5185);
#5183 = CARTESIAN_POINT('',(181.55,-65.,1.04));
#5184 = DIRECTION('',(-0.,0.,-1.));
#5185 = DIRECTION('',(-0.,-1.,0.));
#5186 = FACE_BOUND('',#5187,.T.);
#5187 = EDGE_LOOP('',(#5188));
#5188 = ORIENTED_EDGE('',*,*,#5189,.T.);
#5189 = EDGE_CURVE('',#5190,#5190,#5192,.T.);
#5190 = VERTEX_POINT('',#5191);
#5191 = CARTESIAN_POINT('',(184.05,-71.5,1.04));
#5192 = CIRCLE('',#5193,0.7);
#5193 = AXIS2_PLACEMENT_3D('',#5194,#5195,#5196);
#5194 = CARTESIAN_POINT('',(184.05,-70.8,1.04));
#5195 = DIRECTION('',(-0.,0.,-1.));
#5196 = DIRECTION('',(-0.,-1.,0.));
#5197 = FACE_BOUND('',#5198,.T.);
#5198 = EDGE_LOOP('',(#5199));
#5199 = ORIENTED_EDGE('',*,*,#5200,.T.);
#5200 = EDGE_CURVE('',#5201,#5201,#5203,.T.);
#5201 = VERTEX_POINT('',#5202);
#5202 = CARTESIAN_POINT('',(184.05,-65.7,1.04));
#5203 = CIRCLE('',#5204,0.7);
#5204 = AXIS2_PLACEMENT_3D('',#5205,#5206,#5207);
#5205 = CARTESIAN_POINT('',(184.05,-65.,1.04));
#5206 = DIRECTION('',(-0.,0.,-1.));
#5207 = DIRECTION('',(-0.,-1.,0.));
#5208 = FACE_BOUND('',#5209,.T.);
#5209 = EDGE_LOOP('',(#5210));
#5210 = ORIENTED_EDGE('',*,*,#5211,.T.);
#5211 = EDGE_CURVE('',#5212,#5212,#5214,.T.);
#5212 = VERTEX_POINT('',#5213);
#5213 = CARTESIAN_POINT('',(170.1425,-62.2,1.04));
#5214 = CIRCLE('',#5215,0.7);
#5215 = AXIS2_PLACEMENT_3D('',#5216,#5217,#5218);
#5216 = CARTESIAN_POINT('',(170.1425,-61.5,1.04));
#5217 = DIRECTION('',(-0.,0.,-1.));
#5218 = DIRECTION('',(4.060244204343E-14,-1.,-0.));
#5219 = FACE_BOUND('',#5220,.T.);
#5220 = EDGE_LOOP('',(#5221));
#5221 = ORIENTED_EDGE('',*,*,#5222,.T.);
#5222 = EDGE_CURVE('',#5223,#5223,#5225,.T.);
#5223 = VERTEX_POINT('',#5224);
#5224 = CARTESIAN_POINT('',(172.6425,-62.2,1.04));
#5225 = CIRCLE('',#5226,0.7);
#5226 = AXIS2_PLACEMENT_3D('',#5227,#5228,#5229);
#5227 = CARTESIAN_POINT('',(172.6425,-61.5,1.04));
#5228 = DIRECTION('',(-0.,0.,-1.));
#5229 = DIRECTION('',(4.060244204343E-14,-1.,-0.));
#5230 = FACE_BOUND('',#5231,.T.);
#5231 = EDGE_LOOP('',(#5232));
#5232 = ORIENTED_EDGE('',*,*,#5233,.T.);
#5233 = EDGE_CURVE('',#5234,#5234,#5236,.T.);
#5234 = VERTEX_POINT('',#5235);
#5235 = CARTESIAN_POINT('',(181.55,-62.2,1.04));
#5236 = CIRCLE('',#5237,0.7);
#5237 = AXIS2_PLACEMENT_3D('',#5238,#5239,#5240);
#5238 = CARTESIAN_POINT('',(181.55,-61.5,1.04));
#5239 = DIRECTION('',(-0.,0.,-1.));
#5240 = DIRECTION('',(-0.,-1.,0.));
#5241 = FACE_BOUND('',#5242,.T.);
#5242 = EDGE_LOOP('',(#5243));
#5243 = ORIENTED_EDGE('',*,*,#5244,.T.);
#5244 = EDGE_CURVE('',#5245,#5245,#5247,.T.);
#5245 = VERTEX_POINT('',#5246);
#5246 = CARTESIAN_POINT('',(184.05,-62.2,1.04));
#5247 = CIRCLE('',#5248,0.7);
#5248 = AXIS2_PLACEMENT_3D('',#5249,#5250,#5251);
#5249 = CARTESIAN_POINT('',(184.05,-61.5,1.04));
#5250 = DIRECTION('',(-0.,0.,-1.));
#5251 = DIRECTION('',(-0.,-1.,0.));
#5252 = PLANE('',#5253);
#5253 = AXIS2_PLACEMENT_3D('',#5254,#5255,#5256);
#5254 = CARTESIAN_POINT('',(0.,0.,1.04));
#5255 = DIRECTION('',(0.,0.,1.));
#5256 = DIRECTION('',(1.,0.,-0.));
#5257 = ADVANCED_FACE('',(#5258),#5269,.T.);
#5258 = FACE_BOUND('',#5259,.T.);
#5259 = EDGE_LOOP('',(#5260,#5266,#5267,#5268));
#5260 = ORIENTED_EDGE('',*,*,#5261,.T.);
#5261 = EDGE_CURVE('',#3410,#4337,#5262,.T.);
#5262 = LINE('',#5263,#5264);
#5263 = CARTESIAN_POINT('',(87.035029,-56.010661,0.));
#5264 = VECTOR('',#5265,1.);
#5265 = DIRECTION('',(0.,0.,1.));
#5266 = ORIENTED_EDGE('',*,*,#4336,.T.);
#5267 = ORIENTED_EDGE('',*,*,#3343,.F.);
#5268 = ORIENTED_EDGE('',*,*,#3409,.F.);
#5269 = CYLINDRICAL_SURFACE('',#5270,3.000247754252);
#5270 = AXIS2_PLACEMENT_3D('',#5271,#5272,#5273);
#5271 = CARTESIAN_POINT('',(89.156452309611,-58.13222875247,0.));
#5272 = DIRECTION('',(0.,0.,-1.));
#5273 = DIRECTION('',(-0.707082708954,0.707130852599,0.));
#5274 = ADVANCED_FACE('',(#5275),#5286,.T.);
#5275 = FACE_BOUND('',#5276,.T.);
#5276 = EDGE_LOOP('',(#5277,#5278,#5279,#5285));
#5277 = ORIENTED_EDGE('',*,*,#3384,.T.);
#5278 = ORIENTED_EDGE('',*,*,#4575,.T.);
#5279 = ORIENTED_EDGE('',*,*,#5280,.F.);
#5280 = EDGE_CURVE('',#3640,#4567,#5281,.T.);
#5281 = LINE('',#5282,#5283);
#5282 = CARTESIAN_POINT('',(124.6,-69.131981,0.));
#5283 = VECTOR('',#5284,1.);
#5284 = DIRECTION('',(0.,0.,1.));
#5285 = ORIENTED_EDGE('',*,*,#3648,.F.);
#5286 = PLANE('',#5287);
#5287 = AXIS2_PLACEMENT_3D('',#5288,#5289,#5290);
#5288 = CARTESIAN_POINT('',(124.6,-64.876544,0.));
#5289 = DIRECTION('',(1.,0.,-0.));
#5290 = DIRECTION('',(0.,-1.,0.));
#5291 = ADVANCED_FACE('',(#5292),#5303,.T.);
#5292 = FACE_BOUND('',#5293,.T.);
#5293 = EDGE_LOOP('',(#5294,#5300,#5301,#5302));
#5294 = ORIENTED_EDGE('',*,*,#5295,.T.);
#5295 = EDGE_CURVE('',#3419,#4346,#5296,.T.);
#5296 = LINE('',#5297,#5298);
#5297 = CARTESIAN_POINT('',(79.57868,-63.46701,0.));
#5298 = VECTOR('',#5299,1.);
#5299 = DIRECTION('',(0.,0.,1.));
#5300 = ORIENTED_EDGE('',*,*,#4345,.T.);
#5301 = ORIENTED_EDGE('',*,*,#5261,.F.);
#5302 = ORIENTED_EDGE('',*,*,#3418,.F.);
#5303 = PLANE('',#5304);
#5304 = AXIS2_PLACEMENT_3D('',#5305,#5306,#5307);
#5305 = CARTESIAN_POINT('',(79.57868,-63.46701,0.));
#5306 = DIRECTION('',(-0.707106781187,0.707106781187,0.));
#5307 = DIRECTION('',(0.707106781187,0.707106781187,0.));
#5308 = ADVANCED_FACE('',(#5309),#5320,.F.);
#5309 = FACE_BOUND('',#5310,.T.);
#5310 = EDGE_LOOP('',(#5311,#5312,#5313,#5319));
#5311 = ORIENTED_EDGE('',*,*,#5280,.T.);
#5312 = ORIENTED_EDGE('',*,*,#4566,.T.);
#5313 = ORIENTED_EDGE('',*,*,#5314,.F.);
#5314 = EDGE_CURVE('',#3632,#4559,#5315,.T.);
#5315 = LINE('',#5316,#5317);
#5316 = CARTESIAN_POINT('',(154.6,-69.131981,0.));
#5317 = VECTOR('',#5318,1.);
#5318 = DIRECTION('',(0.,0.,1.));
#5319 = ORIENTED_EDGE('',*,*,#3639,.F.);
#5320 = CYLINDRICAL_SURFACE('',#5321,15.);
#5321 = AXIS2_PLACEMENT_3D('',#5322,#5323,#5324);
#5322 = CARTESIAN_POINT('',(139.6,-69.131981,0.));
#5323 = DIRECTION('',(-0.,-0.,-1.));
#5324 = DIRECTION('',(-1.,0.,-0.));
#5325 = ADVANCED_FACE('',(#5326),#5337,.T.);
#5326 = FACE_BOUND('',#5327,.T.);
#5327 = EDGE_LOOP('',(#5328,#5334,#5335,#5336));
#5328 = ORIENTED_EDGE('',*,*,#5329,.T.);
#5329 = EDGE_CURVE('',#3427,#4354,#5330,.T.);
#5330 = LINE('',#5331,#5332);
#5331 = CARTESIAN_POINT('',(78.7,-65.58833,0.));
#5332 = VECTOR('',#5333,1.);
#5333 = DIRECTION('',(0.,0.,1.));
#5334 = ORIENTED_EDGE('',*,*,#4353,.T.);
#5335 = ORIENTED_EDGE('',*,*,#5295,.F.);
#5336 = ORIENTED_EDGE('',*,*,#3426,.F.);
#5337 = CYLINDRICAL_SURFACE('',#5338,2.999860251516);
#5338 = AXIS2_PLACEMENT_3D('',#5339,#5340,#5341);
#5339 = CARTESIAN_POINT('',(81.699860250971,-65.58827280114,0.));
#5340 = DIRECTION('',(0.,0.,-1.));
#5341 = DIRECTION('',(-0.999999999818,-1.906717345036E-05,-0.));
#5342 = ADVANCED_FACE('',(#5343),#5354,.T.);
#5343 = FACE_BOUND('',#5344,.T.);
#5344 = EDGE_LOOP('',(#5345,#5346,#5347,#5353));
#5345 = ORIENTED_EDGE('',*,*,#5314,.T.);
#5346 = ORIENTED_EDGE('',*,*,#4558,.T.);
#5347 = ORIENTED_EDGE('',*,*,#5348,.F.);
#5348 = EDGE_CURVE('',#3623,#4550,#5349,.T.);
#5349 = LINE('',#5350,#5351);
#5350 = CARTESIAN_POINT('',(154.6,-64.876544,0.));
#5351 = VECTOR('',#5352,1.);
#5352 = DIRECTION('',(0.,0.,1.));
#5353 = ORIENTED_EDGE('',*,*,#3631,.F.);
#5354 = PLANE('',#5355);
#5355 = AXIS2_PLACEMENT_3D('',#5356,#5357,#5358);
#5356 = CARTESIAN_POINT('',(154.6,-69.131981,0.));
#5357 = DIRECTION('',(-1.,0.,0.));
#5358 = DIRECTION('',(0.,1.,0.));
#5359 = ADVANCED_FACE('',(#5360),#5371,.T.);
#5360 = FACE_BOUND('',#5361,.T.);
#5361 = EDGE_LOOP('',(#5362,#5368,#5369,#5370));
#5362 = ORIENTED_EDGE('',*,*,#5363,.T.);
#5363 = EDGE_CURVE('',#3436,#4363,#5364,.T.);
#5364 = LINE('',#5365,#5366);
#5365 = CARTESIAN_POINT('',(78.7,-87.631981,0.));
#5366 = VECTOR('',#5367,1.);
#5367 = DIRECTION('',(0.,0.,1.));
#5368 = ORIENTED_EDGE('',*,*,#4362,.T.);
#5369 = ORIENTED_EDGE('',*,*,#5329,.F.);
#5370 = ORIENTED_EDGE('',*,*,#3435,.F.);
#5371 = PLANE('',#5372);
#5372 = AXIS2_PLACEMENT_3D('',#5373,#5374,#5375);
#5373 = CARTESIAN_POINT('',(78.7,-87.631981,0.));
#5374 = DIRECTION('',(-1.,0.,0.));
#5375 = DIRECTION('',(0.,1.,0.));
#5376 = ADVANCED_FACE('',(#5377),#5388,.F.);
#5377 = FACE_BOUND('',#5378,.T.);
#5378 = EDGE_LOOP('',(#5379,#5380,#5381,#5387));
#5379 = ORIENTED_EDGE('',*,*,#5348,.T.);
#5380 = ORIENTED_EDGE('',*,*,#4549,.T.);
#5381 = ORIENTED_EDGE('',*,*,#5382,.F.);
#5382 = EDGE_CURVE('',#3614,#4541,#5383,.T.);
#5383 = LINE('',#5384,#5385);
#5384 = CARTESIAN_POINT('',(153.314286,-62.414588,0.));
#5385 = VECTOR('',#5386,1.);
#5386 = DIRECTION('',(0.,0.,1.));
#5387 = ORIENTED_EDGE('',*,*,#3622,.F.);
#5388 = CYLINDRICAL_SURFACE('',#5389,3.000126965947);
#5389 = AXIS2_PLACEMENT_3D('',#5390,#5391,#5392);
#5390 = CARTESIAN_POINT('',(151.59987303476,-64.87660952639,0.));
#5391 = DIRECTION('',(-0.,-0.,-1.));
#5392 = DIRECTION('',(0.999999999761,2.18412083378E-05,-0.));
#5393 = ADVANCED_FACE('',(#5394),#5405,.T.);
#5394 = FACE_BOUND('',#5395,.T.);
#5395 = EDGE_LOOP('',(#5396,#5402,#5403,#5404));
#5396 = ORIENTED_EDGE('',*,*,#5397,.T.);
#5397 = EDGE_CURVE('',#3444,#4371,#5398,.T.);
#5398 = LINE('',#5399,#5400);
#5399 = CARTESIAN_POINT('',(81.7,-90.631981,0.));
#5400 = VECTOR('',#5401,1.);
#5401 = DIRECTION('',(0.,0.,1.));
#5402 = ORIENTED_EDGE('',*,*,#4370,.T.);
#5403 = ORIENTED_EDGE('',*,*,#5363,.F.);
#5404 = ORIENTED_EDGE('',*,*,#3443,.F.);
#5405 = CYLINDRICAL_SURFACE('',#5406,3.000013122826);
#5406 = AXIS2_PLACEMENT_3D('',#5407,#5408,#5409);
#5407 = CARTESIAN_POINT('',(81.700013122798,-87.6319678772,0.));
#5408 = DIRECTION('',(0.,0.,-1.));
#5409 = DIRECTION('',(-4.374246769409E-06,-0.99999999999,-0.));
#5410 = ADVANCED_FACE('',(#5411),#5422,.T.);
#5411 = FACE_BOUND('',#5412,.T.);
#5412 = EDGE_LOOP('',(#5413,#5414,#5415,#5421));
#5413 = ORIENTED_EDGE('',*,*,#5382,.T.);
#5414 = ORIENTED_EDGE('',*,*,#4540,.T.);
#5415 = ORIENTED_EDGE('',*,*,#5416,.F.);
#5416 = EDGE_CURVE('',#3606,#4533,#5417,.T.);
#5417 = LINE('',#5418,#5419);
#5418 = CARTESIAN_POINT('',(155.6,-55.131981,0.));
#5419 = VECTOR('',#5420,1.);
#5420 = DIRECTION('',(0.,0.,1.));
#5421 = ORIENTED_EDGE('',*,*,#3613,.F.);
#5422 = CYLINDRICAL_SURFACE('',#5423,4.00000904161);
#5423 = AXIS2_PLACEMENT_3D('',#5424,#5425,#5426);
#5424 = CARTESIAN_POINT('',(155.60002941863,-59.1319900415,0.));
#5425 = DIRECTION('',(0.,0.,-1.));
#5426 = DIRECTION('',(-0.571434562986,-0.820647634631,-0.));
#5427 = ADVANCED_FACE('',(#5428),#5439,.T.);
#5428 = FACE_BOUND('',#5429,.T.);
#5429 = EDGE_LOOP('',(#5430,#5436,#5437,#5438));
#5430 = ORIENTED_EDGE('',*,*,#5431,.T.);
#5431 = EDGE_CURVE('',#3453,#4380,#5432,.T.);
#5432 = LINE('',#5433,#5434);
#5433 = CARTESIAN_POINT('',(108.357359,-90.631981,0.));
#5434 = VECTOR('',#5435,1.);
#5435 = DIRECTION('',(0.,0.,1.));
#5436 = ORIENTED_EDGE('',*,*,#4379,.T.);
#5437 = ORIENTED_EDGE('',*,*,#5397,.F.);
#5438 = ORIENTED_EDGE('',*,*,#3452,.F.);
#5439 = PLANE('',#5440);
#5440 = AXIS2_PLACEMENT_3D('',#5441,#5442,#5443);
#5441 = CARTESIAN_POINT('',(108.357359,-90.631981,0.));
#5442 = DIRECTION('',(0.,-1.,0.));
#5443 = DIRECTION('',(-1.,0.,0.));
#5444 = ADVANCED_FACE('',(#5445),#5456,.T.);
#5445 = FACE_BOUND('',#5446,.T.);
#5446 = EDGE_LOOP('',(#5447,#5448,#5449,#5455));
#5447 = ORIENTED_EDGE('',*,*,#5416,.T.);
#5448 = ORIENTED_EDGE('',*,*,#4532,.T.);
#5449 = ORIENTED_EDGE('',*,*,#5450,.F.);
#5450 = EDGE_CURVE('',#3597,#4524,#5451,.T.);
#5451 = LINE('',#5452,#5453);
#5452 = CARTESIAN_POINT('',(190.043651,-55.131981,0.));
#5453 = VECTOR('',#5454,1.);
#5454 = DIRECTION('',(0.,0.,1.));
#5455 = ORIENTED_EDGE('',*,*,#3605,.F.);
#5456 = PLANE('',#5457);
#5457 = AXIS2_PLACEMENT_3D('',#5458,#5459,#5460);
#5458 = CARTESIAN_POINT('',(155.6,-55.131981,0.));
#5459 = DIRECTION('',(0.,1.,0.));
#5460 = DIRECTION('',(1.,0.,0.));
#5461 = ADVANCED_FACE('',(#5462),#5473,.F.);
#5462 = FACE_BOUND('',#5463,.T.);
#5463 = EDGE_LOOP('',(#5464,#5470,#5471,#5472));
#5464 = ORIENTED_EDGE('',*,*,#5465,.T.);
#5465 = EDGE_CURVE('',#3461,#4388,#5466,.T.);
#5466 = LINE('',#5467,#5468);
#5467 = CARTESIAN_POINT('',(110.478679,-91.510661,0.));
#5468 = VECTOR('',#5469,1.);
#5469 = DIRECTION('',(0.,0.,1.));
#5470 = ORIENTED_EDGE('',*,*,#4387,.T.);
#5471 = ORIENTED_EDGE('',*,*,#5431,.F.);
#5472 = ORIENTED_EDGE('',*,*,#3460,.F.);
#5473 = CYLINDRICAL_SURFACE('',#5474,2.999790260754);
#5474 = AXIS2_PLACEMENT_3D('',#5475,#5476,#5477);
#5475 = CARTESIAN_POINT('',(108.35744519028,-93.63177125951,0.));
#5476 = DIRECTION('',(-0.,-0.,-1.));
#5477 = DIRECTION('',(0.707127374027,0.707086187747,-0.));
#5478 = ADVANCED_FACE('',(#5479),#5490,.T.);
#5479 = FACE_BOUND('',#5480,.T.);
#5480 = EDGE_LOOP('',(#5481,#5482,#5483,#5489));
#5481 = ORIENTED_EDGE('',*,*,#5450,.T.);
#5482 = ORIENTED_EDGE('',*,*,#4523,.T.);
#5483 = ORIENTED_EDGE('',*,*,#5484,.F.);
#5484 = EDGE_CURVE('',#3589,#4516,#5485,.T.);
#5485 = LINE('',#5486,#5487);
#5486 = CARTESIAN_POINT('',(192.164971,-56.010661,0.));
#5487 = VECTOR('',#5488,1.);
#5488 = DIRECTION('',(0.,0.,1.));
#5489 = ORIENTED_EDGE('',*,*,#3596,.F.);
#5490 = CYLINDRICAL_SURFACE('',#5491,2.999747339304);
#5491 = AXIS2_PLACEMENT_3D('',#5492,#5493,#5494);
#5492 = CARTESIAN_POINT('',(190.04375496917,-58.1317283375,0.));
#5493 = DIRECTION('',(0.,0.,-1.));
#5494 = DIRECTION('',(-3.465930964941E-05,0.999999999399,0.));
#5495 = ADVANCED_FACE('',(#5496),#5507,.T.);
#5496 = FACE_BOUND('',#5497,.T.);
#5497 = EDGE_LOOP('',(#5498,#5504,#5505,#5506));
#5498 = ORIENTED_EDGE('',*,*,#5499,.T.);
#5499 = EDGE_CURVE('',#3470,#4397,#5500,.T.);
#5500 = LINE('',#5501,#5502);
#5501 = CARTESIAN_POINT('',(118.72132,-99.753301,0.));
#5502 = VECTOR('',#5503,1.);
#5503 = DIRECTION('',(0.,0.,1.));
#5504 = ORIENTED_EDGE('',*,*,#4396,.T.);
#5505 = ORIENTED_EDGE('',*,*,#5465,.F.);
#5506 = ORIENTED_EDGE('',*,*,#3469,.F.);
#5507 = PLANE('',#5508);
#5508 = AXIS2_PLACEMENT_3D('',#5509,#5510,#5511);
#5509 = CARTESIAN_POINT('',(118.72132,-99.753301,0.));
#5510 = DIRECTION('',(-0.707106738293,-0.70710682408,0.));
#5511 = DIRECTION('',(-0.70710682408,0.707106738293,0.));
#5512 = ADVANCED_FACE('',(#5513),#5524,.T.);
#5513 = FACE_BOUND('',#5514,.T.);
#5514 = EDGE_LOOP('',(#5515,#5516,#5517,#5523));
#5515 = ORIENTED_EDGE('',*,*,#5484,.T.);
#5516 = ORIENTED_EDGE('',*,*,#4515,.T.);
#5517 = ORIENTED_EDGE('',*,*,#5518,.F.);
#5518 = EDGE_CURVE('',#3580,#4507,#5519,.T.);
#5519 = LINE('',#5520,#5521);
#5520 = CARTESIAN_POINT('',(199.62132,-63.46701,0.));
#5521 = VECTOR('',#5522,1.);
#5522 = DIRECTION('',(0.,0.,1.));
#5523 = ORIENTED_EDGE('',*,*,#3588,.F.);
#5524 = PLANE('',#5525);
#5525 = AXIS2_PLACEMENT_3D('',#5526,#5527,#5528);
#5526 = CARTESIAN_POINT('',(192.164971,-56.010661,0.));
#5527 = DIRECTION('',(0.707106781187,0.707106781187,-0.));
#5528 = DIRECTION('',(0.707106781187,-0.707106781187,0.));
#5529 = ADVANCED_FACE('',(#5530),#5541,.F.);
#5530 = FACE_BOUND('',#5531,.T.);
#5531 = EDGE_LOOP('',(#5532,#5538,#5539,#5540));
#5532 = ORIENTED_EDGE('',*,*,#5533,.T.);
#5533 = EDGE_CURVE('',#3478,#4405,#5534,.T.);
#5534 = LINE('',#5535,#5536);
#5535 = CARTESIAN_POINT('',(119.6,-101.874622,0.));
#5536 = VECTOR('',#5537,1.);
#5537 = DIRECTION('',(0.,0.,1.));
#5538 = ORIENTED_EDGE('',*,*,#4404,.T.);
#5539 = ORIENTED_EDGE('',*,*,#5499,.F.);
#5540 = ORIENTED_EDGE('',*,*,#3477,.F.);
#5541 = CYLINDRICAL_SURFACE('',#5542,3.000092673543);
#5542 = AXIS2_PLACEMENT_3D('',#5543,#5544,#5545);
#5543 = CARTESIAN_POINT('',(116.59990732669,-101.8746600736,0.));
#5544 = DIRECTION('',(-0.,-0.,-1.));
#5545 = DIRECTION('',(0.999999999919,1.269082825216E-05,-0.));
#5546 = ADVANCED_FACE('',(#5547),#5558,.T.);
#5547 = FACE_BOUND('',#5548,.T.);
#5548 = EDGE_LOOP('',(#5549,#5550,#5551,#5557));
#5549 = ORIENTED_EDGE('',*,*,#5518,.T.);
#5550 = ORIENTED_EDGE('',*,*,#4506,.T.);
#5551 = ORIENTED_EDGE('',*,*,#5552,.F.);
#5552 = EDGE_CURVE('',#3572,#4499,#5553,.T.);
#5553 = LINE('',#5554,#5555);
#5554 = CARTESIAN_POINT('',(200.5,-65.58833,0.));
#5555 = VECTOR('',#5556,1.);
#5556 = DIRECTION('',(0.,0.,1.));
#5557 = ORIENTED_EDGE('',*,*,#3579,.F.);
#5558 = CYLINDRICAL_SURFACE('',#5559,3.000126315967);
#5559 = AXIS2_PLACEMENT_3D('',#5560,#5561,#5562);
#5560 = CARTESIAN_POINT('',(197.4998736845,-65.58838300874,0.));
#5561 = DIRECTION('',(0.,0.,-1.));
#5562 = DIRECTION('',(0.70711899836,0.707094563802,0.));
#5563 = ADVANCED_FACE('',(#5564),#5575,.T.);
#5564 = FACE_BOUND('',#5565,.T.);
#5565 = EDGE_LOOP('',(#5566,#5572,#5573,#5574));
#5566 = ORIENTED_EDGE('',*,*,#5567,.T.);
#5567 = EDGE_CURVE('',#3487,#4414,#5568,.T.);
#5568 = LINE('',#5569,#5570);
#5569 = CARTESIAN_POINT('',(119.6,-112.631981,0.));
#5570 = VECTOR('',#5571,1.);
#5571 = DIRECTION('',(0.,0.,1.));
#5572 = ORIENTED_EDGE('',*,*,#4413,.T.);
#5573 = ORIENTED_EDGE('',*,*,#5533,.F.);
#5574 = ORIENTED_EDGE('',*,*,#3486,.F.);
#5575 = PLANE('',#5576);
#5576 = AXIS2_PLACEMENT_3D('',#5577,#5578,#5579);
#5577 = CARTESIAN_POINT('',(119.6,-112.631981,0.));
#5578 = DIRECTION('',(-1.,0.,0.));
#5579 = DIRECTION('',(0.,1.,0.));
#5580 = ADVANCED_FACE('',(#5581),#5592,.T.);
#5581 = FACE_BOUND('',#5582,.T.);
#5582 = EDGE_LOOP('',(#5583,#5584,#5585,#5591));
#5583 = ORIENTED_EDGE('',*,*,#5552,.T.);
#5584 = ORIENTED_EDGE('',*,*,#4498,.T.);
#5585 = ORIENTED_EDGE('',*,*,#5586,.F.);
#5586 = EDGE_CURVE('',#3563,#4490,#5587,.T.);
#5587 = LINE('',#5588,#5589);
#5588 = CARTESIAN_POINT('',(200.5,-87.631981,0.));
#5589 = VECTOR('',#5590,1.);
#5590 = DIRECTION('',(0.,0.,1.));
#5591 = ORIENTED_EDGE('',*,*,#3571,.F.);
#5592 = PLANE('',#5593);
#5593 = AXIS2_PLACEMENT_3D('',#5594,#5595,#5596);
#5594 = CARTESIAN_POINT('',(200.5,-65.58833,0.));
#5595 = DIRECTION('',(1.,0.,-0.));
#5596 = DIRECTION('',(0.,-1.,0.));
#5597 = ADVANCED_FACE('',(#5598),#5609,.T.);
#5598 = FACE_BOUND('',#5599,.T.);
#5599 = EDGE_LOOP('',(#5600,#5606,#5607,#5608));
#5600 = ORIENTED_EDGE('',*,*,#5601,.T.);
#5601 = EDGE_CURVE('',#3495,#4422,#5602,.T.);
#5602 = LINE('',#5603,#5604);
#5603 = CARTESIAN_POINT('',(122.6,-115.631981,0.));
#5604 = VECTOR('',#5605,1.);
#5605 = DIRECTION('',(0.,0.,1.));
#5606 = ORIENTED_EDGE('',*,*,#4421,.T.);
#5607 = ORIENTED_EDGE('',*,*,#5567,.F.);
#5608 = ORIENTED_EDGE('',*,*,#3494,.F.);
#5609 = CYLINDRICAL_SURFACE('',#5610,3.000013122826);
#5610 = AXIS2_PLACEMENT_3D('',#5611,#5612,#5613);
#5611 = CARTESIAN_POINT('',(122.60001312279,-112.6319678772,0.));
#5612 = DIRECTION('',(0.,0.,-1.));
#5613 = DIRECTION('',(-4.374246774146E-06,-0.99999999999,-0.));
#5614 = ADVANCED_FACE('',(#5615),#5626,.T.);
#5615 = FACE_BOUND('',#5616,.T.);
#5616 = EDGE_LOOP('',(#5617,#5618,#5619,#5625));
#5617 = ORIENTED_EDGE('',*,*,#5586,.T.);
#5618 = ORIENTED_EDGE('',*,*,#4489,.T.);
#5619 = ORIENTED_EDGE('',*,*,#5620,.F.);
#5620 = EDGE_CURVE('',#3555,#4482,#5621,.T.);
#5621 = LINE('',#5622,#5623);
#5622 = CARTESIAN_POINT('',(197.5,-90.631981,0.));
#5623 = VECTOR('',#5624,1.);
#5624 = DIRECTION('',(0.,0.,1.));
#5625 = ORIENTED_EDGE('',*,*,#3562,.F.);
#5626 = CYLINDRICAL_SURFACE('',#5627,2.999967031462);
#5627 = AXIS2_PLACEMENT_3D('',#5628,#5629,#5630);
#5628 = CARTESIAN_POINT('',(197.50003296872,-87.63201396872,0.));
#5629 = DIRECTION('',(0.,0.,-1.));
#5630 = DIRECTION('',(0.99999999994,1.098969395055E-05,0.));
#5631 = ADVANCED_FACE('',(#5632),#5643,.T.);
#5632 = FACE_BOUND('',#5633,.T.);
#5633 = EDGE_LOOP('',(#5634,#5640,#5641,#5642));
#5634 = ORIENTED_EDGE('',*,*,#5635,.T.);
#5635 = EDGE_CURVE('',#3504,#4431,#5636,.T.);
#5636 = LINE('',#5637,#5638);
#5637 = CARTESIAN_POINT('',(156.6,-115.631981,0.));
#5638 = VECTOR('',#5639,1.);
#5639 = DIRECTION('',(0.,0.,1.));
#5640 = ORIENTED_EDGE('',*,*,#4430,.T.);
#5641 = ORIENTED_EDGE('',*,*,#5601,.F.);
#5642 = ORIENTED_EDGE('',*,*,#3503,.F.);
#5643 = PLANE('',#5644);
#5644 = AXIS2_PLACEMENT_3D('',#5645,#5646,#5647);
#5645 = CARTESIAN_POINT('',(156.6,-115.631981,0.));
#5646 = DIRECTION('',(0.,-1.,0.));
#5647 = DIRECTION('',(-1.,0.,0.));
#5648 = ADVANCED_FACE('',(#5649),#5660,.T.);
#5649 = FACE_BOUND('',#5650,.T.);
#5650 = EDGE_LOOP('',(#5651,#5652,#5653,#5659));
#5651 = ORIENTED_EDGE('',*,*,#5620,.T.);
#5652 = ORIENTED_EDGE('',*,*,#4481,.T.);
#5653 = ORIENTED_EDGE('',*,*,#5654,.F.);
#5654 = EDGE_CURVE('',#3546,#4473,#5655,.T.);
#5655 = LINE('',#5656,#5657);
#5656 = CARTESIAN_POINT('',(170.842641,-90.631981,0.));
#5657 = VECTOR('',#5658,1.);
#5658 = DIRECTION('',(0.,0.,1.));
#5659 = ORIENTED_EDGE('',*,*,#3554,.F.);
#5660 = PLANE('',#5661);
#5661 = AXIS2_PLACEMENT_3D('',#5662,#5663,#5664);
#5662 = CARTESIAN_POINT('',(197.5,-90.631981,0.));
#5663 = DIRECTION('',(0.,-1.,0.));
#5664 = DIRECTION('',(-1.,0.,0.));
#5665 = ADVANCED_FACE('',(#5666),#5677,.T.);
#5666 = FACE_BOUND('',#5667,.T.);
#5667 = EDGE_LOOP('',(#5668,#5674,#5675,#5676));
#5668 = ORIENTED_EDGE('',*,*,#5669,.T.);
#5669 = EDGE_CURVE('',#3512,#4439,#5670,.T.);
#5670 = LINE('',#5671,#5672);
#5671 = CARTESIAN_POINT('',(159.6,-112.631981,0.));
#5672 = VECTOR('',#5673,1.);
#5673 = DIRECTION('',(0.,0.,1.));
#5674 = ORIENTED_EDGE('',*,*,#4438,.T.);
#5675 = ORIENTED_EDGE('',*,*,#5635,.F.);
#5676 = ORIENTED_EDGE('',*,*,#3511,.F.);
#5677 = CYLINDRICAL_SURFACE('',#5678,2.999967031462);
#5678 = AXIS2_PLACEMENT_3D('',#5679,#5680,#5681);
#5679 = CARTESIAN_POINT('',(156.60003296872,-112.6320139687,0.));
#5680 = DIRECTION('',(0.,0.,-1.));
#5681 = DIRECTION('',(0.99999999994,1.098969395055E-05,0.));
#5682 = ADVANCED_FACE('',(#5683),#5694,.F.);
#5683 = FACE_BOUND('',#5684,.T.);
#5684 = EDGE_LOOP('',(#5685,#5686,#5687,#5693));
#5685 = ORIENTED_EDGE('',*,*,#5654,.T.);
#5686 = ORIENTED_EDGE('',*,*,#4472,.T.);
#5687 = ORIENTED_EDGE('',*,*,#5688,.F.);
#5688 = EDGE_CURVE('',#3538,#4465,#5689,.T.);
#5689 = LINE('',#5690,#5691);
#5690 = CARTESIAN_POINT('',(168.72132,-91.510661,0.));
#5691 = VECTOR('',#5692,1.);
#5692 = DIRECTION('',(0.,0.,1.));
#5693 = ORIENTED_EDGE('',*,*,#3545,.F.);
#5694 = CYLINDRICAL_SURFACE('',#5695,3.000214108658);
#5695 = AXIS2_PLACEMENT_3D('',#5696,#5697,#5698);
#5696 = CARTESIAN_POINT('',(170.84272937329,-93.63219510735,0.));
#5697 = DIRECTION('',(-0.,-0.,-1.));
#5698 = DIRECTION('',(-2.94556635962E-05,0.999999999566,0.));
#5699 = ADVANCED_FACE('',(#5700),#5711,.T.);
#5700 = FACE_BOUND('',#5701,.T.);
#5701 = EDGE_LOOP('',(#5702,#5708,#5709,#5710));
#5702 = ORIENTED_EDGE('',*,*,#5703,.T.);
#5703 = EDGE_CURVE('',#3521,#4448,#5704,.T.);
#5704 = LINE('',#5705,#5706);
#5705 = CARTESIAN_POINT('',(159.6,-101.874622,0.));
#5706 = VECTOR('',#5707,1.);
#5707 = DIRECTION('',(0.,0.,1.));
#5708 = ORIENTED_EDGE('',*,*,#4447,.T.);
#5709 = ORIENTED_EDGE('',*,*,#5669,.F.);
#5710 = ORIENTED_EDGE('',*,*,#3520,.F.);
#5711 = PLANE('',#5712);
#5712 = AXIS2_PLACEMENT_3D('',#5713,#5714,#5715);
#5713 = CARTESIAN_POINT('',(159.6,-101.874622,0.));
#5714 = DIRECTION('',(1.,0.,-0.));
#5715 = DIRECTION('',(0.,-1.,0.));
#5716 = ADVANCED_FACE('',(#5717),#5728,.T.);
#5717 = FACE_BOUND('',#5718,.T.);
#5718 = EDGE_LOOP('',(#5719,#5720,#5721,#5727));
#5719 = ORIENTED_EDGE('',*,*,#5688,.T.);
#5720 = ORIENTED_EDGE('',*,*,#4464,.T.);
#5721 = ORIENTED_EDGE('',*,*,#5722,.F.);
#5722 = EDGE_CURVE('',#3529,#4456,#5723,.T.);
#5723 = LINE('',#5724,#5725);
#5724 = CARTESIAN_POINT('',(160.47868,-99.753302,0.));
#5725 = VECTOR('',#5726,1.);
#5726 = DIRECTION('',(0.,0.,1.));
#5727 = ORIENTED_EDGE('',*,*,#3537,.F.);
#5728 = PLANE('',#5729);
#5729 = AXIS2_PLACEMENT_3D('',#5730,#5731,#5732);
#5730 = CARTESIAN_POINT('',(168.72132,-91.510661,0.));
#5731 = DIRECTION('',(0.70710682408,-0.707106738293,0.));
#5732 = DIRECTION('',(-0.707106738293,-0.70710682408,0.));
#5733 = ADVANCED_FACE('',(#5734),#5740,.F.);
#5734 = FACE_BOUND('',#5735,.T.);
#5735 = EDGE_LOOP('',(#5736,#5737,#5738,#5739));
#5736 = ORIENTED_EDGE('',*,*,#5722,.T.);
#5737 = ORIENTED_EDGE('',*,*,#4455,.T.);
#5738 = ORIENTED_EDGE('',*,*,#5703,.F.);
#5739 = ORIENTED_EDGE('',*,*,#3528,.F.);
#5740 = CYLINDRICAL_SURFACE('',#5741,2.999891964277);
#5741 = AXIS2_PLACEMENT_3D('',#5742,#5743,#5744);
#5742 = CARTESIAN_POINT('',(162.59989196395,-101.874577937,0.));
#5743 = DIRECTION('',(-0.,-0.,-1.));
#5744 = DIRECTION('',(-0.707096118531,0.707117443681,0.));
#5745 = ADVANCED_FACE('',(#5746),#5757,.F.);
#5746 = FACE_BOUND('',#5747,.T.);
#5747 = EDGE_LOOP('',(#5748,#5749,#5755,#5756));
#5748 = ORIENTED_EDGE('',*,*,#3657,.T.);
#5749 = ORIENTED_EDGE('',*,*,#5750,.T.);
#5750 = EDGE_CURVE('',#3658,#4585,#5751,.T.);
#5751 = LINE('',#5752,#5753);
#5752 = CARTESIAN_POINT('',(123.6,-113.381981,-8.1E-02));
#5753 = VECTOR('',#5754,1.);
#5754 = DIRECTION('',(0.,0.,1.));
#5755 = ORIENTED_EDGE('',*,*,#4584,.F.);
#5756 = ORIENTED_EDGE('',*,*,#5750,.F.);
#5757 = CYLINDRICAL_SURFACE('',#5758,1.75);
#5758 = AXIS2_PLACEMENT_3D('',#5759,#5760,#5761);
#5759 = CARTESIAN_POINT('',(123.6,-111.631981,-8.1E-02));
#5760 = DIRECTION('',(-0.,-0.,-1.));
#5761 = DIRECTION('',(-0.,-1.,0.));
#5762 = ADVANCED_FACE('',(#5763),#5774,.F.);
#5763 = FACE_BOUND('',#5764,.T.);
#5764 = EDGE_LOOP('',(#5765,#5766,#5772,#5773));
#5765 = ORIENTED_EDGE('',*,*,#3668,.T.);
#5766 = ORIENTED_EDGE('',*,*,#5767,.T.);
#5767 = EDGE_CURVE('',#3669,#4596,#5768,.T.);
#5768 = LINE('',#5769,#5770);
#5769 = CARTESIAN_POINT('',(155.6,-113.381981,-8.1E-02));
#5770 = VECTOR('',#5771,1.);
#5771 = DIRECTION('',(0.,0.,1.));
#5772 = ORIENTED_EDGE('',*,*,#4595,.F.);
#5773 = ORIENTED_EDGE('',*,*,#5767,.F.);
#5774 = CYLINDRICAL_SURFACE('',#5775,1.75);
#5775 = AXIS2_PLACEMENT_3D('',#5776,#5777,#5778);
#5776 = CARTESIAN_POINT('',(155.6,-111.631981,-8.1E-02));
#5777 = DIRECTION('',(-0.,-0.,-1.));
#5778 = DIRECTION('',(-0.,-1.,0.));
#5779 = ADVANCED_FACE('',(#5780),#5791,.F.);
#5780 = FACE_BOUND('',#5781,.T.);
#5781 = EDGE_LOOP('',(#5782,#5783,#5789,#5790));
#5782 = ORIENTED_EDGE('',*,*,#3679,.T.);
#5783 = ORIENTED_EDGE('',*,*,#5784,.T.);
#5784 = EDGE_CURVE('',#3680,#4607,#5785,.T.);
#5785 = LINE('',#5786,#5787);
#5786 = CARTESIAN_POINT('',(92.486981,-85.6,-8.1E-02));
#5787 = VECTOR('',#5788,1.);
#5788 = DIRECTION('',(0.,0.,1.));
#5789 = ORIENTED_EDGE('',*,*,#4606,.F.);
#5790 = ORIENTED_EDGE('',*,*,#5784,.F.);
#5791 = CYLINDRICAL_SURFACE('',#5792,0.85);
#5792 = AXIS2_PLACEMENT_3D('',#5793,#5794,#5795);
#5793 = CARTESIAN_POINT('',(92.486981,-84.75,-8.1E-02));
#5794 = DIRECTION('',(-0.,-0.,-1.));
#5795 = DIRECTION('',(-0.,-1.,0.));
#5796 = ADVANCED_FACE('',(#5797),#5808,.F.);
#5797 = FACE_BOUND('',#5798,.T.);
#5798 = EDGE_LOOP('',(#5799,#5800,#5806,#5807));
#5799 = ORIENTED_EDGE('',*,*,#3690,.T.);
#5800 = ORIENTED_EDGE('',*,*,#5801,.T.);
#5801 = EDGE_CURVE('',#3691,#4618,#5802,.T.);
#5802 = LINE('',#5803,#5804);
#5803 = CARTESIAN_POINT('',(96.446981,-85.6,-8.1E-02));
#5804 = VECTOR('',#5805,1.);
#5805 = DIRECTION('',(0.,0.,1.));
#5806 = ORIENTED_EDGE('',*,*,#4617,.F.);
#5807 = ORIENTED_EDGE('',*,*,#5801,.F.);
#5808 = CYLINDRICAL_SURFACE('',#5809,0.85);
#5809 = AXIS2_PLACEMENT_3D('',#5810,#5811,#5812);
#5810 = CARTESIAN_POINT('',(96.446981,-84.75,-8.1E-02));
#5811 = DIRECTION('',(-0.,-0.,-1.));
#5812 = DIRECTION('',(-0.,-1.,0.));
#5813 = ADVANCED_FACE('',(#5814),#5825,.F.);
#5814 = FACE_BOUND('',#5815,.T.);
#5815 = EDGE_LOOP('',(#5816,#5817,#5823,#5824));
#5816 = ORIENTED_EDGE('',*,*,#3701,.T.);
#5817 = ORIENTED_EDGE('',*,*,#5818,.T.);
#5818 = EDGE_CURVE('',#3702,#4629,#5819,.T.);
#5819 = LINE('',#5820,#5821);
#5820 = CARTESIAN_POINT('',(102.115731,-85.6,-8.1E-02));
#5821 = VECTOR('',#5822,1.);
#5822 = DIRECTION('',(0.,0.,1.));
#5823 = ORIENTED_EDGE('',*,*,#4628,.F.);
#5824 = ORIENTED_EDGE('',*,*,#5818,.F.);
#5825 = CYLINDRICAL_SURFACE('',#5826,0.85);
#5826 = AXIS2_PLACEMENT_3D('',#5827,#5828,#5829);
#5827 = CARTESIAN_POINT('',(102.115731,-84.75,-8.1E-02));
#5828 = DIRECTION('',(-0.,-0.,-1.));
#5829 = DIRECTION('',(-1.671865260612E-14,-1.,0.));
#5830 = ADVANCED_FACE('',(#5831),#5842,.F.);
#5831 = FACE_BOUND('',#5832,.T.);
#5832 = EDGE_LOOP('',(#5833,#5834,#5840,#5841));
#5833 = ORIENTED_EDGE('',*,*,#3712,.T.);
#5834 = ORIENTED_EDGE('',*,*,#5835,.T.);
#5835 = EDGE_CURVE('',#3713,#4640,#5836,.T.);
#5836 = LINE('',#5837,#5838);
#5837 = CARTESIAN_POINT('',(106.075731,-85.6,-8.1E-02));
#5838 = VECTOR('',#5839,1.);
#5839 = DIRECTION('',(0.,0.,1.));
#5840 = ORIENTED_EDGE('',*,*,#4639,.F.);
#5841 = ORIENTED_EDGE('',*,*,#5835,.F.);
#5842 = CYLINDRICAL_SURFACE('',#5843,0.85);
#5843 = AXIS2_PLACEMENT_3D('',#5844,#5845,#5846);
#5844 = CARTESIAN_POINT('',(106.075731,-84.75,-8.1E-02));
#5845 = DIRECTION('',(-0.,0.,-1.));
#5846 = DIRECTION('',(1.671865260612E-14,-1.,-0.));
#5847 = ADVANCED_FACE('',(#5848),#5859,.F.);
#5848 = FACE_BOUND('',#5849,.T.);
#5849 = EDGE_LOOP('',(#5850,#5851,#5857,#5858));
#5850 = ORIENTED_EDGE('',*,*,#3723,.T.);
#5851 = ORIENTED_EDGE('',*,*,#5852,.T.);
#5852 = EDGE_CURVE('',#3724,#4651,#5853,.T.);
#5853 = LINE('',#5854,#5855);
#5854 = CARTESIAN_POINT('',(82.7,-78.360156,-8.1E-02));
#5855 = VECTOR('',#5856,1.);
#5856 = DIRECTION('',(0.,0.,1.));
#5857 = ORIENTED_EDGE('',*,*,#4650,.F.);
#5858 = ORIENTED_EDGE('',*,*,#5852,.F.);
#5859 = CYLINDRICAL_SURFACE('',#5860,1.75);
#5860 = AXIS2_PLACEMENT_3D('',#5861,#5862,#5863);
#5861 = CARTESIAN_POINT('',(82.7,-76.610156,-8.1E-02));
#5862 = DIRECTION('',(-0.,-0.,-1.));
#5863 = DIRECTION('',(-0.,-1.,0.));
#5864 = ADVANCED_FACE('',(#5865),#5876,.F.);
#5865 = FACE_BOUND('',#5866,.T.);
#5866 = EDGE_LOOP('',(#5867,#5868,#5874,#5875));
#5867 = ORIENTED_EDGE('',*,*,#3734,.T.);
#5868 = ORIENTED_EDGE('',*,*,#5869,.T.);
#5869 = EDGE_CURVE('',#3735,#4662,#5870,.T.);
#5870 = LINE('',#5871,#5872);
#5871 = CARTESIAN_POINT('',(93.216981,-75.,-8.1E-02));
#5872 = VECTOR('',#5873,1.);
#5873 = DIRECTION('',(0.,0.,1.));
#5874 = ORIENTED_EDGE('',*,*,#4661,.F.);
#5875 = ORIENTED_EDGE('',*,*,#5869,.F.);
#5876 = CYLINDRICAL_SURFACE('',#5877,0.7);
#5877 = AXIS2_PLACEMENT_3D('',#5878,#5879,#5880);
#5878 = CARTESIAN_POINT('',(93.216981,-74.3,-8.1E-02));
#5879 = DIRECTION('',(-0.,-0.,-1.));
#5880 = DIRECTION('',(-0.,-1.,0.));
#5881 = ADVANCED_FACE('',(#5882),#5893,.F.);
#5882 = FACE_BOUND('',#5883,.T.);
#5883 = EDGE_LOOP('',(#5884,#5885,#5891,#5892));
#5884 = ORIENTED_EDGE('',*,*,#3745,.T.);
#5885 = ORIENTED_EDGE('',*,*,#5886,.T.);
#5886 = EDGE_CURVE('',#3746,#4673,#5887,.T.);
#5887 = LINE('',#5888,#5889);
#5888 = CARTESIAN_POINT('',(95.716981,-75.,-8.1E-02));
#5889 = VECTOR('',#5890,1.);
#5890 = DIRECTION('',(0.,0.,1.));
#5891 = ORIENTED_EDGE('',*,*,#4672,.F.);
#5892 = ORIENTED_EDGE('',*,*,#5886,.F.);
#5893 = CYLINDRICAL_SURFACE('',#5894,0.7);
#5894 = AXIS2_PLACEMENT_3D('',#5895,#5896,#5897);
#5895 = CARTESIAN_POINT('',(95.716981,-74.3,-8.1E-02));
#5896 = DIRECTION('',(-0.,-0.,-1.));
#5897 = DIRECTION('',(-0.,-1.,0.));
#5898 = ADVANCED_FACE('',(#5899),#5910,.F.);
#5899 = FACE_BOUND('',#5900,.T.);
#5900 = EDGE_LOOP('',(#5901,#5902,#5908,#5909));
#5901 = ORIENTED_EDGE('',*,*,#3756,.T.);
#5902 = ORIENTED_EDGE('',*,*,#5903,.T.);
#5903 = EDGE_CURVE('',#3757,#4684,#5904,.T.);
#5904 = LINE('',#5905,#5906);
#5905 = CARTESIAN_POINT('',(102.845731,-75.,-8.1E-02));
#5906 = VECTOR('',#5907,1.);
#5907 = DIRECTION('',(0.,0.,1.));
#5908 = ORIENTED_EDGE('',*,*,#4683,.F.);
#5909 = ORIENTED_EDGE('',*,*,#5903,.F.);
#5910 = CYLINDRICAL_SURFACE('',#5911,0.7);
#5911 = AXIS2_PLACEMENT_3D('',#5912,#5913,#5914);
#5912 = CARTESIAN_POINT('',(102.845731,-74.3,-8.1E-02));
#5913 = DIRECTION('',(-0.,-0.,-1.));
#5914 = DIRECTION('',(-0.,-1.,0.));
#5915 = ADVANCED_FACE('',(#5916),#5927,.F.);
#5916 = FACE_BOUND('',#5917,.T.);
#5917 = EDGE_LOOP('',(#5918,#5919,#5925,#5926));
#5918 = ORIENTED_EDGE('',*,*,#3767,.T.);
#5919 = ORIENTED_EDGE('',*,*,#5920,.T.);
#5920 = EDGE_CURVE('',#3768,#4695,#5921,.T.);
#5921 = LINE('',#5922,#5923);
#5922 = CARTESIAN_POINT('',(105.345731,-75.,-8.1E-02));
#5923 = VECTOR('',#5924,1.);
#5924 = DIRECTION('',(0.,0.,1.));
#5925 = ORIENTED_EDGE('',*,*,#4694,.F.);
#5926 = ORIENTED_EDGE('',*,*,#5920,.F.);
#5927 = CYLINDRICAL_SURFACE('',#5928,0.7);
#5928 = AXIS2_PLACEMENT_3D('',#5929,#5930,#5931);
#5929 = CARTESIAN_POINT('',(105.345731,-74.3,-8.1E-02));
#5930 = DIRECTION('',(-0.,-0.,-1.));
#5931 = DIRECTION('',(-0.,-1.,0.));
#5932 = ADVANCED_FACE('',(#5933),#5944,.F.);
#5933 = FACE_BOUND('',#5934,.T.);
#5934 = EDGE_LOOP('',(#5935,#5936,#5942,#5943));
#5935 = ORIENTED_EDGE('',*,*,#3778,.T.);
#5936 = ORIENTED_EDGE('',*,*,#5937,.T.);
#5937 = EDGE_CURVE('',#3779,#4706,#5938,.T.);
#5938 = LINE('',#5939,#5940);
#5939 = CARTESIAN_POINT('',(111.276012,-85.6,-8.1E-02));
#5940 = VECTOR('',#5941,1.);
#5941 = DIRECTION('',(0.,0.,1.));
#5942 = ORIENTED_EDGE('',*,*,#4705,.F.);
#5943 = ORIENTED_EDGE('',*,*,#5937,.F.);
#5944 = CYLINDRICAL_SURFACE('',#5945,0.85);
#5945 = AXIS2_PLACEMENT_3D('',#5946,#5947,#5948);
#5946 = CARTESIAN_POINT('',(111.276012,-84.75,-8.1E-02));
#5947 = DIRECTION('',(-0.,-0.,-1.));
#5948 = DIRECTION('',(-1.671865260612E-14,-1.,0.));
#5949 = ADVANCED_FACE('',(#5950),#5961,.F.);
#5950 = FACE_BOUND('',#5951,.T.);
#5951 = EDGE_LOOP('',(#5952,#5953,#5959,#5960));
#5952 = ORIENTED_EDGE('',*,*,#3789,.T.);
#5953 = ORIENTED_EDGE('',*,*,#5954,.T.);
#5954 = EDGE_CURVE('',#3790,#4717,#5955,.T.);
#5955 = LINE('',#5956,#5957);
#5956 = CARTESIAN_POINT('',(115.236012,-85.6,-8.1E-02));
#5957 = VECTOR('',#5958,1.);
#5958 = DIRECTION('',(0.,0.,1.));
#5959 = ORIENTED_EDGE('',*,*,#4716,.F.);
#5960 = ORIENTED_EDGE('',*,*,#5954,.F.);
#5961 = CYLINDRICAL_SURFACE('',#5962,0.85);
#5962 = AXIS2_PLACEMENT_3D('',#5963,#5964,#5965);
#5963 = CARTESIAN_POINT('',(115.236012,-84.75,-8.1E-02));
#5964 = DIRECTION('',(-0.,0.,-1.));
#5965 = DIRECTION('',(1.671865260612E-14,-1.,-0.));
#5966 = ADVANCED_FACE('',(#5967),#5978,.F.);
#5967 = FACE_BOUND('',#5968,.T.);
#5968 = EDGE_LOOP('',(#5969,#5970,#5976,#5977));
#5969 = ORIENTED_EDGE('',*,*,#3800,.T.);
#5970 = ORIENTED_EDGE('',*,*,#5971,.T.);
#5971 = EDGE_CURVE('',#3801,#4728,#5972,.T.);
#5972 = LINE('',#5973,#5974);
#5973 = CARTESIAN_POINT('',(112.006012,-75.,-8.1E-02));
#5974 = VECTOR('',#5975,1.);
#5975 = DIRECTION('',(0.,0.,1.));
#5976 = ORIENTED_EDGE('',*,*,#4727,.F.);
#5977 = ORIENTED_EDGE('',*,*,#5971,.F.);
#5978 = CYLINDRICAL_SURFACE('',#5979,0.7);
#5979 = AXIS2_PLACEMENT_3D('',#5980,#5981,#5982);
#5980 = CARTESIAN_POINT('',(112.006012,-74.3,-8.1E-02));
#5981 = DIRECTION('',(-0.,-0.,-1.));
#5982 = DIRECTION('',(-0.,-1.,0.));
#5983 = ADVANCED_FACE('',(#5984),#5995,.F.);
#5984 = FACE_BOUND('',#5985,.T.);
#5985 = EDGE_LOOP('',(#5986,#5987,#5993,#5994));
#5986 = ORIENTED_EDGE('',*,*,#3811,.T.);
#5987 = ORIENTED_EDGE('',*,*,#5988,.T.);
#5988 = EDGE_CURVE('',#3812,#4739,#5989,.T.);
#5989 = LINE('',#5990,#5991);
#5990 = CARTESIAN_POINT('',(114.506012,-75.,-8.1E-02));
#5991 = VECTOR('',#5992,1.);
#5992 = DIRECTION('',(0.,0.,1.));
#5993 = ORIENTED_EDGE('',*,*,#4738,.F.);
#5994 = ORIENTED_EDGE('',*,*,#5988,.F.);
#5995 = CYLINDRICAL_SURFACE('',#5996,0.7);
#5996 = AXIS2_PLACEMENT_3D('',#5997,#5998,#5999);
#5997 = CARTESIAN_POINT('',(114.506012,-74.3,-8.1E-02));
#5998 = DIRECTION('',(-0.,-0.,-1.));
#5999 = DIRECTION('',(-0.,-1.,0.));
#6000 = ADVANCED_FACE('',(#6001),#6012,.F.);
#6001 = FACE_BOUND('',#6002,.T.);
#6002 = EDGE_LOOP('',(#6003,#6004,#6010,#6011));
#6003 = ORIENTED_EDGE('',*,*,#3822,.T.);
#6004 = ORIENTED_EDGE('',*,*,#6005,.T.);
#6005 = EDGE_CURVE('',#3823,#4750,#6006,.T.);
#6006 = LINE('',#6007,#6008);
#6007 = CARTESIAN_POINT('',(93.216981,-71.5,-8.1E-02));
#6008 = VECTOR('',#6009,1.);
#6009 = DIRECTION('',(0.,0.,1.));
#6010 = ORIENTED_EDGE('',*,*,#4749,.F.);
#6011 = ORIENTED_EDGE('',*,*,#6005,.F.);
#6012 = CYLINDRICAL_SURFACE('',#6013,0.7);
#6013 = AXIS2_PLACEMENT_3D('',#6014,#6015,#6016);
#6014 = CARTESIAN_POINT('',(93.216981,-70.8,-8.1E-02));
#6015 = DIRECTION('',(-0.,-0.,-1.));
#6016 = DIRECTION('',(-0.,-1.,0.));
#6017 = ADVANCED_FACE('',(#6018),#6029,.F.);
#6018 = FACE_BOUND('',#6019,.T.);
#6019 = EDGE_LOOP('',(#6020,#6021,#6027,#6028));
#6020 = ORIENTED_EDGE('',*,*,#3833,.T.);
#6021 = ORIENTED_EDGE('',*,*,#6022,.T.);
#6022 = EDGE_CURVE('',#3834,#4761,#6023,.T.);
#6023 = LINE('',#6024,#6025);
#6024 = CARTESIAN_POINT('',(94.466981,-69.1,-8.1E-02));
#6025 = VECTOR('',#6026,1.);
#6026 = DIRECTION('',(0.,0.,1.));
#6027 = ORIENTED_EDGE('',*,*,#4760,.F.);
#6028 = ORIENTED_EDGE('',*,*,#6022,.F.);
#6029 = CYLINDRICAL_SURFACE('',#6030,1.2);
#6030 = AXIS2_PLACEMENT_3D('',#6031,#6032,#6033);
#6031 = CARTESIAN_POINT('',(94.466981,-67.9,-8.1E-02));
#6032 = DIRECTION('',(-0.,-0.,-1.));
#6033 = DIRECTION('',(-0.,-1.,0.));
#6034 = ADVANCED_FACE('',(#6035),#6046,.F.);
#6035 = FACE_BOUND('',#6036,.T.);
#6036 = EDGE_LOOP('',(#6037,#6038,#6044,#6045));
#6037 = ORIENTED_EDGE('',*,*,#3844,.T.);
#6038 = ORIENTED_EDGE('',*,*,#6039,.T.);
#6039 = EDGE_CURVE('',#3845,#4772,#6040,.T.);
#6040 = LINE('',#6041,#6042);
#6041 = CARTESIAN_POINT('',(93.216981,-65.7,-8.1E-02));
#6042 = VECTOR('',#6043,1.);
#6043 = DIRECTION('',(0.,0.,1.));
#6044 = ORIENTED_EDGE('',*,*,#4771,.F.);
#6045 = ORIENTED_EDGE('',*,*,#6039,.F.);
#6046 = CYLINDRICAL_SURFACE('',#6047,0.7);
#6047 = AXIS2_PLACEMENT_3D('',#6048,#6049,#6050);
#6048 = CARTESIAN_POINT('',(93.216981,-65.,-8.1E-02));
#6049 = DIRECTION('',(-0.,-0.,-1.));
#6050 = DIRECTION('',(-0.,-1.,0.));
#6051 = ADVANCED_FACE('',(#6052),#6063,.F.);
#6052 = FACE_BOUND('',#6053,.T.);
#6053 = EDGE_LOOP('',(#6054,#6055,#6061,#6062));
#6054 = ORIENTED_EDGE('',*,*,#3855,.T.);
#6055 = ORIENTED_EDGE('',*,*,#6056,.T.);
#6056 = EDGE_CURVE('',#3856,#4783,#6057,.T.);
#6057 = LINE('',#6058,#6059);
#6058 = CARTESIAN_POINT('',(95.716981,-71.5,-8.1E-02));
#6059 = VECTOR('',#6060,1.);
#6060 = DIRECTION('',(0.,0.,1.));
#6061 = ORIENTED_EDGE('',*,*,#4782,.F.);
#6062 = ORIENTED_EDGE('',*,*,#6056,.F.);
#6063 = CYLINDRICAL_SURFACE('',#6064,0.7);
#6064 = AXIS2_PLACEMENT_3D('',#6065,#6066,#6067);
#6065 = CARTESIAN_POINT('',(95.716981,-70.8,-8.1E-02));
#6066 = DIRECTION('',(-0.,-0.,-1.));
#6067 = DIRECTION('',(-0.,-1.,0.));
#6068 = ADVANCED_FACE('',(#6069),#6080,.F.);
#6069 = FACE_BOUND('',#6070,.T.);
#6070 = EDGE_LOOP('',(#6071,#6072,#6078,#6079));
#6071 = ORIENTED_EDGE('',*,*,#3866,.T.);
#6072 = ORIENTED_EDGE('',*,*,#6073,.T.);
#6073 = EDGE_CURVE('',#3867,#4794,#6074,.T.);
#6074 = LINE('',#6075,#6076);
#6075 = CARTESIAN_POINT('',(102.845731,-71.5,-8.1E-02));
#6076 = VECTOR('',#6077,1.);
#6077 = DIRECTION('',(0.,0.,1.));
#6078 = ORIENTED_EDGE('',*,*,#4793,.F.);
#6079 = ORIENTED_EDGE('',*,*,#6073,.F.);
#6080 = CYLINDRICAL_SURFACE('',#6081,0.7);
#6081 = AXIS2_PLACEMENT_3D('',#6082,#6083,#6084);
#6082 = CARTESIAN_POINT('',(102.845731,-70.8,-8.1E-02));
#6083 = DIRECTION('',(-0.,-0.,-1.));
#6084 = DIRECTION('',(-0.,-1.,0.));
#6085 = ADVANCED_FACE('',(#6086),#6097,.F.);
#6086 = FACE_BOUND('',#6087,.T.);
#6087 = EDGE_LOOP('',(#6088,#6089,#6095,#6096));
#6088 = ORIENTED_EDGE('',*,*,#3877,.T.);
#6089 = ORIENTED_EDGE('',*,*,#6090,.T.);
#6090 = EDGE_CURVE('',#3878,#4805,#6091,.T.);
#6091 = LINE('',#6092,#6093);
#6092 = CARTESIAN_POINT('',(105.345731,-71.5,-8.1E-02));
#6093 = VECTOR('',#6094,1.);
#6094 = DIRECTION('',(0.,0.,1.));
#6095 = ORIENTED_EDGE('',*,*,#4804,.F.);
#6096 = ORIENTED_EDGE('',*,*,#6090,.F.);
#6097 = CYLINDRICAL_SURFACE('',#6098,0.7);
#6098 = AXIS2_PLACEMENT_3D('',#6099,#6100,#6101);
#6099 = CARTESIAN_POINT('',(105.345731,-70.8,-8.1E-02));
#6100 = DIRECTION('',(-0.,-0.,-1.));
#6101 = DIRECTION('',(-0.,-1.,0.));
#6102 = ADVANCED_FACE('',(#6103),#6114,.F.);
#6103 = FACE_BOUND('',#6104,.T.);
#6104 = EDGE_LOOP('',(#6105,#6106,#6112,#6113));
#6105 = ORIENTED_EDGE('',*,*,#3888,.T.);
#6106 = ORIENTED_EDGE('',*,*,#6107,.T.);
#6107 = EDGE_CURVE('',#3889,#4816,#6108,.T.);
#6108 = LINE('',#6109,#6110);
#6109 = CARTESIAN_POINT('',(104.095731,-69.1,-8.1E-02));
#6110 = VECTOR('',#6111,1.);
#6111 = DIRECTION('',(0.,0.,1.));
#6112 = ORIENTED_EDGE('',*,*,#4815,.F.);
#6113 = ORIENTED_EDGE('',*,*,#6107,.F.);
#6114 = CYLINDRICAL_SURFACE('',#6115,1.2);
#6115 = AXIS2_PLACEMENT_3D('',#6116,#6117,#6118);
#6116 = CARTESIAN_POINT('',(104.095731,-67.9,-8.1E-02));
#6117 = DIRECTION('',(-0.,-0.,-1.));
#6118 = DIRECTION('',(-0.,-1.,0.));
#6119 = ADVANCED_FACE('',(#6120),#6131,.F.);
#6120 = FACE_BOUND('',#6121,.T.);
#6121 = EDGE_LOOP('',(#6122,#6123,#6129,#6130));
#6122 = ORIENTED_EDGE('',*,*,#3899,.T.);
#6123 = ORIENTED_EDGE('',*,*,#6124,.T.);
#6124 = EDGE_CURVE('',#3900,#4827,#6125,.T.);
#6125 = LINE('',#6126,#6127);
#6126 = CARTESIAN_POINT('',(95.716981,-65.7,-8.1E-02));
#6127 = VECTOR('',#6128,1.);
#6128 = DIRECTION('',(0.,0.,1.));
#6129 = ORIENTED_EDGE('',*,*,#4826,.F.);
#6130 = ORIENTED_EDGE('',*,*,#6124,.F.);
#6131 = CYLINDRICAL_SURFACE('',#6132,0.7);
#6132 = AXIS2_PLACEMENT_3D('',#6133,#6134,#6135);
#6133 = CARTESIAN_POINT('',(95.716981,-65.,-8.1E-02));
#6134 = DIRECTION('',(-0.,-0.,-1.));
#6135 = DIRECTION('',(-0.,-1.,0.));
#6136 = ADVANCED_FACE('',(#6137),#6148,.F.);
#6137 = FACE_BOUND('',#6138,.T.);
#6138 = EDGE_LOOP('',(#6139,#6140,#6146,#6147));
#6139 = ORIENTED_EDGE('',*,*,#3910,.T.);
#6140 = ORIENTED_EDGE('',*,*,#6141,.T.);
#6141 = EDGE_CURVE('',#3911,#4838,#6142,.T.);
#6142 = LINE('',#6143,#6144);
#6143 = CARTESIAN_POINT('',(102.845731,-65.7,-8.1E-02));
#6144 = VECTOR('',#6145,1.);
#6145 = DIRECTION('',(0.,0.,1.));
#6146 = ORIENTED_EDGE('',*,*,#4837,.F.);
#6147 = ORIENTED_EDGE('',*,*,#6141,.F.);
#6148 = CYLINDRICAL_SURFACE('',#6149,0.7);
#6149 = AXIS2_PLACEMENT_3D('',#6150,#6151,#6152);
#6150 = CARTESIAN_POINT('',(102.845731,-65.,-8.1E-02));
#6151 = DIRECTION('',(-0.,-0.,-1.));
#6152 = DIRECTION('',(-0.,-1.,0.));
#6153 = ADVANCED_FACE('',(#6154),#6165,.F.);
#6154 = FACE_BOUND('',#6155,.T.);
#6155 = EDGE_LOOP('',(#6156,#6157,#6163,#6164));
#6156 = ORIENTED_EDGE('',*,*,#3921,.T.);
#6157 = ORIENTED_EDGE('',*,*,#6158,.T.);
#6158 = EDGE_CURVE('',#3922,#4849,#6159,.T.);
#6159 = LINE('',#6160,#6161);
#6160 = CARTESIAN_POINT('',(105.345731,-65.7,-8.1E-02));
#6161 = VECTOR('',#6162,1.);
#6162 = DIRECTION('',(0.,0.,1.));
#6163 = ORIENTED_EDGE('',*,*,#4848,.F.);
#6164 = ORIENTED_EDGE('',*,*,#6158,.F.);
#6165 = CYLINDRICAL_SURFACE('',#6166,0.7);
#6166 = AXIS2_PLACEMENT_3D('',#6167,#6168,#6169);
#6167 = CARTESIAN_POINT('',(105.345731,-65.,-8.1E-02));
#6168 = DIRECTION('',(-0.,-0.,-1.));
#6169 = DIRECTION('',(-0.,-1.,0.));
#6170 = ADVANCED_FACE('',(#6171),#6182,.F.);
#6171 = FACE_BOUND('',#6172,.T.);
#6172 = EDGE_LOOP('',(#6173,#6174,#6180,#6181));
#6173 = ORIENTED_EDGE('',*,*,#3932,.T.);
#6174 = ORIENTED_EDGE('',*,*,#6175,.T.);
#6175 = EDGE_CURVE('',#3933,#4860,#6176,.T.);
#6176 = LINE('',#6177,#6178);
#6177 = CARTESIAN_POINT('',(93.216981,-62.2,-8.1E-02));
#6178 = VECTOR('',#6179,1.);
#6179 = DIRECTION('',(0.,0.,1.));
#6180 = ORIENTED_EDGE('',*,*,#4859,.F.);
#6181 = ORIENTED_EDGE('',*,*,#6175,.F.);
#6182 = CYLINDRICAL_SURFACE('',#6183,0.7);
#6183 = AXIS2_PLACEMENT_3D('',#6184,#6185,#6186);
#6184 = CARTESIAN_POINT('',(93.216981,-61.5,-8.1E-02));
#6185 = DIRECTION('',(-0.,-0.,-1.));
#6186 = DIRECTION('',(-0.,-1.,0.));
#6187 = ADVANCED_FACE('',(#6188),#6199,.F.);
#6188 = FACE_BOUND('',#6189,.T.);
#6189 = EDGE_LOOP('',(#6190,#6191,#6197,#6198));
#6190 = ORIENTED_EDGE('',*,*,#3943,.T.);
#6191 = ORIENTED_EDGE('',*,*,#6192,.T.);
#6192 = EDGE_CURVE('',#3944,#4871,#6193,.T.);
#6193 = LINE('',#6194,#6195);
#6194 = CARTESIAN_POINT('',(95.716981,-62.2,-8.1E-02));
#6195 = VECTOR('',#6196,1.);
#6196 = DIRECTION('',(0.,0.,1.));
#6197 = ORIENTED_EDGE('',*,*,#4870,.F.);
#6198 = ORIENTED_EDGE('',*,*,#6192,.F.);
#6199 = CYLINDRICAL_SURFACE('',#6200,0.7);
#6200 = AXIS2_PLACEMENT_3D('',#6201,#6202,#6203);
#6201 = CARTESIAN_POINT('',(95.716981,-61.5,-8.1E-02));
#6202 = DIRECTION('',(-0.,-0.,-1.));
#6203 = DIRECTION('',(-0.,-1.,0.));
#6204 = ADVANCED_FACE('',(#6205),#6216,.F.);
#6205 = FACE_BOUND('',#6206,.T.);
#6206 = EDGE_LOOP('',(#6207,#6208,#6214,#6215));
#6207 = ORIENTED_EDGE('',*,*,#3954,.T.);
#6208 = ORIENTED_EDGE('',*,*,#6209,.T.);
#6209 = EDGE_CURVE('',#3955,#4882,#6210,.T.);
#6210 = LINE('',#6211,#6212);
#6211 = CARTESIAN_POINT('',(102.845731,-62.2,-8.1E-02));
#6212 = VECTOR('',#6213,1.);
#6213 = DIRECTION('',(0.,0.,1.));
#6214 = ORIENTED_EDGE('',*,*,#4881,.F.);
#6215 = ORIENTED_EDGE('',*,*,#6209,.F.);
#6216 = CYLINDRICAL_SURFACE('',#6217,0.7);
#6217 = AXIS2_PLACEMENT_3D('',#6218,#6219,#6220);
#6218 = CARTESIAN_POINT('',(102.845731,-61.5,-8.1E-02));
#6219 = DIRECTION('',(-0.,-0.,-1.));
#6220 = DIRECTION('',(-0.,-1.,0.));
#6221 = ADVANCED_FACE('',(#6222),#6233,.F.);
#6222 = FACE_BOUND('',#6223,.T.);
#6223 = EDGE_LOOP('',(#6224,#6225,#6231,#6232));
#6224 = ORIENTED_EDGE('',*,*,#3965,.T.);
#6225 = ORIENTED_EDGE('',*,*,#6226,.T.);
#6226 = EDGE_CURVE('',#3966,#4893,#6227,.T.);
#6227 = LINE('',#6228,#6229);
#6228 = CARTESIAN_POINT('',(105.345731,-62.2,-8.1E-02));
#6229 = VECTOR('',#6230,1.);
#6230 = DIRECTION('',(0.,0.,1.));
#6231 = ORIENTED_EDGE('',*,*,#4892,.F.);
#6232 = ORIENTED_EDGE('',*,*,#6226,.F.);
#6233 = CYLINDRICAL_SURFACE('',#6234,0.7);
#6234 = AXIS2_PLACEMENT_3D('',#6235,#6236,#6237);
#6235 = CARTESIAN_POINT('',(105.345731,-61.5,-8.1E-02));
#6236 = DIRECTION('',(-0.,-0.,-1.));
#6237 = DIRECTION('',(-0.,-1.,0.));
#6238 = ADVANCED_FACE('',(#6239),#6250,.F.);
#6239 = FACE_BOUND('',#6240,.T.);
#6240 = EDGE_LOOP('',(#6241,#6242,#6248,#6249));
#6241 = ORIENTED_EDGE('',*,*,#3976,.T.);
#6242 = ORIENTED_EDGE('',*,*,#6243,.T.);
#6243 = EDGE_CURVE('',#3977,#4904,#6244,.T.);
#6244 = LINE('',#6245,#6246);
#6245 = CARTESIAN_POINT('',(112.006012,-71.5,-8.1E-02));
#6246 = VECTOR('',#6247,1.);
#6247 = DIRECTION('',(0.,0.,1.));
#6248 = ORIENTED_EDGE('',*,*,#4903,.F.);
#6249 = ORIENTED_EDGE('',*,*,#6243,.F.);
#6250 = CYLINDRICAL_SURFACE('',#6251,0.7);
#6251 = AXIS2_PLACEMENT_3D('',#6252,#6253,#6254);
#6252 = CARTESIAN_POINT('',(112.006012,-70.8,-8.1E-02));
#6253 = DIRECTION('',(-0.,-0.,-1.));
#6254 = DIRECTION('',(-0.,-1.,0.));
#6255 = ADVANCED_FACE('',(#6256),#6267,.F.);
#6256 = FACE_BOUND('',#6257,.T.);
#6257 = EDGE_LOOP('',(#6258,#6259,#6265,#6266));
#6258 = ORIENTED_EDGE('',*,*,#3987,.T.);
#6259 = ORIENTED_EDGE('',*,*,#6260,.T.);
#6260 = EDGE_CURVE('',#3988,#4915,#6261,.T.);
#6261 = LINE('',#6262,#6263);
#6262 = CARTESIAN_POINT('',(114.506012,-71.5,-8.1E-02));
#6263 = VECTOR('',#6264,1.);
#6264 = DIRECTION('',(0.,0.,1.));
#6265 = ORIENTED_EDGE('',*,*,#4914,.F.);
#6266 = ORIENTED_EDGE('',*,*,#6260,.F.);
#6267 = CYLINDRICAL_SURFACE('',#6268,0.7);
#6268 = AXIS2_PLACEMENT_3D('',#6269,#6270,#6271);
#6269 = CARTESIAN_POINT('',(114.506012,-70.8,-8.1E-02));
#6270 = DIRECTION('',(-0.,-0.,-1.));
#6271 = DIRECTION('',(-0.,-1.,0.));
#6272 = ADVANCED_FACE('',(#6273),#6284,.F.);
#6273 = FACE_BOUND('',#6274,.T.);
#6274 = EDGE_LOOP('',(#6275,#6276,#6282,#6283));
#6275 = ORIENTED_EDGE('',*,*,#3998,.T.);
#6276 = ORIENTED_EDGE('',*,*,#6277,.T.);
#6277 = EDGE_CURVE('',#3999,#4926,#6278,.T.);
#6278 = LINE('',#6279,#6280);
#6279 = CARTESIAN_POINT('',(113.256012,-69.1,-8.1E-02));
#6280 = VECTOR('',#6281,1.);
#6281 = DIRECTION('',(0.,0.,1.));
#6282 = ORIENTED_EDGE('',*,*,#4925,.F.);
#6283 = ORIENTED_EDGE('',*,*,#6277,.F.);
#6284 = CYLINDRICAL_SURFACE('',#6285,1.2);
#6285 = AXIS2_PLACEMENT_3D('',#6286,#6287,#6288);
#6286 = CARTESIAN_POINT('',(113.256012,-67.9,-8.1E-02));
#6287 = DIRECTION('',(-0.,-0.,-1.));
#6288 = DIRECTION('',(-0.,-1.,0.));
#6289 = ADVANCED_FACE('',(#6290),#6301,.F.);
#6290 = FACE_BOUND('',#6291,.T.);
#6291 = EDGE_LOOP('',(#6292,#6293,#6299,#6300));
#6292 = ORIENTED_EDGE('',*,*,#4009,.T.);
#6293 = ORIENTED_EDGE('',*,*,#6294,.T.);
#6294 = EDGE_CURVE('',#4010,#4937,#6295,.T.);
#6295 = LINE('',#6296,#6297);
#6296 = CARTESIAN_POINT('',(112.006012,-65.7,-8.1E-02));
#6297 = VECTOR('',#6298,1.);
#6298 = DIRECTION('',(0.,0.,1.));
#6299 = ORIENTED_EDGE('',*,*,#4936,.F.);
#6300 = ORIENTED_EDGE('',*,*,#6294,.F.);
#6301 = CYLINDRICAL_SURFACE('',#6302,0.7);
#6302 = AXIS2_PLACEMENT_3D('',#6303,#6304,#6305);
#6303 = CARTESIAN_POINT('',(112.006012,-65.,-8.1E-02));
#6304 = DIRECTION('',(-0.,-0.,-1.));
#6305 = DIRECTION('',(-0.,-1.,0.));
#6306 = ADVANCED_FACE('',(#6307),#6318,.F.);
#6307 = FACE_BOUND('',#6308,.T.);
#6308 = EDGE_LOOP('',(#6309,#6310,#6316,#6317));
#6309 = ORIENTED_EDGE('',*,*,#4020,.T.);
#6310 = ORIENTED_EDGE('',*,*,#6311,.T.);
#6311 = EDGE_CURVE('',#4021,#4948,#6312,.T.);
#6312 = LINE('',#6313,#6314);
#6313 = CARTESIAN_POINT('',(114.506012,-65.7,-8.1E-02));
#6314 = VECTOR('',#6315,1.);
#6315 = DIRECTION('',(0.,0.,1.));
#6316 = ORIENTED_EDGE('',*,*,#4947,.F.);
#6317 = ORIENTED_EDGE('',*,*,#6311,.F.);
#6318 = CYLINDRICAL_SURFACE('',#6319,0.7);
#6319 = AXIS2_PLACEMENT_3D('',#6320,#6321,#6322);
#6320 = CARTESIAN_POINT('',(114.506012,-65.,-8.1E-02));
#6321 = DIRECTION('',(-0.,-0.,-1.));
#6322 = DIRECTION('',(-0.,-1.,0.));
#6323 = ADVANCED_FACE('',(#6324),#6335,.F.);
#6324 = FACE_BOUND('',#6325,.T.);
#6325 = EDGE_LOOP('',(#6326,#6327,#6333,#6334));
#6326 = ORIENTED_EDGE('',*,*,#4031,.T.);
#6327 = ORIENTED_EDGE('',*,*,#6328,.T.);
#6328 = EDGE_CURVE('',#4032,#4959,#6329,.T.);
#6329 = LINE('',#6330,#6331);
#6330 = CARTESIAN_POINT('',(112.006012,-62.2,-8.1E-02));
#6331 = VECTOR('',#6332,1.);
#6332 = DIRECTION('',(0.,0.,1.));
#6333 = ORIENTED_EDGE('',*,*,#4958,.F.);
#6334 = ORIENTED_EDGE('',*,*,#6328,.F.);
#6335 = CYLINDRICAL_SURFACE('',#6336,0.7);
#6336 = AXIS2_PLACEMENT_3D('',#6337,#6338,#6339);
#6337 = CARTESIAN_POINT('',(112.006012,-61.5,-8.1E-02));
#6338 = DIRECTION('',(-0.,-0.,-1.));
#6339 = DIRECTION('',(-0.,-1.,0.));
#6340 = ADVANCED_FACE('',(#6341),#6352,.F.);
#6341 = FACE_BOUND('',#6342,.T.);
#6342 = EDGE_LOOP('',(#6343,#6344,#6350,#6351));
#6343 = ORIENTED_EDGE('',*,*,#4042,.T.);
#6344 = ORIENTED_EDGE('',*,*,#6345,.T.);
#6345 = EDGE_CURVE('',#4043,#4970,#6346,.T.);
#6346 = LINE('',#6347,#6348);
#6347 = CARTESIAN_POINT('',(114.506012,-62.2,-8.1E-02));
#6348 = VECTOR('',#6349,1.);
#6349 = DIRECTION('',(0.,0.,1.));
#6350 = ORIENTED_EDGE('',*,*,#4969,.F.);
#6351 = ORIENTED_EDGE('',*,*,#6345,.F.);
#6352 = CYLINDRICAL_SURFACE('',#6353,0.7);
#6353 = AXIS2_PLACEMENT_3D('',#6354,#6355,#6356);
#6354 = CARTESIAN_POINT('',(114.506012,-61.5,-8.1E-02));
#6355 = DIRECTION('',(-0.,-0.,-1.));
#6356 = DIRECTION('',(-0.,-1.,0.));
#6357 = ADVANCED_FACE('',(#6358),#6369,.F.);
#6358 = FACE_BOUND('',#6359,.T.);
#6359 = EDGE_LOOP('',(#6360,#6361,#6367,#6368));
#6360 = ORIENTED_EDGE('',*,*,#4053,.T.);
#6361 = ORIENTED_EDGE('',*,*,#6362,.T.);
#6362 = EDGE_CURVE('',#4054,#4981,#6363,.T.);
#6363 = LINE('',#6364,#6365);
#6364 = CARTESIAN_POINT('',(123.6,-60.881981,-8.1E-02));
#6365 = VECTOR('',#6366,1.);
#6366 = DIRECTION('',(0.,0.,1.));
#6367 = ORIENTED_EDGE('',*,*,#4980,.F.);
#6368 = ORIENTED_EDGE('',*,*,#6362,.F.);
#6369 = CYLINDRICAL_SURFACE('',#6370,1.75);
#6370 = AXIS2_PLACEMENT_3D('',#6371,#6372,#6373);
#6371 = CARTESIAN_POINT('',(123.6,-59.131981,-8.1E-02));
#6372 = DIRECTION('',(-0.,-0.,-1.));
#6373 = DIRECTION('',(-0.,-1.,0.));
#6374 = ADVANCED_FACE('',(#6375),#6386,.F.);
#6375 = FACE_BOUND('',#6376,.T.);
#6376 = EDGE_LOOP('',(#6377,#6378,#6384,#6385));
#6377 = ORIENTED_EDGE('',*,*,#4064,.T.);
#6378 = ORIENTED_EDGE('',*,*,#6379,.T.);
#6379 = EDGE_CURVE('',#4065,#4992,#6380,.T.);
#6380 = LINE('',#6381,#6382);
#6381 = CARTESIAN_POINT('',(169.4125,-85.6,-8.1E-02));
#6382 = VECTOR('',#6383,1.);
#6383 = DIRECTION('',(0.,0.,1.));
#6384 = ORIENTED_EDGE('',*,*,#4991,.F.);
#6385 = ORIENTED_EDGE('',*,*,#6379,.F.);
#6386 = CYLINDRICAL_SURFACE('',#6387,0.85);
#6387 = AXIS2_PLACEMENT_3D('',#6388,#6389,#6390);
#6388 = CARTESIAN_POINT('',(169.4125,-84.75,-8.1E-02));
#6389 = DIRECTION('',(-0.,-0.,-1.));
#6390 = DIRECTION('',(-0.,-1.,0.));
#6391 = ADVANCED_FACE('',(#6392),#6403,.F.);
#6392 = FACE_BOUND('',#6393,.T.);
#6393 = EDGE_LOOP('',(#6394,#6395,#6401,#6402));
#6394 = ORIENTED_EDGE('',*,*,#4075,.T.);
#6395 = ORIENTED_EDGE('',*,*,#6396,.T.);
#6396 = EDGE_CURVE('',#4076,#5003,#6397,.T.);
#6397 = LINE('',#6398,#6399);
#6398 = CARTESIAN_POINT('',(173.3725,-85.6,-8.1E-02));
#6399 = VECTOR('',#6400,1.);
#6400 = DIRECTION('',(0.,0.,1.));
#6401 = ORIENTED_EDGE('',*,*,#5002,.F.);
#6402 = ORIENTED_EDGE('',*,*,#6396,.F.);
#6403 = CYLINDRICAL_SURFACE('',#6404,0.85);
#6404 = AXIS2_PLACEMENT_3D('',#6405,#6406,#6407);
#6405 = CARTESIAN_POINT('',(173.3725,-84.75,-8.1E-02));
#6406 = DIRECTION('',(-0.,-0.,-1.));
#6407 = DIRECTION('',(-0.,-1.,0.));
#6408 = ADVANCED_FACE('',(#6409),#6420,.F.);
#6409 = FACE_BOUND('',#6410,.T.);
#6410 = EDGE_LOOP('',(#6411,#6412,#6418,#6419));
#6411 = ORIENTED_EDGE('',*,*,#4086,.T.);
#6412 = ORIENTED_EDGE('',*,*,#6413,.T.);
#6413 = EDGE_CURVE('',#4087,#5014,#6414,.T.);
#6414 = LINE('',#6415,#6416);
#6415 = CARTESIAN_POINT('',(180.82,-85.6,-8.1E-02));
#6416 = VECTOR('',#6417,1.);
#6417 = DIRECTION('',(0.,0.,1.));
#6418 = ORIENTED_EDGE('',*,*,#5013,.F.);
#6419 = ORIENTED_EDGE('',*,*,#6413,.F.);
#6420 = CYLINDRICAL_SURFACE('',#6421,0.85);
#6421 = AXIS2_PLACEMENT_3D('',#6422,#6423,#6424);
#6422 = CARTESIAN_POINT('',(180.82,-84.75,-8.1E-02));
#6423 = DIRECTION('',(-0.,-0.,-1.));
#6424 = DIRECTION('',(-0.,-1.,0.));
#6425 = ADVANCED_FACE('',(#6426),#6437,.F.);
#6426 = FACE_BOUND('',#6427,.T.);
#6427 = EDGE_LOOP('',(#6428,#6429,#6435,#6436));
#6428 = ORIENTED_EDGE('',*,*,#4097,.T.);
#6429 = ORIENTED_EDGE('',*,*,#6430,.T.);
#6430 = EDGE_CURVE('',#4098,#5025,#6431,.T.);
#6431 = LINE('',#6432,#6433);
#6432 = CARTESIAN_POINT('',(184.78,-85.6,-8.1E-02));
#6433 = VECTOR('',#6434,1.);
#6434 = DIRECTION('',(0.,0.,1.));
#6435 = ORIENTED_EDGE('',*,*,#5024,.F.);
#6436 = ORIENTED_EDGE('',*,*,#6430,.F.);
#6437 = CYLINDRICAL_SURFACE('',#6438,0.85);
#6438 = AXIS2_PLACEMENT_3D('',#6439,#6440,#6441);
#6439 = CARTESIAN_POINT('',(184.78,-84.75,-8.1E-02));
#6440 = DIRECTION('',(-0.,-0.,-1.));
#6441 = DIRECTION('',(-0.,-1.,0.));
#6442 = ADVANCED_FACE('',(#6443),#6454,.F.);
#6443 = FACE_BOUND('',#6444,.T.);
#6444 = EDGE_LOOP('',(#6445,#6446,#6452,#6453));
#6445 = ORIENTED_EDGE('',*,*,#4108,.T.);
#6446 = ORIENTED_EDGE('',*,*,#6447,.T.);
#6447 = EDGE_CURVE('',#4109,#5036,#6448,.T.);
#6448 = LINE('',#6449,#6450);
#6449 = CARTESIAN_POINT('',(170.1425,-75.,-8.1E-02));
#6450 = VECTOR('',#6451,1.);
#6451 = DIRECTION('',(0.,0.,1.));
#6452 = ORIENTED_EDGE('',*,*,#5035,.F.);
#6453 = ORIENTED_EDGE('',*,*,#6447,.F.);
#6454 = CYLINDRICAL_SURFACE('',#6455,0.7);
#6455 = AXIS2_PLACEMENT_3D('',#6456,#6457,#6458);
#6456 = CARTESIAN_POINT('',(170.1425,-74.3,-8.1E-02));
#6457 = DIRECTION('',(-0.,0.,-1.));
#6458 = DIRECTION('',(4.060244204343E-14,-1.,-0.));
#6459 = ADVANCED_FACE('',(#6460),#6471,.F.);
#6460 = FACE_BOUND('',#6461,.T.);
#6461 = EDGE_LOOP('',(#6462,#6463,#6469,#6470));
#6462 = ORIENTED_EDGE('',*,*,#4119,.T.);
#6463 = ORIENTED_EDGE('',*,*,#6464,.T.);
#6464 = EDGE_CURVE('',#4120,#5047,#6465,.T.);
#6465 = LINE('',#6466,#6467);
#6466 = CARTESIAN_POINT('',(172.6425,-75.,-8.1E-02));
#6467 = VECTOR('',#6468,1.);
#6468 = DIRECTION('',(0.,0.,1.));
#6469 = ORIENTED_EDGE('',*,*,#5046,.F.);
#6470 = ORIENTED_EDGE('',*,*,#6464,.F.);
#6471 = CYLINDRICAL_SURFACE('',#6472,0.7);
#6472 = AXIS2_PLACEMENT_3D('',#6473,#6474,#6475);
#6473 = CARTESIAN_POINT('',(172.6425,-74.3,-8.1E-02));
#6474 = DIRECTION('',(-0.,0.,-1.));
#6475 = DIRECTION('',(4.060244204343E-14,-1.,-0.));
#6476 = ADVANCED_FACE('',(#6477),#6488,.F.);
#6477 = FACE_BOUND('',#6478,.T.);
#6478 = EDGE_LOOP('',(#6479,#6480,#6486,#6487));
#6479 = ORIENTED_EDGE('',*,*,#4130,.T.);
#6480 = ORIENTED_EDGE('',*,*,#6481,.T.);
#6481 = EDGE_CURVE('',#4131,#5058,#6482,.T.);
#6482 = LINE('',#6483,#6484);
#6483 = CARTESIAN_POINT('',(181.55,-75.,-8.1E-02));
#6484 = VECTOR('',#6485,1.);
#6485 = DIRECTION('',(0.,0.,1.));
#6486 = ORIENTED_EDGE('',*,*,#5057,.F.);
#6487 = ORIENTED_EDGE('',*,*,#6481,.F.);
#6488 = CYLINDRICAL_SURFACE('',#6489,0.7);
#6489 = AXIS2_PLACEMENT_3D('',#6490,#6491,#6492);
#6490 = CARTESIAN_POINT('',(181.55,-74.3,-8.1E-02));
#6491 = DIRECTION('',(-0.,-0.,-1.));
#6492 = DIRECTION('',(-0.,-1.,0.));
#6493 = ADVANCED_FACE('',(#6494),#6505,.F.);
#6494 = FACE_BOUND('',#6495,.T.);
#6495 = EDGE_LOOP('',(#6496,#6497,#6503,#6504));
#6496 = ORIENTED_EDGE('',*,*,#4141,.T.);
#6497 = ORIENTED_EDGE('',*,*,#6498,.T.);
#6498 = EDGE_CURVE('',#4142,#5069,#6499,.T.);
#6499 = LINE('',#6500,#6501);
#6500 = CARTESIAN_POINT('',(196.5,-78.360156,-8.1E-02));
#6501 = VECTOR('',#6502,1.);
#6502 = DIRECTION('',(0.,0.,1.));
#6503 = ORIENTED_EDGE('',*,*,#5068,.F.);
#6504 = ORIENTED_EDGE('',*,*,#6498,.F.);
#6505 = CYLINDRICAL_SURFACE('',#6506,1.75);
#6506 = AXIS2_PLACEMENT_3D('',#6507,#6508,#6509);
#6507 = CARTESIAN_POINT('',(196.5,-76.610156,-8.1E-02));
#6508 = DIRECTION('',(-0.,-0.,-1.));
#6509 = DIRECTION('',(-0.,-1.,0.));
#6510 = ADVANCED_FACE('',(#6511),#6522,.F.);
#6511 = FACE_BOUND('',#6512,.T.);
#6512 = EDGE_LOOP('',(#6513,#6514,#6520,#6521));
#6513 = ORIENTED_EDGE('',*,*,#4152,.T.);
#6514 = ORIENTED_EDGE('',*,*,#6515,.T.);
#6515 = EDGE_CURVE('',#4153,#5080,#6516,.T.);
#6516 = LINE('',#6517,#6518);
#6517 = CARTESIAN_POINT('',(184.05,-75.,-8.1E-02));
#6518 = VECTOR('',#6519,1.);
#6519 = DIRECTION('',(0.,0.,1.));
#6520 = ORIENTED_EDGE('',*,*,#5079,.F.);
#6521 = ORIENTED_EDGE('',*,*,#6515,.F.);
#6522 = CYLINDRICAL_SURFACE('',#6523,0.7);
#6523 = AXIS2_PLACEMENT_3D('',#6524,#6525,#6526);
#6524 = CARTESIAN_POINT('',(184.05,-74.3,-8.1E-02));
#6525 = DIRECTION('',(-0.,-0.,-1.));
#6526 = DIRECTION('',(-0.,-1.,0.));
#6527 = ADVANCED_FACE('',(#6528),#6539,.F.);
#6528 = FACE_BOUND('',#6529,.T.);
#6529 = EDGE_LOOP('',(#6530,#6531,#6537,#6538));
#6530 = ORIENTED_EDGE('',*,*,#4163,.T.);
#6531 = ORIENTED_EDGE('',*,*,#6532,.T.);
#6532 = EDGE_CURVE('',#4164,#5091,#6533,.T.);
#6533 = LINE('',#6534,#6535);
#6534 = CARTESIAN_POINT('',(155.6,-60.881981,-8.1E-02));
#6535 = VECTOR('',#6536,1.);
#6536 = DIRECTION('',(0.,0.,1.));
#6537 = ORIENTED_EDGE('',*,*,#5090,.F.);
#6538 = ORIENTED_EDGE('',*,*,#6532,.F.);
#6539 = CYLINDRICAL_SURFACE('',#6540,1.75);
#6540 = AXIS2_PLACEMENT_3D('',#6541,#6542,#6543);
#6541 = CARTESIAN_POINT('',(155.6,-59.131981,-8.1E-02));
#6542 = DIRECTION('',(-0.,-0.,-1.));
#6543 = DIRECTION('',(-0.,-1.,0.));
#6544 = ADVANCED_FACE('',(#6545),#6556,.F.);
#6545 = FACE_BOUND('',#6546,.T.);
#6546 = EDGE_LOOP('',(#6547,#6548,#6554,#6555));
#6547 = ORIENTED_EDGE('',*,*,#4174,.T.);
#6548 = ORIENTED_EDGE('',*,*,#6549,.T.);
#6549 = EDGE_CURVE('',#4175,#5102,#6550,.T.);
#6550 = LINE('',#6551,#6552);
#6551 = CARTESIAN_POINT('',(170.1425,-71.5,-8.1E-02));
#6552 = VECTOR('',#6553,1.);
#6553 = DIRECTION('',(0.,0.,1.));
#6554 = ORIENTED_EDGE('',*,*,#5101,.F.);
#6555 = ORIENTED_EDGE('',*,*,#6549,.F.);
#6556 = CYLINDRICAL_SURFACE('',#6557,0.7);
#6557 = AXIS2_PLACEMENT_3D('',#6558,#6559,#6560);
#6558 = CARTESIAN_POINT('',(170.1425,-70.8,-8.1E-02));
#6559 = DIRECTION('',(-0.,0.,-1.));
#6560 = DIRECTION('',(4.060244204343E-14,-1.,-0.));
#6561 = ADVANCED_FACE('',(#6562),#6573,.F.);
#6562 = FACE_BOUND('',#6563,.T.);
#6563 = EDGE_LOOP('',(#6564,#6565,#6571,#6572));
#6564 = ORIENTED_EDGE('',*,*,#4185,.T.);
#6565 = ORIENTED_EDGE('',*,*,#6566,.T.);
#6566 = EDGE_CURVE('',#4186,#5113,#6567,.T.);
#6567 = LINE('',#6568,#6569);
#6568 = CARTESIAN_POINT('',(172.6425,-71.5,-8.1E-02));
#6569 = VECTOR('',#6570,1.);
#6570 = DIRECTION('',(0.,0.,1.));
#6571 = ORIENTED_EDGE('',*,*,#5112,.F.);
#6572 = ORIENTED_EDGE('',*,*,#6566,.F.);
#6573 = CYLINDRICAL_SURFACE('',#6574,0.7);
#6574 = AXIS2_PLACEMENT_3D('',#6575,#6576,#6577);
#6575 = CARTESIAN_POINT('',(172.6425,-70.8,-8.1E-02));
#6576 = DIRECTION('',(-0.,0.,-1.));
#6577 = DIRECTION('',(4.060244204343E-14,-1.,-0.));
#6578 = ADVANCED_FACE('',(#6579),#6590,.F.);
#6579 = FACE_BOUND('',#6580,.T.);
#6580 = EDGE_LOOP('',(#6581,#6582,#6588,#6589));
#6581 = ORIENTED_EDGE('',*,*,#4196,.T.);
#6582 = ORIENTED_EDGE('',*,*,#6583,.T.);
#6583 = EDGE_CURVE('',#4197,#5124,#6584,.T.);
#6584 = LINE('',#6585,#6586);
#6585 = CARTESIAN_POINT('',(171.3925,-69.1,-8.1E-02));
#6586 = VECTOR('',#6587,1.);
#6587 = DIRECTION('',(0.,0.,1.));
#6588 = ORIENTED_EDGE('',*,*,#5123,.F.);
#6589 = ORIENTED_EDGE('',*,*,#6583,.F.);
#6590 = CYLINDRICAL_SURFACE('',#6591,1.2);
#6591 = AXIS2_PLACEMENT_3D('',#6592,#6593,#6594);
#6592 = CARTESIAN_POINT('',(171.3925,-67.9,-8.1E-02));
#6593 = DIRECTION('',(-0.,0.,-1.));
#6594 = DIRECTION('',(2.368475785867E-14,-1.,-0.));
#6595 = ADVANCED_FACE('',(#6596),#6607,.F.);
#6596 = FACE_BOUND('',#6597,.T.);
#6597 = EDGE_LOOP('',(#6598,#6599,#6605,#6606));
#6598 = ORIENTED_EDGE('',*,*,#4207,.T.);
#6599 = ORIENTED_EDGE('',*,*,#6600,.T.);
#6600 = EDGE_CURVE('',#4208,#5135,#6601,.T.);
#6601 = LINE('',#6602,#6603);
#6602 = CARTESIAN_POINT('',(181.55,-71.5,-8.1E-02));
#6603 = VECTOR('',#6604,1.);
#6604 = DIRECTION('',(0.,0.,1.));
#6605 = ORIENTED_EDGE('',*,*,#5134,.F.);
#6606 = ORIENTED_EDGE('',*,*,#6600,.F.);
#6607 = CYLINDRICAL_SURFACE('',#6608,0.7);
#6608 = AXIS2_PLACEMENT_3D('',#6609,#6610,#6611);
#6609 = CARTESIAN_POINT('',(181.55,-70.8,-8.1E-02));
#6610 = DIRECTION('',(-0.,-0.,-1.));
#6611 = DIRECTION('',(-0.,-1.,0.));
#6612 = ADVANCED_FACE('',(#6613),#6624,.F.);
#6613 = FACE_BOUND('',#6614,.T.);
#6614 = EDGE_LOOP('',(#6615,#6616,#6622,#6623));
#6615 = ORIENTED_EDGE('',*,*,#4218,.T.);
#6616 = ORIENTED_EDGE('',*,*,#6617,.T.);
#6617 = EDGE_CURVE('',#4219,#5146,#6618,.T.);
#6618 = LINE('',#6619,#6620);
#6619 = CARTESIAN_POINT('',(182.8,-69.1,-8.1E-02));
#6620 = VECTOR('',#6621,1.);
#6621 = DIRECTION('',(0.,0.,1.));
#6622 = ORIENTED_EDGE('',*,*,#5145,.F.);
#6623 = ORIENTED_EDGE('',*,*,#6617,.F.);
#6624 = CYLINDRICAL_SURFACE('',#6625,1.2);
#6625 = AXIS2_PLACEMENT_3D('',#6626,#6627,#6628);
#6626 = CARTESIAN_POINT('',(182.8,-67.9,-8.1E-02));
#6627 = DIRECTION('',(-0.,-0.,-1.));
#6628 = DIRECTION('',(-0.,-1.,0.));
#6629 = ADVANCED_FACE('',(#6630),#6641,.F.);
#6630 = FACE_BOUND('',#6631,.T.);
#6631 = EDGE_LOOP('',(#6632,#6633,#6639,#6640));
#6632 = ORIENTED_EDGE('',*,*,#4229,.T.);
#6633 = ORIENTED_EDGE('',*,*,#6634,.T.);
#6634 = EDGE_CURVE('',#4230,#5157,#6635,.T.);
#6635 = LINE('',#6636,#6637);
#6636 = CARTESIAN_POINT('',(170.1425,-65.7,-8.1E-02));
#6637 = VECTOR('',#6638,1.);
#6638 = DIRECTION('',(0.,0.,1.));
#6639 = ORIENTED_EDGE('',*,*,#5156,.F.);
#6640 = ORIENTED_EDGE('',*,*,#6634,.F.);
#6641 = CYLINDRICAL_SURFACE('',#6642,0.7);
#6642 = AXIS2_PLACEMENT_3D('',#6643,#6644,#6645);
#6643 = CARTESIAN_POINT('',(170.1425,-65.,-8.1E-02));
#6644 = DIRECTION('',(-0.,0.,-1.));
#6645 = DIRECTION('',(4.060244204343E-14,-1.,-0.));
#6646 = ADVANCED_FACE('',(#6647),#6658,.F.);
#6647 = FACE_BOUND('',#6648,.T.);
#6648 = EDGE_LOOP('',(#6649,#6650,#6656,#6657));
#6649 = ORIENTED_EDGE('',*,*,#4240,.T.);
#6650 = ORIENTED_EDGE('',*,*,#6651,.T.);
#6651 = EDGE_CURVE('',#4241,#5168,#6652,.T.);
#6652 = LINE('',#6653,#6654);
#6653 = CARTESIAN_POINT('',(172.6425,-65.7,-8.1E-02));
#6654 = VECTOR('',#6655,1.);
#6655 = DIRECTION('',(0.,0.,1.));
#6656 = ORIENTED_EDGE('',*,*,#5167,.F.);
#6657 = ORIENTED_EDGE('',*,*,#6651,.F.);
#6658 = CYLINDRICAL_SURFACE('',#6659,0.7);
#6659 = AXIS2_PLACEMENT_3D('',#6660,#6661,#6662);
#6660 = CARTESIAN_POINT('',(172.6425,-65.,-8.1E-02));
#6661 = DIRECTION('',(-0.,0.,-1.));
#6662 = DIRECTION('',(4.060244204343E-14,-1.,-0.));
#6663 = ADVANCED_FACE('',(#6664),#6675,.F.);
#6664 = FACE_BOUND('',#6665,.T.);
#6665 = EDGE_LOOP('',(#6666,#6667,#6673,#6674));
#6666 = ORIENTED_EDGE('',*,*,#4251,.T.);
#6667 = ORIENTED_EDGE('',*,*,#6668,.T.);
#6668 = EDGE_CURVE('',#4252,#5179,#6669,.T.);
#6669 = LINE('',#6670,#6671);
#6670 = CARTESIAN_POINT('',(181.55,-65.7,-8.1E-02));
#6671 = VECTOR('',#6672,1.);
#6672 = DIRECTION('',(0.,0.,1.));
#6673 = ORIENTED_EDGE('',*,*,#5178,.F.);
#6674 = ORIENTED_EDGE('',*,*,#6668,.F.);
#6675 = CYLINDRICAL_SURFACE('',#6676,0.7);
#6676 = AXIS2_PLACEMENT_3D('',#6677,#6678,#6679);
#6677 = CARTESIAN_POINT('',(181.55,-65.,-8.1E-02));
#6678 = DIRECTION('',(-0.,-0.,-1.));
#6679 = DIRECTION('',(-0.,-1.,0.));
#6680 = ADVANCED_FACE('',(#6681),#6692,.F.);
#6681 = FACE_BOUND('',#6682,.T.);
#6682 = EDGE_LOOP('',(#6683,#6684,#6690,#6691));
#6683 = ORIENTED_EDGE('',*,*,#4262,.T.);
#6684 = ORIENTED_EDGE('',*,*,#6685,.T.);
#6685 = EDGE_CURVE('',#4263,#5190,#6686,.T.);
#6686 = LINE('',#6687,#6688);
#6687 = CARTESIAN_POINT('',(184.05,-71.5,-8.1E-02));
#6688 = VECTOR('',#6689,1.);
#6689 = DIRECTION('',(0.,0.,1.));
#6690 = ORIENTED_EDGE('',*,*,#5189,.F.);
#6691 = ORIENTED_EDGE('',*,*,#6685,.F.);
#6692 = CYLINDRICAL_SURFACE('',#6693,0.7);
#6693 = AXIS2_PLACEMENT_3D('',#6694,#6695,#6696);
#6694 = CARTESIAN_POINT('',(184.05,-70.8,-8.1E-02));
#6695 = DIRECTION('',(-0.,-0.,-1.));
#6696 = DIRECTION('',(-0.,-1.,0.));
#6697 = ADVANCED_FACE('',(#6698),#6709,.F.);
#6698 = FACE_BOUND('',#6699,.T.);
#6699 = EDGE_LOOP('',(#6700,#6701,#6707,#6708));
#6700 = ORIENTED_EDGE('',*,*,#4273,.T.);
#6701 = ORIENTED_EDGE('',*,*,#6702,.T.);
#6702 = EDGE_CURVE('',#4274,#5201,#6703,.T.);
#6703 = LINE('',#6704,#6705);
#6704 = CARTESIAN_POINT('',(184.05,-65.7,-8.1E-02));
#6705 = VECTOR('',#6706,1.);
#6706 = DIRECTION('',(0.,0.,1.));
#6707 = ORIENTED_EDGE('',*,*,#5200,.F.);
#6708 = ORIENTED_EDGE('',*,*,#6702,.F.);
#6709 = CYLINDRICAL_SURFACE('',#6710,0.7);
#6710 = AXIS2_PLACEMENT_3D('',#6711,#6712,#6713);
#6711 = CARTESIAN_POINT('',(184.05,-65.,-8.1E-02));
#6712 = DIRECTION('',(-0.,-0.,-1.));
#6713 = DIRECTION('',(-0.,-1.,0.));
#6714 = ADVANCED_FACE('',(#6715),#6726,.F.);
#6715 = FACE_BOUND('',#6716,.T.);
#6716 = EDGE_LOOP('',(#6717,#6718,#6724,#6725));
#6717 = ORIENTED_EDGE('',*,*,#4284,.T.);
#6718 = ORIENTED_EDGE('',*,*,#6719,.T.);
#6719 = EDGE_CURVE('',#4285,#5212,#6720,.T.);
#6720 = LINE('',#6721,#6722);
#6721 = CARTESIAN_POINT('',(170.1425,-62.2,-8.1E-02));
#6722 = VECTOR('',#6723,1.);
#6723 = DIRECTION('',(0.,0.,1.));
#6724 = ORIENTED_EDGE('',*,*,#5211,.F.);
#6725 = ORIENTED_EDGE('',*,*,#6719,.F.);
#6726 = CYLINDRICAL_SURFACE('',#6727,0.7);
#6727 = AXIS2_PLACEMENT_3D('',#6728,#6729,#6730);
#6728 = CARTESIAN_POINT('',(170.1425,-61.5,-8.1E-02));
#6729 = DIRECTION('',(-0.,0.,-1.));
#6730 = DIRECTION('',(4.060244204343E-14,-1.,-0.));
#6731 = ADVANCED_FACE('',(#6732),#6743,.F.);
#6732 = FACE_BOUND('',#6733,.T.);
#6733 = EDGE_LOOP('',(#6734,#6735,#6741,#6742));
#6734 = ORIENTED_EDGE('',*,*,#4295,.T.);
#6735 = ORIENTED_EDGE('',*,*,#6736,.T.);
#6736 = EDGE_CURVE('',#4296,#5223,#6737,.T.);
#6737 = LINE('',#6738,#6739);
#6738 = CARTESIAN_POINT('',(172.6425,-62.2,-8.1E-02));
#6739 = VECTOR('',#6740,1.);
#6740 = DIRECTION('',(0.,0.,1.));
#6741 = ORIENTED_EDGE('',*,*,#5222,.F.);
#6742 = ORIENTED_EDGE('',*,*,#6736,.F.);
#6743 = CYLINDRICAL_SURFACE('',#6744,0.7);
#6744 = AXIS2_PLACEMENT_3D('',#6745,#6746,#6747);
#6745 = CARTESIAN_POINT('',(172.6425,-61.5,-8.1E-02));
#6746 = DIRECTION('',(-0.,0.,-1.));
#6747 = DIRECTION('',(4.060244204343E-14,-1.,-0.));
#6748 = ADVANCED_FACE('',(#6749),#6760,.F.);
#6749 = FACE_BOUND('',#6750,.T.);
#6750 = EDGE_LOOP('',(#6751,#6752,#6758,#6759));
#6751 = ORIENTED_EDGE('',*,*,#4306,.T.);
#6752 = ORIENTED_EDGE('',*,*,#6753,.T.);
#6753 = EDGE_CURVE('',#4307,#5234,#6754,.T.);
#6754 = LINE('',#6755,#6756);
#6755 = CARTESIAN_POINT('',(181.55,-62.2,-8.1E-02));
#6756 = VECTOR('',#6757,1.);
#6757 = DIRECTION('',(0.,0.,1.));
#6758 = ORIENTED_EDGE('',*,*,#5233,.F.);
#6759 = ORIENTED_EDGE('',*,*,#6753,.F.);
#6760 = CYLINDRICAL_SURFACE('',#6761,0.7);
#6761 = AXIS2_PLACEMENT_3D('',#6762,#6763,#6764);
#6762 = CARTESIAN_POINT('',(181.55,-61.5,-8.1E-02));
#6763 = DIRECTION('',(-0.,-0.,-1.));
#6764 = DIRECTION('',(-0.,-1.,0.));
#6765 = ADVANCED_FACE('',(#6766),#6777,.F.);
#6766 = FACE_BOUND('',#6767,.T.);
#6767 = EDGE_LOOP('',(#6768,#6769,#6775,#6776));
#6768 = ORIENTED_EDGE('',*,*,#4317,.T.);
#6769 = ORIENTED_EDGE('',*,*,#6770,.T.);
#6770 = EDGE_CURVE('',#4318,#5245,#6771,.T.);
#6771 = LINE('',#6772,#6773);
#6772 = CARTESIAN_POINT('',(184.05,-62.2,-8.1E-02));
#6773 = VECTOR('',#6774,1.);
#6774 = DIRECTION('',(0.,0.,1.));
#6775 = ORIENTED_EDGE('',*,*,#5244,.F.);
#6776 = ORIENTED_EDGE('',*,*,#6770,.F.);
#6777 = CYLINDRICAL_SURFACE('',#6778,0.7);
#6778 = AXIS2_PLACEMENT_3D('',#6779,#6780,#6781);
#6779 = CARTESIAN_POINT('',(184.05,-61.5,-8.1E-02));
#6780 = DIRECTION('',(-0.,-0.,-1.));
#6781 = DIRECTION('',(-0.,-1.,0.));
#6782 = ( GEOMETRIC_REPRESENTATION_CONTEXT(3)
GLOBAL_UNCERTAINTY_ASSIGNED_CONTEXT((#6786))
GLOBAL_UNIT_ASSIGNED_CONTEXT((#6783,#6784,#6785)) REPRESENTATION_CONTEXT
('Context #1','3D Context with UNIT and UNCERTAINTY') );
#6783 = ( LENGTH_UNIT() NAMED_UNIT(*) SI_UNIT(.MILLI.,.METRE.) );
#6784 = ( NAMED_UNIT(*) PLANE_ANGLE_UNIT() SI_UNIT($,.RADIAN.) );
#6785 = ( NAMED_UNIT(*) SI_UNIT($,.STERADIAN.) SOLID_ANGLE_UNIT() );
#6786 = UNCERTAINTY_MEASURE_WITH_UNIT(LENGTH_MEASURE(1.E-07),#6783,
  'distance_accuracy_value','confusion accuracy');
#6787 = CONTEXT_DEPENDENT_SHAPE_REPRESENTATION(#6788,#6790);
#6788 = ( REPRESENTATION_RELATIONSHIP('','',#3294,#10)
REPRESENTATION_RELATIONSHIP_WITH_TRANSFORMATION(#6789)
SHAPE_REPRESENTATION_RELATIONSHIP() );
#6789 = ITEM_DEFINED_TRANSFORMATION('','',#11,#63);
#6790 = PRODUCT_DEFINITION_SHAPE('Placement','Placement of an item',
  #6791);
#6791 = NEXT_ASSEMBLY_USAGE_OCCURRENCE('15','=>[0:1:1:8]','',#5,#3289,$
  );
#6792 = PRODUCT_RELATED_PRODUCT_CATEGORY('part',$,(#3291));
#6793 = MECHANICAL_DESIGN_GEOMETRIC_PRESENTATION_REPRESENTATION('',(
    #6794),#2031);
#6794 = STYLED_ITEM('color',(#6795),#807);
#6795 = PRESENTATION_STYLE_ASSIGNMENT((#6796));
#6796 = SURFACE_STYLE_USAGE(.BOTH.,#6797);
#6797 = SURFACE_SIDE_STYLE('',(#6798,#6802));
#6798 = SURFACE_STYLE_FILL_AREA(#6799);
#6799 = FILL_AREA_STYLE('',(#6800));
#6800 = FILL_AREA_STYLE_COLOUR('',#6801);
#6801 = COLOUR_RGB('',0.313304153717,0.484529207832,0.410020903123);
#6802 = SURFACE_STYLE_RENDERING_WITH_PROPERTIES(.NORMAL_SHADING.,#6801,(
    #6803));
#6803 = SURFACE_STYLE_TRANSPARENT(0.170000016689);
#6804 = MECHANICAL_DESIGN_GEOMETRIC_PRESENTATION_REPRESENTATION('',(
    #6805),#3276);
#6805 = STYLED_ITEM('color',(#6806),#2052);
#6806 = PRESENTATION_STYLE_ASSIGNMENT((#6807));
#6807 = SURFACE_STYLE_USAGE(.BOTH.,#6808);
#6808 = SURFACE_SIDE_STYLE('',(#6809,#6812));
#6809 = SURFACE_STYLE_FILL_AREA(#6810);
#6810 = FILL_AREA_STYLE('',(#6811));
#6811 = FILL_AREA_STYLE_COLOUR('',#6801);
#6812 = SURFACE_STYLE_RENDERING_WITH_PROPERTIES(.NORMAL_SHADING.,#6801,(
    #6813));
#6813 = SURFACE_STYLE_TRANSPARENT(0.170000016689);
#6814 = MECHANICAL_DESIGN_GEOMETRIC_PRESENTATION_REPRESENTATION('',(
    #6815),#6782);
#6815 = STYLED_ITEM('color',(#6816),#3295);
#6816 = PRESENTATION_STYLE_ASSIGNMENT((#6817));
#6817 = SURFACE_STYLE_USAGE(.BOTH.,#6818);
#6818 = SURFACE_SIDE_STYLE('',(#6819,#6823));
#6819 = SURFACE_STYLE_FILL_AREA(#6820);
#6820 = FILL_AREA_STYLE('',(#6821));
#6821 = FILL_AREA_STYLE_COLOUR('',#6822);
#6822 = COLOUR_RGB('',0.679975718802,0.701410709185,0.574871009914);
#6823 = SURFACE_STYLE_RENDERING_WITH_PROPERTIES(.NORMAL_SHADING.,#6822,(
    #6824));
#6824 = SURFACE_STYLE_TRANSPARENT(1.999998092651E-02);
ENDSEC;
END-ISO-10303-21;
