ISO-10303-21;
HEADER;
FILE_DESCRIPTION(('KiCad electronic assembly'),'2;1');
FILE_NAME('MAIN_POWER_D6_BARE.step','2026-09-27T12:02:28',('Pcbnew'),(
    'Kicad'),'Open CASCADE STEP processor 7.9','KiCad to STEP converter'
  ,'Unknown');
FILE_SCHEMA(('AUTOMOTIVE_DESIGN { 1 0 10303 214 1 1 1 1 }'));
ENDSEC;
DATA;
#1 = APPLICATION_PROTOCOL_DEFINITION('international standard',
  'automotive_design',2000,#2);
#2 = APPLICATION_CONTEXT(
  'core data for automotive mechanical design processes');
#3 = SHAPE_DEFINITION_REPRESENTATION(#4,#10);
#4 = PRODUCT_DEFINITION_SHAPE('','',#5);
#5 = PRODUCT_DEFINITION('design','',#6,#9);
#6 = PRODUCT_DEFINITION_FORMATION('','',#7);
#7 = PRODUCT('MAIN_POWER_D6_BARE 1','MAIN_POWER_D6_BARE 1','',(#8));
#8 = PRODUCT_CONTEXT('',#2,'mechanical');
#9 = PRODUCT_DEFINITION_CONTEXT('part definition',#2,'design');
#10 = SHAPE_REPRESENTATION('',(#11,#15),#19);
#11 = AXIS2_PLACEMENT_3D('',#12,#13,#14);
#12 = CARTESIAN_POINT('',(0.,0.,0.));
#13 = DIRECTION('',(0.,0.,1.));
#14 = DIRECTION('',(1.,0.,-0.));
#15 = AXIS2_PLACEMENT_3D('',#16,#17,#18);
#16 = CARTESIAN_POINT('',(0.,0.,0.));
#17 = DIRECTION('',(0.,0.,1.));
#18 = DIRECTION('',(1.,0.,-0.));
#19 = ( GEOMETRIC_REPRESENTATION_CONTEXT(3) 
GLOBAL_UNCERTAINTY_ASSIGNED_CONTEXT((#23)) GLOBAL_UNIT_ASSIGNED_CONTEXT(
(#20,#21,#22)) REPRESENTATION_CONTEXT('Context #1',
  '3D Context with UNIT and UNCERTAINTY') );
#20 = ( LENGTH_UNIT() NAMED_UNIT(*) SI_UNIT(.MILLI.,.METRE.) );
#21 = ( NAMED_UNIT(*) PLANE_ANGLE_UNIT() SI_UNIT($,.RADIAN.) );
#22 = ( NAMED_UNIT(*) SI_UNIT($,.STERADIAN.) SOLID_ANGLE_UNIT() );
#23 = UNCERTAINTY_MEASURE_WITH_UNIT(LENGTH_MEASURE(1.E-07),#20,
  'distance_accuracy_value','confusion accuracy');
#24 = PRODUCT_RELATED_PRODUCT_CATEGORY('part',$,(#7));
#25 = SHAPE_DEFINITION_REPRESENTATION(#26,#32);
#26 = PRODUCT_DEFINITION_SHAPE('','',#27);
#27 = PRODUCT_DEFINITION('design','',#28,#31);
#28 = PRODUCT_DEFINITION_FORMATION('','',#29);
#29 = PRODUCT('MAIN_POWER_PCB','MAIN_POWER_PCB','',(#30));
#30 = PRODUCT_CONTEXT('',#2,'mechanical');
#31 = PRODUCT_DEFINITION_CONTEXT('part definition',#2,'design');
#32 = ADVANCED_BREP_SHAPE_REPRESENTATION('',(#11,#33),#2780);
#33 = MANIFOLD_SOLID_BREP('',#34);
#34 = CLOSED_SHELL('',(#35,#77,#108,#139,#884,#1629,#1646,#1663,#1680,
    #1697,#1709,#1726,#1743,#1760,#1777,#1794,#1811,#1828,#1845,#1862,
    #1879,#1896,#1913,#1930,#1947,#1964,#1981,#1998,#2015,#2032,#2049,
    #2066,#2083,#2100,#2117,#2134,#2151,#2168,#2185,#2202,#2219,#2236,
    #2253,#2270,#2287,#2304,#2321,#2338,#2355,#2372,#2389,#2406,#2423,
    #2440,#2457,#2474,#2491,#2508,#2525,#2542,#2559,#2576,#2593,#2610,
    #2627,#2644,#2661,#2678,#2695,#2712,#2729,#2746,#2763));
#35 = ADVANCED_FACE('',(#36),#72,.T.);
#36 = FACE_BOUND('',#37,.T.);
#37 = EDGE_LOOP('',(#38,#48,#57,#65));
#38 = ORIENTED_EDGE('',*,*,#39,.T.);
#39 = EDGE_CURVE('',#40,#42,#44,.T.);
#40 = VERTEX_POINT('',#41);
#41 = CARTESIAN_POINT('',(65.,100.263962,0.));
#42 = VERTEX_POINT('',#43);
#43 = CARTESIAN_POINT('',(65.,100.263962,1.04));
#44 = LINE('',#45,#46);
#45 = CARTESIAN_POINT('',(65.,100.263962,0.));
#46 = VECTOR('',#47,1.);
#47 = DIRECTION('',(0.,0.,1.));
#48 = ORIENTED_EDGE('',*,*,#49,.T.);
#49 = EDGE_CURVE('',#42,#50,#52,.T.);
#50 = VERTEX_POINT('',#51);
#51 = CARTESIAN_POINT('',(68.,97.263962,1.04));
#52 = CIRCLE('',#53,3.000001172987);
#53 = AXIS2_PLACEMENT_3D('',#54,#55,#56);
#54 = CARTESIAN_POINT('',(64.999998827013,97.263960827013,1.04));
#55 = DIRECTION('',(0.,0.,-1.));
#56 = DIRECTION('',(3.909953663434E-07,1.,0.));
#57 = ORIENTED_EDGE('',*,*,#58,.F.);
#58 = EDGE_CURVE('',#59,#50,#61,.T.);
#59 = VERTEX_POINT('',#60);
#60 = CARTESIAN_POINT('',(68.,97.263962,0.));
#61 = LINE('',#62,#63);
#62 = CARTESIAN_POINT('',(68.,97.263962,0.));
#63 = VECTOR('',#64,1.);
#64 = DIRECTION('',(0.,0.,1.));
#65 = ORIENTED_EDGE('',*,*,#66,.F.);
#66 = EDGE_CURVE('',#40,#59,#67,.T.);
#67 = CIRCLE('',#68,3.000001172987);
#68 = AXIS2_PLACEMENT_3D('',#69,#70,#71);
#69 = CARTESIAN_POINT('',(64.999998827013,97.263960827013,0.));
#70 = DIRECTION('',(0.,0.,-1.));
#71 = DIRECTION('',(3.909953663434E-07,1.,0.));
#72 = CYLINDRICAL_SURFACE('',#73,3.000001172987);
#73 = AXIS2_PLACEMENT_3D('',#74,#75,#76);
#74 = CARTESIAN_POINT('',(64.999998827013,97.263960827013,0.));
#75 = DIRECTION('',(0.,0.,-1.));
#76 = DIRECTION('',(3.909953663434E-07,1.,0.));
#77 = ADVANCED_FACE('',(#78),#103,.T.);
#78 = FACE_BOUND('',#79,.T.);
#79 = EDGE_LOOP('',(#80,#90,#96,#97));
#80 = ORIENTED_EDGE('',*,*,#81,.T.);
#81 = EDGE_CURVE('',#82,#84,#86,.T.);
#82 = VERTEX_POINT('',#83);
#83 = CARTESIAN_POINT('',(3.,100.263962,0.));
#84 = VERTEX_POINT('',#85);
#85 = CARTESIAN_POINT('',(3.,100.263962,1.04));
#86 = LINE('',#87,#88);
#87 = CARTESIAN_POINT('',(3.,100.263962,0.));
#88 = VECTOR('',#89,1.);
#89 = DIRECTION('',(0.,0.,1.));
#90 = ORIENTED_EDGE('',*,*,#91,.T.);
#91 = EDGE_CURVE('',#84,#42,#92,.T.);
#92 = LINE('',#93,#94);
#93 = CARTESIAN_POINT('',(3.,100.263962,1.04));
#94 = VECTOR('',#95,1.);
#95 = DIRECTION('',(1.,0.,0.));
#96 = ORIENTED_EDGE('',*,*,#39,.F.);
#97 = ORIENTED_EDGE('',*,*,#98,.F.);
#98 = EDGE_CURVE('',#82,#40,#99,.T.);
#99 = LINE('',#100,#101);
#100 = CARTESIAN_POINT('',(3.,100.263962,0.));
#101 = VECTOR('',#102,1.);
#102 = DIRECTION('',(1.,0.,0.));
#103 = PLANE('',#104);
#104 = AXIS2_PLACEMENT_3D('',#105,#106,#107);
#105 = CARTESIAN_POINT('',(3.,100.263962,0.));
#106 = DIRECTION('',(0.,1.,0.));
#107 = DIRECTION('',(1.,0.,0.));
#108 = ADVANCED_FACE('',(#109),#134,.T.);
#109 = FACE_BOUND('',#110,.T.);
#110 = EDGE_LOOP('',(#111,#112,#120,#128));
#111 = ORIENTED_EDGE('',*,*,#58,.T.);
#112 = ORIENTED_EDGE('',*,*,#113,.T.);
#113 = EDGE_CURVE('',#50,#114,#116,.T.);
#114 = VERTEX_POINT('',#115);
#115 = CARTESIAN_POINT('',(68.,3.,1.04));
#116 = LINE('',#117,#118);
#117 = CARTESIAN_POINT('',(68.,97.263962,1.04));
#118 = VECTOR('',#119,1.);
#119 = DIRECTION('',(0.,-1.,0.));
#120 = ORIENTED_EDGE('',*,*,#121,.F.);
#121 = EDGE_CURVE('',#122,#114,#124,.T.);
#122 = VERTEX_POINT('',#123);
#123 = CARTESIAN_POINT('',(68.,3.,0.));
#124 = LINE('',#125,#126);
#125 = CARTESIAN_POINT('',(68.,3.,0.));
#126 = VECTOR('',#127,1.);
#127 = DIRECTION('',(0.,0.,1.));
#128 = ORIENTED_EDGE('',*,*,#129,.F.);
#129 = EDGE_CURVE('',#59,#122,#130,.T.);
#130 = LINE('',#131,#132);
#131 = CARTESIAN_POINT('',(68.,97.263962,0.));
#132 = VECTOR('',#133,1.);
#133 = DIRECTION('',(0.,-1.,0.));
#134 = PLANE('',#135);
#135 = AXIS2_PLACEMENT_3D('',#136,#137,#138);
#136 = CARTESIAN_POINT('',(68.,97.263962,0.));
#137 = DIRECTION('',(1.,0.,-0.));
#138 = DIRECTION('',(0.,-1.,0.));
#139 = ADVANCED_FACE('',(#140,#186,#197,#208,#219,#230,#241,#252,#263,
    #274,#285,#296,#307,#318,#329,#340,#351,#362,#373,#384,#395,#406,
    #417,#428,#439,#450,#461,#472,#483,#494,#505,#516,#527,#538,#549,
    #560,#571,#582,#593,#604,#615,#626,#637,#648,#659,#670,#681,#692,
    #703,#714,#725,#736,#747,#758,#769,#780,#791,#802,#813,#824,#835,
    #846,#857,#868),#879,.F.);
#140 = FACE_BOUND('',#141,.F.);
#141 = EDGE_LOOP('',(#142,#143,#144,#153,#161,#170,#178,#185));
#142 = ORIENTED_EDGE('',*,*,#66,.F.);
#143 = ORIENTED_EDGE('',*,*,#98,.F.);
#144 = ORIENTED_EDGE('',*,*,#145,.F.);
#145 = EDGE_CURVE('',#146,#82,#148,.T.);
#146 = VERTEX_POINT('',#147);
#147 = CARTESIAN_POINT('',(-2.442490654175E-15,97.263962,0.));
#148 = CIRCLE('',#149,3.000001172987);
#149 = AXIS2_PLACEMENT_3D('',#150,#151,#152);
#150 = CARTESIAN_POINT('',(3.000001172987,97.263960827013,0.));
#151 = DIRECTION('',(0.,0.,-1.));
#152 = DIRECTION('',(-1.,3.909953663434E-07,0.));
#153 = ORIENTED_EDGE('',*,*,#154,.F.);
#154 = EDGE_CURVE('',#155,#146,#157,.T.);
#155 = VERTEX_POINT('',#156);
#156 = CARTESIAN_POINT('',(0.,3.,0.));
#157 = LINE('',#158,#159);
#158 = CARTESIAN_POINT('',(0.,3.,0.));
#159 = VECTOR('',#160,1.);
#160 = DIRECTION('',(0.,1.,0.));
#161 = ORIENTED_EDGE('',*,*,#162,.F.);
#162 = EDGE_CURVE('',#163,#155,#165,.T.);
#163 = VERTEX_POINT('',#164);
#164 = CARTESIAN_POINT('',(3.,-2.22044604925E-16,0.));
#165 = CIRCLE('',#166,3.000001172987);
#166 = AXIS2_PLACEMENT_3D('',#167,#168,#169);
#167 = CARTESIAN_POINT('',(3.000001172987,3.000001172987,0.));
#168 = DIRECTION('',(0.,0.,-1.));
#169 = DIRECTION('',(-3.909953624946E-07,-1.,-0.));
#170 = ORIENTED_EDGE('',*,*,#171,.F.);
#171 = EDGE_CURVE('',#172,#163,#174,.T.);
#172 = VERTEX_POINT('',#173);
#173 = CARTESIAN_POINT('',(65.,1.7763568394E-15,0.));
#174 = LINE('',#175,#176);
#175 = CARTESIAN_POINT('',(65.,-0.,0.));
#176 = VECTOR('',#177,1.);
#177 = DIRECTION('',(-1.,0.,0.));
#178 = ORIENTED_EDGE('',*,*,#179,.F.);
#179 = EDGE_CURVE('',#122,#172,#180,.T.);
#180 = CIRCLE('',#181,3.000001172987);
#181 = AXIS2_PLACEMENT_3D('',#182,#183,#184);
#182 = CARTESIAN_POINT('',(64.999998827013,3.000001172987,0.));
#183 = DIRECTION('',(0.,0.,-1.));
#184 = DIRECTION('',(1.,-3.909953636789E-07,0.));
#185 = ORIENTED_EDGE('',*,*,#129,.F.);
#186 = FACE_BOUND('',#187,.F.);
#187 = EDGE_LOOP('',(#188));
#188 = ORIENTED_EDGE('',*,*,#189,.T.);
#189 = EDGE_CURVE('',#190,#190,#192,.T.);
#190 = VERTEX_POINT('',#191);
#191 = CARTESIAN_POINT('',(8.,5.75,0.));
#192 = CIRCLE('',#193,2.25);
#193 = AXIS2_PLACEMENT_3D('',#194,#195,#196);
#194 = CARTESIAN_POINT('',(8.,8.,0.));
#195 = DIRECTION('',(-0.,0.,-1.));
#196 = DIRECTION('',(-0.,-1.,0.));
#197 = FACE_BOUND('',#198,.F.);
#198 = EDGE_LOOP('',(#199));
#199 = ORIENTED_EDGE('',*,*,#200,.T.);
#200 = EDGE_CURVE('',#201,#201,#203,.T.);
#201 = VERTEX_POINT('',#202);
#202 = CARTESIAN_POINT('',(32.02,11.413962,0.));
#203 = CIRCLE('',#204,0.85);
#204 = AXIS2_PLACEMENT_3D('',#205,#206,#207);
#205 = CARTESIAN_POINT('',(32.02,12.263962,0.));
#206 = DIRECTION('',(-0.,0.,-1.));
#207 = DIRECTION('',(8.35932630306E-15,-1.,-0.));
#208 = FACE_BOUND('',#209,.F.);
#209 = EDGE_LOOP('',(#210));
#210 = ORIENTED_EDGE('',*,*,#211,.T.);
#211 = EDGE_CURVE('',#212,#212,#214,.T.);
#212 = VERTEX_POINT('',#213);
#213 = CARTESIAN_POINT('',(27.6,19.063962,0.));
#214 = CIRCLE('',#215,0.7);
#215 = AXIS2_PLACEMENT_3D('',#216,#217,#218);
#216 = CARTESIAN_POINT('',(27.6,19.763962,0.));
#217 = DIRECTION('',(-0.,0.,-1.));
#218 = DIRECTION('',(-0.,-1.,0.));
#219 = FACE_BOUND('',#220,.F.);
#220 = EDGE_LOOP('',(#221));
#221 = ORIENTED_EDGE('',*,*,#222,.T.);
#222 = EDGE_CURVE('',#223,#223,#225,.T.);
#223 = VERTEX_POINT('',#224);
#224 = CARTESIAN_POINT('',(27.6,21.563962,0.));
#225 = CIRCLE('',#226,0.7);
#226 = AXIS2_PLACEMENT_3D('',#227,#228,#229);
#227 = CARTESIAN_POINT('',(27.6,22.263962,0.));
#228 = DIRECTION('',(-0.,0.,-1.));
#229 = DIRECTION('',(-0.,-1.,0.));
#230 = FACE_BOUND('',#231,.F.);
#231 = EDGE_LOOP('',(#232));
#232 = ORIENTED_EDGE('',*,*,#233,.T.);
#233 = EDGE_CURVE('',#234,#234,#236,.T.);
#234 = VERTEX_POINT('',#235);
#235 = CARTESIAN_POINT('',(31.1,19.063962,0.));
#236 = CIRCLE('',#237,0.7);
#237 = AXIS2_PLACEMENT_3D('',#238,#239,#240);
#238 = CARTESIAN_POINT('',(31.1,19.763962,0.));
#239 = DIRECTION('',(-0.,0.,-1.));
#240 = DIRECTION('',(-0.,-1.,0.));
#241 = FACE_BOUND('',#242,.F.);
#242 = EDGE_LOOP('',(#243));
#243 = ORIENTED_EDGE('',*,*,#244,.T.);
#244 = EDGE_CURVE('',#245,#245,#247,.T.);
#245 = VERTEX_POINT('',#246);
#246 = CARTESIAN_POINT('',(31.1,21.563962,0.));
#247 = CIRCLE('',#248,0.7);
#248 = AXIS2_PLACEMENT_3D('',#249,#250,#251);
#249 = CARTESIAN_POINT('',(31.1,22.263962,0.));
#250 = DIRECTION('',(-0.,0.,-1.));
#251 = DIRECTION('',(-0.,-1.,0.));
#252 = FACE_BOUND('',#253,.F.);
#253 = EDGE_LOOP('',(#254));
#254 = ORIENTED_EDGE('',*,*,#255,.T.);
#255 = EDGE_CURVE('',#256,#256,#258,.T.);
#256 = VERTEX_POINT('',#257);
#257 = CARTESIAN_POINT('',(11.,32.413962,0.));
#258 = CIRCLE('',#259,0.85);
#259 = AXIS2_PLACEMENT_3D('',#260,#261,#262);
#260 = CARTESIAN_POINT('',(11.,33.263962,0.));
#261 = DIRECTION('',(-0.,0.,-1.));
#262 = DIRECTION('',(-0.,-1.,0.));
#263 = FACE_BOUND('',#264,.F.);
#264 = EDGE_LOOP('',(#265));
#265 = ORIENTED_EDGE('',*,*,#266,.T.);
#266 = EDGE_CURVE('',#267,#267,#269,.T.);
#267 = VERTEX_POINT('',#268);
#268 = CARTESIAN_POINT('',(14.96,32.413962,0.));
#269 = CIRCLE('',#270,0.85);
#270 = AXIS2_PLACEMENT_3D('',#271,#272,#273);
#271 = CARTESIAN_POINT('',(14.96,33.263962,0.));
#272 = DIRECTION('',(-0.,0.,-1.));
#273 = DIRECTION('',(-0.,-1.,0.));
#274 = FACE_BOUND('',#275,.F.);
#275 = EDGE_LOOP('',(#276));
#276 = ORIENTED_EDGE('',*,*,#277,.T.);
#277 = EDGE_CURVE('',#278,#278,#280,.T.);
#278 = VERTEX_POINT('',#279);
#279 = CARTESIAN_POINT('',(7.,40.063962,0.));
#280 = CIRCLE('',#281,0.7);
#281 = AXIS2_PLACEMENT_3D('',#282,#283,#284);
#282 = CARTESIAN_POINT('',(7.,40.763962,0.));
#283 = DIRECTION('',(-0.,0.,-1.));
#284 = DIRECTION('',(-0.,-1.,0.));
#285 = FACE_BOUND('',#286,.F.);
#286 = EDGE_LOOP('',(#287));
#287 = ORIENTED_EDGE('',*,*,#288,.T.);
#288 = EDGE_CURVE('',#289,#289,#291,.T.);
#289 = VERTEX_POINT('',#290);
#290 = CARTESIAN_POINT('',(7.,42.563962,0.));
#291 = CIRCLE('',#292,0.7);
#292 = AXIS2_PLACEMENT_3D('',#293,#294,#295);
#293 = CARTESIAN_POINT('',(7.,43.263962,0.));
#294 = DIRECTION('',(-0.,0.,-1.));
#295 = DIRECTION('',(-0.,-1.,0.));
#296 = FACE_BOUND('',#297,.F.);
#297 = EDGE_LOOP('',(#298));
#298 = ORIENTED_EDGE('',*,*,#299,.T.);
#299 = EDGE_CURVE('',#300,#300,#302,.T.);
#300 = VERTEX_POINT('',#301);
#301 = CARTESIAN_POINT('',(10.5,40.063962,0.));
#302 = CIRCLE('',#303,0.7);
#303 = AXIS2_PLACEMENT_3D('',#304,#305,#306);
#304 = CARTESIAN_POINT('',(10.5,40.763962,0.));
#305 = DIRECTION('',(-0.,0.,-1.));
#306 = DIRECTION('',(-0.,-1.,0.));
#307 = FACE_BOUND('',#308,.F.);
#308 = EDGE_LOOP('',(#309));
#309 = ORIENTED_EDGE('',*,*,#310,.T.);
#310 = EDGE_CURVE('',#311,#311,#313,.T.);
#311 = VERTEX_POINT('',#312);
#312 = CARTESIAN_POINT('',(10.5,42.563962,0.));
#313 = CIRCLE('',#314,0.7);
#314 = AXIS2_PLACEMENT_3D('',#315,#316,#317);
#315 = CARTESIAN_POINT('',(10.5,43.263962,0.));
#316 = DIRECTION('',(-0.,0.,-1.));
#317 = DIRECTION('',(-0.,-1.,0.));
#318 = FACE_BOUND('',#319,.F.);
#319 = EDGE_LOOP('',(#320));
#320 = ORIENTED_EDGE('',*,*,#321,.T.);
#321 = EDGE_CURVE('',#322,#322,#324,.T.);
#322 = VERTEX_POINT('',#323);
#323 = CARTESIAN_POINT('',(16.3,40.063962,0.));
#324 = CIRCLE('',#325,0.7);
#325 = AXIS2_PLACEMENT_3D('',#326,#327,#328);
#326 = CARTESIAN_POINT('',(16.3,40.763962,0.));
#327 = DIRECTION('',(-0.,0.,-1.));
#328 = DIRECTION('',(-0.,-1.,0.));
#329 = FACE_BOUND('',#330,.F.);
#330 = EDGE_LOOP('',(#331));
#331 = ORIENTED_EDGE('',*,*,#332,.T.);
#332 = EDGE_CURVE('',#333,#333,#335,.T.);
#333 = VERTEX_POINT('',#334);
#334 = CARTESIAN_POINT('',(13.4,40.813962,0.));
#335 = CIRCLE('',#336,1.2);
#336 = AXIS2_PLACEMENT_3D('',#337,#338,#339);
#337 = CARTESIAN_POINT('',(13.4,42.013962,0.));
#338 = DIRECTION('',(-0.,0.,-1.));
#339 = DIRECTION('',(1.480297366167E-15,-1.,-0.));
#340 = FACE_BOUND('',#341,.F.);
#341 = EDGE_LOOP('',(#342));
#342 = ORIENTED_EDGE('',*,*,#343,.T.);
#343 = EDGE_CURVE('',#344,#344,#346,.T.);
#344 = VERTEX_POINT('',#345);
#345 = CARTESIAN_POINT('',(16.3,42.563962,0.));
#346 = CIRCLE('',#347,0.7);
#347 = AXIS2_PLACEMENT_3D('',#348,#349,#350);
#348 = CARTESIAN_POINT('',(16.3,43.263962,0.));
#349 = DIRECTION('',(-0.,0.,-1.));
#350 = DIRECTION('',(-0.,-1.,0.));
#351 = FACE_BOUND('',#352,.F.);
#352 = EDGE_LOOP('',(#353));
#353 = ORIENTED_EDGE('',*,*,#354,.T.);
#354 = EDGE_CURVE('',#355,#355,#357,.T.);
#355 = VERTEX_POINT('',#356);
#356 = CARTESIAN_POINT('',(19.8,40.063962,0.));
#357 = CIRCLE('',#358,0.7);
#358 = AXIS2_PLACEMENT_3D('',#359,#360,#361);
#359 = CARTESIAN_POINT('',(19.8,40.763962,0.));
#360 = DIRECTION('',(-0.,0.,-1.));
#361 = DIRECTION('',(-0.,-1.,0.));
#362 = FACE_BOUND('',#363,.F.);
#363 = EDGE_LOOP('',(#364));
#364 = ORIENTED_EDGE('',*,*,#365,.T.);
#365 = EDGE_CURVE('',#366,#366,#368,.T.);
#366 = VERTEX_POINT('',#367);
#367 = CARTESIAN_POINT('',(19.8,42.563962,0.));
#368 = CIRCLE('',#369,0.7);
#369 = AXIS2_PLACEMENT_3D('',#370,#371,#372);
#370 = CARTESIAN_POINT('',(19.8,43.263962,0.));
#371 = DIRECTION('',(-0.,0.,-1.));
#372 = DIRECTION('',(-0.,-1.,0.));
#373 = FACE_BOUND('',#374,.F.);
#374 = EDGE_LOOP('',(#375));
#375 = ORIENTED_EDGE('',*,*,#376,.T.);
#376 = EDGE_CURVE('',#377,#377,#379,.T.);
#377 = VERTEX_POINT('',#378);
#378 = CARTESIAN_POINT('',(35.98,11.413962,0.));
#379 = CIRCLE('',#380,0.85);
#380 = AXIS2_PLACEMENT_3D('',#381,#382,#383);
#381 = CARTESIAN_POINT('',(35.98,12.263962,0.));
#382 = DIRECTION('',(-0.,0.,-1.));
#383 = DIRECTION('',(-8.35932630306E-15,-1.,0.));
#384 = FACE_BOUND('',#385,.F.);
#385 = EDGE_LOOP('',(#386));
#386 = ORIENTED_EDGE('',*,*,#387,.T.);
#387 = EDGE_CURVE('',#388,#388,#390,.T.);
#388 = VERTEX_POINT('',#389);
#389 = CARTESIAN_POINT('',(34.,19.813962,0.));
#390 = CIRCLE('',#391,1.2);
#391 = AXIS2_PLACEMENT_3D('',#392,#393,#394);
#392 = CARTESIAN_POINT('',(34.,21.013962,0.));
#393 = DIRECTION('',(-0.,0.,-1.));
#394 = DIRECTION('',(-0.,-1.,0.));
#395 = FACE_BOUND('',#396,.F.);
#396 = EDGE_LOOP('',(#397));
#397 = ORIENTED_EDGE('',*,*,#398,.T.);
#398 = EDGE_CURVE('',#399,#399,#401,.T.);
#399 = VERTEX_POINT('',#400);
#400 = CARTESIAN_POINT('',(36.9,19.063962,0.));
#401 = CIRCLE('',#402,0.7);
#402 = AXIS2_PLACEMENT_3D('',#403,#404,#405);
#403 = CARTESIAN_POINT('',(36.9,19.763962,0.));
#404 = DIRECTION('',(-0.,0.,-1.));
#405 = DIRECTION('',(-1.015061051086E-14,-1.,0.));
#406 = FACE_BOUND('',#407,.F.);
#407 = EDGE_LOOP('',(#408));
#408 = ORIENTED_EDGE('',*,*,#409,.T.);
#409 = EDGE_CURVE('',#410,#410,#412,.T.);
#410 = VERTEX_POINT('',#411);
#411 = CARTESIAN_POINT('',(36.9,21.563962,0.));
#412 = CIRCLE('',#413,0.7);
#413 = AXIS2_PLACEMENT_3D('',#414,#415,#416);
#414 = CARTESIAN_POINT('',(36.9,22.263962,0.));
#415 = DIRECTION('',(-0.,0.,-1.));
#416 = DIRECTION('',(-1.015061051086E-14,-1.,0.));
#417 = FACE_BOUND('',#418,.F.);
#418 = EDGE_LOOP('',(#419));
#419 = ORIENTED_EDGE('',*,*,#420,.T.);
#420 = EDGE_CURVE('',#421,#421,#423,.T.);
#421 = VERTEX_POINT('',#422);
#422 = CARTESIAN_POINT('',(40.4,19.063962,0.));
#423 = CIRCLE('',#424,0.7);
#424 = AXIS2_PLACEMENT_3D('',#425,#426,#427);
#425 = CARTESIAN_POINT('',(40.4,19.763962,0.));
#426 = DIRECTION('',(-0.,0.,-1.));
#427 = DIRECTION('',(-1.015061051086E-14,-1.,0.));
#428 = FACE_BOUND('',#429,.F.);
#429 = EDGE_LOOP('',(#430));
#430 = ORIENTED_EDGE('',*,*,#431,.T.);
#431 = EDGE_CURVE('',#432,#432,#434,.T.);
#432 = VERTEX_POINT('',#433);
#433 = CARTESIAN_POINT('',(40.4,21.563962,0.));
#434 = CIRCLE('',#435,0.7);
#435 = AXIS2_PLACEMENT_3D('',#436,#437,#438);
#436 = CARTESIAN_POINT('',(40.4,22.263962,0.));
#437 = DIRECTION('',(-0.,0.,-1.));
#438 = DIRECTION('',(-1.015061051086E-14,-1.,0.));
#439 = FACE_BOUND('',#440,.F.);
#440 = EDGE_LOOP('',(#441));
#441 = ORIENTED_EDGE('',*,*,#442,.T.);
#442 = EDGE_CURVE('',#443,#443,#445,.T.);
#443 = VERTEX_POINT('',#444);
#444 = CARTESIAN_POINT('',(60.,5.75,0.));
#445 = CIRCLE('',#446,2.25);
#446 = AXIS2_PLACEMENT_3D('',#447,#448,#449);
#447 = CARTESIAN_POINT('',(60.,8.,0.));
#448 = DIRECTION('',(-0.,0.,-1.));
#449 = DIRECTION('',(-0.,-1.,0.));
#450 = FACE_BOUND('',#451,.F.);
#451 = EDGE_LOOP('',(#452));
#452 = ORIENTED_EDGE('',*,*,#453,.T.);
#453 = EDGE_CURVE('',#454,#454,#456,.T.);
#454 = VERTEX_POINT('',#455);
#455 = CARTESIAN_POINT('',(44.,32.413962,0.));
#456 = CIRCLE('',#457,0.85);
#457 = AXIS2_PLACEMENT_3D('',#458,#459,#460);
#458 = CARTESIAN_POINT('',(44.,33.263962,0.));
#459 = DIRECTION('',(-0.,0.,-1.));
#460 = DIRECTION('',(-0.,-1.,0.));
#461 = FACE_BOUND('',#462,.F.);
#462 = EDGE_LOOP('',(#463));
#463 = ORIENTED_EDGE('',*,*,#464,.T.);
#464 = EDGE_CURVE('',#465,#465,#467,.T.);
#465 = VERTEX_POINT('',#466);
#466 = CARTESIAN_POINT('',(47.96,32.413962,0.));
#467 = CIRCLE('',#468,0.85);
#468 = AXIS2_PLACEMENT_3D('',#469,#470,#471);
#469 = CARTESIAN_POINT('',(47.96,33.263962,0.));
#470 = DIRECTION('',(-0.,0.,-1.));
#471 = DIRECTION('',(-0.,-1.,0.));
#472 = FACE_BOUND('',#473,.F.);
#473 = EDGE_LOOP('',(#474));
#474 = ORIENTED_EDGE('',*,*,#475,.T.);
#475 = EDGE_CURVE('',#476,#476,#478,.T.);
#476 = VERTEX_POINT('',#477);
#477 = CARTESIAN_POINT('',(40.,40.063962,0.));
#478 = CIRCLE('',#479,0.7);
#479 = AXIS2_PLACEMENT_3D('',#480,#481,#482);
#480 = CARTESIAN_POINT('',(40.,40.763962,0.));
#481 = DIRECTION('',(-0.,0.,-1.));
#482 = DIRECTION('',(-0.,-1.,0.));
#483 = FACE_BOUND('',#484,.F.);
#484 = EDGE_LOOP('',(#485));
#485 = ORIENTED_EDGE('',*,*,#486,.T.);
#486 = EDGE_CURVE('',#487,#487,#489,.T.);
#487 = VERTEX_POINT('',#488);
#488 = CARTESIAN_POINT('',(40.,42.563962,0.));
#489 = CIRCLE('',#490,0.7);
#490 = AXIS2_PLACEMENT_3D('',#491,#492,#493);
#491 = CARTESIAN_POINT('',(40.,43.263962,0.));
#492 = DIRECTION('',(-0.,0.,-1.));
#493 = DIRECTION('',(-0.,-1.,0.));
#494 = FACE_BOUND('',#495,.F.);
#495 = EDGE_LOOP('',(#496));
#496 = ORIENTED_EDGE('',*,*,#497,.T.);
#497 = EDGE_CURVE('',#498,#498,#500,.T.);
#498 = VERTEX_POINT('',#499);
#499 = CARTESIAN_POINT('',(43.5,40.063962,0.));
#500 = CIRCLE('',#501,0.7);
#501 = AXIS2_PLACEMENT_3D('',#502,#503,#504);
#502 = CARTESIAN_POINT('',(43.5,40.763962,0.));
#503 = DIRECTION('',(-0.,0.,-1.));
#504 = DIRECTION('',(-0.,-1.,0.));
#505 = FACE_BOUND('',#506,.F.);
#506 = EDGE_LOOP('',(#507));
#507 = ORIENTED_EDGE('',*,*,#508,.T.);
#508 = EDGE_CURVE('',#509,#509,#511,.T.);
#509 = VERTEX_POINT('',#510);
#510 = CARTESIAN_POINT('',(43.5,42.563962,0.));
#511 = CIRCLE('',#512,0.7);
#512 = AXIS2_PLACEMENT_3D('',#513,#514,#515);
#513 = CARTESIAN_POINT('',(43.5,43.263962,0.));
#514 = DIRECTION('',(-0.,0.,-1.));
#515 = DIRECTION('',(-0.,-1.,0.));
#516 = FACE_BOUND('',#517,.F.);
#517 = EDGE_LOOP('',(#518));
#518 = ORIENTED_EDGE('',*,*,#519,.T.);
#519 = EDGE_CURVE('',#520,#520,#522,.T.);
#520 = VERTEX_POINT('',#521);
#521 = CARTESIAN_POINT('',(46.4,40.813962,0.));
#522 = CIRCLE('',#523,1.2);
#523 = AXIS2_PLACEMENT_3D('',#524,#525,#526);
#524 = CARTESIAN_POINT('',(46.4,42.013962,0.));
#525 = DIRECTION('',(-0.,0.,-1.));
#526 = DIRECTION('',(-5.921189464668E-15,-1.,0.));
#527 = FACE_BOUND('',#528,.F.);
#528 = EDGE_LOOP('',(#529));
#529 = ORIENTED_EDGE('',*,*,#530,.T.);
#530 = EDGE_CURVE('',#531,#531,#533,.T.);
#531 = VERTEX_POINT('',#532);
#532 = CARTESIAN_POINT('',(49.3,40.063962,0.));
#533 = CIRCLE('',#534,0.7);
#534 = AXIS2_PLACEMENT_3D('',#535,#536,#537);
#535 = CARTESIAN_POINT('',(49.3,40.763962,0.));
#536 = DIRECTION('',(-0.,0.,-1.));
#537 = DIRECTION('',(-0.,-1.,0.));
#538 = FACE_BOUND('',#539,.F.);
#539 = EDGE_LOOP('',(#540));
#540 = ORIENTED_EDGE('',*,*,#541,.T.);
#541 = EDGE_CURVE('',#542,#542,#544,.T.);
#542 = VERTEX_POINT('',#543);
#543 = CARTESIAN_POINT('',(49.3,42.563962,0.));
#544 = CIRCLE('',#545,0.7);
#545 = AXIS2_PLACEMENT_3D('',#546,#547,#548);
#546 = CARTESIAN_POINT('',(49.3,43.263962,0.));
#547 = DIRECTION('',(-0.,0.,-1.));
#548 = DIRECTION('',(-0.,-1.,0.));
#549 = FACE_BOUND('',#550,.F.);
#550 = EDGE_LOOP('',(#551));
#551 = ORIENTED_EDGE('',*,*,#552,.T.);
#552 = EDGE_CURVE('',#553,#553,#555,.T.);
#553 = VERTEX_POINT('',#554);
#554 = CARTESIAN_POINT('',(52.8,40.063962,0.));
#555 = CIRCLE('',#556,0.7);
#556 = AXIS2_PLACEMENT_3D('',#557,#558,#559);
#557 = CARTESIAN_POINT('',(52.8,40.763962,0.));
#558 = DIRECTION('',(-0.,0.,-1.));
#559 = DIRECTION('',(-0.,-1.,0.));
#560 = FACE_BOUND('',#561,.F.);
#561 = EDGE_LOOP('',(#562));
#562 = ORIENTED_EDGE('',*,*,#563,.T.);
#563 = EDGE_CURVE('',#564,#564,#566,.T.);
#564 = VERTEX_POINT('',#565);
#565 = CARTESIAN_POINT('',(52.8,42.563962,0.));
#566 = CIRCLE('',#567,0.7);
#567 = AXIS2_PLACEMENT_3D('',#568,#569,#570);
#568 = CARTESIAN_POINT('',(52.8,43.263962,0.));
#569 = DIRECTION('',(-0.,0.,-1.));
#570 = DIRECTION('',(-0.,-1.,0.));
#571 = FACE_BOUND('',#572,.F.);
#572 = EDGE_LOOP('',(#573));
#573 = ORIENTED_EDGE('',*,*,#574,.T.);
#574 = EDGE_CURVE('',#575,#575,#577,.T.);
#575 = VERTEX_POINT('',#576);
#576 = CARTESIAN_POINT('',(11.,53.413962,0.));
#577 = CIRCLE('',#578,0.85);
#578 = AXIS2_PLACEMENT_3D('',#579,#580,#581);
#579 = CARTESIAN_POINT('',(11.,54.263962,0.));
#580 = DIRECTION('',(-0.,0.,-1.));
#581 = DIRECTION('',(-0.,-1.,0.));
#582 = FACE_BOUND('',#583,.F.);
#583 = EDGE_LOOP('',(#584));
#584 = ORIENTED_EDGE('',*,*,#585,.T.);
#585 = EDGE_CURVE('',#586,#586,#588,.T.);
#586 = VERTEX_POINT('',#587);
#587 = CARTESIAN_POINT('',(14.96,53.413962,0.));
#588 = CIRCLE('',#589,0.85);
#589 = AXIS2_PLACEMENT_3D('',#590,#591,#592);
#590 = CARTESIAN_POINT('',(14.96,54.263962,0.));
#591 = DIRECTION('',(-0.,0.,-1.));
#592 = DIRECTION('',(-0.,-1.,0.));
#593 = FACE_BOUND('',#594,.F.);
#594 = EDGE_LOOP('',(#595));
#595 = ORIENTED_EDGE('',*,*,#596,.T.);
#596 = EDGE_CURVE('',#597,#597,#599,.T.);
#597 = VERTEX_POINT('',#598);
#598 = CARTESIAN_POINT('',(7.,61.063962,0.));
#599 = CIRCLE('',#600,0.7);
#600 = AXIS2_PLACEMENT_3D('',#601,#602,#603);
#601 = CARTESIAN_POINT('',(7.,61.763962,0.));
#602 = DIRECTION('',(-0.,0.,-1.));
#603 = DIRECTION('',(-0.,-1.,0.));
#604 = FACE_BOUND('',#605,.F.);
#605 = EDGE_LOOP('',(#606));
#606 = ORIENTED_EDGE('',*,*,#607,.T.);
#607 = EDGE_CURVE('',#608,#608,#610,.T.);
#608 = VERTEX_POINT('',#609);
#609 = CARTESIAN_POINT('',(7.,63.563962,0.));
#610 = CIRCLE('',#611,0.7);
#611 = AXIS2_PLACEMENT_3D('',#612,#613,#614);
#612 = CARTESIAN_POINT('',(7.,64.263962,0.));
#613 = DIRECTION('',(-0.,0.,-1.));
#614 = DIRECTION('',(-0.,-1.,0.));
#615 = FACE_BOUND('',#616,.F.);
#616 = EDGE_LOOP('',(#617));
#617 = ORIENTED_EDGE('',*,*,#618,.T.);
#618 = EDGE_CURVE('',#619,#619,#621,.T.);
#619 = VERTEX_POINT('',#620);
#620 = CARTESIAN_POINT('',(10.5,61.063962,0.));
#621 = CIRCLE('',#622,0.7);
#622 = AXIS2_PLACEMENT_3D('',#623,#624,#625);
#623 = CARTESIAN_POINT('',(10.5,61.763962,0.));
#624 = DIRECTION('',(-0.,0.,-1.));
#625 = DIRECTION('',(-0.,-1.,0.));
#626 = FACE_BOUND('',#627,.F.);
#627 = EDGE_LOOP('',(#628));
#628 = ORIENTED_EDGE('',*,*,#629,.T.);
#629 = EDGE_CURVE('',#630,#630,#632,.T.);
#630 = VERTEX_POINT('',#631);
#631 = CARTESIAN_POINT('',(10.5,63.563962,0.));
#632 = CIRCLE('',#633,0.7);
#633 = AXIS2_PLACEMENT_3D('',#634,#635,#636);
#634 = CARTESIAN_POINT('',(10.5,64.263962,0.));
#635 = DIRECTION('',(-0.,0.,-1.));
#636 = DIRECTION('',(-0.,-1.,0.));
#637 = FACE_BOUND('',#638,.F.);
#638 = EDGE_LOOP('',(#639));
#639 = ORIENTED_EDGE('',*,*,#640,.T.);
#640 = EDGE_CURVE('',#641,#641,#643,.T.);
#641 = VERTEX_POINT('',#642);
#642 = CARTESIAN_POINT('',(13.4,61.813962,0.));
#643 = CIRCLE('',#644,1.2);
#644 = AXIS2_PLACEMENT_3D('',#645,#646,#647);
#645 = CARTESIAN_POINT('',(13.4,63.013962,0.));
#646 = DIRECTION('',(-0.,0.,-1.));
#647 = DIRECTION('',(1.480297366167E-15,-1.,-0.));
#648 = FACE_BOUND('',#649,.F.);
#649 = EDGE_LOOP('',(#650));
#650 = ORIENTED_EDGE('',*,*,#651,.T.);
#651 = EDGE_CURVE('',#652,#652,#654,.T.);
#652 = VERTEX_POINT('',#653);
#653 = CARTESIAN_POINT('',(16.3,61.063962,0.));
#654 = CIRCLE('',#655,0.7);
#655 = AXIS2_PLACEMENT_3D('',#656,#657,#658);
#656 = CARTESIAN_POINT('',(16.3,61.763962,0.));
#657 = DIRECTION('',(-0.,0.,-1.));
#658 = DIRECTION('',(-0.,-1.,0.));
#659 = FACE_BOUND('',#660,.F.);
#660 = EDGE_LOOP('',(#661));
#661 = ORIENTED_EDGE('',*,*,#662,.T.);
#662 = EDGE_CURVE('',#663,#663,#665,.T.);
#663 = VERTEX_POINT('',#664);
#664 = CARTESIAN_POINT('',(16.3,63.563962,0.));
#665 = CIRCLE('',#666,0.7);
#666 = AXIS2_PLACEMENT_3D('',#667,#668,#669);
#667 = CARTESIAN_POINT('',(16.3,64.263962,0.));
#668 = DIRECTION('',(-0.,0.,-1.));
#669 = DIRECTION('',(-0.,-1.,0.));
#670 = FACE_BOUND('',#671,.F.);
#671 = EDGE_LOOP('',(#672));
#672 = ORIENTED_EDGE('',*,*,#673,.T.);
#673 = EDGE_CURVE('',#674,#674,#676,.T.);
#674 = VERTEX_POINT('',#675);
#675 = CARTESIAN_POINT('',(19.8,61.063962,0.));
#676 = CIRCLE('',#677,0.7);
#677 = AXIS2_PLACEMENT_3D('',#678,#679,#680);
#678 = CARTESIAN_POINT('',(19.8,61.763962,0.));
#679 = DIRECTION('',(-0.,0.,-1.));
#680 = DIRECTION('',(-0.,-1.,0.));
#681 = FACE_BOUND('',#682,.F.);
#682 = EDGE_LOOP('',(#683));
#683 = ORIENTED_EDGE('',*,*,#684,.T.);
#684 = EDGE_CURVE('',#685,#685,#687,.T.);
#685 = VERTEX_POINT('',#686);
#686 = CARTESIAN_POINT('',(19.8,63.563962,0.));
#687 = CIRCLE('',#688,0.7);
#688 = AXIS2_PLACEMENT_3D('',#689,#690,#691);
#689 = CARTESIAN_POINT('',(19.8,64.263962,0.));
#690 = DIRECTION('',(-0.,0.,-1.));
#691 = DIRECTION('',(-0.,-1.,0.));
#692 = FACE_BOUND('',#693,.F.);
#693 = EDGE_LOOP('',(#694));
#694 = ORIENTED_EDGE('',*,*,#695,.T.);
#695 = EDGE_CURVE('',#696,#696,#698,.T.);
#696 = VERTEX_POINT('',#697);
#697 = CARTESIAN_POINT('',(8.,90.013962,0.));
#698 = CIRCLE('',#699,2.25);
#699 = AXIS2_PLACEMENT_3D('',#700,#701,#702);
#700 = CARTESIAN_POINT('',(8.,92.263962,0.));
#701 = DIRECTION('',(-0.,0.,-1.));
#702 = DIRECTION('',(-0.,-1.,0.));
#703 = FACE_BOUND('',#704,.F.);
#704 = EDGE_LOOP('',(#705));
#705 = ORIENTED_EDGE('',*,*,#706,.T.);
#706 = EDGE_CURVE('',#707,#707,#709,.T.);
#707 = VERTEX_POINT('',#708);
#708 = CARTESIAN_POINT('',(26.82,86.553962,0.));
#709 = CIRCLE('',#710,0.75);
#710 = AXIS2_PLACEMENT_3D('',#711,#712,#713);
#711 = CARTESIAN_POINT('',(26.82,87.303962,0.));
#712 = DIRECTION('',(-0.,0.,-1.));
#713 = DIRECTION('',(-0.,-1.,0.));
#714 = FACE_BOUND('',#715,.F.);
#715 = EDGE_LOOP('',(#716));
#716 = ORIENTED_EDGE('',*,*,#717,.T.);
#717 = EDGE_CURVE('',#718,#718,#720,.T.);
#718 = VERTEX_POINT('',#719);
#719 = CARTESIAN_POINT('',(30.82,86.553962,0.));
#720 = CIRCLE('',#721,0.75);
#721 = AXIS2_PLACEMENT_3D('',#722,#723,#724);
#722 = CARTESIAN_POINT('',(30.82,87.303962,0.));
#723 = DIRECTION('',(-0.,0.,-1.));
#724 = DIRECTION('',(-0.,-1.,0.));
#725 = FACE_BOUND('',#726,.F.);
#726 = EDGE_LOOP('',(#727));
#727 = ORIENTED_EDGE('',*,*,#728,.T.);
#728 = EDGE_CURVE('',#729,#729,#731,.T.);
#729 = VERTEX_POINT('',#730);
#730 = CARTESIAN_POINT('',(44.,53.413962,0.));
#731 = CIRCLE('',#732,0.85);
#732 = AXIS2_PLACEMENT_3D('',#733,#734,#735);
#733 = CARTESIAN_POINT('',(44.,54.263962,0.));
#734 = DIRECTION('',(-0.,0.,-1.));
#735 = DIRECTION('',(-0.,-1.,0.));
#736 = FACE_BOUND('',#737,.F.);
#737 = EDGE_LOOP('',(#738));
#738 = ORIENTED_EDGE('',*,*,#739,.T.);
#739 = EDGE_CURVE('',#740,#740,#742,.T.);
#740 = VERTEX_POINT('',#741);
#741 = CARTESIAN_POINT('',(47.96,53.413962,0.));
#742 = CIRCLE('',#743,0.85);
#743 = AXIS2_PLACEMENT_3D('',#744,#745,#746);
#744 = CARTESIAN_POINT('',(47.96,54.263962,0.));
#745 = DIRECTION('',(-0.,0.,-1.));
#746 = DIRECTION('',(-0.,-1.,0.));
#747 = FACE_BOUND('',#748,.F.);
#748 = EDGE_LOOP('',(#749));
#749 = ORIENTED_EDGE('',*,*,#750,.T.);
#750 = EDGE_CURVE('',#751,#751,#753,.T.);
#751 = VERTEX_POINT('',#752);
#752 = CARTESIAN_POINT('',(40.,61.063962,0.));
#753 = CIRCLE('',#754,0.7);
#754 = AXIS2_PLACEMENT_3D('',#755,#756,#757);
#755 = CARTESIAN_POINT('',(40.,61.763962,0.));
#756 = DIRECTION('',(-0.,0.,-1.));
#757 = DIRECTION('',(-0.,-1.,0.));
#758 = FACE_BOUND('',#759,.F.);
#759 = EDGE_LOOP('',(#760));
#760 = ORIENTED_EDGE('',*,*,#761,.T.);
#761 = EDGE_CURVE('',#762,#762,#764,.T.);
#762 = VERTEX_POINT('',#763);
#763 = CARTESIAN_POINT('',(40.,63.563962,0.));
#764 = CIRCLE('',#765,0.7);
#765 = AXIS2_PLACEMENT_3D('',#766,#767,#768);
#766 = CARTESIAN_POINT('',(40.,64.263962,0.));
#767 = DIRECTION('',(-0.,0.,-1.));
#768 = DIRECTION('',(-0.,-1.,0.));
#769 = FACE_BOUND('',#770,.F.);
#770 = EDGE_LOOP('',(#771));
#771 = ORIENTED_EDGE('',*,*,#772,.T.);
#772 = EDGE_CURVE('',#773,#773,#775,.T.);
#773 = VERTEX_POINT('',#774);
#774 = CARTESIAN_POINT('',(43.5,61.063962,0.));
#775 = CIRCLE('',#776,0.7);
#776 = AXIS2_PLACEMENT_3D('',#777,#778,#779);
#777 = CARTESIAN_POINT('',(43.5,61.763962,0.));
#778 = DIRECTION('',(-0.,0.,-1.));
#779 = DIRECTION('',(-0.,-1.,0.));
#780 = FACE_BOUND('',#781,.F.);
#781 = EDGE_LOOP('',(#782));
#782 = ORIENTED_EDGE('',*,*,#783,.T.);
#783 = EDGE_CURVE('',#784,#784,#786,.T.);
#784 = VERTEX_POINT('',#785);
#785 = CARTESIAN_POINT('',(43.5,63.563962,0.));
#786 = CIRCLE('',#787,0.7);
#787 = AXIS2_PLACEMENT_3D('',#788,#789,#790);
#788 = CARTESIAN_POINT('',(43.5,64.263962,0.));
#789 = DIRECTION('',(-0.,0.,-1.));
#790 = DIRECTION('',(-0.,-1.,0.));
#791 = FACE_BOUND('',#792,.F.);
#792 = EDGE_LOOP('',(#793));
#793 = ORIENTED_EDGE('',*,*,#794,.T.);
#794 = EDGE_CURVE('',#795,#795,#797,.T.);
#795 = VERTEX_POINT('',#796);
#796 = CARTESIAN_POINT('',(46.4,61.813962,0.));
#797 = CIRCLE('',#798,1.2);
#798 = AXIS2_PLACEMENT_3D('',#799,#800,#801);
#799 = CARTESIAN_POINT('',(46.4,63.013962,0.));
#800 = DIRECTION('',(-0.,0.,-1.));
#801 = DIRECTION('',(-5.921189464668E-15,-1.,0.));
#802 = FACE_BOUND('',#803,.F.);
#803 = EDGE_LOOP('',(#804));
#804 = ORIENTED_EDGE('',*,*,#805,.T.);
#805 = EDGE_CURVE('',#806,#806,#808,.T.);
#806 = VERTEX_POINT('',#807);
#807 = CARTESIAN_POINT('',(49.3,61.063962,0.));
#808 = CIRCLE('',#809,0.7);
#809 = AXIS2_PLACEMENT_3D('',#810,#811,#812);
#810 = CARTESIAN_POINT('',(49.3,61.763962,0.));
#811 = DIRECTION('',(-0.,0.,-1.));
#812 = DIRECTION('',(-0.,-1.,0.));
#813 = FACE_BOUND('',#814,.F.);
#814 = EDGE_LOOP('',(#815));
#815 = ORIENTED_EDGE('',*,*,#816,.T.);
#816 = EDGE_CURVE('',#817,#817,#819,.T.);
#817 = VERTEX_POINT('',#818);
#818 = CARTESIAN_POINT('',(49.3,63.563962,0.));
#819 = CIRCLE('',#820,0.7);
#820 = AXIS2_PLACEMENT_3D('',#821,#822,#823);
#821 = CARTESIAN_POINT('',(49.3,64.263962,0.));
#822 = DIRECTION('',(-0.,0.,-1.));
#823 = DIRECTION('',(-0.,-1.,0.));
#824 = FACE_BOUND('',#825,.F.);
#825 = EDGE_LOOP('',(#826));
#826 = ORIENTED_EDGE('',*,*,#827,.T.);
#827 = EDGE_CURVE('',#828,#828,#830,.T.);
#828 = VERTEX_POINT('',#829);
#829 = CARTESIAN_POINT('',(52.8,61.063962,0.));
#830 = CIRCLE('',#831,0.7);
#831 = AXIS2_PLACEMENT_3D('',#832,#833,#834);
#832 = CARTESIAN_POINT('',(52.8,61.763962,0.));
#833 = DIRECTION('',(-0.,0.,-1.));
#834 = DIRECTION('',(-0.,-1.,0.));
#835 = FACE_BOUND('',#836,.F.);
#836 = EDGE_LOOP('',(#837));
#837 = ORIENTED_EDGE('',*,*,#838,.T.);
#838 = EDGE_CURVE('',#839,#839,#841,.T.);
#839 = VERTEX_POINT('',#840);
#840 = CARTESIAN_POINT('',(52.8,63.563962,0.));
#841 = CIRCLE('',#842,0.7);
#842 = AXIS2_PLACEMENT_3D('',#843,#844,#845);
#843 = CARTESIAN_POINT('',(52.8,64.263962,0.));
#844 = DIRECTION('',(-0.,0.,-1.));
#845 = DIRECTION('',(-0.,-1.,0.));
#846 = FACE_BOUND('',#847,.F.);
#847 = EDGE_LOOP('',(#848));
#848 = ORIENTED_EDGE('',*,*,#849,.T.);
#849 = EDGE_CURVE('',#850,#850,#852,.T.);
#850 = VERTEX_POINT('',#851);
#851 = CARTESIAN_POINT('',(36.98,76.393962,0.));
#852 = CIRCLE('',#853,0.75);
#853 = AXIS2_PLACEMENT_3D('',#854,#855,#856);
#854 = CARTESIAN_POINT('',(36.98,77.143962,0.));
#855 = DIRECTION('',(-0.,0.,-1.));
#856 = DIRECTION('',(-0.,-1.,0.));
#857 = FACE_BOUND('',#858,.F.);
#858 = EDGE_LOOP('',(#859));
#859 = ORIENTED_EDGE('',*,*,#860,.T.);
#860 = EDGE_CURVE('',#861,#861,#863,.T.);
#861 = VERTEX_POINT('',#862);
#862 = CARTESIAN_POINT('',(40.98,76.393962,0.));
#863 = CIRCLE('',#864,0.75);
#864 = AXIS2_PLACEMENT_3D('',#865,#866,#867);
#865 = CARTESIAN_POINT('',(40.98,77.143962,0.));
#866 = DIRECTION('',(-0.,0.,-1.));
#867 = DIRECTION('',(-0.,-1.,0.));
#868 = FACE_BOUND('',#869,.F.);
#869 = EDGE_LOOP('',(#870));
#870 = ORIENTED_EDGE('',*,*,#871,.T.);
#871 = EDGE_CURVE('',#872,#872,#874,.T.);
#872 = VERTEX_POINT('',#873);
#873 = CARTESIAN_POINT('',(60.,90.013962,0.));
#874 = CIRCLE('',#875,2.25);
#875 = AXIS2_PLACEMENT_3D('',#876,#877,#878);
#876 = CARTESIAN_POINT('',(60.,92.263962,0.));
#877 = DIRECTION('',(-0.,0.,-1.));
#878 = DIRECTION('',(-0.,-1.,0.));
#879 = PLANE('',#880);
#880 = AXIS2_PLACEMENT_3D('',#881,#882,#883);
#881 = CARTESIAN_POINT('',(0.,0.,0.));
#882 = DIRECTION('',(0.,0.,1.));
#883 = DIRECTION('',(1.,0.,-0.));
#884 = ADVANCED_FACE('',(#885,#931,#942,#953,#964,#975,#986,#997,#1008,
    #1019,#1030,#1041,#1052,#1063,#1074,#1085,#1096,#1107,#1118,#1129,
    #1140,#1151,#1162,#1173,#1184,#1195,#1206,#1217,#1228,#1239,#1250,
    #1261,#1272,#1283,#1294,#1305,#1316,#1327,#1338,#1349,#1360,#1371,
    #1382,#1393,#1404,#1415,#1426,#1437,#1448,#1459,#1470,#1481,#1492,
    #1503,#1514,#1525,#1536,#1547,#1558,#1569,#1580,#1591,#1602,#1613),
  #1624,.T.);
#885 = FACE_BOUND('',#886,.T.);
#886 = EDGE_LOOP('',(#887,#888,#889,#898,#906,#915,#923,#930));
#887 = ORIENTED_EDGE('',*,*,#49,.F.);
#888 = ORIENTED_EDGE('',*,*,#91,.F.);
#889 = ORIENTED_EDGE('',*,*,#890,.F.);
#890 = EDGE_CURVE('',#891,#84,#893,.T.);
#891 = VERTEX_POINT('',#892);
#892 = CARTESIAN_POINT('',(-2.442490654175E-15,97.263962,1.04));
#893 = CIRCLE('',#894,3.000001172987);
#894 = AXIS2_PLACEMENT_3D('',#895,#896,#897);
#895 = CARTESIAN_POINT('',(3.000001172987,97.263960827013,1.04));
#896 = DIRECTION('',(0.,0.,-1.));
#897 = DIRECTION('',(-1.,3.909953663434E-07,0.));
#898 = ORIENTED_EDGE('',*,*,#899,.F.);
#899 = EDGE_CURVE('',#900,#891,#902,.T.);
#900 = VERTEX_POINT('',#901);
#901 = CARTESIAN_POINT('',(0.,3.,1.04));
#902 = LINE('',#903,#904);
#903 = CARTESIAN_POINT('',(0.,3.,1.04));
#904 = VECTOR('',#905,1.);
#905 = DIRECTION('',(0.,1.,0.));
#906 = ORIENTED_EDGE('',*,*,#907,.F.);
#907 = EDGE_CURVE('',#908,#900,#910,.T.);
#908 = VERTEX_POINT('',#909);
#909 = CARTESIAN_POINT('',(3.,-2.22044604925E-16,1.04));
#910 = CIRCLE('',#911,3.000001172987);
#911 = AXIS2_PLACEMENT_3D('',#912,#913,#914);
#912 = CARTESIAN_POINT('',(3.000001172987,3.000001172987,1.04));
#913 = DIRECTION('',(0.,0.,-1.));
#914 = DIRECTION('',(-3.909953624946E-07,-1.,-0.));
#915 = ORIENTED_EDGE('',*,*,#916,.F.);
#916 = EDGE_CURVE('',#917,#908,#919,.T.);
#917 = VERTEX_POINT('',#918);
#918 = CARTESIAN_POINT('',(65.,1.7763568394E-15,1.04));
#919 = LINE('',#920,#921);
#920 = CARTESIAN_POINT('',(65.,0.,1.04));
#921 = VECTOR('',#922,1.);
#922 = DIRECTION('',(-1.,0.,0.));
#923 = ORIENTED_EDGE('',*,*,#924,.F.);
#924 = EDGE_CURVE('',#114,#917,#925,.T.);
#925 = CIRCLE('',#926,3.000001172987);
#926 = AXIS2_PLACEMENT_3D('',#927,#928,#929);
#927 = CARTESIAN_POINT('',(64.999998827013,3.000001172987,1.04));
#928 = DIRECTION('',(0.,0.,-1.));
#929 = DIRECTION('',(1.,-3.909953636789E-07,0.));
#930 = ORIENTED_EDGE('',*,*,#113,.F.);
#931 = FACE_BOUND('',#932,.T.);
#932 = EDGE_LOOP('',(#933));
#933 = ORIENTED_EDGE('',*,*,#934,.T.);
#934 = EDGE_CURVE('',#935,#935,#937,.T.);
#935 = VERTEX_POINT('',#936);
#936 = CARTESIAN_POINT('',(8.,5.75,1.04));
#937 = CIRCLE('',#938,2.25);
#938 = AXIS2_PLACEMENT_3D('',#939,#940,#941);
#939 = CARTESIAN_POINT('',(8.,8.,1.04));
#940 = DIRECTION('',(-0.,0.,-1.));
#941 = DIRECTION('',(-0.,-1.,0.));
#942 = FACE_BOUND('',#943,.T.);
#943 = EDGE_LOOP('',(#944));
#944 = ORIENTED_EDGE('',*,*,#945,.T.);
#945 = EDGE_CURVE('',#946,#946,#948,.T.);
#946 = VERTEX_POINT('',#947);
#947 = CARTESIAN_POINT('',(32.02,11.413962,1.04));
#948 = CIRCLE('',#949,0.85);
#949 = AXIS2_PLACEMENT_3D('',#950,#951,#952);
#950 = CARTESIAN_POINT('',(32.02,12.263962,1.04));
#951 = DIRECTION('',(-0.,0.,-1.));
#952 = DIRECTION('',(8.35932630306E-15,-1.,-0.));
#953 = FACE_BOUND('',#954,.T.);
#954 = EDGE_LOOP('',(#955));
#955 = ORIENTED_EDGE('',*,*,#956,.T.);
#956 = EDGE_CURVE('',#957,#957,#959,.T.);
#957 = VERTEX_POINT('',#958);
#958 = CARTESIAN_POINT('',(27.6,19.063962,1.04));
#959 = CIRCLE('',#960,0.7);
#960 = AXIS2_PLACEMENT_3D('',#961,#962,#963);
#961 = CARTESIAN_POINT('',(27.6,19.763962,1.04));
#962 = DIRECTION('',(-0.,0.,-1.));
#963 = DIRECTION('',(-0.,-1.,0.));
#964 = FACE_BOUND('',#965,.T.);
#965 = EDGE_LOOP('',(#966));
#966 = ORIENTED_EDGE('',*,*,#967,.T.);
#967 = EDGE_CURVE('',#968,#968,#970,.T.);
#968 = VERTEX_POINT('',#969);
#969 = CARTESIAN_POINT('',(27.6,21.563962,1.04));
#970 = CIRCLE('',#971,0.7);
#971 = AXIS2_PLACEMENT_3D('',#972,#973,#974);
#972 = CARTESIAN_POINT('',(27.6,22.263962,1.04));
#973 = DIRECTION('',(-0.,0.,-1.));
#974 = DIRECTION('',(-0.,-1.,0.));
#975 = FACE_BOUND('',#976,.T.);
#976 = EDGE_LOOP('',(#977));
#977 = ORIENTED_EDGE('',*,*,#978,.T.);
#978 = EDGE_CURVE('',#979,#979,#981,.T.);
#979 = VERTEX_POINT('',#980);
#980 = CARTESIAN_POINT('',(31.1,19.063962,1.04));
#981 = CIRCLE('',#982,0.7);
#982 = AXIS2_PLACEMENT_3D('',#983,#984,#985);
#983 = CARTESIAN_POINT('',(31.1,19.763962,1.04));
#984 = DIRECTION('',(-0.,0.,-1.));
#985 = DIRECTION('',(-0.,-1.,0.));
#986 = FACE_BOUND('',#987,.T.);
#987 = EDGE_LOOP('',(#988));
#988 = ORIENTED_EDGE('',*,*,#989,.T.);
#989 = EDGE_CURVE('',#990,#990,#992,.T.);
#990 = VERTEX_POINT('',#991);
#991 = CARTESIAN_POINT('',(31.1,21.563962,1.04));
#992 = CIRCLE('',#993,0.7);
#993 = AXIS2_PLACEMENT_3D('',#994,#995,#996);
#994 = CARTESIAN_POINT('',(31.1,22.263962,1.04));
#995 = DIRECTION('',(-0.,0.,-1.));
#996 = DIRECTION('',(-0.,-1.,0.));
#997 = FACE_BOUND('',#998,.T.);
#998 = EDGE_LOOP('',(#999));
#999 = ORIENTED_EDGE('',*,*,#1000,.T.);
#1000 = EDGE_CURVE('',#1001,#1001,#1003,.T.);
#1001 = VERTEX_POINT('',#1002);
#1002 = CARTESIAN_POINT('',(11.,32.413962,1.04));
#1003 = CIRCLE('',#1004,0.85);
#1004 = AXIS2_PLACEMENT_3D('',#1005,#1006,#1007);
#1005 = CARTESIAN_POINT('',(11.,33.263962,1.04));
#1006 = DIRECTION('',(-0.,0.,-1.));
#1007 = DIRECTION('',(-0.,-1.,0.));
#1008 = FACE_BOUND('',#1009,.T.);
#1009 = EDGE_LOOP('',(#1010));
#1010 = ORIENTED_EDGE('',*,*,#1011,.T.);
#1011 = EDGE_CURVE('',#1012,#1012,#1014,.T.);
#1012 = VERTEX_POINT('',#1013);
#1013 = CARTESIAN_POINT('',(14.96,32.413962,1.04));
#1014 = CIRCLE('',#1015,0.85);
#1015 = AXIS2_PLACEMENT_3D('',#1016,#1017,#1018);
#1016 = CARTESIAN_POINT('',(14.96,33.263962,1.04));
#1017 = DIRECTION('',(-0.,0.,-1.));
#1018 = DIRECTION('',(-0.,-1.,0.));
#1019 = FACE_BOUND('',#1020,.T.);
#1020 = EDGE_LOOP('',(#1021));
#1021 = ORIENTED_EDGE('',*,*,#1022,.T.);
#1022 = EDGE_CURVE('',#1023,#1023,#1025,.T.);
#1023 = VERTEX_POINT('',#1024);
#1024 = CARTESIAN_POINT('',(7.,40.063962,1.04));
#1025 = CIRCLE('',#1026,0.7);
#1026 = AXIS2_PLACEMENT_3D('',#1027,#1028,#1029);
#1027 = CARTESIAN_POINT('',(7.,40.763962,1.04));
#1028 = DIRECTION('',(-0.,0.,-1.));
#1029 = DIRECTION('',(-0.,-1.,0.));
#1030 = FACE_BOUND('',#1031,.T.);
#1031 = EDGE_LOOP('',(#1032));
#1032 = ORIENTED_EDGE('',*,*,#1033,.T.);
#1033 = EDGE_CURVE('',#1034,#1034,#1036,.T.);
#1034 = VERTEX_POINT('',#1035);
#1035 = CARTESIAN_POINT('',(7.,42.563962,1.04));
#1036 = CIRCLE('',#1037,0.7);
#1037 = AXIS2_PLACEMENT_3D('',#1038,#1039,#1040);
#1038 = CARTESIAN_POINT('',(7.,43.263962,1.04));
#1039 = DIRECTION('',(-0.,0.,-1.));
#1040 = DIRECTION('',(-0.,-1.,0.));
#1041 = FACE_BOUND('',#1042,.T.);
#1042 = EDGE_LOOP('',(#1043));
#1043 = ORIENTED_EDGE('',*,*,#1044,.T.);
#1044 = EDGE_CURVE('',#1045,#1045,#1047,.T.);
#1045 = VERTEX_POINT('',#1046);
#1046 = CARTESIAN_POINT('',(10.5,40.063962,1.04));
#1047 = CIRCLE('',#1048,0.7);
#1048 = AXIS2_PLACEMENT_3D('',#1049,#1050,#1051);
#1049 = CARTESIAN_POINT('',(10.5,40.763962,1.04));
#1050 = DIRECTION('',(-0.,0.,-1.));
#1051 = DIRECTION('',(-0.,-1.,0.));
#1052 = FACE_BOUND('',#1053,.T.);
#1053 = EDGE_LOOP('',(#1054));
#1054 = ORIENTED_EDGE('',*,*,#1055,.T.);
#1055 = EDGE_CURVE('',#1056,#1056,#1058,.T.);
#1056 = VERTEX_POINT('',#1057);
#1057 = CARTESIAN_POINT('',(10.5,42.563962,1.04));
#1058 = CIRCLE('',#1059,0.7);
#1059 = AXIS2_PLACEMENT_3D('',#1060,#1061,#1062);
#1060 = CARTESIAN_POINT('',(10.5,43.263962,1.04));
#1061 = DIRECTION('',(-0.,0.,-1.));
#1062 = DIRECTION('',(-0.,-1.,0.));
#1063 = FACE_BOUND('',#1064,.T.);
#1064 = EDGE_LOOP('',(#1065));
#1065 = ORIENTED_EDGE('',*,*,#1066,.T.);
#1066 = EDGE_CURVE('',#1067,#1067,#1069,.T.);
#1067 = VERTEX_POINT('',#1068);
#1068 = CARTESIAN_POINT('',(16.3,40.063962,1.04));
#1069 = CIRCLE('',#1070,0.7);
#1070 = AXIS2_PLACEMENT_3D('',#1071,#1072,#1073);
#1071 = CARTESIAN_POINT('',(16.3,40.763962,1.04));
#1072 = DIRECTION('',(-0.,0.,-1.));
#1073 = DIRECTION('',(-0.,-1.,0.));
#1074 = FACE_BOUND('',#1075,.T.);
#1075 = EDGE_LOOP('',(#1076));
#1076 = ORIENTED_EDGE('',*,*,#1077,.T.);
#1077 = EDGE_CURVE('',#1078,#1078,#1080,.T.);
#1078 = VERTEX_POINT('',#1079);
#1079 = CARTESIAN_POINT('',(13.4,40.813962,1.04));
#1080 = CIRCLE('',#1081,1.2);
#1081 = AXIS2_PLACEMENT_3D('',#1082,#1083,#1084);
#1082 = CARTESIAN_POINT('',(13.4,42.013962,1.04));
#1083 = DIRECTION('',(-0.,0.,-1.));
#1084 = DIRECTION('',(1.480297366167E-15,-1.,-0.));
#1085 = FACE_BOUND('',#1086,.T.);
#1086 = EDGE_LOOP('',(#1087));
#1087 = ORIENTED_EDGE('',*,*,#1088,.T.);
#1088 = EDGE_CURVE('',#1089,#1089,#1091,.T.);
#1089 = VERTEX_POINT('',#1090);
#1090 = CARTESIAN_POINT('',(16.3,42.563962,1.04));
#1091 = CIRCLE('',#1092,0.7);
#1092 = AXIS2_PLACEMENT_3D('',#1093,#1094,#1095);
#1093 = CARTESIAN_POINT('',(16.3,43.263962,1.04));
#1094 = DIRECTION('',(-0.,0.,-1.));
#1095 = DIRECTION('',(-0.,-1.,0.));
#1096 = FACE_BOUND('',#1097,.T.);
#1097 = EDGE_LOOP('',(#1098));
#1098 = ORIENTED_EDGE('',*,*,#1099,.T.);
#1099 = EDGE_CURVE('',#1100,#1100,#1102,.T.);
#1100 = VERTEX_POINT('',#1101);
#1101 = CARTESIAN_POINT('',(19.8,40.063962,1.04));
#1102 = CIRCLE('',#1103,0.7);
#1103 = AXIS2_PLACEMENT_3D('',#1104,#1105,#1106);
#1104 = CARTESIAN_POINT('',(19.8,40.763962,1.04));
#1105 = DIRECTION('',(-0.,0.,-1.));
#1106 = DIRECTION('',(-0.,-1.,0.));
#1107 = FACE_BOUND('',#1108,.T.);
#1108 = EDGE_LOOP('',(#1109));
#1109 = ORIENTED_EDGE('',*,*,#1110,.T.);
#1110 = EDGE_CURVE('',#1111,#1111,#1113,.T.);
#1111 = VERTEX_POINT('',#1112);
#1112 = CARTESIAN_POINT('',(19.8,42.563962,1.04));
#1113 = CIRCLE('',#1114,0.7);
#1114 = AXIS2_PLACEMENT_3D('',#1115,#1116,#1117);
#1115 = CARTESIAN_POINT('',(19.8,43.263962,1.04));
#1116 = DIRECTION('',(-0.,0.,-1.));
#1117 = DIRECTION('',(-0.,-1.,0.));
#1118 = FACE_BOUND('',#1119,.T.);
#1119 = EDGE_LOOP('',(#1120));
#1120 = ORIENTED_EDGE('',*,*,#1121,.T.);
#1121 = EDGE_CURVE('',#1122,#1122,#1124,.T.);
#1122 = VERTEX_POINT('',#1123);
#1123 = CARTESIAN_POINT('',(35.98,11.413962,1.04));
#1124 = CIRCLE('',#1125,0.85);
#1125 = AXIS2_PLACEMENT_3D('',#1126,#1127,#1128);
#1126 = CARTESIAN_POINT('',(35.98,12.263962,1.04));
#1127 = DIRECTION('',(-0.,0.,-1.));
#1128 = DIRECTION('',(-8.35932630306E-15,-1.,0.));
#1129 = FACE_BOUND('',#1130,.T.);
#1130 = EDGE_LOOP('',(#1131));
#1131 = ORIENTED_EDGE('',*,*,#1132,.T.);
#1132 = EDGE_CURVE('',#1133,#1133,#1135,.T.);
#1133 = VERTEX_POINT('',#1134);
#1134 = CARTESIAN_POINT('',(34.,19.813962,1.04));
#1135 = CIRCLE('',#1136,1.2);
#1136 = AXIS2_PLACEMENT_3D('',#1137,#1138,#1139);
#1137 = CARTESIAN_POINT('',(34.,21.013962,1.04));
#1138 = DIRECTION('',(-0.,0.,-1.));
#1139 = DIRECTION('',(-0.,-1.,0.));
#1140 = FACE_BOUND('',#1141,.T.);
#1141 = EDGE_LOOP('',(#1142));
#1142 = ORIENTED_EDGE('',*,*,#1143,.T.);
#1143 = EDGE_CURVE('',#1144,#1144,#1146,.T.);
#1144 = VERTEX_POINT('',#1145);
#1145 = CARTESIAN_POINT('',(36.9,19.063962,1.04));
#1146 = CIRCLE('',#1147,0.7);
#1147 = AXIS2_PLACEMENT_3D('',#1148,#1149,#1150);
#1148 = CARTESIAN_POINT('',(36.9,19.763962,1.04));
#1149 = DIRECTION('',(-0.,0.,-1.));
#1150 = DIRECTION('',(-1.015061051086E-14,-1.,0.));
#1151 = FACE_BOUND('',#1152,.T.);
#1152 = EDGE_LOOP('',(#1153));
#1153 = ORIENTED_EDGE('',*,*,#1154,.T.);
#1154 = EDGE_CURVE('',#1155,#1155,#1157,.T.);
#1155 = VERTEX_POINT('',#1156);
#1156 = CARTESIAN_POINT('',(36.9,21.563962,1.04));
#1157 = CIRCLE('',#1158,0.7);
#1158 = AXIS2_PLACEMENT_3D('',#1159,#1160,#1161);
#1159 = CARTESIAN_POINT('',(36.9,22.263962,1.04));
#1160 = DIRECTION('',(-0.,0.,-1.));
#1161 = DIRECTION('',(-1.015061051086E-14,-1.,0.));
#1162 = FACE_BOUND('',#1163,.T.);
#1163 = EDGE_LOOP('',(#1164));
#1164 = ORIENTED_EDGE('',*,*,#1165,.T.);
#1165 = EDGE_CURVE('',#1166,#1166,#1168,.T.);
#1166 = VERTEX_POINT('',#1167);
#1167 = CARTESIAN_POINT('',(40.4,19.063962,1.04));
#1168 = CIRCLE('',#1169,0.7);
#1169 = AXIS2_PLACEMENT_3D('',#1170,#1171,#1172);
#1170 = CARTESIAN_POINT('',(40.4,19.763962,1.04));
#1171 = DIRECTION('',(-0.,0.,-1.));
#1172 = DIRECTION('',(-1.015061051086E-14,-1.,0.));
#1173 = FACE_BOUND('',#1174,.T.);
#1174 = EDGE_LOOP('',(#1175));
#1175 = ORIENTED_EDGE('',*,*,#1176,.T.);
#1176 = EDGE_CURVE('',#1177,#1177,#1179,.T.);
#1177 = VERTEX_POINT('',#1178);
#1178 = CARTESIAN_POINT('',(40.4,21.563962,1.04));
#1179 = CIRCLE('',#1180,0.7);
#1180 = AXIS2_PLACEMENT_3D('',#1181,#1182,#1183);
#1181 = CARTESIAN_POINT('',(40.4,22.263962,1.04));
#1182 = DIRECTION('',(-0.,0.,-1.));
#1183 = DIRECTION('',(-1.015061051086E-14,-1.,0.));
#1184 = FACE_BOUND('',#1185,.T.);
#1185 = EDGE_LOOP('',(#1186));
#1186 = ORIENTED_EDGE('',*,*,#1187,.T.);
#1187 = EDGE_CURVE('',#1188,#1188,#1190,.T.);
#1188 = VERTEX_POINT('',#1189);
#1189 = CARTESIAN_POINT('',(60.,5.75,1.04));
#1190 = CIRCLE('',#1191,2.25);
#1191 = AXIS2_PLACEMENT_3D('',#1192,#1193,#1194);
#1192 = CARTESIAN_POINT('',(60.,8.,1.04));
#1193 = DIRECTION('',(-0.,0.,-1.));
#1194 = DIRECTION('',(-0.,-1.,0.));
#1195 = FACE_BOUND('',#1196,.T.);
#1196 = EDGE_LOOP('',(#1197));
#1197 = ORIENTED_EDGE('',*,*,#1198,.T.);
#1198 = EDGE_CURVE('',#1199,#1199,#1201,.T.);
#1199 = VERTEX_POINT('',#1200);
#1200 = CARTESIAN_POINT('',(44.,32.413962,1.04));
#1201 = CIRCLE('',#1202,0.85);
#1202 = AXIS2_PLACEMENT_3D('',#1203,#1204,#1205);
#1203 = CARTESIAN_POINT('',(44.,33.263962,1.04));
#1204 = DIRECTION('',(-0.,0.,-1.));
#1205 = DIRECTION('',(-0.,-1.,0.));
#1206 = FACE_BOUND('',#1207,.T.);
#1207 = EDGE_LOOP('',(#1208));
#1208 = ORIENTED_EDGE('',*,*,#1209,.T.);
#1209 = EDGE_CURVE('',#1210,#1210,#1212,.T.);
#1210 = VERTEX_POINT('',#1211);
#1211 = CARTESIAN_POINT('',(47.96,32.413962,1.04));
#1212 = CIRCLE('',#1213,0.85);
#1213 = AXIS2_PLACEMENT_3D('',#1214,#1215,#1216);
#1214 = CARTESIAN_POINT('',(47.96,33.263962,1.04));
#1215 = DIRECTION('',(-0.,0.,-1.));
#1216 = DIRECTION('',(-0.,-1.,0.));
#1217 = FACE_BOUND('',#1218,.T.);
#1218 = EDGE_LOOP('',(#1219));
#1219 = ORIENTED_EDGE('',*,*,#1220,.T.);
#1220 = EDGE_CURVE('',#1221,#1221,#1223,.T.);
#1221 = VERTEX_POINT('',#1222);
#1222 = CARTESIAN_POINT('',(40.,40.063962,1.04));
#1223 = CIRCLE('',#1224,0.7);
#1224 = AXIS2_PLACEMENT_3D('',#1225,#1226,#1227);
#1225 = CARTESIAN_POINT('',(40.,40.763962,1.04));
#1226 = DIRECTION('',(-0.,0.,-1.));
#1227 = DIRECTION('',(-0.,-1.,0.));
#1228 = FACE_BOUND('',#1229,.T.);
#1229 = EDGE_LOOP('',(#1230));
#1230 = ORIENTED_EDGE('',*,*,#1231,.T.);
#1231 = EDGE_CURVE('',#1232,#1232,#1234,.T.);
#1232 = VERTEX_POINT('',#1233);
#1233 = CARTESIAN_POINT('',(40.,42.563962,1.04));
#1234 = CIRCLE('',#1235,0.7);
#1235 = AXIS2_PLACEMENT_3D('',#1236,#1237,#1238);
#1236 = CARTESIAN_POINT('',(40.,43.263962,1.04));
#1237 = DIRECTION('',(-0.,0.,-1.));
#1238 = DIRECTION('',(-0.,-1.,0.));
#1239 = FACE_BOUND('',#1240,.T.);
#1240 = EDGE_LOOP('',(#1241));
#1241 = ORIENTED_EDGE('',*,*,#1242,.T.);
#1242 = EDGE_CURVE('',#1243,#1243,#1245,.T.);
#1243 = VERTEX_POINT('',#1244);
#1244 = CARTESIAN_POINT('',(43.5,40.063962,1.04));
#1245 = CIRCLE('',#1246,0.7);
#1246 = AXIS2_PLACEMENT_3D('',#1247,#1248,#1249);
#1247 = CARTESIAN_POINT('',(43.5,40.763962,1.04));
#1248 = DIRECTION('',(-0.,0.,-1.));
#1249 = DIRECTION('',(-0.,-1.,0.));
#1250 = FACE_BOUND('',#1251,.T.);
#1251 = EDGE_LOOP('',(#1252));
#1252 = ORIENTED_EDGE('',*,*,#1253,.T.);
#1253 = EDGE_CURVE('',#1254,#1254,#1256,.T.);
#1254 = VERTEX_POINT('',#1255);
#1255 = CARTESIAN_POINT('',(43.5,42.563962,1.04));
#1256 = CIRCLE('',#1257,0.7);
#1257 = AXIS2_PLACEMENT_3D('',#1258,#1259,#1260);
#1258 = CARTESIAN_POINT('',(43.5,43.263962,1.04));
#1259 = DIRECTION('',(-0.,0.,-1.));
#1260 = DIRECTION('',(-0.,-1.,0.));
#1261 = FACE_BOUND('',#1262,.T.);
#1262 = EDGE_LOOP('',(#1263));
#1263 = ORIENTED_EDGE('',*,*,#1264,.T.);
#1264 = EDGE_CURVE('',#1265,#1265,#1267,.T.);
#1265 = VERTEX_POINT('',#1266);
#1266 = CARTESIAN_POINT('',(46.4,40.813962,1.04));
#1267 = CIRCLE('',#1268,1.2);
#1268 = AXIS2_PLACEMENT_3D('',#1269,#1270,#1271);
#1269 = CARTESIAN_POINT('',(46.4,42.013962,1.04));
#1270 = DIRECTION('',(-0.,0.,-1.));
#1271 = DIRECTION('',(-5.921189464668E-15,-1.,0.));
#1272 = FACE_BOUND('',#1273,.T.);
#1273 = EDGE_LOOP('',(#1274));
#1274 = ORIENTED_EDGE('',*,*,#1275,.T.);
#1275 = EDGE_CURVE('',#1276,#1276,#1278,.T.);
#1276 = VERTEX_POINT('',#1277);
#1277 = CARTESIAN_POINT('',(49.3,40.063962,1.04));
#1278 = CIRCLE('',#1279,0.7);
#1279 = AXIS2_PLACEMENT_3D('',#1280,#1281,#1282);
#1280 = CARTESIAN_POINT('',(49.3,40.763962,1.04));
#1281 = DIRECTION('',(-0.,0.,-1.));
#1282 = DIRECTION('',(-0.,-1.,0.));
#1283 = FACE_BOUND('',#1284,.T.);
#1284 = EDGE_LOOP('',(#1285));
#1285 = ORIENTED_EDGE('',*,*,#1286,.T.);
#1286 = EDGE_CURVE('',#1287,#1287,#1289,.T.);
#1287 = VERTEX_POINT('',#1288);
#1288 = CARTESIAN_POINT('',(49.3,42.563962,1.04));
#1289 = CIRCLE('',#1290,0.7);
#1290 = AXIS2_PLACEMENT_3D('',#1291,#1292,#1293);
#1291 = CARTESIAN_POINT('',(49.3,43.263962,1.04));
#1292 = DIRECTION('',(-0.,0.,-1.));
#1293 = DIRECTION('',(-0.,-1.,0.));
#1294 = FACE_BOUND('',#1295,.T.);
#1295 = EDGE_LOOP('',(#1296));
#1296 = ORIENTED_EDGE('',*,*,#1297,.T.);
#1297 = EDGE_CURVE('',#1298,#1298,#1300,.T.);
#1298 = VERTEX_POINT('',#1299);
#1299 = CARTESIAN_POINT('',(52.8,40.063962,1.04));
#1300 = CIRCLE('',#1301,0.7);
#1301 = AXIS2_PLACEMENT_3D('',#1302,#1303,#1304);
#1302 = CARTESIAN_POINT('',(52.8,40.763962,1.04));
#1303 = DIRECTION('',(-0.,0.,-1.));
#1304 = DIRECTION('',(-0.,-1.,0.));
#1305 = FACE_BOUND('',#1306,.T.);
#1306 = EDGE_LOOP('',(#1307));
#1307 = ORIENTED_EDGE('',*,*,#1308,.T.);
#1308 = EDGE_CURVE('',#1309,#1309,#1311,.T.);
#1309 = VERTEX_POINT('',#1310);
#1310 = CARTESIAN_POINT('',(52.8,42.563962,1.04));
#1311 = CIRCLE('',#1312,0.7);
#1312 = AXIS2_PLACEMENT_3D('',#1313,#1314,#1315);
#1313 = CARTESIAN_POINT('',(52.8,43.263962,1.04));
#1314 = DIRECTION('',(-0.,0.,-1.));
#1315 = DIRECTION('',(-0.,-1.,0.));
#1316 = FACE_BOUND('',#1317,.T.);
#1317 = EDGE_LOOP('',(#1318));
#1318 = ORIENTED_EDGE('',*,*,#1319,.T.);
#1319 = EDGE_CURVE('',#1320,#1320,#1322,.T.);
#1320 = VERTEX_POINT('',#1321);
#1321 = CARTESIAN_POINT('',(11.,53.413962,1.04));
#1322 = CIRCLE('',#1323,0.85);
#1323 = AXIS2_PLACEMENT_3D('',#1324,#1325,#1326);
#1324 = CARTESIAN_POINT('',(11.,54.263962,1.04));
#1325 = DIRECTION('',(-0.,0.,-1.));
#1326 = DIRECTION('',(-0.,-1.,0.));
#1327 = FACE_BOUND('',#1328,.T.);
#1328 = EDGE_LOOP('',(#1329));
#1329 = ORIENTED_EDGE('',*,*,#1330,.T.);
#1330 = EDGE_CURVE('',#1331,#1331,#1333,.T.);
#1331 = VERTEX_POINT('',#1332);
#1332 = CARTESIAN_POINT('',(14.96,53.413962,1.04));
#1333 = CIRCLE('',#1334,0.85);
#1334 = AXIS2_PLACEMENT_3D('',#1335,#1336,#1337);
#1335 = CARTESIAN_POINT('',(14.96,54.263962,1.04));
#1336 = DIRECTION('',(-0.,0.,-1.));
#1337 = DIRECTION('',(-0.,-1.,0.));
#1338 = FACE_BOUND('',#1339,.T.);
#1339 = EDGE_LOOP('',(#1340));
#1340 = ORIENTED_EDGE('',*,*,#1341,.T.);
#1341 = EDGE_CURVE('',#1342,#1342,#1344,.T.);
#1342 = VERTEX_POINT('',#1343);
#1343 = CARTESIAN_POINT('',(7.,61.063962,1.04));
#1344 = CIRCLE('',#1345,0.7);
#1345 = AXIS2_PLACEMENT_3D('',#1346,#1347,#1348);
#1346 = CARTESIAN_POINT('',(7.,61.763962,1.04));
#1347 = DIRECTION('',(-0.,0.,-1.));
#1348 = DIRECTION('',(-0.,-1.,0.));
#1349 = FACE_BOUND('',#1350,.T.);
#1350 = EDGE_LOOP('',(#1351));
#1351 = ORIENTED_EDGE('',*,*,#1352,.T.);
#1352 = EDGE_CURVE('',#1353,#1353,#1355,.T.);
#1353 = VERTEX_POINT('',#1354);
#1354 = CARTESIAN_POINT('',(7.,63.563962,1.04));
#1355 = CIRCLE('',#1356,0.7);
#1356 = AXIS2_PLACEMENT_3D('',#1357,#1358,#1359);
#1357 = CARTESIAN_POINT('',(7.,64.263962,1.04));
#1358 = DIRECTION('',(-0.,0.,-1.));
#1359 = DIRECTION('',(-0.,-1.,0.));
#1360 = FACE_BOUND('',#1361,.T.);
#1361 = EDGE_LOOP('',(#1362));
#1362 = ORIENTED_EDGE('',*,*,#1363,.T.);
#1363 = EDGE_CURVE('',#1364,#1364,#1366,.T.);
#1364 = VERTEX_POINT('',#1365);
#1365 = CARTESIAN_POINT('',(10.5,61.063962,1.04));
#1366 = CIRCLE('',#1367,0.7);
#1367 = AXIS2_PLACEMENT_3D('',#1368,#1369,#1370);
#1368 = CARTESIAN_POINT('',(10.5,61.763962,1.04));
#1369 = DIRECTION('',(-0.,0.,-1.));
#1370 = DIRECTION('',(-0.,-1.,0.));
#1371 = FACE_BOUND('',#1372,.T.);
#1372 = EDGE_LOOP('',(#1373));
#1373 = ORIENTED_EDGE('',*,*,#1374,.T.);
#1374 = EDGE_CURVE('',#1375,#1375,#1377,.T.);
#1375 = VERTEX_POINT('',#1376);
#1376 = CARTESIAN_POINT('',(10.5,63.563962,1.04));
#1377 = CIRCLE('',#1378,0.7);
#1378 = AXIS2_PLACEMENT_3D('',#1379,#1380,#1381);
#1379 = CARTESIAN_POINT('',(10.5,64.263962,1.04));
#1380 = DIRECTION('',(-0.,0.,-1.));
#1381 = DIRECTION('',(-0.,-1.,0.));
#1382 = FACE_BOUND('',#1383,.T.);
#1383 = EDGE_LOOP('',(#1384));
#1384 = ORIENTED_EDGE('',*,*,#1385,.T.);
#1385 = EDGE_CURVE('',#1386,#1386,#1388,.T.);
#1386 = VERTEX_POINT('',#1387);
#1387 = CARTESIAN_POINT('',(13.4,61.813962,1.04));
#1388 = CIRCLE('',#1389,1.2);
#1389 = AXIS2_PLACEMENT_3D('',#1390,#1391,#1392);
#1390 = CARTESIAN_POINT('',(13.4,63.013962,1.04));
#1391 = DIRECTION('',(-0.,0.,-1.));
#1392 = DIRECTION('',(1.480297366167E-15,-1.,-0.));
#1393 = FACE_BOUND('',#1394,.T.);
#1394 = EDGE_LOOP('',(#1395));
#1395 = ORIENTED_EDGE('',*,*,#1396,.T.);
#1396 = EDGE_CURVE('',#1397,#1397,#1399,.T.);
#1397 = VERTEX_POINT('',#1398);
#1398 = CARTESIAN_POINT('',(16.3,61.063962,1.04));
#1399 = CIRCLE('',#1400,0.7);
#1400 = AXIS2_PLACEMENT_3D('',#1401,#1402,#1403);
#1401 = CARTESIAN_POINT('',(16.3,61.763962,1.04));
#1402 = DIRECTION('',(-0.,0.,-1.));
#1403 = DIRECTION('',(-0.,-1.,0.));
#1404 = FACE_BOUND('',#1405,.T.);
#1405 = EDGE_LOOP('',(#1406));
#1406 = ORIENTED_EDGE('',*,*,#1407,.T.);
#1407 = EDGE_CURVE('',#1408,#1408,#1410,.T.);
#1408 = VERTEX_POINT('',#1409);
#1409 = CARTESIAN_POINT('',(16.3,63.563962,1.04));
#1410 = CIRCLE('',#1411,0.7);
#1411 = AXIS2_PLACEMENT_3D('',#1412,#1413,#1414);
#1412 = CARTESIAN_POINT('',(16.3,64.263962,1.04));
#1413 = DIRECTION('',(-0.,0.,-1.));
#1414 = DIRECTION('',(-0.,-1.,0.));
#1415 = FACE_BOUND('',#1416,.T.);
#1416 = EDGE_LOOP('',(#1417));
#1417 = ORIENTED_EDGE('',*,*,#1418,.T.);
#1418 = EDGE_CURVE('',#1419,#1419,#1421,.T.);
#1419 = VERTEX_POINT('',#1420);
#1420 = CARTESIAN_POINT('',(19.8,61.063962,1.04));
#1421 = CIRCLE('',#1422,0.7);
#1422 = AXIS2_PLACEMENT_3D('',#1423,#1424,#1425);
#1423 = CARTESIAN_POINT('',(19.8,61.763962,1.04));
#1424 = DIRECTION('',(-0.,0.,-1.));
#1425 = DIRECTION('',(-0.,-1.,0.));
#1426 = FACE_BOUND('',#1427,.T.);
#1427 = EDGE_LOOP('',(#1428));
#1428 = ORIENTED_EDGE('',*,*,#1429,.T.);
#1429 = EDGE_CURVE('',#1430,#1430,#1432,.T.);
#1430 = VERTEX_POINT('',#1431);
#1431 = CARTESIAN_POINT('',(19.8,63.563962,1.04));
#1432 = CIRCLE('',#1433,0.7);
#1433 = AXIS2_PLACEMENT_3D('',#1434,#1435,#1436);
#1434 = CARTESIAN_POINT('',(19.8,64.263962,1.04));
#1435 = DIRECTION('',(-0.,0.,-1.));
#1436 = DIRECTION('',(-0.,-1.,0.));
#1437 = FACE_BOUND('',#1438,.T.);
#1438 = EDGE_LOOP('',(#1439));
#1439 = ORIENTED_EDGE('',*,*,#1440,.T.);
#1440 = EDGE_CURVE('',#1441,#1441,#1443,.T.);
#1441 = VERTEX_POINT('',#1442);
#1442 = CARTESIAN_POINT('',(8.,90.013962,1.04));
#1443 = CIRCLE('',#1444,2.25);
#1444 = AXIS2_PLACEMENT_3D('',#1445,#1446,#1447);
#1445 = CARTESIAN_POINT('',(8.,92.263962,1.04));
#1446 = DIRECTION('',(-0.,0.,-1.));
#1447 = DIRECTION('',(-0.,-1.,0.));
#1448 = FACE_BOUND('',#1449,.T.);
#1449 = EDGE_LOOP('',(#1450));
#1450 = ORIENTED_EDGE('',*,*,#1451,.T.);
#1451 = EDGE_CURVE('',#1452,#1452,#1454,.T.);
#1452 = VERTEX_POINT('',#1453);
#1453 = CARTESIAN_POINT('',(26.82,86.553962,1.04));
#1454 = CIRCLE('',#1455,0.75);
#1455 = AXIS2_PLACEMENT_3D('',#1456,#1457,#1458);
#1456 = CARTESIAN_POINT('',(26.82,87.303962,1.04));
#1457 = DIRECTION('',(-0.,0.,-1.));
#1458 = DIRECTION('',(-0.,-1.,0.));
#1459 = FACE_BOUND('',#1460,.T.);
#1460 = EDGE_LOOP('',(#1461));
#1461 = ORIENTED_EDGE('',*,*,#1462,.T.);
#1462 = EDGE_CURVE('',#1463,#1463,#1465,.T.);
#1463 = VERTEX_POINT('',#1464);
#1464 = CARTESIAN_POINT('',(30.82,86.553962,1.04));
#1465 = CIRCLE('',#1466,0.75);
#1466 = AXIS2_PLACEMENT_3D('',#1467,#1468,#1469);
#1467 = CARTESIAN_POINT('',(30.82,87.303962,1.04));
#1468 = DIRECTION('',(-0.,0.,-1.));
#1469 = DIRECTION('',(-0.,-1.,0.));
#1470 = FACE_BOUND('',#1471,.T.);
#1471 = EDGE_LOOP('',(#1472));
#1472 = ORIENTED_EDGE('',*,*,#1473,.T.);
#1473 = EDGE_CURVE('',#1474,#1474,#1476,.T.);
#1474 = VERTEX_POINT('',#1475);
#1475 = CARTESIAN_POINT('',(44.,53.413962,1.04));
#1476 = CIRCLE('',#1477,0.85);
#1477 = AXIS2_PLACEMENT_3D('',#1478,#1479,#1480);
#1478 = CARTESIAN_POINT('',(44.,54.263962,1.04));
#1479 = DIRECTION('',(-0.,0.,-1.));
#1480 = DIRECTION('',(-0.,-1.,0.));
#1481 = FACE_BOUND('',#1482,.T.);
#1482 = EDGE_LOOP('',(#1483));
#1483 = ORIENTED_EDGE('',*,*,#1484,.T.);
#1484 = EDGE_CURVE('',#1485,#1485,#1487,.T.);
#1485 = VERTEX_POINT('',#1486);
#1486 = CARTESIAN_POINT('',(47.96,53.413962,1.04));
#1487 = CIRCLE('',#1488,0.85);
#1488 = AXIS2_PLACEMENT_3D('',#1489,#1490,#1491);
#1489 = CARTESIAN_POINT('',(47.96,54.263962,1.04));
#1490 = DIRECTION('',(-0.,0.,-1.));
#1491 = DIRECTION('',(-0.,-1.,0.));
#1492 = FACE_BOUND('',#1493,.T.);
#1493 = EDGE_LOOP('',(#1494));
#1494 = ORIENTED_EDGE('',*,*,#1495,.T.);
#1495 = EDGE_CURVE('',#1496,#1496,#1498,.T.);
#1496 = VERTEX_POINT('',#1497);
#1497 = CARTESIAN_POINT('',(40.,61.063962,1.04));
#1498 = CIRCLE('',#1499,0.7);
#1499 = AXIS2_PLACEMENT_3D('',#1500,#1501,#1502);
#1500 = CARTESIAN_POINT('',(40.,61.763962,1.04));
#1501 = DIRECTION('',(-0.,0.,-1.));
#1502 = DIRECTION('',(-0.,-1.,0.));
#1503 = FACE_BOUND('',#1504,.T.);
#1504 = EDGE_LOOP('',(#1505));
#1505 = ORIENTED_EDGE('',*,*,#1506,.T.);
#1506 = EDGE_CURVE('',#1507,#1507,#1509,.T.);
#1507 = VERTEX_POINT('',#1508);
#1508 = CARTESIAN_POINT('',(40.,63.563962,1.04));
#1509 = CIRCLE('',#1510,0.7);
#1510 = AXIS2_PLACEMENT_3D('',#1511,#1512,#1513);
#1511 = CARTESIAN_POINT('',(40.,64.263962,1.04));
#1512 = DIRECTION('',(-0.,0.,-1.));
#1513 = DIRECTION('',(-0.,-1.,0.));
#1514 = FACE_BOUND('',#1515,.T.);
#1515 = EDGE_LOOP('',(#1516));
#1516 = ORIENTED_EDGE('',*,*,#1517,.T.);
#1517 = EDGE_CURVE('',#1518,#1518,#1520,.T.);
#1518 = VERTEX_POINT('',#1519);
#1519 = CARTESIAN_POINT('',(43.5,61.063962,1.04));
#1520 = CIRCLE('',#1521,0.7);
#1521 = AXIS2_PLACEMENT_3D('',#1522,#1523,#1524);
#1522 = CARTESIAN_POINT('',(43.5,61.763962,1.04));
#1523 = DIRECTION('',(-0.,0.,-1.));
#1524 = DIRECTION('',(-0.,-1.,0.));
#1525 = FACE_BOUND('',#1526,.T.);
#1526 = EDGE_LOOP('',(#1527));
#1527 = ORIENTED_EDGE('',*,*,#1528,.T.);
#1528 = EDGE_CURVE('',#1529,#1529,#1531,.T.);
#1529 = VERTEX_POINT('',#1530);
#1530 = CARTESIAN_POINT('',(43.5,63.563962,1.04));
#1531 = CIRCLE('',#1532,0.7);
#1532 = AXIS2_PLACEMENT_3D('',#1533,#1534,#1535);
#1533 = CARTESIAN_POINT('',(43.5,64.263962,1.04));
#1534 = DIRECTION('',(-0.,0.,-1.));
#1535 = DIRECTION('',(-0.,-1.,0.));
#1536 = FACE_BOUND('',#1537,.T.);
#1537 = EDGE_LOOP('',(#1538));
#1538 = ORIENTED_EDGE('',*,*,#1539,.T.);
#1539 = EDGE_CURVE('',#1540,#1540,#1542,.T.);
#1540 = VERTEX_POINT('',#1541);
#1541 = CARTESIAN_POINT('',(46.4,61.813962,1.04));
#1542 = CIRCLE('',#1543,1.2);
#1543 = AXIS2_PLACEMENT_3D('',#1544,#1545,#1546);
#1544 = CARTESIAN_POINT('',(46.4,63.013962,1.04));
#1545 = DIRECTION('',(-0.,0.,-1.));
#1546 = DIRECTION('',(-5.921189464668E-15,-1.,0.));
#1547 = FACE_BOUND('',#1548,.T.);
#1548 = EDGE_LOOP('',(#1549));
#1549 = ORIENTED_EDGE('',*,*,#1550,.T.);
#1550 = EDGE_CURVE('',#1551,#1551,#1553,.T.);
#1551 = VERTEX_POINT('',#1552);
#1552 = CARTESIAN_POINT('',(49.3,61.063962,1.04));
#1553 = CIRCLE('',#1554,0.7);
#1554 = AXIS2_PLACEMENT_3D('',#1555,#1556,#1557);
#1555 = CARTESIAN_POINT('',(49.3,61.763962,1.04));
#1556 = DIRECTION('',(-0.,0.,-1.));
#1557 = DIRECTION('',(-0.,-1.,0.));
#1558 = FACE_BOUND('',#1559,.T.);
#1559 = EDGE_LOOP('',(#1560));
#1560 = ORIENTED_EDGE('',*,*,#1561,.T.);
#1561 = EDGE_CURVE('',#1562,#1562,#1564,.T.);
#1562 = VERTEX_POINT('',#1563);
#1563 = CARTESIAN_POINT('',(49.3,63.563962,1.04));
#1564 = CIRCLE('',#1565,0.7);
#1565 = AXIS2_PLACEMENT_3D('',#1566,#1567,#1568);
#1566 = CARTESIAN_POINT('',(49.3,64.263962,1.04));
#1567 = DIRECTION('',(-0.,0.,-1.));
#1568 = DIRECTION('',(-0.,-1.,0.));
#1569 = FACE_BOUND('',#1570,.T.);
#1570 = EDGE_LOOP('',(#1571));
#1571 = ORIENTED_EDGE('',*,*,#1572,.T.);
#1572 = EDGE_CURVE('',#1573,#1573,#1575,.T.);
#1573 = VERTEX_POINT('',#1574);
#1574 = CARTESIAN_POINT('',(52.8,61.063962,1.04));
#1575 = CIRCLE('',#1576,0.7);
#1576 = AXIS2_PLACEMENT_3D('',#1577,#1578,#1579);
#1577 = CARTESIAN_POINT('',(52.8,61.763962,1.04));
#1578 = DIRECTION('',(-0.,0.,-1.));
#1579 = DIRECTION('',(-0.,-1.,0.));
#1580 = FACE_BOUND('',#1581,.T.);
#1581 = EDGE_LOOP('',(#1582));
#1582 = ORIENTED_EDGE('',*,*,#1583,.T.);
#1583 = EDGE_CURVE('',#1584,#1584,#1586,.T.);
#1584 = VERTEX_POINT('',#1585);
#1585 = CARTESIAN_POINT('',(52.8,63.563962,1.04));
#1586 = CIRCLE('',#1587,0.7);
#1587 = AXIS2_PLACEMENT_3D('',#1588,#1589,#1590);
#1588 = CARTESIAN_POINT('',(52.8,64.263962,1.04));
#1589 = DIRECTION('',(-0.,0.,-1.));
#1590 = DIRECTION('',(-0.,-1.,0.));
#1591 = FACE_BOUND('',#1592,.T.);
#1592 = EDGE_LOOP('',(#1593));
#1593 = ORIENTED_EDGE('',*,*,#1594,.T.);
#1594 = EDGE_CURVE('',#1595,#1595,#1597,.T.);
#1595 = VERTEX_POINT('',#1596);
#1596 = CARTESIAN_POINT('',(36.98,76.393962,1.04));
#1597 = CIRCLE('',#1598,0.75);
#1598 = AXIS2_PLACEMENT_3D('',#1599,#1600,#1601);
#1599 = CARTESIAN_POINT('',(36.98,77.143962,1.04));
#1600 = DIRECTION('',(-0.,0.,-1.));
#1601 = DIRECTION('',(-0.,-1.,0.));
#1602 = FACE_BOUND('',#1603,.T.);
#1603 = EDGE_LOOP('',(#1604));
#1604 = ORIENTED_EDGE('',*,*,#1605,.T.);
#1605 = EDGE_CURVE('',#1606,#1606,#1608,.T.);
#1606 = VERTEX_POINT('',#1607);
#1607 = CARTESIAN_POINT('',(40.98,76.393962,1.04));
#1608 = CIRCLE('',#1609,0.75);
#1609 = AXIS2_PLACEMENT_3D('',#1610,#1611,#1612);
#1610 = CARTESIAN_POINT('',(40.98,77.143962,1.04));
#1611 = DIRECTION('',(-0.,0.,-1.));
#1612 = DIRECTION('',(-0.,-1.,0.));
#1613 = FACE_BOUND('',#1614,.T.);
#1614 = EDGE_LOOP('',(#1615));
#1615 = ORIENTED_EDGE('',*,*,#1616,.T.);
#1616 = EDGE_CURVE('',#1617,#1617,#1619,.T.);
#1617 = VERTEX_POINT('',#1618);
#1618 = CARTESIAN_POINT('',(60.,90.013962,1.04));
#1619 = CIRCLE('',#1620,2.25);
#1620 = AXIS2_PLACEMENT_3D('',#1621,#1622,#1623);
#1621 = CARTESIAN_POINT('',(60.,92.263962,1.04));
#1622 = DIRECTION('',(-0.,0.,-1.));
#1623 = DIRECTION('',(-0.,-1.,0.));
#1624 = PLANE('',#1625);
#1625 = AXIS2_PLACEMENT_3D('',#1626,#1627,#1628);
#1626 = CARTESIAN_POINT('',(0.,0.,1.04));
#1627 = DIRECTION('',(0.,0.,1.));
#1628 = DIRECTION('',(1.,0.,-0.));
#1629 = ADVANCED_FACE('',(#1630),#1641,.T.);
#1630 = FACE_BOUND('',#1631,.T.);
#1631 = EDGE_LOOP('',(#1632,#1638,#1639,#1640));
#1632 = ORIENTED_EDGE('',*,*,#1633,.T.);
#1633 = EDGE_CURVE('',#146,#891,#1634,.T.);
#1634 = LINE('',#1635,#1636);
#1635 = CARTESIAN_POINT('',(-2.442490654175E-15,97.263962,0.));
#1636 = VECTOR('',#1637,1.);
#1637 = DIRECTION('',(0.,0.,1.));
#1638 = ORIENTED_EDGE('',*,*,#890,.T.);
#1639 = ORIENTED_EDGE('',*,*,#81,.F.);
#1640 = ORIENTED_EDGE('',*,*,#145,.F.);
#1641 = CYLINDRICAL_SURFACE('',#1642,3.000001172987);
#1642 = AXIS2_PLACEMENT_3D('',#1643,#1644,#1645);
#1643 = CARTESIAN_POINT('',(3.000001172987,97.263960827013,0.));
#1644 = DIRECTION('',(0.,0.,-1.));
#1645 = DIRECTION('',(-1.,3.909953663434E-07,0.));
#1646 = ADVANCED_FACE('',(#1647),#1658,.T.);
#1647 = FACE_BOUND('',#1648,.T.);
#1648 = EDGE_LOOP('',(#1649,#1650,#1651,#1657));
#1649 = ORIENTED_EDGE('',*,*,#121,.T.);
#1650 = ORIENTED_EDGE('',*,*,#924,.T.);
#1651 = ORIENTED_EDGE('',*,*,#1652,.F.);
#1652 = EDGE_CURVE('',#172,#917,#1653,.T.);
#1653 = LINE('',#1654,#1655);
#1654 = CARTESIAN_POINT('',(65.,1.7763568394E-15,0.));
#1655 = VECTOR('',#1656,1.);
#1656 = DIRECTION('',(0.,0.,1.));
#1657 = ORIENTED_EDGE('',*,*,#179,.F.);
#1658 = CYLINDRICAL_SURFACE('',#1659,3.000001172987);
#1659 = AXIS2_PLACEMENT_3D('',#1660,#1661,#1662);
#1660 = CARTESIAN_POINT('',(64.999998827013,3.000001172987,0.));
#1661 = DIRECTION('',(0.,0.,-1.));
#1662 = DIRECTION('',(1.,-3.909953636789E-07,0.));
#1663 = ADVANCED_FACE('',(#1664),#1675,.T.);
#1664 = FACE_BOUND('',#1665,.T.);
#1665 = EDGE_LOOP('',(#1666,#1672,#1673,#1674));
#1666 = ORIENTED_EDGE('',*,*,#1667,.T.);
#1667 = EDGE_CURVE('',#155,#900,#1668,.T.);
#1668 = LINE('',#1669,#1670);
#1669 = CARTESIAN_POINT('',(0.,3.,0.));
#1670 = VECTOR('',#1671,1.);
#1671 = DIRECTION('',(0.,0.,1.));
#1672 = ORIENTED_EDGE('',*,*,#899,.T.);
#1673 = ORIENTED_EDGE('',*,*,#1633,.F.);
#1674 = ORIENTED_EDGE('',*,*,#154,.F.);
#1675 = PLANE('',#1676);
#1676 = AXIS2_PLACEMENT_3D('',#1677,#1678,#1679);
#1677 = CARTESIAN_POINT('',(0.,3.,0.));
#1678 = DIRECTION('',(-1.,0.,0.));
#1679 = DIRECTION('',(0.,1.,0.));
#1680 = ADVANCED_FACE('',(#1681),#1692,.T.);
#1681 = FACE_BOUND('',#1682,.T.);
#1682 = EDGE_LOOP('',(#1683,#1684,#1685,#1691));
#1683 = ORIENTED_EDGE('',*,*,#1652,.T.);
#1684 = ORIENTED_EDGE('',*,*,#916,.T.);
#1685 = ORIENTED_EDGE('',*,*,#1686,.F.);
#1686 = EDGE_CURVE('',#163,#908,#1687,.T.);
#1687 = LINE('',#1688,#1689);
#1688 = CARTESIAN_POINT('',(3.,-2.22044604925E-16,0.));
#1689 = VECTOR('',#1690,1.);
#1690 = DIRECTION('',(0.,0.,1.));
#1691 = ORIENTED_EDGE('',*,*,#171,.F.);
#1692 = PLANE('',#1693);
#1693 = AXIS2_PLACEMENT_3D('',#1694,#1695,#1696);
#1694 = CARTESIAN_POINT('',(65.,0.,0.));
#1695 = DIRECTION('',(0.,-1.,0.));
#1696 = DIRECTION('',(-1.,0.,0.));
#1697 = ADVANCED_FACE('',(#1698),#1704,.T.);
#1698 = FACE_BOUND('',#1699,.T.);
#1699 = EDGE_LOOP('',(#1700,#1701,#1702,#1703));
#1700 = ORIENTED_EDGE('',*,*,#1686,.T.);
#1701 = ORIENTED_EDGE('',*,*,#907,.T.);
#1702 = ORIENTED_EDGE('',*,*,#1667,.F.);
#1703 = ORIENTED_EDGE('',*,*,#162,.F.);
#1704 = CYLINDRICAL_SURFACE('',#1705,3.000001172987);
#1705 = AXIS2_PLACEMENT_3D('',#1706,#1707,#1708);
#1706 = CARTESIAN_POINT('',(3.000001172987,3.000001172987,0.));
#1707 = DIRECTION('',(0.,0.,-1.));
#1708 = DIRECTION('',(-3.909953624946E-07,-1.,-0.));
#1709 = ADVANCED_FACE('',(#1710),#1721,.F.);
#1710 = FACE_BOUND('',#1711,.T.);
#1711 = EDGE_LOOP('',(#1712,#1713,#1719,#1720));
#1712 = ORIENTED_EDGE('',*,*,#189,.T.);
#1713 = ORIENTED_EDGE('',*,*,#1714,.T.);
#1714 = EDGE_CURVE('',#190,#935,#1715,.T.);
#1715 = LINE('',#1716,#1717);
#1716 = CARTESIAN_POINT('',(8.,5.75,-8.1E-02));
#1717 = VECTOR('',#1718,1.);
#1718 = DIRECTION('',(0.,0.,1.));
#1719 = ORIENTED_EDGE('',*,*,#934,.F.);
#1720 = ORIENTED_EDGE('',*,*,#1714,.F.);
#1721 = CYLINDRICAL_SURFACE('',#1722,2.25);
#1722 = AXIS2_PLACEMENT_3D('',#1723,#1724,#1725);
#1723 = CARTESIAN_POINT('',(8.,8.,-8.1E-02));
#1724 = DIRECTION('',(-0.,-0.,-1.));
#1725 = DIRECTION('',(-0.,-1.,0.));
#1726 = ADVANCED_FACE('',(#1727),#1738,.F.);
#1727 = FACE_BOUND('',#1728,.T.);
#1728 = EDGE_LOOP('',(#1729,#1730,#1736,#1737));
#1729 = ORIENTED_EDGE('',*,*,#200,.T.);
#1730 = ORIENTED_EDGE('',*,*,#1731,.T.);
#1731 = EDGE_CURVE('',#201,#946,#1732,.T.);
#1732 = LINE('',#1733,#1734);
#1733 = CARTESIAN_POINT('',(32.02,11.413962,-8.1E-02));
#1734 = VECTOR('',#1735,1.);
#1735 = DIRECTION('',(0.,0.,1.));
#1736 = ORIENTED_EDGE('',*,*,#945,.F.);
#1737 = ORIENTED_EDGE('',*,*,#1731,.F.);
#1738 = CYLINDRICAL_SURFACE('',#1739,0.85);
#1739 = AXIS2_PLACEMENT_3D('',#1740,#1741,#1742);
#1740 = CARTESIAN_POINT('',(32.02,12.263962,-8.1E-02));
#1741 = DIRECTION('',(-0.,0.,-1.));
#1742 = DIRECTION('',(8.35932630306E-15,-1.,-0.));
#1743 = ADVANCED_FACE('',(#1744),#1755,.F.);
#1744 = FACE_BOUND('',#1745,.T.);
#1745 = EDGE_LOOP('',(#1746,#1747,#1753,#1754));
#1746 = ORIENTED_EDGE('',*,*,#211,.T.);
#1747 = ORIENTED_EDGE('',*,*,#1748,.T.);
#1748 = EDGE_CURVE('',#212,#957,#1749,.T.);
#1749 = LINE('',#1750,#1751);
#1750 = CARTESIAN_POINT('',(27.6,19.063962,-8.1E-02));
#1751 = VECTOR('',#1752,1.);
#1752 = DIRECTION('',(0.,0.,1.));
#1753 = ORIENTED_EDGE('',*,*,#956,.F.);
#1754 = ORIENTED_EDGE('',*,*,#1748,.F.);
#1755 = CYLINDRICAL_SURFACE('',#1756,0.7);
#1756 = AXIS2_PLACEMENT_3D('',#1757,#1758,#1759);
#1757 = CARTESIAN_POINT('',(27.6,19.763962,-8.1E-02));
#1758 = DIRECTION('',(-0.,-0.,-1.));
#1759 = DIRECTION('',(-0.,-1.,0.));
#1760 = ADVANCED_FACE('',(#1761),#1772,.F.);
#1761 = FACE_BOUND('',#1762,.T.);
#1762 = EDGE_LOOP('',(#1763,#1764,#1770,#1771));
#1763 = ORIENTED_EDGE('',*,*,#222,.T.);
#1764 = ORIENTED_EDGE('',*,*,#1765,.T.);
#1765 = EDGE_CURVE('',#223,#968,#1766,.T.);
#1766 = LINE('',#1767,#1768);
#1767 = CARTESIAN_POINT('',(27.6,21.563962,-8.1E-02));
#1768 = VECTOR('',#1769,1.);
#1769 = DIRECTION('',(0.,0.,1.));
#1770 = ORIENTED_EDGE('',*,*,#967,.F.);
#1771 = ORIENTED_EDGE('',*,*,#1765,.F.);
#1772 = CYLINDRICAL_SURFACE('',#1773,0.7);
#1773 = AXIS2_PLACEMENT_3D('',#1774,#1775,#1776);
#1774 = CARTESIAN_POINT('',(27.6,22.263962,-8.1E-02));
#1775 = DIRECTION('',(-0.,-0.,-1.));
#1776 = DIRECTION('',(-0.,-1.,0.));
#1777 = ADVANCED_FACE('',(#1778),#1789,.F.);
#1778 = FACE_BOUND('',#1779,.T.);
#1779 = EDGE_LOOP('',(#1780,#1781,#1787,#1788));
#1780 = ORIENTED_EDGE('',*,*,#233,.T.);
#1781 = ORIENTED_EDGE('',*,*,#1782,.T.);
#1782 = EDGE_CURVE('',#234,#979,#1783,.T.);
#1783 = LINE('',#1784,#1785);
#1784 = CARTESIAN_POINT('',(31.1,19.063962,-8.1E-02));
#1785 = VECTOR('',#1786,1.);
#1786 = DIRECTION('',(0.,0.,1.));
#1787 = ORIENTED_EDGE('',*,*,#978,.F.);
#1788 = ORIENTED_EDGE('',*,*,#1782,.F.);
#1789 = CYLINDRICAL_SURFACE('',#1790,0.7);
#1790 = AXIS2_PLACEMENT_3D('',#1791,#1792,#1793);
#1791 = CARTESIAN_POINT('',(31.1,19.763962,-8.1E-02));
#1792 = DIRECTION('',(-0.,-0.,-1.));
#1793 = DIRECTION('',(-0.,-1.,0.));
#1794 = ADVANCED_FACE('',(#1795),#1806,.F.);
#1795 = FACE_BOUND('',#1796,.T.);
#1796 = EDGE_LOOP('',(#1797,#1798,#1804,#1805));
#1797 = ORIENTED_EDGE('',*,*,#244,.T.);
#1798 = ORIENTED_EDGE('',*,*,#1799,.T.);
#1799 = EDGE_CURVE('',#245,#990,#1800,.T.);
#1800 = LINE('',#1801,#1802);
#1801 = CARTESIAN_POINT('',(31.1,21.563962,-8.1E-02));
#1802 = VECTOR('',#1803,1.);
#1803 = DIRECTION('',(0.,0.,1.));
#1804 = ORIENTED_EDGE('',*,*,#989,.F.);
#1805 = ORIENTED_EDGE('',*,*,#1799,.F.);
#1806 = CYLINDRICAL_SURFACE('',#1807,0.7);
#1807 = AXIS2_PLACEMENT_3D('',#1808,#1809,#1810);
#1808 = CARTESIAN_POINT('',(31.1,22.263962,-8.1E-02));
#1809 = DIRECTION('',(-0.,-0.,-1.));
#1810 = DIRECTION('',(-0.,-1.,0.));
#1811 = ADVANCED_FACE('',(#1812),#1823,.F.);
#1812 = FACE_BOUND('',#1813,.T.);
#1813 = EDGE_LOOP('',(#1814,#1815,#1821,#1822));
#1814 = ORIENTED_EDGE('',*,*,#255,.T.);
#1815 = ORIENTED_EDGE('',*,*,#1816,.T.);
#1816 = EDGE_CURVE('',#256,#1001,#1817,.T.);
#1817 = LINE('',#1818,#1819);
#1818 = CARTESIAN_POINT('',(11.,32.413962,-8.1E-02));
#1819 = VECTOR('',#1820,1.);
#1820 = DIRECTION('',(0.,0.,1.));
#1821 = ORIENTED_EDGE('',*,*,#1000,.F.);
#1822 = ORIENTED_EDGE('',*,*,#1816,.F.);
#1823 = CYLINDRICAL_SURFACE('',#1824,0.85);
#1824 = AXIS2_PLACEMENT_3D('',#1825,#1826,#1827);
#1825 = CARTESIAN_POINT('',(11.,33.263962,-8.1E-02));
#1826 = DIRECTION('',(-0.,-0.,-1.));
#1827 = DIRECTION('',(-0.,-1.,0.));
#1828 = ADVANCED_FACE('',(#1829),#1840,.F.);
#1829 = FACE_BOUND('',#1830,.T.);
#1830 = EDGE_LOOP('',(#1831,#1832,#1838,#1839));
#1831 = ORIENTED_EDGE('',*,*,#266,.T.);
#1832 = ORIENTED_EDGE('',*,*,#1833,.T.);
#1833 = EDGE_CURVE('',#267,#1012,#1834,.T.);
#1834 = LINE('',#1835,#1836);
#1835 = CARTESIAN_POINT('',(14.96,32.413962,-8.1E-02));
#1836 = VECTOR('',#1837,1.);
#1837 = DIRECTION('',(0.,0.,1.));
#1838 = ORIENTED_EDGE('',*,*,#1011,.F.);
#1839 = ORIENTED_EDGE('',*,*,#1833,.F.);
#1840 = CYLINDRICAL_SURFACE('',#1841,0.85);
#1841 = AXIS2_PLACEMENT_3D('',#1842,#1843,#1844);
#1842 = CARTESIAN_POINT('',(14.96,33.263962,-8.1E-02));
#1843 = DIRECTION('',(-0.,-0.,-1.));
#1844 = DIRECTION('',(-0.,-1.,0.));
#1845 = ADVANCED_FACE('',(#1846),#1857,.F.);
#1846 = FACE_BOUND('',#1847,.T.);
#1847 = EDGE_LOOP('',(#1848,#1849,#1855,#1856));
#1848 = ORIENTED_EDGE('',*,*,#277,.T.);
#1849 = ORIENTED_EDGE('',*,*,#1850,.T.);
#1850 = EDGE_CURVE('',#278,#1023,#1851,.T.);
#1851 = LINE('',#1852,#1853);
#1852 = CARTESIAN_POINT('',(7.,40.063962,-8.1E-02));
#1853 = VECTOR('',#1854,1.);
#1854 = DIRECTION('',(0.,0.,1.));
#1855 = ORIENTED_EDGE('',*,*,#1022,.F.);
#1856 = ORIENTED_EDGE('',*,*,#1850,.F.);
#1857 = CYLINDRICAL_SURFACE('',#1858,0.7);
#1858 = AXIS2_PLACEMENT_3D('',#1859,#1860,#1861);
#1859 = CARTESIAN_POINT('',(7.,40.763962,-8.1E-02));
#1860 = DIRECTION('',(-0.,-0.,-1.));
#1861 = DIRECTION('',(-0.,-1.,0.));
#1862 = ADVANCED_FACE('',(#1863),#1874,.F.);
#1863 = FACE_BOUND('',#1864,.T.);
#1864 = EDGE_LOOP('',(#1865,#1866,#1872,#1873));
#1865 = ORIENTED_EDGE('',*,*,#288,.T.);
#1866 = ORIENTED_EDGE('',*,*,#1867,.T.);
#1867 = EDGE_CURVE('',#289,#1034,#1868,.T.);
#1868 = LINE('',#1869,#1870);
#1869 = CARTESIAN_POINT('',(7.,42.563962,-8.1E-02));
#1870 = VECTOR('',#1871,1.);
#1871 = DIRECTION('',(0.,0.,1.));
#1872 = ORIENTED_EDGE('',*,*,#1033,.F.);
#1873 = ORIENTED_EDGE('',*,*,#1867,.F.);
#1874 = CYLINDRICAL_SURFACE('',#1875,0.7);
#1875 = AXIS2_PLACEMENT_3D('',#1876,#1877,#1878);
#1876 = CARTESIAN_POINT('',(7.,43.263962,-8.1E-02));
#1877 = DIRECTION('',(-0.,-0.,-1.));
#1878 = DIRECTION('',(-0.,-1.,0.));
#1879 = ADVANCED_FACE('',(#1880),#1891,.F.);
#1880 = FACE_BOUND('',#1881,.T.);
#1881 = EDGE_LOOP('',(#1882,#1883,#1889,#1890));
#1882 = ORIENTED_EDGE('',*,*,#299,.T.);
#1883 = ORIENTED_EDGE('',*,*,#1884,.T.);
#1884 = EDGE_CURVE('',#300,#1045,#1885,.T.);
#1885 = LINE('',#1886,#1887);
#1886 = CARTESIAN_POINT('',(10.5,40.063962,-8.1E-02));
#1887 = VECTOR('',#1888,1.);
#1888 = DIRECTION('',(0.,0.,1.));
#1889 = ORIENTED_EDGE('',*,*,#1044,.F.);
#1890 = ORIENTED_EDGE('',*,*,#1884,.F.);
#1891 = CYLINDRICAL_SURFACE('',#1892,0.7);
#1892 = AXIS2_PLACEMENT_3D('',#1893,#1894,#1895);
#1893 = CARTESIAN_POINT('',(10.5,40.763962,-8.1E-02));
#1894 = DIRECTION('',(-0.,-0.,-1.));
#1895 = DIRECTION('',(-0.,-1.,0.));
#1896 = ADVANCED_FACE('',(#1897),#1908,.F.);
#1897 = FACE_BOUND('',#1898,.T.);
#1898 = EDGE_LOOP('',(#1899,#1900,#1906,#1907));
#1899 = ORIENTED_EDGE('',*,*,#310,.T.);
#1900 = ORIENTED_EDGE('',*,*,#1901,.T.);
#1901 = EDGE_CURVE('',#311,#1056,#1902,.T.);
#1902 = LINE('',#1903,#1904);
#1903 = CARTESIAN_POINT('',(10.5,42.563962,-8.1E-02));
#1904 = VECTOR('',#1905,1.);
#1905 = DIRECTION('',(0.,0.,1.));
#1906 = ORIENTED_EDGE('',*,*,#1055,.F.);
#1907 = ORIENTED_EDGE('',*,*,#1901,.F.);
#1908 = CYLINDRICAL_SURFACE('',#1909,0.7);
#1909 = AXIS2_PLACEMENT_3D('',#1910,#1911,#1912);
#1910 = CARTESIAN_POINT('',(10.5,43.263962,-8.1E-02));
#1911 = DIRECTION('',(-0.,-0.,-1.));
#1912 = DIRECTION('',(-0.,-1.,0.));
#1913 = ADVANCED_FACE('',(#1914),#1925,.F.);
#1914 = FACE_BOUND('',#1915,.T.);
#1915 = EDGE_LOOP('',(#1916,#1917,#1923,#1924));
#1916 = ORIENTED_EDGE('',*,*,#321,.T.);
#1917 = ORIENTED_EDGE('',*,*,#1918,.T.);
#1918 = EDGE_CURVE('',#322,#1067,#1919,.T.);
#1919 = LINE('',#1920,#1921);
#1920 = CARTESIAN_POINT('',(16.3,40.063962,-8.1E-02));
#1921 = VECTOR('',#1922,1.);
#1922 = DIRECTION('',(0.,0.,1.));
#1923 = ORIENTED_EDGE('',*,*,#1066,.F.);
#1924 = ORIENTED_EDGE('',*,*,#1918,.F.);
#1925 = CYLINDRICAL_SURFACE('',#1926,0.7);
#1926 = AXIS2_PLACEMENT_3D('',#1927,#1928,#1929);
#1927 = CARTESIAN_POINT('',(16.3,40.763962,-8.1E-02));
#1928 = DIRECTION('',(-0.,-0.,-1.));
#1929 = DIRECTION('',(-0.,-1.,0.));
#1930 = ADVANCED_FACE('',(#1931),#1942,.F.);
#1931 = FACE_BOUND('',#1932,.T.);
#1932 = EDGE_LOOP('',(#1933,#1934,#1940,#1941));
#1933 = ORIENTED_EDGE('',*,*,#332,.T.);
#1934 = ORIENTED_EDGE('',*,*,#1935,.T.);
#1935 = EDGE_CURVE('',#333,#1078,#1936,.T.);
#1936 = LINE('',#1937,#1938);
#1937 = CARTESIAN_POINT('',(13.4,40.813962,-8.1E-02));
#1938 = VECTOR('',#1939,1.);
#1939 = DIRECTION('',(0.,0.,1.));
#1940 = ORIENTED_EDGE('',*,*,#1077,.F.);
#1941 = ORIENTED_EDGE('',*,*,#1935,.F.);
#1942 = CYLINDRICAL_SURFACE('',#1943,1.2);
#1943 = AXIS2_PLACEMENT_3D('',#1944,#1945,#1946);
#1944 = CARTESIAN_POINT('',(13.4,42.013962,-8.1E-02));
#1945 = DIRECTION('',(-0.,0.,-1.));
#1946 = DIRECTION('',(1.480297366167E-15,-1.,-0.));
#1947 = ADVANCED_FACE('',(#1948),#1959,.F.);
#1948 = FACE_BOUND('',#1949,.T.);
#1949 = EDGE_LOOP('',(#1950,#1951,#1957,#1958));
#1950 = ORIENTED_EDGE('',*,*,#343,.T.);
#1951 = ORIENTED_EDGE('',*,*,#1952,.T.);
#1952 = EDGE_CURVE('',#344,#1089,#1953,.T.);
#1953 = LINE('',#1954,#1955);
#1954 = CARTESIAN_POINT('',(16.3,42.563962,-8.1E-02));
#1955 = VECTOR('',#1956,1.);
#1956 = DIRECTION('',(0.,0.,1.));
#1957 = ORIENTED_EDGE('',*,*,#1088,.F.);
#1958 = ORIENTED_EDGE('',*,*,#1952,.F.);
#1959 = CYLINDRICAL_SURFACE('',#1960,0.7);
#1960 = AXIS2_PLACEMENT_3D('',#1961,#1962,#1963);
#1961 = CARTESIAN_POINT('',(16.3,43.263962,-8.1E-02));
#1962 = DIRECTION('',(-0.,-0.,-1.));
#1963 = DIRECTION('',(-0.,-1.,0.));
#1964 = ADVANCED_FACE('',(#1965),#1976,.F.);
#1965 = FACE_BOUND('',#1966,.T.);
#1966 = EDGE_LOOP('',(#1967,#1968,#1974,#1975));
#1967 = ORIENTED_EDGE('',*,*,#354,.T.);
#1968 = ORIENTED_EDGE('',*,*,#1969,.T.);
#1969 = EDGE_CURVE('',#355,#1100,#1970,.T.);
#1970 = LINE('',#1971,#1972);
#1971 = CARTESIAN_POINT('',(19.8,40.063962,-8.1E-02));
#1972 = VECTOR('',#1973,1.);
#1973 = DIRECTION('',(0.,0.,1.));
#1974 = ORIENTED_EDGE('',*,*,#1099,.F.);
#1975 = ORIENTED_EDGE('',*,*,#1969,.F.);
#1976 = CYLINDRICAL_SURFACE('',#1977,0.7);
#1977 = AXIS2_PLACEMENT_3D('',#1978,#1979,#1980);
#1978 = CARTESIAN_POINT('',(19.8,40.763962,-8.1E-02));
#1979 = DIRECTION('',(-0.,-0.,-1.));
#1980 = DIRECTION('',(-0.,-1.,0.));
#1981 = ADVANCED_FACE('',(#1982),#1993,.F.);
#1982 = FACE_BOUND('',#1983,.T.);
#1983 = EDGE_LOOP('',(#1984,#1985,#1991,#1992));
#1984 = ORIENTED_EDGE('',*,*,#365,.T.);
#1985 = ORIENTED_EDGE('',*,*,#1986,.T.);
#1986 = EDGE_CURVE('',#366,#1111,#1987,.T.);
#1987 = LINE('',#1988,#1989);
#1988 = CARTESIAN_POINT('',(19.8,42.563962,-8.1E-02));
#1989 = VECTOR('',#1990,1.);
#1990 = DIRECTION('',(0.,0.,1.));
#1991 = ORIENTED_EDGE('',*,*,#1110,.F.);
#1992 = ORIENTED_EDGE('',*,*,#1986,.F.);
#1993 = CYLINDRICAL_SURFACE('',#1994,0.7);
#1994 = AXIS2_PLACEMENT_3D('',#1995,#1996,#1997);
#1995 = CARTESIAN_POINT('',(19.8,43.263962,-8.1E-02));
#1996 = DIRECTION('',(-0.,-0.,-1.));
#1997 = DIRECTION('',(-0.,-1.,0.));
#1998 = ADVANCED_FACE('',(#1999),#2010,.F.);
#1999 = FACE_BOUND('',#2000,.T.);
#2000 = EDGE_LOOP('',(#2001,#2002,#2008,#2009));
#2001 = ORIENTED_EDGE('',*,*,#376,.T.);
#2002 = ORIENTED_EDGE('',*,*,#2003,.T.);
#2003 = EDGE_CURVE('',#377,#1122,#2004,.T.);
#2004 = LINE('',#2005,#2006);
#2005 = CARTESIAN_POINT('',(35.98,11.413962,-8.1E-02));
#2006 = VECTOR('',#2007,1.);
#2007 = DIRECTION('',(0.,0.,1.));
#2008 = ORIENTED_EDGE('',*,*,#1121,.F.);
#2009 = ORIENTED_EDGE('',*,*,#2003,.F.);
#2010 = CYLINDRICAL_SURFACE('',#2011,0.85);
#2011 = AXIS2_PLACEMENT_3D('',#2012,#2013,#2014);
#2012 = CARTESIAN_POINT('',(35.98,12.263962,-8.1E-02));
#2013 = DIRECTION('',(-0.,-0.,-1.));
#2014 = DIRECTION('',(-8.35932630306E-15,-1.,0.));
#2015 = ADVANCED_FACE('',(#2016),#2027,.F.);
#2016 = FACE_BOUND('',#2017,.T.);
#2017 = EDGE_LOOP('',(#2018,#2019,#2025,#2026));
#2018 = ORIENTED_EDGE('',*,*,#387,.T.);
#2019 = ORIENTED_EDGE('',*,*,#2020,.T.);
#2020 = EDGE_CURVE('',#388,#1133,#2021,.T.);
#2021 = LINE('',#2022,#2023);
#2022 = CARTESIAN_POINT('',(34.,19.813962,-8.1E-02));
#2023 = VECTOR('',#2024,1.);
#2024 = DIRECTION('',(0.,0.,1.));
#2025 = ORIENTED_EDGE('',*,*,#1132,.F.);
#2026 = ORIENTED_EDGE('',*,*,#2020,.F.);
#2027 = CYLINDRICAL_SURFACE('',#2028,1.2);
#2028 = AXIS2_PLACEMENT_3D('',#2029,#2030,#2031);
#2029 = CARTESIAN_POINT('',(34.,21.013962,-8.1E-02));
#2030 = DIRECTION('',(-0.,-0.,-1.));
#2031 = DIRECTION('',(-0.,-1.,0.));
#2032 = ADVANCED_FACE('',(#2033),#2044,.F.);
#2033 = FACE_BOUND('',#2034,.T.);
#2034 = EDGE_LOOP('',(#2035,#2036,#2042,#2043));
#2035 = ORIENTED_EDGE('',*,*,#398,.T.);
#2036 = ORIENTED_EDGE('',*,*,#2037,.T.);
#2037 = EDGE_CURVE('',#399,#1144,#2038,.T.);
#2038 = LINE('',#2039,#2040);
#2039 = CARTESIAN_POINT('',(36.9,19.063962,-8.1E-02));
#2040 = VECTOR('',#2041,1.);
#2041 = DIRECTION('',(0.,0.,1.));
#2042 = ORIENTED_EDGE('',*,*,#1143,.F.);
#2043 = ORIENTED_EDGE('',*,*,#2037,.F.);
#2044 = CYLINDRICAL_SURFACE('',#2045,0.7);
#2045 = AXIS2_PLACEMENT_3D('',#2046,#2047,#2048);
#2046 = CARTESIAN_POINT('',(36.9,19.763962,-8.1E-02));
#2047 = DIRECTION('',(-0.,-0.,-1.));
#2048 = DIRECTION('',(-1.015061051086E-14,-1.,0.));
#2049 = ADVANCED_FACE('',(#2050),#2061,.F.);
#2050 = FACE_BOUND('',#2051,.T.);
#2051 = EDGE_LOOP('',(#2052,#2053,#2059,#2060));
#2052 = ORIENTED_EDGE('',*,*,#409,.T.);
#2053 = ORIENTED_EDGE('',*,*,#2054,.T.);
#2054 = EDGE_CURVE('',#410,#1155,#2055,.T.);
#2055 = LINE('',#2056,#2057);
#2056 = CARTESIAN_POINT('',(36.9,21.563962,-8.1E-02));
#2057 = VECTOR('',#2058,1.);
#2058 = DIRECTION('',(0.,0.,1.));
#2059 = ORIENTED_EDGE('',*,*,#1154,.F.);
#2060 = ORIENTED_EDGE('',*,*,#2054,.F.);
#2061 = CYLINDRICAL_SURFACE('',#2062,0.7);
#2062 = AXIS2_PLACEMENT_3D('',#2063,#2064,#2065);
#2063 = CARTESIAN_POINT('',(36.9,22.263962,-8.1E-02));
#2064 = DIRECTION('',(-0.,-0.,-1.));
#2065 = DIRECTION('',(-1.015061051086E-14,-1.,0.));
#2066 = ADVANCED_FACE('',(#2067),#2078,.F.);
#2067 = FACE_BOUND('',#2068,.T.);
#2068 = EDGE_LOOP('',(#2069,#2070,#2076,#2077));
#2069 = ORIENTED_EDGE('',*,*,#420,.T.);
#2070 = ORIENTED_EDGE('',*,*,#2071,.T.);
#2071 = EDGE_CURVE('',#421,#1166,#2072,.T.);
#2072 = LINE('',#2073,#2074);
#2073 = CARTESIAN_POINT('',(40.4,19.063962,-8.1E-02));
#2074 = VECTOR('',#2075,1.);
#2075 = DIRECTION('',(0.,0.,1.));
#2076 = ORIENTED_EDGE('',*,*,#1165,.F.);
#2077 = ORIENTED_EDGE('',*,*,#2071,.F.);
#2078 = CYLINDRICAL_SURFACE('',#2079,0.7);
#2079 = AXIS2_PLACEMENT_3D('',#2080,#2081,#2082);
#2080 = CARTESIAN_POINT('',(40.4,19.763962,-8.1E-02));
#2081 = DIRECTION('',(-0.,-0.,-1.));
#2082 = DIRECTION('',(-1.015061051086E-14,-1.,0.));
#2083 = ADVANCED_FACE('',(#2084),#2095,.F.);
#2084 = FACE_BOUND('',#2085,.T.);
#2085 = EDGE_LOOP('',(#2086,#2087,#2093,#2094));
#2086 = ORIENTED_EDGE('',*,*,#431,.T.);
#2087 = ORIENTED_EDGE('',*,*,#2088,.T.);
#2088 = EDGE_CURVE('',#432,#1177,#2089,.T.);
#2089 = LINE('',#2090,#2091);
#2090 = CARTESIAN_POINT('',(40.4,21.563962,-8.1E-02));
#2091 = VECTOR('',#2092,1.);
#2092 = DIRECTION('',(0.,0.,1.));
#2093 = ORIENTED_EDGE('',*,*,#1176,.F.);
#2094 = ORIENTED_EDGE('',*,*,#2088,.F.);
#2095 = CYLINDRICAL_SURFACE('',#2096,0.7);
#2096 = AXIS2_PLACEMENT_3D('',#2097,#2098,#2099);
#2097 = CARTESIAN_POINT('',(40.4,22.263962,-8.1E-02));
#2098 = DIRECTION('',(-0.,-0.,-1.));
#2099 = DIRECTION('',(-1.015061051086E-14,-1.,0.));
#2100 = ADVANCED_FACE('',(#2101),#2112,.F.);
#2101 = FACE_BOUND('',#2102,.T.);
#2102 = EDGE_LOOP('',(#2103,#2104,#2110,#2111));
#2103 = ORIENTED_EDGE('',*,*,#442,.T.);
#2104 = ORIENTED_EDGE('',*,*,#2105,.T.);
#2105 = EDGE_CURVE('',#443,#1188,#2106,.T.);
#2106 = LINE('',#2107,#2108);
#2107 = CARTESIAN_POINT('',(60.,5.75,-8.1E-02));
#2108 = VECTOR('',#2109,1.);
#2109 = DIRECTION('',(0.,0.,1.));
#2110 = ORIENTED_EDGE('',*,*,#1187,.F.);
#2111 = ORIENTED_EDGE('',*,*,#2105,.F.);
#2112 = CYLINDRICAL_SURFACE('',#2113,2.25);
#2113 = AXIS2_PLACEMENT_3D('',#2114,#2115,#2116);
#2114 = CARTESIAN_POINT('',(60.,8.,-8.1E-02));
#2115 = DIRECTION('',(-0.,-0.,-1.));
#2116 = DIRECTION('',(-0.,-1.,0.));
#2117 = ADVANCED_FACE('',(#2118),#2129,.F.);
#2118 = FACE_BOUND('',#2119,.T.);
#2119 = EDGE_LOOP('',(#2120,#2121,#2127,#2128));
#2120 = ORIENTED_EDGE('',*,*,#453,.T.);
#2121 = ORIENTED_EDGE('',*,*,#2122,.T.);
#2122 = EDGE_CURVE('',#454,#1199,#2123,.T.);
#2123 = LINE('',#2124,#2125);
#2124 = CARTESIAN_POINT('',(44.,32.413962,-8.1E-02));
#2125 = VECTOR('',#2126,1.);
#2126 = DIRECTION('',(0.,0.,1.));
#2127 = ORIENTED_EDGE('',*,*,#1198,.F.);
#2128 = ORIENTED_EDGE('',*,*,#2122,.F.);
#2129 = CYLINDRICAL_SURFACE('',#2130,0.85);
#2130 = AXIS2_PLACEMENT_3D('',#2131,#2132,#2133);
#2131 = CARTESIAN_POINT('',(44.,33.263962,-8.1E-02));
#2132 = DIRECTION('',(-0.,-0.,-1.));
#2133 = DIRECTION('',(-0.,-1.,0.));
#2134 = ADVANCED_FACE('',(#2135),#2146,.F.);
#2135 = FACE_BOUND('',#2136,.T.);
#2136 = EDGE_LOOP('',(#2137,#2138,#2144,#2145));
#2137 = ORIENTED_EDGE('',*,*,#464,.T.);
#2138 = ORIENTED_EDGE('',*,*,#2139,.T.);
#2139 = EDGE_CURVE('',#465,#1210,#2140,.T.);
#2140 = LINE('',#2141,#2142);
#2141 = CARTESIAN_POINT('',(47.96,32.413962,-8.1E-02));
#2142 = VECTOR('',#2143,1.);
#2143 = DIRECTION('',(0.,0.,1.));
#2144 = ORIENTED_EDGE('',*,*,#1209,.F.);
#2145 = ORIENTED_EDGE('',*,*,#2139,.F.);
#2146 = CYLINDRICAL_SURFACE('',#2147,0.85);
#2147 = AXIS2_PLACEMENT_3D('',#2148,#2149,#2150);
#2148 = CARTESIAN_POINT('',(47.96,33.263962,-8.1E-02));
#2149 = DIRECTION('',(-0.,-0.,-1.));
#2150 = DIRECTION('',(-0.,-1.,0.));
#2151 = ADVANCED_FACE('',(#2152),#2163,.F.);
#2152 = FACE_BOUND('',#2153,.T.);
#2153 = EDGE_LOOP('',(#2154,#2155,#2161,#2162));
#2154 = ORIENTED_EDGE('',*,*,#475,.T.);
#2155 = ORIENTED_EDGE('',*,*,#2156,.T.);
#2156 = EDGE_CURVE('',#476,#1221,#2157,.T.);
#2157 = LINE('',#2158,#2159);
#2158 = CARTESIAN_POINT('',(40.,40.063962,-8.1E-02));
#2159 = VECTOR('',#2160,1.);
#2160 = DIRECTION('',(0.,0.,1.));
#2161 = ORIENTED_EDGE('',*,*,#1220,.F.);
#2162 = ORIENTED_EDGE('',*,*,#2156,.F.);
#2163 = CYLINDRICAL_SURFACE('',#2164,0.7);
#2164 = AXIS2_PLACEMENT_3D('',#2165,#2166,#2167);
#2165 = CARTESIAN_POINT('',(40.,40.763962,-8.1E-02));
#2166 = DIRECTION('',(-0.,-0.,-1.));
#2167 = DIRECTION('',(-0.,-1.,0.));
#2168 = ADVANCED_FACE('',(#2169),#2180,.F.);
#2169 = FACE_BOUND('',#2170,.T.);
#2170 = EDGE_LOOP('',(#2171,#2172,#2178,#2179));
#2171 = ORIENTED_EDGE('',*,*,#486,.T.);
#2172 = ORIENTED_EDGE('',*,*,#2173,.T.);
#2173 = EDGE_CURVE('',#487,#1232,#2174,.T.);
#2174 = LINE('',#2175,#2176);
#2175 = CARTESIAN_POINT('',(40.,42.563962,-8.1E-02));
#2176 = VECTOR('',#2177,1.);
#2177 = DIRECTION('',(0.,0.,1.));
#2178 = ORIENTED_EDGE('',*,*,#1231,.F.);
#2179 = ORIENTED_EDGE('',*,*,#2173,.F.);
#2180 = CYLINDRICAL_SURFACE('',#2181,0.7);
#2181 = AXIS2_PLACEMENT_3D('',#2182,#2183,#2184);
#2182 = CARTESIAN_POINT('',(40.,43.263962,-8.1E-02));
#2183 = DIRECTION('',(-0.,-0.,-1.));
#2184 = DIRECTION('',(-0.,-1.,0.));
#2185 = ADVANCED_FACE('',(#2186),#2197,.F.);
#2186 = FACE_BOUND('',#2187,.T.);
#2187 = EDGE_LOOP('',(#2188,#2189,#2195,#2196));
#2188 = ORIENTED_EDGE('',*,*,#497,.T.);
#2189 = ORIENTED_EDGE('',*,*,#2190,.T.);
#2190 = EDGE_CURVE('',#498,#1243,#2191,.T.);
#2191 = LINE('',#2192,#2193);
#2192 = CARTESIAN_POINT('',(43.5,40.063962,-8.1E-02));
#2193 = VECTOR('',#2194,1.);
#2194 = DIRECTION('',(0.,0.,1.));
#2195 = ORIENTED_EDGE('',*,*,#1242,.F.);
#2196 = ORIENTED_EDGE('',*,*,#2190,.F.);
#2197 = CYLINDRICAL_SURFACE('',#2198,0.7);
#2198 = AXIS2_PLACEMENT_3D('',#2199,#2200,#2201);
#2199 = CARTESIAN_POINT('',(43.5,40.763962,-8.1E-02));
#2200 = DIRECTION('',(-0.,-0.,-1.));
#2201 = DIRECTION('',(-0.,-1.,0.));
#2202 = ADVANCED_FACE('',(#2203),#2214,.F.);
#2203 = FACE_BOUND('',#2204,.T.);
#2204 = EDGE_LOOP('',(#2205,#2206,#2212,#2213));
#2205 = ORIENTED_EDGE('',*,*,#508,.T.);
#2206 = ORIENTED_EDGE('',*,*,#2207,.T.);
#2207 = EDGE_CURVE('',#509,#1254,#2208,.T.);
#2208 = LINE('',#2209,#2210);
#2209 = CARTESIAN_POINT('',(43.5,42.563962,-8.1E-02));
#2210 = VECTOR('',#2211,1.);
#2211 = DIRECTION('',(0.,0.,1.));
#2212 = ORIENTED_EDGE('',*,*,#1253,.F.);
#2213 = ORIENTED_EDGE('',*,*,#2207,.F.);
#2214 = CYLINDRICAL_SURFACE('',#2215,0.7);
#2215 = AXIS2_PLACEMENT_3D('',#2216,#2217,#2218);
#2216 = CARTESIAN_POINT('',(43.5,43.263962,-8.1E-02));
#2217 = DIRECTION('',(-0.,-0.,-1.));
#2218 = DIRECTION('',(-0.,-1.,0.));
#2219 = ADVANCED_FACE('',(#2220),#2231,.F.);
#2220 = FACE_BOUND('',#2221,.T.);
#2221 = EDGE_LOOP('',(#2222,#2223,#2229,#2230));
#2222 = ORIENTED_EDGE('',*,*,#519,.T.);
#2223 = ORIENTED_EDGE('',*,*,#2224,.T.);
#2224 = EDGE_CURVE('',#520,#1265,#2225,.T.);
#2225 = LINE('',#2226,#2227);
#2226 = CARTESIAN_POINT('',(46.4,40.813962,-8.1E-02));
#2227 = VECTOR('',#2228,1.);
#2228 = DIRECTION('',(0.,0.,1.));
#2229 = ORIENTED_EDGE('',*,*,#1264,.F.);
#2230 = ORIENTED_EDGE('',*,*,#2224,.F.);
#2231 = CYLINDRICAL_SURFACE('',#2232,1.2);
#2232 = AXIS2_PLACEMENT_3D('',#2233,#2234,#2235);
#2233 = CARTESIAN_POINT('',(46.4,42.013962,-8.1E-02));
#2234 = DIRECTION('',(-0.,-0.,-1.));
#2235 = DIRECTION('',(-5.921189464668E-15,-1.,0.));
#2236 = ADVANCED_FACE('',(#2237),#2248,.F.);
#2237 = FACE_BOUND('',#2238,.T.);
#2238 = EDGE_LOOP('',(#2239,#2240,#2246,#2247));
#2239 = ORIENTED_EDGE('',*,*,#530,.T.);
#2240 = ORIENTED_EDGE('',*,*,#2241,.T.);
#2241 = EDGE_CURVE('',#531,#1276,#2242,.T.);
#2242 = LINE('',#2243,#2244);
#2243 = CARTESIAN_POINT('',(49.3,40.063962,-8.1E-02));
#2244 = VECTOR('',#2245,1.);
#2245 = DIRECTION('',(0.,0.,1.));
#2246 = ORIENTED_EDGE('',*,*,#1275,.F.);
#2247 = ORIENTED_EDGE('',*,*,#2241,.F.);
#2248 = CYLINDRICAL_SURFACE('',#2249,0.7);
#2249 = AXIS2_PLACEMENT_3D('',#2250,#2251,#2252);
#2250 = CARTESIAN_POINT('',(49.3,40.763962,-8.1E-02));
#2251 = DIRECTION('',(-0.,-0.,-1.));
#2252 = DIRECTION('',(-0.,-1.,0.));
#2253 = ADVANCED_FACE('',(#2254),#2265,.F.);
#2254 = FACE_BOUND('',#2255,.T.);
#2255 = EDGE_LOOP('',(#2256,#2257,#2263,#2264));
#2256 = ORIENTED_EDGE('',*,*,#541,.T.);
#2257 = ORIENTED_EDGE('',*,*,#2258,.T.);
#2258 = EDGE_CURVE('',#542,#1287,#2259,.T.);
#2259 = LINE('',#2260,#2261);
#2260 = CARTESIAN_POINT('',(49.3,42.563962,-8.1E-02));
#2261 = VECTOR('',#2262,1.);
#2262 = DIRECTION('',(0.,0.,1.));
#2263 = ORIENTED_EDGE('',*,*,#1286,.F.);
#2264 = ORIENTED_EDGE('',*,*,#2258,.F.);
#2265 = CYLINDRICAL_SURFACE('',#2266,0.7);
#2266 = AXIS2_PLACEMENT_3D('',#2267,#2268,#2269);
#2267 = CARTESIAN_POINT('',(49.3,43.263962,-8.1E-02));
#2268 = DIRECTION('',(-0.,-0.,-1.));
#2269 = DIRECTION('',(-0.,-1.,0.));
#2270 = ADVANCED_FACE('',(#2271),#2282,.F.);
#2271 = FACE_BOUND('',#2272,.T.);
#2272 = EDGE_LOOP('',(#2273,#2274,#2280,#2281));
#2273 = ORIENTED_EDGE('',*,*,#552,.T.);
#2274 = ORIENTED_EDGE('',*,*,#2275,.T.);
#2275 = EDGE_CURVE('',#553,#1298,#2276,.T.);
#2276 = LINE('',#2277,#2278);
#2277 = CARTESIAN_POINT('',(52.8,40.063962,-8.1E-02));
#2278 = VECTOR('',#2279,1.);
#2279 = DIRECTION('',(0.,0.,1.));
#2280 = ORIENTED_EDGE('',*,*,#1297,.F.);
#2281 = ORIENTED_EDGE('',*,*,#2275,.F.);
#2282 = CYLINDRICAL_SURFACE('',#2283,0.7);
#2283 = AXIS2_PLACEMENT_3D('',#2284,#2285,#2286);
#2284 = CARTESIAN_POINT('',(52.8,40.763962,-8.1E-02));
#2285 = DIRECTION('',(-0.,-0.,-1.));
#2286 = DIRECTION('',(-0.,-1.,0.));
#2287 = ADVANCED_FACE('',(#2288),#2299,.F.);
#2288 = FACE_BOUND('',#2289,.T.);
#2289 = EDGE_LOOP('',(#2290,#2291,#2297,#2298));
#2290 = ORIENTED_EDGE('',*,*,#563,.T.);
#2291 = ORIENTED_EDGE('',*,*,#2292,.T.);
#2292 = EDGE_CURVE('',#564,#1309,#2293,.T.);
#2293 = LINE('',#2294,#2295);
#2294 = CARTESIAN_POINT('',(52.8,42.563962,-8.1E-02));
#2295 = VECTOR('',#2296,1.);
#2296 = DIRECTION('',(0.,0.,1.));
#2297 = ORIENTED_EDGE('',*,*,#1308,.F.);
#2298 = ORIENTED_EDGE('',*,*,#2292,.F.);
#2299 = CYLINDRICAL_SURFACE('',#2300,0.7);
#2300 = AXIS2_PLACEMENT_3D('',#2301,#2302,#2303);
#2301 = CARTESIAN_POINT('',(52.8,43.263962,-8.1E-02));
#2302 = DIRECTION('',(-0.,-0.,-1.));
#2303 = DIRECTION('',(-0.,-1.,0.));
#2304 = ADVANCED_FACE('',(#2305),#2316,.F.);
#2305 = FACE_BOUND('',#2306,.T.);
#2306 = EDGE_LOOP('',(#2307,#2308,#2314,#2315));
#2307 = ORIENTED_EDGE('',*,*,#574,.T.);
#2308 = ORIENTED_EDGE('',*,*,#2309,.T.);
#2309 = EDGE_CURVE('',#575,#1320,#2310,.T.);
#2310 = LINE('',#2311,#2312);
#2311 = CARTESIAN_POINT('',(11.,53.413962,-8.1E-02));
#2312 = VECTOR('',#2313,1.);
#2313 = DIRECTION('',(0.,0.,1.));
#2314 = ORIENTED_EDGE('',*,*,#1319,.F.);
#2315 = ORIENTED_EDGE('',*,*,#2309,.F.);
#2316 = CYLINDRICAL_SURFACE('',#2317,0.85);
#2317 = AXIS2_PLACEMENT_3D('',#2318,#2319,#2320);
#2318 = CARTESIAN_POINT('',(11.,54.263962,-8.1E-02));
#2319 = DIRECTION('',(-0.,-0.,-1.));
#2320 = DIRECTION('',(-0.,-1.,0.));
#2321 = ADVANCED_FACE('',(#2322),#2333,.F.);
#2322 = FACE_BOUND('',#2323,.T.);
#2323 = EDGE_LOOP('',(#2324,#2325,#2331,#2332));
#2324 = ORIENTED_EDGE('',*,*,#585,.T.);
#2325 = ORIENTED_EDGE('',*,*,#2326,.T.);
#2326 = EDGE_CURVE('',#586,#1331,#2327,.T.);
#2327 = LINE('',#2328,#2329);
#2328 = CARTESIAN_POINT('',(14.96,53.413962,-8.1E-02));
#2329 = VECTOR('',#2330,1.);
#2330 = DIRECTION('',(0.,0.,1.));
#2331 = ORIENTED_EDGE('',*,*,#1330,.F.);
#2332 = ORIENTED_EDGE('',*,*,#2326,.F.);
#2333 = CYLINDRICAL_SURFACE('',#2334,0.85);
#2334 = AXIS2_PLACEMENT_3D('',#2335,#2336,#2337);
#2335 = CARTESIAN_POINT('',(14.96,54.263962,-8.1E-02));
#2336 = DIRECTION('',(-0.,-0.,-1.));
#2337 = DIRECTION('',(-0.,-1.,0.));
#2338 = ADVANCED_FACE('',(#2339),#2350,.F.);
#2339 = FACE_BOUND('',#2340,.T.);
#2340 = EDGE_LOOP('',(#2341,#2342,#2348,#2349));
#2341 = ORIENTED_EDGE('',*,*,#596,.T.);
#2342 = ORIENTED_EDGE('',*,*,#2343,.T.);
#2343 = EDGE_CURVE('',#597,#1342,#2344,.T.);
#2344 = LINE('',#2345,#2346);
#2345 = CARTESIAN_POINT('',(7.,61.063962,-8.1E-02));
#2346 = VECTOR('',#2347,1.);
#2347 = DIRECTION('',(0.,0.,1.));
#2348 = ORIENTED_EDGE('',*,*,#1341,.F.);
#2349 = ORIENTED_EDGE('',*,*,#2343,.F.);
#2350 = CYLINDRICAL_SURFACE('',#2351,0.7);
#2351 = AXIS2_PLACEMENT_3D('',#2352,#2353,#2354);
#2352 = CARTESIAN_POINT('',(7.,61.763962,-8.1E-02));
#2353 = DIRECTION('',(-0.,-0.,-1.));
#2354 = DIRECTION('',(-0.,-1.,0.));
#2355 = ADVANCED_FACE('',(#2356),#2367,.F.);
#2356 = FACE_BOUND('',#2357,.T.);
#2357 = EDGE_LOOP('',(#2358,#2359,#2365,#2366));
#2358 = ORIENTED_EDGE('',*,*,#607,.T.);
#2359 = ORIENTED_EDGE('',*,*,#2360,.T.);
#2360 = EDGE_CURVE('',#608,#1353,#2361,.T.);
#2361 = LINE('',#2362,#2363);
#2362 = CARTESIAN_POINT('',(7.,63.563962,-8.1E-02));
#2363 = VECTOR('',#2364,1.);
#2364 = DIRECTION('',(0.,0.,1.));
#2365 = ORIENTED_EDGE('',*,*,#1352,.F.);
#2366 = ORIENTED_EDGE('',*,*,#2360,.F.);
#2367 = CYLINDRICAL_SURFACE('',#2368,0.7);
#2368 = AXIS2_PLACEMENT_3D('',#2369,#2370,#2371);
#2369 = CARTESIAN_POINT('',(7.,64.263962,-8.1E-02));
#2370 = DIRECTION('',(-0.,-0.,-1.));
#2371 = DIRECTION('',(-0.,-1.,0.));
#2372 = ADVANCED_FACE('',(#2373),#2384,.F.);
#2373 = FACE_BOUND('',#2374,.T.);
#2374 = EDGE_LOOP('',(#2375,#2376,#2382,#2383));
#2375 = ORIENTED_EDGE('',*,*,#618,.T.);
#2376 = ORIENTED_EDGE('',*,*,#2377,.T.);
#2377 = EDGE_CURVE('',#619,#1364,#2378,.T.);
#2378 = LINE('',#2379,#2380);
#2379 = CARTESIAN_POINT('',(10.5,61.063962,-8.1E-02));
#2380 = VECTOR('',#2381,1.);
#2381 = DIRECTION('',(0.,0.,1.));
#2382 = ORIENTED_EDGE('',*,*,#1363,.F.);
#2383 = ORIENTED_EDGE('',*,*,#2377,.F.);
#2384 = CYLINDRICAL_SURFACE('',#2385,0.7);
#2385 = AXIS2_PLACEMENT_3D('',#2386,#2387,#2388);
#2386 = CARTESIAN_POINT('',(10.5,61.763962,-8.1E-02));
#2387 = DIRECTION('',(-0.,-0.,-1.));
#2388 = DIRECTION('',(-0.,-1.,0.));
#2389 = ADVANCED_FACE('',(#2390),#2401,.F.);
#2390 = FACE_BOUND('',#2391,.T.);
#2391 = EDGE_LOOP('',(#2392,#2393,#2399,#2400));
#2392 = ORIENTED_EDGE('',*,*,#629,.T.);
#2393 = ORIENTED_EDGE('',*,*,#2394,.T.);
#2394 = EDGE_CURVE('',#630,#1375,#2395,.T.);
#2395 = LINE('',#2396,#2397);
#2396 = CARTESIAN_POINT('',(10.5,63.563962,-8.1E-02));
#2397 = VECTOR('',#2398,1.);
#2398 = DIRECTION('',(0.,0.,1.));
#2399 = ORIENTED_EDGE('',*,*,#1374,.F.);
#2400 = ORIENTED_EDGE('',*,*,#2394,.F.);
#2401 = CYLINDRICAL_SURFACE('',#2402,0.7);
#2402 = AXIS2_PLACEMENT_3D('',#2403,#2404,#2405);
#2403 = CARTESIAN_POINT('',(10.5,64.263962,-8.1E-02));
#2404 = DIRECTION('',(-0.,-0.,-1.));
#2405 = DIRECTION('',(-0.,-1.,0.));
#2406 = ADVANCED_FACE('',(#2407),#2418,.F.);
#2407 = FACE_BOUND('',#2408,.T.);
#2408 = EDGE_LOOP('',(#2409,#2410,#2416,#2417));
#2409 = ORIENTED_EDGE('',*,*,#640,.T.);
#2410 = ORIENTED_EDGE('',*,*,#2411,.T.);
#2411 = EDGE_CURVE('',#641,#1386,#2412,.T.);
#2412 = LINE('',#2413,#2414);
#2413 = CARTESIAN_POINT('',(13.4,61.813962,-8.1E-02));
#2414 = VECTOR('',#2415,1.);
#2415 = DIRECTION('',(0.,0.,1.));
#2416 = ORIENTED_EDGE('',*,*,#1385,.F.);
#2417 = ORIENTED_EDGE('',*,*,#2411,.F.);
#2418 = CYLINDRICAL_SURFACE('',#2419,1.2);
#2419 = AXIS2_PLACEMENT_3D('',#2420,#2421,#2422);
#2420 = CARTESIAN_POINT('',(13.4,63.013962,-8.1E-02));
#2421 = DIRECTION('',(-0.,0.,-1.));
#2422 = DIRECTION('',(1.480297366167E-15,-1.,-0.));
#2423 = ADVANCED_FACE('',(#2424),#2435,.F.);
#2424 = FACE_BOUND('',#2425,.T.);
#2425 = EDGE_LOOP('',(#2426,#2427,#2433,#2434));
#2426 = ORIENTED_EDGE('',*,*,#651,.T.);
#2427 = ORIENTED_EDGE('',*,*,#2428,.T.);
#2428 = EDGE_CURVE('',#652,#1397,#2429,.T.);
#2429 = LINE('',#2430,#2431);
#2430 = CARTESIAN_POINT('',(16.3,61.063962,-8.1E-02));
#2431 = VECTOR('',#2432,1.);
#2432 = DIRECTION('',(0.,0.,1.));
#2433 = ORIENTED_EDGE('',*,*,#1396,.F.);
#2434 = ORIENTED_EDGE('',*,*,#2428,.F.);
#2435 = CYLINDRICAL_SURFACE('',#2436,0.7);
#2436 = AXIS2_PLACEMENT_3D('',#2437,#2438,#2439);
#2437 = CARTESIAN_POINT('',(16.3,61.763962,-8.1E-02));
#2438 = DIRECTION('',(-0.,-0.,-1.));
#2439 = DIRECTION('',(-0.,-1.,0.));
#2440 = ADVANCED_FACE('',(#2441),#2452,.F.);
#2441 = FACE_BOUND('',#2442,.T.);
#2442 = EDGE_LOOP('',(#2443,#2444,#2450,#2451));
#2443 = ORIENTED_EDGE('',*,*,#662,.T.);
#2444 = ORIENTED_EDGE('',*,*,#2445,.T.);
#2445 = EDGE_CURVE('',#663,#1408,#2446,.T.);
#2446 = LINE('',#2447,#2448);
#2447 = CARTESIAN_POINT('',(16.3,63.563962,-8.1E-02));
#2448 = VECTOR('',#2449,1.);
#2449 = DIRECTION('',(0.,0.,1.));
#2450 = ORIENTED_EDGE('',*,*,#1407,.F.);
#2451 = ORIENTED_EDGE('',*,*,#2445,.F.);
#2452 = CYLINDRICAL_SURFACE('',#2453,0.7);
#2453 = AXIS2_PLACEMENT_3D('',#2454,#2455,#2456);
#2454 = CARTESIAN_POINT('',(16.3,64.263962,-8.1E-02));
#2455 = DIRECTION('',(-0.,-0.,-1.));
#2456 = DIRECTION('',(-0.,-1.,0.));
#2457 = ADVANCED_FACE('',(#2458),#2469,.F.);
#2458 = FACE_BOUND('',#2459,.T.);
#2459 = EDGE_LOOP('',(#2460,#2461,#2467,#2468));
#2460 = ORIENTED_EDGE('',*,*,#673,.T.);
#2461 = ORIENTED_EDGE('',*,*,#2462,.T.);
#2462 = EDGE_CURVE('',#674,#1419,#2463,.T.);
#2463 = LINE('',#2464,#2465);
#2464 = CARTESIAN_POINT('',(19.8,61.063962,-8.1E-02));
#2465 = VECTOR('',#2466,1.);
#2466 = DIRECTION('',(0.,0.,1.));
#2467 = ORIENTED_EDGE('',*,*,#1418,.F.);
#2468 = ORIENTED_EDGE('',*,*,#2462,.F.);
#2469 = CYLINDRICAL_SURFACE('',#2470,0.7);
#2470 = AXIS2_PLACEMENT_3D('',#2471,#2472,#2473);
#2471 = CARTESIAN_POINT('',(19.8,61.763962,-8.1E-02));
#2472 = DIRECTION('',(-0.,-0.,-1.));
#2473 = DIRECTION('',(-0.,-1.,0.));
#2474 = ADVANCED_FACE('',(#2475),#2486,.F.);
#2475 = FACE_BOUND('',#2476,.T.);
#2476 = EDGE_LOOP('',(#2477,#2478,#2484,#2485));
#2477 = ORIENTED_EDGE('',*,*,#684,.T.);
#2478 = ORIENTED_EDGE('',*,*,#2479,.T.);
#2479 = EDGE_CURVE('',#685,#1430,#2480,.T.);
#2480 = LINE('',#2481,#2482);
#2481 = CARTESIAN_POINT('',(19.8,63.563962,-8.1E-02));
#2482 = VECTOR('',#2483,1.);
#2483 = DIRECTION('',(0.,0.,1.));
#2484 = ORIENTED_EDGE('',*,*,#1429,.F.);
#2485 = ORIENTED_EDGE('',*,*,#2479,.F.);
#2486 = CYLINDRICAL_SURFACE('',#2487,0.7);
#2487 = AXIS2_PLACEMENT_3D('',#2488,#2489,#2490);
#2488 = CARTESIAN_POINT('',(19.8,64.263962,-8.1E-02));
#2489 = DIRECTION('',(-0.,-0.,-1.));
#2490 = DIRECTION('',(-0.,-1.,0.));
#2491 = ADVANCED_FACE('',(#2492),#2503,.F.);
#2492 = FACE_BOUND('',#2493,.T.);
#2493 = EDGE_LOOP('',(#2494,#2495,#2501,#2502));
#2494 = ORIENTED_EDGE('',*,*,#695,.T.);
#2495 = ORIENTED_EDGE('',*,*,#2496,.T.);
#2496 = EDGE_CURVE('',#696,#1441,#2497,.T.);
#2497 = LINE('',#2498,#2499);
#2498 = CARTESIAN_POINT('',(8.,90.013962,-8.1E-02));
#2499 = VECTOR('',#2500,1.);
#2500 = DIRECTION('',(0.,0.,1.));
#2501 = ORIENTED_EDGE('',*,*,#1440,.F.);
#2502 = ORIENTED_EDGE('',*,*,#2496,.F.);
#2503 = CYLINDRICAL_SURFACE('',#2504,2.25);
#2504 = AXIS2_PLACEMENT_3D('',#2505,#2506,#2507);
#2505 = CARTESIAN_POINT('',(8.,92.263962,-8.1E-02));
#2506 = DIRECTION('',(-0.,-0.,-1.));
#2507 = DIRECTION('',(-0.,-1.,0.));
#2508 = ADVANCED_FACE('',(#2509),#2520,.F.);
#2509 = FACE_BOUND('',#2510,.T.);
#2510 = EDGE_LOOP('',(#2511,#2512,#2518,#2519));
#2511 = ORIENTED_EDGE('',*,*,#706,.T.);
#2512 = ORIENTED_EDGE('',*,*,#2513,.T.);
#2513 = EDGE_CURVE('',#707,#1452,#2514,.T.);
#2514 = LINE('',#2515,#2516);
#2515 = CARTESIAN_POINT('',(26.82,86.553962,-8.1E-02));
#2516 = VECTOR('',#2517,1.);
#2517 = DIRECTION('',(0.,0.,1.));
#2518 = ORIENTED_EDGE('',*,*,#1451,.F.);
#2519 = ORIENTED_EDGE('',*,*,#2513,.F.);
#2520 = CYLINDRICAL_SURFACE('',#2521,0.75);
#2521 = AXIS2_PLACEMENT_3D('',#2522,#2523,#2524);
#2522 = CARTESIAN_POINT('',(26.82,87.303962,-8.1E-02));
#2523 = DIRECTION('',(-0.,-0.,-1.));
#2524 = DIRECTION('',(-0.,-1.,0.));
#2525 = ADVANCED_FACE('',(#2526),#2537,.F.);
#2526 = FACE_BOUND('',#2527,.T.);
#2527 = EDGE_LOOP('',(#2528,#2529,#2535,#2536));
#2528 = ORIENTED_EDGE('',*,*,#717,.T.);
#2529 = ORIENTED_EDGE('',*,*,#2530,.T.);
#2530 = EDGE_CURVE('',#718,#1463,#2531,.T.);
#2531 = LINE('',#2532,#2533);
#2532 = CARTESIAN_POINT('',(30.82,86.553962,-8.1E-02));
#2533 = VECTOR('',#2534,1.);
#2534 = DIRECTION('',(0.,0.,1.));
#2535 = ORIENTED_EDGE('',*,*,#1462,.F.);
#2536 = ORIENTED_EDGE('',*,*,#2530,.F.);
#2537 = CYLINDRICAL_SURFACE('',#2538,0.75);
#2538 = AXIS2_PLACEMENT_3D('',#2539,#2540,#2541);
#2539 = CARTESIAN_POINT('',(30.82,87.303962,-8.1E-02));
#2540 = DIRECTION('',(-0.,-0.,-1.));
#2541 = DIRECTION('',(-0.,-1.,0.));
#2542 = ADVANCED_FACE('',(#2543),#2554,.F.);
#2543 = FACE_BOUND('',#2544,.T.);
#2544 = EDGE_LOOP('',(#2545,#2546,#2552,#2553));
#2545 = ORIENTED_EDGE('',*,*,#728,.T.);
#2546 = ORIENTED_EDGE('',*,*,#2547,.T.);
#2547 = EDGE_CURVE('',#729,#1474,#2548,.T.);
#2548 = LINE('',#2549,#2550);
#2549 = CARTESIAN_POINT('',(44.,53.413962,-8.1E-02));
#2550 = VECTOR('',#2551,1.);
#2551 = DIRECTION('',(0.,0.,1.));
#2552 = ORIENTED_EDGE('',*,*,#1473,.F.);
#2553 = ORIENTED_EDGE('',*,*,#2547,.F.);
#2554 = CYLINDRICAL_SURFACE('',#2555,0.85);
#2555 = AXIS2_PLACEMENT_3D('',#2556,#2557,#2558);
#2556 = CARTESIAN_POINT('',(44.,54.263962,-8.1E-02));
#2557 = DIRECTION('',(-0.,-0.,-1.));
#2558 = DIRECTION('',(-0.,-1.,0.));
#2559 = ADVANCED_FACE('',(#2560),#2571,.F.);
#2560 = FACE_BOUND('',#2561,.T.);
#2561 = EDGE_LOOP('',(#2562,#2563,#2569,#2570));
#2562 = ORIENTED_EDGE('',*,*,#739,.T.);
#2563 = ORIENTED_EDGE('',*,*,#2564,.T.);
#2564 = EDGE_CURVE('',#740,#1485,#2565,.T.);
#2565 = LINE('',#2566,#2567);
#2566 = CARTESIAN_POINT('',(47.96,53.413962,-8.1E-02));
#2567 = VECTOR('',#2568,1.);
#2568 = DIRECTION('',(0.,0.,1.));
#2569 = ORIENTED_EDGE('',*,*,#1484,.F.);
#2570 = ORIENTED_EDGE('',*,*,#2564,.F.);
#2571 = CYLINDRICAL_SURFACE('',#2572,0.85);
#2572 = AXIS2_PLACEMENT_3D('',#2573,#2574,#2575);
#2573 = CARTESIAN_POINT('',(47.96,54.263962,-8.1E-02));
#2574 = DIRECTION('',(-0.,-0.,-1.));
#2575 = DIRECTION('',(-0.,-1.,0.));
#2576 = ADVANCED_FACE('',(#2577),#2588,.F.);
#2577 = FACE_BOUND('',#2578,.T.);
#2578 = EDGE_LOOP('',(#2579,#2580,#2586,#2587));
#2579 = ORIENTED_EDGE('',*,*,#750,.T.);
#2580 = ORIENTED_EDGE('',*,*,#2581,.T.);
#2581 = EDGE_CURVE('',#751,#1496,#2582,.T.);
#2582 = LINE('',#2583,#2584);
#2583 = CARTESIAN_POINT('',(40.,61.063962,-8.1E-02));
#2584 = VECTOR('',#2585,1.);
#2585 = DIRECTION('',(0.,0.,1.));
#2586 = ORIENTED_EDGE('',*,*,#1495,.F.);
#2587 = ORIENTED_EDGE('',*,*,#2581,.F.);
#2588 = CYLINDRICAL_SURFACE('',#2589,0.7);
#2589 = AXIS2_PLACEMENT_3D('',#2590,#2591,#2592);
#2590 = CARTESIAN_POINT('',(40.,61.763962,-8.1E-02));
#2591 = DIRECTION('',(-0.,-0.,-1.));
#2592 = DIRECTION('',(-0.,-1.,0.));
#2593 = ADVANCED_FACE('',(#2594),#2605,.F.);
#2594 = FACE_BOUND('',#2595,.T.);
#2595 = EDGE_LOOP('',(#2596,#2597,#2603,#2604));
#2596 = ORIENTED_EDGE('',*,*,#761,.T.);
#2597 = ORIENTED_EDGE('',*,*,#2598,.T.);
#2598 = EDGE_CURVE('',#762,#1507,#2599,.T.);
#2599 = LINE('',#2600,#2601);
#2600 = CARTESIAN_POINT('',(40.,63.563962,-8.1E-02));
#2601 = VECTOR('',#2602,1.);
#2602 = DIRECTION('',(0.,0.,1.));
#2603 = ORIENTED_EDGE('',*,*,#1506,.F.);
#2604 = ORIENTED_EDGE('',*,*,#2598,.F.);
#2605 = CYLINDRICAL_SURFACE('',#2606,0.7);
#2606 = AXIS2_PLACEMENT_3D('',#2607,#2608,#2609);
#2607 = CARTESIAN_POINT('',(40.,64.263962,-8.1E-02));
#2608 = DIRECTION('',(-0.,-0.,-1.));
#2609 = DIRECTION('',(-0.,-1.,0.));
#2610 = ADVANCED_FACE('',(#2611),#2622,.F.);
#2611 = FACE_BOUND('',#2612,.T.);
#2612 = EDGE_LOOP('',(#2613,#2614,#2620,#2621));
#2613 = ORIENTED_EDGE('',*,*,#772,.T.);
#2614 = ORIENTED_EDGE('',*,*,#2615,.T.);
#2615 = EDGE_CURVE('',#773,#1518,#2616,.T.);
#2616 = LINE('',#2617,#2618);
#2617 = CARTESIAN_POINT('',(43.5,61.063962,-8.1E-02));
#2618 = VECTOR('',#2619,1.);
#2619 = DIRECTION('',(0.,0.,1.));
#2620 = ORIENTED_EDGE('',*,*,#1517,.F.);
#2621 = ORIENTED_EDGE('',*,*,#2615,.F.);
#2622 = CYLINDRICAL_SURFACE('',#2623,0.7);
#2623 = AXIS2_PLACEMENT_3D('',#2624,#2625,#2626);
#2624 = CARTESIAN_POINT('',(43.5,61.763962,-8.1E-02));
#2625 = DIRECTION('',(-0.,-0.,-1.));
#2626 = DIRECTION('',(-0.,-1.,0.));
#2627 = ADVANCED_FACE('',(#2628),#2639,.F.);
#2628 = FACE_BOUND('',#2629,.T.);
#2629 = EDGE_LOOP('',(#2630,#2631,#2637,#2638));
#2630 = ORIENTED_EDGE('',*,*,#783,.T.);
#2631 = ORIENTED_EDGE('',*,*,#2632,.T.);
#2632 = EDGE_CURVE('',#784,#1529,#2633,.T.);
#2633 = LINE('',#2634,#2635);
#2634 = CARTESIAN_POINT('',(43.5,63.563962,-8.1E-02));
#2635 = VECTOR('',#2636,1.);
#2636 = DIRECTION('',(0.,0.,1.));
#2637 = ORIENTED_EDGE('',*,*,#1528,.F.);
#2638 = ORIENTED_EDGE('',*,*,#2632,.F.);
#2639 = CYLINDRICAL_SURFACE('',#2640,0.7);
#2640 = AXIS2_PLACEMENT_3D('',#2641,#2642,#2643);
#2641 = CARTESIAN_POINT('',(43.5,64.263962,-8.1E-02));
#2642 = DIRECTION('',(-0.,-0.,-1.));
#2643 = DIRECTION('',(-0.,-1.,0.));
#2644 = ADVANCED_FACE('',(#2645),#2656,.F.);
#2645 = FACE_BOUND('',#2646,.T.);
#2646 = EDGE_LOOP('',(#2647,#2648,#2654,#2655));
#2647 = ORIENTED_EDGE('',*,*,#794,.T.);
#2648 = ORIENTED_EDGE('',*,*,#2649,.T.);
#2649 = EDGE_CURVE('',#795,#1540,#2650,.T.);
#2650 = LINE('',#2651,#2652);
#2651 = CARTESIAN_POINT('',(46.4,61.813962,-8.1E-02));
#2652 = VECTOR('',#2653,1.);
#2653 = DIRECTION('',(0.,0.,1.));
#2654 = ORIENTED_EDGE('',*,*,#1539,.F.);
#2655 = ORIENTED_EDGE('',*,*,#2649,.F.);
#2656 = CYLINDRICAL_SURFACE('',#2657,1.2);
#2657 = AXIS2_PLACEMENT_3D('',#2658,#2659,#2660);
#2658 = CARTESIAN_POINT('',(46.4,63.013962,-8.1E-02));
#2659 = DIRECTION('',(-0.,-0.,-1.));
#2660 = DIRECTION('',(-5.921189464668E-15,-1.,0.));
#2661 = ADVANCED_FACE('',(#2662),#2673,.F.);
#2662 = FACE_BOUND('',#2663,.T.);
#2663 = EDGE_LOOP('',(#2664,#2665,#2671,#2672));
#2664 = ORIENTED_EDGE('',*,*,#805,.T.);
#2665 = ORIENTED_EDGE('',*,*,#2666,.T.);
#2666 = EDGE_CURVE('',#806,#1551,#2667,.T.);
#2667 = LINE('',#2668,#2669);
#2668 = CARTESIAN_POINT('',(49.3,61.063962,-8.1E-02));
#2669 = VECTOR('',#2670,1.);
#2670 = DIRECTION('',(0.,0.,1.));
#2671 = ORIENTED_EDGE('',*,*,#1550,.F.);
#2672 = ORIENTED_EDGE('',*,*,#2666,.F.);
#2673 = CYLINDRICAL_SURFACE('',#2674,0.7);
#2674 = AXIS2_PLACEMENT_3D('',#2675,#2676,#2677);
#2675 = CARTESIAN_POINT('',(49.3,61.763962,-8.1E-02));
#2676 = DIRECTION('',(-0.,-0.,-1.));
#2677 = DIRECTION('',(-0.,-1.,0.));
#2678 = ADVANCED_FACE('',(#2679),#2690,.F.);
#2679 = FACE_BOUND('',#2680,.T.);
#2680 = EDGE_LOOP('',(#2681,#2682,#2688,#2689));
#2681 = ORIENTED_EDGE('',*,*,#816,.T.);
#2682 = ORIENTED_EDGE('',*,*,#2683,.T.);
#2683 = EDGE_CURVE('',#817,#1562,#2684,.T.);
#2684 = LINE('',#2685,#2686);
#2685 = CARTESIAN_POINT('',(49.3,63.563962,-8.1E-02));
#2686 = VECTOR('',#2687,1.);
#2687 = DIRECTION('',(0.,0.,1.));
#2688 = ORIENTED_EDGE('',*,*,#1561,.F.);
#2689 = ORIENTED_EDGE('',*,*,#2683,.F.);
#2690 = CYLINDRICAL_SURFACE('',#2691,0.7);
#2691 = AXIS2_PLACEMENT_3D('',#2692,#2693,#2694);
#2692 = CARTESIAN_POINT('',(49.3,64.263962,-8.1E-02));
#2693 = DIRECTION('',(-0.,-0.,-1.));
#2694 = DIRECTION('',(-0.,-1.,0.));
#2695 = ADVANCED_FACE('',(#2696),#2707,.F.);
#2696 = FACE_BOUND('',#2697,.T.);
#2697 = EDGE_LOOP('',(#2698,#2699,#2705,#2706));
#2698 = ORIENTED_EDGE('',*,*,#827,.T.);
#2699 = ORIENTED_EDGE('',*,*,#2700,.T.);
#2700 = EDGE_CURVE('',#828,#1573,#2701,.T.);
#2701 = LINE('',#2702,#2703);
#2702 = CARTESIAN_POINT('',(52.8,61.063962,-8.1E-02));
#2703 = VECTOR('',#2704,1.);
#2704 = DIRECTION('',(0.,0.,1.));
#2705 = ORIENTED_EDGE('',*,*,#1572,.F.);
#2706 = ORIENTED_EDGE('',*,*,#2700,.F.);
#2707 = CYLINDRICAL_SURFACE('',#2708,0.7);
#2708 = AXIS2_PLACEMENT_3D('',#2709,#2710,#2711);
#2709 = CARTESIAN_POINT('',(52.8,61.763962,-8.1E-02));
#2710 = DIRECTION('',(-0.,-0.,-1.));
#2711 = DIRECTION('',(-0.,-1.,0.));
#2712 = ADVANCED_FACE('',(#2713),#2724,.F.);
#2713 = FACE_BOUND('',#2714,.T.);
#2714 = EDGE_LOOP('',(#2715,#2716,#2722,#2723));
#2715 = ORIENTED_EDGE('',*,*,#838,.T.);
#2716 = ORIENTED_EDGE('',*,*,#2717,.T.);
#2717 = EDGE_CURVE('',#839,#1584,#2718,.T.);
#2718 = LINE('',#2719,#2720);
#2719 = CARTESIAN_POINT('',(52.8,63.563962,-8.1E-02));
#2720 = VECTOR('',#2721,1.);
#2721 = DIRECTION('',(0.,0.,1.));
#2722 = ORIENTED_EDGE('',*,*,#1583,.F.);
#2723 = ORIENTED_EDGE('',*,*,#2717,.F.);
#2724 = CYLINDRICAL_SURFACE('',#2725,0.7);
#2725 = AXIS2_PLACEMENT_3D('',#2726,#2727,#2728);
#2726 = CARTESIAN_POINT('',(52.8,64.263962,-8.1E-02));
#2727 = DIRECTION('',(-0.,-0.,-1.));
#2728 = DIRECTION('',(-0.,-1.,0.));
#2729 = ADVANCED_FACE('',(#2730),#2741,.F.);
#2730 = FACE_BOUND('',#2731,.T.);
#2731 = EDGE_LOOP('',(#2732,#2733,#2739,#2740));
#2732 = ORIENTED_EDGE('',*,*,#849,.T.);
#2733 = ORIENTED_EDGE('',*,*,#2734,.T.);
#2734 = EDGE_CURVE('',#850,#1595,#2735,.T.);
#2735 = LINE('',#2736,#2737);
#2736 = CARTESIAN_POINT('',(36.98,76.393962,-8.1E-02));
#2737 = VECTOR('',#2738,1.);
#2738 = DIRECTION('',(0.,0.,1.));
#2739 = ORIENTED_EDGE('',*,*,#1594,.F.);
#2740 = ORIENTED_EDGE('',*,*,#2734,.F.);
#2741 = CYLINDRICAL_SURFACE('',#2742,0.75);
#2742 = AXIS2_PLACEMENT_3D('',#2743,#2744,#2745);
#2743 = CARTESIAN_POINT('',(36.98,77.143962,-8.1E-02));
#2744 = DIRECTION('',(-0.,-0.,-1.));
#2745 = DIRECTION('',(-0.,-1.,0.));
#2746 = ADVANCED_FACE('',(#2747),#2758,.F.);
#2747 = FACE_BOUND('',#2748,.T.);
#2748 = EDGE_LOOP('',(#2749,#2750,#2756,#2757));
#2749 = ORIENTED_EDGE('',*,*,#860,.T.);
#2750 = ORIENTED_EDGE('',*,*,#2751,.T.);
#2751 = EDGE_CURVE('',#861,#1606,#2752,.T.);
#2752 = LINE('',#2753,#2754);
#2753 = CARTESIAN_POINT('',(40.98,76.393962,-8.1E-02));
#2754 = VECTOR('',#2755,1.);
#2755 = DIRECTION('',(0.,0.,1.));
#2756 = ORIENTED_EDGE('',*,*,#1605,.F.);
#2757 = ORIENTED_EDGE('',*,*,#2751,.F.);
#2758 = CYLINDRICAL_SURFACE('',#2759,0.75);
#2759 = AXIS2_PLACEMENT_3D('',#2760,#2761,#2762);
#2760 = CARTESIAN_POINT('',(40.98,77.143962,-8.1E-02));
#2761 = DIRECTION('',(-0.,-0.,-1.));
#2762 = DIRECTION('',(-0.,-1.,0.));
#2763 = ADVANCED_FACE('',(#2764),#2775,.F.);
#2764 = FACE_BOUND('',#2765,.T.);
#2765 = EDGE_LOOP('',(#2766,#2767,#2773,#2774));
#2766 = ORIENTED_EDGE('',*,*,#871,.T.);
#2767 = ORIENTED_EDGE('',*,*,#2768,.T.);
#2768 = EDGE_CURVE('',#872,#1617,#2769,.T.);
#2769 = LINE('',#2770,#2771);
#2770 = CARTESIAN_POINT('',(60.,90.013962,-8.1E-02));
#2771 = VECTOR('',#2772,1.);
#2772 = DIRECTION('',(0.,0.,1.));
#2773 = ORIENTED_EDGE('',*,*,#1616,.F.);
#2774 = ORIENTED_EDGE('',*,*,#2768,.F.);
#2775 = CYLINDRICAL_SURFACE('',#2776,2.25);
#2776 = AXIS2_PLACEMENT_3D('',#2777,#2778,#2779);
#2777 = CARTESIAN_POINT('',(60.,92.263962,-8.1E-02));
#2778 = DIRECTION('',(-0.,-0.,-1.));
#2779 = DIRECTION('',(-0.,-1.,0.));
#2780 = ( GEOMETRIC_REPRESENTATION_CONTEXT(3) 
GLOBAL_UNCERTAINTY_ASSIGNED_CONTEXT((#2784)) 
GLOBAL_UNIT_ASSIGNED_CONTEXT((#2781,#2782,#2783)) REPRESENTATION_CONTEXT
('Context #1','3D Context with UNIT and UNCERTAINTY') );
#2781 = ( LENGTH_UNIT() NAMED_UNIT(*) SI_UNIT(.MILLI.,.METRE.) );
#2782 = ( NAMED_UNIT(*) PLANE_ANGLE_UNIT() SI_UNIT($,.RADIAN.) );
#2783 = ( NAMED_UNIT(*) SI_UNIT($,.STERADIAN.) SOLID_ANGLE_UNIT() );
#2784 = UNCERTAINTY_MEASURE_WITH_UNIT(LENGTH_MEASURE(1.E-07),#2781,
  'distance_accuracy_value','confusion accuracy');
#2785 = CONTEXT_DEPENDENT_SHAPE_REPRESENTATION(#2786,#2788);
#2786 = ( REPRESENTATION_RELATIONSHIP('','',#32,#10) 
REPRESENTATION_RELATIONSHIP_WITH_TRANSFORMATION(#2787) 
SHAPE_REPRESENTATION_RELATIONSHIP() );
#2787 = ITEM_DEFINED_TRANSFORMATION('','',#11,#15);
#2788 = PRODUCT_DEFINITION_SHAPE('Placement','Placement of an item',
  #2789);
#2789 = NEXT_ASSEMBLY_USAGE_OCCURRENCE('1','=>[0:1:1:2]','',#5,#27,$);
#2790 = PRODUCT_RELATED_PRODUCT_CATEGORY('part',$,(#29));
#2791 = MECHANICAL_DESIGN_GEOMETRIC_PRESENTATION_REPRESENTATION('',(
    #2792),#2780);
#2792 = STYLED_ITEM('color',(#2793),#33);
#2793 = PRESENTATION_STYLE_ASSIGNMENT((#2794));
#2794 = SURFACE_STYLE_USAGE(.BOTH.,#2795);
#2795 = SURFACE_SIDE_STYLE('',(#2796));
#2796 = SURFACE_STYLE_FILL_AREA(#2797);
#2797 = FILL_AREA_STYLE('',(#2798));
#2798 = FILL_AREA_STYLE_COLOUR('',#2799);
#2799 = COLOUR_RGB('',0.313304153717,0.484529207832,0.410020903123);
ENDSEC;
END-ISO-10303-21;
