ISO-10303-21;
HEADER;
FILE_DESCRIPTION(('KiCad electronic assembly'),'2;1');
FILE_NAME('MAIN_POWER_D8_native.step','2026-09-30T17:03:48',('Pcbnew'),(
    'Kicad'),'Open CASCADE STEP processor 7.9','KiCad to STEP converter'
  ,'Unknown');
FILE_SCHEMA(('AUTOMOTIVE_DESIGN { 1 0 10303 214 1 1 1 1 }'));
ENDSEC;
DATA;
#1 = APPLICATION_PROTOCOL_DEFINITION('international standard',
  'automotive_design',2000,#2);
#2 = APPLICATION_CONTEXT(
  'core data for automotive mechanical design processes');
#3 = SHAPE_DEFINITION_REPRESENTATION(#4,#10);
#4 = PRODUCT_DEFINITION_SHAPE('','',#5);
#5 = PRODUCT_DEFINITION('design','',#6,#9);
#6 = PRODUCT_DEFINITION_FORMATION('','',#7);
#7 = PRODUCT('MAIN_POWER_D8_native 1','MAIN_POWER_D8_native 1','',(#8));
#8 = PRODUCT_CONTEXT('',#2,'mechanical');
#9 = PRODUCT_DEFINITION_CONTEXT('part definition',#2,'design');
#10 = SHAPE_REPRESENTATION('',(#11,#15,#19),#23);
#11 = AXIS2_PLACEMENT_3D('',#12,#13,#14);
#12 = CARTESIAN_POINT('',(0.,0.,0.));
#13 = DIRECTION('',(0.,0.,1.));
#14 = DIRECTION('',(1.,0.,-0.));
#15 = AXIS2_PLACEMENT_3D('',#16,#17,#18);
#16 = CARTESIAN_POINT('',(0.,0.,0.));
#17 = DIRECTION('',(0.,0.,1.));
#18 = DIRECTION('',(1.,0.,-0.));
#19 = AXIS2_PLACEMENT_3D('',#20,#21,#22);
#20 = CARTESIAN_POINT('',(0.,0.,0.));
#21 = DIRECTION('',(0.,0.,1.));
#22 = DIRECTION('',(1.,0.,-0.));
#23 = ( GEOMETRIC_REPRESENTATION_CONTEXT(3) 
GLOBAL_UNCERTAINTY_ASSIGNED_CONTEXT((#27)) GLOBAL_UNIT_ASSIGNED_CONTEXT(
(#24,#25,#26)) REPRESENTATION_CONTEXT('Context #1',
  '3D Context with UNIT and UNCERTAINTY') );
#24 = ( LENGTH_UNIT() NAMED_UNIT(*) SI_UNIT(.MILLI.,.METRE.) );
#25 = ( NAMED_UNIT(*) PLANE_ANGLE_UNIT() SI_UNIT($,.RADIAN.) );
#26 = ( NAMED_UNIT(*) SI_UNIT($,.STERADIAN.) SOLID_ANGLE_UNIT() );
#27 = UNCERTAINTY_MEASURE_WITH_UNIT(LENGTH_MEASURE(1.E-07),#24,
  'distance_accuracy_value','confusion accuracy');
#28 = PRODUCT_RELATED_PRODUCT_CATEGORY('part',$,(#7));
#29 = SHAPE_DEFINITION_REPRESENTATION(#30,#36);
#30 = PRODUCT_DEFINITION_SHAPE('','',#31);
#31 = PRODUCT_DEFINITION('design','',#32,#35);
#32 = PRODUCT_DEFINITION_FORMATION('','',#33);
#33 = PRODUCT('MAIN_POWER_pad','MAIN_POWER_pad','',(#34));
#34 = PRODUCT_CONTEXT('',#2,'mechanical');
#35 = PRODUCT_DEFINITION_CONTEXT('part definition',#2,'design');
#36 = SHAPE_REPRESENTATION('',(#11,#37,#187,#279,#371,#463,#555,#647,
    #739,#831,#923,#1015,#1107,#1199,#1291,#1383,#1475,#1567,#1659,#1751
    ,#1843,#1935,#2027,#2119,#2211,#2303,#2395,#2487,#2579,#2671,#2763,
    #2855,#2947,#3039,#3131,#3223,#3315,#3407,#3499,#3591,#3683,#3775,
    #3867,#3959,#4051,#4143,#4235,#4327,#4419,#4511,#4603,#4695,#4787,
    #4879,#4971,#5063,#5155,#5247,#5339,#5431,#5523,#5615,#5707,#6036,
    #6365,#6457,#6549,#6641,#6733,#6825,#6917,#7009,#7101,#7193,#7285,
    #7377,#7469,#7561,#7890,#8219,#8311,#8403,#8495,#8587,#8679,#8771,
    #8863,#8955,#9047,#9139,#9231,#9323,#9415,#9705,#9797,#9889,#9981,
    #10073,#10165,#10257,#10349,#10441,#10533,#10625,#10717,#10809,
    #10901,#10993,#11085,#11414,#11743,#11835,#11927,#12019,#12111,
    #12203,#12295,#12387,#12479,#12571,#12663,#12755,#12847,#12939,
    #13268,#13597,#13689,#13781,#13873,#13965,#14057,#14149,#14241,
    #14333,#14425,#14517,#14609,#14701,#14793,#15122,#15451,#15543,
    #15635,#15727,#15819,#15911,#16003,#16095,#16187,#16279,#16371,
    #16463,#16555),#16647);
#37 = MANIFOLD_SOLID_BREP('',#38);
#38 = CLOSED_SHELL('',(#39,#79,#110,#141,#163,#175));
#39 = ADVANCED_FACE('',(#40),#74,.T.);
#40 = FACE_BOUND('',#41,.T.);
#41 = EDGE_LOOP('',(#42,#52,#60,#68));
#42 = ORIENTED_EDGE('',*,*,#43,.T.);
#43 = EDGE_CURVE('',#44,#46,#48,.T.);
#44 = VERTEX_POINT('',#45);
#45 = CARTESIAN_POINT('',(128.82,-94.61,1.04));
#46 = VERTEX_POINT('',#47);
#47 = CARTESIAN_POINT('',(128.82,-94.61,1.115));
#48 = LINE('',#49,#50);
#49 = CARTESIAN_POINT('',(128.82,-94.61,1.04));
#50 = VECTOR('',#51,1.);
#51 = DIRECTION('',(0.,0.,1.));
#52 = ORIENTED_EDGE('',*,*,#53,.T.);
#53 = EDGE_CURVE('',#46,#54,#56,.T.);
#54 = VERTEX_POINT('',#55);
#55 = CARTESIAN_POINT('',(128.82,-86.61,1.115));
#56 = LINE('',#57,#58);
#57 = CARTESIAN_POINT('',(128.82,-94.61,1.115));
#58 = VECTOR('',#59,1.);
#59 = DIRECTION('',(0.,1.,0.));
#60 = ORIENTED_EDGE('',*,*,#61,.F.);
#61 = EDGE_CURVE('',#62,#54,#64,.T.);
#62 = VERTEX_POINT('',#63);
#63 = CARTESIAN_POINT('',(128.82,-86.61,1.04));
#64 = LINE('',#65,#66);
#65 = CARTESIAN_POINT('',(128.82,-86.61,1.04));
#66 = VECTOR('',#67,1.);
#67 = DIRECTION('',(0.,0.,1.));
#68 = ORIENTED_EDGE('',*,*,#69,.F.);
#69 = EDGE_CURVE('',#44,#62,#70,.T.);
#70 = LINE('',#71,#72);
#71 = CARTESIAN_POINT('',(128.82,-94.61,1.04));
#72 = VECTOR('',#73,1.);
#73 = DIRECTION('',(0.,1.,0.));
#74 = PLANE('',#75);
#75 = AXIS2_PLACEMENT_3D('',#76,#77,#78);
#76 = CARTESIAN_POINT('',(128.82,-94.61,1.04));
#77 = DIRECTION('',(-1.,0.,0.));
#78 = DIRECTION('',(0.,1.,0.));
#79 = ADVANCED_FACE('',(#80),#105,.T.);
#80 = FACE_BOUND('',#81,.T.);
#81 = EDGE_LOOP('',(#82,#83,#91,#99));
#82 = ORIENTED_EDGE('',*,*,#61,.T.);
#83 = ORIENTED_EDGE('',*,*,#84,.T.);
#84 = EDGE_CURVE('',#54,#85,#87,.T.);
#85 = VERTEX_POINT('',#86);
#86 = CARTESIAN_POINT('',(136.82,-86.61,1.115));
#87 = LINE('',#88,#89);
#88 = CARTESIAN_POINT('',(128.82,-86.61,1.115));
#89 = VECTOR('',#90,1.);
#90 = DIRECTION('',(1.,0.,0.));
#91 = ORIENTED_EDGE('',*,*,#92,.F.);
#92 = EDGE_CURVE('',#93,#85,#95,.T.);
#93 = VERTEX_POINT('',#94);
#94 = CARTESIAN_POINT('',(136.82,-86.61,1.04));
#95 = LINE('',#96,#97);
#96 = CARTESIAN_POINT('',(136.82,-86.61,1.04));
#97 = VECTOR('',#98,1.);
#98 = DIRECTION('',(0.,0.,1.));
#99 = ORIENTED_EDGE('',*,*,#100,.F.);
#100 = EDGE_CURVE('',#62,#93,#101,.T.);
#101 = LINE('',#102,#103);
#102 = CARTESIAN_POINT('',(128.82,-86.61,1.04));
#103 = VECTOR('',#104,1.);
#104 = DIRECTION('',(1.,0.,0.));
#105 = PLANE('',#106);
#106 = AXIS2_PLACEMENT_3D('',#107,#108,#109);
#107 = CARTESIAN_POINT('',(128.82,-86.61,1.04));
#108 = DIRECTION('',(0.,1.,0.));
#109 = DIRECTION('',(1.,0.,0.));
#110 = ADVANCED_FACE('',(#111),#136,.T.);
#111 = FACE_BOUND('',#112,.T.);
#112 = EDGE_LOOP('',(#113,#114,#122,#130));
#113 = ORIENTED_EDGE('',*,*,#92,.T.);
#114 = ORIENTED_EDGE('',*,*,#115,.T.);
#115 = EDGE_CURVE('',#85,#116,#118,.T.);
#116 = VERTEX_POINT('',#117);
#117 = CARTESIAN_POINT('',(136.82,-94.61,1.115));
#118 = LINE('',#119,#120);
#119 = CARTESIAN_POINT('',(136.82,-86.61,1.115));
#120 = VECTOR('',#121,1.);
#121 = DIRECTION('',(0.,-1.,0.));
#122 = ORIENTED_EDGE('',*,*,#123,.F.);
#123 = EDGE_CURVE('',#124,#116,#126,.T.);
#124 = VERTEX_POINT('',#125);
#125 = CARTESIAN_POINT('',(136.82,-94.61,1.04));
#126 = LINE('',#127,#128);
#127 = CARTESIAN_POINT('',(136.82,-94.61,1.04));
#128 = VECTOR('',#129,1.);
#129 = DIRECTION('',(0.,0.,1.));
#130 = ORIENTED_EDGE('',*,*,#131,.F.);
#131 = EDGE_CURVE('',#93,#124,#132,.T.);
#132 = LINE('',#133,#134);
#133 = CARTESIAN_POINT('',(136.82,-86.61,1.04));
#134 = VECTOR('',#135,1.);
#135 = DIRECTION('',(0.,-1.,0.));
#136 = PLANE('',#137);
#137 = AXIS2_PLACEMENT_3D('',#138,#139,#140);
#138 = CARTESIAN_POINT('',(136.82,-86.61,1.04));
#139 = DIRECTION('',(1.,0.,-0.));
#140 = DIRECTION('',(0.,-1.,0.));
#141 = ADVANCED_FACE('',(#142),#158,.T.);
#142 = FACE_BOUND('',#143,.T.);
#143 = EDGE_LOOP('',(#144,#145,#151,#152));
#144 = ORIENTED_EDGE('',*,*,#123,.T.);
#145 = ORIENTED_EDGE('',*,*,#146,.T.);
#146 = EDGE_CURVE('',#116,#46,#147,.T.);
#147 = LINE('',#148,#149);
#148 = CARTESIAN_POINT('',(136.82,-94.61,1.115));
#149 = VECTOR('',#150,1.);
#150 = DIRECTION('',(-1.,0.,0.));
#151 = ORIENTED_EDGE('',*,*,#43,.F.);
#152 = ORIENTED_EDGE('',*,*,#153,.F.);
#153 = EDGE_CURVE('',#124,#44,#154,.T.);
#154 = LINE('',#155,#156);
#155 = CARTESIAN_POINT('',(136.82,-94.61,1.04));
#156 = VECTOR('',#157,1.);
#157 = DIRECTION('',(-1.,0.,0.));
#158 = PLANE('',#159);
#159 = AXIS2_PLACEMENT_3D('',#160,#161,#162);
#160 = CARTESIAN_POINT('',(136.82,-94.61,1.04));
#161 = DIRECTION('',(0.,-1.,0.));
#162 = DIRECTION('',(-1.,0.,0.));
#163 = ADVANCED_FACE('',(#164),#170,.F.);
#164 = FACE_BOUND('',#165,.T.);
#165 = EDGE_LOOP('',(#166,#167,#168,#169));
#166 = ORIENTED_EDGE('',*,*,#69,.T.);
#167 = ORIENTED_EDGE('',*,*,#100,.T.);
#168 = ORIENTED_EDGE('',*,*,#131,.T.);
#169 = ORIENTED_EDGE('',*,*,#153,.T.);
#170 = PLANE('',#171);
#171 = AXIS2_PLACEMENT_3D('',#172,#173,#174);
#172 = CARTESIAN_POINT('',(0.,0.,1.04));
#173 = DIRECTION('',(0.,0.,1.));
#174 = DIRECTION('',(1.,0.,-0.));
#175 = ADVANCED_FACE('',(#176),#182,.T.);
#176 = FACE_BOUND('',#177,.F.);
#177 = EDGE_LOOP('',(#178,#179,#180,#181));
#178 = ORIENTED_EDGE('',*,*,#53,.T.);
#179 = ORIENTED_EDGE('',*,*,#84,.T.);
#180 = ORIENTED_EDGE('',*,*,#115,.T.);
#181 = ORIENTED_EDGE('',*,*,#146,.T.);
#182 = PLANE('',#183);
#183 = AXIS2_PLACEMENT_3D('',#184,#185,#186);
#184 = CARTESIAN_POINT('',(0.,0.,1.115));
#185 = DIRECTION('',(0.,0.,1.));
#186 = DIRECTION('',(1.,0.,-0.));
#187 = MANIFOLD_SOLID_BREP('',#188);
#188 = CLOSED_SHELL('',(#189,#222,#242,#262));
#189 = ADVANCED_FACE('',(#190),#217,.T.);
#190 = FACE_BOUND('',#191,.F.);
#191 = EDGE_LOOP('',(#192,#202,#209,#210));
#192 = ORIENTED_EDGE('',*,*,#193,.T.);
#193 = EDGE_CURVE('',#194,#196,#198,.T.);
#194 = VERTEX_POINT('',#195);
#195 = CARTESIAN_POINT('',(173.7425,-61.5,1.04));
#196 = VERTEX_POINT('',#197);
#197 = CARTESIAN_POINT('',(173.7425,-61.5,1.115));
#198 = LINE('',#199,#200);
#199 = CARTESIAN_POINT('',(173.7425,-61.5,1.04));
#200 = VECTOR('',#201,1.);
#201 = DIRECTION('',(0.,0.,1.));
#202 = ORIENTED_EDGE('',*,*,#203,.T.);
#203 = EDGE_CURVE('',#196,#196,#204,.T.);
#204 = CIRCLE('',#205,1.1);
#205 = AXIS2_PLACEMENT_3D('',#206,#207,#208);
#206 = CARTESIAN_POINT('',(172.6425,-61.5,1.115));
#207 = DIRECTION('',(0.,0.,1.));
#208 = DIRECTION('',(1.,0.,-0.));
#209 = ORIENTED_EDGE('',*,*,#193,.F.);
#210 = ORIENTED_EDGE('',*,*,#211,.F.);
#211 = EDGE_CURVE('',#194,#194,#212,.T.);
#212 = CIRCLE('',#213,1.1);
#213 = AXIS2_PLACEMENT_3D('',#214,#215,#216);
#214 = CARTESIAN_POINT('',(172.6425,-61.5,1.04));
#215 = DIRECTION('',(0.,0.,1.));
#216 = DIRECTION('',(1.,0.,-0.));
#217 = CYLINDRICAL_SURFACE('',#218,1.1);
#218 = AXIS2_PLACEMENT_3D('',#219,#220,#221);
#219 = CARTESIAN_POINT('',(172.6425,-61.5,1.04));
#220 = DIRECTION('',(-0.,-0.,-1.));
#221 = DIRECTION('',(1.,0.,-0.));
#222 = ADVANCED_FACE('',(#223,#226),#237,.F.);
#223 = FACE_BOUND('',#224,.F.);
#224 = EDGE_LOOP('',(#225));
#225 = ORIENTED_EDGE('',*,*,#211,.T.);
#226 = FACE_BOUND('',#227,.F.);
#227 = EDGE_LOOP('',(#228));
#228 = ORIENTED_EDGE('',*,*,#229,.T.);
#229 = EDGE_CURVE('',#230,#230,#232,.T.);
#230 = VERTEX_POINT('',#231);
#231 = CARTESIAN_POINT('',(172.6425,-62.175,1.04));
#232 = CIRCLE('',#233,0.675);
#233 = AXIS2_PLACEMENT_3D('',#234,#235,#236);
#234 = CARTESIAN_POINT('',(172.6425,-61.5,1.04));
#235 = DIRECTION('',(-0.,0.,-1.));
#236 = DIRECTION('',(4.210623619319E-14,-1.,-0.));
#237 = PLANE('',#238);
#238 = AXIS2_PLACEMENT_3D('',#239,#240,#241);
#239 = CARTESIAN_POINT('',(0.,0.,1.04));
#240 = DIRECTION('',(0.,0.,1.));
#241 = DIRECTION('',(1.,0.,-0.));
#242 = ADVANCED_FACE('',(#243,#246),#257,.T.);
#243 = FACE_BOUND('',#244,.T.);
#244 = EDGE_LOOP('',(#245));
#245 = ORIENTED_EDGE('',*,*,#203,.T.);
#246 = FACE_BOUND('',#247,.T.);
#247 = EDGE_LOOP('',(#248));
#248 = ORIENTED_EDGE('',*,*,#249,.T.);
#249 = EDGE_CURVE('',#250,#250,#252,.T.);
#250 = VERTEX_POINT('',#251);
#251 = CARTESIAN_POINT('',(172.6425,-62.175,1.115));
#252 = CIRCLE('',#253,0.675);
#253 = AXIS2_PLACEMENT_3D('',#254,#255,#256);
#254 = CARTESIAN_POINT('',(172.6425,-61.5,1.115));
#255 = DIRECTION('',(-0.,0.,-1.));
#256 = DIRECTION('',(4.210623619319E-14,-1.,-0.));
#257 = PLANE('',#258);
#258 = AXIS2_PLACEMENT_3D('',#259,#260,#261);
#259 = CARTESIAN_POINT('',(0.,0.,1.115));
#260 = DIRECTION('',(0.,0.,1.));
#261 = DIRECTION('',(1.,0.,-0.));
#262 = ADVANCED_FACE('',(#263),#274,.F.);
#263 = FACE_BOUND('',#264,.T.);
#264 = EDGE_LOOP('',(#265,#266,#272,#273));
#265 = ORIENTED_EDGE('',*,*,#229,.T.);
#266 = ORIENTED_EDGE('',*,*,#267,.T.);
#267 = EDGE_CURVE('',#230,#250,#268,.T.);
#268 = LINE('',#269,#270);
#269 = CARTESIAN_POINT('',(172.6425,-62.175,-8.1E-02));
#270 = VECTOR('',#271,1.);
#271 = DIRECTION('',(0.,0.,1.));
#272 = ORIENTED_EDGE('',*,*,#249,.F.);
#273 = ORIENTED_EDGE('',*,*,#267,.F.);
#274 = CYLINDRICAL_SURFACE('',#275,0.675);
#275 = AXIS2_PLACEMENT_3D('',#276,#277,#278);
#276 = CARTESIAN_POINT('',(172.6425,-61.5,-8.1E-02));
#277 = DIRECTION('',(-0.,0.,-1.));
#278 = DIRECTION('',(4.210623619319E-14,-1.,-0.));
#279 = MANIFOLD_SOLID_BREP('',#280);
#280 = CLOSED_SHELL('',(#281,#314,#334,#354));
#281 = ADVANCED_FACE('',(#282),#309,.T.);
#282 = FACE_BOUND('',#283,.T.);
#283 = EDGE_LOOP('',(#284,#294,#301,#302));
#284 = ORIENTED_EDGE('',*,*,#285,.T.);
#285 = EDGE_CURVE('',#286,#288,#290,.T.);
#286 = VERTEX_POINT('',#287);
#287 = CARTESIAN_POINT('',(173.7425,-61.5,0.));
#288 = VERTEX_POINT('',#289);
#289 = CARTESIAN_POINT('',(173.7425,-61.5,-7.5E-02));
#290 = LINE('',#291,#292);
#291 = CARTESIAN_POINT('',(173.7425,-61.5,0.));
#292 = VECTOR('',#293,1.);
#293 = DIRECTION('',(0.,0.,-1.));
#294 = ORIENTED_EDGE('',*,*,#295,.T.);
#295 = EDGE_CURVE('',#288,#288,#296,.T.);
#296 = CIRCLE('',#297,1.1);
#297 = AXIS2_PLACEMENT_3D('',#298,#299,#300);
#298 = CARTESIAN_POINT('',(172.6425,-61.5,-7.5E-02));
#299 = DIRECTION('',(0.,0.,1.));
#300 = DIRECTION('',(1.,0.,-0.));
#301 = ORIENTED_EDGE('',*,*,#285,.F.);
#302 = ORIENTED_EDGE('',*,*,#303,.F.);
#303 = EDGE_CURVE('',#286,#286,#304,.T.);
#304 = CIRCLE('',#305,1.1);
#305 = AXIS2_PLACEMENT_3D('',#306,#307,#308);
#306 = CARTESIAN_POINT('',(172.6425,-61.5,0.));
#307 = DIRECTION('',(0.,0.,1.));
#308 = DIRECTION('',(1.,0.,-0.));
#309 = CYLINDRICAL_SURFACE('',#310,1.1);
#310 = AXIS2_PLACEMENT_3D('',#311,#312,#313);
#311 = CARTESIAN_POINT('',(172.6425,-61.5,0.));
#312 = DIRECTION('',(0.,0.,1.));
#313 = DIRECTION('',(1.,0.,-0.));
#314 = ADVANCED_FACE('',(#315,#318),#329,.F.);
#315 = FACE_BOUND('',#316,.F.);
#316 = EDGE_LOOP('',(#317));
#317 = ORIENTED_EDGE('',*,*,#303,.F.);
#318 = FACE_BOUND('',#319,.F.);
#319 = EDGE_LOOP('',(#320));
#320 = ORIENTED_EDGE('',*,*,#321,.F.);
#321 = EDGE_CURVE('',#322,#322,#324,.T.);
#322 = VERTEX_POINT('',#323);
#323 = CARTESIAN_POINT('',(172.6425,-62.175,0.));
#324 = CIRCLE('',#325,0.675);
#325 = AXIS2_PLACEMENT_3D('',#326,#327,#328);
#326 = CARTESIAN_POINT('',(172.6425,-61.5,0.));
#327 = DIRECTION('',(-0.,0.,-1.));
#328 = DIRECTION('',(4.210623619319E-14,-1.,-0.));
#329 = PLANE('',#330);
#330 = AXIS2_PLACEMENT_3D('',#331,#332,#333);
#331 = CARTESIAN_POINT('',(0.,0.,0.));
#332 = DIRECTION('',(-0.,-0.,-1.));
#333 = DIRECTION('',(-1.,0.,0.));
#334 = ADVANCED_FACE('',(#335,#338),#349,.T.);
#335 = FACE_BOUND('',#336,.T.);
#336 = EDGE_LOOP('',(#337));
#337 = ORIENTED_EDGE('',*,*,#295,.F.);
#338 = FACE_BOUND('',#339,.T.);
#339 = EDGE_LOOP('',(#340));
#340 = ORIENTED_EDGE('',*,*,#341,.F.);
#341 = EDGE_CURVE('',#342,#342,#344,.T.);
#342 = VERTEX_POINT('',#343);
#343 = CARTESIAN_POINT('',(172.6425,-62.175,-7.5E-02));
#344 = CIRCLE('',#345,0.675);
#345 = AXIS2_PLACEMENT_3D('',#346,#347,#348);
#346 = CARTESIAN_POINT('',(172.6425,-61.5,-7.5E-02));
#347 = DIRECTION('',(-0.,0.,-1.));
#348 = DIRECTION('',(4.210623619319E-14,-1.,-0.));
#349 = PLANE('',#350);
#350 = AXIS2_PLACEMENT_3D('',#351,#352,#353);
#351 = CARTESIAN_POINT('',(0.,0.,-7.5E-02));
#352 = DIRECTION('',(-0.,-0.,-1.));
#353 = DIRECTION('',(-1.,0.,0.));
#354 = ADVANCED_FACE('',(#355),#366,.F.);
#355 = FACE_BOUND('',#356,.T.);
#356 = EDGE_LOOP('',(#357,#358,#364,#365));
#357 = ORIENTED_EDGE('',*,*,#341,.T.);
#358 = ORIENTED_EDGE('',*,*,#359,.T.);
#359 = EDGE_CURVE('',#342,#322,#360,.T.);
#360 = LINE('',#361,#362);
#361 = CARTESIAN_POINT('',(172.6425,-62.175,-8.1E-02));
#362 = VECTOR('',#363,1.);
#363 = DIRECTION('',(0.,0.,1.));
#364 = ORIENTED_EDGE('',*,*,#321,.F.);
#365 = ORIENTED_EDGE('',*,*,#359,.F.);
#366 = CYLINDRICAL_SURFACE('',#367,0.675);
#367 = AXIS2_PLACEMENT_3D('',#368,#369,#370);
#368 = CARTESIAN_POINT('',(172.6425,-61.5,-8.1E-02));
#369 = DIRECTION('',(-0.,0.,-1.));
#370 = DIRECTION('',(4.210623619319E-14,-1.,-0.));
#371 = MANIFOLD_SOLID_BREP('',#372);
#372 = CLOSED_SHELL('',(#373,#406,#426,#446));
#373 = ADVANCED_FACE('',(#374),#401,.T.);
#374 = FACE_BOUND('',#375,.F.);
#375 = EDGE_LOOP('',(#376,#386,#393,#394));
#376 = ORIENTED_EDGE('',*,*,#377,.T.);
#377 = EDGE_CURVE('',#378,#380,#382,.T.);
#378 = VERTEX_POINT('',#379);
#379 = CARTESIAN_POINT('',(172.6425,-62.2,-7.5E-02));
#380 = VERTEX_POINT('',#381);
#381 = CARTESIAN_POINT('',(172.6425,-62.2,1.115));
#382 = LINE('',#383,#384);
#383 = CARTESIAN_POINT('',(172.6425,-62.2,-7.5E-02));
#384 = VECTOR('',#385,1.);
#385 = DIRECTION('',(0.,0.,1.));
#386 = ORIENTED_EDGE('',*,*,#387,.T.);
#387 = EDGE_CURVE('',#380,#380,#388,.T.);
#388 = CIRCLE('',#389,0.7);
#389 = AXIS2_PLACEMENT_3D('',#390,#391,#392);
#390 = CARTESIAN_POINT('',(172.6425,-61.5,1.115));
#391 = DIRECTION('',(0.,-0.,1.));
#392 = DIRECTION('',(4.060244204343E-14,-1.,-0.));
#393 = ORIENTED_EDGE('',*,*,#377,.F.);
#394 = ORIENTED_EDGE('',*,*,#395,.F.);
#395 = EDGE_CURVE('',#378,#378,#396,.T.);
#396 = CIRCLE('',#397,0.7);
#397 = AXIS2_PLACEMENT_3D('',#398,#399,#400);
#398 = CARTESIAN_POINT('',(172.6425,-61.5,-7.5E-02));
#399 = DIRECTION('',(0.,-0.,1.));
#400 = DIRECTION('',(4.060244204343E-14,-1.,-0.));
#401 = CYLINDRICAL_SURFACE('',#402,0.7);
#402 = AXIS2_PLACEMENT_3D('',#403,#404,#405);
#403 = CARTESIAN_POINT('',(172.6425,-61.5,-7.5E-02));
#404 = DIRECTION('',(-0.,0.,-1.));
#405 = DIRECTION('',(4.060244204343E-14,-1.,-0.));
#406 = ADVANCED_FACE('',(#407,#410),#421,.F.);
#407 = FACE_BOUND('',#408,.F.);
#408 = EDGE_LOOP('',(#409));
#409 = ORIENTED_EDGE('',*,*,#395,.T.);
#410 = FACE_BOUND('',#411,.F.);
#411 = EDGE_LOOP('',(#412));
#412 = ORIENTED_EDGE('',*,*,#413,.T.);
#413 = EDGE_CURVE('',#414,#414,#416,.T.);
#414 = VERTEX_POINT('',#415);
#415 = CARTESIAN_POINT('',(172.6425,-62.175,-7.5E-02));
#416 = CIRCLE('',#417,0.675);
#417 = AXIS2_PLACEMENT_3D('',#418,#419,#420);
#418 = CARTESIAN_POINT('',(172.6425,-61.5,-7.5E-02));
#419 = DIRECTION('',(-0.,0.,-1.));
#420 = DIRECTION('',(4.210623619319E-14,-1.,-0.));
#421 = PLANE('',#422);
#422 = AXIS2_PLACEMENT_3D('',#423,#424,#425);
#423 = CARTESIAN_POINT('',(172.6425,-62.2,-7.5E-02));
#424 = DIRECTION('',(0.,0.,1.));
#425 = DIRECTION('',(1.,0.,-0.));
#426 = ADVANCED_FACE('',(#427,#430),#441,.T.);
#427 = FACE_BOUND('',#428,.T.);
#428 = EDGE_LOOP('',(#429));
#429 = ORIENTED_EDGE('',*,*,#387,.T.);
#430 = FACE_BOUND('',#431,.T.);
#431 = EDGE_LOOP('',(#432));
#432 = ORIENTED_EDGE('',*,*,#433,.T.);
#433 = EDGE_CURVE('',#434,#434,#436,.T.);
#434 = VERTEX_POINT('',#435);
#435 = CARTESIAN_POINT('',(172.6425,-62.175,1.115));
#436 = CIRCLE('',#437,0.675);
#437 = AXIS2_PLACEMENT_3D('',#438,#439,#440);
#438 = CARTESIAN_POINT('',(172.6425,-61.5,1.115));
#439 = DIRECTION('',(-0.,0.,-1.));
#440 = DIRECTION('',(4.210623619319E-14,-1.,-0.));
#441 = PLANE('',#442);
#442 = AXIS2_PLACEMENT_3D('',#443,#444,#445);
#443 = CARTESIAN_POINT('',(172.6425,-62.2,1.115));
#444 = DIRECTION('',(0.,0.,1.));
#445 = DIRECTION('',(1.,0.,-0.));
#446 = ADVANCED_FACE('',(#447),#458,.F.);
#447 = FACE_BOUND('',#448,.T.);
#448 = EDGE_LOOP('',(#449,#450,#456,#457));
#449 = ORIENTED_EDGE('',*,*,#413,.T.);
#450 = ORIENTED_EDGE('',*,*,#451,.T.);
#451 = EDGE_CURVE('',#414,#434,#452,.T.);
#452 = LINE('',#453,#454);
#453 = CARTESIAN_POINT('',(172.6425,-62.175,-8.1E-02));
#454 = VECTOR('',#455,1.);
#455 = DIRECTION('',(0.,0.,1.));
#456 = ORIENTED_EDGE('',*,*,#433,.F.);
#457 = ORIENTED_EDGE('',*,*,#451,.F.);
#458 = CYLINDRICAL_SURFACE('',#459,0.675);
#459 = AXIS2_PLACEMENT_3D('',#460,#461,#462);
#460 = CARTESIAN_POINT('',(172.6425,-61.5,-8.1E-02));
#461 = DIRECTION('',(-0.,0.,-1.));
#462 = DIRECTION('',(4.210623619319E-14,-1.,-0.));
#463 = MANIFOLD_SOLID_BREP('',#464);
#464 = CLOSED_SHELL('',(#465,#498,#518,#538));
#465 = ADVANCED_FACE('',(#466),#493,.T.);
#466 = FACE_BOUND('',#467,.F.);
#467 = EDGE_LOOP('',(#468,#478,#485,#486));
#468 = ORIENTED_EDGE('',*,*,#469,.T.);
#469 = EDGE_CURVE('',#470,#472,#474,.T.);
#470 = VERTEX_POINT('',#471);
#471 = CARTESIAN_POINT('',(171.2425,-61.5,1.04));
#472 = VERTEX_POINT('',#473);
#473 = CARTESIAN_POINT('',(171.2425,-61.5,1.115));
#474 = LINE('',#475,#476);
#475 = CARTESIAN_POINT('',(171.2425,-61.5,1.04));
#476 = VECTOR('',#477,1.);
#477 = DIRECTION('',(0.,0.,1.));
#478 = ORIENTED_EDGE('',*,*,#479,.T.);
#479 = EDGE_CURVE('',#472,#472,#480,.T.);
#480 = CIRCLE('',#481,1.1);
#481 = AXIS2_PLACEMENT_3D('',#482,#483,#484);
#482 = CARTESIAN_POINT('',(170.1425,-61.5,1.115));
#483 = DIRECTION('',(0.,0.,1.));
#484 = DIRECTION('',(1.,0.,-0.));
#485 = ORIENTED_EDGE('',*,*,#469,.F.);
#486 = ORIENTED_EDGE('',*,*,#487,.F.);
#487 = EDGE_CURVE('',#470,#470,#488,.T.);
#488 = CIRCLE('',#489,1.1);
#489 = AXIS2_PLACEMENT_3D('',#490,#491,#492);
#490 = CARTESIAN_POINT('',(170.1425,-61.5,1.04));
#491 = DIRECTION('',(0.,0.,1.));
#492 = DIRECTION('',(1.,0.,-0.));
#493 = CYLINDRICAL_SURFACE('',#494,1.1);
#494 = AXIS2_PLACEMENT_3D('',#495,#496,#497);
#495 = CARTESIAN_POINT('',(170.1425,-61.5,1.04));
#496 = DIRECTION('',(-0.,-0.,-1.));
#497 = DIRECTION('',(1.,0.,-0.));
#498 = ADVANCED_FACE('',(#499,#502),#513,.F.);
#499 = FACE_BOUND('',#500,.F.);
#500 = EDGE_LOOP('',(#501));
#501 = ORIENTED_EDGE('',*,*,#487,.T.);
#502 = FACE_BOUND('',#503,.F.);
#503 = EDGE_LOOP('',(#504));
#504 = ORIENTED_EDGE('',*,*,#505,.T.);
#505 = EDGE_CURVE('',#506,#506,#508,.T.);
#506 = VERTEX_POINT('',#507);
#507 = CARTESIAN_POINT('',(170.1425,-62.175,1.04));
#508 = CIRCLE('',#509,0.675);
#509 = AXIS2_PLACEMENT_3D('',#510,#511,#512);
#510 = CARTESIAN_POINT('',(170.1425,-61.5,1.04));
#511 = DIRECTION('',(-0.,0.,-1.));
#512 = DIRECTION('',(4.210623619319E-14,-1.,-0.));
#513 = PLANE('',#514);
#514 = AXIS2_PLACEMENT_3D('',#515,#516,#517);
#515 = CARTESIAN_POINT('',(0.,0.,1.04));
#516 = DIRECTION('',(0.,0.,1.));
#517 = DIRECTION('',(1.,0.,-0.));
#518 = ADVANCED_FACE('',(#519,#522),#533,.T.);
#519 = FACE_BOUND('',#520,.T.);
#520 = EDGE_LOOP('',(#521));
#521 = ORIENTED_EDGE('',*,*,#479,.T.);
#522 = FACE_BOUND('',#523,.T.);
#523 = EDGE_LOOP('',(#524));
#524 = ORIENTED_EDGE('',*,*,#525,.T.);
#525 = EDGE_CURVE('',#526,#526,#528,.T.);
#526 = VERTEX_POINT('',#527);
#527 = CARTESIAN_POINT('',(170.1425,-62.175,1.115));
#528 = CIRCLE('',#529,0.675);
#529 = AXIS2_PLACEMENT_3D('',#530,#531,#532);
#530 = CARTESIAN_POINT('',(170.1425,-61.5,1.115));
#531 = DIRECTION('',(-0.,0.,-1.));
#532 = DIRECTION('',(4.210623619319E-14,-1.,-0.));
#533 = PLANE('',#534);
#534 = AXIS2_PLACEMENT_3D('',#535,#536,#537);
#535 = CARTESIAN_POINT('',(0.,0.,1.115));
#536 = DIRECTION('',(0.,0.,1.));
#537 = DIRECTION('',(1.,0.,-0.));
#538 = ADVANCED_FACE('',(#539),#550,.F.);
#539 = FACE_BOUND('',#540,.T.);
#540 = EDGE_LOOP('',(#541,#542,#548,#549));
#541 = ORIENTED_EDGE('',*,*,#505,.T.);
#542 = ORIENTED_EDGE('',*,*,#543,.T.);
#543 = EDGE_CURVE('',#506,#526,#544,.T.);
#544 = LINE('',#545,#546);
#545 = CARTESIAN_POINT('',(170.1425,-62.175,-8.1E-02));
#546 = VECTOR('',#547,1.);
#547 = DIRECTION('',(0.,0.,1.));
#548 = ORIENTED_EDGE('',*,*,#525,.F.);
#549 = ORIENTED_EDGE('',*,*,#543,.F.);
#550 = CYLINDRICAL_SURFACE('',#551,0.675);
#551 = AXIS2_PLACEMENT_3D('',#552,#553,#554);
#552 = CARTESIAN_POINT('',(170.1425,-61.5,-8.1E-02));
#553 = DIRECTION('',(-0.,0.,-1.));
#554 = DIRECTION('',(4.210623619319E-14,-1.,-0.));
#555 = MANIFOLD_SOLID_BREP('',#556);
#556 = CLOSED_SHELL('',(#557,#590,#610,#630));
#557 = ADVANCED_FACE('',(#558),#585,.T.);
#558 = FACE_BOUND('',#559,.T.);
#559 = EDGE_LOOP('',(#560,#570,#577,#578));
#560 = ORIENTED_EDGE('',*,*,#561,.T.);
#561 = EDGE_CURVE('',#562,#564,#566,.T.);
#562 = VERTEX_POINT('',#563);
#563 = CARTESIAN_POINT('',(171.2425,-61.5,0.));
#564 = VERTEX_POINT('',#565);
#565 = CARTESIAN_POINT('',(171.2425,-61.5,-7.5E-02));
#566 = LINE('',#567,#568);
#567 = CARTESIAN_POINT('',(171.2425,-61.5,0.));
#568 = VECTOR('',#569,1.);
#569 = DIRECTION('',(0.,0.,-1.));
#570 = ORIENTED_EDGE('',*,*,#571,.T.);
#571 = EDGE_CURVE('',#564,#564,#572,.T.);
#572 = CIRCLE('',#573,1.1);
#573 = AXIS2_PLACEMENT_3D('',#574,#575,#576);
#574 = CARTESIAN_POINT('',(170.1425,-61.5,-7.5E-02));
#575 = DIRECTION('',(0.,0.,1.));
#576 = DIRECTION('',(1.,0.,-0.));
#577 = ORIENTED_EDGE('',*,*,#561,.F.);
#578 = ORIENTED_EDGE('',*,*,#579,.F.);
#579 = EDGE_CURVE('',#562,#562,#580,.T.);
#580 = CIRCLE('',#581,1.1);
#581 = AXIS2_PLACEMENT_3D('',#582,#583,#584);
#582 = CARTESIAN_POINT('',(170.1425,-61.5,0.));
#583 = DIRECTION('',(0.,0.,1.));
#584 = DIRECTION('',(1.,0.,-0.));
#585 = CYLINDRICAL_SURFACE('',#586,1.1);
#586 = AXIS2_PLACEMENT_3D('',#587,#588,#589);
#587 = CARTESIAN_POINT('',(170.1425,-61.5,0.));
#588 = DIRECTION('',(0.,0.,1.));
#589 = DIRECTION('',(1.,0.,-0.));
#590 = ADVANCED_FACE('',(#591,#594),#605,.F.);
#591 = FACE_BOUND('',#592,.F.);
#592 = EDGE_LOOP('',(#593));
#593 = ORIENTED_EDGE('',*,*,#579,.F.);
#594 = FACE_BOUND('',#595,.F.);
#595 = EDGE_LOOP('',(#596));
#596 = ORIENTED_EDGE('',*,*,#597,.F.);
#597 = EDGE_CURVE('',#598,#598,#600,.T.);
#598 = VERTEX_POINT('',#599);
#599 = CARTESIAN_POINT('',(170.1425,-62.175,0.));
#600 = CIRCLE('',#601,0.675);
#601 = AXIS2_PLACEMENT_3D('',#602,#603,#604);
#602 = CARTESIAN_POINT('',(170.1425,-61.5,0.));
#603 = DIRECTION('',(-0.,0.,-1.));
#604 = DIRECTION('',(4.210623619319E-14,-1.,-0.));
#605 = PLANE('',#606);
#606 = AXIS2_PLACEMENT_3D('',#607,#608,#609);
#607 = CARTESIAN_POINT('',(0.,0.,0.));
#608 = DIRECTION('',(-0.,-0.,-1.));
#609 = DIRECTION('',(-1.,0.,0.));
#610 = ADVANCED_FACE('',(#611,#614),#625,.T.);
#611 = FACE_BOUND('',#612,.T.);
#612 = EDGE_LOOP('',(#613));
#613 = ORIENTED_EDGE('',*,*,#571,.F.);
#614 = FACE_BOUND('',#615,.T.);
#615 = EDGE_LOOP('',(#616));
#616 = ORIENTED_EDGE('',*,*,#617,.F.);
#617 = EDGE_CURVE('',#618,#618,#620,.T.);
#618 = VERTEX_POINT('',#619);
#619 = CARTESIAN_POINT('',(170.1425,-62.175,-7.5E-02));
#620 = CIRCLE('',#621,0.675);
#621 = AXIS2_PLACEMENT_3D('',#622,#623,#624);
#622 = CARTESIAN_POINT('',(170.1425,-61.5,-7.5E-02));
#623 = DIRECTION('',(-0.,0.,-1.));
#624 = DIRECTION('',(4.210623619319E-14,-1.,-0.));
#625 = PLANE('',#626);
#626 = AXIS2_PLACEMENT_3D('',#627,#628,#629);
#627 = CARTESIAN_POINT('',(0.,0.,-7.5E-02));
#628 = DIRECTION('',(-0.,-0.,-1.));
#629 = DIRECTION('',(-1.,0.,0.));
#630 = ADVANCED_FACE('',(#631),#642,.F.);
#631 = FACE_BOUND('',#632,.T.);
#632 = EDGE_LOOP('',(#633,#634,#640,#641));
#633 = ORIENTED_EDGE('',*,*,#617,.T.);
#634 = ORIENTED_EDGE('',*,*,#635,.T.);
#635 = EDGE_CURVE('',#618,#598,#636,.T.);
#636 = LINE('',#637,#638);
#637 = CARTESIAN_POINT('',(170.1425,-62.175,-8.1E-02));
#638 = VECTOR('',#639,1.);
#639 = DIRECTION('',(0.,0.,1.));
#640 = ORIENTED_EDGE('',*,*,#597,.F.);
#641 = ORIENTED_EDGE('',*,*,#635,.F.);
#642 = CYLINDRICAL_SURFACE('',#643,0.675);
#643 = AXIS2_PLACEMENT_3D('',#644,#645,#646);
#644 = CARTESIAN_POINT('',(170.1425,-61.5,-8.1E-02));
#645 = DIRECTION('',(-0.,0.,-1.));
#646 = DIRECTION('',(4.210623619319E-14,-1.,-0.));
#647 = MANIFOLD_SOLID_BREP('',#648);
#648 = CLOSED_SHELL('',(#649,#682,#702,#722));
#649 = ADVANCED_FACE('',(#650),#677,.T.);
#650 = FACE_BOUND('',#651,.F.);
#651 = EDGE_LOOP('',(#652,#662,#669,#670));
#652 = ORIENTED_EDGE('',*,*,#653,.T.);
#653 = EDGE_CURVE('',#654,#656,#658,.T.);
#654 = VERTEX_POINT('',#655);
#655 = CARTESIAN_POINT('',(170.1425,-62.2,-7.5E-02));
#656 = VERTEX_POINT('',#657);
#657 = CARTESIAN_POINT('',(170.1425,-62.2,1.115));
#658 = LINE('',#659,#660);
#659 = CARTESIAN_POINT('',(170.1425,-62.2,-7.5E-02));
#660 = VECTOR('',#661,1.);
#661 = DIRECTION('',(0.,0.,1.));
#662 = ORIENTED_EDGE('',*,*,#663,.T.);
#663 = EDGE_CURVE('',#656,#656,#664,.T.);
#664 = CIRCLE('',#665,0.7);
#665 = AXIS2_PLACEMENT_3D('',#666,#667,#668);
#666 = CARTESIAN_POINT('',(170.1425,-61.5,1.115));
#667 = DIRECTION('',(0.,-0.,1.));
#668 = DIRECTION('',(4.060244204343E-14,-1.,-0.));
#669 = ORIENTED_EDGE('',*,*,#653,.F.);
#670 = ORIENTED_EDGE('',*,*,#671,.F.);
#671 = EDGE_CURVE('',#654,#654,#672,.T.);
#672 = CIRCLE('',#673,0.7);
#673 = AXIS2_PLACEMENT_3D('',#674,#675,#676);
#674 = CARTESIAN_POINT('',(170.1425,-61.5,-7.5E-02));
#675 = DIRECTION('',(0.,-0.,1.));
#676 = DIRECTION('',(4.060244204343E-14,-1.,-0.));
#677 = CYLINDRICAL_SURFACE('',#678,0.7);
#678 = AXIS2_PLACEMENT_3D('',#679,#680,#681);
#679 = CARTESIAN_POINT('',(170.1425,-61.5,-7.5E-02));
#680 = DIRECTION('',(-0.,0.,-1.));
#681 = DIRECTION('',(4.060244204343E-14,-1.,-0.));
#682 = ADVANCED_FACE('',(#683,#686),#697,.F.);
#683 = FACE_BOUND('',#684,.F.);
#684 = EDGE_LOOP('',(#685));
#685 = ORIENTED_EDGE('',*,*,#671,.T.);
#686 = FACE_BOUND('',#687,.F.);
#687 = EDGE_LOOP('',(#688));
#688 = ORIENTED_EDGE('',*,*,#689,.T.);
#689 = EDGE_CURVE('',#690,#690,#692,.T.);
#690 = VERTEX_POINT('',#691);
#691 = CARTESIAN_POINT('',(170.1425,-62.175,-7.5E-02));
#692 = CIRCLE('',#693,0.675);
#693 = AXIS2_PLACEMENT_3D('',#694,#695,#696);
#694 = CARTESIAN_POINT('',(170.1425,-61.5,-7.5E-02));
#695 = DIRECTION('',(-0.,0.,-1.));
#696 = DIRECTION('',(4.210623619319E-14,-1.,-0.));
#697 = PLANE('',#698);
#698 = AXIS2_PLACEMENT_3D('',#699,#700,#701);
#699 = CARTESIAN_POINT('',(170.1425,-62.2,-7.5E-02));
#700 = DIRECTION('',(0.,0.,1.));
#701 = DIRECTION('',(1.,0.,-0.));
#702 = ADVANCED_FACE('',(#703,#706),#717,.T.);
#703 = FACE_BOUND('',#704,.T.);
#704 = EDGE_LOOP('',(#705));
#705 = ORIENTED_EDGE('',*,*,#663,.T.);
#706 = FACE_BOUND('',#707,.T.);
#707 = EDGE_LOOP('',(#708));
#708 = ORIENTED_EDGE('',*,*,#709,.T.);
#709 = EDGE_CURVE('',#710,#710,#712,.T.);
#710 = VERTEX_POINT('',#711);
#711 = CARTESIAN_POINT('',(170.1425,-62.175,1.115));
#712 = CIRCLE('',#713,0.675);
#713 = AXIS2_PLACEMENT_3D('',#714,#715,#716);
#714 = CARTESIAN_POINT('',(170.1425,-61.5,1.115));
#715 = DIRECTION('',(-0.,0.,-1.));
#716 = DIRECTION('',(4.210623619319E-14,-1.,-0.));
#717 = PLANE('',#718);
#718 = AXIS2_PLACEMENT_3D('',#719,#720,#721);
#719 = CARTESIAN_POINT('',(170.1425,-62.2,1.115));
#720 = DIRECTION('',(0.,0.,1.));
#721 = DIRECTION('',(1.,0.,-0.));
#722 = ADVANCED_FACE('',(#723),#734,.F.);
#723 = FACE_BOUND('',#724,.T.);
#724 = EDGE_LOOP('',(#725,#726,#732,#733));
#725 = ORIENTED_EDGE('',*,*,#689,.T.);
#726 = ORIENTED_EDGE('',*,*,#727,.T.);
#727 = EDGE_CURVE('',#690,#710,#728,.T.);
#728 = LINE('',#729,#730);
#729 = CARTESIAN_POINT('',(170.1425,-62.175,-8.1E-02));
#730 = VECTOR('',#731,1.);
#731 = DIRECTION('',(0.,0.,1.));
#732 = ORIENTED_EDGE('',*,*,#709,.F.);
#733 = ORIENTED_EDGE('',*,*,#727,.F.);
#734 = CYLINDRICAL_SURFACE('',#735,0.675);
#735 = AXIS2_PLACEMENT_3D('',#736,#737,#738);
#736 = CARTESIAN_POINT('',(170.1425,-61.5,-8.1E-02));
#737 = DIRECTION('',(-0.,0.,-1.));
#738 = DIRECTION('',(4.210623619319E-14,-1.,-0.));
#739 = MANIFOLD_SOLID_BREP('',#740);
#740 = CLOSED_SHELL('',(#741,#774,#794,#814));
#741 = ADVANCED_FACE('',(#742),#769,.T.);
#742 = FACE_BOUND('',#743,.F.);
#743 = EDGE_LOOP('',(#744,#754,#761,#762));
#744 = ORIENTED_EDGE('',*,*,#745,.T.);
#745 = EDGE_CURVE('',#746,#748,#750,.T.);
#746 = VERTEX_POINT('',#747);
#747 = CARTESIAN_POINT('',(173.7425,-65.,1.04));
#748 = VERTEX_POINT('',#749);
#749 = CARTESIAN_POINT('',(173.7425,-65.,1.115));
#750 = LINE('',#751,#752);
#751 = CARTESIAN_POINT('',(173.7425,-65.,1.04));
#752 = VECTOR('',#753,1.);
#753 = DIRECTION('',(0.,0.,1.));
#754 = ORIENTED_EDGE('',*,*,#755,.T.);
#755 = EDGE_CURVE('',#748,#748,#756,.T.);
#756 = CIRCLE('',#757,1.1);
#757 = AXIS2_PLACEMENT_3D('',#758,#759,#760);
#758 = CARTESIAN_POINT('',(172.6425,-65.,1.115));
#759 = DIRECTION('',(0.,0.,1.));
#760 = DIRECTION('',(1.,0.,-0.));
#761 = ORIENTED_EDGE('',*,*,#745,.F.);
#762 = ORIENTED_EDGE('',*,*,#763,.F.);
#763 = EDGE_CURVE('',#746,#746,#764,.T.);
#764 = CIRCLE('',#765,1.1);
#765 = AXIS2_PLACEMENT_3D('',#766,#767,#768);
#766 = CARTESIAN_POINT('',(172.6425,-65.,1.04));
#767 = DIRECTION('',(0.,0.,1.));
#768 = DIRECTION('',(1.,0.,-0.));
#769 = CYLINDRICAL_SURFACE('',#770,1.1);
#770 = AXIS2_PLACEMENT_3D('',#771,#772,#773);
#771 = CARTESIAN_POINT('',(172.6425,-65.,1.04));
#772 = DIRECTION('',(-0.,-0.,-1.));
#773 = DIRECTION('',(1.,0.,-0.));
#774 = ADVANCED_FACE('',(#775,#778),#789,.F.);
#775 = FACE_BOUND('',#776,.F.);
#776 = EDGE_LOOP('',(#777));
#777 = ORIENTED_EDGE('',*,*,#763,.T.);
#778 = FACE_BOUND('',#779,.F.);
#779 = EDGE_LOOP('',(#780));
#780 = ORIENTED_EDGE('',*,*,#781,.T.);
#781 = EDGE_CURVE('',#782,#782,#784,.T.);
#782 = VERTEX_POINT('',#783);
#783 = CARTESIAN_POINT('',(172.6425,-65.675,1.04));
#784 = CIRCLE('',#785,0.675);
#785 = AXIS2_PLACEMENT_3D('',#786,#787,#788);
#786 = CARTESIAN_POINT('',(172.6425,-65.,1.04));
#787 = DIRECTION('',(-0.,0.,-1.));
#788 = DIRECTION('',(4.210623619319E-14,-1.,-0.));
#789 = PLANE('',#790);
#790 = AXIS2_PLACEMENT_3D('',#791,#792,#793);
#791 = CARTESIAN_POINT('',(0.,0.,1.04));
#792 = DIRECTION('',(0.,0.,1.));
#793 = DIRECTION('',(1.,0.,-0.));
#794 = ADVANCED_FACE('',(#795,#798),#809,.T.);
#795 = FACE_BOUND('',#796,.T.);
#796 = EDGE_LOOP('',(#797));
#797 = ORIENTED_EDGE('',*,*,#755,.T.);
#798 = FACE_BOUND('',#799,.T.);
#799 = EDGE_LOOP('',(#800));
#800 = ORIENTED_EDGE('',*,*,#801,.T.);
#801 = EDGE_CURVE('',#802,#802,#804,.T.);
#802 = VERTEX_POINT('',#803);
#803 = CARTESIAN_POINT('',(172.6425,-65.675,1.115));
#804 = CIRCLE('',#805,0.675);
#805 = AXIS2_PLACEMENT_3D('',#806,#807,#808);
#806 = CARTESIAN_POINT('',(172.6425,-65.,1.115));
#807 = DIRECTION('',(-0.,0.,-1.));
#808 = DIRECTION('',(4.210623619319E-14,-1.,-0.));
#809 = PLANE('',#810);
#810 = AXIS2_PLACEMENT_3D('',#811,#812,#813);
#811 = CARTESIAN_POINT('',(0.,0.,1.115));
#812 = DIRECTION('',(0.,0.,1.));
#813 = DIRECTION('',(1.,0.,-0.));
#814 = ADVANCED_FACE('',(#815),#826,.F.);
#815 = FACE_BOUND('',#816,.T.);
#816 = EDGE_LOOP('',(#817,#818,#824,#825));
#817 = ORIENTED_EDGE('',*,*,#781,.T.);
#818 = ORIENTED_EDGE('',*,*,#819,.T.);
#819 = EDGE_CURVE('',#782,#802,#820,.T.);
#820 = LINE('',#821,#822);
#821 = CARTESIAN_POINT('',(172.6425,-65.675,-8.1E-02));
#822 = VECTOR('',#823,1.);
#823 = DIRECTION('',(0.,0.,1.));
#824 = ORIENTED_EDGE('',*,*,#801,.F.);
#825 = ORIENTED_EDGE('',*,*,#819,.F.);
#826 = CYLINDRICAL_SURFACE('',#827,0.675);
#827 = AXIS2_PLACEMENT_3D('',#828,#829,#830);
#828 = CARTESIAN_POINT('',(172.6425,-65.,-8.1E-02));
#829 = DIRECTION('',(-0.,0.,-1.));
#830 = DIRECTION('',(4.210623619319E-14,-1.,-0.));
#831 = MANIFOLD_SOLID_BREP('',#832);
#832 = CLOSED_SHELL('',(#833,#866,#886,#906));
#833 = ADVANCED_FACE('',(#834),#861,.T.);
#834 = FACE_BOUND('',#835,.T.);
#835 = EDGE_LOOP('',(#836,#846,#853,#854));
#836 = ORIENTED_EDGE('',*,*,#837,.T.);
#837 = EDGE_CURVE('',#838,#840,#842,.T.);
#838 = VERTEX_POINT('',#839);
#839 = CARTESIAN_POINT('',(173.7425,-65.,0.));
#840 = VERTEX_POINT('',#841);
#841 = CARTESIAN_POINT('',(173.7425,-65.,-7.5E-02));
#842 = LINE('',#843,#844);
#843 = CARTESIAN_POINT('',(173.7425,-65.,0.));
#844 = VECTOR('',#845,1.);
#845 = DIRECTION('',(0.,0.,-1.));
#846 = ORIENTED_EDGE('',*,*,#847,.T.);
#847 = EDGE_CURVE('',#840,#840,#848,.T.);
#848 = CIRCLE('',#849,1.1);
#849 = AXIS2_PLACEMENT_3D('',#850,#851,#852);
#850 = CARTESIAN_POINT('',(172.6425,-65.,-7.5E-02));
#851 = DIRECTION('',(0.,0.,1.));
#852 = DIRECTION('',(1.,0.,-0.));
#853 = ORIENTED_EDGE('',*,*,#837,.F.);
#854 = ORIENTED_EDGE('',*,*,#855,.F.);
#855 = EDGE_CURVE('',#838,#838,#856,.T.);
#856 = CIRCLE('',#857,1.1);
#857 = AXIS2_PLACEMENT_3D('',#858,#859,#860);
#858 = CARTESIAN_POINT('',(172.6425,-65.,0.));
#859 = DIRECTION('',(0.,0.,1.));
#860 = DIRECTION('',(1.,0.,-0.));
#861 = CYLINDRICAL_SURFACE('',#862,1.1);
#862 = AXIS2_PLACEMENT_3D('',#863,#864,#865);
#863 = CARTESIAN_POINT('',(172.6425,-65.,0.));
#864 = DIRECTION('',(0.,0.,1.));
#865 = DIRECTION('',(1.,0.,-0.));
#866 = ADVANCED_FACE('',(#867,#870),#881,.F.);
#867 = FACE_BOUND('',#868,.F.);
#868 = EDGE_LOOP('',(#869));
#869 = ORIENTED_EDGE('',*,*,#855,.F.);
#870 = FACE_BOUND('',#871,.F.);
#871 = EDGE_LOOP('',(#872));
#872 = ORIENTED_EDGE('',*,*,#873,.F.);
#873 = EDGE_CURVE('',#874,#874,#876,.T.);
#874 = VERTEX_POINT('',#875);
#875 = CARTESIAN_POINT('',(172.6425,-65.675,0.));
#876 = CIRCLE('',#877,0.675);
#877 = AXIS2_PLACEMENT_3D('',#878,#879,#880);
#878 = CARTESIAN_POINT('',(172.6425,-65.,0.));
#879 = DIRECTION('',(-0.,0.,-1.));
#880 = DIRECTION('',(4.210623619319E-14,-1.,-0.));
#881 = PLANE('',#882);
#882 = AXIS2_PLACEMENT_3D('',#883,#884,#885);
#883 = CARTESIAN_POINT('',(0.,0.,0.));
#884 = DIRECTION('',(-0.,-0.,-1.));
#885 = DIRECTION('',(-1.,0.,0.));
#886 = ADVANCED_FACE('',(#887,#890),#901,.T.);
#887 = FACE_BOUND('',#888,.T.);
#888 = EDGE_LOOP('',(#889));
#889 = ORIENTED_EDGE('',*,*,#847,.F.);
#890 = FACE_BOUND('',#891,.T.);
#891 = EDGE_LOOP('',(#892));
#892 = ORIENTED_EDGE('',*,*,#893,.F.);
#893 = EDGE_CURVE('',#894,#894,#896,.T.);
#894 = VERTEX_POINT('',#895);
#895 = CARTESIAN_POINT('',(172.6425,-65.675,-7.5E-02));
#896 = CIRCLE('',#897,0.675);
#897 = AXIS2_PLACEMENT_3D('',#898,#899,#900);
#898 = CARTESIAN_POINT('',(172.6425,-65.,-7.5E-02));
#899 = DIRECTION('',(-0.,0.,-1.));
#900 = DIRECTION('',(4.210623619319E-14,-1.,-0.));
#901 = PLANE('',#902);
#902 = AXIS2_PLACEMENT_3D('',#903,#904,#905);
#903 = CARTESIAN_POINT('',(0.,0.,-7.5E-02));
#904 = DIRECTION('',(-0.,-0.,-1.));
#905 = DIRECTION('',(-1.,0.,0.));
#906 = ADVANCED_FACE('',(#907),#918,.F.);
#907 = FACE_BOUND('',#908,.T.);
#908 = EDGE_LOOP('',(#909,#910,#916,#917));
#909 = ORIENTED_EDGE('',*,*,#893,.T.);
#910 = ORIENTED_EDGE('',*,*,#911,.T.);
#911 = EDGE_CURVE('',#894,#874,#912,.T.);
#912 = LINE('',#913,#914);
#913 = CARTESIAN_POINT('',(172.6425,-65.675,-8.1E-02));
#914 = VECTOR('',#915,1.);
#915 = DIRECTION('',(0.,0.,1.));
#916 = ORIENTED_EDGE('',*,*,#873,.F.);
#917 = ORIENTED_EDGE('',*,*,#911,.F.);
#918 = CYLINDRICAL_SURFACE('',#919,0.675);
#919 = AXIS2_PLACEMENT_3D('',#920,#921,#922);
#920 = CARTESIAN_POINT('',(172.6425,-65.,-8.1E-02));
#921 = DIRECTION('',(-0.,0.,-1.));
#922 = DIRECTION('',(4.210623619319E-14,-1.,-0.));
#923 = MANIFOLD_SOLID_BREP('',#924);
#924 = CLOSED_SHELL('',(#925,#958,#978,#998));
#925 = ADVANCED_FACE('',(#926),#953,.T.);
#926 = FACE_BOUND('',#927,.F.);
#927 = EDGE_LOOP('',(#928,#938,#945,#946));
#928 = ORIENTED_EDGE('',*,*,#929,.T.);
#929 = EDGE_CURVE('',#930,#932,#934,.T.);
#930 = VERTEX_POINT('',#931);
#931 = CARTESIAN_POINT('',(172.6425,-65.7,-7.5E-02));
#932 = VERTEX_POINT('',#933);
#933 = CARTESIAN_POINT('',(172.6425,-65.7,1.115));
#934 = LINE('',#935,#936);
#935 = CARTESIAN_POINT('',(172.6425,-65.7,-7.5E-02));
#936 = VECTOR('',#937,1.);
#937 = DIRECTION('',(0.,0.,1.));
#938 = ORIENTED_EDGE('',*,*,#939,.T.);
#939 = EDGE_CURVE('',#932,#932,#940,.T.);
#940 = CIRCLE('',#941,0.7);
#941 = AXIS2_PLACEMENT_3D('',#942,#943,#944);
#942 = CARTESIAN_POINT('',(172.6425,-65.,1.115));
#943 = DIRECTION('',(0.,-0.,1.));
#944 = DIRECTION('',(4.060244204343E-14,-1.,-0.));
#945 = ORIENTED_EDGE('',*,*,#929,.F.);
#946 = ORIENTED_EDGE('',*,*,#947,.F.);
#947 = EDGE_CURVE('',#930,#930,#948,.T.);
#948 = CIRCLE('',#949,0.7);
#949 = AXIS2_PLACEMENT_3D('',#950,#951,#952);
#950 = CARTESIAN_POINT('',(172.6425,-65.,-7.5E-02));
#951 = DIRECTION('',(0.,-0.,1.));
#952 = DIRECTION('',(4.060244204343E-14,-1.,-0.));
#953 = CYLINDRICAL_SURFACE('',#954,0.7);
#954 = AXIS2_PLACEMENT_3D('',#955,#956,#957);
#955 = CARTESIAN_POINT('',(172.6425,-65.,-7.5E-02));
#956 = DIRECTION('',(-0.,0.,-1.));
#957 = DIRECTION('',(4.060244204343E-14,-1.,-0.));
#958 = ADVANCED_FACE('',(#959,#962),#973,.F.);
#959 = FACE_BOUND('',#960,.F.);
#960 = EDGE_LOOP('',(#961));
#961 = ORIENTED_EDGE('',*,*,#947,.T.);
#962 = FACE_BOUND('',#963,.F.);
#963 = EDGE_LOOP('',(#964));
#964 = ORIENTED_EDGE('',*,*,#965,.T.);
#965 = EDGE_CURVE('',#966,#966,#968,.T.);
#966 = VERTEX_POINT('',#967);
#967 = CARTESIAN_POINT('',(172.6425,-65.675,-7.5E-02));
#968 = CIRCLE('',#969,0.675);
#969 = AXIS2_PLACEMENT_3D('',#970,#971,#972);
#970 = CARTESIAN_POINT('',(172.6425,-65.,-7.5E-02));
#971 = DIRECTION('',(-0.,0.,-1.));
#972 = DIRECTION('',(4.210623619319E-14,-1.,-0.));
#973 = PLANE('',#974);
#974 = AXIS2_PLACEMENT_3D('',#975,#976,#977);
#975 = CARTESIAN_POINT('',(172.6425,-65.7,-7.5E-02));
#976 = DIRECTION('',(0.,0.,1.));
#977 = DIRECTION('',(1.,0.,-0.));
#978 = ADVANCED_FACE('',(#979,#982),#993,.T.);
#979 = FACE_BOUND('',#980,.T.);
#980 = EDGE_LOOP('',(#981));
#981 = ORIENTED_EDGE('',*,*,#939,.T.);
#982 = FACE_BOUND('',#983,.T.);
#983 = EDGE_LOOP('',(#984));
#984 = ORIENTED_EDGE('',*,*,#985,.T.);
#985 = EDGE_CURVE('',#986,#986,#988,.T.);
#986 = VERTEX_POINT('',#987);
#987 = CARTESIAN_POINT('',(172.6425,-65.675,1.115));
#988 = CIRCLE('',#989,0.675);
#989 = AXIS2_PLACEMENT_3D('',#990,#991,#992);
#990 = CARTESIAN_POINT('',(172.6425,-65.,1.115));
#991 = DIRECTION('',(-0.,0.,-1.));
#992 = DIRECTION('',(4.210623619319E-14,-1.,-0.));
#993 = PLANE('',#994);
#994 = AXIS2_PLACEMENT_3D('',#995,#996,#997);
#995 = CARTESIAN_POINT('',(172.6425,-65.7,1.115));
#996 = DIRECTION('',(0.,0.,1.));
#997 = DIRECTION('',(1.,0.,-0.));
#998 = ADVANCED_FACE('',(#999),#1010,.F.);
#999 = FACE_BOUND('',#1000,.T.);
#1000 = EDGE_LOOP('',(#1001,#1002,#1008,#1009));
#1001 = ORIENTED_EDGE('',*,*,#965,.T.);
#1002 = ORIENTED_EDGE('',*,*,#1003,.T.);
#1003 = EDGE_CURVE('',#966,#986,#1004,.T.);
#1004 = LINE('',#1005,#1006);
#1005 = CARTESIAN_POINT('',(172.6425,-65.675,-8.1E-02));
#1006 = VECTOR('',#1007,1.);
#1007 = DIRECTION('',(0.,0.,1.));
#1008 = ORIENTED_EDGE('',*,*,#985,.F.);
#1009 = ORIENTED_EDGE('',*,*,#1003,.F.);
#1010 = CYLINDRICAL_SURFACE('',#1011,0.675);
#1011 = AXIS2_PLACEMENT_3D('',#1012,#1013,#1014);
#1012 = CARTESIAN_POINT('',(172.6425,-65.,-8.1E-02));
#1013 = DIRECTION('',(-0.,0.,-1.));
#1014 = DIRECTION('',(4.210623619319E-14,-1.,-0.));
#1015 = MANIFOLD_SOLID_BREP('',#1016);
#1016 = CLOSED_SHELL('',(#1017,#1050,#1070,#1090));
#1017 = ADVANCED_FACE('',(#1018),#1045,.T.);
#1018 = FACE_BOUND('',#1019,.F.);
#1019 = EDGE_LOOP('',(#1020,#1030,#1037,#1038));
#1020 = ORIENTED_EDGE('',*,*,#1021,.T.);
#1021 = EDGE_CURVE('',#1022,#1024,#1026,.T.);
#1022 = VERTEX_POINT('',#1023);
#1023 = CARTESIAN_POINT('',(171.2425,-65.,1.04));
#1024 = VERTEX_POINT('',#1025);
#1025 = CARTESIAN_POINT('',(171.2425,-65.,1.115));
#1026 = LINE('',#1027,#1028);
#1027 = CARTESIAN_POINT('',(171.2425,-65.,1.04));
#1028 = VECTOR('',#1029,1.);
#1029 = DIRECTION('',(0.,0.,1.));
#1030 = ORIENTED_EDGE('',*,*,#1031,.T.);
#1031 = EDGE_CURVE('',#1024,#1024,#1032,.T.);
#1032 = CIRCLE('',#1033,1.1);
#1033 = AXIS2_PLACEMENT_3D('',#1034,#1035,#1036);
#1034 = CARTESIAN_POINT('',(170.1425,-65.,1.115));
#1035 = DIRECTION('',(0.,0.,1.));
#1036 = DIRECTION('',(1.,0.,-0.));
#1037 = ORIENTED_EDGE('',*,*,#1021,.F.);
#1038 = ORIENTED_EDGE('',*,*,#1039,.F.);
#1039 = EDGE_CURVE('',#1022,#1022,#1040,.T.);
#1040 = CIRCLE('',#1041,1.1);
#1041 = AXIS2_PLACEMENT_3D('',#1042,#1043,#1044);
#1042 = CARTESIAN_POINT('',(170.1425,-65.,1.04));
#1043 = DIRECTION('',(0.,0.,1.));
#1044 = DIRECTION('',(1.,0.,-0.));
#1045 = CYLINDRICAL_SURFACE('',#1046,1.1);
#1046 = AXIS2_PLACEMENT_3D('',#1047,#1048,#1049);
#1047 = CARTESIAN_POINT('',(170.1425,-65.,1.04));
#1048 = DIRECTION('',(-0.,-0.,-1.));
#1049 = DIRECTION('',(1.,0.,-0.));
#1050 = ADVANCED_FACE('',(#1051,#1054),#1065,.F.);
#1051 = FACE_BOUND('',#1052,.F.);
#1052 = EDGE_LOOP('',(#1053));
#1053 = ORIENTED_EDGE('',*,*,#1039,.T.);
#1054 = FACE_BOUND('',#1055,.F.);
#1055 = EDGE_LOOP('',(#1056));
#1056 = ORIENTED_EDGE('',*,*,#1057,.T.);
#1057 = EDGE_CURVE('',#1058,#1058,#1060,.T.);
#1058 = VERTEX_POINT('',#1059);
#1059 = CARTESIAN_POINT('',(170.1425,-65.675,1.04));
#1060 = CIRCLE('',#1061,0.675);
#1061 = AXIS2_PLACEMENT_3D('',#1062,#1063,#1064);
#1062 = CARTESIAN_POINT('',(170.1425,-65.,1.04));
#1063 = DIRECTION('',(-0.,0.,-1.));
#1064 = DIRECTION('',(4.210623619319E-14,-1.,-0.));
#1065 = PLANE('',#1066);
#1066 = AXIS2_PLACEMENT_3D('',#1067,#1068,#1069);
#1067 = CARTESIAN_POINT('',(0.,0.,1.04));
#1068 = DIRECTION('',(0.,0.,1.));
#1069 = DIRECTION('',(1.,0.,-0.));
#1070 = ADVANCED_FACE('',(#1071,#1074),#1085,.T.);
#1071 = FACE_BOUND('',#1072,.T.);
#1072 = EDGE_LOOP('',(#1073));
#1073 = ORIENTED_EDGE('',*,*,#1031,.T.);
#1074 = FACE_BOUND('',#1075,.T.);
#1075 = EDGE_LOOP('',(#1076));
#1076 = ORIENTED_EDGE('',*,*,#1077,.T.);
#1077 = EDGE_CURVE('',#1078,#1078,#1080,.T.);
#1078 = VERTEX_POINT('',#1079);
#1079 = CARTESIAN_POINT('',(170.1425,-65.675,1.115));
#1080 = CIRCLE('',#1081,0.675);
#1081 = AXIS2_PLACEMENT_3D('',#1082,#1083,#1084);
#1082 = CARTESIAN_POINT('',(170.1425,-65.,1.115));
#1083 = DIRECTION('',(-0.,0.,-1.));
#1084 = DIRECTION('',(4.210623619319E-14,-1.,-0.));
#1085 = PLANE('',#1086);
#1086 = AXIS2_PLACEMENT_3D('',#1087,#1088,#1089);
#1087 = CARTESIAN_POINT('',(0.,0.,1.115));
#1088 = DIRECTION('',(0.,0.,1.));
#1089 = DIRECTION('',(1.,0.,-0.));
#1090 = ADVANCED_FACE('',(#1091),#1102,.F.);
#1091 = FACE_BOUND('',#1092,.T.);
#1092 = EDGE_LOOP('',(#1093,#1094,#1100,#1101));
#1093 = ORIENTED_EDGE('',*,*,#1057,.T.);
#1094 = ORIENTED_EDGE('',*,*,#1095,.T.);
#1095 = EDGE_CURVE('',#1058,#1078,#1096,.T.);
#1096 = LINE('',#1097,#1098);
#1097 = CARTESIAN_POINT('',(170.1425,-65.675,-8.1E-02));
#1098 = VECTOR('',#1099,1.);
#1099 = DIRECTION('',(0.,0.,1.));
#1100 = ORIENTED_EDGE('',*,*,#1077,.F.);
#1101 = ORIENTED_EDGE('',*,*,#1095,.F.);
#1102 = CYLINDRICAL_SURFACE('',#1103,0.675);
#1103 = AXIS2_PLACEMENT_3D('',#1104,#1105,#1106);
#1104 = CARTESIAN_POINT('',(170.1425,-65.,-8.1E-02));
#1105 = DIRECTION('',(-0.,0.,-1.));
#1106 = DIRECTION('',(4.210623619319E-14,-1.,-0.));
#1107 = MANIFOLD_SOLID_BREP('',#1108);
#1108 = CLOSED_SHELL('',(#1109,#1142,#1162,#1182));
#1109 = ADVANCED_FACE('',(#1110),#1137,.T.);
#1110 = FACE_BOUND('',#1111,.T.);
#1111 = EDGE_LOOP('',(#1112,#1122,#1129,#1130));
#1112 = ORIENTED_EDGE('',*,*,#1113,.T.);
#1113 = EDGE_CURVE('',#1114,#1116,#1118,.T.);
#1114 = VERTEX_POINT('',#1115);
#1115 = CARTESIAN_POINT('',(171.2425,-65.,0.));
#1116 = VERTEX_POINT('',#1117);
#1117 = CARTESIAN_POINT('',(171.2425,-65.,-7.5E-02));
#1118 = LINE('',#1119,#1120);
#1119 = CARTESIAN_POINT('',(171.2425,-65.,0.));
#1120 = VECTOR('',#1121,1.);
#1121 = DIRECTION('',(0.,0.,-1.));
#1122 = ORIENTED_EDGE('',*,*,#1123,.T.);
#1123 = EDGE_CURVE('',#1116,#1116,#1124,.T.);
#1124 = CIRCLE('',#1125,1.1);
#1125 = AXIS2_PLACEMENT_3D('',#1126,#1127,#1128);
#1126 = CARTESIAN_POINT('',(170.1425,-65.,-7.5E-02));
#1127 = DIRECTION('',(0.,0.,1.));
#1128 = DIRECTION('',(1.,0.,-0.));
#1129 = ORIENTED_EDGE('',*,*,#1113,.F.);
#1130 = ORIENTED_EDGE('',*,*,#1131,.F.);
#1131 = EDGE_CURVE('',#1114,#1114,#1132,.T.);
#1132 = CIRCLE('',#1133,1.1);
#1133 = AXIS2_PLACEMENT_3D('',#1134,#1135,#1136);
#1134 = CARTESIAN_POINT('',(170.1425,-65.,0.));
#1135 = DIRECTION('',(0.,0.,1.));
#1136 = DIRECTION('',(1.,0.,-0.));
#1137 = CYLINDRICAL_SURFACE('',#1138,1.1);
#1138 = AXIS2_PLACEMENT_3D('',#1139,#1140,#1141);
#1139 = CARTESIAN_POINT('',(170.1425,-65.,0.));
#1140 = DIRECTION('',(0.,0.,1.));
#1141 = DIRECTION('',(1.,0.,-0.));
#1142 = ADVANCED_FACE('',(#1143,#1146),#1157,.F.);
#1143 = FACE_BOUND('',#1144,.F.);
#1144 = EDGE_LOOP('',(#1145));
#1145 = ORIENTED_EDGE('',*,*,#1131,.F.);
#1146 = FACE_BOUND('',#1147,.F.);
#1147 = EDGE_LOOP('',(#1148));
#1148 = ORIENTED_EDGE('',*,*,#1149,.F.);
#1149 = EDGE_CURVE('',#1150,#1150,#1152,.T.);
#1150 = VERTEX_POINT('',#1151);
#1151 = CARTESIAN_POINT('',(170.1425,-65.675,0.));
#1152 = CIRCLE('',#1153,0.675);
#1153 = AXIS2_PLACEMENT_3D('',#1154,#1155,#1156);
#1154 = CARTESIAN_POINT('',(170.1425,-65.,0.));
#1155 = DIRECTION('',(-0.,0.,-1.));
#1156 = DIRECTION('',(4.210623619319E-14,-1.,-0.));
#1157 = PLANE('',#1158);
#1158 = AXIS2_PLACEMENT_3D('',#1159,#1160,#1161);
#1159 = CARTESIAN_POINT('',(0.,0.,0.));
#1160 = DIRECTION('',(-0.,-0.,-1.));
#1161 = DIRECTION('',(-1.,0.,0.));
#1162 = ADVANCED_FACE('',(#1163,#1166),#1177,.T.);
#1163 = FACE_BOUND('',#1164,.T.);
#1164 = EDGE_LOOP('',(#1165));
#1165 = ORIENTED_EDGE('',*,*,#1123,.F.);
#1166 = FACE_BOUND('',#1167,.T.);
#1167 = EDGE_LOOP('',(#1168));
#1168 = ORIENTED_EDGE('',*,*,#1169,.F.);
#1169 = EDGE_CURVE('',#1170,#1170,#1172,.T.);
#1170 = VERTEX_POINT('',#1171);
#1171 = CARTESIAN_POINT('',(170.1425,-65.675,-7.5E-02));
#1172 = CIRCLE('',#1173,0.675);
#1173 = AXIS2_PLACEMENT_3D('',#1174,#1175,#1176);
#1174 = CARTESIAN_POINT('',(170.1425,-65.,-7.5E-02));
#1175 = DIRECTION('',(-0.,0.,-1.));
#1176 = DIRECTION('',(4.210623619319E-14,-1.,-0.));
#1177 = PLANE('',#1178);
#1178 = AXIS2_PLACEMENT_3D('',#1179,#1180,#1181);
#1179 = CARTESIAN_POINT('',(0.,0.,-7.5E-02));
#1180 = DIRECTION('',(-0.,-0.,-1.));
#1181 = DIRECTION('',(-1.,0.,0.));
#1182 = ADVANCED_FACE('',(#1183),#1194,.F.);
#1183 = FACE_BOUND('',#1184,.T.);
#1184 = EDGE_LOOP('',(#1185,#1186,#1192,#1193));
#1185 = ORIENTED_EDGE('',*,*,#1169,.T.);
#1186 = ORIENTED_EDGE('',*,*,#1187,.T.);
#1187 = EDGE_CURVE('',#1170,#1150,#1188,.T.);
#1188 = LINE('',#1189,#1190);
#1189 = CARTESIAN_POINT('',(170.1425,-65.675,-8.1E-02));
#1190 = VECTOR('',#1191,1.);
#1191 = DIRECTION('',(0.,0.,1.));
#1192 = ORIENTED_EDGE('',*,*,#1149,.F.);
#1193 = ORIENTED_EDGE('',*,*,#1187,.F.);
#1194 = CYLINDRICAL_SURFACE('',#1195,0.675);
#1195 = AXIS2_PLACEMENT_3D('',#1196,#1197,#1198);
#1196 = CARTESIAN_POINT('',(170.1425,-65.,-8.1E-02));
#1197 = DIRECTION('',(-0.,0.,-1.));
#1198 = DIRECTION('',(4.210623619319E-14,-1.,-0.));
#1199 = MANIFOLD_SOLID_BREP('',#1200);
#1200 = CLOSED_SHELL('',(#1201,#1234,#1254,#1274));
#1201 = ADVANCED_FACE('',(#1202),#1229,.T.);
#1202 = FACE_BOUND('',#1203,.F.);
#1203 = EDGE_LOOP('',(#1204,#1214,#1221,#1222));
#1204 = ORIENTED_EDGE('',*,*,#1205,.T.);
#1205 = EDGE_CURVE('',#1206,#1208,#1210,.T.);
#1206 = VERTEX_POINT('',#1207);
#1207 = CARTESIAN_POINT('',(170.1425,-65.7,-7.5E-02));
#1208 = VERTEX_POINT('',#1209);
#1209 = CARTESIAN_POINT('',(170.1425,-65.7,1.115));
#1210 = LINE('',#1211,#1212);
#1211 = CARTESIAN_POINT('',(170.1425,-65.7,-7.5E-02));
#1212 = VECTOR('',#1213,1.);
#1213 = DIRECTION('',(0.,0.,1.));
#1214 = ORIENTED_EDGE('',*,*,#1215,.T.);
#1215 = EDGE_CURVE('',#1208,#1208,#1216,.T.);
#1216 = CIRCLE('',#1217,0.7);
#1217 = AXIS2_PLACEMENT_3D('',#1218,#1219,#1220);
#1218 = CARTESIAN_POINT('',(170.1425,-65.,1.115));
#1219 = DIRECTION('',(0.,-0.,1.));
#1220 = DIRECTION('',(4.060244204343E-14,-1.,-0.));
#1221 = ORIENTED_EDGE('',*,*,#1205,.F.);
#1222 = ORIENTED_EDGE('',*,*,#1223,.F.);
#1223 = EDGE_CURVE('',#1206,#1206,#1224,.T.);
#1224 = CIRCLE('',#1225,0.7);
#1225 = AXIS2_PLACEMENT_3D('',#1226,#1227,#1228);
#1226 = CARTESIAN_POINT('',(170.1425,-65.,-7.5E-02));
#1227 = DIRECTION('',(0.,-0.,1.));
#1228 = DIRECTION('',(4.060244204343E-14,-1.,-0.));
#1229 = CYLINDRICAL_SURFACE('',#1230,0.7);
#1230 = AXIS2_PLACEMENT_3D('',#1231,#1232,#1233);
#1231 = CARTESIAN_POINT('',(170.1425,-65.,-7.5E-02));
#1232 = DIRECTION('',(-0.,0.,-1.));
#1233 = DIRECTION('',(4.060244204343E-14,-1.,-0.));
#1234 = ADVANCED_FACE('',(#1235,#1238),#1249,.F.);
#1235 = FACE_BOUND('',#1236,.F.);
#1236 = EDGE_LOOP('',(#1237));
#1237 = ORIENTED_EDGE('',*,*,#1223,.T.);
#1238 = FACE_BOUND('',#1239,.F.);
#1239 = EDGE_LOOP('',(#1240));
#1240 = ORIENTED_EDGE('',*,*,#1241,.T.);
#1241 = EDGE_CURVE('',#1242,#1242,#1244,.T.);
#1242 = VERTEX_POINT('',#1243);
#1243 = CARTESIAN_POINT('',(170.1425,-65.675,-7.5E-02));
#1244 = CIRCLE('',#1245,0.675);
#1245 = AXIS2_PLACEMENT_3D('',#1246,#1247,#1248);
#1246 = CARTESIAN_POINT('',(170.1425,-65.,-7.5E-02));
#1247 = DIRECTION('',(-0.,0.,-1.));
#1248 = DIRECTION('',(4.210623619319E-14,-1.,-0.));
#1249 = PLANE('',#1250);
#1250 = AXIS2_PLACEMENT_3D('',#1251,#1252,#1253);
#1251 = CARTESIAN_POINT('',(170.1425,-65.7,-7.5E-02));
#1252 = DIRECTION('',(0.,0.,1.));
#1253 = DIRECTION('',(1.,0.,-0.));
#1254 = ADVANCED_FACE('',(#1255,#1258),#1269,.T.);
#1255 = FACE_BOUND('',#1256,.T.);
#1256 = EDGE_LOOP('',(#1257));
#1257 = ORIENTED_EDGE('',*,*,#1215,.T.);
#1258 = FACE_BOUND('',#1259,.T.);
#1259 = EDGE_LOOP('',(#1260));
#1260 = ORIENTED_EDGE('',*,*,#1261,.T.);
#1261 = EDGE_CURVE('',#1262,#1262,#1264,.T.);
#1262 = VERTEX_POINT('',#1263);
#1263 = CARTESIAN_POINT('',(170.1425,-65.675,1.115));
#1264 = CIRCLE('',#1265,0.675);
#1265 = AXIS2_PLACEMENT_3D('',#1266,#1267,#1268);
#1266 = CARTESIAN_POINT('',(170.1425,-65.,1.115));
#1267 = DIRECTION('',(-0.,0.,-1.));
#1268 = DIRECTION('',(4.210623619319E-14,-1.,-0.));
#1269 = PLANE('',#1270);
#1270 = AXIS2_PLACEMENT_3D('',#1271,#1272,#1273);
#1271 = CARTESIAN_POINT('',(170.1425,-65.7,1.115));
#1272 = DIRECTION('',(0.,0.,1.));
#1273 = DIRECTION('',(1.,0.,-0.));
#1274 = ADVANCED_FACE('',(#1275),#1286,.F.);
#1275 = FACE_BOUND('',#1276,.T.);
#1276 = EDGE_LOOP('',(#1277,#1278,#1284,#1285));
#1277 = ORIENTED_EDGE('',*,*,#1241,.T.);
#1278 = ORIENTED_EDGE('',*,*,#1279,.T.);
#1279 = EDGE_CURVE('',#1242,#1262,#1280,.T.);
#1280 = LINE('',#1281,#1282);
#1281 = CARTESIAN_POINT('',(170.1425,-65.675,-8.1E-02));
#1282 = VECTOR('',#1283,1.);
#1283 = DIRECTION('',(0.,0.,1.));
#1284 = ORIENTED_EDGE('',*,*,#1261,.F.);
#1285 = ORIENTED_EDGE('',*,*,#1279,.F.);
#1286 = CYLINDRICAL_SURFACE('',#1287,0.675);
#1287 = AXIS2_PLACEMENT_3D('',#1288,#1289,#1290);
#1288 = CARTESIAN_POINT('',(170.1425,-65.,-8.1E-02));
#1289 = DIRECTION('',(-0.,0.,-1.));
#1290 = DIRECTION('',(4.210623619319E-14,-1.,-0.));
#1291 = MANIFOLD_SOLID_BREP('',#1292);
#1292 = CLOSED_SHELL('',(#1293,#1326,#1346,#1366));
#1293 = ADVANCED_FACE('',(#1294),#1321,.T.);
#1294 = FACE_BOUND('',#1295,.F.);
#1295 = EDGE_LOOP('',(#1296,#1306,#1313,#1314));
#1296 = ORIENTED_EDGE('',*,*,#1297,.T.);
#1297 = EDGE_CURVE('',#1298,#1300,#1302,.T.);
#1298 = VERTEX_POINT('',#1299);
#1299 = CARTESIAN_POINT('',(96.816981,-61.5,1.04));
#1300 = VERTEX_POINT('',#1301);
#1301 = CARTESIAN_POINT('',(96.816981,-61.5,1.115));
#1302 = LINE('',#1303,#1304);
#1303 = CARTESIAN_POINT('',(96.816981,-61.5,1.04));
#1304 = VECTOR('',#1305,1.);
#1305 = DIRECTION('',(0.,0.,1.));
#1306 = ORIENTED_EDGE('',*,*,#1307,.T.);
#1307 = EDGE_CURVE('',#1300,#1300,#1308,.T.);
#1308 = CIRCLE('',#1309,1.1);
#1309 = AXIS2_PLACEMENT_3D('',#1310,#1311,#1312);
#1310 = CARTESIAN_POINT('',(95.716981,-61.5,1.115));
#1311 = DIRECTION('',(0.,0.,1.));
#1312 = DIRECTION('',(1.,0.,-0.));
#1313 = ORIENTED_EDGE('',*,*,#1297,.F.);
#1314 = ORIENTED_EDGE('',*,*,#1315,.F.);
#1315 = EDGE_CURVE('',#1298,#1298,#1316,.T.);
#1316 = CIRCLE('',#1317,1.1);
#1317 = AXIS2_PLACEMENT_3D('',#1318,#1319,#1320);
#1318 = CARTESIAN_POINT('',(95.716981,-61.5,1.04));
#1319 = DIRECTION('',(0.,0.,1.));
#1320 = DIRECTION('',(1.,0.,-0.));
#1321 = CYLINDRICAL_SURFACE('',#1322,1.1);
#1322 = AXIS2_PLACEMENT_3D('',#1323,#1324,#1325);
#1323 = CARTESIAN_POINT('',(95.716981,-61.5,1.04));
#1324 = DIRECTION('',(-0.,-0.,-1.));
#1325 = DIRECTION('',(1.,0.,-0.));
#1326 = ADVANCED_FACE('',(#1327,#1330),#1341,.F.);
#1327 = FACE_BOUND('',#1328,.F.);
#1328 = EDGE_LOOP('',(#1329));
#1329 = ORIENTED_EDGE('',*,*,#1315,.T.);
#1330 = FACE_BOUND('',#1331,.F.);
#1331 = EDGE_LOOP('',(#1332));
#1332 = ORIENTED_EDGE('',*,*,#1333,.T.);
#1333 = EDGE_CURVE('',#1334,#1334,#1336,.T.);
#1334 = VERTEX_POINT('',#1335);
#1335 = CARTESIAN_POINT('',(95.716981,-62.175,1.04));
#1336 = CIRCLE('',#1337,0.675);
#1337 = AXIS2_PLACEMENT_3D('',#1338,#1339,#1340);
#1338 = CARTESIAN_POINT('',(95.716981,-61.5,1.04));
#1339 = DIRECTION('',(-0.,0.,-1.));
#1340 = DIRECTION('',(-0.,-1.,0.));
#1341 = PLANE('',#1342);
#1342 = AXIS2_PLACEMENT_3D('',#1343,#1344,#1345);
#1343 = CARTESIAN_POINT('',(0.,0.,1.04));
#1344 = DIRECTION('',(0.,0.,1.));
#1345 = DIRECTION('',(1.,0.,-0.));
#1346 = ADVANCED_FACE('',(#1347,#1350),#1361,.T.);
#1347 = FACE_BOUND('',#1348,.T.);
#1348 = EDGE_LOOP('',(#1349));
#1349 = ORIENTED_EDGE('',*,*,#1307,.T.);
#1350 = FACE_BOUND('',#1351,.T.);
#1351 = EDGE_LOOP('',(#1352));
#1352 = ORIENTED_EDGE('',*,*,#1353,.T.);
#1353 = EDGE_CURVE('',#1354,#1354,#1356,.T.);
#1354 = VERTEX_POINT('',#1355);
#1355 = CARTESIAN_POINT('',(95.716981,-62.175,1.115));
#1356 = CIRCLE('',#1357,0.675);
#1357 = AXIS2_PLACEMENT_3D('',#1358,#1359,#1360);
#1358 = CARTESIAN_POINT('',(95.716981,-61.5,1.115));
#1359 = DIRECTION('',(-0.,0.,-1.));
#1360 = DIRECTION('',(-0.,-1.,0.));
#1361 = PLANE('',#1362);
#1362 = AXIS2_PLACEMENT_3D('',#1363,#1364,#1365);
#1363 = CARTESIAN_POINT('',(0.,0.,1.115));
#1364 = DIRECTION('',(0.,0.,1.));
#1365 = DIRECTION('',(1.,0.,-0.));
#1366 = ADVANCED_FACE('',(#1367),#1378,.F.);
#1367 = FACE_BOUND('',#1368,.T.);
#1368 = EDGE_LOOP('',(#1369,#1370,#1376,#1377));
#1369 = ORIENTED_EDGE('',*,*,#1333,.T.);
#1370 = ORIENTED_EDGE('',*,*,#1371,.T.);
#1371 = EDGE_CURVE('',#1334,#1354,#1372,.T.);
#1372 = LINE('',#1373,#1374);
#1373 = CARTESIAN_POINT('',(95.716981,-62.175,-8.1E-02));
#1374 = VECTOR('',#1375,1.);
#1375 = DIRECTION('',(0.,0.,1.));
#1376 = ORIENTED_EDGE('',*,*,#1353,.F.);
#1377 = ORIENTED_EDGE('',*,*,#1371,.F.);
#1378 = CYLINDRICAL_SURFACE('',#1379,0.675);
#1379 = AXIS2_PLACEMENT_3D('',#1380,#1381,#1382);
#1380 = CARTESIAN_POINT('',(95.716981,-61.5,-8.1E-02));
#1381 = DIRECTION('',(-0.,-0.,-1.));
#1382 = DIRECTION('',(-0.,-1.,0.));
#1383 = MANIFOLD_SOLID_BREP('',#1384);
#1384 = CLOSED_SHELL('',(#1385,#1418,#1438,#1458));
#1385 = ADVANCED_FACE('',(#1386),#1413,.T.);
#1386 = FACE_BOUND('',#1387,.T.);
#1387 = EDGE_LOOP('',(#1388,#1398,#1405,#1406));
#1388 = ORIENTED_EDGE('',*,*,#1389,.T.);
#1389 = EDGE_CURVE('',#1390,#1392,#1394,.T.);
#1390 = VERTEX_POINT('',#1391);
#1391 = CARTESIAN_POINT('',(96.816981,-61.5,0.));
#1392 = VERTEX_POINT('',#1393);
#1393 = CARTESIAN_POINT('',(96.816981,-61.5,-7.5E-02));
#1394 = LINE('',#1395,#1396);
#1395 = CARTESIAN_POINT('',(96.816981,-61.5,0.));
#1396 = VECTOR('',#1397,1.);
#1397 = DIRECTION('',(0.,0.,-1.));
#1398 = ORIENTED_EDGE('',*,*,#1399,.T.);
#1399 = EDGE_CURVE('',#1392,#1392,#1400,.T.);
#1400 = CIRCLE('',#1401,1.1);
#1401 = AXIS2_PLACEMENT_3D('',#1402,#1403,#1404);
#1402 = CARTESIAN_POINT('',(95.716981,-61.5,-7.5E-02));
#1403 = DIRECTION('',(0.,0.,1.));
#1404 = DIRECTION('',(1.,0.,-0.));
#1405 = ORIENTED_EDGE('',*,*,#1389,.F.);
#1406 = ORIENTED_EDGE('',*,*,#1407,.F.);
#1407 = EDGE_CURVE('',#1390,#1390,#1408,.T.);
#1408 = CIRCLE('',#1409,1.1);
#1409 = AXIS2_PLACEMENT_3D('',#1410,#1411,#1412);
#1410 = CARTESIAN_POINT('',(95.716981,-61.5,0.));
#1411 = DIRECTION('',(0.,0.,1.));
#1412 = DIRECTION('',(1.,0.,-0.));
#1413 = CYLINDRICAL_SURFACE('',#1414,1.1);
#1414 = AXIS2_PLACEMENT_3D('',#1415,#1416,#1417);
#1415 = CARTESIAN_POINT('',(95.716981,-61.5,0.));
#1416 = DIRECTION('',(0.,0.,1.));
#1417 = DIRECTION('',(1.,0.,-0.));
#1418 = ADVANCED_FACE('',(#1419,#1422),#1433,.F.);
#1419 = FACE_BOUND('',#1420,.F.);
#1420 = EDGE_LOOP('',(#1421));
#1421 = ORIENTED_EDGE('',*,*,#1407,.F.);
#1422 = FACE_BOUND('',#1423,.F.);
#1423 = EDGE_LOOP('',(#1424));
#1424 = ORIENTED_EDGE('',*,*,#1425,.F.);
#1425 = EDGE_CURVE('',#1426,#1426,#1428,.T.);
#1426 = VERTEX_POINT('',#1427);
#1427 = CARTESIAN_POINT('',(95.716981,-62.175,0.));
#1428 = CIRCLE('',#1429,0.675);
#1429 = AXIS2_PLACEMENT_3D('',#1430,#1431,#1432);
#1430 = CARTESIAN_POINT('',(95.716981,-61.5,0.));
#1431 = DIRECTION('',(-0.,0.,-1.));
#1432 = DIRECTION('',(-0.,-1.,0.));
#1433 = PLANE('',#1434);
#1434 = AXIS2_PLACEMENT_3D('',#1435,#1436,#1437);
#1435 = CARTESIAN_POINT('',(0.,0.,0.));
#1436 = DIRECTION('',(-0.,-0.,-1.));
#1437 = DIRECTION('',(-1.,0.,0.));
#1438 = ADVANCED_FACE('',(#1439,#1442),#1453,.T.);
#1439 = FACE_BOUND('',#1440,.T.);
#1440 = EDGE_LOOP('',(#1441));
#1441 = ORIENTED_EDGE('',*,*,#1399,.F.);
#1442 = FACE_BOUND('',#1443,.T.);
#1443 = EDGE_LOOP('',(#1444));
#1444 = ORIENTED_EDGE('',*,*,#1445,.F.);
#1445 = EDGE_CURVE('',#1446,#1446,#1448,.T.);
#1446 = VERTEX_POINT('',#1447);
#1447 = CARTESIAN_POINT('',(95.716981,-62.175,-7.5E-02));
#1448 = CIRCLE('',#1449,0.675);
#1449 = AXIS2_PLACEMENT_3D('',#1450,#1451,#1452);
#1450 = CARTESIAN_POINT('',(95.716981,-61.5,-7.5E-02));
#1451 = DIRECTION('',(-0.,0.,-1.));
#1452 = DIRECTION('',(-0.,-1.,0.));
#1453 = PLANE('',#1454);
#1454 = AXIS2_PLACEMENT_3D('',#1455,#1456,#1457);
#1455 = CARTESIAN_POINT('',(0.,0.,-7.5E-02));
#1456 = DIRECTION('',(-0.,-0.,-1.));
#1457 = DIRECTION('',(-1.,0.,0.));
#1458 = ADVANCED_FACE('',(#1459),#1470,.F.);
#1459 = FACE_BOUND('',#1460,.T.);
#1460 = EDGE_LOOP('',(#1461,#1462,#1468,#1469));
#1461 = ORIENTED_EDGE('',*,*,#1445,.T.);
#1462 = ORIENTED_EDGE('',*,*,#1463,.T.);
#1463 = EDGE_CURVE('',#1446,#1426,#1464,.T.);
#1464 = LINE('',#1465,#1466);
#1465 = CARTESIAN_POINT('',(95.716981,-62.175,-8.1E-02));
#1466 = VECTOR('',#1467,1.);
#1467 = DIRECTION('',(0.,0.,1.));
#1468 = ORIENTED_EDGE('',*,*,#1425,.F.);
#1469 = ORIENTED_EDGE('',*,*,#1463,.F.);
#1470 = CYLINDRICAL_SURFACE('',#1471,0.675);
#1471 = AXIS2_PLACEMENT_3D('',#1472,#1473,#1474);
#1472 = CARTESIAN_POINT('',(95.716981,-61.5,-8.1E-02));
#1473 = DIRECTION('',(-0.,-0.,-1.));
#1474 = DIRECTION('',(-0.,-1.,0.));
#1475 = MANIFOLD_SOLID_BREP('',#1476);
#1476 = CLOSED_SHELL('',(#1477,#1510,#1530,#1550));
#1477 = ADVANCED_FACE('',(#1478),#1505,.T.);
#1478 = FACE_BOUND('',#1479,.F.);
#1479 = EDGE_LOOP('',(#1480,#1490,#1497,#1498));
#1480 = ORIENTED_EDGE('',*,*,#1481,.T.);
#1481 = EDGE_CURVE('',#1482,#1484,#1486,.T.);
#1482 = VERTEX_POINT('',#1483);
#1483 = CARTESIAN_POINT('',(95.716981,-62.2,-7.5E-02));
#1484 = VERTEX_POINT('',#1485);
#1485 = CARTESIAN_POINT('',(95.716981,-62.2,1.115));
#1486 = LINE('',#1487,#1488);
#1487 = CARTESIAN_POINT('',(95.716981,-62.2,-7.5E-02));
#1488 = VECTOR('',#1489,1.);
#1489 = DIRECTION('',(0.,0.,1.));
#1490 = ORIENTED_EDGE('',*,*,#1491,.T.);
#1491 = EDGE_CURVE('',#1484,#1484,#1492,.T.);
#1492 = CIRCLE('',#1493,0.7);
#1493 = AXIS2_PLACEMENT_3D('',#1494,#1495,#1496);
#1494 = CARTESIAN_POINT('',(95.716981,-61.5,1.115));
#1495 = DIRECTION('',(0.,0.,1.));
#1496 = DIRECTION('',(-0.,-1.,0.));
#1497 = ORIENTED_EDGE('',*,*,#1481,.F.);
#1498 = ORIENTED_EDGE('',*,*,#1499,.F.);
#1499 = EDGE_CURVE('',#1482,#1482,#1500,.T.);
#1500 = CIRCLE('',#1501,0.7);
#1501 = AXIS2_PLACEMENT_3D('',#1502,#1503,#1504);
#1502 = CARTESIAN_POINT('',(95.716981,-61.5,-7.5E-02));
#1503 = DIRECTION('',(0.,0.,1.));
#1504 = DIRECTION('',(-0.,-1.,0.));
#1505 = CYLINDRICAL_SURFACE('',#1506,0.7);
#1506 = AXIS2_PLACEMENT_3D('',#1507,#1508,#1509);
#1507 = CARTESIAN_POINT('',(95.716981,-61.5,-7.5E-02));
#1508 = DIRECTION('',(-0.,-0.,-1.));
#1509 = DIRECTION('',(-0.,-1.,0.));
#1510 = ADVANCED_FACE('',(#1511,#1514),#1525,.F.);
#1511 = FACE_BOUND('',#1512,.F.);
#1512 = EDGE_LOOP('',(#1513));
#1513 = ORIENTED_EDGE('',*,*,#1499,.T.);
#1514 = FACE_BOUND('',#1515,.F.);
#1515 = EDGE_LOOP('',(#1516));
#1516 = ORIENTED_EDGE('',*,*,#1517,.T.);
#1517 = EDGE_CURVE('',#1518,#1518,#1520,.T.);
#1518 = VERTEX_POINT('',#1519);
#1519 = CARTESIAN_POINT('',(95.716981,-62.175,-7.5E-02));
#1520 = CIRCLE('',#1521,0.675);
#1521 = AXIS2_PLACEMENT_3D('',#1522,#1523,#1524);
#1522 = CARTESIAN_POINT('',(95.716981,-61.5,-7.5E-02));
#1523 = DIRECTION('',(-0.,0.,-1.));
#1524 = DIRECTION('',(-0.,-1.,0.));
#1525 = PLANE('',#1526);
#1526 = AXIS2_PLACEMENT_3D('',#1527,#1528,#1529);
#1527 = CARTESIAN_POINT('',(95.716981,-62.2,-7.5E-02));
#1528 = DIRECTION('',(0.,0.,1.));
#1529 = DIRECTION('',(1.,0.,-0.));
#1530 = ADVANCED_FACE('',(#1531,#1534),#1545,.T.);
#1531 = FACE_BOUND('',#1532,.T.);
#1532 = EDGE_LOOP('',(#1533));
#1533 = ORIENTED_EDGE('',*,*,#1491,.T.);
#1534 = FACE_BOUND('',#1535,.T.);
#1535 = EDGE_LOOP('',(#1536));
#1536 = ORIENTED_EDGE('',*,*,#1537,.T.);
#1537 = EDGE_CURVE('',#1538,#1538,#1540,.T.);
#1538 = VERTEX_POINT('',#1539);
#1539 = CARTESIAN_POINT('',(95.716981,-62.175,1.115));
#1540 = CIRCLE('',#1541,0.675);
#1541 = AXIS2_PLACEMENT_3D('',#1542,#1543,#1544);
#1542 = CARTESIAN_POINT('',(95.716981,-61.5,1.115));
#1543 = DIRECTION('',(-0.,0.,-1.));
#1544 = DIRECTION('',(-0.,-1.,0.));
#1545 = PLANE('',#1546);
#1546 = AXIS2_PLACEMENT_3D('',#1547,#1548,#1549);
#1547 = CARTESIAN_POINT('',(95.716981,-62.2,1.115));
#1548 = DIRECTION('',(0.,0.,1.));
#1549 = DIRECTION('',(1.,0.,-0.));
#1550 = ADVANCED_FACE('',(#1551),#1562,.F.);
#1551 = FACE_BOUND('',#1552,.T.);
#1552 = EDGE_LOOP('',(#1553,#1554,#1560,#1561));
#1553 = ORIENTED_EDGE('',*,*,#1517,.T.);
#1554 = ORIENTED_EDGE('',*,*,#1555,.T.);
#1555 = EDGE_CURVE('',#1518,#1538,#1556,.T.);
#1556 = LINE('',#1557,#1558);
#1557 = CARTESIAN_POINT('',(95.716981,-62.175,-8.1E-02));
#1558 = VECTOR('',#1559,1.);
#1559 = DIRECTION('',(0.,0.,1.));
#1560 = ORIENTED_EDGE('',*,*,#1537,.F.);
#1561 = ORIENTED_EDGE('',*,*,#1555,.F.);
#1562 = CYLINDRICAL_SURFACE('',#1563,0.675);
#1563 = AXIS2_PLACEMENT_3D('',#1564,#1565,#1566);
#1564 = CARTESIAN_POINT('',(95.716981,-61.5,-8.1E-02));
#1565 = DIRECTION('',(-0.,-0.,-1.));
#1566 = DIRECTION('',(-0.,-1.,0.));
#1567 = MANIFOLD_SOLID_BREP('',#1568);
#1568 = CLOSED_SHELL('',(#1569,#1602,#1622,#1642));
#1569 = ADVANCED_FACE('',(#1570),#1597,.T.);
#1570 = FACE_BOUND('',#1571,.F.);
#1571 = EDGE_LOOP('',(#1572,#1582,#1589,#1590));
#1572 = ORIENTED_EDGE('',*,*,#1573,.T.);
#1573 = EDGE_CURVE('',#1574,#1576,#1578,.T.);
#1574 = VERTEX_POINT('',#1575);
#1575 = CARTESIAN_POINT('',(94.316981,-61.5,1.04));
#1576 = VERTEX_POINT('',#1577);
#1577 = CARTESIAN_POINT('',(94.316981,-61.5,1.115));
#1578 = LINE('',#1579,#1580);
#1579 = CARTESIAN_POINT('',(94.316981,-61.5,1.04));
#1580 = VECTOR('',#1581,1.);
#1581 = DIRECTION('',(0.,0.,1.));
#1582 = ORIENTED_EDGE('',*,*,#1583,.T.);
#1583 = EDGE_CURVE('',#1576,#1576,#1584,.T.);
#1584 = CIRCLE('',#1585,1.1);
#1585 = AXIS2_PLACEMENT_3D('',#1586,#1587,#1588);
#1586 = CARTESIAN_POINT('',(93.216981,-61.5,1.115));
#1587 = DIRECTION('',(0.,0.,1.));
#1588 = DIRECTION('',(1.,0.,-0.));
#1589 = ORIENTED_EDGE('',*,*,#1573,.F.);
#1590 = ORIENTED_EDGE('',*,*,#1591,.F.);
#1591 = EDGE_CURVE('',#1574,#1574,#1592,.T.);
#1592 = CIRCLE('',#1593,1.1);
#1593 = AXIS2_PLACEMENT_3D('',#1594,#1595,#1596);
#1594 = CARTESIAN_POINT('',(93.216981,-61.5,1.04));
#1595 = DIRECTION('',(0.,0.,1.));
#1596 = DIRECTION('',(1.,0.,-0.));
#1597 = CYLINDRICAL_SURFACE('',#1598,1.1);
#1598 = AXIS2_PLACEMENT_3D('',#1599,#1600,#1601);
#1599 = CARTESIAN_POINT('',(93.216981,-61.5,1.04));
#1600 = DIRECTION('',(-0.,-0.,-1.));
#1601 = DIRECTION('',(1.,0.,-0.));
#1602 = ADVANCED_FACE('',(#1603,#1606),#1617,.F.);
#1603 = FACE_BOUND('',#1604,.F.);
#1604 = EDGE_LOOP('',(#1605));
#1605 = ORIENTED_EDGE('',*,*,#1591,.T.);
#1606 = FACE_BOUND('',#1607,.F.);
#1607 = EDGE_LOOP('',(#1608));
#1608 = ORIENTED_EDGE('',*,*,#1609,.T.);
#1609 = EDGE_CURVE('',#1610,#1610,#1612,.T.);
#1610 = VERTEX_POINT('',#1611);
#1611 = CARTESIAN_POINT('',(93.216981,-62.175,1.04));
#1612 = CIRCLE('',#1613,0.675);
#1613 = AXIS2_PLACEMENT_3D('',#1614,#1615,#1616);
#1614 = CARTESIAN_POINT('',(93.216981,-61.5,1.04));
#1615 = DIRECTION('',(-0.,0.,-1.));
#1616 = DIRECTION('',(-0.,-1.,0.));
#1617 = PLANE('',#1618);
#1618 = AXIS2_PLACEMENT_3D('',#1619,#1620,#1621);
#1619 = CARTESIAN_POINT('',(0.,0.,1.04));
#1620 = DIRECTION('',(0.,0.,1.));
#1621 = DIRECTION('',(1.,0.,-0.));
#1622 = ADVANCED_FACE('',(#1623,#1626),#1637,.T.);
#1623 = FACE_BOUND('',#1624,.T.);
#1624 = EDGE_LOOP('',(#1625));
#1625 = ORIENTED_EDGE('',*,*,#1583,.T.);
#1626 = FACE_BOUND('',#1627,.T.);
#1627 = EDGE_LOOP('',(#1628));
#1628 = ORIENTED_EDGE('',*,*,#1629,.T.);
#1629 = EDGE_CURVE('',#1630,#1630,#1632,.T.);
#1630 = VERTEX_POINT('',#1631);
#1631 = CARTESIAN_POINT('',(93.216981,-62.175,1.115));
#1632 = CIRCLE('',#1633,0.675);
#1633 = AXIS2_PLACEMENT_3D('',#1634,#1635,#1636);
#1634 = CARTESIAN_POINT('',(93.216981,-61.5,1.115));
#1635 = DIRECTION('',(-0.,0.,-1.));
#1636 = DIRECTION('',(-0.,-1.,0.));
#1637 = PLANE('',#1638);
#1638 = AXIS2_PLACEMENT_3D('',#1639,#1640,#1641);
#1639 = CARTESIAN_POINT('',(0.,0.,1.115));
#1640 = DIRECTION('',(0.,0.,1.));
#1641 = DIRECTION('',(1.,0.,-0.));
#1642 = ADVANCED_FACE('',(#1643),#1654,.F.);
#1643 = FACE_BOUND('',#1644,.T.);
#1644 = EDGE_LOOP('',(#1645,#1646,#1652,#1653));
#1645 = ORIENTED_EDGE('',*,*,#1609,.T.);
#1646 = ORIENTED_EDGE('',*,*,#1647,.T.);
#1647 = EDGE_CURVE('',#1610,#1630,#1648,.T.);
#1648 = LINE('',#1649,#1650);
#1649 = CARTESIAN_POINT('',(93.216981,-62.175,-8.1E-02));
#1650 = VECTOR('',#1651,1.);
#1651 = DIRECTION('',(0.,0.,1.));
#1652 = ORIENTED_EDGE('',*,*,#1629,.F.);
#1653 = ORIENTED_EDGE('',*,*,#1647,.F.);
#1654 = CYLINDRICAL_SURFACE('',#1655,0.675);
#1655 = AXIS2_PLACEMENT_3D('',#1656,#1657,#1658);
#1656 = CARTESIAN_POINT('',(93.216981,-61.5,-8.1E-02));
#1657 = DIRECTION('',(-0.,-0.,-1.));
#1658 = DIRECTION('',(-0.,-1.,0.));
#1659 = MANIFOLD_SOLID_BREP('',#1660);
#1660 = CLOSED_SHELL('',(#1661,#1694,#1714,#1734));
#1661 = ADVANCED_FACE('',(#1662),#1689,.T.);
#1662 = FACE_BOUND('',#1663,.T.);
#1663 = EDGE_LOOP('',(#1664,#1674,#1681,#1682));
#1664 = ORIENTED_EDGE('',*,*,#1665,.T.);
#1665 = EDGE_CURVE('',#1666,#1668,#1670,.T.);
#1666 = VERTEX_POINT('',#1667);
#1667 = CARTESIAN_POINT('',(94.316981,-61.5,0.));
#1668 = VERTEX_POINT('',#1669);
#1669 = CARTESIAN_POINT('',(94.316981,-61.5,-7.5E-02));
#1670 = LINE('',#1671,#1672);
#1671 = CARTESIAN_POINT('',(94.316981,-61.5,0.));
#1672 = VECTOR('',#1673,1.);
#1673 = DIRECTION('',(0.,0.,-1.));
#1674 = ORIENTED_EDGE('',*,*,#1675,.T.);
#1675 = EDGE_CURVE('',#1668,#1668,#1676,.T.);
#1676 = CIRCLE('',#1677,1.1);
#1677 = AXIS2_PLACEMENT_3D('',#1678,#1679,#1680);
#1678 = CARTESIAN_POINT('',(93.216981,-61.5,-7.5E-02));
#1679 = DIRECTION('',(0.,0.,1.));
#1680 = DIRECTION('',(1.,0.,-0.));
#1681 = ORIENTED_EDGE('',*,*,#1665,.F.);
#1682 = ORIENTED_EDGE('',*,*,#1683,.F.);
#1683 = EDGE_CURVE('',#1666,#1666,#1684,.T.);
#1684 = CIRCLE('',#1685,1.1);
#1685 = AXIS2_PLACEMENT_3D('',#1686,#1687,#1688);
#1686 = CARTESIAN_POINT('',(93.216981,-61.5,0.));
#1687 = DIRECTION('',(0.,0.,1.));
#1688 = DIRECTION('',(1.,0.,-0.));
#1689 = CYLINDRICAL_SURFACE('',#1690,1.1);
#1690 = AXIS2_PLACEMENT_3D('',#1691,#1692,#1693);
#1691 = CARTESIAN_POINT('',(93.216981,-61.5,0.));
#1692 = DIRECTION('',(0.,0.,1.));
#1693 = DIRECTION('',(1.,0.,-0.));
#1694 = ADVANCED_FACE('',(#1695,#1698),#1709,.F.);
#1695 = FACE_BOUND('',#1696,.F.);
#1696 = EDGE_LOOP('',(#1697));
#1697 = ORIENTED_EDGE('',*,*,#1683,.F.);
#1698 = FACE_BOUND('',#1699,.F.);
#1699 = EDGE_LOOP('',(#1700));
#1700 = ORIENTED_EDGE('',*,*,#1701,.F.);
#1701 = EDGE_CURVE('',#1702,#1702,#1704,.T.);
#1702 = VERTEX_POINT('',#1703);
#1703 = CARTESIAN_POINT('',(93.216981,-62.175,0.));
#1704 = CIRCLE('',#1705,0.675);
#1705 = AXIS2_PLACEMENT_3D('',#1706,#1707,#1708);
#1706 = CARTESIAN_POINT('',(93.216981,-61.5,0.));
#1707 = DIRECTION('',(-0.,0.,-1.));
#1708 = DIRECTION('',(-0.,-1.,0.));
#1709 = PLANE('',#1710);
#1710 = AXIS2_PLACEMENT_3D('',#1711,#1712,#1713);
#1711 = CARTESIAN_POINT('',(0.,0.,0.));
#1712 = DIRECTION('',(-0.,-0.,-1.));
#1713 = DIRECTION('',(-1.,0.,0.));
#1714 = ADVANCED_FACE('',(#1715,#1718),#1729,.T.);
#1715 = FACE_BOUND('',#1716,.T.);
#1716 = EDGE_LOOP('',(#1717));
#1717 = ORIENTED_EDGE('',*,*,#1675,.F.);
#1718 = FACE_BOUND('',#1719,.T.);
#1719 = EDGE_LOOP('',(#1720));
#1720 = ORIENTED_EDGE('',*,*,#1721,.F.);
#1721 = EDGE_CURVE('',#1722,#1722,#1724,.T.);
#1722 = VERTEX_POINT('',#1723);
#1723 = CARTESIAN_POINT('',(93.216981,-62.175,-7.5E-02));
#1724 = CIRCLE('',#1725,0.675);
#1725 = AXIS2_PLACEMENT_3D('',#1726,#1727,#1728);
#1726 = CARTESIAN_POINT('',(93.216981,-61.5,-7.5E-02));
#1727 = DIRECTION('',(-0.,0.,-1.));
#1728 = DIRECTION('',(-0.,-1.,0.));
#1729 = PLANE('',#1730);
#1730 = AXIS2_PLACEMENT_3D('',#1731,#1732,#1733);
#1731 = CARTESIAN_POINT('',(0.,0.,-7.5E-02));
#1732 = DIRECTION('',(-0.,-0.,-1.));
#1733 = DIRECTION('',(-1.,0.,0.));
#1734 = ADVANCED_FACE('',(#1735),#1746,.F.);
#1735 = FACE_BOUND('',#1736,.T.);
#1736 = EDGE_LOOP('',(#1737,#1738,#1744,#1745));
#1737 = ORIENTED_EDGE('',*,*,#1721,.T.);
#1738 = ORIENTED_EDGE('',*,*,#1739,.T.);
#1739 = EDGE_CURVE('',#1722,#1702,#1740,.T.);
#1740 = LINE('',#1741,#1742);
#1741 = CARTESIAN_POINT('',(93.216981,-62.175,-8.1E-02));
#1742 = VECTOR('',#1743,1.);
#1743 = DIRECTION('',(0.,0.,1.));
#1744 = ORIENTED_EDGE('',*,*,#1701,.F.);
#1745 = ORIENTED_EDGE('',*,*,#1739,.F.);
#1746 = CYLINDRICAL_SURFACE('',#1747,0.675);
#1747 = AXIS2_PLACEMENT_3D('',#1748,#1749,#1750);
#1748 = CARTESIAN_POINT('',(93.216981,-61.5,-8.1E-02));
#1749 = DIRECTION('',(-0.,-0.,-1.));
#1750 = DIRECTION('',(-0.,-1.,0.));
#1751 = MANIFOLD_SOLID_BREP('',#1752);
#1752 = CLOSED_SHELL('',(#1753,#1786,#1806,#1826));
#1753 = ADVANCED_FACE('',(#1754),#1781,.T.);
#1754 = FACE_BOUND('',#1755,.F.);
#1755 = EDGE_LOOP('',(#1756,#1766,#1773,#1774));
#1756 = ORIENTED_EDGE('',*,*,#1757,.T.);
#1757 = EDGE_CURVE('',#1758,#1760,#1762,.T.);
#1758 = VERTEX_POINT('',#1759);
#1759 = CARTESIAN_POINT('',(93.216981,-62.2,-7.5E-02));
#1760 = VERTEX_POINT('',#1761);
#1761 = CARTESIAN_POINT('',(93.216981,-62.2,1.115));
#1762 = LINE('',#1763,#1764);
#1763 = CARTESIAN_POINT('',(93.216981,-62.2,-7.5E-02));
#1764 = VECTOR('',#1765,1.);
#1765 = DIRECTION('',(0.,0.,1.));
#1766 = ORIENTED_EDGE('',*,*,#1767,.T.);
#1767 = EDGE_CURVE('',#1760,#1760,#1768,.T.);
#1768 = CIRCLE('',#1769,0.7);
#1769 = AXIS2_PLACEMENT_3D('',#1770,#1771,#1772);
#1770 = CARTESIAN_POINT('',(93.216981,-61.5,1.115));
#1771 = DIRECTION('',(0.,0.,1.));
#1772 = DIRECTION('',(-0.,-1.,0.));
#1773 = ORIENTED_EDGE('',*,*,#1757,.F.);
#1774 = ORIENTED_EDGE('',*,*,#1775,.F.);
#1775 = EDGE_CURVE('',#1758,#1758,#1776,.T.);
#1776 = CIRCLE('',#1777,0.7);
#1777 = AXIS2_PLACEMENT_3D('',#1778,#1779,#1780);
#1778 = CARTESIAN_POINT('',(93.216981,-61.5,-7.5E-02));
#1779 = DIRECTION('',(0.,0.,1.));
#1780 = DIRECTION('',(-0.,-1.,0.));
#1781 = CYLINDRICAL_SURFACE('',#1782,0.7);
#1782 = AXIS2_PLACEMENT_3D('',#1783,#1784,#1785);
#1783 = CARTESIAN_POINT('',(93.216981,-61.5,-7.5E-02));
#1784 = DIRECTION('',(-0.,-0.,-1.));
#1785 = DIRECTION('',(-0.,-1.,0.));
#1786 = ADVANCED_FACE('',(#1787,#1790),#1801,.F.);
#1787 = FACE_BOUND('',#1788,.F.);
#1788 = EDGE_LOOP('',(#1789));
#1789 = ORIENTED_EDGE('',*,*,#1775,.T.);
#1790 = FACE_BOUND('',#1791,.F.);
#1791 = EDGE_LOOP('',(#1792));
#1792 = ORIENTED_EDGE('',*,*,#1793,.T.);
#1793 = EDGE_CURVE('',#1794,#1794,#1796,.T.);
#1794 = VERTEX_POINT('',#1795);
#1795 = CARTESIAN_POINT('',(93.216981,-62.175,-7.5E-02));
#1796 = CIRCLE('',#1797,0.675);
#1797 = AXIS2_PLACEMENT_3D('',#1798,#1799,#1800);
#1798 = CARTESIAN_POINT('',(93.216981,-61.5,-7.5E-02));
#1799 = DIRECTION('',(-0.,0.,-1.));
#1800 = DIRECTION('',(-0.,-1.,0.));
#1801 = PLANE('',#1802);
#1802 = AXIS2_PLACEMENT_3D('',#1803,#1804,#1805);
#1803 = CARTESIAN_POINT('',(93.216981,-62.2,-7.5E-02));
#1804 = DIRECTION('',(0.,0.,1.));
#1805 = DIRECTION('',(1.,0.,-0.));
#1806 = ADVANCED_FACE('',(#1807,#1810),#1821,.T.);
#1807 = FACE_BOUND('',#1808,.T.);
#1808 = EDGE_LOOP('',(#1809));
#1809 = ORIENTED_EDGE('',*,*,#1767,.T.);
#1810 = FACE_BOUND('',#1811,.T.);
#1811 = EDGE_LOOP('',(#1812));
#1812 = ORIENTED_EDGE('',*,*,#1813,.T.);
#1813 = EDGE_CURVE('',#1814,#1814,#1816,.T.);
#1814 = VERTEX_POINT('',#1815);
#1815 = CARTESIAN_POINT('',(93.216981,-62.175,1.115));
#1816 = CIRCLE('',#1817,0.675);
#1817 = AXIS2_PLACEMENT_3D('',#1818,#1819,#1820);
#1818 = CARTESIAN_POINT('',(93.216981,-61.5,1.115));
#1819 = DIRECTION('',(-0.,0.,-1.));
#1820 = DIRECTION('',(-0.,-1.,0.));
#1821 = PLANE('',#1822);
#1822 = AXIS2_PLACEMENT_3D('',#1823,#1824,#1825);
#1823 = CARTESIAN_POINT('',(93.216981,-62.2,1.115));
#1824 = DIRECTION('',(0.,0.,1.));
#1825 = DIRECTION('',(1.,0.,-0.));
#1826 = ADVANCED_FACE('',(#1827),#1838,.F.);
#1827 = FACE_BOUND('',#1828,.T.);
#1828 = EDGE_LOOP('',(#1829,#1830,#1836,#1837));
#1829 = ORIENTED_EDGE('',*,*,#1793,.T.);
#1830 = ORIENTED_EDGE('',*,*,#1831,.T.);
#1831 = EDGE_CURVE('',#1794,#1814,#1832,.T.);
#1832 = LINE('',#1833,#1834);
#1833 = CARTESIAN_POINT('',(93.216981,-62.175,-8.1E-02));
#1834 = VECTOR('',#1835,1.);
#1835 = DIRECTION('',(0.,0.,1.));
#1836 = ORIENTED_EDGE('',*,*,#1813,.F.);
#1837 = ORIENTED_EDGE('',*,*,#1831,.F.);
#1838 = CYLINDRICAL_SURFACE('',#1839,0.675);
#1839 = AXIS2_PLACEMENT_3D('',#1840,#1841,#1842);
#1840 = CARTESIAN_POINT('',(93.216981,-61.5,-8.1E-02));
#1841 = DIRECTION('',(-0.,-0.,-1.));
#1842 = DIRECTION('',(-0.,-1.,0.));
#1843 = MANIFOLD_SOLID_BREP('',#1844);
#1844 = CLOSED_SHELL('',(#1845,#1878,#1898,#1918));
#1845 = ADVANCED_FACE('',(#1846),#1873,.T.);
#1846 = FACE_BOUND('',#1847,.F.);
#1847 = EDGE_LOOP('',(#1848,#1858,#1865,#1866));
#1848 = ORIENTED_EDGE('',*,*,#1849,.T.);
#1849 = EDGE_CURVE('',#1850,#1852,#1854,.T.);
#1850 = VERTEX_POINT('',#1851);
#1851 = CARTESIAN_POINT('',(96.816981,-65.,1.04));
#1852 = VERTEX_POINT('',#1853);
#1853 = CARTESIAN_POINT('',(96.816981,-65.,1.115));
#1854 = LINE('',#1855,#1856);
#1855 = CARTESIAN_POINT('',(96.816981,-65.,1.04));
#1856 = VECTOR('',#1857,1.);
#1857 = DIRECTION('',(0.,0.,1.));
#1858 = ORIENTED_EDGE('',*,*,#1859,.T.);
#1859 = EDGE_CURVE('',#1852,#1852,#1860,.T.);
#1860 = CIRCLE('',#1861,1.1);
#1861 = AXIS2_PLACEMENT_3D('',#1862,#1863,#1864);
#1862 = CARTESIAN_POINT('',(95.716981,-65.,1.115));
#1863 = DIRECTION('',(0.,0.,1.));
#1864 = DIRECTION('',(1.,0.,-0.));
#1865 = ORIENTED_EDGE('',*,*,#1849,.F.);
#1866 = ORIENTED_EDGE('',*,*,#1867,.F.);
#1867 = EDGE_CURVE('',#1850,#1850,#1868,.T.);
#1868 = CIRCLE('',#1869,1.1);
#1869 = AXIS2_PLACEMENT_3D('',#1870,#1871,#1872);
#1870 = CARTESIAN_POINT('',(95.716981,-65.,1.04));
#1871 = DIRECTION('',(0.,0.,1.));
#1872 = DIRECTION('',(1.,0.,-0.));
#1873 = CYLINDRICAL_SURFACE('',#1874,1.1);
#1874 = AXIS2_PLACEMENT_3D('',#1875,#1876,#1877);
#1875 = CARTESIAN_POINT('',(95.716981,-65.,1.04));
#1876 = DIRECTION('',(-0.,-0.,-1.));
#1877 = DIRECTION('',(1.,0.,-0.));
#1878 = ADVANCED_FACE('',(#1879,#1882),#1893,.F.);
#1879 = FACE_BOUND('',#1880,.F.);
#1880 = EDGE_LOOP('',(#1881));
#1881 = ORIENTED_EDGE('',*,*,#1867,.T.);
#1882 = FACE_BOUND('',#1883,.F.);
#1883 = EDGE_LOOP('',(#1884));
#1884 = ORIENTED_EDGE('',*,*,#1885,.T.);
#1885 = EDGE_CURVE('',#1886,#1886,#1888,.T.);
#1886 = VERTEX_POINT('',#1887);
#1887 = CARTESIAN_POINT('',(95.716981,-65.675,1.04));
#1888 = CIRCLE('',#1889,0.675);
#1889 = AXIS2_PLACEMENT_3D('',#1890,#1891,#1892);
#1890 = CARTESIAN_POINT('',(95.716981,-65.,1.04));
#1891 = DIRECTION('',(-0.,0.,-1.));
#1892 = DIRECTION('',(-0.,-1.,0.));
#1893 = PLANE('',#1894);
#1894 = AXIS2_PLACEMENT_3D('',#1895,#1896,#1897);
#1895 = CARTESIAN_POINT('',(0.,0.,1.04));
#1896 = DIRECTION('',(0.,0.,1.));
#1897 = DIRECTION('',(1.,0.,-0.));
#1898 = ADVANCED_FACE('',(#1899,#1902),#1913,.T.);
#1899 = FACE_BOUND('',#1900,.T.);
#1900 = EDGE_LOOP('',(#1901));
#1901 = ORIENTED_EDGE('',*,*,#1859,.T.);
#1902 = FACE_BOUND('',#1903,.T.);
#1903 = EDGE_LOOP('',(#1904));
#1904 = ORIENTED_EDGE('',*,*,#1905,.T.);
#1905 = EDGE_CURVE('',#1906,#1906,#1908,.T.);
#1906 = VERTEX_POINT('',#1907);
#1907 = CARTESIAN_POINT('',(95.716981,-65.675,1.115));
#1908 = CIRCLE('',#1909,0.675);
#1909 = AXIS2_PLACEMENT_3D('',#1910,#1911,#1912);
#1910 = CARTESIAN_POINT('',(95.716981,-65.,1.115));
#1911 = DIRECTION('',(-0.,0.,-1.));
#1912 = DIRECTION('',(-0.,-1.,0.));
#1913 = PLANE('',#1914);
#1914 = AXIS2_PLACEMENT_3D('',#1915,#1916,#1917);
#1915 = CARTESIAN_POINT('',(0.,0.,1.115));
#1916 = DIRECTION('',(0.,0.,1.));
#1917 = DIRECTION('',(1.,0.,-0.));
#1918 = ADVANCED_FACE('',(#1919),#1930,.F.);
#1919 = FACE_BOUND('',#1920,.T.);
#1920 = EDGE_LOOP('',(#1921,#1922,#1928,#1929));
#1921 = ORIENTED_EDGE('',*,*,#1885,.T.);
#1922 = ORIENTED_EDGE('',*,*,#1923,.T.);
#1923 = EDGE_CURVE('',#1886,#1906,#1924,.T.);
#1924 = LINE('',#1925,#1926);
#1925 = CARTESIAN_POINT('',(95.716981,-65.675,-8.1E-02));
#1926 = VECTOR('',#1927,1.);
#1927 = DIRECTION('',(0.,0.,1.));
#1928 = ORIENTED_EDGE('',*,*,#1905,.F.);
#1929 = ORIENTED_EDGE('',*,*,#1923,.F.);
#1930 = CYLINDRICAL_SURFACE('',#1931,0.675);
#1931 = AXIS2_PLACEMENT_3D('',#1932,#1933,#1934);
#1932 = CARTESIAN_POINT('',(95.716981,-65.,-8.1E-02));
#1933 = DIRECTION('',(-0.,-0.,-1.));
#1934 = DIRECTION('',(-0.,-1.,0.));
#1935 = MANIFOLD_SOLID_BREP('',#1936);
#1936 = CLOSED_SHELL('',(#1937,#1970,#1990,#2010));
#1937 = ADVANCED_FACE('',(#1938),#1965,.T.);
#1938 = FACE_BOUND('',#1939,.T.);
#1939 = EDGE_LOOP('',(#1940,#1950,#1957,#1958));
#1940 = ORIENTED_EDGE('',*,*,#1941,.T.);
#1941 = EDGE_CURVE('',#1942,#1944,#1946,.T.);
#1942 = VERTEX_POINT('',#1943);
#1943 = CARTESIAN_POINT('',(96.816981,-65.,0.));
#1944 = VERTEX_POINT('',#1945);
#1945 = CARTESIAN_POINT('',(96.816981,-65.,-7.5E-02));
#1946 = LINE('',#1947,#1948);
#1947 = CARTESIAN_POINT('',(96.816981,-65.,0.));
#1948 = VECTOR('',#1949,1.);
#1949 = DIRECTION('',(0.,0.,-1.));
#1950 = ORIENTED_EDGE('',*,*,#1951,.T.);
#1951 = EDGE_CURVE('',#1944,#1944,#1952,.T.);
#1952 = CIRCLE('',#1953,1.1);
#1953 = AXIS2_PLACEMENT_3D('',#1954,#1955,#1956);
#1954 = CARTESIAN_POINT('',(95.716981,-65.,-7.5E-02));
#1955 = DIRECTION('',(0.,0.,1.));
#1956 = DIRECTION('',(1.,0.,-0.));
#1957 = ORIENTED_EDGE('',*,*,#1941,.F.);
#1958 = ORIENTED_EDGE('',*,*,#1959,.F.);
#1959 = EDGE_CURVE('',#1942,#1942,#1960,.T.);
#1960 = CIRCLE('',#1961,1.1);
#1961 = AXIS2_PLACEMENT_3D('',#1962,#1963,#1964);
#1962 = CARTESIAN_POINT('',(95.716981,-65.,0.));
#1963 = DIRECTION('',(0.,0.,1.));
#1964 = DIRECTION('',(1.,0.,-0.));
#1965 = CYLINDRICAL_SURFACE('',#1966,1.1);
#1966 = AXIS2_PLACEMENT_3D('',#1967,#1968,#1969);
#1967 = CARTESIAN_POINT('',(95.716981,-65.,0.));
#1968 = DIRECTION('',(0.,0.,1.));
#1969 = DIRECTION('',(1.,0.,-0.));
#1970 = ADVANCED_FACE('',(#1971,#1974),#1985,.F.);
#1971 = FACE_BOUND('',#1972,.F.);
#1972 = EDGE_LOOP('',(#1973));
#1973 = ORIENTED_EDGE('',*,*,#1959,.F.);
#1974 = FACE_BOUND('',#1975,.F.);
#1975 = EDGE_LOOP('',(#1976));
#1976 = ORIENTED_EDGE('',*,*,#1977,.F.);
#1977 = EDGE_CURVE('',#1978,#1978,#1980,.T.);
#1978 = VERTEX_POINT('',#1979);
#1979 = CARTESIAN_POINT('',(95.716981,-65.675,0.));
#1980 = CIRCLE('',#1981,0.675);
#1981 = AXIS2_PLACEMENT_3D('',#1982,#1983,#1984);
#1982 = CARTESIAN_POINT('',(95.716981,-65.,0.));
#1983 = DIRECTION('',(-0.,0.,-1.));
#1984 = DIRECTION('',(-0.,-1.,0.));
#1985 = PLANE('',#1986);
#1986 = AXIS2_PLACEMENT_3D('',#1987,#1988,#1989);
#1987 = CARTESIAN_POINT('',(0.,0.,0.));
#1988 = DIRECTION('',(-0.,-0.,-1.));
#1989 = DIRECTION('',(-1.,0.,0.));
#1990 = ADVANCED_FACE('',(#1991,#1994),#2005,.T.);
#1991 = FACE_BOUND('',#1992,.T.);
#1992 = EDGE_LOOP('',(#1993));
#1993 = ORIENTED_EDGE('',*,*,#1951,.F.);
#1994 = FACE_BOUND('',#1995,.T.);
#1995 = EDGE_LOOP('',(#1996));
#1996 = ORIENTED_EDGE('',*,*,#1997,.F.);
#1997 = EDGE_CURVE('',#1998,#1998,#2000,.T.);
#1998 = VERTEX_POINT('',#1999);
#1999 = CARTESIAN_POINT('',(95.716981,-65.675,-7.5E-02));
#2000 = CIRCLE('',#2001,0.675);
#2001 = AXIS2_PLACEMENT_3D('',#2002,#2003,#2004);
#2002 = CARTESIAN_POINT('',(95.716981,-65.,-7.5E-02));
#2003 = DIRECTION('',(-0.,0.,-1.));
#2004 = DIRECTION('',(-0.,-1.,0.));
#2005 = PLANE('',#2006);
#2006 = AXIS2_PLACEMENT_3D('',#2007,#2008,#2009);
#2007 = CARTESIAN_POINT('',(0.,0.,-7.5E-02));
#2008 = DIRECTION('',(-0.,-0.,-1.));
#2009 = DIRECTION('',(-1.,0.,0.));
#2010 = ADVANCED_FACE('',(#2011),#2022,.F.);
#2011 = FACE_BOUND('',#2012,.T.);
#2012 = EDGE_LOOP('',(#2013,#2014,#2020,#2021));
#2013 = ORIENTED_EDGE('',*,*,#1997,.T.);
#2014 = ORIENTED_EDGE('',*,*,#2015,.T.);
#2015 = EDGE_CURVE('',#1998,#1978,#2016,.T.);
#2016 = LINE('',#2017,#2018);
#2017 = CARTESIAN_POINT('',(95.716981,-65.675,-8.1E-02));
#2018 = VECTOR('',#2019,1.);
#2019 = DIRECTION('',(0.,0.,1.));
#2020 = ORIENTED_EDGE('',*,*,#1977,.F.);
#2021 = ORIENTED_EDGE('',*,*,#2015,.F.);
#2022 = CYLINDRICAL_SURFACE('',#2023,0.675);
#2023 = AXIS2_PLACEMENT_3D('',#2024,#2025,#2026);
#2024 = CARTESIAN_POINT('',(95.716981,-65.,-8.1E-02));
#2025 = DIRECTION('',(-0.,-0.,-1.));
#2026 = DIRECTION('',(-0.,-1.,0.));
#2027 = MANIFOLD_SOLID_BREP('',#2028);
#2028 = CLOSED_SHELL('',(#2029,#2062,#2082,#2102));
#2029 = ADVANCED_FACE('',(#2030),#2057,.T.);
#2030 = FACE_BOUND('',#2031,.F.);
#2031 = EDGE_LOOP('',(#2032,#2042,#2049,#2050));
#2032 = ORIENTED_EDGE('',*,*,#2033,.T.);
#2033 = EDGE_CURVE('',#2034,#2036,#2038,.T.);
#2034 = VERTEX_POINT('',#2035);
#2035 = CARTESIAN_POINT('',(95.716981,-65.7,-7.5E-02));
#2036 = VERTEX_POINT('',#2037);
#2037 = CARTESIAN_POINT('',(95.716981,-65.7,1.115));
#2038 = LINE('',#2039,#2040);
#2039 = CARTESIAN_POINT('',(95.716981,-65.7,-7.5E-02));
#2040 = VECTOR('',#2041,1.);
#2041 = DIRECTION('',(0.,0.,1.));
#2042 = ORIENTED_EDGE('',*,*,#2043,.T.);
#2043 = EDGE_CURVE('',#2036,#2036,#2044,.T.);
#2044 = CIRCLE('',#2045,0.7);
#2045 = AXIS2_PLACEMENT_3D('',#2046,#2047,#2048);
#2046 = CARTESIAN_POINT('',(95.716981,-65.,1.115));
#2047 = DIRECTION('',(0.,0.,1.));
#2048 = DIRECTION('',(-0.,-1.,0.));
#2049 = ORIENTED_EDGE('',*,*,#2033,.F.);
#2050 = ORIENTED_EDGE('',*,*,#2051,.F.);
#2051 = EDGE_CURVE('',#2034,#2034,#2052,.T.);
#2052 = CIRCLE('',#2053,0.7);
#2053 = AXIS2_PLACEMENT_3D('',#2054,#2055,#2056);
#2054 = CARTESIAN_POINT('',(95.716981,-65.,-7.5E-02));
#2055 = DIRECTION('',(0.,0.,1.));
#2056 = DIRECTION('',(-0.,-1.,0.));
#2057 = CYLINDRICAL_SURFACE('',#2058,0.7);
#2058 = AXIS2_PLACEMENT_3D('',#2059,#2060,#2061);
#2059 = CARTESIAN_POINT('',(95.716981,-65.,-7.5E-02));
#2060 = DIRECTION('',(-0.,-0.,-1.));
#2061 = DIRECTION('',(-0.,-1.,0.));
#2062 = ADVANCED_FACE('',(#2063,#2066),#2077,.F.);
#2063 = FACE_BOUND('',#2064,.F.);
#2064 = EDGE_LOOP('',(#2065));
#2065 = ORIENTED_EDGE('',*,*,#2051,.T.);
#2066 = FACE_BOUND('',#2067,.F.);
#2067 = EDGE_LOOP('',(#2068));
#2068 = ORIENTED_EDGE('',*,*,#2069,.T.);
#2069 = EDGE_CURVE('',#2070,#2070,#2072,.T.);
#2070 = VERTEX_POINT('',#2071);
#2071 = CARTESIAN_POINT('',(95.716981,-65.675,-7.5E-02));
#2072 = CIRCLE('',#2073,0.675);
#2073 = AXIS2_PLACEMENT_3D('',#2074,#2075,#2076);
#2074 = CARTESIAN_POINT('',(95.716981,-65.,-7.5E-02));
#2075 = DIRECTION('',(-0.,0.,-1.));
#2076 = DIRECTION('',(-0.,-1.,0.));
#2077 = PLANE('',#2078);
#2078 = AXIS2_PLACEMENT_3D('',#2079,#2080,#2081);
#2079 = CARTESIAN_POINT('',(95.716981,-65.7,-7.5E-02));
#2080 = DIRECTION('',(0.,0.,1.));
#2081 = DIRECTION('',(1.,0.,-0.));
#2082 = ADVANCED_FACE('',(#2083,#2086),#2097,.T.);
#2083 = FACE_BOUND('',#2084,.T.);
#2084 = EDGE_LOOP('',(#2085));
#2085 = ORIENTED_EDGE('',*,*,#2043,.T.);
#2086 = FACE_BOUND('',#2087,.T.);
#2087 = EDGE_LOOP('',(#2088));
#2088 = ORIENTED_EDGE('',*,*,#2089,.T.);
#2089 = EDGE_CURVE('',#2090,#2090,#2092,.T.);
#2090 = VERTEX_POINT('',#2091);
#2091 = CARTESIAN_POINT('',(95.716981,-65.675,1.115));
#2092 = CIRCLE('',#2093,0.675);
#2093 = AXIS2_PLACEMENT_3D('',#2094,#2095,#2096);
#2094 = CARTESIAN_POINT('',(95.716981,-65.,1.115));
#2095 = DIRECTION('',(-0.,0.,-1.));
#2096 = DIRECTION('',(-0.,-1.,0.));
#2097 = PLANE('',#2098);
#2098 = AXIS2_PLACEMENT_3D('',#2099,#2100,#2101);
#2099 = CARTESIAN_POINT('',(95.716981,-65.7,1.115));
#2100 = DIRECTION('',(0.,0.,1.));
#2101 = DIRECTION('',(1.,0.,-0.));
#2102 = ADVANCED_FACE('',(#2103),#2114,.F.);
#2103 = FACE_BOUND('',#2104,.T.);
#2104 = EDGE_LOOP('',(#2105,#2106,#2112,#2113));
#2105 = ORIENTED_EDGE('',*,*,#2069,.T.);
#2106 = ORIENTED_EDGE('',*,*,#2107,.T.);
#2107 = EDGE_CURVE('',#2070,#2090,#2108,.T.);
#2108 = LINE('',#2109,#2110);
#2109 = CARTESIAN_POINT('',(95.716981,-65.675,-8.1E-02));
#2110 = VECTOR('',#2111,1.);
#2111 = DIRECTION('',(0.,0.,1.));
#2112 = ORIENTED_EDGE('',*,*,#2089,.F.);
#2113 = ORIENTED_EDGE('',*,*,#2107,.F.);
#2114 = CYLINDRICAL_SURFACE('',#2115,0.675);
#2115 = AXIS2_PLACEMENT_3D('',#2116,#2117,#2118);
#2116 = CARTESIAN_POINT('',(95.716981,-65.,-8.1E-02));
#2117 = DIRECTION('',(-0.,-0.,-1.));
#2118 = DIRECTION('',(-0.,-1.,0.));
#2119 = MANIFOLD_SOLID_BREP('',#2120);
#2120 = CLOSED_SHELL('',(#2121,#2154,#2174,#2194));
#2121 = ADVANCED_FACE('',(#2122),#2149,.T.);
#2122 = FACE_BOUND('',#2123,.F.);
#2123 = EDGE_LOOP('',(#2124,#2134,#2141,#2142));
#2124 = ORIENTED_EDGE('',*,*,#2125,.T.);
#2125 = EDGE_CURVE('',#2126,#2128,#2130,.T.);
#2126 = VERTEX_POINT('',#2127);
#2127 = CARTESIAN_POINT('',(94.316981,-65.,1.04));
#2128 = VERTEX_POINT('',#2129);
#2129 = CARTESIAN_POINT('',(94.316981,-65.,1.115));
#2130 = LINE('',#2131,#2132);
#2131 = CARTESIAN_POINT('',(94.316981,-65.,1.04));
#2132 = VECTOR('',#2133,1.);
#2133 = DIRECTION('',(0.,0.,1.));
#2134 = ORIENTED_EDGE('',*,*,#2135,.T.);
#2135 = EDGE_CURVE('',#2128,#2128,#2136,.T.);
#2136 = CIRCLE('',#2137,1.1);
#2137 = AXIS2_PLACEMENT_3D('',#2138,#2139,#2140);
#2138 = CARTESIAN_POINT('',(93.216981,-65.,1.115));
#2139 = DIRECTION('',(0.,0.,1.));
#2140 = DIRECTION('',(1.,0.,-0.));
#2141 = ORIENTED_EDGE('',*,*,#2125,.F.);
#2142 = ORIENTED_EDGE('',*,*,#2143,.F.);
#2143 = EDGE_CURVE('',#2126,#2126,#2144,.T.);
#2144 = CIRCLE('',#2145,1.1);
#2145 = AXIS2_PLACEMENT_3D('',#2146,#2147,#2148);
#2146 = CARTESIAN_POINT('',(93.216981,-65.,1.04));
#2147 = DIRECTION('',(0.,0.,1.));
#2148 = DIRECTION('',(1.,0.,-0.));
#2149 = CYLINDRICAL_SURFACE('',#2150,1.1);
#2150 = AXIS2_PLACEMENT_3D('',#2151,#2152,#2153);
#2151 = CARTESIAN_POINT('',(93.216981,-65.,1.04));
#2152 = DIRECTION('',(-0.,-0.,-1.));
#2153 = DIRECTION('',(1.,0.,-0.));
#2154 = ADVANCED_FACE('',(#2155,#2158),#2169,.F.);
#2155 = FACE_BOUND('',#2156,.F.);
#2156 = EDGE_LOOP('',(#2157));
#2157 = ORIENTED_EDGE('',*,*,#2143,.T.);
#2158 = FACE_BOUND('',#2159,.F.);
#2159 = EDGE_LOOP('',(#2160));
#2160 = ORIENTED_EDGE('',*,*,#2161,.T.);
#2161 = EDGE_CURVE('',#2162,#2162,#2164,.T.);
#2162 = VERTEX_POINT('',#2163);
#2163 = CARTESIAN_POINT('',(93.216981,-65.675,1.04));
#2164 = CIRCLE('',#2165,0.675);
#2165 = AXIS2_PLACEMENT_3D('',#2166,#2167,#2168);
#2166 = CARTESIAN_POINT('',(93.216981,-65.,1.04));
#2167 = DIRECTION('',(-0.,0.,-1.));
#2168 = DIRECTION('',(-0.,-1.,0.));
#2169 = PLANE('',#2170);
#2170 = AXIS2_PLACEMENT_3D('',#2171,#2172,#2173);
#2171 = CARTESIAN_POINT('',(0.,0.,1.04));
#2172 = DIRECTION('',(0.,0.,1.));
#2173 = DIRECTION('',(1.,0.,-0.));
#2174 = ADVANCED_FACE('',(#2175,#2178),#2189,.T.);
#2175 = FACE_BOUND('',#2176,.T.);
#2176 = EDGE_LOOP('',(#2177));
#2177 = ORIENTED_EDGE('',*,*,#2135,.T.);
#2178 = FACE_BOUND('',#2179,.T.);
#2179 = EDGE_LOOP('',(#2180));
#2180 = ORIENTED_EDGE('',*,*,#2181,.T.);
#2181 = EDGE_CURVE('',#2182,#2182,#2184,.T.);
#2182 = VERTEX_POINT('',#2183);
#2183 = CARTESIAN_POINT('',(93.216981,-65.675,1.115));
#2184 = CIRCLE('',#2185,0.675);
#2185 = AXIS2_PLACEMENT_3D('',#2186,#2187,#2188);
#2186 = CARTESIAN_POINT('',(93.216981,-65.,1.115));
#2187 = DIRECTION('',(-0.,0.,-1.));
#2188 = DIRECTION('',(-0.,-1.,0.));
#2189 = PLANE('',#2190);
#2190 = AXIS2_PLACEMENT_3D('',#2191,#2192,#2193);
#2191 = CARTESIAN_POINT('',(0.,0.,1.115));
#2192 = DIRECTION('',(0.,0.,1.));
#2193 = DIRECTION('',(1.,0.,-0.));
#2194 = ADVANCED_FACE('',(#2195),#2206,.F.);
#2195 = FACE_BOUND('',#2196,.T.);
#2196 = EDGE_LOOP('',(#2197,#2198,#2204,#2205));
#2197 = ORIENTED_EDGE('',*,*,#2161,.T.);
#2198 = ORIENTED_EDGE('',*,*,#2199,.T.);
#2199 = EDGE_CURVE('',#2162,#2182,#2200,.T.);
#2200 = LINE('',#2201,#2202);
#2201 = CARTESIAN_POINT('',(93.216981,-65.675,-8.1E-02));
#2202 = VECTOR('',#2203,1.);
#2203 = DIRECTION('',(0.,0.,1.));
#2204 = ORIENTED_EDGE('',*,*,#2181,.F.);
#2205 = ORIENTED_EDGE('',*,*,#2199,.F.);
#2206 = CYLINDRICAL_SURFACE('',#2207,0.675);
#2207 = AXIS2_PLACEMENT_3D('',#2208,#2209,#2210);
#2208 = CARTESIAN_POINT('',(93.216981,-65.,-8.1E-02));
#2209 = DIRECTION('',(-0.,-0.,-1.));
#2210 = DIRECTION('',(-0.,-1.,0.));
#2211 = MANIFOLD_SOLID_BREP('',#2212);
#2212 = CLOSED_SHELL('',(#2213,#2246,#2266,#2286));
#2213 = ADVANCED_FACE('',(#2214),#2241,.T.);
#2214 = FACE_BOUND('',#2215,.T.);
#2215 = EDGE_LOOP('',(#2216,#2226,#2233,#2234));
#2216 = ORIENTED_EDGE('',*,*,#2217,.T.);
#2217 = EDGE_CURVE('',#2218,#2220,#2222,.T.);
#2218 = VERTEX_POINT('',#2219);
#2219 = CARTESIAN_POINT('',(94.316981,-65.,0.));
#2220 = VERTEX_POINT('',#2221);
#2221 = CARTESIAN_POINT('',(94.316981,-65.,-7.5E-02));
#2222 = LINE('',#2223,#2224);
#2223 = CARTESIAN_POINT('',(94.316981,-65.,0.));
#2224 = VECTOR('',#2225,1.);
#2225 = DIRECTION('',(0.,0.,-1.));
#2226 = ORIENTED_EDGE('',*,*,#2227,.T.);
#2227 = EDGE_CURVE('',#2220,#2220,#2228,.T.);
#2228 = CIRCLE('',#2229,1.1);
#2229 = AXIS2_PLACEMENT_3D('',#2230,#2231,#2232);
#2230 = CARTESIAN_POINT('',(93.216981,-65.,-7.5E-02));
#2231 = DIRECTION('',(0.,0.,1.));
#2232 = DIRECTION('',(1.,0.,-0.));
#2233 = ORIENTED_EDGE('',*,*,#2217,.F.);
#2234 = ORIENTED_EDGE('',*,*,#2235,.F.);
#2235 = EDGE_CURVE('',#2218,#2218,#2236,.T.);
#2236 = CIRCLE('',#2237,1.1);
#2237 = AXIS2_PLACEMENT_3D('',#2238,#2239,#2240);
#2238 = CARTESIAN_POINT('',(93.216981,-65.,0.));
#2239 = DIRECTION('',(0.,0.,1.));
#2240 = DIRECTION('',(1.,0.,-0.));
#2241 = CYLINDRICAL_SURFACE('',#2242,1.1);
#2242 = AXIS2_PLACEMENT_3D('',#2243,#2244,#2245);
#2243 = CARTESIAN_POINT('',(93.216981,-65.,0.));
#2244 = DIRECTION('',(0.,0.,1.));
#2245 = DIRECTION('',(1.,0.,-0.));
#2246 = ADVANCED_FACE('',(#2247,#2250),#2261,.F.);
#2247 = FACE_BOUND('',#2248,.F.);
#2248 = EDGE_LOOP('',(#2249));
#2249 = ORIENTED_EDGE('',*,*,#2235,.F.);
#2250 = FACE_BOUND('',#2251,.F.);
#2251 = EDGE_LOOP('',(#2252));
#2252 = ORIENTED_EDGE('',*,*,#2253,.F.);
#2253 = EDGE_CURVE('',#2254,#2254,#2256,.T.);
#2254 = VERTEX_POINT('',#2255);
#2255 = CARTESIAN_POINT('',(93.216981,-65.675,0.));
#2256 = CIRCLE('',#2257,0.675);
#2257 = AXIS2_PLACEMENT_3D('',#2258,#2259,#2260);
#2258 = CARTESIAN_POINT('',(93.216981,-65.,0.));
#2259 = DIRECTION('',(-0.,0.,-1.));
#2260 = DIRECTION('',(-0.,-1.,0.));
#2261 = PLANE('',#2262);
#2262 = AXIS2_PLACEMENT_3D('',#2263,#2264,#2265);
#2263 = CARTESIAN_POINT('',(0.,0.,0.));
#2264 = DIRECTION('',(-0.,-0.,-1.));
#2265 = DIRECTION('',(-1.,0.,0.));
#2266 = ADVANCED_FACE('',(#2267,#2270),#2281,.T.);
#2267 = FACE_BOUND('',#2268,.T.);
#2268 = EDGE_LOOP('',(#2269));
#2269 = ORIENTED_EDGE('',*,*,#2227,.F.);
#2270 = FACE_BOUND('',#2271,.T.);
#2271 = EDGE_LOOP('',(#2272));
#2272 = ORIENTED_EDGE('',*,*,#2273,.F.);
#2273 = EDGE_CURVE('',#2274,#2274,#2276,.T.);
#2274 = VERTEX_POINT('',#2275);
#2275 = CARTESIAN_POINT('',(93.216981,-65.675,-7.5E-02));
#2276 = CIRCLE('',#2277,0.675);
#2277 = AXIS2_PLACEMENT_3D('',#2278,#2279,#2280);
#2278 = CARTESIAN_POINT('',(93.216981,-65.,-7.5E-02));
#2279 = DIRECTION('',(-0.,0.,-1.));
#2280 = DIRECTION('',(-0.,-1.,0.));
#2281 = PLANE('',#2282);
#2282 = AXIS2_PLACEMENT_3D('',#2283,#2284,#2285);
#2283 = CARTESIAN_POINT('',(0.,0.,-7.5E-02));
#2284 = DIRECTION('',(-0.,-0.,-1.));
#2285 = DIRECTION('',(-1.,0.,0.));
#2286 = ADVANCED_FACE('',(#2287),#2298,.F.);
#2287 = FACE_BOUND('',#2288,.T.);
#2288 = EDGE_LOOP('',(#2289,#2290,#2296,#2297));
#2289 = ORIENTED_EDGE('',*,*,#2273,.T.);
#2290 = ORIENTED_EDGE('',*,*,#2291,.T.);
#2291 = EDGE_CURVE('',#2274,#2254,#2292,.T.);
#2292 = LINE('',#2293,#2294);
#2293 = CARTESIAN_POINT('',(93.216981,-65.675,-8.1E-02));
#2294 = VECTOR('',#2295,1.);
#2295 = DIRECTION('',(0.,0.,1.));
#2296 = ORIENTED_EDGE('',*,*,#2253,.F.);
#2297 = ORIENTED_EDGE('',*,*,#2291,.F.);
#2298 = CYLINDRICAL_SURFACE('',#2299,0.675);
#2299 = AXIS2_PLACEMENT_3D('',#2300,#2301,#2302);
#2300 = CARTESIAN_POINT('',(93.216981,-65.,-8.1E-02));
#2301 = DIRECTION('',(-0.,-0.,-1.));
#2302 = DIRECTION('',(-0.,-1.,0.));
#2303 = MANIFOLD_SOLID_BREP('',#2304);
#2304 = CLOSED_SHELL('',(#2305,#2338,#2358,#2378));
#2305 = ADVANCED_FACE('',(#2306),#2333,.T.);
#2306 = FACE_BOUND('',#2307,.F.);
#2307 = EDGE_LOOP('',(#2308,#2318,#2325,#2326));
#2308 = ORIENTED_EDGE('',*,*,#2309,.T.);
#2309 = EDGE_CURVE('',#2310,#2312,#2314,.T.);
#2310 = VERTEX_POINT('',#2311);
#2311 = CARTESIAN_POINT('',(93.216981,-65.7,-7.5E-02));
#2312 = VERTEX_POINT('',#2313);
#2313 = CARTESIAN_POINT('',(93.216981,-65.7,1.115));
#2314 = LINE('',#2315,#2316);
#2315 = CARTESIAN_POINT('',(93.216981,-65.7,-7.5E-02));
#2316 = VECTOR('',#2317,1.);
#2317 = DIRECTION('',(0.,0.,1.));
#2318 = ORIENTED_EDGE('',*,*,#2319,.T.);
#2319 = EDGE_CURVE('',#2312,#2312,#2320,.T.);
#2320 = CIRCLE('',#2321,0.7);
#2321 = AXIS2_PLACEMENT_3D('',#2322,#2323,#2324);
#2322 = CARTESIAN_POINT('',(93.216981,-65.,1.115));
#2323 = DIRECTION('',(0.,0.,1.));
#2324 = DIRECTION('',(-0.,-1.,0.));
#2325 = ORIENTED_EDGE('',*,*,#2309,.F.);
#2326 = ORIENTED_EDGE('',*,*,#2327,.F.);
#2327 = EDGE_CURVE('',#2310,#2310,#2328,.T.);
#2328 = CIRCLE('',#2329,0.7);
#2329 = AXIS2_PLACEMENT_3D('',#2330,#2331,#2332);
#2330 = CARTESIAN_POINT('',(93.216981,-65.,-7.5E-02));
#2331 = DIRECTION('',(0.,0.,1.));
#2332 = DIRECTION('',(-0.,-1.,0.));
#2333 = CYLINDRICAL_SURFACE('',#2334,0.7);
#2334 = AXIS2_PLACEMENT_3D('',#2335,#2336,#2337);
#2335 = CARTESIAN_POINT('',(93.216981,-65.,-7.5E-02));
#2336 = DIRECTION('',(-0.,-0.,-1.));
#2337 = DIRECTION('',(-0.,-1.,0.));
#2338 = ADVANCED_FACE('',(#2339,#2342),#2353,.F.);
#2339 = FACE_BOUND('',#2340,.F.);
#2340 = EDGE_LOOP('',(#2341));
#2341 = ORIENTED_EDGE('',*,*,#2327,.T.);
#2342 = FACE_BOUND('',#2343,.F.);
#2343 = EDGE_LOOP('',(#2344));
#2344 = ORIENTED_EDGE('',*,*,#2345,.T.);
#2345 = EDGE_CURVE('',#2346,#2346,#2348,.T.);
#2346 = VERTEX_POINT('',#2347);
#2347 = CARTESIAN_POINT('',(93.216981,-65.675,-7.5E-02));
#2348 = CIRCLE('',#2349,0.675);
#2349 = AXIS2_PLACEMENT_3D('',#2350,#2351,#2352);
#2350 = CARTESIAN_POINT('',(93.216981,-65.,-7.5E-02));
#2351 = DIRECTION('',(-0.,0.,-1.));
#2352 = DIRECTION('',(-0.,-1.,0.));
#2353 = PLANE('',#2354);
#2354 = AXIS2_PLACEMENT_3D('',#2355,#2356,#2357);
#2355 = CARTESIAN_POINT('',(93.216981,-65.7,-7.5E-02));
#2356 = DIRECTION('',(0.,0.,1.));
#2357 = DIRECTION('',(1.,0.,-0.));
#2358 = ADVANCED_FACE('',(#2359,#2362),#2373,.T.);
#2359 = FACE_BOUND('',#2360,.T.);
#2360 = EDGE_LOOP('',(#2361));
#2361 = ORIENTED_EDGE('',*,*,#2319,.T.);
#2362 = FACE_BOUND('',#2363,.T.);
#2363 = EDGE_LOOP('',(#2364));
#2364 = ORIENTED_EDGE('',*,*,#2365,.T.);
#2365 = EDGE_CURVE('',#2366,#2366,#2368,.T.);
#2366 = VERTEX_POINT('',#2367);
#2367 = CARTESIAN_POINT('',(93.216981,-65.675,1.115));
#2368 = CIRCLE('',#2369,0.675);
#2369 = AXIS2_PLACEMENT_3D('',#2370,#2371,#2372);
#2370 = CARTESIAN_POINT('',(93.216981,-65.,1.115));
#2371 = DIRECTION('',(-0.,0.,-1.));
#2372 = DIRECTION('',(-0.,-1.,0.));
#2373 = PLANE('',#2374);
#2374 = AXIS2_PLACEMENT_3D('',#2375,#2376,#2377);
#2375 = CARTESIAN_POINT('',(93.216981,-65.7,1.115));
#2376 = DIRECTION('',(0.,0.,1.));
#2377 = DIRECTION('',(1.,0.,-0.));
#2378 = ADVANCED_FACE('',(#2379),#2390,.F.);
#2379 = FACE_BOUND('',#2380,.T.);
#2380 = EDGE_LOOP('',(#2381,#2382,#2388,#2389));
#2381 = ORIENTED_EDGE('',*,*,#2345,.T.);
#2382 = ORIENTED_EDGE('',*,*,#2383,.T.);
#2383 = EDGE_CURVE('',#2346,#2366,#2384,.T.);
#2384 = LINE('',#2385,#2386);
#2385 = CARTESIAN_POINT('',(93.216981,-65.675,-8.1E-02));
#2386 = VECTOR('',#2387,1.);
#2387 = DIRECTION('',(0.,0.,1.));
#2388 = ORIENTED_EDGE('',*,*,#2365,.F.);
#2389 = ORIENTED_EDGE('',*,*,#2383,.F.);
#2390 = CYLINDRICAL_SURFACE('',#2391,0.675);
#2391 = AXIS2_PLACEMENT_3D('',#2392,#2393,#2394);
#2392 = CARTESIAN_POINT('',(93.216981,-65.,-8.1E-02));
#2393 = DIRECTION('',(-0.,-0.,-1.));
#2394 = DIRECTION('',(-0.,-1.,0.));
#2395 = MANIFOLD_SOLID_BREP('',#2396);
#2396 = CLOSED_SHELL('',(#2397,#2430,#2450,#2470));
#2397 = ADVANCED_FACE('',(#2398),#2425,.T.);
#2398 = FACE_BOUND('',#2399,.F.);
#2399 = EDGE_LOOP('',(#2400,#2410,#2417,#2418));
#2400 = ORIENTED_EDGE('',*,*,#2401,.T.);
#2401 = EDGE_CURVE('',#2402,#2404,#2406,.T.);
#2402 = VERTEX_POINT('',#2403);
#2403 = CARTESIAN_POINT('',(115.606012,-61.5,1.04));
#2404 = VERTEX_POINT('',#2405);
#2405 = CARTESIAN_POINT('',(115.606012,-61.5,1.115));
#2406 = LINE('',#2407,#2408);
#2407 = CARTESIAN_POINT('',(115.606012,-61.5,1.04));
#2408 = VECTOR('',#2409,1.);
#2409 = DIRECTION('',(0.,0.,1.));
#2410 = ORIENTED_EDGE('',*,*,#2411,.T.);
#2411 = EDGE_CURVE('',#2404,#2404,#2412,.T.);
#2412 = CIRCLE('',#2413,1.1);
#2413 = AXIS2_PLACEMENT_3D('',#2414,#2415,#2416);
#2414 = CARTESIAN_POINT('',(114.506012,-61.5,1.115));
#2415 = DIRECTION('',(0.,0.,1.));
#2416 = DIRECTION('',(1.,0.,-0.));
#2417 = ORIENTED_EDGE('',*,*,#2401,.F.);
#2418 = ORIENTED_EDGE('',*,*,#2419,.F.);
#2419 = EDGE_CURVE('',#2402,#2402,#2420,.T.);
#2420 = CIRCLE('',#2421,1.1);
#2421 = AXIS2_PLACEMENT_3D('',#2422,#2423,#2424);
#2422 = CARTESIAN_POINT('',(114.506012,-61.5,1.04));
#2423 = DIRECTION('',(0.,0.,1.));
#2424 = DIRECTION('',(1.,0.,-0.));
#2425 = CYLINDRICAL_SURFACE('',#2426,1.1);
#2426 = AXIS2_PLACEMENT_3D('',#2427,#2428,#2429);
#2427 = CARTESIAN_POINT('',(114.506012,-61.5,1.04));
#2428 = DIRECTION('',(-0.,-0.,-1.));
#2429 = DIRECTION('',(1.,0.,-0.));
#2430 = ADVANCED_FACE('',(#2431,#2434),#2445,.F.);
#2431 = FACE_BOUND('',#2432,.F.);
#2432 = EDGE_LOOP('',(#2433));
#2433 = ORIENTED_EDGE('',*,*,#2419,.T.);
#2434 = FACE_BOUND('',#2435,.F.);
#2435 = EDGE_LOOP('',(#2436));
#2436 = ORIENTED_EDGE('',*,*,#2437,.T.);
#2437 = EDGE_CURVE('',#2438,#2438,#2440,.T.);
#2438 = VERTEX_POINT('',#2439);
#2439 = CARTESIAN_POINT('',(114.506012,-62.175,1.04));
#2440 = CIRCLE('',#2441,0.675);
#2441 = AXIS2_PLACEMENT_3D('',#2442,#2443,#2444);
#2442 = CARTESIAN_POINT('',(114.506012,-61.5,1.04));
#2443 = DIRECTION('',(-0.,0.,-1.));
#2444 = DIRECTION('',(-0.,-1.,0.));
#2445 = PLANE('',#2446);
#2446 = AXIS2_PLACEMENT_3D('',#2447,#2448,#2449);
#2447 = CARTESIAN_POINT('',(0.,0.,1.04));
#2448 = DIRECTION('',(0.,0.,1.));
#2449 = DIRECTION('',(1.,0.,-0.));
#2450 = ADVANCED_FACE('',(#2451,#2454),#2465,.T.);
#2451 = FACE_BOUND('',#2452,.T.);
#2452 = EDGE_LOOP('',(#2453));
#2453 = ORIENTED_EDGE('',*,*,#2411,.T.);
#2454 = FACE_BOUND('',#2455,.T.);
#2455 = EDGE_LOOP('',(#2456));
#2456 = ORIENTED_EDGE('',*,*,#2457,.T.);
#2457 = EDGE_CURVE('',#2458,#2458,#2460,.T.);
#2458 = VERTEX_POINT('',#2459);
#2459 = CARTESIAN_POINT('',(114.506012,-62.175,1.115));
#2460 = CIRCLE('',#2461,0.675);
#2461 = AXIS2_PLACEMENT_3D('',#2462,#2463,#2464);
#2462 = CARTESIAN_POINT('',(114.506012,-61.5,1.115));
#2463 = DIRECTION('',(-0.,0.,-1.));
#2464 = DIRECTION('',(-0.,-1.,0.));
#2465 = PLANE('',#2466);
#2466 = AXIS2_PLACEMENT_3D('',#2467,#2468,#2469);
#2467 = CARTESIAN_POINT('',(0.,0.,1.115));
#2468 = DIRECTION('',(0.,0.,1.));
#2469 = DIRECTION('',(1.,0.,-0.));
#2470 = ADVANCED_FACE('',(#2471),#2482,.F.);
#2471 = FACE_BOUND('',#2472,.T.);
#2472 = EDGE_LOOP('',(#2473,#2474,#2480,#2481));
#2473 = ORIENTED_EDGE('',*,*,#2437,.T.);
#2474 = ORIENTED_EDGE('',*,*,#2475,.T.);
#2475 = EDGE_CURVE('',#2438,#2458,#2476,.T.);
#2476 = LINE('',#2477,#2478);
#2477 = CARTESIAN_POINT('',(114.506012,-62.175,-8.1E-02));
#2478 = VECTOR('',#2479,1.);
#2479 = DIRECTION('',(0.,0.,1.));
#2480 = ORIENTED_EDGE('',*,*,#2457,.F.);
#2481 = ORIENTED_EDGE('',*,*,#2475,.F.);
#2482 = CYLINDRICAL_SURFACE('',#2483,0.675);
#2483 = AXIS2_PLACEMENT_3D('',#2484,#2485,#2486);
#2484 = CARTESIAN_POINT('',(114.506012,-61.5,-8.1E-02));
#2485 = DIRECTION('',(-0.,-0.,-1.));
#2486 = DIRECTION('',(-0.,-1.,0.));
#2487 = MANIFOLD_SOLID_BREP('',#2488);
#2488 = CLOSED_SHELL('',(#2489,#2522,#2542,#2562));
#2489 = ADVANCED_FACE('',(#2490),#2517,.T.);
#2490 = FACE_BOUND('',#2491,.T.);
#2491 = EDGE_LOOP('',(#2492,#2502,#2509,#2510));
#2492 = ORIENTED_EDGE('',*,*,#2493,.T.);
#2493 = EDGE_CURVE('',#2494,#2496,#2498,.T.);
#2494 = VERTEX_POINT('',#2495);
#2495 = CARTESIAN_POINT('',(115.606012,-61.5,0.));
#2496 = VERTEX_POINT('',#2497);
#2497 = CARTESIAN_POINT('',(115.606012,-61.5,-7.5E-02));
#2498 = LINE('',#2499,#2500);
#2499 = CARTESIAN_POINT('',(115.606012,-61.5,0.));
#2500 = VECTOR('',#2501,1.);
#2501 = DIRECTION('',(0.,0.,-1.));
#2502 = ORIENTED_EDGE('',*,*,#2503,.T.);
#2503 = EDGE_CURVE('',#2496,#2496,#2504,.T.);
#2504 = CIRCLE('',#2505,1.1);
#2505 = AXIS2_PLACEMENT_3D('',#2506,#2507,#2508);
#2506 = CARTESIAN_POINT('',(114.506012,-61.5,-7.5E-02));
#2507 = DIRECTION('',(0.,0.,1.));
#2508 = DIRECTION('',(1.,0.,-0.));
#2509 = ORIENTED_EDGE('',*,*,#2493,.F.);
#2510 = ORIENTED_EDGE('',*,*,#2511,.F.);
#2511 = EDGE_CURVE('',#2494,#2494,#2512,.T.);
#2512 = CIRCLE('',#2513,1.1);
#2513 = AXIS2_PLACEMENT_3D('',#2514,#2515,#2516);
#2514 = CARTESIAN_POINT('',(114.506012,-61.5,0.));
#2515 = DIRECTION('',(0.,0.,1.));
#2516 = DIRECTION('',(1.,0.,-0.));
#2517 = CYLINDRICAL_SURFACE('',#2518,1.1);
#2518 = AXIS2_PLACEMENT_3D('',#2519,#2520,#2521);
#2519 = CARTESIAN_POINT('',(114.506012,-61.5,0.));
#2520 = DIRECTION('',(0.,0.,1.));
#2521 = DIRECTION('',(1.,0.,-0.));
#2522 = ADVANCED_FACE('',(#2523,#2526),#2537,.F.);
#2523 = FACE_BOUND('',#2524,.F.);
#2524 = EDGE_LOOP('',(#2525));
#2525 = ORIENTED_EDGE('',*,*,#2511,.F.);
#2526 = FACE_BOUND('',#2527,.F.);
#2527 = EDGE_LOOP('',(#2528));
#2528 = ORIENTED_EDGE('',*,*,#2529,.F.);
#2529 = EDGE_CURVE('',#2530,#2530,#2532,.T.);
#2530 = VERTEX_POINT('',#2531);
#2531 = CARTESIAN_POINT('',(114.506012,-62.175,0.));
#2532 = CIRCLE('',#2533,0.675);
#2533 = AXIS2_PLACEMENT_3D('',#2534,#2535,#2536);
#2534 = CARTESIAN_POINT('',(114.506012,-61.5,0.));
#2535 = DIRECTION('',(-0.,0.,-1.));
#2536 = DIRECTION('',(-0.,-1.,0.));
#2537 = PLANE('',#2538);
#2538 = AXIS2_PLACEMENT_3D('',#2539,#2540,#2541);
#2539 = CARTESIAN_POINT('',(0.,0.,0.));
#2540 = DIRECTION('',(-0.,-0.,-1.));
#2541 = DIRECTION('',(-1.,0.,0.));
#2542 = ADVANCED_FACE('',(#2543,#2546),#2557,.T.);
#2543 = FACE_BOUND('',#2544,.T.);
#2544 = EDGE_LOOP('',(#2545));
#2545 = ORIENTED_EDGE('',*,*,#2503,.F.);
#2546 = FACE_BOUND('',#2547,.T.);
#2547 = EDGE_LOOP('',(#2548));
#2548 = ORIENTED_EDGE('',*,*,#2549,.F.);
#2549 = EDGE_CURVE('',#2550,#2550,#2552,.T.);
#2550 = VERTEX_POINT('',#2551);
#2551 = CARTESIAN_POINT('',(114.506012,-62.175,-7.5E-02));
#2552 = CIRCLE('',#2553,0.675);
#2553 = AXIS2_PLACEMENT_3D('',#2554,#2555,#2556);
#2554 = CARTESIAN_POINT('',(114.506012,-61.5,-7.5E-02));
#2555 = DIRECTION('',(-0.,0.,-1.));
#2556 = DIRECTION('',(-0.,-1.,0.));
#2557 = PLANE('',#2558);
#2558 = AXIS2_PLACEMENT_3D('',#2559,#2560,#2561);
#2559 = CARTESIAN_POINT('',(0.,0.,-7.5E-02));
#2560 = DIRECTION('',(-0.,-0.,-1.));
#2561 = DIRECTION('',(-1.,0.,0.));
#2562 = ADVANCED_FACE('',(#2563),#2574,.F.);
#2563 = FACE_BOUND('',#2564,.T.);
#2564 = EDGE_LOOP('',(#2565,#2566,#2572,#2573));
#2565 = ORIENTED_EDGE('',*,*,#2549,.T.);
#2566 = ORIENTED_EDGE('',*,*,#2567,.T.);
#2567 = EDGE_CURVE('',#2550,#2530,#2568,.T.);
#2568 = LINE('',#2569,#2570);
#2569 = CARTESIAN_POINT('',(114.506012,-62.175,-8.1E-02));
#2570 = VECTOR('',#2571,1.);
#2571 = DIRECTION('',(0.,0.,1.));
#2572 = ORIENTED_EDGE('',*,*,#2529,.F.);
#2573 = ORIENTED_EDGE('',*,*,#2567,.F.);
#2574 = CYLINDRICAL_SURFACE('',#2575,0.675);
#2575 = AXIS2_PLACEMENT_3D('',#2576,#2577,#2578);
#2576 = CARTESIAN_POINT('',(114.506012,-61.5,-8.1E-02));
#2577 = DIRECTION('',(-0.,-0.,-1.));
#2578 = DIRECTION('',(-0.,-1.,0.));
#2579 = MANIFOLD_SOLID_BREP('',#2580);
#2580 = CLOSED_SHELL('',(#2581,#2614,#2634,#2654));
#2581 = ADVANCED_FACE('',(#2582),#2609,.T.);
#2582 = FACE_BOUND('',#2583,.F.);
#2583 = EDGE_LOOP('',(#2584,#2594,#2601,#2602));
#2584 = ORIENTED_EDGE('',*,*,#2585,.T.);
#2585 = EDGE_CURVE('',#2586,#2588,#2590,.T.);
#2586 = VERTEX_POINT('',#2587);
#2587 = CARTESIAN_POINT('',(114.506012,-62.2,-7.5E-02));
#2588 = VERTEX_POINT('',#2589);
#2589 = CARTESIAN_POINT('',(114.506012,-62.2,1.115));
#2590 = LINE('',#2591,#2592);
#2591 = CARTESIAN_POINT('',(114.506012,-62.2,-7.5E-02));
#2592 = VECTOR('',#2593,1.);
#2593 = DIRECTION('',(0.,0.,1.));
#2594 = ORIENTED_EDGE('',*,*,#2595,.T.);
#2595 = EDGE_CURVE('',#2588,#2588,#2596,.T.);
#2596 = CIRCLE('',#2597,0.7);
#2597 = AXIS2_PLACEMENT_3D('',#2598,#2599,#2600);
#2598 = CARTESIAN_POINT('',(114.506012,-61.5,1.115));
#2599 = DIRECTION('',(0.,0.,1.));
#2600 = DIRECTION('',(-0.,-1.,0.));
#2601 = ORIENTED_EDGE('',*,*,#2585,.F.);
#2602 = ORIENTED_EDGE('',*,*,#2603,.F.);
#2603 = EDGE_CURVE('',#2586,#2586,#2604,.T.);
#2604 = CIRCLE('',#2605,0.7);
#2605 = AXIS2_PLACEMENT_3D('',#2606,#2607,#2608);
#2606 = CARTESIAN_POINT('',(114.506012,-61.5,-7.5E-02));
#2607 = DIRECTION('',(0.,0.,1.));
#2608 = DIRECTION('',(-0.,-1.,0.));
#2609 = CYLINDRICAL_SURFACE('',#2610,0.7);
#2610 = AXIS2_PLACEMENT_3D('',#2611,#2612,#2613);
#2611 = CARTESIAN_POINT('',(114.506012,-61.5,-7.5E-02));
#2612 = DIRECTION('',(-0.,-0.,-1.));
#2613 = DIRECTION('',(-0.,-1.,0.));
#2614 = ADVANCED_FACE('',(#2615,#2618),#2629,.F.);
#2615 = FACE_BOUND('',#2616,.F.);
#2616 = EDGE_LOOP('',(#2617));
#2617 = ORIENTED_EDGE('',*,*,#2603,.T.);
#2618 = FACE_BOUND('',#2619,.F.);
#2619 = EDGE_LOOP('',(#2620));
#2620 = ORIENTED_EDGE('',*,*,#2621,.T.);
#2621 = EDGE_CURVE('',#2622,#2622,#2624,.T.);
#2622 = VERTEX_POINT('',#2623);
#2623 = CARTESIAN_POINT('',(114.506012,-62.175,-7.5E-02));
#2624 = CIRCLE('',#2625,0.675);
#2625 = AXIS2_PLACEMENT_3D('',#2626,#2627,#2628);
#2626 = CARTESIAN_POINT('',(114.506012,-61.5,-7.5E-02));
#2627 = DIRECTION('',(-0.,0.,-1.));
#2628 = DIRECTION('',(-0.,-1.,0.));
#2629 = PLANE('',#2630);
#2630 = AXIS2_PLACEMENT_3D('',#2631,#2632,#2633);
#2631 = CARTESIAN_POINT('',(114.506012,-62.2,-7.5E-02));
#2632 = DIRECTION('',(0.,0.,1.));
#2633 = DIRECTION('',(1.,0.,-0.));
#2634 = ADVANCED_FACE('',(#2635,#2638),#2649,.T.);
#2635 = FACE_BOUND('',#2636,.T.);
#2636 = EDGE_LOOP('',(#2637));
#2637 = ORIENTED_EDGE('',*,*,#2595,.T.);
#2638 = FACE_BOUND('',#2639,.T.);
#2639 = EDGE_LOOP('',(#2640));
#2640 = ORIENTED_EDGE('',*,*,#2641,.T.);
#2641 = EDGE_CURVE('',#2642,#2642,#2644,.T.);
#2642 = VERTEX_POINT('',#2643);
#2643 = CARTESIAN_POINT('',(114.506012,-62.175,1.115));
#2644 = CIRCLE('',#2645,0.675);
#2645 = AXIS2_PLACEMENT_3D('',#2646,#2647,#2648);
#2646 = CARTESIAN_POINT('',(114.506012,-61.5,1.115));
#2647 = DIRECTION('',(-0.,0.,-1.));
#2648 = DIRECTION('',(-0.,-1.,0.));
#2649 = PLANE('',#2650);
#2650 = AXIS2_PLACEMENT_3D('',#2651,#2652,#2653);
#2651 = CARTESIAN_POINT('',(114.506012,-62.2,1.115));
#2652 = DIRECTION('',(0.,0.,1.));
#2653 = DIRECTION('',(1.,0.,-0.));
#2654 = ADVANCED_FACE('',(#2655),#2666,.F.);
#2655 = FACE_BOUND('',#2656,.T.);
#2656 = EDGE_LOOP('',(#2657,#2658,#2664,#2665));
#2657 = ORIENTED_EDGE('',*,*,#2621,.T.);
#2658 = ORIENTED_EDGE('',*,*,#2659,.T.);
#2659 = EDGE_CURVE('',#2622,#2642,#2660,.T.);
#2660 = LINE('',#2661,#2662);
#2661 = CARTESIAN_POINT('',(114.506012,-62.175,-8.1E-02));
#2662 = VECTOR('',#2663,1.);
#2663 = DIRECTION('',(0.,0.,1.));
#2664 = ORIENTED_EDGE('',*,*,#2641,.F.);
#2665 = ORIENTED_EDGE('',*,*,#2659,.F.);
#2666 = CYLINDRICAL_SURFACE('',#2667,0.675);
#2667 = AXIS2_PLACEMENT_3D('',#2668,#2669,#2670);
#2668 = CARTESIAN_POINT('',(114.506012,-61.5,-8.1E-02));
#2669 = DIRECTION('',(-0.,-0.,-1.));
#2670 = DIRECTION('',(-0.,-1.,0.));
#2671 = MANIFOLD_SOLID_BREP('',#2672);
#2672 = CLOSED_SHELL('',(#2673,#2706,#2726,#2746));
#2673 = ADVANCED_FACE('',(#2674),#2701,.T.);
#2674 = FACE_BOUND('',#2675,.F.);
#2675 = EDGE_LOOP('',(#2676,#2686,#2693,#2694));
#2676 = ORIENTED_EDGE('',*,*,#2677,.T.);
#2677 = EDGE_CURVE('',#2678,#2680,#2682,.T.);
#2678 = VERTEX_POINT('',#2679);
#2679 = CARTESIAN_POINT('',(113.106012,-61.5,1.04));
#2680 = VERTEX_POINT('',#2681);
#2681 = CARTESIAN_POINT('',(113.106012,-61.5,1.115));
#2682 = LINE('',#2683,#2684);
#2683 = CARTESIAN_POINT('',(113.106012,-61.5,1.04));
#2684 = VECTOR('',#2685,1.);
#2685 = DIRECTION('',(0.,0.,1.));
#2686 = ORIENTED_EDGE('',*,*,#2687,.T.);
#2687 = EDGE_CURVE('',#2680,#2680,#2688,.T.);
#2688 = CIRCLE('',#2689,1.1);
#2689 = AXIS2_PLACEMENT_3D('',#2690,#2691,#2692);
#2690 = CARTESIAN_POINT('',(112.006012,-61.5,1.115));
#2691 = DIRECTION('',(0.,0.,1.));
#2692 = DIRECTION('',(1.,0.,-0.));
#2693 = ORIENTED_EDGE('',*,*,#2677,.F.);
#2694 = ORIENTED_EDGE('',*,*,#2695,.F.);
#2695 = EDGE_CURVE('',#2678,#2678,#2696,.T.);
#2696 = CIRCLE('',#2697,1.1);
#2697 = AXIS2_PLACEMENT_3D('',#2698,#2699,#2700);
#2698 = CARTESIAN_POINT('',(112.006012,-61.5,1.04));
#2699 = DIRECTION('',(0.,0.,1.));
#2700 = DIRECTION('',(1.,0.,-0.));
#2701 = CYLINDRICAL_SURFACE('',#2702,1.1);
#2702 = AXIS2_PLACEMENT_3D('',#2703,#2704,#2705);
#2703 = CARTESIAN_POINT('',(112.006012,-61.5,1.04));
#2704 = DIRECTION('',(-0.,-0.,-1.));
#2705 = DIRECTION('',(1.,0.,-0.));
#2706 = ADVANCED_FACE('',(#2707,#2710),#2721,.F.);
#2707 = FACE_BOUND('',#2708,.F.);
#2708 = EDGE_LOOP('',(#2709));
#2709 = ORIENTED_EDGE('',*,*,#2695,.T.);
#2710 = FACE_BOUND('',#2711,.F.);
#2711 = EDGE_LOOP('',(#2712));
#2712 = ORIENTED_EDGE('',*,*,#2713,.T.);
#2713 = EDGE_CURVE('',#2714,#2714,#2716,.T.);
#2714 = VERTEX_POINT('',#2715);
#2715 = CARTESIAN_POINT('',(112.006012,-62.175,1.04));
#2716 = CIRCLE('',#2717,0.675);
#2717 = AXIS2_PLACEMENT_3D('',#2718,#2719,#2720);
#2718 = CARTESIAN_POINT('',(112.006012,-61.5,1.04));
#2719 = DIRECTION('',(-0.,0.,-1.));
#2720 = DIRECTION('',(-0.,-1.,0.));
#2721 = PLANE('',#2722);
#2722 = AXIS2_PLACEMENT_3D('',#2723,#2724,#2725);
#2723 = CARTESIAN_POINT('',(0.,0.,1.04));
#2724 = DIRECTION('',(0.,0.,1.));
#2725 = DIRECTION('',(1.,0.,-0.));
#2726 = ADVANCED_FACE('',(#2727,#2730),#2741,.T.);
#2727 = FACE_BOUND('',#2728,.T.);
#2728 = EDGE_LOOP('',(#2729));
#2729 = ORIENTED_EDGE('',*,*,#2687,.T.);
#2730 = FACE_BOUND('',#2731,.T.);
#2731 = EDGE_LOOP('',(#2732));
#2732 = ORIENTED_EDGE('',*,*,#2733,.T.);
#2733 = EDGE_CURVE('',#2734,#2734,#2736,.T.);
#2734 = VERTEX_POINT('',#2735);
#2735 = CARTESIAN_POINT('',(112.006012,-62.175,1.115));
#2736 = CIRCLE('',#2737,0.675);
#2737 = AXIS2_PLACEMENT_3D('',#2738,#2739,#2740);
#2738 = CARTESIAN_POINT('',(112.006012,-61.5,1.115));
#2739 = DIRECTION('',(-0.,0.,-1.));
#2740 = DIRECTION('',(-0.,-1.,0.));
#2741 = PLANE('',#2742);
#2742 = AXIS2_PLACEMENT_3D('',#2743,#2744,#2745);
#2743 = CARTESIAN_POINT('',(0.,0.,1.115));
#2744 = DIRECTION('',(0.,0.,1.));
#2745 = DIRECTION('',(1.,0.,-0.));
#2746 = ADVANCED_FACE('',(#2747),#2758,.F.);
#2747 = FACE_BOUND('',#2748,.T.);
#2748 = EDGE_LOOP('',(#2749,#2750,#2756,#2757));
#2749 = ORIENTED_EDGE('',*,*,#2713,.T.);
#2750 = ORIENTED_EDGE('',*,*,#2751,.T.);
#2751 = EDGE_CURVE('',#2714,#2734,#2752,.T.);
#2752 = LINE('',#2753,#2754);
#2753 = CARTESIAN_POINT('',(112.006012,-62.175,-8.1E-02));
#2754 = VECTOR('',#2755,1.);
#2755 = DIRECTION('',(0.,0.,1.));
#2756 = ORIENTED_EDGE('',*,*,#2733,.F.);
#2757 = ORIENTED_EDGE('',*,*,#2751,.F.);
#2758 = CYLINDRICAL_SURFACE('',#2759,0.675);
#2759 = AXIS2_PLACEMENT_3D('',#2760,#2761,#2762);
#2760 = CARTESIAN_POINT('',(112.006012,-61.5,-8.1E-02));
#2761 = DIRECTION('',(-0.,-0.,-1.));
#2762 = DIRECTION('',(-0.,-1.,0.));
#2763 = MANIFOLD_SOLID_BREP('',#2764);
#2764 = CLOSED_SHELL('',(#2765,#2798,#2818,#2838));
#2765 = ADVANCED_FACE('',(#2766),#2793,.T.);
#2766 = FACE_BOUND('',#2767,.T.);
#2767 = EDGE_LOOP('',(#2768,#2778,#2785,#2786));
#2768 = ORIENTED_EDGE('',*,*,#2769,.T.);
#2769 = EDGE_CURVE('',#2770,#2772,#2774,.T.);
#2770 = VERTEX_POINT('',#2771);
#2771 = CARTESIAN_POINT('',(113.106012,-61.5,0.));
#2772 = VERTEX_POINT('',#2773);
#2773 = CARTESIAN_POINT('',(113.106012,-61.5,-7.5E-02));
#2774 = LINE('',#2775,#2776);
#2775 = CARTESIAN_POINT('',(113.106012,-61.5,0.));
#2776 = VECTOR('',#2777,1.);
#2777 = DIRECTION('',(0.,0.,-1.));
#2778 = ORIENTED_EDGE('',*,*,#2779,.T.);
#2779 = EDGE_CURVE('',#2772,#2772,#2780,.T.);
#2780 = CIRCLE('',#2781,1.1);
#2781 = AXIS2_PLACEMENT_3D('',#2782,#2783,#2784);
#2782 = CARTESIAN_POINT('',(112.006012,-61.5,-7.5E-02));
#2783 = DIRECTION('',(0.,0.,1.));
#2784 = DIRECTION('',(1.,0.,-0.));
#2785 = ORIENTED_EDGE('',*,*,#2769,.F.);
#2786 = ORIENTED_EDGE('',*,*,#2787,.F.);
#2787 = EDGE_CURVE('',#2770,#2770,#2788,.T.);
#2788 = CIRCLE('',#2789,1.1);
#2789 = AXIS2_PLACEMENT_3D('',#2790,#2791,#2792);
#2790 = CARTESIAN_POINT('',(112.006012,-61.5,0.));
#2791 = DIRECTION('',(0.,0.,1.));
#2792 = DIRECTION('',(1.,0.,-0.));
#2793 = CYLINDRICAL_SURFACE('',#2794,1.1);
#2794 = AXIS2_PLACEMENT_3D('',#2795,#2796,#2797);
#2795 = CARTESIAN_POINT('',(112.006012,-61.5,0.));
#2796 = DIRECTION('',(0.,0.,1.));
#2797 = DIRECTION('',(1.,0.,-0.));
#2798 = ADVANCED_FACE('',(#2799,#2802),#2813,.F.);
#2799 = FACE_BOUND('',#2800,.F.);
#2800 = EDGE_LOOP('',(#2801));
#2801 = ORIENTED_EDGE('',*,*,#2787,.F.);
#2802 = FACE_BOUND('',#2803,.F.);
#2803 = EDGE_LOOP('',(#2804));
#2804 = ORIENTED_EDGE('',*,*,#2805,.F.);
#2805 = EDGE_CURVE('',#2806,#2806,#2808,.T.);
#2806 = VERTEX_POINT('',#2807);
#2807 = CARTESIAN_POINT('',(112.006012,-62.175,0.));
#2808 = CIRCLE('',#2809,0.675);
#2809 = AXIS2_PLACEMENT_3D('',#2810,#2811,#2812);
#2810 = CARTESIAN_POINT('',(112.006012,-61.5,0.));
#2811 = DIRECTION('',(-0.,0.,-1.));
#2812 = DIRECTION('',(-0.,-1.,0.));
#2813 = PLANE('',#2814);
#2814 = AXIS2_PLACEMENT_3D('',#2815,#2816,#2817);
#2815 = CARTESIAN_POINT('',(0.,0.,0.));
#2816 = DIRECTION('',(-0.,-0.,-1.));
#2817 = DIRECTION('',(-1.,0.,0.));
#2818 = ADVANCED_FACE('',(#2819,#2822),#2833,.T.);
#2819 = FACE_BOUND('',#2820,.T.);
#2820 = EDGE_LOOP('',(#2821));
#2821 = ORIENTED_EDGE('',*,*,#2779,.F.);
#2822 = FACE_BOUND('',#2823,.T.);
#2823 = EDGE_LOOP('',(#2824));
#2824 = ORIENTED_EDGE('',*,*,#2825,.F.);
#2825 = EDGE_CURVE('',#2826,#2826,#2828,.T.);
#2826 = VERTEX_POINT('',#2827);
#2827 = CARTESIAN_POINT('',(112.006012,-62.175,-7.5E-02));
#2828 = CIRCLE('',#2829,0.675);
#2829 = AXIS2_PLACEMENT_3D('',#2830,#2831,#2832);
#2830 = CARTESIAN_POINT('',(112.006012,-61.5,-7.5E-02));
#2831 = DIRECTION('',(-0.,0.,-1.));
#2832 = DIRECTION('',(-0.,-1.,0.));
#2833 = PLANE('',#2834);
#2834 = AXIS2_PLACEMENT_3D('',#2835,#2836,#2837);
#2835 = CARTESIAN_POINT('',(0.,0.,-7.5E-02));
#2836 = DIRECTION('',(-0.,-0.,-1.));
#2837 = DIRECTION('',(-1.,0.,0.));
#2838 = ADVANCED_FACE('',(#2839),#2850,.F.);
#2839 = FACE_BOUND('',#2840,.T.);
#2840 = EDGE_LOOP('',(#2841,#2842,#2848,#2849));
#2841 = ORIENTED_EDGE('',*,*,#2825,.T.);
#2842 = ORIENTED_EDGE('',*,*,#2843,.T.);
#2843 = EDGE_CURVE('',#2826,#2806,#2844,.T.);
#2844 = LINE('',#2845,#2846);
#2845 = CARTESIAN_POINT('',(112.006012,-62.175,-8.1E-02));
#2846 = VECTOR('',#2847,1.);
#2847 = DIRECTION('',(0.,0.,1.));
#2848 = ORIENTED_EDGE('',*,*,#2805,.F.);
#2849 = ORIENTED_EDGE('',*,*,#2843,.F.);
#2850 = CYLINDRICAL_SURFACE('',#2851,0.675);
#2851 = AXIS2_PLACEMENT_3D('',#2852,#2853,#2854);
#2852 = CARTESIAN_POINT('',(112.006012,-61.5,-8.1E-02));
#2853 = DIRECTION('',(-0.,-0.,-1.));
#2854 = DIRECTION('',(-0.,-1.,0.));
#2855 = MANIFOLD_SOLID_BREP('',#2856);
#2856 = CLOSED_SHELL('',(#2857,#2890,#2910,#2930));
#2857 = ADVANCED_FACE('',(#2858),#2885,.T.);
#2858 = FACE_BOUND('',#2859,.F.);
#2859 = EDGE_LOOP('',(#2860,#2870,#2877,#2878));
#2860 = ORIENTED_EDGE('',*,*,#2861,.T.);
#2861 = EDGE_CURVE('',#2862,#2864,#2866,.T.);
#2862 = VERTEX_POINT('',#2863);
#2863 = CARTESIAN_POINT('',(112.006012,-62.2,-7.5E-02));
#2864 = VERTEX_POINT('',#2865);
#2865 = CARTESIAN_POINT('',(112.006012,-62.2,1.115));
#2866 = LINE('',#2867,#2868);
#2867 = CARTESIAN_POINT('',(112.006012,-62.2,-7.5E-02));
#2868 = VECTOR('',#2869,1.);
#2869 = DIRECTION('',(0.,0.,1.));
#2870 = ORIENTED_EDGE('',*,*,#2871,.T.);
#2871 = EDGE_CURVE('',#2864,#2864,#2872,.T.);
#2872 = CIRCLE('',#2873,0.7);
#2873 = AXIS2_PLACEMENT_3D('',#2874,#2875,#2876);
#2874 = CARTESIAN_POINT('',(112.006012,-61.5,1.115));
#2875 = DIRECTION('',(0.,0.,1.));
#2876 = DIRECTION('',(-0.,-1.,0.));
#2877 = ORIENTED_EDGE('',*,*,#2861,.F.);
#2878 = ORIENTED_EDGE('',*,*,#2879,.F.);
#2879 = EDGE_CURVE('',#2862,#2862,#2880,.T.);
#2880 = CIRCLE('',#2881,0.7);
#2881 = AXIS2_PLACEMENT_3D('',#2882,#2883,#2884);
#2882 = CARTESIAN_POINT('',(112.006012,-61.5,-7.5E-02));
#2883 = DIRECTION('',(0.,0.,1.));
#2884 = DIRECTION('',(-0.,-1.,0.));
#2885 = CYLINDRICAL_SURFACE('',#2886,0.7);
#2886 = AXIS2_PLACEMENT_3D('',#2887,#2888,#2889);
#2887 = CARTESIAN_POINT('',(112.006012,-61.5,-7.5E-02));
#2888 = DIRECTION('',(-0.,-0.,-1.));
#2889 = DIRECTION('',(-0.,-1.,0.));
#2890 = ADVANCED_FACE('',(#2891,#2894),#2905,.F.);
#2891 = FACE_BOUND('',#2892,.F.);
#2892 = EDGE_LOOP('',(#2893));
#2893 = ORIENTED_EDGE('',*,*,#2879,.T.);
#2894 = FACE_BOUND('',#2895,.F.);
#2895 = EDGE_LOOP('',(#2896));
#2896 = ORIENTED_EDGE('',*,*,#2897,.T.);
#2897 = EDGE_CURVE('',#2898,#2898,#2900,.T.);
#2898 = VERTEX_POINT('',#2899);
#2899 = CARTESIAN_POINT('',(112.006012,-62.175,-7.5E-02));
#2900 = CIRCLE('',#2901,0.675);
#2901 = AXIS2_PLACEMENT_3D('',#2902,#2903,#2904);
#2902 = CARTESIAN_POINT('',(112.006012,-61.5,-7.5E-02));
#2903 = DIRECTION('',(-0.,0.,-1.));
#2904 = DIRECTION('',(-0.,-1.,0.));
#2905 = PLANE('',#2906);
#2906 = AXIS2_PLACEMENT_3D('',#2907,#2908,#2909);
#2907 = CARTESIAN_POINT('',(112.006012,-62.2,-7.5E-02));
#2908 = DIRECTION('',(0.,0.,1.));
#2909 = DIRECTION('',(1.,0.,-0.));
#2910 = ADVANCED_FACE('',(#2911,#2914),#2925,.T.);
#2911 = FACE_BOUND('',#2912,.T.);
#2912 = EDGE_LOOP('',(#2913));
#2913 = ORIENTED_EDGE('',*,*,#2871,.T.);
#2914 = FACE_BOUND('',#2915,.T.);
#2915 = EDGE_LOOP('',(#2916));
#2916 = ORIENTED_EDGE('',*,*,#2917,.T.);
#2917 = EDGE_CURVE('',#2918,#2918,#2920,.T.);
#2918 = VERTEX_POINT('',#2919);
#2919 = CARTESIAN_POINT('',(112.006012,-62.175,1.115));
#2920 = CIRCLE('',#2921,0.675);
#2921 = AXIS2_PLACEMENT_3D('',#2922,#2923,#2924);
#2922 = CARTESIAN_POINT('',(112.006012,-61.5,1.115));
#2923 = DIRECTION('',(-0.,0.,-1.));
#2924 = DIRECTION('',(-0.,-1.,0.));
#2925 = PLANE('',#2926);
#2926 = AXIS2_PLACEMENT_3D('',#2927,#2928,#2929);
#2927 = CARTESIAN_POINT('',(112.006012,-62.2,1.115));
#2928 = DIRECTION('',(0.,0.,1.));
#2929 = DIRECTION('',(1.,0.,-0.));
#2930 = ADVANCED_FACE('',(#2931),#2942,.F.);
#2931 = FACE_BOUND('',#2932,.T.);
#2932 = EDGE_LOOP('',(#2933,#2934,#2940,#2941));
#2933 = ORIENTED_EDGE('',*,*,#2897,.T.);
#2934 = ORIENTED_EDGE('',*,*,#2935,.T.);
#2935 = EDGE_CURVE('',#2898,#2918,#2936,.T.);
#2936 = LINE('',#2937,#2938);
#2937 = CARTESIAN_POINT('',(112.006012,-62.175,-8.1E-02));
#2938 = VECTOR('',#2939,1.);
#2939 = DIRECTION('',(0.,0.,1.));
#2940 = ORIENTED_EDGE('',*,*,#2917,.F.);
#2941 = ORIENTED_EDGE('',*,*,#2935,.F.);
#2942 = CYLINDRICAL_SURFACE('',#2943,0.675);
#2943 = AXIS2_PLACEMENT_3D('',#2944,#2945,#2946);
#2944 = CARTESIAN_POINT('',(112.006012,-61.5,-8.1E-02));
#2945 = DIRECTION('',(-0.,-0.,-1.));
#2946 = DIRECTION('',(-0.,-1.,0.));
#2947 = MANIFOLD_SOLID_BREP('',#2948);
#2948 = CLOSED_SHELL('',(#2949,#2982,#3002,#3022));
#2949 = ADVANCED_FACE('',(#2950),#2977,.T.);
#2950 = FACE_BOUND('',#2951,.F.);
#2951 = EDGE_LOOP('',(#2952,#2962,#2969,#2970));
#2952 = ORIENTED_EDGE('',*,*,#2953,.T.);
#2953 = EDGE_CURVE('',#2954,#2956,#2958,.T.);
#2954 = VERTEX_POINT('',#2955);
#2955 = CARTESIAN_POINT('',(115.606012,-65.,1.04));
#2956 = VERTEX_POINT('',#2957);
#2957 = CARTESIAN_POINT('',(115.606012,-65.,1.115));
#2958 = LINE('',#2959,#2960);
#2959 = CARTESIAN_POINT('',(115.606012,-65.,1.04));
#2960 = VECTOR('',#2961,1.);
#2961 = DIRECTION('',(0.,0.,1.));
#2962 = ORIENTED_EDGE('',*,*,#2963,.T.);
#2963 = EDGE_CURVE('',#2956,#2956,#2964,.T.);
#2964 = CIRCLE('',#2965,1.1);
#2965 = AXIS2_PLACEMENT_3D('',#2966,#2967,#2968);
#2966 = CARTESIAN_POINT('',(114.506012,-65.,1.115));
#2967 = DIRECTION('',(0.,0.,1.));
#2968 = DIRECTION('',(1.,0.,-0.));
#2969 = ORIENTED_EDGE('',*,*,#2953,.F.);
#2970 = ORIENTED_EDGE('',*,*,#2971,.F.);
#2971 = EDGE_CURVE('',#2954,#2954,#2972,.T.);
#2972 = CIRCLE('',#2973,1.1);
#2973 = AXIS2_PLACEMENT_3D('',#2974,#2975,#2976);
#2974 = CARTESIAN_POINT('',(114.506012,-65.,1.04));
#2975 = DIRECTION('',(0.,0.,1.));
#2976 = DIRECTION('',(1.,0.,-0.));
#2977 = CYLINDRICAL_SURFACE('',#2978,1.1);
#2978 = AXIS2_PLACEMENT_3D('',#2979,#2980,#2981);
#2979 = CARTESIAN_POINT('',(114.506012,-65.,1.04));
#2980 = DIRECTION('',(-0.,-0.,-1.));
#2981 = DIRECTION('',(1.,0.,-0.));
#2982 = ADVANCED_FACE('',(#2983,#2986),#2997,.F.);
#2983 = FACE_BOUND('',#2984,.F.);
#2984 = EDGE_LOOP('',(#2985));
#2985 = ORIENTED_EDGE('',*,*,#2971,.T.);
#2986 = FACE_BOUND('',#2987,.F.);
#2987 = EDGE_LOOP('',(#2988));
#2988 = ORIENTED_EDGE('',*,*,#2989,.T.);
#2989 = EDGE_CURVE('',#2990,#2990,#2992,.T.);
#2990 = VERTEX_POINT('',#2991);
#2991 = CARTESIAN_POINT('',(114.506012,-65.675,1.04));
#2992 = CIRCLE('',#2993,0.675);
#2993 = AXIS2_PLACEMENT_3D('',#2994,#2995,#2996);
#2994 = CARTESIAN_POINT('',(114.506012,-65.,1.04));
#2995 = DIRECTION('',(-0.,0.,-1.));
#2996 = DIRECTION('',(-0.,-1.,0.));
#2997 = PLANE('',#2998);
#2998 = AXIS2_PLACEMENT_3D('',#2999,#3000,#3001);
#2999 = CARTESIAN_POINT('',(0.,0.,1.04));
#3000 = DIRECTION('',(0.,0.,1.));
#3001 = DIRECTION('',(1.,0.,-0.));
#3002 = ADVANCED_FACE('',(#3003,#3006),#3017,.T.);
#3003 = FACE_BOUND('',#3004,.T.);
#3004 = EDGE_LOOP('',(#3005));
#3005 = ORIENTED_EDGE('',*,*,#2963,.T.);
#3006 = FACE_BOUND('',#3007,.T.);
#3007 = EDGE_LOOP('',(#3008));
#3008 = ORIENTED_EDGE('',*,*,#3009,.T.);
#3009 = EDGE_CURVE('',#3010,#3010,#3012,.T.);
#3010 = VERTEX_POINT('',#3011);
#3011 = CARTESIAN_POINT('',(114.506012,-65.675,1.115));
#3012 = CIRCLE('',#3013,0.675);
#3013 = AXIS2_PLACEMENT_3D('',#3014,#3015,#3016);
#3014 = CARTESIAN_POINT('',(114.506012,-65.,1.115));
#3015 = DIRECTION('',(-0.,0.,-1.));
#3016 = DIRECTION('',(-0.,-1.,0.));
#3017 = PLANE('',#3018);
#3018 = AXIS2_PLACEMENT_3D('',#3019,#3020,#3021);
#3019 = CARTESIAN_POINT('',(0.,0.,1.115));
#3020 = DIRECTION('',(0.,0.,1.));
#3021 = DIRECTION('',(1.,0.,-0.));
#3022 = ADVANCED_FACE('',(#3023),#3034,.F.);
#3023 = FACE_BOUND('',#3024,.T.);
#3024 = EDGE_LOOP('',(#3025,#3026,#3032,#3033));
#3025 = ORIENTED_EDGE('',*,*,#2989,.T.);
#3026 = ORIENTED_EDGE('',*,*,#3027,.T.);
#3027 = EDGE_CURVE('',#2990,#3010,#3028,.T.);
#3028 = LINE('',#3029,#3030);
#3029 = CARTESIAN_POINT('',(114.506012,-65.675,-8.1E-02));
#3030 = VECTOR('',#3031,1.);
#3031 = DIRECTION('',(0.,0.,1.));
#3032 = ORIENTED_EDGE('',*,*,#3009,.F.);
#3033 = ORIENTED_EDGE('',*,*,#3027,.F.);
#3034 = CYLINDRICAL_SURFACE('',#3035,0.675);
#3035 = AXIS2_PLACEMENT_3D('',#3036,#3037,#3038);
#3036 = CARTESIAN_POINT('',(114.506012,-65.,-8.1E-02));
#3037 = DIRECTION('',(-0.,-0.,-1.));
#3038 = DIRECTION('',(-0.,-1.,0.));
#3039 = MANIFOLD_SOLID_BREP('',#3040);
#3040 = CLOSED_SHELL('',(#3041,#3074,#3094,#3114));
#3041 = ADVANCED_FACE('',(#3042),#3069,.T.);
#3042 = FACE_BOUND('',#3043,.T.);
#3043 = EDGE_LOOP('',(#3044,#3054,#3061,#3062));
#3044 = ORIENTED_EDGE('',*,*,#3045,.T.);
#3045 = EDGE_CURVE('',#3046,#3048,#3050,.T.);
#3046 = VERTEX_POINT('',#3047);
#3047 = CARTESIAN_POINT('',(115.606012,-65.,0.));
#3048 = VERTEX_POINT('',#3049);
#3049 = CARTESIAN_POINT('',(115.606012,-65.,-7.5E-02));
#3050 = LINE('',#3051,#3052);
#3051 = CARTESIAN_POINT('',(115.606012,-65.,0.));
#3052 = VECTOR('',#3053,1.);
#3053 = DIRECTION('',(0.,0.,-1.));
#3054 = ORIENTED_EDGE('',*,*,#3055,.T.);
#3055 = EDGE_CURVE('',#3048,#3048,#3056,.T.);
#3056 = CIRCLE('',#3057,1.1);
#3057 = AXIS2_PLACEMENT_3D('',#3058,#3059,#3060);
#3058 = CARTESIAN_POINT('',(114.506012,-65.,-7.5E-02));
#3059 = DIRECTION('',(0.,0.,1.));
#3060 = DIRECTION('',(1.,0.,-0.));
#3061 = ORIENTED_EDGE('',*,*,#3045,.F.);
#3062 = ORIENTED_EDGE('',*,*,#3063,.F.);
#3063 = EDGE_CURVE('',#3046,#3046,#3064,.T.);
#3064 = CIRCLE('',#3065,1.1);
#3065 = AXIS2_PLACEMENT_3D('',#3066,#3067,#3068);
#3066 = CARTESIAN_POINT('',(114.506012,-65.,0.));
#3067 = DIRECTION('',(0.,0.,1.));
#3068 = DIRECTION('',(1.,0.,-0.));
#3069 = CYLINDRICAL_SURFACE('',#3070,1.1);
#3070 = AXIS2_PLACEMENT_3D('',#3071,#3072,#3073);
#3071 = CARTESIAN_POINT('',(114.506012,-65.,0.));
#3072 = DIRECTION('',(0.,0.,1.));
#3073 = DIRECTION('',(1.,0.,-0.));
#3074 = ADVANCED_FACE('',(#3075,#3078),#3089,.F.);
#3075 = FACE_BOUND('',#3076,.F.);
#3076 = EDGE_LOOP('',(#3077));
#3077 = ORIENTED_EDGE('',*,*,#3063,.F.);
#3078 = FACE_BOUND('',#3079,.F.);
#3079 = EDGE_LOOP('',(#3080));
#3080 = ORIENTED_EDGE('',*,*,#3081,.F.);
#3081 = EDGE_CURVE('',#3082,#3082,#3084,.T.);
#3082 = VERTEX_POINT('',#3083);
#3083 = CARTESIAN_POINT('',(114.506012,-65.675,0.));
#3084 = CIRCLE('',#3085,0.675);
#3085 = AXIS2_PLACEMENT_3D('',#3086,#3087,#3088);
#3086 = CARTESIAN_POINT('',(114.506012,-65.,0.));
#3087 = DIRECTION('',(-0.,0.,-1.));
#3088 = DIRECTION('',(-0.,-1.,0.));
#3089 = PLANE('',#3090);
#3090 = AXIS2_PLACEMENT_3D('',#3091,#3092,#3093);
#3091 = CARTESIAN_POINT('',(0.,0.,0.));
#3092 = DIRECTION('',(-0.,-0.,-1.));
#3093 = DIRECTION('',(-1.,0.,0.));
#3094 = ADVANCED_FACE('',(#3095,#3098),#3109,.T.);
#3095 = FACE_BOUND('',#3096,.T.);
#3096 = EDGE_LOOP('',(#3097));
#3097 = ORIENTED_EDGE('',*,*,#3055,.F.);
#3098 = FACE_BOUND('',#3099,.T.);
#3099 = EDGE_LOOP('',(#3100));
#3100 = ORIENTED_EDGE('',*,*,#3101,.F.);
#3101 = EDGE_CURVE('',#3102,#3102,#3104,.T.);
#3102 = VERTEX_POINT('',#3103);
#3103 = CARTESIAN_POINT('',(114.506012,-65.675,-7.5E-02));
#3104 = CIRCLE('',#3105,0.675);
#3105 = AXIS2_PLACEMENT_3D('',#3106,#3107,#3108);
#3106 = CARTESIAN_POINT('',(114.506012,-65.,-7.5E-02));
#3107 = DIRECTION('',(-0.,0.,-1.));
#3108 = DIRECTION('',(-0.,-1.,0.));
#3109 = PLANE('',#3110);
#3110 = AXIS2_PLACEMENT_3D('',#3111,#3112,#3113);
#3111 = CARTESIAN_POINT('',(0.,0.,-7.5E-02));
#3112 = DIRECTION('',(-0.,-0.,-1.));
#3113 = DIRECTION('',(-1.,0.,0.));
#3114 = ADVANCED_FACE('',(#3115),#3126,.F.);
#3115 = FACE_BOUND('',#3116,.T.);
#3116 = EDGE_LOOP('',(#3117,#3118,#3124,#3125));
#3117 = ORIENTED_EDGE('',*,*,#3101,.T.);
#3118 = ORIENTED_EDGE('',*,*,#3119,.T.);
#3119 = EDGE_CURVE('',#3102,#3082,#3120,.T.);
#3120 = LINE('',#3121,#3122);
#3121 = CARTESIAN_POINT('',(114.506012,-65.675,-8.1E-02));
#3122 = VECTOR('',#3123,1.);
#3123 = DIRECTION('',(0.,0.,1.));
#3124 = ORIENTED_EDGE('',*,*,#3081,.F.);
#3125 = ORIENTED_EDGE('',*,*,#3119,.F.);
#3126 = CYLINDRICAL_SURFACE('',#3127,0.675);
#3127 = AXIS2_PLACEMENT_3D('',#3128,#3129,#3130);
#3128 = CARTESIAN_POINT('',(114.506012,-65.,-8.1E-02));
#3129 = DIRECTION('',(-0.,-0.,-1.));
#3130 = DIRECTION('',(-0.,-1.,0.));
#3131 = MANIFOLD_SOLID_BREP('',#3132);
#3132 = CLOSED_SHELL('',(#3133,#3166,#3186,#3206));
#3133 = ADVANCED_FACE('',(#3134),#3161,.T.);
#3134 = FACE_BOUND('',#3135,.F.);
#3135 = EDGE_LOOP('',(#3136,#3146,#3153,#3154));
#3136 = ORIENTED_EDGE('',*,*,#3137,.T.);
#3137 = EDGE_CURVE('',#3138,#3140,#3142,.T.);
#3138 = VERTEX_POINT('',#3139);
#3139 = CARTESIAN_POINT('',(114.506012,-65.7,-7.5E-02));
#3140 = VERTEX_POINT('',#3141);
#3141 = CARTESIAN_POINT('',(114.506012,-65.7,1.115));
#3142 = LINE('',#3143,#3144);
#3143 = CARTESIAN_POINT('',(114.506012,-65.7,-7.5E-02));
#3144 = VECTOR('',#3145,1.);
#3145 = DIRECTION('',(0.,0.,1.));
#3146 = ORIENTED_EDGE('',*,*,#3147,.T.);
#3147 = EDGE_CURVE('',#3140,#3140,#3148,.T.);
#3148 = CIRCLE('',#3149,0.7);
#3149 = AXIS2_PLACEMENT_3D('',#3150,#3151,#3152);
#3150 = CARTESIAN_POINT('',(114.506012,-65.,1.115));
#3151 = DIRECTION('',(0.,0.,1.));
#3152 = DIRECTION('',(-0.,-1.,0.));
#3153 = ORIENTED_EDGE('',*,*,#3137,.F.);
#3154 = ORIENTED_EDGE('',*,*,#3155,.F.);
#3155 = EDGE_CURVE('',#3138,#3138,#3156,.T.);
#3156 = CIRCLE('',#3157,0.7);
#3157 = AXIS2_PLACEMENT_3D('',#3158,#3159,#3160);
#3158 = CARTESIAN_POINT('',(114.506012,-65.,-7.5E-02));
#3159 = DIRECTION('',(0.,0.,1.));
#3160 = DIRECTION('',(-0.,-1.,0.));
#3161 = CYLINDRICAL_SURFACE('',#3162,0.7);
#3162 = AXIS2_PLACEMENT_3D('',#3163,#3164,#3165);
#3163 = CARTESIAN_POINT('',(114.506012,-65.,-7.5E-02));
#3164 = DIRECTION('',(-0.,-0.,-1.));
#3165 = DIRECTION('',(-0.,-1.,0.));
#3166 = ADVANCED_FACE('',(#3167,#3170),#3181,.F.);
#3167 = FACE_BOUND('',#3168,.F.);
#3168 = EDGE_LOOP('',(#3169));
#3169 = ORIENTED_EDGE('',*,*,#3155,.T.);
#3170 = FACE_BOUND('',#3171,.F.);
#3171 = EDGE_LOOP('',(#3172));
#3172 = ORIENTED_EDGE('',*,*,#3173,.T.);
#3173 = EDGE_CURVE('',#3174,#3174,#3176,.T.);
#3174 = VERTEX_POINT('',#3175);
#3175 = CARTESIAN_POINT('',(114.506012,-65.675,-7.5E-02));
#3176 = CIRCLE('',#3177,0.675);
#3177 = AXIS2_PLACEMENT_3D('',#3178,#3179,#3180);
#3178 = CARTESIAN_POINT('',(114.506012,-65.,-7.5E-02));
#3179 = DIRECTION('',(-0.,0.,-1.));
#3180 = DIRECTION('',(-0.,-1.,0.));
#3181 = PLANE('',#3182);
#3182 = AXIS2_PLACEMENT_3D('',#3183,#3184,#3185);
#3183 = CARTESIAN_POINT('',(114.506012,-65.7,-7.5E-02));
#3184 = DIRECTION('',(0.,0.,1.));
#3185 = DIRECTION('',(1.,0.,-0.));
#3186 = ADVANCED_FACE('',(#3187,#3190),#3201,.T.);
#3187 = FACE_BOUND('',#3188,.T.);
#3188 = EDGE_LOOP('',(#3189));
#3189 = ORIENTED_EDGE('',*,*,#3147,.T.);
#3190 = FACE_BOUND('',#3191,.T.);
#3191 = EDGE_LOOP('',(#3192));
#3192 = ORIENTED_EDGE('',*,*,#3193,.T.);
#3193 = EDGE_CURVE('',#3194,#3194,#3196,.T.);
#3194 = VERTEX_POINT('',#3195);
#3195 = CARTESIAN_POINT('',(114.506012,-65.675,1.115));
#3196 = CIRCLE('',#3197,0.675);
#3197 = AXIS2_PLACEMENT_3D('',#3198,#3199,#3200);
#3198 = CARTESIAN_POINT('',(114.506012,-65.,1.115));
#3199 = DIRECTION('',(-0.,0.,-1.));
#3200 = DIRECTION('',(-0.,-1.,0.));
#3201 = PLANE('',#3202);
#3202 = AXIS2_PLACEMENT_3D('',#3203,#3204,#3205);
#3203 = CARTESIAN_POINT('',(114.506012,-65.7,1.115));
#3204 = DIRECTION('',(0.,0.,1.));
#3205 = DIRECTION('',(1.,0.,-0.));
#3206 = ADVANCED_FACE('',(#3207),#3218,.F.);
#3207 = FACE_BOUND('',#3208,.T.);
#3208 = EDGE_LOOP('',(#3209,#3210,#3216,#3217));
#3209 = ORIENTED_EDGE('',*,*,#3173,.T.);
#3210 = ORIENTED_EDGE('',*,*,#3211,.T.);
#3211 = EDGE_CURVE('',#3174,#3194,#3212,.T.);
#3212 = LINE('',#3213,#3214);
#3213 = CARTESIAN_POINT('',(114.506012,-65.675,-8.1E-02));
#3214 = VECTOR('',#3215,1.);
#3215 = DIRECTION('',(0.,0.,1.));
#3216 = ORIENTED_EDGE('',*,*,#3193,.F.);
#3217 = ORIENTED_EDGE('',*,*,#3211,.F.);
#3218 = CYLINDRICAL_SURFACE('',#3219,0.675);
#3219 = AXIS2_PLACEMENT_3D('',#3220,#3221,#3222);
#3220 = CARTESIAN_POINT('',(114.506012,-65.,-8.1E-02));
#3221 = DIRECTION('',(-0.,-0.,-1.));
#3222 = DIRECTION('',(-0.,-1.,0.));
#3223 = MANIFOLD_SOLID_BREP('',#3224);
#3224 = CLOSED_SHELL('',(#3225,#3258,#3278,#3298));
#3225 = ADVANCED_FACE('',(#3226),#3253,.T.);
#3226 = FACE_BOUND('',#3227,.F.);
#3227 = EDGE_LOOP('',(#3228,#3238,#3245,#3246));
#3228 = ORIENTED_EDGE('',*,*,#3229,.T.);
#3229 = EDGE_CURVE('',#3230,#3232,#3234,.T.);
#3230 = VERTEX_POINT('',#3231);
#3231 = CARTESIAN_POINT('',(113.106012,-65.,1.04));
#3232 = VERTEX_POINT('',#3233);
#3233 = CARTESIAN_POINT('',(113.106012,-65.,1.115));
#3234 = LINE('',#3235,#3236);
#3235 = CARTESIAN_POINT('',(113.106012,-65.,1.04));
#3236 = VECTOR('',#3237,1.);
#3237 = DIRECTION('',(0.,0.,1.));
#3238 = ORIENTED_EDGE('',*,*,#3239,.T.);
#3239 = EDGE_CURVE('',#3232,#3232,#3240,.T.);
#3240 = CIRCLE('',#3241,1.1);
#3241 = AXIS2_PLACEMENT_3D('',#3242,#3243,#3244);
#3242 = CARTESIAN_POINT('',(112.006012,-65.,1.115));
#3243 = DIRECTION('',(0.,0.,1.));
#3244 = DIRECTION('',(1.,0.,-0.));
#3245 = ORIENTED_EDGE('',*,*,#3229,.F.);
#3246 = ORIENTED_EDGE('',*,*,#3247,.F.);
#3247 = EDGE_CURVE('',#3230,#3230,#3248,.T.);
#3248 = CIRCLE('',#3249,1.1);
#3249 = AXIS2_PLACEMENT_3D('',#3250,#3251,#3252);
#3250 = CARTESIAN_POINT('',(112.006012,-65.,1.04));
#3251 = DIRECTION('',(0.,0.,1.));
#3252 = DIRECTION('',(1.,0.,-0.));
#3253 = CYLINDRICAL_SURFACE('',#3254,1.1);
#3254 = AXIS2_PLACEMENT_3D('',#3255,#3256,#3257);
#3255 = CARTESIAN_POINT('',(112.006012,-65.,1.04));
#3256 = DIRECTION('',(-0.,-0.,-1.));
#3257 = DIRECTION('',(1.,0.,-0.));
#3258 = ADVANCED_FACE('',(#3259,#3262),#3273,.F.);
#3259 = FACE_BOUND('',#3260,.F.);
#3260 = EDGE_LOOP('',(#3261));
#3261 = ORIENTED_EDGE('',*,*,#3247,.T.);
#3262 = FACE_BOUND('',#3263,.F.);
#3263 = EDGE_LOOP('',(#3264));
#3264 = ORIENTED_EDGE('',*,*,#3265,.T.);
#3265 = EDGE_CURVE('',#3266,#3266,#3268,.T.);
#3266 = VERTEX_POINT('',#3267);
#3267 = CARTESIAN_POINT('',(112.006012,-65.675,1.04));
#3268 = CIRCLE('',#3269,0.675);
#3269 = AXIS2_PLACEMENT_3D('',#3270,#3271,#3272);
#3270 = CARTESIAN_POINT('',(112.006012,-65.,1.04));
#3271 = DIRECTION('',(-0.,0.,-1.));
#3272 = DIRECTION('',(-0.,-1.,0.));
#3273 = PLANE('',#3274);
#3274 = AXIS2_PLACEMENT_3D('',#3275,#3276,#3277);
#3275 = CARTESIAN_POINT('',(0.,0.,1.04));
#3276 = DIRECTION('',(0.,0.,1.));
#3277 = DIRECTION('',(1.,0.,-0.));
#3278 = ADVANCED_FACE('',(#3279,#3282),#3293,.T.);
#3279 = FACE_BOUND('',#3280,.T.);
#3280 = EDGE_LOOP('',(#3281));
#3281 = ORIENTED_EDGE('',*,*,#3239,.T.);
#3282 = FACE_BOUND('',#3283,.T.);
#3283 = EDGE_LOOP('',(#3284));
#3284 = ORIENTED_EDGE('',*,*,#3285,.T.);
#3285 = EDGE_CURVE('',#3286,#3286,#3288,.T.);
#3286 = VERTEX_POINT('',#3287);
#3287 = CARTESIAN_POINT('',(112.006012,-65.675,1.115));
#3288 = CIRCLE('',#3289,0.675);
#3289 = AXIS2_PLACEMENT_3D('',#3290,#3291,#3292);
#3290 = CARTESIAN_POINT('',(112.006012,-65.,1.115));
#3291 = DIRECTION('',(-0.,0.,-1.));
#3292 = DIRECTION('',(-0.,-1.,0.));
#3293 = PLANE('',#3294);
#3294 = AXIS2_PLACEMENT_3D('',#3295,#3296,#3297);
#3295 = CARTESIAN_POINT('',(0.,0.,1.115));
#3296 = DIRECTION('',(0.,0.,1.));
#3297 = DIRECTION('',(1.,0.,-0.));
#3298 = ADVANCED_FACE('',(#3299),#3310,.F.);
#3299 = FACE_BOUND('',#3300,.T.);
#3300 = EDGE_LOOP('',(#3301,#3302,#3308,#3309));
#3301 = ORIENTED_EDGE('',*,*,#3265,.T.);
#3302 = ORIENTED_EDGE('',*,*,#3303,.T.);
#3303 = EDGE_CURVE('',#3266,#3286,#3304,.T.);
#3304 = LINE('',#3305,#3306);
#3305 = CARTESIAN_POINT('',(112.006012,-65.675,-8.1E-02));
#3306 = VECTOR('',#3307,1.);
#3307 = DIRECTION('',(0.,0.,1.));
#3308 = ORIENTED_EDGE('',*,*,#3285,.F.);
#3309 = ORIENTED_EDGE('',*,*,#3303,.F.);
#3310 = CYLINDRICAL_SURFACE('',#3311,0.675);
#3311 = AXIS2_PLACEMENT_3D('',#3312,#3313,#3314);
#3312 = CARTESIAN_POINT('',(112.006012,-65.,-8.1E-02));
#3313 = DIRECTION('',(-0.,-0.,-1.));
#3314 = DIRECTION('',(-0.,-1.,0.));
#3315 = MANIFOLD_SOLID_BREP('',#3316);
#3316 = CLOSED_SHELL('',(#3317,#3350,#3370,#3390));
#3317 = ADVANCED_FACE('',(#3318),#3345,.T.);
#3318 = FACE_BOUND('',#3319,.T.);
#3319 = EDGE_LOOP('',(#3320,#3330,#3337,#3338));
#3320 = ORIENTED_EDGE('',*,*,#3321,.T.);
#3321 = EDGE_CURVE('',#3322,#3324,#3326,.T.);
#3322 = VERTEX_POINT('',#3323);
#3323 = CARTESIAN_POINT('',(113.106012,-65.,0.));
#3324 = VERTEX_POINT('',#3325);
#3325 = CARTESIAN_POINT('',(113.106012,-65.,-7.5E-02));
#3326 = LINE('',#3327,#3328);
#3327 = CARTESIAN_POINT('',(113.106012,-65.,0.));
#3328 = VECTOR('',#3329,1.);
#3329 = DIRECTION('',(0.,0.,-1.));
#3330 = ORIENTED_EDGE('',*,*,#3331,.T.);
#3331 = EDGE_CURVE('',#3324,#3324,#3332,.T.);
#3332 = CIRCLE('',#3333,1.1);
#3333 = AXIS2_PLACEMENT_3D('',#3334,#3335,#3336);
#3334 = CARTESIAN_POINT('',(112.006012,-65.,-7.5E-02));
#3335 = DIRECTION('',(0.,0.,1.));
#3336 = DIRECTION('',(1.,0.,-0.));
#3337 = ORIENTED_EDGE('',*,*,#3321,.F.);
#3338 = ORIENTED_EDGE('',*,*,#3339,.F.);
#3339 = EDGE_CURVE('',#3322,#3322,#3340,.T.);
#3340 = CIRCLE('',#3341,1.1);
#3341 = AXIS2_PLACEMENT_3D('',#3342,#3343,#3344);
#3342 = CARTESIAN_POINT('',(112.006012,-65.,0.));
#3343 = DIRECTION('',(0.,0.,1.));
#3344 = DIRECTION('',(1.,0.,-0.));
#3345 = CYLINDRICAL_SURFACE('',#3346,1.1);
#3346 = AXIS2_PLACEMENT_3D('',#3347,#3348,#3349);
#3347 = CARTESIAN_POINT('',(112.006012,-65.,0.));
#3348 = DIRECTION('',(0.,0.,1.));
#3349 = DIRECTION('',(1.,0.,-0.));
#3350 = ADVANCED_FACE('',(#3351,#3354),#3365,.F.);
#3351 = FACE_BOUND('',#3352,.F.);
#3352 = EDGE_LOOP('',(#3353));
#3353 = ORIENTED_EDGE('',*,*,#3339,.F.);
#3354 = FACE_BOUND('',#3355,.F.);
#3355 = EDGE_LOOP('',(#3356));
#3356 = ORIENTED_EDGE('',*,*,#3357,.F.);
#3357 = EDGE_CURVE('',#3358,#3358,#3360,.T.);
#3358 = VERTEX_POINT('',#3359);
#3359 = CARTESIAN_POINT('',(112.006012,-65.675,0.));
#3360 = CIRCLE('',#3361,0.675);
#3361 = AXIS2_PLACEMENT_3D('',#3362,#3363,#3364);
#3362 = CARTESIAN_POINT('',(112.006012,-65.,0.));
#3363 = DIRECTION('',(-0.,0.,-1.));
#3364 = DIRECTION('',(-0.,-1.,0.));
#3365 = PLANE('',#3366);
#3366 = AXIS2_PLACEMENT_3D('',#3367,#3368,#3369);
#3367 = CARTESIAN_POINT('',(0.,0.,0.));
#3368 = DIRECTION('',(-0.,-0.,-1.));
#3369 = DIRECTION('',(-1.,0.,0.));
#3370 = ADVANCED_FACE('',(#3371,#3374),#3385,.T.);
#3371 = FACE_BOUND('',#3372,.T.);
#3372 = EDGE_LOOP('',(#3373));
#3373 = ORIENTED_EDGE('',*,*,#3331,.F.);
#3374 = FACE_BOUND('',#3375,.T.);
#3375 = EDGE_LOOP('',(#3376));
#3376 = ORIENTED_EDGE('',*,*,#3377,.F.);
#3377 = EDGE_CURVE('',#3378,#3378,#3380,.T.);
#3378 = VERTEX_POINT('',#3379);
#3379 = CARTESIAN_POINT('',(112.006012,-65.675,-7.5E-02));
#3380 = CIRCLE('',#3381,0.675);
#3381 = AXIS2_PLACEMENT_3D('',#3382,#3383,#3384);
#3382 = CARTESIAN_POINT('',(112.006012,-65.,-7.5E-02));
#3383 = DIRECTION('',(-0.,0.,-1.));
#3384 = DIRECTION('',(-0.,-1.,0.));
#3385 = PLANE('',#3386);
#3386 = AXIS2_PLACEMENT_3D('',#3387,#3388,#3389);
#3387 = CARTESIAN_POINT('',(0.,0.,-7.5E-02));
#3388 = DIRECTION('',(-0.,-0.,-1.));
#3389 = DIRECTION('',(-1.,0.,0.));
#3390 = ADVANCED_FACE('',(#3391),#3402,.F.);
#3391 = FACE_BOUND('',#3392,.T.);
#3392 = EDGE_LOOP('',(#3393,#3394,#3400,#3401));
#3393 = ORIENTED_EDGE('',*,*,#3377,.T.);
#3394 = ORIENTED_EDGE('',*,*,#3395,.T.);
#3395 = EDGE_CURVE('',#3378,#3358,#3396,.T.);
#3396 = LINE('',#3397,#3398);
#3397 = CARTESIAN_POINT('',(112.006012,-65.675,-8.1E-02));
#3398 = VECTOR('',#3399,1.);
#3399 = DIRECTION('',(0.,0.,1.));
#3400 = ORIENTED_EDGE('',*,*,#3357,.F.);
#3401 = ORIENTED_EDGE('',*,*,#3395,.F.);
#3402 = CYLINDRICAL_SURFACE('',#3403,0.675);
#3403 = AXIS2_PLACEMENT_3D('',#3404,#3405,#3406);
#3404 = CARTESIAN_POINT('',(112.006012,-65.,-8.1E-02));
#3405 = DIRECTION('',(-0.,-0.,-1.));
#3406 = DIRECTION('',(-0.,-1.,0.));
#3407 = MANIFOLD_SOLID_BREP('',#3408);
#3408 = CLOSED_SHELL('',(#3409,#3442,#3462,#3482));
#3409 = ADVANCED_FACE('',(#3410),#3437,.T.);
#3410 = FACE_BOUND('',#3411,.F.);
#3411 = EDGE_LOOP('',(#3412,#3422,#3429,#3430));
#3412 = ORIENTED_EDGE('',*,*,#3413,.T.);
#3413 = EDGE_CURVE('',#3414,#3416,#3418,.T.);
#3414 = VERTEX_POINT('',#3415);
#3415 = CARTESIAN_POINT('',(112.006012,-65.7,-7.5E-02));
#3416 = VERTEX_POINT('',#3417);
#3417 = CARTESIAN_POINT('',(112.006012,-65.7,1.115));
#3418 = LINE('',#3419,#3420);
#3419 = CARTESIAN_POINT('',(112.006012,-65.7,-7.5E-02));
#3420 = VECTOR('',#3421,1.);
#3421 = DIRECTION('',(0.,0.,1.));
#3422 = ORIENTED_EDGE('',*,*,#3423,.T.);
#3423 = EDGE_CURVE('',#3416,#3416,#3424,.T.);
#3424 = CIRCLE('',#3425,0.7);
#3425 = AXIS2_PLACEMENT_3D('',#3426,#3427,#3428);
#3426 = CARTESIAN_POINT('',(112.006012,-65.,1.115));
#3427 = DIRECTION('',(0.,0.,1.));
#3428 = DIRECTION('',(-0.,-1.,0.));
#3429 = ORIENTED_EDGE('',*,*,#3413,.F.);
#3430 = ORIENTED_EDGE('',*,*,#3431,.F.);
#3431 = EDGE_CURVE('',#3414,#3414,#3432,.T.);
#3432 = CIRCLE('',#3433,0.7);
#3433 = AXIS2_PLACEMENT_3D('',#3434,#3435,#3436);
#3434 = CARTESIAN_POINT('',(112.006012,-65.,-7.5E-02));
#3435 = DIRECTION('',(0.,0.,1.));
#3436 = DIRECTION('',(-0.,-1.,0.));
#3437 = CYLINDRICAL_SURFACE('',#3438,0.7);
#3438 = AXIS2_PLACEMENT_3D('',#3439,#3440,#3441);
#3439 = CARTESIAN_POINT('',(112.006012,-65.,-7.5E-02));
#3440 = DIRECTION('',(-0.,-0.,-1.));
#3441 = DIRECTION('',(-0.,-1.,0.));
#3442 = ADVANCED_FACE('',(#3443,#3446),#3457,.F.);
#3443 = FACE_BOUND('',#3444,.F.);
#3444 = EDGE_LOOP('',(#3445));
#3445 = ORIENTED_EDGE('',*,*,#3431,.T.);
#3446 = FACE_BOUND('',#3447,.F.);
#3447 = EDGE_LOOP('',(#3448));
#3448 = ORIENTED_EDGE('',*,*,#3449,.T.);
#3449 = EDGE_CURVE('',#3450,#3450,#3452,.T.);
#3450 = VERTEX_POINT('',#3451);
#3451 = CARTESIAN_POINT('',(112.006012,-65.675,-7.5E-02));
#3452 = CIRCLE('',#3453,0.675);
#3453 = AXIS2_PLACEMENT_3D('',#3454,#3455,#3456);
#3454 = CARTESIAN_POINT('',(112.006012,-65.,-7.5E-02));
#3455 = DIRECTION('',(-0.,0.,-1.));
#3456 = DIRECTION('',(-0.,-1.,0.));
#3457 = PLANE('',#3458);
#3458 = AXIS2_PLACEMENT_3D('',#3459,#3460,#3461);
#3459 = CARTESIAN_POINT('',(112.006012,-65.7,-7.5E-02));
#3460 = DIRECTION('',(0.,0.,1.));
#3461 = DIRECTION('',(1.,0.,-0.));
#3462 = ADVANCED_FACE('',(#3463,#3466),#3477,.T.);
#3463 = FACE_BOUND('',#3464,.T.);
#3464 = EDGE_LOOP('',(#3465));
#3465 = ORIENTED_EDGE('',*,*,#3423,.T.);
#3466 = FACE_BOUND('',#3467,.T.);
#3467 = EDGE_LOOP('',(#3468));
#3468 = ORIENTED_EDGE('',*,*,#3469,.T.);
#3469 = EDGE_CURVE('',#3470,#3470,#3472,.T.);
#3470 = VERTEX_POINT('',#3471);
#3471 = CARTESIAN_POINT('',(112.006012,-65.675,1.115));
#3472 = CIRCLE('',#3473,0.675);
#3473 = AXIS2_PLACEMENT_3D('',#3474,#3475,#3476);
#3474 = CARTESIAN_POINT('',(112.006012,-65.,1.115));
#3475 = DIRECTION('',(-0.,0.,-1.));
#3476 = DIRECTION('',(-0.,-1.,0.));
#3477 = PLANE('',#3478);
#3478 = AXIS2_PLACEMENT_3D('',#3479,#3480,#3481);
#3479 = CARTESIAN_POINT('',(112.006012,-65.7,1.115));
#3480 = DIRECTION('',(0.,0.,1.));
#3481 = DIRECTION('',(1.,0.,-0.));
#3482 = ADVANCED_FACE('',(#3483),#3494,.F.);
#3483 = FACE_BOUND('',#3484,.T.);
#3484 = EDGE_LOOP('',(#3485,#3486,#3492,#3493));
#3485 = ORIENTED_EDGE('',*,*,#3449,.T.);
#3486 = ORIENTED_EDGE('',*,*,#3487,.T.);
#3487 = EDGE_CURVE('',#3450,#3470,#3488,.T.);
#3488 = LINE('',#3489,#3490);
#3489 = CARTESIAN_POINT('',(112.006012,-65.675,-8.1E-02));
#3490 = VECTOR('',#3491,1.);
#3491 = DIRECTION('',(0.,0.,1.));
#3492 = ORIENTED_EDGE('',*,*,#3469,.F.);
#3493 = ORIENTED_EDGE('',*,*,#3487,.F.);
#3494 = CYLINDRICAL_SURFACE('',#3495,0.675);
#3495 = AXIS2_PLACEMENT_3D('',#3496,#3497,#3498);
#3496 = CARTESIAN_POINT('',(112.006012,-65.,-8.1E-02));
#3497 = DIRECTION('',(-0.,-0.,-1.));
#3498 = DIRECTION('',(-0.,-1.,0.));
#3499 = MANIFOLD_SOLID_BREP('',#3500);
#3500 = CLOSED_SHELL('',(#3501,#3534,#3554,#3574));
#3501 = ADVANCED_FACE('',(#3502),#3529,.T.);
#3502 = FACE_BOUND('',#3503,.F.);
#3503 = EDGE_LOOP('',(#3504,#3514,#3521,#3522));
#3504 = ORIENTED_EDGE('',*,*,#3505,.T.);
#3505 = EDGE_CURVE('',#3506,#3508,#3510,.T.);
#3506 = VERTEX_POINT('',#3507);
#3507 = CARTESIAN_POINT('',(185.15,-61.5,1.04));
#3508 = VERTEX_POINT('',#3509);
#3509 = CARTESIAN_POINT('',(185.15,-61.5,1.115));
#3510 = LINE('',#3511,#3512);
#3511 = CARTESIAN_POINT('',(185.15,-61.5,1.04));
#3512 = VECTOR('',#3513,1.);
#3513 = DIRECTION('',(0.,0.,1.));
#3514 = ORIENTED_EDGE('',*,*,#3515,.T.);
#3515 = EDGE_CURVE('',#3508,#3508,#3516,.T.);
#3516 = CIRCLE('',#3517,1.1);
#3517 = AXIS2_PLACEMENT_3D('',#3518,#3519,#3520);
#3518 = CARTESIAN_POINT('',(184.05,-61.5,1.115));
#3519 = DIRECTION('',(0.,0.,1.));
#3520 = DIRECTION('',(1.,0.,-0.));
#3521 = ORIENTED_EDGE('',*,*,#3505,.F.);
#3522 = ORIENTED_EDGE('',*,*,#3523,.F.);
#3523 = EDGE_CURVE('',#3506,#3506,#3524,.T.);
#3524 = CIRCLE('',#3525,1.1);
#3525 = AXIS2_PLACEMENT_3D('',#3526,#3527,#3528);
#3526 = CARTESIAN_POINT('',(184.05,-61.5,1.04));
#3527 = DIRECTION('',(0.,0.,1.));
#3528 = DIRECTION('',(1.,0.,-0.));
#3529 = CYLINDRICAL_SURFACE('',#3530,1.1);
#3530 = AXIS2_PLACEMENT_3D('',#3531,#3532,#3533);
#3531 = CARTESIAN_POINT('',(184.05,-61.5,1.04));
#3532 = DIRECTION('',(-0.,-0.,-1.));
#3533 = DIRECTION('',(1.,0.,-0.));
#3534 = ADVANCED_FACE('',(#3535,#3538),#3549,.F.);
#3535 = FACE_BOUND('',#3536,.F.);
#3536 = EDGE_LOOP('',(#3537));
#3537 = ORIENTED_EDGE('',*,*,#3523,.T.);
#3538 = FACE_BOUND('',#3539,.F.);
#3539 = EDGE_LOOP('',(#3540));
#3540 = ORIENTED_EDGE('',*,*,#3541,.T.);
#3541 = EDGE_CURVE('',#3542,#3542,#3544,.T.);
#3542 = VERTEX_POINT('',#3543);
#3543 = CARTESIAN_POINT('',(184.05,-62.175,1.04));
#3544 = CIRCLE('',#3545,0.675);
#3545 = AXIS2_PLACEMENT_3D('',#3546,#3547,#3548);
#3546 = CARTESIAN_POINT('',(184.05,-61.5,1.04));
#3547 = DIRECTION('',(-0.,0.,-1.));
#3548 = DIRECTION('',(-0.,-1.,0.));
#3549 = PLANE('',#3550);
#3550 = AXIS2_PLACEMENT_3D('',#3551,#3552,#3553);
#3551 = CARTESIAN_POINT('',(0.,0.,1.04));
#3552 = DIRECTION('',(0.,0.,1.));
#3553 = DIRECTION('',(1.,0.,-0.));
#3554 = ADVANCED_FACE('',(#3555,#3558),#3569,.T.);
#3555 = FACE_BOUND('',#3556,.T.);
#3556 = EDGE_LOOP('',(#3557));
#3557 = ORIENTED_EDGE('',*,*,#3515,.T.);
#3558 = FACE_BOUND('',#3559,.T.);
#3559 = EDGE_LOOP('',(#3560));
#3560 = ORIENTED_EDGE('',*,*,#3561,.T.);
#3561 = EDGE_CURVE('',#3562,#3562,#3564,.T.);
#3562 = VERTEX_POINT('',#3563);
#3563 = CARTESIAN_POINT('',(184.05,-62.175,1.115));
#3564 = CIRCLE('',#3565,0.675);
#3565 = AXIS2_PLACEMENT_3D('',#3566,#3567,#3568);
#3566 = CARTESIAN_POINT('',(184.05,-61.5,1.115));
#3567 = DIRECTION('',(-0.,0.,-1.));
#3568 = DIRECTION('',(-0.,-1.,0.));
#3569 = PLANE('',#3570);
#3570 = AXIS2_PLACEMENT_3D('',#3571,#3572,#3573);
#3571 = CARTESIAN_POINT('',(0.,0.,1.115));
#3572 = DIRECTION('',(0.,0.,1.));
#3573 = DIRECTION('',(1.,0.,-0.));
#3574 = ADVANCED_FACE('',(#3575),#3586,.F.);
#3575 = FACE_BOUND('',#3576,.T.);
#3576 = EDGE_LOOP('',(#3577,#3578,#3584,#3585));
#3577 = ORIENTED_EDGE('',*,*,#3541,.T.);
#3578 = ORIENTED_EDGE('',*,*,#3579,.T.);
#3579 = EDGE_CURVE('',#3542,#3562,#3580,.T.);
#3580 = LINE('',#3581,#3582);
#3581 = CARTESIAN_POINT('',(184.05,-62.175,-8.1E-02));
#3582 = VECTOR('',#3583,1.);
#3583 = DIRECTION('',(0.,0.,1.));
#3584 = ORIENTED_EDGE('',*,*,#3561,.F.);
#3585 = ORIENTED_EDGE('',*,*,#3579,.F.);
#3586 = CYLINDRICAL_SURFACE('',#3587,0.675);
#3587 = AXIS2_PLACEMENT_3D('',#3588,#3589,#3590);
#3588 = CARTESIAN_POINT('',(184.05,-61.5,-8.1E-02));
#3589 = DIRECTION('',(-0.,-0.,-1.));
#3590 = DIRECTION('',(-0.,-1.,0.));
#3591 = MANIFOLD_SOLID_BREP('',#3592);
#3592 = CLOSED_SHELL('',(#3593,#3626,#3646,#3666));
#3593 = ADVANCED_FACE('',(#3594),#3621,.T.);
#3594 = FACE_BOUND('',#3595,.T.);
#3595 = EDGE_LOOP('',(#3596,#3606,#3613,#3614));
#3596 = ORIENTED_EDGE('',*,*,#3597,.T.);
#3597 = EDGE_CURVE('',#3598,#3600,#3602,.T.);
#3598 = VERTEX_POINT('',#3599);
#3599 = CARTESIAN_POINT('',(185.15,-61.5,0.));
#3600 = VERTEX_POINT('',#3601);
#3601 = CARTESIAN_POINT('',(185.15,-61.5,-7.5E-02));
#3602 = LINE('',#3603,#3604);
#3603 = CARTESIAN_POINT('',(185.15,-61.5,0.));
#3604 = VECTOR('',#3605,1.);
#3605 = DIRECTION('',(0.,0.,-1.));
#3606 = ORIENTED_EDGE('',*,*,#3607,.T.);
#3607 = EDGE_CURVE('',#3600,#3600,#3608,.T.);
#3608 = CIRCLE('',#3609,1.1);
#3609 = AXIS2_PLACEMENT_3D('',#3610,#3611,#3612);
#3610 = CARTESIAN_POINT('',(184.05,-61.5,-7.5E-02));
#3611 = DIRECTION('',(0.,0.,1.));
#3612 = DIRECTION('',(1.,0.,-0.));
#3613 = ORIENTED_EDGE('',*,*,#3597,.F.);
#3614 = ORIENTED_EDGE('',*,*,#3615,.F.);
#3615 = EDGE_CURVE('',#3598,#3598,#3616,.T.);
#3616 = CIRCLE('',#3617,1.1);
#3617 = AXIS2_PLACEMENT_3D('',#3618,#3619,#3620);
#3618 = CARTESIAN_POINT('',(184.05,-61.5,0.));
#3619 = DIRECTION('',(0.,0.,1.));
#3620 = DIRECTION('',(1.,0.,-0.));
#3621 = CYLINDRICAL_SURFACE('',#3622,1.1);
#3622 = AXIS2_PLACEMENT_3D('',#3623,#3624,#3625);
#3623 = CARTESIAN_POINT('',(184.05,-61.5,0.));
#3624 = DIRECTION('',(0.,0.,1.));
#3625 = DIRECTION('',(1.,0.,-0.));
#3626 = ADVANCED_FACE('',(#3627,#3630),#3641,.F.);
#3627 = FACE_BOUND('',#3628,.F.);
#3628 = EDGE_LOOP('',(#3629));
#3629 = ORIENTED_EDGE('',*,*,#3615,.F.);
#3630 = FACE_BOUND('',#3631,.F.);
#3631 = EDGE_LOOP('',(#3632));
#3632 = ORIENTED_EDGE('',*,*,#3633,.F.);
#3633 = EDGE_CURVE('',#3634,#3634,#3636,.T.);
#3634 = VERTEX_POINT('',#3635);
#3635 = CARTESIAN_POINT('',(184.05,-62.175,0.));
#3636 = CIRCLE('',#3637,0.675);
#3637 = AXIS2_PLACEMENT_3D('',#3638,#3639,#3640);
#3638 = CARTESIAN_POINT('',(184.05,-61.5,0.));
#3639 = DIRECTION('',(-0.,0.,-1.));
#3640 = DIRECTION('',(-0.,-1.,0.));
#3641 = PLANE('',#3642);
#3642 = AXIS2_PLACEMENT_3D('',#3643,#3644,#3645);
#3643 = CARTESIAN_POINT('',(0.,0.,0.));
#3644 = DIRECTION('',(-0.,-0.,-1.));
#3645 = DIRECTION('',(-1.,0.,0.));
#3646 = ADVANCED_FACE('',(#3647,#3650),#3661,.T.);
#3647 = FACE_BOUND('',#3648,.T.);
#3648 = EDGE_LOOP('',(#3649));
#3649 = ORIENTED_EDGE('',*,*,#3607,.F.);
#3650 = FACE_BOUND('',#3651,.T.);
#3651 = EDGE_LOOP('',(#3652));
#3652 = ORIENTED_EDGE('',*,*,#3653,.F.);
#3653 = EDGE_CURVE('',#3654,#3654,#3656,.T.);
#3654 = VERTEX_POINT('',#3655);
#3655 = CARTESIAN_POINT('',(184.05,-62.175,-7.5E-02));
#3656 = CIRCLE('',#3657,0.675);
#3657 = AXIS2_PLACEMENT_3D('',#3658,#3659,#3660);
#3658 = CARTESIAN_POINT('',(184.05,-61.5,-7.5E-02));
#3659 = DIRECTION('',(-0.,0.,-1.));
#3660 = DIRECTION('',(-0.,-1.,0.));
#3661 = PLANE('',#3662);
#3662 = AXIS2_PLACEMENT_3D('',#3663,#3664,#3665);
#3663 = CARTESIAN_POINT('',(0.,0.,-7.5E-02));
#3664 = DIRECTION('',(-0.,-0.,-1.));
#3665 = DIRECTION('',(-1.,0.,0.));
#3666 = ADVANCED_FACE('',(#3667),#3678,.F.);
#3667 = FACE_BOUND('',#3668,.T.);
#3668 = EDGE_LOOP('',(#3669,#3670,#3676,#3677));
#3669 = ORIENTED_EDGE('',*,*,#3653,.T.);
#3670 = ORIENTED_EDGE('',*,*,#3671,.T.);
#3671 = EDGE_CURVE('',#3654,#3634,#3672,.T.);
#3672 = LINE('',#3673,#3674);
#3673 = CARTESIAN_POINT('',(184.05,-62.175,-8.1E-02));
#3674 = VECTOR('',#3675,1.);
#3675 = DIRECTION('',(0.,0.,1.));
#3676 = ORIENTED_EDGE('',*,*,#3633,.F.);
#3677 = ORIENTED_EDGE('',*,*,#3671,.F.);
#3678 = CYLINDRICAL_SURFACE('',#3679,0.675);
#3679 = AXIS2_PLACEMENT_3D('',#3680,#3681,#3682);
#3680 = CARTESIAN_POINT('',(184.05,-61.5,-8.1E-02));
#3681 = DIRECTION('',(-0.,-0.,-1.));
#3682 = DIRECTION('',(-0.,-1.,0.));
#3683 = MANIFOLD_SOLID_BREP('',#3684);
#3684 = CLOSED_SHELL('',(#3685,#3718,#3738,#3758));
#3685 = ADVANCED_FACE('',(#3686),#3713,.T.);
#3686 = FACE_BOUND('',#3687,.F.);
#3687 = EDGE_LOOP('',(#3688,#3698,#3705,#3706));
#3688 = ORIENTED_EDGE('',*,*,#3689,.T.);
#3689 = EDGE_CURVE('',#3690,#3692,#3694,.T.);
#3690 = VERTEX_POINT('',#3691);
#3691 = CARTESIAN_POINT('',(184.05,-62.2,-7.5E-02));
#3692 = VERTEX_POINT('',#3693);
#3693 = CARTESIAN_POINT('',(184.05,-62.2,1.115));
#3694 = LINE('',#3695,#3696);
#3695 = CARTESIAN_POINT('',(184.05,-62.2,-7.5E-02));
#3696 = VECTOR('',#3697,1.);
#3697 = DIRECTION('',(0.,0.,1.));
#3698 = ORIENTED_EDGE('',*,*,#3699,.T.);
#3699 = EDGE_CURVE('',#3692,#3692,#3700,.T.);
#3700 = CIRCLE('',#3701,0.7);
#3701 = AXIS2_PLACEMENT_3D('',#3702,#3703,#3704);
#3702 = CARTESIAN_POINT('',(184.05,-61.5,1.115));
#3703 = DIRECTION('',(0.,0.,1.));
#3704 = DIRECTION('',(-0.,-1.,0.));
#3705 = ORIENTED_EDGE('',*,*,#3689,.F.);
#3706 = ORIENTED_EDGE('',*,*,#3707,.F.);
#3707 = EDGE_CURVE('',#3690,#3690,#3708,.T.);
#3708 = CIRCLE('',#3709,0.7);
#3709 = AXIS2_PLACEMENT_3D('',#3710,#3711,#3712);
#3710 = CARTESIAN_POINT('',(184.05,-61.5,-7.5E-02));
#3711 = DIRECTION('',(0.,0.,1.));
#3712 = DIRECTION('',(-0.,-1.,0.));
#3713 = CYLINDRICAL_SURFACE('',#3714,0.7);
#3714 = AXIS2_PLACEMENT_3D('',#3715,#3716,#3717);
#3715 = CARTESIAN_POINT('',(184.05,-61.5,-7.5E-02));
#3716 = DIRECTION('',(-0.,-0.,-1.));
#3717 = DIRECTION('',(-0.,-1.,0.));
#3718 = ADVANCED_FACE('',(#3719,#3722),#3733,.F.);
#3719 = FACE_BOUND('',#3720,.F.);
#3720 = EDGE_LOOP('',(#3721));
#3721 = ORIENTED_EDGE('',*,*,#3707,.T.);
#3722 = FACE_BOUND('',#3723,.F.);
#3723 = EDGE_LOOP('',(#3724));
#3724 = ORIENTED_EDGE('',*,*,#3725,.T.);
#3725 = EDGE_CURVE('',#3726,#3726,#3728,.T.);
#3726 = VERTEX_POINT('',#3727);
#3727 = CARTESIAN_POINT('',(184.05,-62.175,-7.5E-02));
#3728 = CIRCLE('',#3729,0.675);
#3729 = AXIS2_PLACEMENT_3D('',#3730,#3731,#3732);
#3730 = CARTESIAN_POINT('',(184.05,-61.5,-7.5E-02));
#3731 = DIRECTION('',(-0.,0.,-1.));
#3732 = DIRECTION('',(-0.,-1.,0.));
#3733 = PLANE('',#3734);
#3734 = AXIS2_PLACEMENT_3D('',#3735,#3736,#3737);
#3735 = CARTESIAN_POINT('',(184.05,-62.2,-7.5E-02));
#3736 = DIRECTION('',(0.,0.,1.));
#3737 = DIRECTION('',(1.,0.,-0.));
#3738 = ADVANCED_FACE('',(#3739,#3742),#3753,.T.);
#3739 = FACE_BOUND('',#3740,.T.);
#3740 = EDGE_LOOP('',(#3741));
#3741 = ORIENTED_EDGE('',*,*,#3699,.T.);
#3742 = FACE_BOUND('',#3743,.T.);
#3743 = EDGE_LOOP('',(#3744));
#3744 = ORIENTED_EDGE('',*,*,#3745,.T.);
#3745 = EDGE_CURVE('',#3746,#3746,#3748,.T.);
#3746 = VERTEX_POINT('',#3747);
#3747 = CARTESIAN_POINT('',(184.05,-62.175,1.115));
#3748 = CIRCLE('',#3749,0.675);
#3749 = AXIS2_PLACEMENT_3D('',#3750,#3751,#3752);
#3750 = CARTESIAN_POINT('',(184.05,-61.5,1.115));
#3751 = DIRECTION('',(-0.,0.,-1.));
#3752 = DIRECTION('',(-0.,-1.,0.));
#3753 = PLANE('',#3754);
#3754 = AXIS2_PLACEMENT_3D('',#3755,#3756,#3757);
#3755 = CARTESIAN_POINT('',(184.05,-62.2,1.115));
#3756 = DIRECTION('',(0.,0.,1.));
#3757 = DIRECTION('',(1.,0.,-0.));
#3758 = ADVANCED_FACE('',(#3759),#3770,.F.);
#3759 = FACE_BOUND('',#3760,.T.);
#3760 = EDGE_LOOP('',(#3761,#3762,#3768,#3769));
#3761 = ORIENTED_EDGE('',*,*,#3725,.T.);
#3762 = ORIENTED_EDGE('',*,*,#3763,.T.);
#3763 = EDGE_CURVE('',#3726,#3746,#3764,.T.);
#3764 = LINE('',#3765,#3766);
#3765 = CARTESIAN_POINT('',(184.05,-62.175,-8.1E-02));
#3766 = VECTOR('',#3767,1.);
#3767 = DIRECTION('',(0.,0.,1.));
#3768 = ORIENTED_EDGE('',*,*,#3745,.F.);
#3769 = ORIENTED_EDGE('',*,*,#3763,.F.);
#3770 = CYLINDRICAL_SURFACE('',#3771,0.675);
#3771 = AXIS2_PLACEMENT_3D('',#3772,#3773,#3774);
#3772 = CARTESIAN_POINT('',(184.05,-61.5,-8.1E-02));
#3773 = DIRECTION('',(-0.,-0.,-1.));
#3774 = DIRECTION('',(-0.,-1.,0.));
#3775 = MANIFOLD_SOLID_BREP('',#3776);
#3776 = CLOSED_SHELL('',(#3777,#3810,#3830,#3850));
#3777 = ADVANCED_FACE('',(#3778),#3805,.T.);
#3778 = FACE_BOUND('',#3779,.F.);
#3779 = EDGE_LOOP('',(#3780,#3790,#3797,#3798));
#3780 = ORIENTED_EDGE('',*,*,#3781,.T.);
#3781 = EDGE_CURVE('',#3782,#3784,#3786,.T.);
#3782 = VERTEX_POINT('',#3783);
#3783 = CARTESIAN_POINT('',(182.65,-61.5,1.04));
#3784 = VERTEX_POINT('',#3785);
#3785 = CARTESIAN_POINT('',(182.65,-61.5,1.115));
#3786 = LINE('',#3787,#3788);
#3787 = CARTESIAN_POINT('',(182.65,-61.5,1.04));
#3788 = VECTOR('',#3789,1.);
#3789 = DIRECTION('',(0.,0.,1.));
#3790 = ORIENTED_EDGE('',*,*,#3791,.T.);
#3791 = EDGE_CURVE('',#3784,#3784,#3792,.T.);
#3792 = CIRCLE('',#3793,1.1);
#3793 = AXIS2_PLACEMENT_3D('',#3794,#3795,#3796);
#3794 = CARTESIAN_POINT('',(181.55,-61.5,1.115));
#3795 = DIRECTION('',(0.,0.,1.));
#3796 = DIRECTION('',(1.,0.,-0.));
#3797 = ORIENTED_EDGE('',*,*,#3781,.F.);
#3798 = ORIENTED_EDGE('',*,*,#3799,.F.);
#3799 = EDGE_CURVE('',#3782,#3782,#3800,.T.);
#3800 = CIRCLE('',#3801,1.1);
#3801 = AXIS2_PLACEMENT_3D('',#3802,#3803,#3804);
#3802 = CARTESIAN_POINT('',(181.55,-61.5,1.04));
#3803 = DIRECTION('',(0.,0.,1.));
#3804 = DIRECTION('',(1.,0.,-0.));
#3805 = CYLINDRICAL_SURFACE('',#3806,1.1);
#3806 = AXIS2_PLACEMENT_3D('',#3807,#3808,#3809);
#3807 = CARTESIAN_POINT('',(181.55,-61.5,1.04));
#3808 = DIRECTION('',(-0.,-0.,-1.));
#3809 = DIRECTION('',(1.,0.,-0.));
#3810 = ADVANCED_FACE('',(#3811,#3814),#3825,.F.);
#3811 = FACE_BOUND('',#3812,.F.);
#3812 = EDGE_LOOP('',(#3813));
#3813 = ORIENTED_EDGE('',*,*,#3799,.T.);
#3814 = FACE_BOUND('',#3815,.F.);
#3815 = EDGE_LOOP('',(#3816));
#3816 = ORIENTED_EDGE('',*,*,#3817,.T.);
#3817 = EDGE_CURVE('',#3818,#3818,#3820,.T.);
#3818 = VERTEX_POINT('',#3819);
#3819 = CARTESIAN_POINT('',(181.55,-62.175,1.04));
#3820 = CIRCLE('',#3821,0.675);
#3821 = AXIS2_PLACEMENT_3D('',#3822,#3823,#3824);
#3822 = CARTESIAN_POINT('',(181.55,-61.5,1.04));
#3823 = DIRECTION('',(-0.,0.,-1.));
#3824 = DIRECTION('',(-0.,-1.,0.));
#3825 = PLANE('',#3826);
#3826 = AXIS2_PLACEMENT_3D('',#3827,#3828,#3829);
#3827 = CARTESIAN_POINT('',(0.,0.,1.04));
#3828 = DIRECTION('',(0.,0.,1.));
#3829 = DIRECTION('',(1.,0.,-0.));
#3830 = ADVANCED_FACE('',(#3831,#3834),#3845,.T.);
#3831 = FACE_BOUND('',#3832,.T.);
#3832 = EDGE_LOOP('',(#3833));
#3833 = ORIENTED_EDGE('',*,*,#3791,.T.);
#3834 = FACE_BOUND('',#3835,.T.);
#3835 = EDGE_LOOP('',(#3836));
#3836 = ORIENTED_EDGE('',*,*,#3837,.T.);
#3837 = EDGE_CURVE('',#3838,#3838,#3840,.T.);
#3838 = VERTEX_POINT('',#3839);
#3839 = CARTESIAN_POINT('',(181.55,-62.175,1.115));
#3840 = CIRCLE('',#3841,0.675);
#3841 = AXIS2_PLACEMENT_3D('',#3842,#3843,#3844);
#3842 = CARTESIAN_POINT('',(181.55,-61.5,1.115));
#3843 = DIRECTION('',(-0.,0.,-1.));
#3844 = DIRECTION('',(-0.,-1.,0.));
#3845 = PLANE('',#3846);
#3846 = AXIS2_PLACEMENT_3D('',#3847,#3848,#3849);
#3847 = CARTESIAN_POINT('',(0.,0.,1.115));
#3848 = DIRECTION('',(0.,0.,1.));
#3849 = DIRECTION('',(1.,0.,-0.));
#3850 = ADVANCED_FACE('',(#3851),#3862,.F.);
#3851 = FACE_BOUND('',#3852,.T.);
#3852 = EDGE_LOOP('',(#3853,#3854,#3860,#3861));
#3853 = ORIENTED_EDGE('',*,*,#3817,.T.);
#3854 = ORIENTED_EDGE('',*,*,#3855,.T.);
#3855 = EDGE_CURVE('',#3818,#3838,#3856,.T.);
#3856 = LINE('',#3857,#3858);
#3857 = CARTESIAN_POINT('',(181.55,-62.175,-8.1E-02));
#3858 = VECTOR('',#3859,1.);
#3859 = DIRECTION('',(0.,0.,1.));
#3860 = ORIENTED_EDGE('',*,*,#3837,.F.);
#3861 = ORIENTED_EDGE('',*,*,#3855,.F.);
#3862 = CYLINDRICAL_SURFACE('',#3863,0.675);
#3863 = AXIS2_PLACEMENT_3D('',#3864,#3865,#3866);
#3864 = CARTESIAN_POINT('',(181.55,-61.5,-8.1E-02));
#3865 = DIRECTION('',(-0.,-0.,-1.));
#3866 = DIRECTION('',(-0.,-1.,0.));
#3867 = MANIFOLD_SOLID_BREP('',#3868);
#3868 = CLOSED_SHELL('',(#3869,#3902,#3922,#3942));
#3869 = ADVANCED_FACE('',(#3870),#3897,.T.);
#3870 = FACE_BOUND('',#3871,.T.);
#3871 = EDGE_LOOP('',(#3872,#3882,#3889,#3890));
#3872 = ORIENTED_EDGE('',*,*,#3873,.T.);
#3873 = EDGE_CURVE('',#3874,#3876,#3878,.T.);
#3874 = VERTEX_POINT('',#3875);
#3875 = CARTESIAN_POINT('',(182.65,-61.5,0.));
#3876 = VERTEX_POINT('',#3877);
#3877 = CARTESIAN_POINT('',(182.65,-61.5,-7.5E-02));
#3878 = LINE('',#3879,#3880);
#3879 = CARTESIAN_POINT('',(182.65,-61.5,0.));
#3880 = VECTOR('',#3881,1.);
#3881 = DIRECTION('',(0.,0.,-1.));
#3882 = ORIENTED_EDGE('',*,*,#3883,.T.);
#3883 = EDGE_CURVE('',#3876,#3876,#3884,.T.);
#3884 = CIRCLE('',#3885,1.1);
#3885 = AXIS2_PLACEMENT_3D('',#3886,#3887,#3888);
#3886 = CARTESIAN_POINT('',(181.55,-61.5,-7.5E-02));
#3887 = DIRECTION('',(0.,0.,1.));
#3888 = DIRECTION('',(1.,0.,-0.));
#3889 = ORIENTED_EDGE('',*,*,#3873,.F.);
#3890 = ORIENTED_EDGE('',*,*,#3891,.F.);
#3891 = EDGE_CURVE('',#3874,#3874,#3892,.T.);
#3892 = CIRCLE('',#3893,1.1);
#3893 = AXIS2_PLACEMENT_3D('',#3894,#3895,#3896);
#3894 = CARTESIAN_POINT('',(181.55,-61.5,0.));
#3895 = DIRECTION('',(0.,0.,1.));
#3896 = DIRECTION('',(1.,0.,-0.));
#3897 = CYLINDRICAL_SURFACE('',#3898,1.1);
#3898 = AXIS2_PLACEMENT_3D('',#3899,#3900,#3901);
#3899 = CARTESIAN_POINT('',(181.55,-61.5,0.));
#3900 = DIRECTION('',(0.,0.,1.));
#3901 = DIRECTION('',(1.,0.,-0.));
#3902 = ADVANCED_FACE('',(#3903,#3906),#3917,.F.);
#3903 = FACE_BOUND('',#3904,.F.);
#3904 = EDGE_LOOP('',(#3905));
#3905 = ORIENTED_EDGE('',*,*,#3891,.F.);
#3906 = FACE_BOUND('',#3907,.F.);
#3907 = EDGE_LOOP('',(#3908));
#3908 = ORIENTED_EDGE('',*,*,#3909,.F.);
#3909 = EDGE_CURVE('',#3910,#3910,#3912,.T.);
#3910 = VERTEX_POINT('',#3911);
#3911 = CARTESIAN_POINT('',(181.55,-62.175,0.));
#3912 = CIRCLE('',#3913,0.675);
#3913 = AXIS2_PLACEMENT_3D('',#3914,#3915,#3916);
#3914 = CARTESIAN_POINT('',(181.55,-61.5,0.));
#3915 = DIRECTION('',(-0.,0.,-1.));
#3916 = DIRECTION('',(-0.,-1.,0.));
#3917 = PLANE('',#3918);
#3918 = AXIS2_PLACEMENT_3D('',#3919,#3920,#3921);
#3919 = CARTESIAN_POINT('',(0.,0.,0.));
#3920 = DIRECTION('',(-0.,-0.,-1.));
#3921 = DIRECTION('',(-1.,0.,0.));
#3922 = ADVANCED_FACE('',(#3923,#3926),#3937,.T.);
#3923 = FACE_BOUND('',#3924,.T.);
#3924 = EDGE_LOOP('',(#3925));
#3925 = ORIENTED_EDGE('',*,*,#3883,.F.);
#3926 = FACE_BOUND('',#3927,.T.);
#3927 = EDGE_LOOP('',(#3928));
#3928 = ORIENTED_EDGE('',*,*,#3929,.F.);
#3929 = EDGE_CURVE('',#3930,#3930,#3932,.T.);
#3930 = VERTEX_POINT('',#3931);
#3931 = CARTESIAN_POINT('',(181.55,-62.175,-7.5E-02));
#3932 = CIRCLE('',#3933,0.675);
#3933 = AXIS2_PLACEMENT_3D('',#3934,#3935,#3936);
#3934 = CARTESIAN_POINT('',(181.55,-61.5,-7.5E-02));
#3935 = DIRECTION('',(-0.,0.,-1.));
#3936 = DIRECTION('',(-0.,-1.,0.));
#3937 = PLANE('',#3938);
#3938 = AXIS2_PLACEMENT_3D('',#3939,#3940,#3941);
#3939 = CARTESIAN_POINT('',(0.,0.,-7.5E-02));
#3940 = DIRECTION('',(-0.,-0.,-1.));
#3941 = DIRECTION('',(-1.,0.,0.));
#3942 = ADVANCED_FACE('',(#3943),#3954,.F.);
#3943 = FACE_BOUND('',#3944,.T.);
#3944 = EDGE_LOOP('',(#3945,#3946,#3952,#3953));
#3945 = ORIENTED_EDGE('',*,*,#3929,.T.);
#3946 = ORIENTED_EDGE('',*,*,#3947,.T.);
#3947 = EDGE_CURVE('',#3930,#3910,#3948,.T.);
#3948 = LINE('',#3949,#3950);
#3949 = CARTESIAN_POINT('',(181.55,-62.175,-8.1E-02));
#3950 = VECTOR('',#3951,1.);
#3951 = DIRECTION('',(0.,0.,1.));
#3952 = ORIENTED_EDGE('',*,*,#3909,.F.);
#3953 = ORIENTED_EDGE('',*,*,#3947,.F.);
#3954 = CYLINDRICAL_SURFACE('',#3955,0.675);
#3955 = AXIS2_PLACEMENT_3D('',#3956,#3957,#3958);
#3956 = CARTESIAN_POINT('',(181.55,-61.5,-8.1E-02));
#3957 = DIRECTION('',(-0.,-0.,-1.));
#3958 = DIRECTION('',(-0.,-1.,0.));
#3959 = MANIFOLD_SOLID_BREP('',#3960);
#3960 = CLOSED_SHELL('',(#3961,#3994,#4014,#4034));
#3961 = ADVANCED_FACE('',(#3962),#3989,.T.);
#3962 = FACE_BOUND('',#3963,.F.);
#3963 = EDGE_LOOP('',(#3964,#3974,#3981,#3982));
#3964 = ORIENTED_EDGE('',*,*,#3965,.T.);
#3965 = EDGE_CURVE('',#3966,#3968,#3970,.T.);
#3966 = VERTEX_POINT('',#3967);
#3967 = CARTESIAN_POINT('',(181.55,-62.2,-7.5E-02));
#3968 = VERTEX_POINT('',#3969);
#3969 = CARTESIAN_POINT('',(181.55,-62.2,1.115));
#3970 = LINE('',#3971,#3972);
#3971 = CARTESIAN_POINT('',(181.55,-62.2,-7.5E-02));
#3972 = VECTOR('',#3973,1.);
#3973 = DIRECTION('',(0.,0.,1.));
#3974 = ORIENTED_EDGE('',*,*,#3975,.T.);
#3975 = EDGE_CURVE('',#3968,#3968,#3976,.T.);
#3976 = CIRCLE('',#3977,0.7);
#3977 = AXIS2_PLACEMENT_3D('',#3978,#3979,#3980);
#3978 = CARTESIAN_POINT('',(181.55,-61.5,1.115));
#3979 = DIRECTION('',(0.,0.,1.));
#3980 = DIRECTION('',(-0.,-1.,0.));
#3981 = ORIENTED_EDGE('',*,*,#3965,.F.);
#3982 = ORIENTED_EDGE('',*,*,#3983,.F.);
#3983 = EDGE_CURVE('',#3966,#3966,#3984,.T.);
#3984 = CIRCLE('',#3985,0.7);
#3985 = AXIS2_PLACEMENT_3D('',#3986,#3987,#3988);
#3986 = CARTESIAN_POINT('',(181.55,-61.5,-7.5E-02));
#3987 = DIRECTION('',(0.,0.,1.));
#3988 = DIRECTION('',(-0.,-1.,0.));
#3989 = CYLINDRICAL_SURFACE('',#3990,0.7);
#3990 = AXIS2_PLACEMENT_3D('',#3991,#3992,#3993);
#3991 = CARTESIAN_POINT('',(181.55,-61.5,-7.5E-02));
#3992 = DIRECTION('',(-0.,-0.,-1.));
#3993 = DIRECTION('',(-0.,-1.,0.));
#3994 = ADVANCED_FACE('',(#3995,#3998),#4009,.F.);
#3995 = FACE_BOUND('',#3996,.F.);
#3996 = EDGE_LOOP('',(#3997));
#3997 = ORIENTED_EDGE('',*,*,#3983,.T.);
#3998 = FACE_BOUND('',#3999,.F.);
#3999 = EDGE_LOOP('',(#4000));
#4000 = ORIENTED_EDGE('',*,*,#4001,.T.);
#4001 = EDGE_CURVE('',#4002,#4002,#4004,.T.);
#4002 = VERTEX_POINT('',#4003);
#4003 = CARTESIAN_POINT('',(181.55,-62.175,-7.5E-02));
#4004 = CIRCLE('',#4005,0.675);
#4005 = AXIS2_PLACEMENT_3D('',#4006,#4007,#4008);
#4006 = CARTESIAN_POINT('',(181.55,-61.5,-7.5E-02));
#4007 = DIRECTION('',(-0.,0.,-1.));
#4008 = DIRECTION('',(-0.,-1.,0.));
#4009 = PLANE('',#4010);
#4010 = AXIS2_PLACEMENT_3D('',#4011,#4012,#4013);
#4011 = CARTESIAN_POINT('',(181.55,-62.2,-7.5E-02));
#4012 = DIRECTION('',(0.,0.,1.));
#4013 = DIRECTION('',(1.,0.,-0.));
#4014 = ADVANCED_FACE('',(#4015,#4018),#4029,.T.);
#4015 = FACE_BOUND('',#4016,.T.);
#4016 = EDGE_LOOP('',(#4017));
#4017 = ORIENTED_EDGE('',*,*,#3975,.T.);
#4018 = FACE_BOUND('',#4019,.T.);
#4019 = EDGE_LOOP('',(#4020));
#4020 = ORIENTED_EDGE('',*,*,#4021,.T.);
#4021 = EDGE_CURVE('',#4022,#4022,#4024,.T.);
#4022 = VERTEX_POINT('',#4023);
#4023 = CARTESIAN_POINT('',(181.55,-62.175,1.115));
#4024 = CIRCLE('',#4025,0.675);
#4025 = AXIS2_PLACEMENT_3D('',#4026,#4027,#4028);
#4026 = CARTESIAN_POINT('',(181.55,-61.5,1.115));
#4027 = DIRECTION('',(-0.,0.,-1.));
#4028 = DIRECTION('',(-0.,-1.,0.));
#4029 = PLANE('',#4030);
#4030 = AXIS2_PLACEMENT_3D('',#4031,#4032,#4033);
#4031 = CARTESIAN_POINT('',(181.55,-62.2,1.115));
#4032 = DIRECTION('',(0.,0.,1.));
#4033 = DIRECTION('',(1.,0.,-0.));
#4034 = ADVANCED_FACE('',(#4035),#4046,.F.);
#4035 = FACE_BOUND('',#4036,.T.);
#4036 = EDGE_LOOP('',(#4037,#4038,#4044,#4045));
#4037 = ORIENTED_EDGE('',*,*,#4001,.T.);
#4038 = ORIENTED_EDGE('',*,*,#4039,.T.);
#4039 = EDGE_CURVE('',#4002,#4022,#4040,.T.);
#4040 = LINE('',#4041,#4042);
#4041 = CARTESIAN_POINT('',(181.55,-62.175,-8.1E-02));
#4042 = VECTOR('',#4043,1.);
#4043 = DIRECTION('',(0.,0.,1.));
#4044 = ORIENTED_EDGE('',*,*,#4021,.F.);
#4045 = ORIENTED_EDGE('',*,*,#4039,.F.);
#4046 = CYLINDRICAL_SURFACE('',#4047,0.675);
#4047 = AXIS2_PLACEMENT_3D('',#4048,#4049,#4050);
#4048 = CARTESIAN_POINT('',(181.55,-61.5,-8.1E-02));
#4049 = DIRECTION('',(-0.,-0.,-1.));
#4050 = DIRECTION('',(-0.,-1.,0.));
#4051 = MANIFOLD_SOLID_BREP('',#4052);
#4052 = CLOSED_SHELL('',(#4053,#4086,#4106,#4126));
#4053 = ADVANCED_FACE('',(#4054),#4081,.T.);
#4054 = FACE_BOUND('',#4055,.F.);
#4055 = EDGE_LOOP('',(#4056,#4066,#4073,#4074));
#4056 = ORIENTED_EDGE('',*,*,#4057,.T.);
#4057 = EDGE_CURVE('',#4058,#4060,#4062,.T.);
#4058 = VERTEX_POINT('',#4059);
#4059 = CARTESIAN_POINT('',(185.15,-65.,1.04));
#4060 = VERTEX_POINT('',#4061);
#4061 = CARTESIAN_POINT('',(185.15,-65.,1.115));
#4062 = LINE('',#4063,#4064);
#4063 = CARTESIAN_POINT('',(185.15,-65.,1.04));
#4064 = VECTOR('',#4065,1.);
#4065 = DIRECTION('',(0.,0.,1.));
#4066 = ORIENTED_EDGE('',*,*,#4067,.T.);
#4067 = EDGE_CURVE('',#4060,#4060,#4068,.T.);
#4068 = CIRCLE('',#4069,1.1);
#4069 = AXIS2_PLACEMENT_3D('',#4070,#4071,#4072);
#4070 = CARTESIAN_POINT('',(184.05,-65.,1.115));
#4071 = DIRECTION('',(0.,0.,1.));
#4072 = DIRECTION('',(1.,0.,-0.));
#4073 = ORIENTED_EDGE('',*,*,#4057,.F.);
#4074 = ORIENTED_EDGE('',*,*,#4075,.F.);
#4075 = EDGE_CURVE('',#4058,#4058,#4076,.T.);
#4076 = CIRCLE('',#4077,1.1);
#4077 = AXIS2_PLACEMENT_3D('',#4078,#4079,#4080);
#4078 = CARTESIAN_POINT('',(184.05,-65.,1.04));
#4079 = DIRECTION('',(0.,0.,1.));
#4080 = DIRECTION('',(1.,0.,-0.));
#4081 = CYLINDRICAL_SURFACE('',#4082,1.1);
#4082 = AXIS2_PLACEMENT_3D('',#4083,#4084,#4085);
#4083 = CARTESIAN_POINT('',(184.05,-65.,1.04));
#4084 = DIRECTION('',(-0.,-0.,-1.));
#4085 = DIRECTION('',(1.,0.,-0.));
#4086 = ADVANCED_FACE('',(#4087,#4090),#4101,.F.);
#4087 = FACE_BOUND('',#4088,.F.);
#4088 = EDGE_LOOP('',(#4089));
#4089 = ORIENTED_EDGE('',*,*,#4075,.T.);
#4090 = FACE_BOUND('',#4091,.F.);
#4091 = EDGE_LOOP('',(#4092));
#4092 = ORIENTED_EDGE('',*,*,#4093,.T.);
#4093 = EDGE_CURVE('',#4094,#4094,#4096,.T.);
#4094 = VERTEX_POINT('',#4095);
#4095 = CARTESIAN_POINT('',(184.05,-65.675,1.04));
#4096 = CIRCLE('',#4097,0.675);
#4097 = AXIS2_PLACEMENT_3D('',#4098,#4099,#4100);
#4098 = CARTESIAN_POINT('',(184.05,-65.,1.04));
#4099 = DIRECTION('',(-0.,0.,-1.));
#4100 = DIRECTION('',(-0.,-1.,0.));
#4101 = PLANE('',#4102);
#4102 = AXIS2_PLACEMENT_3D('',#4103,#4104,#4105);
#4103 = CARTESIAN_POINT('',(0.,0.,1.04));
#4104 = DIRECTION('',(0.,0.,1.));
#4105 = DIRECTION('',(1.,0.,-0.));
#4106 = ADVANCED_FACE('',(#4107,#4110),#4121,.T.);
#4107 = FACE_BOUND('',#4108,.T.);
#4108 = EDGE_LOOP('',(#4109));
#4109 = ORIENTED_EDGE('',*,*,#4067,.T.);
#4110 = FACE_BOUND('',#4111,.T.);
#4111 = EDGE_LOOP('',(#4112));
#4112 = ORIENTED_EDGE('',*,*,#4113,.T.);
#4113 = EDGE_CURVE('',#4114,#4114,#4116,.T.);
#4114 = VERTEX_POINT('',#4115);
#4115 = CARTESIAN_POINT('',(184.05,-65.675,1.115));
#4116 = CIRCLE('',#4117,0.675);
#4117 = AXIS2_PLACEMENT_3D('',#4118,#4119,#4120);
#4118 = CARTESIAN_POINT('',(184.05,-65.,1.115));
#4119 = DIRECTION('',(-0.,0.,-1.));
#4120 = DIRECTION('',(-0.,-1.,0.));
#4121 = PLANE('',#4122);
#4122 = AXIS2_PLACEMENT_3D('',#4123,#4124,#4125);
#4123 = CARTESIAN_POINT('',(0.,0.,1.115));
#4124 = DIRECTION('',(0.,0.,1.));
#4125 = DIRECTION('',(1.,0.,-0.));
#4126 = ADVANCED_FACE('',(#4127),#4138,.F.);
#4127 = FACE_BOUND('',#4128,.T.);
#4128 = EDGE_LOOP('',(#4129,#4130,#4136,#4137));
#4129 = ORIENTED_EDGE('',*,*,#4093,.T.);
#4130 = ORIENTED_EDGE('',*,*,#4131,.T.);
#4131 = EDGE_CURVE('',#4094,#4114,#4132,.T.);
#4132 = LINE('',#4133,#4134);
#4133 = CARTESIAN_POINT('',(184.05,-65.675,-8.1E-02));
#4134 = VECTOR('',#4135,1.);
#4135 = DIRECTION('',(0.,0.,1.));
#4136 = ORIENTED_EDGE('',*,*,#4113,.F.);
#4137 = ORIENTED_EDGE('',*,*,#4131,.F.);
#4138 = CYLINDRICAL_SURFACE('',#4139,0.675);
#4139 = AXIS2_PLACEMENT_3D('',#4140,#4141,#4142);
#4140 = CARTESIAN_POINT('',(184.05,-65.,-8.1E-02));
#4141 = DIRECTION('',(-0.,-0.,-1.));
#4142 = DIRECTION('',(-0.,-1.,0.));
#4143 = MANIFOLD_SOLID_BREP('',#4144);
#4144 = CLOSED_SHELL('',(#4145,#4178,#4198,#4218));
#4145 = ADVANCED_FACE('',(#4146),#4173,.T.);
#4146 = FACE_BOUND('',#4147,.T.);
#4147 = EDGE_LOOP('',(#4148,#4158,#4165,#4166));
#4148 = ORIENTED_EDGE('',*,*,#4149,.T.);
#4149 = EDGE_CURVE('',#4150,#4152,#4154,.T.);
#4150 = VERTEX_POINT('',#4151);
#4151 = CARTESIAN_POINT('',(185.15,-65.,0.));
#4152 = VERTEX_POINT('',#4153);
#4153 = CARTESIAN_POINT('',(185.15,-65.,-7.5E-02));
#4154 = LINE('',#4155,#4156);
#4155 = CARTESIAN_POINT('',(185.15,-65.,0.));
#4156 = VECTOR('',#4157,1.);
#4157 = DIRECTION('',(0.,0.,-1.));
#4158 = ORIENTED_EDGE('',*,*,#4159,.T.);
#4159 = EDGE_CURVE('',#4152,#4152,#4160,.T.);
#4160 = CIRCLE('',#4161,1.1);
#4161 = AXIS2_PLACEMENT_3D('',#4162,#4163,#4164);
#4162 = CARTESIAN_POINT('',(184.05,-65.,-7.5E-02));
#4163 = DIRECTION('',(0.,0.,1.));
#4164 = DIRECTION('',(1.,0.,-0.));
#4165 = ORIENTED_EDGE('',*,*,#4149,.F.);
#4166 = ORIENTED_EDGE('',*,*,#4167,.F.);
#4167 = EDGE_CURVE('',#4150,#4150,#4168,.T.);
#4168 = CIRCLE('',#4169,1.1);
#4169 = AXIS2_PLACEMENT_3D('',#4170,#4171,#4172);
#4170 = CARTESIAN_POINT('',(184.05,-65.,0.));
#4171 = DIRECTION('',(0.,0.,1.));
#4172 = DIRECTION('',(1.,0.,-0.));
#4173 = CYLINDRICAL_SURFACE('',#4174,1.1);
#4174 = AXIS2_PLACEMENT_3D('',#4175,#4176,#4177);
#4175 = CARTESIAN_POINT('',(184.05,-65.,0.));
#4176 = DIRECTION('',(0.,0.,1.));
#4177 = DIRECTION('',(1.,0.,-0.));
#4178 = ADVANCED_FACE('',(#4179,#4182),#4193,.F.);
#4179 = FACE_BOUND('',#4180,.F.);
#4180 = EDGE_LOOP('',(#4181));
#4181 = ORIENTED_EDGE('',*,*,#4167,.F.);
#4182 = FACE_BOUND('',#4183,.F.);
#4183 = EDGE_LOOP('',(#4184));
#4184 = ORIENTED_EDGE('',*,*,#4185,.F.);
#4185 = EDGE_CURVE('',#4186,#4186,#4188,.T.);
#4186 = VERTEX_POINT('',#4187);
#4187 = CARTESIAN_POINT('',(184.05,-65.675,0.));
#4188 = CIRCLE('',#4189,0.675);
#4189 = AXIS2_PLACEMENT_3D('',#4190,#4191,#4192);
#4190 = CARTESIAN_POINT('',(184.05,-65.,0.));
#4191 = DIRECTION('',(-0.,0.,-1.));
#4192 = DIRECTION('',(-0.,-1.,0.));
#4193 = PLANE('',#4194);
#4194 = AXIS2_PLACEMENT_3D('',#4195,#4196,#4197);
#4195 = CARTESIAN_POINT('',(0.,0.,0.));
#4196 = DIRECTION('',(-0.,-0.,-1.));
#4197 = DIRECTION('',(-1.,0.,0.));
#4198 = ADVANCED_FACE('',(#4199,#4202),#4213,.T.);
#4199 = FACE_BOUND('',#4200,.T.);
#4200 = EDGE_LOOP('',(#4201));
#4201 = ORIENTED_EDGE('',*,*,#4159,.F.);
#4202 = FACE_BOUND('',#4203,.T.);
#4203 = EDGE_LOOP('',(#4204));
#4204 = ORIENTED_EDGE('',*,*,#4205,.F.);
#4205 = EDGE_CURVE('',#4206,#4206,#4208,.T.);
#4206 = VERTEX_POINT('',#4207);
#4207 = CARTESIAN_POINT('',(184.05,-65.675,-7.5E-02));
#4208 = CIRCLE('',#4209,0.675);
#4209 = AXIS2_PLACEMENT_3D('',#4210,#4211,#4212);
#4210 = CARTESIAN_POINT('',(184.05,-65.,-7.5E-02));
#4211 = DIRECTION('',(-0.,0.,-1.));
#4212 = DIRECTION('',(-0.,-1.,0.));
#4213 = PLANE('',#4214);
#4214 = AXIS2_PLACEMENT_3D('',#4215,#4216,#4217);
#4215 = CARTESIAN_POINT('',(0.,0.,-7.5E-02));
#4216 = DIRECTION('',(-0.,-0.,-1.));
#4217 = DIRECTION('',(-1.,0.,0.));
#4218 = ADVANCED_FACE('',(#4219),#4230,.F.);
#4219 = FACE_BOUND('',#4220,.T.);
#4220 = EDGE_LOOP('',(#4221,#4222,#4228,#4229));
#4221 = ORIENTED_EDGE('',*,*,#4205,.T.);
#4222 = ORIENTED_EDGE('',*,*,#4223,.T.);
#4223 = EDGE_CURVE('',#4206,#4186,#4224,.T.);
#4224 = LINE('',#4225,#4226);
#4225 = CARTESIAN_POINT('',(184.05,-65.675,-8.1E-02));
#4226 = VECTOR('',#4227,1.);
#4227 = DIRECTION('',(0.,0.,1.));
#4228 = ORIENTED_EDGE('',*,*,#4185,.F.);
#4229 = ORIENTED_EDGE('',*,*,#4223,.F.);
#4230 = CYLINDRICAL_SURFACE('',#4231,0.675);
#4231 = AXIS2_PLACEMENT_3D('',#4232,#4233,#4234);
#4232 = CARTESIAN_POINT('',(184.05,-65.,-8.1E-02));
#4233 = DIRECTION('',(-0.,-0.,-1.));
#4234 = DIRECTION('',(-0.,-1.,0.));
#4235 = MANIFOLD_SOLID_BREP('',#4236);
#4236 = CLOSED_SHELL('',(#4237,#4270,#4290,#4310));
#4237 = ADVANCED_FACE('',(#4238),#4265,.T.);
#4238 = FACE_BOUND('',#4239,.F.);
#4239 = EDGE_LOOP('',(#4240,#4250,#4257,#4258));
#4240 = ORIENTED_EDGE('',*,*,#4241,.T.);
#4241 = EDGE_CURVE('',#4242,#4244,#4246,.T.);
#4242 = VERTEX_POINT('',#4243);
#4243 = CARTESIAN_POINT('',(184.05,-65.7,-7.5E-02));
#4244 = VERTEX_POINT('',#4245);
#4245 = CARTESIAN_POINT('',(184.05,-65.7,1.115));
#4246 = LINE('',#4247,#4248);
#4247 = CARTESIAN_POINT('',(184.05,-65.7,-7.5E-02));
#4248 = VECTOR('',#4249,1.);
#4249 = DIRECTION('',(0.,0.,1.));
#4250 = ORIENTED_EDGE('',*,*,#4251,.T.);
#4251 = EDGE_CURVE('',#4244,#4244,#4252,.T.);
#4252 = CIRCLE('',#4253,0.7);
#4253 = AXIS2_PLACEMENT_3D('',#4254,#4255,#4256);
#4254 = CARTESIAN_POINT('',(184.05,-65.,1.115));
#4255 = DIRECTION('',(0.,0.,1.));
#4256 = DIRECTION('',(-0.,-1.,0.));
#4257 = ORIENTED_EDGE('',*,*,#4241,.F.);
#4258 = ORIENTED_EDGE('',*,*,#4259,.F.);
#4259 = EDGE_CURVE('',#4242,#4242,#4260,.T.);
#4260 = CIRCLE('',#4261,0.7);
#4261 = AXIS2_PLACEMENT_3D('',#4262,#4263,#4264);
#4262 = CARTESIAN_POINT('',(184.05,-65.,-7.5E-02));
#4263 = DIRECTION('',(0.,0.,1.));
#4264 = DIRECTION('',(-0.,-1.,0.));
#4265 = CYLINDRICAL_SURFACE('',#4266,0.7);
#4266 = AXIS2_PLACEMENT_3D('',#4267,#4268,#4269);
#4267 = CARTESIAN_POINT('',(184.05,-65.,-7.5E-02));
#4268 = DIRECTION('',(-0.,-0.,-1.));
#4269 = DIRECTION('',(-0.,-1.,0.));
#4270 = ADVANCED_FACE('',(#4271,#4274),#4285,.F.);
#4271 = FACE_BOUND('',#4272,.F.);
#4272 = EDGE_LOOP('',(#4273));
#4273 = ORIENTED_EDGE('',*,*,#4259,.T.);
#4274 = FACE_BOUND('',#4275,.F.);
#4275 = EDGE_LOOP('',(#4276));
#4276 = ORIENTED_EDGE('',*,*,#4277,.T.);
#4277 = EDGE_CURVE('',#4278,#4278,#4280,.T.);
#4278 = VERTEX_POINT('',#4279);
#4279 = CARTESIAN_POINT('',(184.05,-65.675,-7.5E-02));
#4280 = CIRCLE('',#4281,0.675);
#4281 = AXIS2_PLACEMENT_3D('',#4282,#4283,#4284);
#4282 = CARTESIAN_POINT('',(184.05,-65.,-7.5E-02));
#4283 = DIRECTION('',(-0.,0.,-1.));
#4284 = DIRECTION('',(-0.,-1.,0.));
#4285 = PLANE('',#4286);
#4286 = AXIS2_PLACEMENT_3D('',#4287,#4288,#4289);
#4287 = CARTESIAN_POINT('',(184.05,-65.7,-7.5E-02));
#4288 = DIRECTION('',(0.,0.,1.));
#4289 = DIRECTION('',(1.,0.,-0.));
#4290 = ADVANCED_FACE('',(#4291,#4294),#4305,.T.);
#4291 = FACE_BOUND('',#4292,.T.);
#4292 = EDGE_LOOP('',(#4293));
#4293 = ORIENTED_EDGE('',*,*,#4251,.T.);
#4294 = FACE_BOUND('',#4295,.T.);
#4295 = EDGE_LOOP('',(#4296));
#4296 = ORIENTED_EDGE('',*,*,#4297,.T.);
#4297 = EDGE_CURVE('',#4298,#4298,#4300,.T.);
#4298 = VERTEX_POINT('',#4299);
#4299 = CARTESIAN_POINT('',(184.05,-65.675,1.115));
#4300 = CIRCLE('',#4301,0.675);
#4301 = AXIS2_PLACEMENT_3D('',#4302,#4303,#4304);
#4302 = CARTESIAN_POINT('',(184.05,-65.,1.115));
#4303 = DIRECTION('',(-0.,0.,-1.));
#4304 = DIRECTION('',(-0.,-1.,0.));
#4305 = PLANE('',#4306);
#4306 = AXIS2_PLACEMENT_3D('',#4307,#4308,#4309);
#4307 = CARTESIAN_POINT('',(184.05,-65.7,1.115));
#4308 = DIRECTION('',(0.,0.,1.));
#4309 = DIRECTION('',(1.,0.,-0.));
#4310 = ADVANCED_FACE('',(#4311),#4322,.F.);
#4311 = FACE_BOUND('',#4312,.T.);
#4312 = EDGE_LOOP('',(#4313,#4314,#4320,#4321));
#4313 = ORIENTED_EDGE('',*,*,#4277,.T.);
#4314 = ORIENTED_EDGE('',*,*,#4315,.T.);
#4315 = EDGE_CURVE('',#4278,#4298,#4316,.T.);
#4316 = LINE('',#4317,#4318);
#4317 = CARTESIAN_POINT('',(184.05,-65.675,-8.1E-02));
#4318 = VECTOR('',#4319,1.);
#4319 = DIRECTION('',(0.,0.,1.));
#4320 = ORIENTED_EDGE('',*,*,#4297,.F.);
#4321 = ORIENTED_EDGE('',*,*,#4315,.F.);
#4322 = CYLINDRICAL_SURFACE('',#4323,0.675);
#4323 = AXIS2_PLACEMENT_3D('',#4324,#4325,#4326);
#4324 = CARTESIAN_POINT('',(184.05,-65.,-8.1E-02));
#4325 = DIRECTION('',(-0.,-0.,-1.));
#4326 = DIRECTION('',(-0.,-1.,0.));
#4327 = MANIFOLD_SOLID_BREP('',#4328);
#4328 = CLOSED_SHELL('',(#4329,#4362,#4382,#4402));
#4329 = ADVANCED_FACE('',(#4330),#4357,.T.);
#4330 = FACE_BOUND('',#4331,.F.);
#4331 = EDGE_LOOP('',(#4332,#4342,#4349,#4350));
#4332 = ORIENTED_EDGE('',*,*,#4333,.T.);
#4333 = EDGE_CURVE('',#4334,#4336,#4338,.T.);
#4334 = VERTEX_POINT('',#4335);
#4335 = CARTESIAN_POINT('',(182.65,-65.,1.04));
#4336 = VERTEX_POINT('',#4337);
#4337 = CARTESIAN_POINT('',(182.65,-65.,1.115));
#4338 = LINE('',#4339,#4340);
#4339 = CARTESIAN_POINT('',(182.65,-65.,1.04));
#4340 = VECTOR('',#4341,1.);
#4341 = DIRECTION('',(0.,0.,1.));
#4342 = ORIENTED_EDGE('',*,*,#4343,.T.);
#4343 = EDGE_CURVE('',#4336,#4336,#4344,.T.);
#4344 = CIRCLE('',#4345,1.1);
#4345 = AXIS2_PLACEMENT_3D('',#4346,#4347,#4348);
#4346 = CARTESIAN_POINT('',(181.55,-65.,1.115));
#4347 = DIRECTION('',(0.,0.,1.));
#4348 = DIRECTION('',(1.,0.,-0.));
#4349 = ORIENTED_EDGE('',*,*,#4333,.F.);
#4350 = ORIENTED_EDGE('',*,*,#4351,.F.);
#4351 = EDGE_CURVE('',#4334,#4334,#4352,.T.);
#4352 = CIRCLE('',#4353,1.1);
#4353 = AXIS2_PLACEMENT_3D('',#4354,#4355,#4356);
#4354 = CARTESIAN_POINT('',(181.55,-65.,1.04));
#4355 = DIRECTION('',(0.,0.,1.));
#4356 = DIRECTION('',(1.,0.,-0.));
#4357 = CYLINDRICAL_SURFACE('',#4358,1.1);
#4358 = AXIS2_PLACEMENT_3D('',#4359,#4360,#4361);
#4359 = CARTESIAN_POINT('',(181.55,-65.,1.04));
#4360 = DIRECTION('',(-0.,-0.,-1.));
#4361 = DIRECTION('',(1.,0.,-0.));
#4362 = ADVANCED_FACE('',(#4363,#4366),#4377,.F.);
#4363 = FACE_BOUND('',#4364,.F.);
#4364 = EDGE_LOOP('',(#4365));
#4365 = ORIENTED_EDGE('',*,*,#4351,.T.);
#4366 = FACE_BOUND('',#4367,.F.);
#4367 = EDGE_LOOP('',(#4368));
#4368 = ORIENTED_EDGE('',*,*,#4369,.T.);
#4369 = EDGE_CURVE('',#4370,#4370,#4372,.T.);
#4370 = VERTEX_POINT('',#4371);
#4371 = CARTESIAN_POINT('',(181.55,-65.675,1.04));
#4372 = CIRCLE('',#4373,0.675);
#4373 = AXIS2_PLACEMENT_3D('',#4374,#4375,#4376);
#4374 = CARTESIAN_POINT('',(181.55,-65.,1.04));
#4375 = DIRECTION('',(-0.,0.,-1.));
#4376 = DIRECTION('',(-0.,-1.,0.));
#4377 = PLANE('',#4378);
#4378 = AXIS2_PLACEMENT_3D('',#4379,#4380,#4381);
#4379 = CARTESIAN_POINT('',(0.,0.,1.04));
#4380 = DIRECTION('',(0.,0.,1.));
#4381 = DIRECTION('',(1.,0.,-0.));
#4382 = ADVANCED_FACE('',(#4383,#4386),#4397,.T.);
#4383 = FACE_BOUND('',#4384,.T.);
#4384 = EDGE_LOOP('',(#4385));
#4385 = ORIENTED_EDGE('',*,*,#4343,.T.);
#4386 = FACE_BOUND('',#4387,.T.);
#4387 = EDGE_LOOP('',(#4388));
#4388 = ORIENTED_EDGE('',*,*,#4389,.T.);
#4389 = EDGE_CURVE('',#4390,#4390,#4392,.T.);
#4390 = VERTEX_POINT('',#4391);
#4391 = CARTESIAN_POINT('',(181.55,-65.675,1.115));
#4392 = CIRCLE('',#4393,0.675);
#4393 = AXIS2_PLACEMENT_3D('',#4394,#4395,#4396);
#4394 = CARTESIAN_POINT('',(181.55,-65.,1.115));
#4395 = DIRECTION('',(-0.,0.,-1.));
#4396 = DIRECTION('',(-0.,-1.,0.));
#4397 = PLANE('',#4398);
#4398 = AXIS2_PLACEMENT_3D('',#4399,#4400,#4401);
#4399 = CARTESIAN_POINT('',(0.,0.,1.115));
#4400 = DIRECTION('',(0.,0.,1.));
#4401 = DIRECTION('',(1.,0.,-0.));
#4402 = ADVANCED_FACE('',(#4403),#4414,.F.);
#4403 = FACE_BOUND('',#4404,.T.);
#4404 = EDGE_LOOP('',(#4405,#4406,#4412,#4413));
#4405 = ORIENTED_EDGE('',*,*,#4369,.T.);
#4406 = ORIENTED_EDGE('',*,*,#4407,.T.);
#4407 = EDGE_CURVE('',#4370,#4390,#4408,.T.);
#4408 = LINE('',#4409,#4410);
#4409 = CARTESIAN_POINT('',(181.55,-65.675,-8.1E-02));
#4410 = VECTOR('',#4411,1.);
#4411 = DIRECTION('',(0.,0.,1.));
#4412 = ORIENTED_EDGE('',*,*,#4389,.F.);
#4413 = ORIENTED_EDGE('',*,*,#4407,.F.);
#4414 = CYLINDRICAL_SURFACE('',#4415,0.675);
#4415 = AXIS2_PLACEMENT_3D('',#4416,#4417,#4418);
#4416 = CARTESIAN_POINT('',(181.55,-65.,-8.1E-02));
#4417 = DIRECTION('',(-0.,-0.,-1.));
#4418 = DIRECTION('',(-0.,-1.,0.));
#4419 = MANIFOLD_SOLID_BREP('',#4420);
#4420 = CLOSED_SHELL('',(#4421,#4454,#4474,#4494));
#4421 = ADVANCED_FACE('',(#4422),#4449,.T.);
#4422 = FACE_BOUND('',#4423,.T.);
#4423 = EDGE_LOOP('',(#4424,#4434,#4441,#4442));
#4424 = ORIENTED_EDGE('',*,*,#4425,.T.);
#4425 = EDGE_CURVE('',#4426,#4428,#4430,.T.);
#4426 = VERTEX_POINT('',#4427);
#4427 = CARTESIAN_POINT('',(182.65,-65.,0.));
#4428 = VERTEX_POINT('',#4429);
#4429 = CARTESIAN_POINT('',(182.65,-65.,-7.5E-02));
#4430 = LINE('',#4431,#4432);
#4431 = CARTESIAN_POINT('',(182.65,-65.,0.));
#4432 = VECTOR('',#4433,1.);
#4433 = DIRECTION('',(0.,0.,-1.));
#4434 = ORIENTED_EDGE('',*,*,#4435,.T.);
#4435 = EDGE_CURVE('',#4428,#4428,#4436,.T.);
#4436 = CIRCLE('',#4437,1.1);
#4437 = AXIS2_PLACEMENT_3D('',#4438,#4439,#4440);
#4438 = CARTESIAN_POINT('',(181.55,-65.,-7.5E-02));
#4439 = DIRECTION('',(0.,0.,1.));
#4440 = DIRECTION('',(1.,0.,-0.));
#4441 = ORIENTED_EDGE('',*,*,#4425,.F.);
#4442 = ORIENTED_EDGE('',*,*,#4443,.F.);
#4443 = EDGE_CURVE('',#4426,#4426,#4444,.T.);
#4444 = CIRCLE('',#4445,1.1);
#4445 = AXIS2_PLACEMENT_3D('',#4446,#4447,#4448);
#4446 = CARTESIAN_POINT('',(181.55,-65.,0.));
#4447 = DIRECTION('',(0.,0.,1.));
#4448 = DIRECTION('',(1.,0.,-0.));
#4449 = CYLINDRICAL_SURFACE('',#4450,1.1);
#4450 = AXIS2_PLACEMENT_3D('',#4451,#4452,#4453);
#4451 = CARTESIAN_POINT('',(181.55,-65.,0.));
#4452 = DIRECTION('',(0.,0.,1.));
#4453 = DIRECTION('',(1.,0.,-0.));
#4454 = ADVANCED_FACE('',(#4455,#4458),#4469,.F.);
#4455 = FACE_BOUND('',#4456,.F.);
#4456 = EDGE_LOOP('',(#4457));
#4457 = ORIENTED_EDGE('',*,*,#4443,.F.);
#4458 = FACE_BOUND('',#4459,.F.);
#4459 = EDGE_LOOP('',(#4460));
#4460 = ORIENTED_EDGE('',*,*,#4461,.F.);
#4461 = EDGE_CURVE('',#4462,#4462,#4464,.T.);
#4462 = VERTEX_POINT('',#4463);
#4463 = CARTESIAN_POINT('',(181.55,-65.675,0.));
#4464 = CIRCLE('',#4465,0.675);
#4465 = AXIS2_PLACEMENT_3D('',#4466,#4467,#4468);
#4466 = CARTESIAN_POINT('',(181.55,-65.,0.));
#4467 = DIRECTION('',(-0.,0.,-1.));
#4468 = DIRECTION('',(-0.,-1.,0.));
#4469 = PLANE('',#4470);
#4470 = AXIS2_PLACEMENT_3D('',#4471,#4472,#4473);
#4471 = CARTESIAN_POINT('',(0.,0.,0.));
#4472 = DIRECTION('',(-0.,-0.,-1.));
#4473 = DIRECTION('',(-1.,0.,0.));
#4474 = ADVANCED_FACE('',(#4475,#4478),#4489,.T.);
#4475 = FACE_BOUND('',#4476,.T.);
#4476 = EDGE_LOOP('',(#4477));
#4477 = ORIENTED_EDGE('',*,*,#4435,.F.);
#4478 = FACE_BOUND('',#4479,.T.);
#4479 = EDGE_LOOP('',(#4480));
#4480 = ORIENTED_EDGE('',*,*,#4481,.F.);
#4481 = EDGE_CURVE('',#4482,#4482,#4484,.T.);
#4482 = VERTEX_POINT('',#4483);
#4483 = CARTESIAN_POINT('',(181.55,-65.675,-7.5E-02));
#4484 = CIRCLE('',#4485,0.675);
#4485 = AXIS2_PLACEMENT_3D('',#4486,#4487,#4488);
#4486 = CARTESIAN_POINT('',(181.55,-65.,-7.5E-02));
#4487 = DIRECTION('',(-0.,0.,-1.));
#4488 = DIRECTION('',(-0.,-1.,0.));
#4489 = PLANE('',#4490);
#4490 = AXIS2_PLACEMENT_3D('',#4491,#4492,#4493);
#4491 = CARTESIAN_POINT('',(0.,0.,-7.5E-02));
#4492 = DIRECTION('',(-0.,-0.,-1.));
#4493 = DIRECTION('',(-1.,0.,0.));
#4494 = ADVANCED_FACE('',(#4495),#4506,.F.);
#4495 = FACE_BOUND('',#4496,.T.);
#4496 = EDGE_LOOP('',(#4497,#4498,#4504,#4505));
#4497 = ORIENTED_EDGE('',*,*,#4481,.T.);
#4498 = ORIENTED_EDGE('',*,*,#4499,.T.);
#4499 = EDGE_CURVE('',#4482,#4462,#4500,.T.);
#4500 = LINE('',#4501,#4502);
#4501 = CARTESIAN_POINT('',(181.55,-65.675,-8.1E-02));
#4502 = VECTOR('',#4503,1.);
#4503 = DIRECTION('',(0.,0.,1.));
#4504 = ORIENTED_EDGE('',*,*,#4461,.F.);
#4505 = ORIENTED_EDGE('',*,*,#4499,.F.);
#4506 = CYLINDRICAL_SURFACE('',#4507,0.675);
#4507 = AXIS2_PLACEMENT_3D('',#4508,#4509,#4510);
#4508 = CARTESIAN_POINT('',(181.55,-65.,-8.1E-02));
#4509 = DIRECTION('',(-0.,-0.,-1.));
#4510 = DIRECTION('',(-0.,-1.,0.));
#4511 = MANIFOLD_SOLID_BREP('',#4512);
#4512 = CLOSED_SHELL('',(#4513,#4546,#4566,#4586));
#4513 = ADVANCED_FACE('',(#4514),#4541,.T.);
#4514 = FACE_BOUND('',#4515,.F.);
#4515 = EDGE_LOOP('',(#4516,#4526,#4533,#4534));
#4516 = ORIENTED_EDGE('',*,*,#4517,.T.);
#4517 = EDGE_CURVE('',#4518,#4520,#4522,.T.);
#4518 = VERTEX_POINT('',#4519);
#4519 = CARTESIAN_POINT('',(181.55,-65.7,-7.5E-02));
#4520 = VERTEX_POINT('',#4521);
#4521 = CARTESIAN_POINT('',(181.55,-65.7,1.115));
#4522 = LINE('',#4523,#4524);
#4523 = CARTESIAN_POINT('',(181.55,-65.7,-7.5E-02));
#4524 = VECTOR('',#4525,1.);
#4525 = DIRECTION('',(0.,0.,1.));
#4526 = ORIENTED_EDGE('',*,*,#4527,.T.);
#4527 = EDGE_CURVE('',#4520,#4520,#4528,.T.);
#4528 = CIRCLE('',#4529,0.7);
#4529 = AXIS2_PLACEMENT_3D('',#4530,#4531,#4532);
#4530 = CARTESIAN_POINT('',(181.55,-65.,1.115));
#4531 = DIRECTION('',(0.,0.,1.));
#4532 = DIRECTION('',(-0.,-1.,0.));
#4533 = ORIENTED_EDGE('',*,*,#4517,.F.);
#4534 = ORIENTED_EDGE('',*,*,#4535,.F.);
#4535 = EDGE_CURVE('',#4518,#4518,#4536,.T.);
#4536 = CIRCLE('',#4537,0.7);
#4537 = AXIS2_PLACEMENT_3D('',#4538,#4539,#4540);
#4538 = CARTESIAN_POINT('',(181.55,-65.,-7.5E-02));
#4539 = DIRECTION('',(0.,0.,1.));
#4540 = DIRECTION('',(-0.,-1.,0.));
#4541 = CYLINDRICAL_SURFACE('',#4542,0.7);
#4542 = AXIS2_PLACEMENT_3D('',#4543,#4544,#4545);
#4543 = CARTESIAN_POINT('',(181.55,-65.,-7.5E-02));
#4544 = DIRECTION('',(-0.,-0.,-1.));
#4545 = DIRECTION('',(-0.,-1.,0.));
#4546 = ADVANCED_FACE('',(#4547,#4550),#4561,.F.);
#4547 = FACE_BOUND('',#4548,.F.);
#4548 = EDGE_LOOP('',(#4549));
#4549 = ORIENTED_EDGE('',*,*,#4535,.T.);
#4550 = FACE_BOUND('',#4551,.F.);
#4551 = EDGE_LOOP('',(#4552));
#4552 = ORIENTED_EDGE('',*,*,#4553,.T.);
#4553 = EDGE_CURVE('',#4554,#4554,#4556,.T.);
#4554 = VERTEX_POINT('',#4555);
#4555 = CARTESIAN_POINT('',(181.55,-65.675,-7.5E-02));
#4556 = CIRCLE('',#4557,0.675);
#4557 = AXIS2_PLACEMENT_3D('',#4558,#4559,#4560);
#4558 = CARTESIAN_POINT('',(181.55,-65.,-7.5E-02));
#4559 = DIRECTION('',(-0.,0.,-1.));
#4560 = DIRECTION('',(-0.,-1.,0.));
#4561 = PLANE('',#4562);
#4562 = AXIS2_PLACEMENT_3D('',#4563,#4564,#4565);
#4563 = CARTESIAN_POINT('',(181.55,-65.7,-7.5E-02));
#4564 = DIRECTION('',(0.,0.,1.));
#4565 = DIRECTION('',(1.,0.,-0.));
#4566 = ADVANCED_FACE('',(#4567,#4570),#4581,.T.);
#4567 = FACE_BOUND('',#4568,.T.);
#4568 = EDGE_LOOP('',(#4569));
#4569 = ORIENTED_EDGE('',*,*,#4527,.T.);
#4570 = FACE_BOUND('',#4571,.T.);
#4571 = EDGE_LOOP('',(#4572));
#4572 = ORIENTED_EDGE('',*,*,#4573,.T.);
#4573 = EDGE_CURVE('',#4574,#4574,#4576,.T.);
#4574 = VERTEX_POINT('',#4575);
#4575 = CARTESIAN_POINT('',(181.55,-65.675,1.115));
#4576 = CIRCLE('',#4577,0.675);
#4577 = AXIS2_PLACEMENT_3D('',#4578,#4579,#4580);
#4578 = CARTESIAN_POINT('',(181.55,-65.,1.115));
#4579 = DIRECTION('',(-0.,0.,-1.));
#4580 = DIRECTION('',(-0.,-1.,0.));
#4581 = PLANE('',#4582);
#4582 = AXIS2_PLACEMENT_3D('',#4583,#4584,#4585);
#4583 = CARTESIAN_POINT('',(181.55,-65.7,1.115));
#4584 = DIRECTION('',(0.,0.,1.));
#4585 = DIRECTION('',(1.,0.,-0.));
#4586 = ADVANCED_FACE('',(#4587),#4598,.F.);
#4587 = FACE_BOUND('',#4588,.T.);
#4588 = EDGE_LOOP('',(#4589,#4590,#4596,#4597));
#4589 = ORIENTED_EDGE('',*,*,#4553,.T.);
#4590 = ORIENTED_EDGE('',*,*,#4591,.T.);
#4591 = EDGE_CURVE('',#4554,#4574,#4592,.T.);
#4592 = LINE('',#4593,#4594);
#4593 = CARTESIAN_POINT('',(181.55,-65.675,-8.1E-02));
#4594 = VECTOR('',#4595,1.);
#4595 = DIRECTION('',(0.,0.,1.));
#4596 = ORIENTED_EDGE('',*,*,#4573,.F.);
#4597 = ORIENTED_EDGE('',*,*,#4591,.F.);
#4598 = CYLINDRICAL_SURFACE('',#4599,0.675);
#4599 = AXIS2_PLACEMENT_3D('',#4600,#4601,#4602);
#4600 = CARTESIAN_POINT('',(181.55,-65.,-8.1E-02));
#4601 = DIRECTION('',(-0.,-0.,-1.));
#4602 = DIRECTION('',(-0.,-1.,0.));
#4603 = MANIFOLD_SOLID_BREP('',#4604);
#4604 = CLOSED_SHELL('',(#4605,#4638,#4658,#4678));
#4605 = ADVANCED_FACE('',(#4606),#4633,.T.);
#4606 = FACE_BOUND('',#4607,.F.);
#4607 = EDGE_LOOP('',(#4608,#4618,#4625,#4626));
#4608 = ORIENTED_EDGE('',*,*,#4609,.T.);
#4609 = EDGE_CURVE('',#4610,#4612,#4614,.T.);
#4610 = VERTEX_POINT('',#4611);
#4611 = CARTESIAN_POINT('',(106.445731,-61.5,1.04));
#4612 = VERTEX_POINT('',#4613);
#4613 = CARTESIAN_POINT('',(106.445731,-61.5,1.115));
#4614 = LINE('',#4615,#4616);
#4615 = CARTESIAN_POINT('',(106.445731,-61.5,1.04));
#4616 = VECTOR('',#4617,1.);
#4617 = DIRECTION('',(0.,0.,1.));
#4618 = ORIENTED_EDGE('',*,*,#4619,.T.);
#4619 = EDGE_CURVE('',#4612,#4612,#4620,.T.);
#4620 = CIRCLE('',#4621,1.1);
#4621 = AXIS2_PLACEMENT_3D('',#4622,#4623,#4624);
#4622 = CARTESIAN_POINT('',(105.345731,-61.5,1.115));
#4623 = DIRECTION('',(0.,0.,1.));
#4624 = DIRECTION('',(1.,0.,-0.));
#4625 = ORIENTED_EDGE('',*,*,#4609,.F.);
#4626 = ORIENTED_EDGE('',*,*,#4627,.F.);
#4627 = EDGE_CURVE('',#4610,#4610,#4628,.T.);
#4628 = CIRCLE('',#4629,1.1);
#4629 = AXIS2_PLACEMENT_3D('',#4630,#4631,#4632);
#4630 = CARTESIAN_POINT('',(105.345731,-61.5,1.04));
#4631 = DIRECTION('',(0.,0.,1.));
#4632 = DIRECTION('',(1.,0.,-0.));
#4633 = CYLINDRICAL_SURFACE('',#4634,1.1);
#4634 = AXIS2_PLACEMENT_3D('',#4635,#4636,#4637);
#4635 = CARTESIAN_POINT('',(105.345731,-61.5,1.04));
#4636 = DIRECTION('',(-0.,-0.,-1.));
#4637 = DIRECTION('',(1.,0.,-0.));
#4638 = ADVANCED_FACE('',(#4639,#4642),#4653,.F.);
#4639 = FACE_BOUND('',#4640,.F.);
#4640 = EDGE_LOOP('',(#4641));
#4641 = ORIENTED_EDGE('',*,*,#4627,.T.);
#4642 = FACE_BOUND('',#4643,.F.);
#4643 = EDGE_LOOP('',(#4644));
#4644 = ORIENTED_EDGE('',*,*,#4645,.T.);
#4645 = EDGE_CURVE('',#4646,#4646,#4648,.T.);
#4646 = VERTEX_POINT('',#4647);
#4647 = CARTESIAN_POINT('',(105.345731,-62.175,1.04));
#4648 = CIRCLE('',#4649,0.675);
#4649 = AXIS2_PLACEMENT_3D('',#4650,#4651,#4652);
#4650 = CARTESIAN_POINT('',(105.345731,-61.5,1.04));
#4651 = DIRECTION('',(-0.,0.,-1.));
#4652 = DIRECTION('',(-0.,-1.,0.));
#4653 = PLANE('',#4654);
#4654 = AXIS2_PLACEMENT_3D('',#4655,#4656,#4657);
#4655 = CARTESIAN_POINT('',(0.,0.,1.04));
#4656 = DIRECTION('',(0.,0.,1.));
#4657 = DIRECTION('',(1.,0.,-0.));
#4658 = ADVANCED_FACE('',(#4659,#4662),#4673,.T.);
#4659 = FACE_BOUND('',#4660,.T.);
#4660 = EDGE_LOOP('',(#4661));
#4661 = ORIENTED_EDGE('',*,*,#4619,.T.);
#4662 = FACE_BOUND('',#4663,.T.);
#4663 = EDGE_LOOP('',(#4664));
#4664 = ORIENTED_EDGE('',*,*,#4665,.T.);
#4665 = EDGE_CURVE('',#4666,#4666,#4668,.T.);
#4666 = VERTEX_POINT('',#4667);
#4667 = CARTESIAN_POINT('',(105.345731,-62.175,1.115));
#4668 = CIRCLE('',#4669,0.675);
#4669 = AXIS2_PLACEMENT_3D('',#4670,#4671,#4672);
#4670 = CARTESIAN_POINT('',(105.345731,-61.5,1.115));
#4671 = DIRECTION('',(-0.,0.,-1.));
#4672 = DIRECTION('',(-0.,-1.,0.));
#4673 = PLANE('',#4674);
#4674 = AXIS2_PLACEMENT_3D('',#4675,#4676,#4677);
#4675 = CARTESIAN_POINT('',(0.,0.,1.115));
#4676 = DIRECTION('',(0.,0.,1.));
#4677 = DIRECTION('',(1.,0.,-0.));
#4678 = ADVANCED_FACE('',(#4679),#4690,.F.);
#4679 = FACE_BOUND('',#4680,.T.);
#4680 = EDGE_LOOP('',(#4681,#4682,#4688,#4689));
#4681 = ORIENTED_EDGE('',*,*,#4645,.T.);
#4682 = ORIENTED_EDGE('',*,*,#4683,.T.);
#4683 = EDGE_CURVE('',#4646,#4666,#4684,.T.);
#4684 = LINE('',#4685,#4686);
#4685 = CARTESIAN_POINT('',(105.345731,-62.175,-8.1E-02));
#4686 = VECTOR('',#4687,1.);
#4687 = DIRECTION('',(0.,0.,1.));
#4688 = ORIENTED_EDGE('',*,*,#4665,.F.);
#4689 = ORIENTED_EDGE('',*,*,#4683,.F.);
#4690 = CYLINDRICAL_SURFACE('',#4691,0.675);
#4691 = AXIS2_PLACEMENT_3D('',#4692,#4693,#4694);
#4692 = CARTESIAN_POINT('',(105.345731,-61.5,-8.1E-02));
#4693 = DIRECTION('',(-0.,-0.,-1.));
#4694 = DIRECTION('',(-0.,-1.,0.));
#4695 = MANIFOLD_SOLID_BREP('',#4696);
#4696 = CLOSED_SHELL('',(#4697,#4730,#4750,#4770));
#4697 = ADVANCED_FACE('',(#4698),#4725,.T.);
#4698 = FACE_BOUND('',#4699,.T.);
#4699 = EDGE_LOOP('',(#4700,#4710,#4717,#4718));
#4700 = ORIENTED_EDGE('',*,*,#4701,.T.);
#4701 = EDGE_CURVE('',#4702,#4704,#4706,.T.);
#4702 = VERTEX_POINT('',#4703);
#4703 = CARTESIAN_POINT('',(106.445731,-61.5,0.));
#4704 = VERTEX_POINT('',#4705);
#4705 = CARTESIAN_POINT('',(106.445731,-61.5,-7.5E-02));
#4706 = LINE('',#4707,#4708);
#4707 = CARTESIAN_POINT('',(106.445731,-61.5,0.));
#4708 = VECTOR('',#4709,1.);
#4709 = DIRECTION('',(0.,0.,-1.));
#4710 = ORIENTED_EDGE('',*,*,#4711,.T.);
#4711 = EDGE_CURVE('',#4704,#4704,#4712,.T.);
#4712 = CIRCLE('',#4713,1.1);
#4713 = AXIS2_PLACEMENT_3D('',#4714,#4715,#4716);
#4714 = CARTESIAN_POINT('',(105.345731,-61.5,-7.5E-02));
#4715 = DIRECTION('',(0.,0.,1.));
#4716 = DIRECTION('',(1.,0.,-0.));
#4717 = ORIENTED_EDGE('',*,*,#4701,.F.);
#4718 = ORIENTED_EDGE('',*,*,#4719,.F.);
#4719 = EDGE_CURVE('',#4702,#4702,#4720,.T.);
#4720 = CIRCLE('',#4721,1.1);
#4721 = AXIS2_PLACEMENT_3D('',#4722,#4723,#4724);
#4722 = CARTESIAN_POINT('',(105.345731,-61.5,0.));
#4723 = DIRECTION('',(0.,0.,1.));
#4724 = DIRECTION('',(1.,0.,-0.));
#4725 = CYLINDRICAL_SURFACE('',#4726,1.1);
#4726 = AXIS2_PLACEMENT_3D('',#4727,#4728,#4729);
#4727 = CARTESIAN_POINT('',(105.345731,-61.5,0.));
#4728 = DIRECTION('',(0.,0.,1.));
#4729 = DIRECTION('',(1.,0.,-0.));
#4730 = ADVANCED_FACE('',(#4731,#4734),#4745,.F.);
#4731 = FACE_BOUND('',#4732,.F.);
#4732 = EDGE_LOOP('',(#4733));
#4733 = ORIENTED_EDGE('',*,*,#4719,.F.);
#4734 = FACE_BOUND('',#4735,.F.);
#4735 = EDGE_LOOP('',(#4736));
#4736 = ORIENTED_EDGE('',*,*,#4737,.F.);
#4737 = EDGE_CURVE('',#4738,#4738,#4740,.T.);
#4738 = VERTEX_POINT('',#4739);
#4739 = CARTESIAN_POINT('',(105.345731,-62.175,0.));
#4740 = CIRCLE('',#4741,0.675);
#4741 = AXIS2_PLACEMENT_3D('',#4742,#4743,#4744);
#4742 = CARTESIAN_POINT('',(105.345731,-61.5,0.));
#4743 = DIRECTION('',(-0.,0.,-1.));
#4744 = DIRECTION('',(-0.,-1.,0.));
#4745 = PLANE('',#4746);
#4746 = AXIS2_PLACEMENT_3D('',#4747,#4748,#4749);
#4747 = CARTESIAN_POINT('',(0.,0.,0.));
#4748 = DIRECTION('',(-0.,-0.,-1.));
#4749 = DIRECTION('',(-1.,0.,0.));
#4750 = ADVANCED_FACE('',(#4751,#4754),#4765,.T.);
#4751 = FACE_BOUND('',#4752,.T.);
#4752 = EDGE_LOOP('',(#4753));
#4753 = ORIENTED_EDGE('',*,*,#4711,.F.);
#4754 = FACE_BOUND('',#4755,.T.);
#4755 = EDGE_LOOP('',(#4756));
#4756 = ORIENTED_EDGE('',*,*,#4757,.F.);
#4757 = EDGE_CURVE('',#4758,#4758,#4760,.T.);
#4758 = VERTEX_POINT('',#4759);
#4759 = CARTESIAN_POINT('',(105.345731,-62.175,-7.5E-02));
#4760 = CIRCLE('',#4761,0.675);
#4761 = AXIS2_PLACEMENT_3D('',#4762,#4763,#4764);
#4762 = CARTESIAN_POINT('',(105.345731,-61.5,-7.5E-02));
#4763 = DIRECTION('',(-0.,0.,-1.));
#4764 = DIRECTION('',(-0.,-1.,0.));
#4765 = PLANE('',#4766);
#4766 = AXIS2_PLACEMENT_3D('',#4767,#4768,#4769);
#4767 = CARTESIAN_POINT('',(0.,0.,-7.5E-02));
#4768 = DIRECTION('',(-0.,-0.,-1.));
#4769 = DIRECTION('',(-1.,0.,0.));
#4770 = ADVANCED_FACE('',(#4771),#4782,.F.);
#4771 = FACE_BOUND('',#4772,.T.);
#4772 = EDGE_LOOP('',(#4773,#4774,#4780,#4781));
#4773 = ORIENTED_EDGE('',*,*,#4757,.T.);
#4774 = ORIENTED_EDGE('',*,*,#4775,.T.);
#4775 = EDGE_CURVE('',#4758,#4738,#4776,.T.);
#4776 = LINE('',#4777,#4778);
#4777 = CARTESIAN_POINT('',(105.345731,-62.175,-8.1E-02));
#4778 = VECTOR('',#4779,1.);
#4779 = DIRECTION('',(0.,0.,1.));
#4780 = ORIENTED_EDGE('',*,*,#4737,.F.);
#4781 = ORIENTED_EDGE('',*,*,#4775,.F.);
#4782 = CYLINDRICAL_SURFACE('',#4783,0.675);
#4783 = AXIS2_PLACEMENT_3D('',#4784,#4785,#4786);
#4784 = CARTESIAN_POINT('',(105.345731,-61.5,-8.1E-02));
#4785 = DIRECTION('',(-0.,-0.,-1.));
#4786 = DIRECTION('',(-0.,-1.,0.));
#4787 = MANIFOLD_SOLID_BREP('',#4788);
#4788 = CLOSED_SHELL('',(#4789,#4822,#4842,#4862));
#4789 = ADVANCED_FACE('',(#4790),#4817,.T.);
#4790 = FACE_BOUND('',#4791,.F.);
#4791 = EDGE_LOOP('',(#4792,#4802,#4809,#4810));
#4792 = ORIENTED_EDGE('',*,*,#4793,.T.);
#4793 = EDGE_CURVE('',#4794,#4796,#4798,.T.);
#4794 = VERTEX_POINT('',#4795);
#4795 = CARTESIAN_POINT('',(105.345731,-62.2,-7.5E-02));
#4796 = VERTEX_POINT('',#4797);
#4797 = CARTESIAN_POINT('',(105.345731,-62.2,1.115));
#4798 = LINE('',#4799,#4800);
#4799 = CARTESIAN_POINT('',(105.345731,-62.2,-7.5E-02));
#4800 = VECTOR('',#4801,1.);
#4801 = DIRECTION('',(0.,0.,1.));
#4802 = ORIENTED_EDGE('',*,*,#4803,.T.);
#4803 = EDGE_CURVE('',#4796,#4796,#4804,.T.);
#4804 = CIRCLE('',#4805,0.7);
#4805 = AXIS2_PLACEMENT_3D('',#4806,#4807,#4808);
#4806 = CARTESIAN_POINT('',(105.345731,-61.5,1.115));
#4807 = DIRECTION('',(0.,0.,1.));
#4808 = DIRECTION('',(-0.,-1.,0.));
#4809 = ORIENTED_EDGE('',*,*,#4793,.F.);
#4810 = ORIENTED_EDGE('',*,*,#4811,.F.);
#4811 = EDGE_CURVE('',#4794,#4794,#4812,.T.);
#4812 = CIRCLE('',#4813,0.7);
#4813 = AXIS2_PLACEMENT_3D('',#4814,#4815,#4816);
#4814 = CARTESIAN_POINT('',(105.345731,-61.5,-7.5E-02));
#4815 = DIRECTION('',(0.,0.,1.));
#4816 = DIRECTION('',(-0.,-1.,0.));
#4817 = CYLINDRICAL_SURFACE('',#4818,0.7);
#4818 = AXIS2_PLACEMENT_3D('',#4819,#4820,#4821);
#4819 = CARTESIAN_POINT('',(105.345731,-61.5,-7.5E-02));
#4820 = DIRECTION('',(-0.,-0.,-1.));
#4821 = DIRECTION('',(-0.,-1.,0.));
#4822 = ADVANCED_FACE('',(#4823,#4826),#4837,.F.);
#4823 = FACE_BOUND('',#4824,.F.);
#4824 = EDGE_LOOP('',(#4825));
#4825 = ORIENTED_EDGE('',*,*,#4811,.T.);
#4826 = FACE_BOUND('',#4827,.F.);
#4827 = EDGE_LOOP('',(#4828));
#4828 = ORIENTED_EDGE('',*,*,#4829,.T.);
#4829 = EDGE_CURVE('',#4830,#4830,#4832,.T.);
#4830 = VERTEX_POINT('',#4831);
#4831 = CARTESIAN_POINT('',(105.345731,-62.175,-7.5E-02));
#4832 = CIRCLE('',#4833,0.675);
#4833 = AXIS2_PLACEMENT_3D('',#4834,#4835,#4836);
#4834 = CARTESIAN_POINT('',(105.345731,-61.5,-7.5E-02));
#4835 = DIRECTION('',(-0.,0.,-1.));
#4836 = DIRECTION('',(-0.,-1.,0.));
#4837 = PLANE('',#4838);
#4838 = AXIS2_PLACEMENT_3D('',#4839,#4840,#4841);
#4839 = CARTESIAN_POINT('',(105.345731,-62.2,-7.5E-02));
#4840 = DIRECTION('',(0.,0.,1.));
#4841 = DIRECTION('',(1.,0.,-0.));
#4842 = ADVANCED_FACE('',(#4843,#4846),#4857,.T.);
#4843 = FACE_BOUND('',#4844,.T.);
#4844 = EDGE_LOOP('',(#4845));
#4845 = ORIENTED_EDGE('',*,*,#4803,.T.);
#4846 = FACE_BOUND('',#4847,.T.);
#4847 = EDGE_LOOP('',(#4848));
#4848 = ORIENTED_EDGE('',*,*,#4849,.T.);
#4849 = EDGE_CURVE('',#4850,#4850,#4852,.T.);
#4850 = VERTEX_POINT('',#4851);
#4851 = CARTESIAN_POINT('',(105.345731,-62.175,1.115));
#4852 = CIRCLE('',#4853,0.675);
#4853 = AXIS2_PLACEMENT_3D('',#4854,#4855,#4856);
#4854 = CARTESIAN_POINT('',(105.345731,-61.5,1.115));
#4855 = DIRECTION('',(-0.,0.,-1.));
#4856 = DIRECTION('',(-0.,-1.,0.));
#4857 = PLANE('',#4858);
#4858 = AXIS2_PLACEMENT_3D('',#4859,#4860,#4861);
#4859 = CARTESIAN_POINT('',(105.345731,-62.2,1.115));
#4860 = DIRECTION('',(0.,0.,1.));
#4861 = DIRECTION('',(1.,0.,-0.));
#4862 = ADVANCED_FACE('',(#4863),#4874,.F.);
#4863 = FACE_BOUND('',#4864,.T.);
#4864 = EDGE_LOOP('',(#4865,#4866,#4872,#4873));
#4865 = ORIENTED_EDGE('',*,*,#4829,.T.);
#4866 = ORIENTED_EDGE('',*,*,#4867,.T.);
#4867 = EDGE_CURVE('',#4830,#4850,#4868,.T.);
#4868 = LINE('',#4869,#4870);
#4869 = CARTESIAN_POINT('',(105.345731,-62.175,-8.1E-02));
#4870 = VECTOR('',#4871,1.);
#4871 = DIRECTION('',(0.,0.,1.));
#4872 = ORIENTED_EDGE('',*,*,#4849,.F.);
#4873 = ORIENTED_EDGE('',*,*,#4867,.F.);
#4874 = CYLINDRICAL_SURFACE('',#4875,0.675);
#4875 = AXIS2_PLACEMENT_3D('',#4876,#4877,#4878);
#4876 = CARTESIAN_POINT('',(105.345731,-61.5,-8.1E-02));
#4877 = DIRECTION('',(-0.,-0.,-1.));
#4878 = DIRECTION('',(-0.,-1.,0.));
#4879 = MANIFOLD_SOLID_BREP('',#4880);
#4880 = CLOSED_SHELL('',(#4881,#4914,#4934,#4954));
#4881 = ADVANCED_FACE('',(#4882),#4909,.T.);
#4882 = FACE_BOUND('',#4883,.F.);
#4883 = EDGE_LOOP('',(#4884,#4894,#4901,#4902));
#4884 = ORIENTED_EDGE('',*,*,#4885,.T.);
#4885 = EDGE_CURVE('',#4886,#4888,#4890,.T.);
#4886 = VERTEX_POINT('',#4887);
#4887 = CARTESIAN_POINT('',(103.945731,-61.5,1.04));
#4888 = VERTEX_POINT('',#4889);
#4889 = CARTESIAN_POINT('',(103.945731,-61.5,1.115));
#4890 = LINE('',#4891,#4892);
#4891 = CARTESIAN_POINT('',(103.945731,-61.5,1.04));
#4892 = VECTOR('',#4893,1.);
#4893 = DIRECTION('',(0.,0.,1.));
#4894 = ORIENTED_EDGE('',*,*,#4895,.T.);
#4895 = EDGE_CURVE('',#4888,#4888,#4896,.T.);
#4896 = CIRCLE('',#4897,1.1);
#4897 = AXIS2_PLACEMENT_3D('',#4898,#4899,#4900);
#4898 = CARTESIAN_POINT('',(102.845731,-61.5,1.115));
#4899 = DIRECTION('',(0.,0.,1.));
#4900 = DIRECTION('',(1.,0.,-0.));
#4901 = ORIENTED_EDGE('',*,*,#4885,.F.);
#4902 = ORIENTED_EDGE('',*,*,#4903,.F.);
#4903 = EDGE_CURVE('',#4886,#4886,#4904,.T.);
#4904 = CIRCLE('',#4905,1.1);
#4905 = AXIS2_PLACEMENT_3D('',#4906,#4907,#4908);
#4906 = CARTESIAN_POINT('',(102.845731,-61.5,1.04));
#4907 = DIRECTION('',(0.,0.,1.));
#4908 = DIRECTION('',(1.,0.,-0.));
#4909 = CYLINDRICAL_SURFACE('',#4910,1.1);
#4910 = AXIS2_PLACEMENT_3D('',#4911,#4912,#4913);
#4911 = CARTESIAN_POINT('',(102.845731,-61.5,1.04));
#4912 = DIRECTION('',(-0.,-0.,-1.));
#4913 = DIRECTION('',(1.,0.,-0.));
#4914 = ADVANCED_FACE('',(#4915,#4918),#4929,.F.);
#4915 = FACE_BOUND('',#4916,.F.);
#4916 = EDGE_LOOP('',(#4917));
#4917 = ORIENTED_EDGE('',*,*,#4903,.T.);
#4918 = FACE_BOUND('',#4919,.F.);
#4919 = EDGE_LOOP('',(#4920));
#4920 = ORIENTED_EDGE('',*,*,#4921,.T.);
#4921 = EDGE_CURVE('',#4922,#4922,#4924,.T.);
#4922 = VERTEX_POINT('',#4923);
#4923 = CARTESIAN_POINT('',(102.845731,-62.175,1.04));
#4924 = CIRCLE('',#4925,0.675);
#4925 = AXIS2_PLACEMENT_3D('',#4926,#4927,#4928);
#4926 = CARTESIAN_POINT('',(102.845731,-61.5,1.04));
#4927 = DIRECTION('',(-0.,0.,-1.));
#4928 = DIRECTION('',(-0.,-1.,0.));
#4929 = PLANE('',#4930);
#4930 = AXIS2_PLACEMENT_3D('',#4931,#4932,#4933);
#4931 = CARTESIAN_POINT('',(0.,0.,1.04));
#4932 = DIRECTION('',(0.,0.,1.));
#4933 = DIRECTION('',(1.,0.,-0.));
#4934 = ADVANCED_FACE('',(#4935,#4938),#4949,.T.);
#4935 = FACE_BOUND('',#4936,.T.);
#4936 = EDGE_LOOP('',(#4937));
#4937 = ORIENTED_EDGE('',*,*,#4895,.T.);
#4938 = FACE_BOUND('',#4939,.T.);
#4939 = EDGE_LOOP('',(#4940));
#4940 = ORIENTED_EDGE('',*,*,#4941,.T.);
#4941 = EDGE_CURVE('',#4942,#4942,#4944,.T.);
#4942 = VERTEX_POINT('',#4943);
#4943 = CARTESIAN_POINT('',(102.845731,-62.175,1.115));
#4944 = CIRCLE('',#4945,0.675);
#4945 = AXIS2_PLACEMENT_3D('',#4946,#4947,#4948);
#4946 = CARTESIAN_POINT('',(102.845731,-61.5,1.115));
#4947 = DIRECTION('',(-0.,0.,-1.));
#4948 = DIRECTION('',(-0.,-1.,0.));
#4949 = PLANE('',#4950);
#4950 = AXIS2_PLACEMENT_3D('',#4951,#4952,#4953);
#4951 = CARTESIAN_POINT('',(0.,0.,1.115));
#4952 = DIRECTION('',(0.,0.,1.));
#4953 = DIRECTION('',(1.,0.,-0.));
#4954 = ADVANCED_FACE('',(#4955),#4966,.F.);
#4955 = FACE_BOUND('',#4956,.T.);
#4956 = EDGE_LOOP('',(#4957,#4958,#4964,#4965));
#4957 = ORIENTED_EDGE('',*,*,#4921,.T.);
#4958 = ORIENTED_EDGE('',*,*,#4959,.T.);
#4959 = EDGE_CURVE('',#4922,#4942,#4960,.T.);
#4960 = LINE('',#4961,#4962);
#4961 = CARTESIAN_POINT('',(102.845731,-62.175,-8.1E-02));
#4962 = VECTOR('',#4963,1.);
#4963 = DIRECTION('',(0.,0.,1.));
#4964 = ORIENTED_EDGE('',*,*,#4941,.F.);
#4965 = ORIENTED_EDGE('',*,*,#4959,.F.);
#4966 = CYLINDRICAL_SURFACE('',#4967,0.675);
#4967 = AXIS2_PLACEMENT_3D('',#4968,#4969,#4970);
#4968 = CARTESIAN_POINT('',(102.845731,-61.5,-8.1E-02));
#4969 = DIRECTION('',(-0.,-0.,-1.));
#4970 = DIRECTION('',(-0.,-1.,0.));
#4971 = MANIFOLD_SOLID_BREP('',#4972);
#4972 = CLOSED_SHELL('',(#4973,#5006,#5026,#5046));
#4973 = ADVANCED_FACE('',(#4974),#5001,.T.);
#4974 = FACE_BOUND('',#4975,.T.);
#4975 = EDGE_LOOP('',(#4976,#4986,#4993,#4994));
#4976 = ORIENTED_EDGE('',*,*,#4977,.T.);
#4977 = EDGE_CURVE('',#4978,#4980,#4982,.T.);
#4978 = VERTEX_POINT('',#4979);
#4979 = CARTESIAN_POINT('',(103.945731,-61.5,0.));
#4980 = VERTEX_POINT('',#4981);
#4981 = CARTESIAN_POINT('',(103.945731,-61.5,-7.5E-02));
#4982 = LINE('',#4983,#4984);
#4983 = CARTESIAN_POINT('',(103.945731,-61.5,0.));
#4984 = VECTOR('',#4985,1.);
#4985 = DIRECTION('',(0.,0.,-1.));
#4986 = ORIENTED_EDGE('',*,*,#4987,.T.);
#4987 = EDGE_CURVE('',#4980,#4980,#4988,.T.);
#4988 = CIRCLE('',#4989,1.1);
#4989 = AXIS2_PLACEMENT_3D('',#4990,#4991,#4992);
#4990 = CARTESIAN_POINT('',(102.845731,-61.5,-7.5E-02));
#4991 = DIRECTION('',(0.,0.,1.));
#4992 = DIRECTION('',(1.,0.,-0.));
#4993 = ORIENTED_EDGE('',*,*,#4977,.F.);
#4994 = ORIENTED_EDGE('',*,*,#4995,.F.);
#4995 = EDGE_CURVE('',#4978,#4978,#4996,.T.);
#4996 = CIRCLE('',#4997,1.1);
#4997 = AXIS2_PLACEMENT_3D('',#4998,#4999,#5000);
#4998 = CARTESIAN_POINT('',(102.845731,-61.5,0.));
#4999 = DIRECTION('',(0.,0.,1.));
#5000 = DIRECTION('',(1.,0.,-0.));
#5001 = CYLINDRICAL_SURFACE('',#5002,1.1);
#5002 = AXIS2_PLACEMENT_3D('',#5003,#5004,#5005);
#5003 = CARTESIAN_POINT('',(102.845731,-61.5,0.));
#5004 = DIRECTION('',(0.,0.,1.));
#5005 = DIRECTION('',(1.,0.,-0.));
#5006 = ADVANCED_FACE('',(#5007,#5010),#5021,.F.);
#5007 = FACE_BOUND('',#5008,.F.);
#5008 = EDGE_LOOP('',(#5009));
#5009 = ORIENTED_EDGE('',*,*,#4995,.F.);
#5010 = FACE_BOUND('',#5011,.F.);
#5011 = EDGE_LOOP('',(#5012));
#5012 = ORIENTED_EDGE('',*,*,#5013,.F.);
#5013 = EDGE_CURVE('',#5014,#5014,#5016,.T.);
#5014 = VERTEX_POINT('',#5015);
#5015 = CARTESIAN_POINT('',(102.845731,-62.175,0.));
#5016 = CIRCLE('',#5017,0.675);
#5017 = AXIS2_PLACEMENT_3D('',#5018,#5019,#5020);
#5018 = CARTESIAN_POINT('',(102.845731,-61.5,0.));
#5019 = DIRECTION('',(-0.,0.,-1.));
#5020 = DIRECTION('',(-0.,-1.,0.));
#5021 = PLANE('',#5022);
#5022 = AXIS2_PLACEMENT_3D('',#5023,#5024,#5025);
#5023 = CARTESIAN_POINT('',(0.,0.,0.));
#5024 = DIRECTION('',(-0.,-0.,-1.));
#5025 = DIRECTION('',(-1.,0.,0.));
#5026 = ADVANCED_FACE('',(#5027,#5030),#5041,.T.);
#5027 = FACE_BOUND('',#5028,.T.);
#5028 = EDGE_LOOP('',(#5029));
#5029 = ORIENTED_EDGE('',*,*,#4987,.F.);
#5030 = FACE_BOUND('',#5031,.T.);
#5031 = EDGE_LOOP('',(#5032));
#5032 = ORIENTED_EDGE('',*,*,#5033,.F.);
#5033 = EDGE_CURVE('',#5034,#5034,#5036,.T.);
#5034 = VERTEX_POINT('',#5035);
#5035 = CARTESIAN_POINT('',(102.845731,-62.175,-7.5E-02));
#5036 = CIRCLE('',#5037,0.675);
#5037 = AXIS2_PLACEMENT_3D('',#5038,#5039,#5040);
#5038 = CARTESIAN_POINT('',(102.845731,-61.5,-7.5E-02));
#5039 = DIRECTION('',(-0.,0.,-1.));
#5040 = DIRECTION('',(-0.,-1.,0.));
#5041 = PLANE('',#5042);
#5042 = AXIS2_PLACEMENT_3D('',#5043,#5044,#5045);
#5043 = CARTESIAN_POINT('',(0.,0.,-7.5E-02));
#5044 = DIRECTION('',(-0.,-0.,-1.));
#5045 = DIRECTION('',(-1.,0.,0.));
#5046 = ADVANCED_FACE('',(#5047),#5058,.F.);
#5047 = FACE_BOUND('',#5048,.T.);
#5048 = EDGE_LOOP('',(#5049,#5050,#5056,#5057));
#5049 = ORIENTED_EDGE('',*,*,#5033,.T.);
#5050 = ORIENTED_EDGE('',*,*,#5051,.T.);
#5051 = EDGE_CURVE('',#5034,#5014,#5052,.T.);
#5052 = LINE('',#5053,#5054);
#5053 = CARTESIAN_POINT('',(102.845731,-62.175,-8.1E-02));
#5054 = VECTOR('',#5055,1.);
#5055 = DIRECTION('',(0.,0.,1.));
#5056 = ORIENTED_EDGE('',*,*,#5013,.F.);
#5057 = ORIENTED_EDGE('',*,*,#5051,.F.);
#5058 = CYLINDRICAL_SURFACE('',#5059,0.675);
#5059 = AXIS2_PLACEMENT_3D('',#5060,#5061,#5062);
#5060 = CARTESIAN_POINT('',(102.845731,-61.5,-8.1E-02));
#5061 = DIRECTION('',(-0.,-0.,-1.));
#5062 = DIRECTION('',(-0.,-1.,0.));
#5063 = MANIFOLD_SOLID_BREP('',#5064);
#5064 = CLOSED_SHELL('',(#5065,#5098,#5118,#5138));
#5065 = ADVANCED_FACE('',(#5066),#5093,.T.);
#5066 = FACE_BOUND('',#5067,.F.);
#5067 = EDGE_LOOP('',(#5068,#5078,#5085,#5086));
#5068 = ORIENTED_EDGE('',*,*,#5069,.T.);
#5069 = EDGE_CURVE('',#5070,#5072,#5074,.T.);
#5070 = VERTEX_POINT('',#5071);
#5071 = CARTESIAN_POINT('',(102.845731,-62.2,-7.5E-02));
#5072 = VERTEX_POINT('',#5073);
#5073 = CARTESIAN_POINT('',(102.845731,-62.2,1.115));
#5074 = LINE('',#5075,#5076);
#5075 = CARTESIAN_POINT('',(102.845731,-62.2,-7.5E-02));
#5076 = VECTOR('',#5077,1.);
#5077 = DIRECTION('',(0.,0.,1.));
#5078 = ORIENTED_EDGE('',*,*,#5079,.T.);
#5079 = EDGE_CURVE('',#5072,#5072,#5080,.T.);
#5080 = CIRCLE('',#5081,0.7);
#5081 = AXIS2_PLACEMENT_3D('',#5082,#5083,#5084);
#5082 = CARTESIAN_POINT('',(102.845731,-61.5,1.115));
#5083 = DIRECTION('',(0.,0.,1.));
#5084 = DIRECTION('',(-0.,-1.,0.));
#5085 = ORIENTED_EDGE('',*,*,#5069,.F.);
#5086 = ORIENTED_EDGE('',*,*,#5087,.F.);
#5087 = EDGE_CURVE('',#5070,#5070,#5088,.T.);
#5088 = CIRCLE('',#5089,0.7);
#5089 = AXIS2_PLACEMENT_3D('',#5090,#5091,#5092);
#5090 = CARTESIAN_POINT('',(102.845731,-61.5,-7.5E-02));
#5091 = DIRECTION('',(0.,0.,1.));
#5092 = DIRECTION('',(-0.,-1.,0.));
#5093 = CYLINDRICAL_SURFACE('',#5094,0.7);
#5094 = AXIS2_PLACEMENT_3D('',#5095,#5096,#5097);
#5095 = CARTESIAN_POINT('',(102.845731,-61.5,-7.5E-02));
#5096 = DIRECTION('',(-0.,-0.,-1.));
#5097 = DIRECTION('',(-0.,-1.,0.));
#5098 = ADVANCED_FACE('',(#5099,#5102),#5113,.F.);
#5099 = FACE_BOUND('',#5100,.F.);
#5100 = EDGE_LOOP('',(#5101));
#5101 = ORIENTED_EDGE('',*,*,#5087,.T.);
#5102 = FACE_BOUND('',#5103,.F.);
#5103 = EDGE_LOOP('',(#5104));
#5104 = ORIENTED_EDGE('',*,*,#5105,.T.);
#5105 = EDGE_CURVE('',#5106,#5106,#5108,.T.);
#5106 = VERTEX_POINT('',#5107);
#5107 = CARTESIAN_POINT('',(102.845731,-62.175,-7.5E-02));
#5108 = CIRCLE('',#5109,0.675);
#5109 = AXIS2_PLACEMENT_3D('',#5110,#5111,#5112);
#5110 = CARTESIAN_POINT('',(102.845731,-61.5,-7.5E-02));
#5111 = DIRECTION('',(-0.,0.,-1.));
#5112 = DIRECTION('',(-0.,-1.,0.));
#5113 = PLANE('',#5114);
#5114 = AXIS2_PLACEMENT_3D('',#5115,#5116,#5117);
#5115 = CARTESIAN_POINT('',(102.845731,-62.2,-7.5E-02));
#5116 = DIRECTION('',(0.,0.,1.));
#5117 = DIRECTION('',(1.,0.,-0.));
#5118 = ADVANCED_FACE('',(#5119,#5122),#5133,.T.);
#5119 = FACE_BOUND('',#5120,.T.);
#5120 = EDGE_LOOP('',(#5121));
#5121 = ORIENTED_EDGE('',*,*,#5079,.T.);
#5122 = FACE_BOUND('',#5123,.T.);
#5123 = EDGE_LOOP('',(#5124));
#5124 = ORIENTED_EDGE('',*,*,#5125,.T.);
#5125 = EDGE_CURVE('',#5126,#5126,#5128,.T.);
#5126 = VERTEX_POINT('',#5127);
#5127 = CARTESIAN_POINT('',(102.845731,-62.175,1.115));
#5128 = CIRCLE('',#5129,0.675);
#5129 = AXIS2_PLACEMENT_3D('',#5130,#5131,#5132);
#5130 = CARTESIAN_POINT('',(102.845731,-61.5,1.115));
#5131 = DIRECTION('',(-0.,0.,-1.));
#5132 = DIRECTION('',(-0.,-1.,0.));
#5133 = PLANE('',#5134);
#5134 = AXIS2_PLACEMENT_3D('',#5135,#5136,#5137);
#5135 = CARTESIAN_POINT('',(102.845731,-62.2,1.115));
#5136 = DIRECTION('',(0.,0.,1.));
#5137 = DIRECTION('',(1.,0.,-0.));
#5138 = ADVANCED_FACE('',(#5139),#5150,.F.);
#5139 = FACE_BOUND('',#5140,.T.);
#5140 = EDGE_LOOP('',(#5141,#5142,#5148,#5149));
#5141 = ORIENTED_EDGE('',*,*,#5105,.T.);
#5142 = ORIENTED_EDGE('',*,*,#5143,.T.);
#5143 = EDGE_CURVE('',#5106,#5126,#5144,.T.);
#5144 = LINE('',#5145,#5146);
#5145 = CARTESIAN_POINT('',(102.845731,-62.175,-8.1E-02));
#5146 = VECTOR('',#5147,1.);
#5147 = DIRECTION('',(0.,0.,1.));
#5148 = ORIENTED_EDGE('',*,*,#5125,.F.);
#5149 = ORIENTED_EDGE('',*,*,#5143,.F.);
#5150 = CYLINDRICAL_SURFACE('',#5151,0.675);
#5151 = AXIS2_PLACEMENT_3D('',#5152,#5153,#5154);
#5152 = CARTESIAN_POINT('',(102.845731,-61.5,-8.1E-02));
#5153 = DIRECTION('',(-0.,-0.,-1.));
#5154 = DIRECTION('',(-0.,-1.,0.));
#5155 = MANIFOLD_SOLID_BREP('',#5156);
#5156 = CLOSED_SHELL('',(#5157,#5190,#5210,#5230));
#5157 = ADVANCED_FACE('',(#5158),#5185,.T.);
#5158 = FACE_BOUND('',#5159,.F.);
#5159 = EDGE_LOOP('',(#5160,#5170,#5177,#5178));
#5160 = ORIENTED_EDGE('',*,*,#5161,.T.);
#5161 = EDGE_CURVE('',#5162,#5164,#5166,.T.);
#5162 = VERTEX_POINT('',#5163);
#5163 = CARTESIAN_POINT('',(106.445731,-65.,1.04));
#5164 = VERTEX_POINT('',#5165);
#5165 = CARTESIAN_POINT('',(106.445731,-65.,1.115));
#5166 = LINE('',#5167,#5168);
#5167 = CARTESIAN_POINT('',(106.445731,-65.,1.04));
#5168 = VECTOR('',#5169,1.);
#5169 = DIRECTION('',(0.,0.,1.));
#5170 = ORIENTED_EDGE('',*,*,#5171,.T.);
#5171 = EDGE_CURVE('',#5164,#5164,#5172,.T.);
#5172 = CIRCLE('',#5173,1.1);
#5173 = AXIS2_PLACEMENT_3D('',#5174,#5175,#5176);
#5174 = CARTESIAN_POINT('',(105.345731,-65.,1.115));
#5175 = DIRECTION('',(0.,0.,1.));
#5176 = DIRECTION('',(1.,0.,-0.));
#5177 = ORIENTED_EDGE('',*,*,#5161,.F.);
#5178 = ORIENTED_EDGE('',*,*,#5179,.F.);
#5179 = EDGE_CURVE('',#5162,#5162,#5180,.T.);
#5180 = CIRCLE('',#5181,1.1);
#5181 = AXIS2_PLACEMENT_3D('',#5182,#5183,#5184);
#5182 = CARTESIAN_POINT('',(105.345731,-65.,1.04));
#5183 = DIRECTION('',(0.,0.,1.));
#5184 = DIRECTION('',(1.,0.,-0.));
#5185 = CYLINDRICAL_SURFACE('',#5186,1.1);
#5186 = AXIS2_PLACEMENT_3D('',#5187,#5188,#5189);
#5187 = CARTESIAN_POINT('',(105.345731,-65.,1.04));
#5188 = DIRECTION('',(-0.,-0.,-1.));
#5189 = DIRECTION('',(1.,0.,-0.));
#5190 = ADVANCED_FACE('',(#5191,#5194),#5205,.F.);
#5191 = FACE_BOUND('',#5192,.F.);
#5192 = EDGE_LOOP('',(#5193));
#5193 = ORIENTED_EDGE('',*,*,#5179,.T.);
#5194 = FACE_BOUND('',#5195,.F.);
#5195 = EDGE_LOOP('',(#5196));
#5196 = ORIENTED_EDGE('',*,*,#5197,.T.);
#5197 = EDGE_CURVE('',#5198,#5198,#5200,.T.);
#5198 = VERTEX_POINT('',#5199);
#5199 = CARTESIAN_POINT('',(105.345731,-65.675,1.04));
#5200 = CIRCLE('',#5201,0.675);
#5201 = AXIS2_PLACEMENT_3D('',#5202,#5203,#5204);
#5202 = CARTESIAN_POINT('',(105.345731,-65.,1.04));
#5203 = DIRECTION('',(-0.,0.,-1.));
#5204 = DIRECTION('',(-0.,-1.,0.));
#5205 = PLANE('',#5206);
#5206 = AXIS2_PLACEMENT_3D('',#5207,#5208,#5209);
#5207 = CARTESIAN_POINT('',(0.,0.,1.04));
#5208 = DIRECTION('',(0.,0.,1.));
#5209 = DIRECTION('',(1.,0.,-0.));
#5210 = ADVANCED_FACE('',(#5211,#5214),#5225,.T.);
#5211 = FACE_BOUND('',#5212,.T.);
#5212 = EDGE_LOOP('',(#5213));
#5213 = ORIENTED_EDGE('',*,*,#5171,.T.);
#5214 = FACE_BOUND('',#5215,.T.);
#5215 = EDGE_LOOP('',(#5216));
#5216 = ORIENTED_EDGE('',*,*,#5217,.T.);
#5217 = EDGE_CURVE('',#5218,#5218,#5220,.T.);
#5218 = VERTEX_POINT('',#5219);
#5219 = CARTESIAN_POINT('',(105.345731,-65.675,1.115));
#5220 = CIRCLE('',#5221,0.675);
#5221 = AXIS2_PLACEMENT_3D('',#5222,#5223,#5224);
#5222 = CARTESIAN_POINT('',(105.345731,-65.,1.115));
#5223 = DIRECTION('',(-0.,0.,-1.));
#5224 = DIRECTION('',(-0.,-1.,0.));
#5225 = PLANE('',#5226);
#5226 = AXIS2_PLACEMENT_3D('',#5227,#5228,#5229);
#5227 = CARTESIAN_POINT('',(0.,0.,1.115));
#5228 = DIRECTION('',(0.,0.,1.));
#5229 = DIRECTION('',(1.,0.,-0.));
#5230 = ADVANCED_FACE('',(#5231),#5242,.F.);
#5231 = FACE_BOUND('',#5232,.T.);
#5232 = EDGE_LOOP('',(#5233,#5234,#5240,#5241));
#5233 = ORIENTED_EDGE('',*,*,#5197,.T.);
#5234 = ORIENTED_EDGE('',*,*,#5235,.T.);
#5235 = EDGE_CURVE('',#5198,#5218,#5236,.T.);
#5236 = LINE('',#5237,#5238);
#5237 = CARTESIAN_POINT('',(105.345731,-65.675,-8.1E-02));
#5238 = VECTOR('',#5239,1.);
#5239 = DIRECTION('',(0.,0.,1.));
#5240 = ORIENTED_EDGE('',*,*,#5217,.F.);
#5241 = ORIENTED_EDGE('',*,*,#5235,.F.);
#5242 = CYLINDRICAL_SURFACE('',#5243,0.675);
#5243 = AXIS2_PLACEMENT_3D('',#5244,#5245,#5246);
#5244 = CARTESIAN_POINT('',(105.345731,-65.,-8.1E-02));
#5245 = DIRECTION('',(-0.,-0.,-1.));
#5246 = DIRECTION('',(-0.,-1.,0.));
#5247 = MANIFOLD_SOLID_BREP('',#5248);
#5248 = CLOSED_SHELL('',(#5249,#5282,#5302,#5322));
#5249 = ADVANCED_FACE('',(#5250),#5277,.T.);
#5250 = FACE_BOUND('',#5251,.T.);
#5251 = EDGE_LOOP('',(#5252,#5262,#5269,#5270));
#5252 = ORIENTED_EDGE('',*,*,#5253,.T.);
#5253 = EDGE_CURVE('',#5254,#5256,#5258,.T.);
#5254 = VERTEX_POINT('',#5255);
#5255 = CARTESIAN_POINT('',(106.445731,-65.,0.));
#5256 = VERTEX_POINT('',#5257);
#5257 = CARTESIAN_POINT('',(106.445731,-65.,-7.5E-02));
#5258 = LINE('',#5259,#5260);
#5259 = CARTESIAN_POINT('',(106.445731,-65.,0.));
#5260 = VECTOR('',#5261,1.);
#5261 = DIRECTION('',(0.,0.,-1.));
#5262 = ORIENTED_EDGE('',*,*,#5263,.T.);
#5263 = EDGE_CURVE('',#5256,#5256,#5264,.T.);
#5264 = CIRCLE('',#5265,1.1);
#5265 = AXIS2_PLACEMENT_3D('',#5266,#5267,#5268);
#5266 = CARTESIAN_POINT('',(105.345731,-65.,-7.5E-02));
#5267 = DIRECTION('',(0.,0.,1.));
#5268 = DIRECTION('',(1.,0.,-0.));
#5269 = ORIENTED_EDGE('',*,*,#5253,.F.);
#5270 = ORIENTED_EDGE('',*,*,#5271,.F.);
#5271 = EDGE_CURVE('',#5254,#5254,#5272,.T.);
#5272 = CIRCLE('',#5273,1.1);
#5273 = AXIS2_PLACEMENT_3D('',#5274,#5275,#5276);
#5274 = CARTESIAN_POINT('',(105.345731,-65.,0.));
#5275 = DIRECTION('',(0.,0.,1.));
#5276 = DIRECTION('',(1.,0.,-0.));
#5277 = CYLINDRICAL_SURFACE('',#5278,1.1);
#5278 = AXIS2_PLACEMENT_3D('',#5279,#5280,#5281);
#5279 = CARTESIAN_POINT('',(105.345731,-65.,0.));
#5280 = DIRECTION('',(0.,0.,1.));
#5281 = DIRECTION('',(1.,0.,-0.));
#5282 = ADVANCED_FACE('',(#5283,#5286),#5297,.F.);
#5283 = FACE_BOUND('',#5284,.F.);
#5284 = EDGE_LOOP('',(#5285));
#5285 = ORIENTED_EDGE('',*,*,#5271,.F.);
#5286 = FACE_BOUND('',#5287,.F.);
#5287 = EDGE_LOOP('',(#5288));
#5288 = ORIENTED_EDGE('',*,*,#5289,.F.);
#5289 = EDGE_CURVE('',#5290,#5290,#5292,.T.);
#5290 = VERTEX_POINT('',#5291);
#5291 = CARTESIAN_POINT('',(105.345731,-65.675,0.));
#5292 = CIRCLE('',#5293,0.675);
#5293 = AXIS2_PLACEMENT_3D('',#5294,#5295,#5296);
#5294 = CARTESIAN_POINT('',(105.345731,-65.,0.));
#5295 = DIRECTION('',(-0.,0.,-1.));
#5296 = DIRECTION('',(-0.,-1.,0.));
#5297 = PLANE('',#5298);
#5298 = AXIS2_PLACEMENT_3D('',#5299,#5300,#5301);
#5299 = CARTESIAN_POINT('',(0.,0.,0.));
#5300 = DIRECTION('',(-0.,-0.,-1.));
#5301 = DIRECTION('',(-1.,0.,0.));
#5302 = ADVANCED_FACE('',(#5303,#5306),#5317,.T.);
#5303 = FACE_BOUND('',#5304,.T.);
#5304 = EDGE_LOOP('',(#5305));
#5305 = ORIENTED_EDGE('',*,*,#5263,.F.);
#5306 = FACE_BOUND('',#5307,.T.);
#5307 = EDGE_LOOP('',(#5308));
#5308 = ORIENTED_EDGE('',*,*,#5309,.F.);
#5309 = EDGE_CURVE('',#5310,#5310,#5312,.T.);
#5310 = VERTEX_POINT('',#5311);
#5311 = CARTESIAN_POINT('',(105.345731,-65.675,-7.5E-02));
#5312 = CIRCLE('',#5313,0.675);
#5313 = AXIS2_PLACEMENT_3D('',#5314,#5315,#5316);
#5314 = CARTESIAN_POINT('',(105.345731,-65.,-7.5E-02));
#5315 = DIRECTION('',(-0.,0.,-1.));
#5316 = DIRECTION('',(-0.,-1.,0.));
#5317 = PLANE('',#5318);
#5318 = AXIS2_PLACEMENT_3D('',#5319,#5320,#5321);
#5319 = CARTESIAN_POINT('',(0.,0.,-7.5E-02));
#5320 = DIRECTION('',(-0.,-0.,-1.));
#5321 = DIRECTION('',(-1.,0.,0.));
#5322 = ADVANCED_FACE('',(#5323),#5334,.F.);
#5323 = FACE_BOUND('',#5324,.T.);
#5324 = EDGE_LOOP('',(#5325,#5326,#5332,#5333));
#5325 = ORIENTED_EDGE('',*,*,#5309,.T.);
#5326 = ORIENTED_EDGE('',*,*,#5327,.T.);
#5327 = EDGE_CURVE('',#5310,#5290,#5328,.T.);
#5328 = LINE('',#5329,#5330);
#5329 = CARTESIAN_POINT('',(105.345731,-65.675,-8.1E-02));
#5330 = VECTOR('',#5331,1.);
#5331 = DIRECTION('',(0.,0.,1.));
#5332 = ORIENTED_EDGE('',*,*,#5289,.F.);
#5333 = ORIENTED_EDGE('',*,*,#5327,.F.);
#5334 = CYLINDRICAL_SURFACE('',#5335,0.675);
#5335 = AXIS2_PLACEMENT_3D('',#5336,#5337,#5338);
#5336 = CARTESIAN_POINT('',(105.345731,-65.,-8.1E-02));
#5337 = DIRECTION('',(-0.,-0.,-1.));
#5338 = DIRECTION('',(-0.,-1.,0.));
#5339 = MANIFOLD_SOLID_BREP('',#5340);
#5340 = CLOSED_SHELL('',(#5341,#5374,#5394,#5414));
#5341 = ADVANCED_FACE('',(#5342),#5369,.T.);
#5342 = FACE_BOUND('',#5343,.F.);
#5343 = EDGE_LOOP('',(#5344,#5354,#5361,#5362));
#5344 = ORIENTED_EDGE('',*,*,#5345,.T.);
#5345 = EDGE_CURVE('',#5346,#5348,#5350,.T.);
#5346 = VERTEX_POINT('',#5347);
#5347 = CARTESIAN_POINT('',(105.345731,-65.7,-7.5E-02));
#5348 = VERTEX_POINT('',#5349);
#5349 = CARTESIAN_POINT('',(105.345731,-65.7,1.115));
#5350 = LINE('',#5351,#5352);
#5351 = CARTESIAN_POINT('',(105.345731,-65.7,-7.5E-02));
#5352 = VECTOR('',#5353,1.);
#5353 = DIRECTION('',(0.,0.,1.));
#5354 = ORIENTED_EDGE('',*,*,#5355,.T.);
#5355 = EDGE_CURVE('',#5348,#5348,#5356,.T.);
#5356 = CIRCLE('',#5357,0.7);
#5357 = AXIS2_PLACEMENT_3D('',#5358,#5359,#5360);
#5358 = CARTESIAN_POINT('',(105.345731,-65.,1.115));
#5359 = DIRECTION('',(0.,0.,1.));
#5360 = DIRECTION('',(-0.,-1.,0.));
#5361 = ORIENTED_EDGE('',*,*,#5345,.F.);
#5362 = ORIENTED_EDGE('',*,*,#5363,.F.);
#5363 = EDGE_CURVE('',#5346,#5346,#5364,.T.);
#5364 = CIRCLE('',#5365,0.7);
#5365 = AXIS2_PLACEMENT_3D('',#5366,#5367,#5368);
#5366 = CARTESIAN_POINT('',(105.345731,-65.,-7.5E-02));
#5367 = DIRECTION('',(0.,0.,1.));
#5368 = DIRECTION('',(-0.,-1.,0.));
#5369 = CYLINDRICAL_SURFACE('',#5370,0.7);
#5370 = AXIS2_PLACEMENT_3D('',#5371,#5372,#5373);
#5371 = CARTESIAN_POINT('',(105.345731,-65.,-7.5E-02));
#5372 = DIRECTION('',(-0.,-0.,-1.));
#5373 = DIRECTION('',(-0.,-1.,0.));
#5374 = ADVANCED_FACE('',(#5375,#5378),#5389,.F.);
#5375 = FACE_BOUND('',#5376,.F.);
#5376 = EDGE_LOOP('',(#5377));
#5377 = ORIENTED_EDGE('',*,*,#5363,.T.);
#5378 = FACE_BOUND('',#5379,.F.);
#5379 = EDGE_LOOP('',(#5380));
#5380 = ORIENTED_EDGE('',*,*,#5381,.T.);
#5381 = EDGE_CURVE('',#5382,#5382,#5384,.T.);
#5382 = VERTEX_POINT('',#5383);
#5383 = CARTESIAN_POINT('',(105.345731,-65.675,-7.5E-02));
#5384 = CIRCLE('',#5385,0.675);
#5385 = AXIS2_PLACEMENT_3D('',#5386,#5387,#5388);
#5386 = CARTESIAN_POINT('',(105.345731,-65.,-7.5E-02));
#5387 = DIRECTION('',(-0.,0.,-1.));
#5388 = DIRECTION('',(-0.,-1.,0.));
#5389 = PLANE('',#5390);
#5390 = AXIS2_PLACEMENT_3D('',#5391,#5392,#5393);
#5391 = CARTESIAN_POINT('',(105.345731,-65.7,-7.5E-02));
#5392 = DIRECTION('',(0.,0.,1.));
#5393 = DIRECTION('',(1.,0.,-0.));
#5394 = ADVANCED_FACE('',(#5395,#5398),#5409,.T.);
#5395 = FACE_BOUND('',#5396,.T.);
#5396 = EDGE_LOOP('',(#5397));
#5397 = ORIENTED_EDGE('',*,*,#5355,.T.);
#5398 = FACE_BOUND('',#5399,.T.);
#5399 = EDGE_LOOP('',(#5400));
#5400 = ORIENTED_EDGE('',*,*,#5401,.T.);
#5401 = EDGE_CURVE('',#5402,#5402,#5404,.T.);
#5402 = VERTEX_POINT('',#5403);
#5403 = CARTESIAN_POINT('',(105.345731,-65.675,1.115));
#5404 = CIRCLE('',#5405,0.675);
#5405 = AXIS2_PLACEMENT_3D('',#5406,#5407,#5408);
#5406 = CARTESIAN_POINT('',(105.345731,-65.,1.115));
#5407 = DIRECTION('',(-0.,0.,-1.));
#5408 = DIRECTION('',(-0.,-1.,0.));
#5409 = PLANE('',#5410);
#5410 = AXIS2_PLACEMENT_3D('',#5411,#5412,#5413);
#5411 = CARTESIAN_POINT('',(105.345731,-65.7,1.115));
#5412 = DIRECTION('',(0.,0.,1.));
#5413 = DIRECTION('',(1.,0.,-0.));
#5414 = ADVANCED_FACE('',(#5415),#5426,.F.);
#5415 = FACE_BOUND('',#5416,.T.);
#5416 = EDGE_LOOP('',(#5417,#5418,#5424,#5425));
#5417 = ORIENTED_EDGE('',*,*,#5381,.T.);
#5418 = ORIENTED_EDGE('',*,*,#5419,.T.);
#5419 = EDGE_CURVE('',#5382,#5402,#5420,.T.);
#5420 = LINE('',#5421,#5422);
#5421 = CARTESIAN_POINT('',(105.345731,-65.675,-8.1E-02));
#5422 = VECTOR('',#5423,1.);
#5423 = DIRECTION('',(0.,0.,1.));
#5424 = ORIENTED_EDGE('',*,*,#5401,.F.);
#5425 = ORIENTED_EDGE('',*,*,#5419,.F.);
#5426 = CYLINDRICAL_SURFACE('',#5427,0.675);
#5427 = AXIS2_PLACEMENT_3D('',#5428,#5429,#5430);
#5428 = CARTESIAN_POINT('',(105.345731,-65.,-8.1E-02));
#5429 = DIRECTION('',(-0.,-0.,-1.));
#5430 = DIRECTION('',(-0.,-1.,0.));
#5431 = MANIFOLD_SOLID_BREP('',#5432);
#5432 = CLOSED_SHELL('',(#5433,#5466,#5486,#5506));
#5433 = ADVANCED_FACE('',(#5434),#5461,.T.);
#5434 = FACE_BOUND('',#5435,.F.);
#5435 = EDGE_LOOP('',(#5436,#5446,#5453,#5454));
#5436 = ORIENTED_EDGE('',*,*,#5437,.T.);
#5437 = EDGE_CURVE('',#5438,#5440,#5442,.T.);
#5438 = VERTEX_POINT('',#5439);
#5439 = CARTESIAN_POINT('',(103.945731,-65.,1.04));
#5440 = VERTEX_POINT('',#5441);
#5441 = CARTESIAN_POINT('',(103.945731,-65.,1.115));
#5442 = LINE('',#5443,#5444);
#5443 = CARTESIAN_POINT('',(103.945731,-65.,1.04));
#5444 = VECTOR('',#5445,1.);
#5445 = DIRECTION('',(0.,0.,1.));
#5446 = ORIENTED_EDGE('',*,*,#5447,.T.);
#5447 = EDGE_CURVE('',#5440,#5440,#5448,.T.);
#5448 = CIRCLE('',#5449,1.1);
#5449 = AXIS2_PLACEMENT_3D('',#5450,#5451,#5452);
#5450 = CARTESIAN_POINT('',(102.845731,-65.,1.115));
#5451 = DIRECTION('',(0.,0.,1.));
#5452 = DIRECTION('',(1.,0.,-0.));
#5453 = ORIENTED_EDGE('',*,*,#5437,.F.);
#5454 = ORIENTED_EDGE('',*,*,#5455,.F.);
#5455 = EDGE_CURVE('',#5438,#5438,#5456,.T.);
#5456 = CIRCLE('',#5457,1.1);
#5457 = AXIS2_PLACEMENT_3D('',#5458,#5459,#5460);
#5458 = CARTESIAN_POINT('',(102.845731,-65.,1.04));
#5459 = DIRECTION('',(0.,0.,1.));
#5460 = DIRECTION('',(1.,0.,-0.));
#5461 = CYLINDRICAL_SURFACE('',#5462,1.1);
#5462 = AXIS2_PLACEMENT_3D('',#5463,#5464,#5465);
#5463 = CARTESIAN_POINT('',(102.845731,-65.,1.04));
#5464 = DIRECTION('',(-0.,-0.,-1.));
#5465 = DIRECTION('',(1.,0.,-0.));
#5466 = ADVANCED_FACE('',(#5467,#5470),#5481,.F.);
#5467 = FACE_BOUND('',#5468,.F.);
#5468 = EDGE_LOOP('',(#5469));
#5469 = ORIENTED_EDGE('',*,*,#5455,.T.);
#5470 = FACE_BOUND('',#5471,.F.);
#5471 = EDGE_LOOP('',(#5472));
#5472 = ORIENTED_EDGE('',*,*,#5473,.T.);
#5473 = EDGE_CURVE('',#5474,#5474,#5476,.T.);
#5474 = VERTEX_POINT('',#5475);
#5475 = CARTESIAN_POINT('',(102.845731,-65.675,1.04));
#5476 = CIRCLE('',#5477,0.675);
#5477 = AXIS2_PLACEMENT_3D('',#5478,#5479,#5480);
#5478 = CARTESIAN_POINT('',(102.845731,-65.,1.04));
#5479 = DIRECTION('',(-0.,0.,-1.));
#5480 = DIRECTION('',(-0.,-1.,0.));
#5481 = PLANE('',#5482);
#5482 = AXIS2_PLACEMENT_3D('',#5483,#5484,#5485);
#5483 = CARTESIAN_POINT('',(0.,0.,1.04));
#5484 = DIRECTION('',(0.,0.,1.));
#5485 = DIRECTION('',(1.,0.,-0.));
#5486 = ADVANCED_FACE('',(#5487,#5490),#5501,.T.);
#5487 = FACE_BOUND('',#5488,.T.);
#5488 = EDGE_LOOP('',(#5489));
#5489 = ORIENTED_EDGE('',*,*,#5447,.T.);
#5490 = FACE_BOUND('',#5491,.T.);
#5491 = EDGE_LOOP('',(#5492));
#5492 = ORIENTED_EDGE('',*,*,#5493,.T.);
#5493 = EDGE_CURVE('',#5494,#5494,#5496,.T.);
#5494 = VERTEX_POINT('',#5495);
#5495 = CARTESIAN_POINT('',(102.845731,-65.675,1.115));
#5496 = CIRCLE('',#5497,0.675);
#5497 = AXIS2_PLACEMENT_3D('',#5498,#5499,#5500);
#5498 = CARTESIAN_POINT('',(102.845731,-65.,1.115));
#5499 = DIRECTION('',(-0.,0.,-1.));
#5500 = DIRECTION('',(-0.,-1.,0.));
#5501 = PLANE('',#5502);
#5502 = AXIS2_PLACEMENT_3D('',#5503,#5504,#5505);
#5503 = CARTESIAN_POINT('',(0.,0.,1.115));
#5504 = DIRECTION('',(0.,0.,1.));
#5505 = DIRECTION('',(1.,0.,-0.));
#5506 = ADVANCED_FACE('',(#5507),#5518,.F.);
#5507 = FACE_BOUND('',#5508,.T.);
#5508 = EDGE_LOOP('',(#5509,#5510,#5516,#5517));
#5509 = ORIENTED_EDGE('',*,*,#5473,.T.);
#5510 = ORIENTED_EDGE('',*,*,#5511,.T.);
#5511 = EDGE_CURVE('',#5474,#5494,#5512,.T.);
#5512 = LINE('',#5513,#5514);
#5513 = CARTESIAN_POINT('',(102.845731,-65.675,-8.1E-02));
#5514 = VECTOR('',#5515,1.);
#5515 = DIRECTION('',(0.,0.,1.));
#5516 = ORIENTED_EDGE('',*,*,#5493,.F.);
#5517 = ORIENTED_EDGE('',*,*,#5511,.F.);
#5518 = CYLINDRICAL_SURFACE('',#5519,0.675);
#5519 = AXIS2_PLACEMENT_3D('',#5520,#5521,#5522);
#5520 = CARTESIAN_POINT('',(102.845731,-65.,-8.1E-02));
#5521 = DIRECTION('',(-0.,-0.,-1.));
#5522 = DIRECTION('',(-0.,-1.,0.));
#5523 = MANIFOLD_SOLID_BREP('',#5524);
#5524 = CLOSED_SHELL('',(#5525,#5558,#5578,#5598));
#5525 = ADVANCED_FACE('',(#5526),#5553,.T.);
#5526 = FACE_BOUND('',#5527,.T.);
#5527 = EDGE_LOOP('',(#5528,#5538,#5545,#5546));
#5528 = ORIENTED_EDGE('',*,*,#5529,.T.);
#5529 = EDGE_CURVE('',#5530,#5532,#5534,.T.);
#5530 = VERTEX_POINT('',#5531);
#5531 = CARTESIAN_POINT('',(103.945731,-65.,0.));
#5532 = VERTEX_POINT('',#5533);
#5533 = CARTESIAN_POINT('',(103.945731,-65.,-7.5E-02));
#5534 = LINE('',#5535,#5536);
#5535 = CARTESIAN_POINT('',(103.945731,-65.,0.));
#5536 = VECTOR('',#5537,1.);
#5537 = DIRECTION('',(0.,0.,-1.));
#5538 = ORIENTED_EDGE('',*,*,#5539,.T.);
#5539 = EDGE_CURVE('',#5532,#5532,#5540,.T.);
#5540 = CIRCLE('',#5541,1.1);
#5541 = AXIS2_PLACEMENT_3D('',#5542,#5543,#5544);
#5542 = CARTESIAN_POINT('',(102.845731,-65.,-7.5E-02));
#5543 = DIRECTION('',(0.,0.,1.));
#5544 = DIRECTION('',(1.,0.,-0.));
#5545 = ORIENTED_EDGE('',*,*,#5529,.F.);
#5546 = ORIENTED_EDGE('',*,*,#5547,.F.);
#5547 = EDGE_CURVE('',#5530,#5530,#5548,.T.);
#5548 = CIRCLE('',#5549,1.1);
#5549 = AXIS2_PLACEMENT_3D('',#5550,#5551,#5552);
#5550 = CARTESIAN_POINT('',(102.845731,-65.,0.));
#5551 = DIRECTION('',(0.,0.,1.));
#5552 = DIRECTION('',(1.,0.,-0.));
#5553 = CYLINDRICAL_SURFACE('',#5554,1.1);
#5554 = AXIS2_PLACEMENT_3D('',#5555,#5556,#5557);
#5555 = CARTESIAN_POINT('',(102.845731,-65.,0.));
#5556 = DIRECTION('',(0.,0.,1.));
#5557 = DIRECTION('',(1.,0.,-0.));
#5558 = ADVANCED_FACE('',(#5559,#5562),#5573,.F.);
#5559 = FACE_BOUND('',#5560,.F.);
#5560 = EDGE_LOOP('',(#5561));
#5561 = ORIENTED_EDGE('',*,*,#5547,.F.);
#5562 = FACE_BOUND('',#5563,.F.);
#5563 = EDGE_LOOP('',(#5564));
#5564 = ORIENTED_EDGE('',*,*,#5565,.F.);
#5565 = EDGE_CURVE('',#5566,#5566,#5568,.T.);
#5566 = VERTEX_POINT('',#5567);
#5567 = CARTESIAN_POINT('',(102.845731,-65.675,0.));
#5568 = CIRCLE('',#5569,0.675);
#5569 = AXIS2_PLACEMENT_3D('',#5570,#5571,#5572);
#5570 = CARTESIAN_POINT('',(102.845731,-65.,0.));
#5571 = DIRECTION('',(-0.,0.,-1.));
#5572 = DIRECTION('',(-0.,-1.,0.));
#5573 = PLANE('',#5574);
#5574 = AXIS2_PLACEMENT_3D('',#5575,#5576,#5577);
#5575 = CARTESIAN_POINT('',(0.,0.,0.));
#5576 = DIRECTION('',(-0.,-0.,-1.));
#5577 = DIRECTION('',(-1.,0.,0.));
#5578 = ADVANCED_FACE('',(#5579,#5582),#5593,.T.);
#5579 = FACE_BOUND('',#5580,.T.);
#5580 = EDGE_LOOP('',(#5581));
#5581 = ORIENTED_EDGE('',*,*,#5539,.F.);
#5582 = FACE_BOUND('',#5583,.T.);
#5583 = EDGE_LOOP('',(#5584));
#5584 = ORIENTED_EDGE('',*,*,#5585,.F.);
#5585 = EDGE_CURVE('',#5586,#5586,#5588,.T.);
#5586 = VERTEX_POINT('',#5587);
#5587 = CARTESIAN_POINT('',(102.845731,-65.675,-7.5E-02));
#5588 = CIRCLE('',#5589,0.675);
#5589 = AXIS2_PLACEMENT_3D('',#5590,#5591,#5592);
#5590 = CARTESIAN_POINT('',(102.845731,-65.,-7.5E-02));
#5591 = DIRECTION('',(-0.,0.,-1.));
#5592 = DIRECTION('',(-0.,-1.,0.));
#5593 = PLANE('',#5594);
#5594 = AXIS2_PLACEMENT_3D('',#5595,#5596,#5597);
#5595 = CARTESIAN_POINT('',(0.,0.,-7.5E-02));
#5596 = DIRECTION('',(-0.,-0.,-1.));
#5597 = DIRECTION('',(-1.,0.,0.));
#5598 = ADVANCED_FACE('',(#5599),#5610,.F.);
#5599 = FACE_BOUND('',#5600,.T.);
#5600 = EDGE_LOOP('',(#5601,#5602,#5608,#5609));
#5601 = ORIENTED_EDGE('',*,*,#5585,.T.);
#5602 = ORIENTED_EDGE('',*,*,#5603,.T.);
#5603 = EDGE_CURVE('',#5586,#5566,#5604,.T.);
#5604 = LINE('',#5605,#5606);
#5605 = CARTESIAN_POINT('',(102.845731,-65.675,-8.1E-02));
#5606 = VECTOR('',#5607,1.);
#5607 = DIRECTION('',(0.,0.,1.));
#5608 = ORIENTED_EDGE('',*,*,#5565,.F.);
#5609 = ORIENTED_EDGE('',*,*,#5603,.F.);
#5610 = CYLINDRICAL_SURFACE('',#5611,0.675);
#5611 = AXIS2_PLACEMENT_3D('',#5612,#5613,#5614);
#5612 = CARTESIAN_POINT('',(102.845731,-65.,-8.1E-02));
#5613 = DIRECTION('',(-0.,-0.,-1.));
#5614 = DIRECTION('',(-0.,-1.,0.));
#5615 = MANIFOLD_SOLID_BREP('',#5616);
#5616 = CLOSED_SHELL('',(#5617,#5650,#5670,#5690));
#5617 = ADVANCED_FACE('',(#5618),#5645,.T.);
#5618 = FACE_BOUND('',#5619,.F.);
#5619 = EDGE_LOOP('',(#5620,#5630,#5637,#5638));
#5620 = ORIENTED_EDGE('',*,*,#5621,.T.);
#5621 = EDGE_CURVE('',#5622,#5624,#5626,.T.);
#5622 = VERTEX_POINT('',#5623);
#5623 = CARTESIAN_POINT('',(102.845731,-65.7,-7.5E-02));
#5624 = VERTEX_POINT('',#5625);
#5625 = CARTESIAN_POINT('',(102.845731,-65.7,1.115));
#5626 = LINE('',#5627,#5628);
#5627 = CARTESIAN_POINT('',(102.845731,-65.7,-7.5E-02));
#5628 = VECTOR('',#5629,1.);
#5629 = DIRECTION('',(0.,0.,1.));
#5630 = ORIENTED_EDGE('',*,*,#5631,.T.);
#5631 = EDGE_CURVE('',#5624,#5624,#5632,.T.);
#5632 = CIRCLE('',#5633,0.7);
#5633 = AXIS2_PLACEMENT_3D('',#5634,#5635,#5636);
#5634 = CARTESIAN_POINT('',(102.845731,-65.,1.115));
#5635 = DIRECTION('',(0.,0.,1.));
#5636 = DIRECTION('',(-0.,-1.,0.));
#5637 = ORIENTED_EDGE('',*,*,#5621,.F.);
#5638 = ORIENTED_EDGE('',*,*,#5639,.F.);
#5639 = EDGE_CURVE('',#5622,#5622,#5640,.T.);
#5640 = CIRCLE('',#5641,0.7);
#5641 = AXIS2_PLACEMENT_3D('',#5642,#5643,#5644);
#5642 = CARTESIAN_POINT('',(102.845731,-65.,-7.5E-02));
#5643 = DIRECTION('',(0.,0.,1.));
#5644 = DIRECTION('',(-0.,-1.,0.));
#5645 = CYLINDRICAL_SURFACE('',#5646,0.7);
#5646 = AXIS2_PLACEMENT_3D('',#5647,#5648,#5649);
#5647 = CARTESIAN_POINT('',(102.845731,-65.,-7.5E-02));
#5648 = DIRECTION('',(-0.,-0.,-1.));
#5649 = DIRECTION('',(-0.,-1.,0.));
#5650 = ADVANCED_FACE('',(#5651,#5654),#5665,.F.);
#5651 = FACE_BOUND('',#5652,.F.);
#5652 = EDGE_LOOP('',(#5653));
#5653 = ORIENTED_EDGE('',*,*,#5639,.T.);
#5654 = FACE_BOUND('',#5655,.F.);
#5655 = EDGE_LOOP('',(#5656));
#5656 = ORIENTED_EDGE('',*,*,#5657,.T.);
#5657 = EDGE_CURVE('',#5658,#5658,#5660,.T.);
#5658 = VERTEX_POINT('',#5659);
#5659 = CARTESIAN_POINT('',(102.845731,-65.675,-7.5E-02));
#5660 = CIRCLE('',#5661,0.675);
#5661 = AXIS2_PLACEMENT_3D('',#5662,#5663,#5664);
#5662 = CARTESIAN_POINT('',(102.845731,-65.,-7.5E-02));
#5663 = DIRECTION('',(-0.,0.,-1.));
#5664 = DIRECTION('',(-0.,-1.,0.));
#5665 = PLANE('',#5666);
#5666 = AXIS2_PLACEMENT_3D('',#5667,#5668,#5669);
#5667 = CARTESIAN_POINT('',(102.845731,-65.7,-7.5E-02));
#5668 = DIRECTION('',(0.,0.,1.));
#5669 = DIRECTION('',(1.,0.,-0.));
#5670 = ADVANCED_FACE('',(#5671,#5674),#5685,.T.);
#5671 = FACE_BOUND('',#5672,.T.);
#5672 = EDGE_LOOP('',(#5673));
#5673 = ORIENTED_EDGE('',*,*,#5631,.T.);
#5674 = FACE_BOUND('',#5675,.T.);
#5675 = EDGE_LOOP('',(#5676));
#5676 = ORIENTED_EDGE('',*,*,#5677,.T.);
#5677 = EDGE_CURVE('',#5678,#5678,#5680,.T.);
#5678 = VERTEX_POINT('',#5679);
#5679 = CARTESIAN_POINT('',(102.845731,-65.675,1.115));
#5680 = CIRCLE('',#5681,0.675);
#5681 = AXIS2_PLACEMENT_3D('',#5682,#5683,#5684);
#5682 = CARTESIAN_POINT('',(102.845731,-65.,1.115));
#5683 = DIRECTION('',(-0.,0.,-1.));
#5684 = DIRECTION('',(-0.,-1.,0.));
#5685 = PLANE('',#5686);
#5686 = AXIS2_PLACEMENT_3D('',#5687,#5688,#5689);
#5687 = CARTESIAN_POINT('',(102.845731,-65.7,1.115));
#5688 = DIRECTION('',(0.,0.,1.));
#5689 = DIRECTION('',(1.,0.,-0.));
#5690 = ADVANCED_FACE('',(#5691),#5702,.F.);
#5691 = FACE_BOUND('',#5692,.T.);
#5692 = EDGE_LOOP('',(#5693,#5694,#5700,#5701));
#5693 = ORIENTED_EDGE('',*,*,#5657,.T.);
#5694 = ORIENTED_EDGE('',*,*,#5695,.T.);
#5695 = EDGE_CURVE('',#5658,#5678,#5696,.T.);
#5696 = LINE('',#5697,#5698);
#5697 = CARTESIAN_POINT('',(102.845731,-65.675,-8.1E-02));
#5698 = VECTOR('',#5699,1.);
#5699 = DIRECTION('',(0.,0.,1.));
#5700 = ORIENTED_EDGE('',*,*,#5677,.F.);
#5701 = ORIENTED_EDGE('',*,*,#5695,.F.);
#5702 = CYLINDRICAL_SURFACE('',#5703,0.675);
#5703 = AXIS2_PLACEMENT_3D('',#5704,#5705,#5706);
#5704 = CARTESIAN_POINT('',(102.845731,-65.,-8.1E-02));
#5705 = DIRECTION('',(-0.,-0.,-1.));
#5706 = DIRECTION('',(-0.,-1.,0.));
#5707 = MANIFOLD_SOLID_BREP('',#5708);
#5708 = CLOSED_SHELL('',(#5709,#5751,#5782,#5813,#5876,#5939,#5956,#5973
    ,#5990,#6007,#6019));
#5709 = ADVANCED_FACE('',(#5710),#5746,.T.);
#5710 = FACE_BOUND('',#5711,.T.);
#5711 = EDGE_LOOP('',(#5712,#5722,#5731,#5739));
#5712 = ORIENTED_EDGE('',*,*,#5713,.T.);
#5713 = EDGE_CURVE('',#5714,#5716,#5718,.T.);
#5714 = VERTEX_POINT('',#5715);
#5715 = CARTESIAN_POINT('',(113.886012,-83.650001,1.04));
#5716 = VERTEX_POINT('',#5717);
#5717 = CARTESIAN_POINT('',(113.886012,-83.650001,1.115));
#5718 = LINE('',#5719,#5720);
#5719 = CARTESIAN_POINT('',(113.886012,-83.650001,1.04));
#5720 = VECTOR('',#5721,1.);
#5721 = DIRECTION('',(0.,0.,1.));
#5722 = ORIENTED_EDGE('',*,*,#5723,.T.);
#5723 = EDGE_CURVE('',#5716,#5724,#5726,.T.);
#5724 = VERTEX_POINT('',#5725);
#5725 = CARTESIAN_POINT('',(114.136014,-83.400001,1.115));
#5726 = CIRCLE('',#5727,0.25000066679);
#5727 = AXIS2_PLACEMENT_3D('',#5728,#5729,#5730);
#5728 = CARTESIAN_POINT('',(114.13601266678,-83.65000166678,1.115));
#5729 = DIRECTION('',(0.,0.,-1.));
#5730 = DIRECTION('',(-0.999999999996,2.667137087818E-06,0.));
#5731 = ORIENTED_EDGE('',*,*,#5732,.F.);
#5732 = EDGE_CURVE('',#5733,#5724,#5735,.T.);
#5733 = VERTEX_POINT('',#5734);
#5734 = CARTESIAN_POINT('',(114.136014,-83.400001,1.04));
#5735 = LINE('',#5736,#5737);
#5736 = CARTESIAN_POINT('',(114.136014,-83.400001,1.04));
#5737 = VECTOR('',#5738,1.);
#5738 = DIRECTION('',(0.,0.,1.));
#5739 = ORIENTED_EDGE('',*,*,#5740,.F.);
#5740 = EDGE_CURVE('',#5714,#5733,#5741,.T.);
#5741 = CIRCLE('',#5742,0.25000066679);
#5742 = AXIS2_PLACEMENT_3D('',#5743,#5744,#5745);
#5743 = CARTESIAN_POINT('',(114.13601266678,-83.65000166678,1.04));
#5744 = DIRECTION('',(0.,0.,-1.));
#5745 = DIRECTION('',(-0.999999999996,2.667137087818E-06,0.));
#5746 = CYLINDRICAL_SURFACE('',#5747,0.25000066679);
#5747 = AXIS2_PLACEMENT_3D('',#5748,#5749,#5750);
#5748 = CARTESIAN_POINT('',(114.13601266678,-83.65000166678,1.04));
#5749 = DIRECTION('',(0.,0.,-1.));
#5750 = DIRECTION('',(-0.999999999996,2.667137087818E-06,0.));
#5751 = ADVANCED_FACE('',(#5752),#5777,.T.);
#5752 = FACE_BOUND('',#5753,.T.);
#5753 = EDGE_LOOP('',(#5754,#5764,#5770,#5771));
#5754 = ORIENTED_EDGE('',*,*,#5755,.T.);
#5755 = EDGE_CURVE('',#5756,#5758,#5760,.T.);
#5756 = VERTEX_POINT('',#5757);
#5757 = CARTESIAN_POINT('',(113.886013,-85.849998,1.04));
#5758 = VERTEX_POINT('',#5759);
#5759 = CARTESIAN_POINT('',(113.886013,-85.849998,1.115));
#5760 = LINE('',#5761,#5762);
#5761 = CARTESIAN_POINT('',(113.886013,-85.849998,1.04));
#5762 = VECTOR('',#5763,1.);
#5763 = DIRECTION('',(0.,0.,1.));
#5764 = ORIENTED_EDGE('',*,*,#5765,.T.);
#5765 = EDGE_CURVE('',#5758,#5716,#5766,.T.);
#5766 = LINE('',#5767,#5768);
#5767 = CARTESIAN_POINT('',(113.886013,-85.849998,1.115));
#5768 = VECTOR('',#5769,1.);
#5769 = DIRECTION('',(-4.545460796928E-07,1.,0.));
#5770 = ORIENTED_EDGE('',*,*,#5713,.F.);
#5771 = ORIENTED_EDGE('',*,*,#5772,.F.);
#5772 = EDGE_CURVE('',#5756,#5714,#5773,.T.);
#5773 = LINE('',#5774,#5775);
#5774 = CARTESIAN_POINT('',(113.886013,-85.849998,1.04));
#5775 = VECTOR('',#5776,1.);
#5776 = DIRECTION('',(-4.545460796928E-07,1.,0.));
#5777 = PLANE('',#5778);
#5778 = AXIS2_PLACEMENT_3D('',#5779,#5780,#5781);
#5779 = CARTESIAN_POINT('',(113.886013,-85.849998,1.04));
#5780 = DIRECTION('',(-1.,-4.545460796928E-07,0.));
#5781 = DIRECTION('',(-4.545460796928E-07,1.,0.));
#5782 = ADVANCED_FACE('',(#5783),#5808,.T.);
#5783 = FACE_BOUND('',#5784,.T.);
#5784 = EDGE_LOOP('',(#5785,#5786,#5794,#5802));
#5785 = ORIENTED_EDGE('',*,*,#5732,.T.);
#5786 = ORIENTED_EDGE('',*,*,#5787,.T.);
#5787 = EDGE_CURVE('',#5724,#5788,#5790,.T.);
#5788 = VERTEX_POINT('',#5789);
#5789 = CARTESIAN_POINT('',(116.336011,-83.4,1.115));
#5790 = LINE('',#5791,#5792);
#5791 = CARTESIAN_POINT('',(114.136014,-83.400001,1.115));
#5792 = VECTOR('',#5793,1.);
#5793 = DIRECTION('',(1.,4.545460732333E-07,0.));
#5794 = ORIENTED_EDGE('',*,*,#5795,.F.);
#5795 = EDGE_CURVE('',#5796,#5788,#5798,.T.);
#5796 = VERTEX_POINT('',#5797);
#5797 = CARTESIAN_POINT('',(116.336011,-83.4,1.04));
#5798 = LINE('',#5799,#5800);
#5799 = CARTESIAN_POINT('',(116.336011,-83.4,1.04));
#5800 = VECTOR('',#5801,1.);
#5801 = DIRECTION('',(0.,0.,1.));
#5802 = ORIENTED_EDGE('',*,*,#5803,.F.);
#5803 = EDGE_CURVE('',#5733,#5796,#5804,.T.);
#5804 = LINE('',#5805,#5806);
#5805 = CARTESIAN_POINT('',(114.136014,-83.400001,1.04));
#5806 = VECTOR('',#5807,1.);
#5807 = DIRECTION('',(1.,4.545460732333E-07,0.));
#5808 = PLANE('',#5809);
#5809 = AXIS2_PLACEMENT_3D('',#5810,#5811,#5812);
#5810 = CARTESIAN_POINT('',(114.136014,-83.400001,1.04));
#5811 = DIRECTION('',(-4.545460732333E-07,1.,0.));
#5812 = DIRECTION('',(1.,4.545460732333E-07,0.));
#5813 = ADVANCED_FACE('',(#5814,#5860),#5871,.F.);
#5814 = FACE_BOUND('',#5815,.F.);
#5815 = EDGE_LOOP('',(#5816,#5817,#5818,#5827,#5835,#5844,#5852,#5859));
#5816 = ORIENTED_EDGE('',*,*,#5740,.F.);
#5817 = ORIENTED_EDGE('',*,*,#5772,.F.);
#5818 = ORIENTED_EDGE('',*,*,#5819,.F.);
#5819 = EDGE_CURVE('',#5820,#5756,#5822,.T.);
#5820 = VERTEX_POINT('',#5821);
#5821 = CARTESIAN_POINT('',(114.136013,-86.1,1.04));
#5822 = CIRCLE('',#5823,0.25000066679);
#5823 = AXIS2_PLACEMENT_3D('',#5824,#5825,#5826);
#5824 = CARTESIAN_POINT('',(114.13601366678,-85.84999933321,1.04));
#5825 = DIRECTION('',(0.,0.,-1.));
#5826 = DIRECTION('',(-2.667137030976E-06,-0.999999999996,-0.));
#5827 = ORIENTED_EDGE('',*,*,#5828,.F.);
#5828 = EDGE_CURVE('',#5829,#5820,#5831,.T.);
#5829 = VERTEX_POINT('',#5830);
#5830 = CARTESIAN_POINT('',(116.33601,-86.099999,1.04));
#5831 = LINE('',#5832,#5833);
#5832 = CARTESIAN_POINT('',(116.33601,-86.099999,1.04));
#5833 = VECTOR('',#5834,1.);
#5834 = DIRECTION('',(-1.,-4.545460732333E-07,0.));
#5835 = ORIENTED_EDGE('',*,*,#5836,.F.);
#5836 = EDGE_CURVE('',#5837,#5829,#5839,.T.);
#5837 = VERTEX_POINT('',#5838);
#5838 = CARTESIAN_POINT('',(116.586012,-85.849999,1.04));
#5839 = CIRCLE('',#5840,0.25000066679);
#5840 = AXIS2_PLACEMENT_3D('',#5841,#5842,#5843);
#5841 = CARTESIAN_POINT('',(116.33601133321,-85.84999833321,1.04));
#5842 = DIRECTION('',(0.,0.,-1.));
#5843 = DIRECTION('',(0.999999999996,-2.667136974132E-06,0.));
#5844 = ORIENTED_EDGE('',*,*,#5845,.F.);
#5845 = EDGE_CURVE('',#5846,#5837,#5848,.T.);
#5846 = VERTEX_POINT('',#5847);
#5847 = CARTESIAN_POINT('',(116.586011,-83.650002,1.04));
#5848 = LINE('',#5849,#5850);
#5849 = CARTESIAN_POINT('',(116.586011,-83.650002,1.04));
#5850 = VECTOR('',#5851,1.);
#5851 = DIRECTION('',(4.545460732333E-07,-1.,0.));
#5852 = ORIENTED_EDGE('',*,*,#5853,.F.);
#5853 = EDGE_CURVE('',#5796,#5846,#5854,.T.);
#5854 = CIRCLE('',#5855,0.25000066679);
#5855 = AXIS2_PLACEMENT_3D('',#5856,#5857,#5858);
#5856 = CARTESIAN_POINT('',(116.33601033321,-83.65000066678,1.04));
#5857 = DIRECTION('',(0.,0.,-1.));
#5858 = DIRECTION('',(2.667137030976E-06,0.999999999996,0.));
#5859 = ORIENTED_EDGE('',*,*,#5803,.F.);
#5860 = FACE_BOUND('',#5861,.F.);
#5861 = EDGE_LOOP('',(#5862));
#5862 = ORIENTED_EDGE('',*,*,#5863,.T.);
#5863 = EDGE_CURVE('',#5864,#5864,#5866,.T.);
#5864 = VERTEX_POINT('',#5865);
#5865 = CARTESIAN_POINT('',(115.236012,-85.575,1.04));
#5866 = CIRCLE('',#5867,0.825);
#5867 = AXIS2_PLACEMENT_3D('',#5868,#5869,#5870);
#5868 = CARTESIAN_POINT('',(115.236012,-84.75,1.04));
#5869 = DIRECTION('',(-0.,0.,-1.));
#5870 = DIRECTION('',(-0.,-1.,0.));
#5871 = PLANE('',#5872);
#5872 = AXIS2_PLACEMENT_3D('',#5873,#5874,#5875);
#5873 = CARTESIAN_POINT('',(0.,0.,1.04));
#5874 = DIRECTION('',(0.,0.,1.));
#5875 = DIRECTION('',(1.,0.,-0.));
#5876 = ADVANCED_FACE('',(#5877,#5923),#5934,.T.);
#5877 = FACE_BOUND('',#5878,.T.);
#5878 = EDGE_LOOP('',(#5879,#5880,#5881,#5890,#5898,#5907,#5915,#5922));
#5879 = ORIENTED_EDGE('',*,*,#5723,.F.);
#5880 = ORIENTED_EDGE('',*,*,#5765,.F.);
#5881 = ORIENTED_EDGE('',*,*,#5882,.F.);
#5882 = EDGE_CURVE('',#5883,#5758,#5885,.T.);
#5883 = VERTEX_POINT('',#5884);
#5884 = CARTESIAN_POINT('',(114.136013,-86.1,1.115));
#5885 = CIRCLE('',#5886,0.25000066679);
#5886 = AXIS2_PLACEMENT_3D('',#5887,#5888,#5889);
#5887 = CARTESIAN_POINT('',(114.13601366678,-85.84999933321,1.115));
#5888 = DIRECTION('',(0.,0.,-1.));
#5889 = DIRECTION('',(-2.667137030976E-06,-0.999999999996,-0.));
#5890 = ORIENTED_EDGE('',*,*,#5891,.F.);
#5891 = EDGE_CURVE('',#5892,#5883,#5894,.T.);
#5892 = VERTEX_POINT('',#5893);
#5893 = CARTESIAN_POINT('',(116.33601,-86.099999,1.115));
#5894 = LINE('',#5895,#5896);
#5895 = CARTESIAN_POINT('',(116.33601,-86.099999,1.115));
#5896 = VECTOR('',#5897,1.);
#5897 = DIRECTION('',(-1.,-4.545460732333E-07,0.));
#5898 = ORIENTED_EDGE('',*,*,#5899,.F.);
#5899 = EDGE_CURVE('',#5900,#5892,#5902,.T.);
#5900 = VERTEX_POINT('',#5901);
#5901 = CARTESIAN_POINT('',(116.586012,-85.849999,1.115));
#5902 = CIRCLE('',#5903,0.25000066679);
#5903 = AXIS2_PLACEMENT_3D('',#5904,#5905,#5906);
#5904 = CARTESIAN_POINT('',(116.33601133321,-85.84999833321,1.115));
#5905 = DIRECTION('',(0.,0.,-1.));
#5906 = DIRECTION('',(0.999999999996,-2.667136974132E-06,0.));
#5907 = ORIENTED_EDGE('',*,*,#5908,.F.);
#5908 = EDGE_CURVE('',#5909,#5900,#5911,.T.);
#5909 = VERTEX_POINT('',#5910);
#5910 = CARTESIAN_POINT('',(116.586011,-83.650002,1.115));
#5911 = LINE('',#5912,#5913);
#5912 = CARTESIAN_POINT('',(116.586011,-83.650002,1.115));
#5913 = VECTOR('',#5914,1.);
#5914 = DIRECTION('',(4.545460732333E-07,-1.,0.));
#5915 = ORIENTED_EDGE('',*,*,#5916,.F.);
#5916 = EDGE_CURVE('',#5788,#5909,#5917,.T.);
#5917 = CIRCLE('',#5918,0.25000066679);
#5918 = AXIS2_PLACEMENT_3D('',#5919,#5920,#5921);
#5919 = CARTESIAN_POINT('',(116.33601033321,-83.65000066678,1.115));
#5920 = DIRECTION('',(0.,0.,-1.));
#5921 = DIRECTION('',(2.667137030976E-06,0.999999999996,0.));
#5922 = ORIENTED_EDGE('',*,*,#5787,.F.);
#5923 = FACE_BOUND('',#5924,.T.);
#5924 = EDGE_LOOP('',(#5925));
#5925 = ORIENTED_EDGE('',*,*,#5926,.T.);
#5926 = EDGE_CURVE('',#5927,#5927,#5929,.T.);
#5927 = VERTEX_POINT('',#5928);
#5928 = CARTESIAN_POINT('',(115.236012,-85.575,1.115));
#5929 = CIRCLE('',#5930,0.825);
#5930 = AXIS2_PLACEMENT_3D('',#5931,#5932,#5933);
#5931 = CARTESIAN_POINT('',(115.236012,-84.75,1.115));
#5932 = DIRECTION('',(-0.,0.,-1.));
#5933 = DIRECTION('',(-0.,-1.,0.));
#5934 = PLANE('',#5935);
#5935 = AXIS2_PLACEMENT_3D('',#5936,#5937,#5938);
#5936 = CARTESIAN_POINT('',(0.,0.,1.115));
#5937 = DIRECTION('',(0.,0.,1.));
#5938 = DIRECTION('',(1.,0.,-0.));
#5939 = ADVANCED_FACE('',(#5940),#5951,.T.);
#5940 = FACE_BOUND('',#5941,.T.);
#5941 = EDGE_LOOP('',(#5942,#5948,#5949,#5950));
#5942 = ORIENTED_EDGE('',*,*,#5943,.T.);
#5943 = EDGE_CURVE('',#5820,#5883,#5944,.T.);
#5944 = LINE('',#5945,#5946);
#5945 = CARTESIAN_POINT('',(114.136013,-86.1,1.04));
#5946 = VECTOR('',#5947,1.);
#5947 = DIRECTION('',(0.,0.,1.));
#5948 = ORIENTED_EDGE('',*,*,#5882,.T.);
#5949 = ORIENTED_EDGE('',*,*,#5755,.F.);
#5950 = ORIENTED_EDGE('',*,*,#5819,.F.);
#5951 = CYLINDRICAL_SURFACE('',#5952,0.25000066679);
#5952 = AXIS2_PLACEMENT_3D('',#5953,#5954,#5955);
#5953 = CARTESIAN_POINT('',(114.13601366678,-85.84999933321,1.04));
#5954 = DIRECTION('',(0.,0.,-1.));
#5955 = DIRECTION('',(-2.667137030976E-06,-0.999999999996,-0.));
#5956 = ADVANCED_FACE('',(#5957),#5968,.T.);
#5957 = FACE_BOUND('',#5958,.T.);
#5958 = EDGE_LOOP('',(#5959,#5960,#5961,#5967));
#5959 = ORIENTED_EDGE('',*,*,#5795,.T.);
#5960 = ORIENTED_EDGE('',*,*,#5916,.T.);
#5961 = ORIENTED_EDGE('',*,*,#5962,.F.);
#5962 = EDGE_CURVE('',#5846,#5909,#5963,.T.);
#5963 = LINE('',#5964,#5965);
#5964 = CARTESIAN_POINT('',(116.586011,-83.650002,1.04));
#5965 = VECTOR('',#5966,1.);
#5966 = DIRECTION('',(0.,0.,1.));
#5967 = ORIENTED_EDGE('',*,*,#5853,.F.);
#5968 = CYLINDRICAL_SURFACE('',#5969,0.25000066679);
#5969 = AXIS2_PLACEMENT_3D('',#5970,#5971,#5972);
#5970 = CARTESIAN_POINT('',(116.33601033321,-83.65000066678,1.04));
#5971 = DIRECTION('',(0.,0.,-1.));
#5972 = DIRECTION('',(2.667137030976E-06,0.999999999996,0.));
#5973 = ADVANCED_FACE('',(#5974),#5985,.T.);
#5974 = FACE_BOUND('',#5975,.T.);
#5975 = EDGE_LOOP('',(#5976,#5982,#5983,#5984));
#5976 = ORIENTED_EDGE('',*,*,#5977,.T.);
#5977 = EDGE_CURVE('',#5829,#5892,#5978,.T.);
#5978 = LINE('',#5979,#5980);
#5979 = CARTESIAN_POINT('',(116.33601,-86.099999,1.04));
#5980 = VECTOR('',#5981,1.);
#5981 = DIRECTION('',(0.,0.,1.));
#5982 = ORIENTED_EDGE('',*,*,#5891,.T.);
#5983 = ORIENTED_EDGE('',*,*,#5943,.F.);
#5984 = ORIENTED_EDGE('',*,*,#5828,.F.);
#5985 = PLANE('',#5986);
#5986 = AXIS2_PLACEMENT_3D('',#5987,#5988,#5989);
#5987 = CARTESIAN_POINT('',(116.33601,-86.099999,1.04));
#5988 = DIRECTION('',(4.545460732333E-07,-1.,0.));
#5989 = DIRECTION('',(-1.,-4.545460732333E-07,0.));
#5990 = ADVANCED_FACE('',(#5991),#6002,.T.);
#5991 = FACE_BOUND('',#5992,.T.);
#5992 = EDGE_LOOP('',(#5993,#5994,#5995,#6001));
#5993 = ORIENTED_EDGE('',*,*,#5962,.T.);
#5994 = ORIENTED_EDGE('',*,*,#5908,.T.);
#5995 = ORIENTED_EDGE('',*,*,#5996,.F.);
#5996 = EDGE_CURVE('',#5837,#5900,#5997,.T.);
#5997 = LINE('',#5998,#5999);
#5998 = CARTESIAN_POINT('',(116.586012,-85.849999,1.04));
#5999 = VECTOR('',#6000,1.);
#6000 = DIRECTION('',(0.,0.,1.));
#6001 = ORIENTED_EDGE('',*,*,#5845,.F.);
#6002 = PLANE('',#6003);
#6003 = AXIS2_PLACEMENT_3D('',#6004,#6005,#6006);
#6004 = CARTESIAN_POINT('',(116.586011,-83.650002,1.04));
#6005 = DIRECTION('',(1.,4.545460732333E-07,-0.));
#6006 = DIRECTION('',(4.545460732333E-07,-1.,0.));
#6007 = ADVANCED_FACE('',(#6008),#6014,.T.);
#6008 = FACE_BOUND('',#6009,.T.);
#6009 = EDGE_LOOP('',(#6010,#6011,#6012,#6013));
#6010 = ORIENTED_EDGE('',*,*,#5996,.T.);
#6011 = ORIENTED_EDGE('',*,*,#5899,.T.);
#6012 = ORIENTED_EDGE('',*,*,#5977,.F.);
#6013 = ORIENTED_EDGE('',*,*,#5836,.F.);
#6014 = CYLINDRICAL_SURFACE('',#6015,0.25000066679);
#6015 = AXIS2_PLACEMENT_3D('',#6016,#6017,#6018);
#6016 = CARTESIAN_POINT('',(116.33601133321,-85.84999833321,1.04));
#6017 = DIRECTION('',(0.,0.,-1.));
#6018 = DIRECTION('',(0.999999999996,-2.667136974132E-06,0.));
#6019 = ADVANCED_FACE('',(#6020),#6031,.F.);
#6020 = FACE_BOUND('',#6021,.T.);
#6021 = EDGE_LOOP('',(#6022,#6023,#6029,#6030));
#6022 = ORIENTED_EDGE('',*,*,#5863,.T.);
#6023 = ORIENTED_EDGE('',*,*,#6024,.T.);
#6024 = EDGE_CURVE('',#5864,#5927,#6025,.T.);
#6025 = LINE('',#6026,#6027);
#6026 = CARTESIAN_POINT('',(115.236012,-85.575,-8.1E-02));
#6027 = VECTOR('',#6028,1.);
#6028 = DIRECTION('',(0.,0.,1.));
#6029 = ORIENTED_EDGE('',*,*,#5926,.F.);
#6030 = ORIENTED_EDGE('',*,*,#6024,.F.);
#6031 = CYLINDRICAL_SURFACE('',#6032,0.825);
#6032 = AXIS2_PLACEMENT_3D('',#6033,#6034,#6035);
#6033 = CARTESIAN_POINT('',(115.236012,-84.75,-8.1E-02));
#6034 = DIRECTION('',(-0.,-0.,-1.));
#6035 = DIRECTION('',(-0.,-1.,0.));
#6036 = MANIFOLD_SOLID_BREP('',#6037);
#6037 = CLOSED_SHELL('',(#6038,#6080,#6111,#6142,#6205,#6268,#6285,#6302
    ,#6319,#6336,#6348));
#6038 = ADVANCED_FACE('',(#6039),#6075,.T.);
#6039 = FACE_BOUND('',#6040,.F.);
#6040 = EDGE_LOOP('',(#6041,#6051,#6060,#6068));
#6041 = ORIENTED_EDGE('',*,*,#6042,.T.);
#6042 = EDGE_CURVE('',#6043,#6045,#6047,.T.);
#6043 = VERTEX_POINT('',#6044);
#6044 = CARTESIAN_POINT('',(113.886012,-83.650001,0.));
#6045 = VERTEX_POINT('',#6046);
#6046 = CARTESIAN_POINT('',(113.886012,-83.650001,-7.5E-02));
#6047 = LINE('',#6048,#6049);
#6048 = CARTESIAN_POINT('',(113.886012,-83.650001,0.));
#6049 = VECTOR('',#6050,1.);
#6050 = DIRECTION('',(0.,0.,-1.));
#6051 = ORIENTED_EDGE('',*,*,#6052,.T.);
#6052 = EDGE_CURVE('',#6045,#6053,#6055,.T.);
#6053 = VERTEX_POINT('',#6054);
#6054 = CARTESIAN_POINT('',(114.136014,-83.400001,-7.5E-02));
#6055 = CIRCLE('',#6056,0.25000066679);
#6056 = AXIS2_PLACEMENT_3D('',#6057,#6058,#6059);
#6057 = CARTESIAN_POINT('',(114.13601266678,-83.65000166678,-7.5E-02));
#6058 = DIRECTION('',(0.,0.,-1.));
#6059 = DIRECTION('',(-0.999999999996,2.667137087818E-06,0.));
#6060 = ORIENTED_EDGE('',*,*,#6061,.F.);
#6061 = EDGE_CURVE('',#6062,#6053,#6064,.T.);
#6062 = VERTEX_POINT('',#6063);
#6063 = CARTESIAN_POINT('',(114.136014,-83.400001,0.));
#6064 = LINE('',#6065,#6066);
#6065 = CARTESIAN_POINT('',(114.136014,-83.400001,0.));
#6066 = VECTOR('',#6067,1.);
#6067 = DIRECTION('',(0.,0.,-1.));
#6068 = ORIENTED_EDGE('',*,*,#6069,.F.);
#6069 = EDGE_CURVE('',#6043,#6062,#6070,.T.);
#6070 = CIRCLE('',#6071,0.25000066679);
#6071 = AXIS2_PLACEMENT_3D('',#6072,#6073,#6074);
#6072 = CARTESIAN_POINT('',(114.13601266678,-83.65000166678,0.));
#6073 = DIRECTION('',(0.,0.,-1.));
#6074 = DIRECTION('',(-0.999999999996,2.667137087818E-06,0.));
#6075 = CYLINDRICAL_SURFACE('',#6076,0.25000066679);
#6076 = AXIS2_PLACEMENT_3D('',#6077,#6078,#6079);
#6077 = CARTESIAN_POINT('',(114.13601266678,-83.65000166678,0.));
#6078 = DIRECTION('',(-0.,-0.,1.));
#6079 = DIRECTION('',(-0.999999999996,2.667137087818E-06,0.));
#6080 = ADVANCED_FACE('',(#6081),#6106,.F.);
#6081 = FACE_BOUND('',#6082,.F.);
#6082 = EDGE_LOOP('',(#6083,#6093,#6099,#6100));
#6083 = ORIENTED_EDGE('',*,*,#6084,.T.);
#6084 = EDGE_CURVE('',#6085,#6087,#6089,.T.);
#6085 = VERTEX_POINT('',#6086);
#6086 = CARTESIAN_POINT('',(113.886013,-85.849998,0.));
#6087 = VERTEX_POINT('',#6088);
#6088 = CARTESIAN_POINT('',(113.886013,-85.849998,-7.5E-02));
#6089 = LINE('',#6090,#6091);
#6090 = CARTESIAN_POINT('',(113.886013,-85.849998,0.));
#6091 = VECTOR('',#6092,1.);
#6092 = DIRECTION('',(0.,0.,-1.));
#6093 = ORIENTED_EDGE('',*,*,#6094,.T.);
#6094 = EDGE_CURVE('',#6087,#6045,#6095,.T.);
#6095 = LINE('',#6096,#6097);
#6096 = CARTESIAN_POINT('',(113.886013,-85.849998,-7.5E-02));
#6097 = VECTOR('',#6098,1.);
#6098 = DIRECTION('',(-4.545460796928E-07,1.,0.));
#6099 = ORIENTED_EDGE('',*,*,#6042,.F.);
#6100 = ORIENTED_EDGE('',*,*,#6101,.F.);
#6101 = EDGE_CURVE('',#6085,#6043,#6102,.T.);
#6102 = LINE('',#6103,#6104);
#6103 = CARTESIAN_POINT('',(113.886013,-85.849998,0.));
#6104 = VECTOR('',#6105,1.);
#6105 = DIRECTION('',(-4.545460796928E-07,1.,0.));
#6106 = PLANE('',#6107);
#6107 = AXIS2_PLACEMENT_3D('',#6108,#6109,#6110);
#6108 = CARTESIAN_POINT('',(113.886013,-85.849998,0.));
#6109 = DIRECTION('',(1.,4.545460796928E-07,0.));
#6110 = DIRECTION('',(-4.545460796928E-07,1.,0.));
#6111 = ADVANCED_FACE('',(#6112),#6137,.F.);
#6112 = FACE_BOUND('',#6113,.F.);
#6113 = EDGE_LOOP('',(#6114,#6115,#6123,#6131));
#6114 = ORIENTED_EDGE('',*,*,#6061,.T.);
#6115 = ORIENTED_EDGE('',*,*,#6116,.T.);
#6116 = EDGE_CURVE('',#6053,#6117,#6119,.T.);
#6117 = VERTEX_POINT('',#6118);
#6118 = CARTESIAN_POINT('',(116.336011,-83.4,-7.5E-02));
#6119 = LINE('',#6120,#6121);
#6120 = CARTESIAN_POINT('',(114.136014,-83.400001,-7.5E-02));
#6121 = VECTOR('',#6122,1.);
#6122 = DIRECTION('',(1.,4.545460732333E-07,0.));
#6123 = ORIENTED_EDGE('',*,*,#6124,.F.);
#6124 = EDGE_CURVE('',#6125,#6117,#6127,.T.);
#6125 = VERTEX_POINT('',#6126);
#6126 = CARTESIAN_POINT('',(116.336011,-83.4,0.));
#6127 = LINE('',#6128,#6129);
#6128 = CARTESIAN_POINT('',(116.336011,-83.4,0.));
#6129 = VECTOR('',#6130,1.);
#6130 = DIRECTION('',(0.,0.,-1.));
#6131 = ORIENTED_EDGE('',*,*,#6132,.F.);
#6132 = EDGE_CURVE('',#6062,#6125,#6133,.T.);
#6133 = LINE('',#6134,#6135);
#6134 = CARTESIAN_POINT('',(114.136014,-83.400001,0.));
#6135 = VECTOR('',#6136,1.);
#6136 = DIRECTION('',(1.,4.545460732333E-07,0.));
#6137 = PLANE('',#6138);
#6138 = AXIS2_PLACEMENT_3D('',#6139,#6140,#6141);
#6139 = CARTESIAN_POINT('',(114.136014,-83.400001,0.));
#6140 = DIRECTION('',(4.545460732333E-07,-1.,0.));
#6141 = DIRECTION('',(1.,4.545460732333E-07,0.));
#6142 = ADVANCED_FACE('',(#6143,#6189),#6200,.F.);
#6143 = FACE_BOUND('',#6144,.F.);
#6144 = EDGE_LOOP('',(#6145,#6146,#6147,#6156,#6164,#6173,#6181,#6188));
#6145 = ORIENTED_EDGE('',*,*,#6069,.T.);
#6146 = ORIENTED_EDGE('',*,*,#6132,.T.);
#6147 = ORIENTED_EDGE('',*,*,#6148,.T.);
#6148 = EDGE_CURVE('',#6125,#6149,#6151,.T.);
#6149 = VERTEX_POINT('',#6150);
#6150 = CARTESIAN_POINT('',(116.586011,-83.650002,0.));
#6151 = CIRCLE('',#6152,0.25000066679);
#6152 = AXIS2_PLACEMENT_3D('',#6153,#6154,#6155);
#6153 = CARTESIAN_POINT('',(116.33601033321,-83.65000066678,0.));
#6154 = DIRECTION('',(0.,0.,-1.));
#6155 = DIRECTION('',(2.667137030976E-06,0.999999999996,0.));
#6156 = ORIENTED_EDGE('',*,*,#6157,.T.);
#6157 = EDGE_CURVE('',#6149,#6158,#6160,.T.);
#6158 = VERTEX_POINT('',#6159);
#6159 = CARTESIAN_POINT('',(116.586012,-85.849999,0.));
#6160 = LINE('',#6161,#6162);
#6161 = CARTESIAN_POINT('',(116.586011,-83.650002,0.));
#6162 = VECTOR('',#6163,1.);
#6163 = DIRECTION('',(4.545460732333E-07,-1.,0.));
#6164 = ORIENTED_EDGE('',*,*,#6165,.T.);
#6165 = EDGE_CURVE('',#6158,#6166,#6168,.T.);
#6166 = VERTEX_POINT('',#6167);
#6167 = CARTESIAN_POINT('',(116.33601,-86.099999,0.));
#6168 = CIRCLE('',#6169,0.25000066679);
#6169 = AXIS2_PLACEMENT_3D('',#6170,#6171,#6172);
#6170 = CARTESIAN_POINT('',(116.33601133321,-85.84999833321,0.));
#6171 = DIRECTION('',(0.,0.,-1.));
#6172 = DIRECTION('',(0.999999999996,-2.667136974132E-06,0.));
#6173 = ORIENTED_EDGE('',*,*,#6174,.T.);
#6174 = EDGE_CURVE('',#6166,#6175,#6177,.T.);
#6175 = VERTEX_POINT('',#6176);
#6176 = CARTESIAN_POINT('',(114.136013,-86.1,0.));
#6177 = LINE('',#6178,#6179);
#6178 = CARTESIAN_POINT('',(116.33601,-86.099999,0.));
#6179 = VECTOR('',#6180,1.);
#6180 = DIRECTION('',(-1.,-4.545460732333E-07,0.));
#6181 = ORIENTED_EDGE('',*,*,#6182,.T.);
#6182 = EDGE_CURVE('',#6175,#6085,#6183,.T.);
#6183 = CIRCLE('',#6184,0.25000066679);
#6184 = AXIS2_PLACEMENT_3D('',#6185,#6186,#6187);
#6185 = CARTESIAN_POINT('',(114.13601366678,-85.84999933321,0.));
#6186 = DIRECTION('',(0.,0.,-1.));
#6187 = DIRECTION('',(-2.667137030976E-06,-0.999999999996,-0.));
#6188 = ORIENTED_EDGE('',*,*,#6101,.T.);
#6189 = FACE_BOUND('',#6190,.F.);
#6190 = EDGE_LOOP('',(#6191));
#6191 = ORIENTED_EDGE('',*,*,#6192,.F.);
#6192 = EDGE_CURVE('',#6193,#6193,#6195,.T.);
#6193 = VERTEX_POINT('',#6194);
#6194 = CARTESIAN_POINT('',(115.236012,-85.575,0.));
#6195 = CIRCLE('',#6196,0.825);
#6196 = AXIS2_PLACEMENT_3D('',#6197,#6198,#6199);
#6197 = CARTESIAN_POINT('',(115.236012,-84.75,0.));
#6198 = DIRECTION('',(-0.,0.,-1.));
#6199 = DIRECTION('',(-0.,-1.,0.));
#6200 = PLANE('',#6201);
#6201 = AXIS2_PLACEMENT_3D('',#6202,#6203,#6204);
#6202 = CARTESIAN_POINT('',(0.,0.,0.));
#6203 = DIRECTION('',(-0.,-0.,-1.));
#6204 = DIRECTION('',(-1.,0.,0.));
#6205 = ADVANCED_FACE('',(#6206,#6252),#6263,.T.);
#6206 = FACE_BOUND('',#6207,.T.);
#6207 = EDGE_LOOP('',(#6208,#6209,#6210,#6219,#6227,#6236,#6244,#6251));
#6208 = ORIENTED_EDGE('',*,*,#6052,.T.);
#6209 = ORIENTED_EDGE('',*,*,#6116,.T.);
#6210 = ORIENTED_EDGE('',*,*,#6211,.T.);
#6211 = EDGE_CURVE('',#6117,#6212,#6214,.T.);
#6212 = VERTEX_POINT('',#6213);
#6213 = CARTESIAN_POINT('',(116.586011,-83.650002,-7.5E-02));
#6214 = CIRCLE('',#6215,0.25000066679);
#6215 = AXIS2_PLACEMENT_3D('',#6216,#6217,#6218);
#6216 = CARTESIAN_POINT('',(116.33601033321,-83.65000066678,-7.5E-02));
#6217 = DIRECTION('',(0.,0.,-1.));
#6218 = DIRECTION('',(2.667137030976E-06,0.999999999996,0.));
#6219 = ORIENTED_EDGE('',*,*,#6220,.T.);
#6220 = EDGE_CURVE('',#6212,#6221,#6223,.T.);
#6221 = VERTEX_POINT('',#6222);
#6222 = CARTESIAN_POINT('',(116.586012,-85.849999,-7.5E-02));
#6223 = LINE('',#6224,#6225);
#6224 = CARTESIAN_POINT('',(116.586011,-83.650002,-7.5E-02));
#6225 = VECTOR('',#6226,1.);
#6226 = DIRECTION('',(4.545460732333E-07,-1.,0.));
#6227 = ORIENTED_EDGE('',*,*,#6228,.T.);
#6228 = EDGE_CURVE('',#6221,#6229,#6231,.T.);
#6229 = VERTEX_POINT('',#6230);
#6230 = CARTESIAN_POINT('',(116.33601,-86.099999,-7.5E-02));
#6231 = CIRCLE('',#6232,0.25000066679);
#6232 = AXIS2_PLACEMENT_3D('',#6233,#6234,#6235);
#6233 = CARTESIAN_POINT('',(116.33601133321,-85.84999833321,-7.5E-02));
#6234 = DIRECTION('',(0.,0.,-1.));
#6235 = DIRECTION('',(0.999999999996,-2.667136974132E-06,0.));
#6236 = ORIENTED_EDGE('',*,*,#6237,.T.);
#6237 = EDGE_CURVE('',#6229,#6238,#6240,.T.);
#6238 = VERTEX_POINT('',#6239);
#6239 = CARTESIAN_POINT('',(114.136013,-86.1,-7.5E-02));
#6240 = LINE('',#6241,#6242);
#6241 = CARTESIAN_POINT('',(116.33601,-86.099999,-7.5E-02));
#6242 = VECTOR('',#6243,1.);
#6243 = DIRECTION('',(-1.,-4.545460732333E-07,0.));
#6244 = ORIENTED_EDGE('',*,*,#6245,.T.);
#6245 = EDGE_CURVE('',#6238,#6087,#6246,.T.);
#6246 = CIRCLE('',#6247,0.25000066679);
#6247 = AXIS2_PLACEMENT_3D('',#6248,#6249,#6250);
#6248 = CARTESIAN_POINT('',(114.13601366678,-85.84999933321,-7.5E-02));
#6249 = DIRECTION('',(0.,0.,-1.));
#6250 = DIRECTION('',(-2.667137030976E-06,-0.999999999996,-0.));
#6251 = ORIENTED_EDGE('',*,*,#6094,.T.);
#6252 = FACE_BOUND('',#6253,.T.);
#6253 = EDGE_LOOP('',(#6254));
#6254 = ORIENTED_EDGE('',*,*,#6255,.F.);
#6255 = EDGE_CURVE('',#6256,#6256,#6258,.T.);
#6256 = VERTEX_POINT('',#6257);
#6257 = CARTESIAN_POINT('',(115.236012,-85.575,-7.5E-02));
#6258 = CIRCLE('',#6259,0.825);
#6259 = AXIS2_PLACEMENT_3D('',#6260,#6261,#6262);
#6260 = CARTESIAN_POINT('',(115.236012,-84.75,-7.5E-02));
#6261 = DIRECTION('',(-0.,0.,-1.));
#6262 = DIRECTION('',(-0.,-1.,0.));
#6263 = PLANE('',#6264);
#6264 = AXIS2_PLACEMENT_3D('',#6265,#6266,#6267);
#6265 = CARTESIAN_POINT('',(0.,0.,-7.5E-02));
#6266 = DIRECTION('',(-0.,-0.,-1.));
#6267 = DIRECTION('',(-1.,0.,0.));
#6268 = ADVANCED_FACE('',(#6269),#6280,.T.);
#6269 = FACE_BOUND('',#6270,.F.);
#6270 = EDGE_LOOP('',(#6271,#6277,#6278,#6279));
#6271 = ORIENTED_EDGE('',*,*,#6272,.T.);
#6272 = EDGE_CURVE('',#6175,#6238,#6273,.T.);
#6273 = LINE('',#6274,#6275);
#6274 = CARTESIAN_POINT('',(114.136013,-86.1,0.));
#6275 = VECTOR('',#6276,1.);
#6276 = DIRECTION('',(0.,0.,-1.));
#6277 = ORIENTED_EDGE('',*,*,#6245,.T.);
#6278 = ORIENTED_EDGE('',*,*,#6084,.F.);
#6279 = ORIENTED_EDGE('',*,*,#6182,.F.);
#6280 = CYLINDRICAL_SURFACE('',#6281,0.25000066679);
#6281 = AXIS2_PLACEMENT_3D('',#6282,#6283,#6284);
#6282 = CARTESIAN_POINT('',(114.13601366678,-85.84999933321,0.));
#6283 = DIRECTION('',(-0.,-0.,1.));
#6284 = DIRECTION('',(-2.667137030976E-06,-0.999999999996,-0.));
#6285 = ADVANCED_FACE('',(#6286),#6297,.T.);
#6286 = FACE_BOUND('',#6287,.F.);
#6287 = EDGE_LOOP('',(#6288,#6289,#6290,#6296));
#6288 = ORIENTED_EDGE('',*,*,#6124,.T.);
#6289 = ORIENTED_EDGE('',*,*,#6211,.T.);
#6290 = ORIENTED_EDGE('',*,*,#6291,.F.);
#6291 = EDGE_CURVE('',#6149,#6212,#6292,.T.);
#6292 = LINE('',#6293,#6294);
#6293 = CARTESIAN_POINT('',(116.586011,-83.650002,0.));
#6294 = VECTOR('',#6295,1.);
#6295 = DIRECTION('',(0.,0.,-1.));
#6296 = ORIENTED_EDGE('',*,*,#6148,.F.);
#6297 = CYLINDRICAL_SURFACE('',#6298,0.25000066679);
#6298 = AXIS2_PLACEMENT_3D('',#6299,#6300,#6301);
#6299 = CARTESIAN_POINT('',(116.33601033321,-83.65000066678,0.));
#6300 = DIRECTION('',(-0.,-0.,1.));
#6301 = DIRECTION('',(2.667137030976E-06,0.999999999996,0.));
#6302 = ADVANCED_FACE('',(#6303),#6314,.F.);
#6303 = FACE_BOUND('',#6304,.F.);
#6304 = EDGE_LOOP('',(#6305,#6311,#6312,#6313));
#6305 = ORIENTED_EDGE('',*,*,#6306,.T.);
#6306 = EDGE_CURVE('',#6166,#6229,#6307,.T.);
#6307 = LINE('',#6308,#6309);
#6308 = CARTESIAN_POINT('',(116.33601,-86.099999,0.));
#6309 = VECTOR('',#6310,1.);
#6310 = DIRECTION('',(0.,0.,-1.));
#6311 = ORIENTED_EDGE('',*,*,#6237,.T.);
#6312 = ORIENTED_EDGE('',*,*,#6272,.F.);
#6313 = ORIENTED_EDGE('',*,*,#6174,.F.);
#6314 = PLANE('',#6315);
#6315 = AXIS2_PLACEMENT_3D('',#6316,#6317,#6318);
#6316 = CARTESIAN_POINT('',(116.33601,-86.099999,0.));
#6317 = DIRECTION('',(-4.545460732333E-07,1.,0.));
#6318 = DIRECTION('',(-1.,-4.545460732333E-07,0.));
#6319 = ADVANCED_FACE('',(#6320),#6331,.F.);
#6320 = FACE_BOUND('',#6321,.F.);
#6321 = EDGE_LOOP('',(#6322,#6323,#6324,#6330));
#6322 = ORIENTED_EDGE('',*,*,#6291,.T.);
#6323 = ORIENTED_EDGE('',*,*,#6220,.T.);
#6324 = ORIENTED_EDGE('',*,*,#6325,.F.);
#6325 = EDGE_CURVE('',#6158,#6221,#6326,.T.);
#6326 = LINE('',#6327,#6328);
#6327 = CARTESIAN_POINT('',(116.586012,-85.849999,0.));
#6328 = VECTOR('',#6329,1.);
#6329 = DIRECTION('',(0.,0.,-1.));
#6330 = ORIENTED_EDGE('',*,*,#6157,.F.);
#6331 = PLANE('',#6332);
#6332 = AXIS2_PLACEMENT_3D('',#6333,#6334,#6335);
#6333 = CARTESIAN_POINT('',(116.586011,-83.650002,0.));
#6334 = DIRECTION('',(-1.,-4.545460732333E-07,-0.));
#6335 = DIRECTION('',(4.545460732333E-07,-1.,0.));
#6336 = ADVANCED_FACE('',(#6337),#6343,.T.);
#6337 = FACE_BOUND('',#6338,.F.);
#6338 = EDGE_LOOP('',(#6339,#6340,#6341,#6342));
#6339 = ORIENTED_EDGE('',*,*,#6325,.T.);
#6340 = ORIENTED_EDGE('',*,*,#6228,.T.);
#6341 = ORIENTED_EDGE('',*,*,#6306,.F.);
#6342 = ORIENTED_EDGE('',*,*,#6165,.F.);
#6343 = CYLINDRICAL_SURFACE('',#6344,0.25000066679);
#6344 = AXIS2_PLACEMENT_3D('',#6345,#6346,#6347);
#6345 = CARTESIAN_POINT('',(116.33601133321,-85.84999833321,0.));
#6346 = DIRECTION('',(-0.,-0.,1.));
#6347 = DIRECTION('',(0.999999999996,-2.667136974132E-06,0.));
#6348 = ADVANCED_FACE('',(#6349),#6360,.F.);
#6349 = FACE_BOUND('',#6350,.T.);
#6350 = EDGE_LOOP('',(#6351,#6352,#6358,#6359));
#6351 = ORIENTED_EDGE('',*,*,#6255,.T.);
#6352 = ORIENTED_EDGE('',*,*,#6353,.T.);
#6353 = EDGE_CURVE('',#6256,#6193,#6354,.T.);
#6354 = LINE('',#6355,#6356);
#6355 = CARTESIAN_POINT('',(115.236012,-85.575,-8.1E-02));
#6356 = VECTOR('',#6357,1.);
#6357 = DIRECTION('',(0.,0.,1.));
#6358 = ORIENTED_EDGE('',*,*,#6192,.F.);
#6359 = ORIENTED_EDGE('',*,*,#6353,.F.);
#6360 = CYLINDRICAL_SURFACE('',#6361,0.825);
#6361 = AXIS2_PLACEMENT_3D('',#6362,#6363,#6364);
#6362 = CARTESIAN_POINT('',(115.236012,-84.75,-8.1E-02));
#6363 = DIRECTION('',(-0.,-0.,-1.));
#6364 = DIRECTION('',(-0.,-1.,0.));
#6365 = MANIFOLD_SOLID_BREP('',#6366);
#6366 = CLOSED_SHELL('',(#6367,#6400,#6420,#6440));
#6367 = ADVANCED_FACE('',(#6368),#6395,.T.);
#6368 = FACE_BOUND('',#6369,.F.);
#6369 = EDGE_LOOP('',(#6370,#6380,#6387,#6388));
#6370 = ORIENTED_EDGE('',*,*,#6371,.T.);
#6371 = EDGE_CURVE('',#6372,#6374,#6376,.T.);
#6372 = VERTEX_POINT('',#6373);
#6373 = CARTESIAN_POINT('',(115.236012,-85.6,-7.5E-02));
#6374 = VERTEX_POINT('',#6375);
#6375 = CARTESIAN_POINT('',(115.236012,-85.6,1.115));
#6376 = LINE('',#6377,#6378);
#6377 = CARTESIAN_POINT('',(115.236012,-85.6,-7.5E-02));
#6378 = VECTOR('',#6379,1.);
#6379 = DIRECTION('',(0.,0.,1.));
#6380 = ORIENTED_EDGE('',*,*,#6381,.T.);
#6381 = EDGE_CURVE('',#6374,#6374,#6382,.T.);
#6382 = CIRCLE('',#6383,0.85);
#6383 = AXIS2_PLACEMENT_3D('',#6384,#6385,#6386);
#6384 = CARTESIAN_POINT('',(115.236012,-84.75,1.115));
#6385 = DIRECTION('',(0.,-0.,1.));
#6386 = DIRECTION('',(1.671865260612E-14,-1.,-0.));
#6387 = ORIENTED_EDGE('',*,*,#6371,.F.);
#6388 = ORIENTED_EDGE('',*,*,#6389,.F.);
#6389 = EDGE_CURVE('',#6372,#6372,#6390,.T.);
#6390 = CIRCLE('',#6391,0.85);
#6391 = AXIS2_PLACEMENT_3D('',#6392,#6393,#6394);
#6392 = CARTESIAN_POINT('',(115.236012,-84.75,-7.5E-02));
#6393 = DIRECTION('',(0.,-0.,1.));
#6394 = DIRECTION('',(1.671865260612E-14,-1.,-0.));
#6395 = CYLINDRICAL_SURFACE('',#6396,0.85);
#6396 = AXIS2_PLACEMENT_3D('',#6397,#6398,#6399);
#6397 = CARTESIAN_POINT('',(115.236012,-84.75,-7.5E-02));
#6398 = DIRECTION('',(-0.,0.,-1.));
#6399 = DIRECTION('',(1.671865260612E-14,-1.,-0.));
#6400 = ADVANCED_FACE('',(#6401,#6404),#6415,.F.);
#6401 = FACE_BOUND('',#6402,.F.);
#6402 = EDGE_LOOP('',(#6403));
#6403 = ORIENTED_EDGE('',*,*,#6389,.T.);
#6404 = FACE_BOUND('',#6405,.F.);
#6405 = EDGE_LOOP('',(#6406));
#6406 = ORIENTED_EDGE('',*,*,#6407,.T.);
#6407 = EDGE_CURVE('',#6408,#6408,#6410,.T.);
#6408 = VERTEX_POINT('',#6409);
#6409 = CARTESIAN_POINT('',(115.236012,-85.575,-7.5E-02));
#6410 = CIRCLE('',#6411,0.825);
#6411 = AXIS2_PLACEMENT_3D('',#6412,#6413,#6414);
#6412 = CARTESIAN_POINT('',(115.236012,-84.75,-7.5E-02));
#6413 = DIRECTION('',(-0.,0.,-1.));
#6414 = DIRECTION('',(-0.,-1.,0.));
#6415 = PLANE('',#6416);
#6416 = AXIS2_PLACEMENT_3D('',#6417,#6418,#6419);
#6417 = CARTESIAN_POINT('',(115.236012,-85.6,-7.5E-02));
#6418 = DIRECTION('',(0.,0.,1.));
#6419 = DIRECTION('',(1.,0.,-0.));
#6420 = ADVANCED_FACE('',(#6421,#6424),#6435,.T.);
#6421 = FACE_BOUND('',#6422,.T.);
#6422 = EDGE_LOOP('',(#6423));
#6423 = ORIENTED_EDGE('',*,*,#6381,.T.);
#6424 = FACE_BOUND('',#6425,.T.);
#6425 = EDGE_LOOP('',(#6426));
#6426 = ORIENTED_EDGE('',*,*,#6427,.T.);
#6427 = EDGE_CURVE('',#6428,#6428,#6430,.T.);
#6428 = VERTEX_POINT('',#6429);
#6429 = CARTESIAN_POINT('',(115.236012,-85.575,1.115));
#6430 = CIRCLE('',#6431,0.825);
#6431 = AXIS2_PLACEMENT_3D('',#6432,#6433,#6434);
#6432 = CARTESIAN_POINT('',(115.236012,-84.75,1.115));
#6433 = DIRECTION('',(-0.,0.,-1.));
#6434 = DIRECTION('',(-0.,-1.,0.));
#6435 = PLANE('',#6436);
#6436 = AXIS2_PLACEMENT_3D('',#6437,#6438,#6439);
#6437 = CARTESIAN_POINT('',(115.236012,-85.6,1.115));
#6438 = DIRECTION('',(0.,0.,1.));
#6439 = DIRECTION('',(1.,0.,-0.));
#6440 = ADVANCED_FACE('',(#6441),#6452,.F.);
#6441 = FACE_BOUND('',#6442,.T.);
#6442 = EDGE_LOOP('',(#6443,#6444,#6450,#6451));
#6443 = ORIENTED_EDGE('',*,*,#6407,.T.);
#6444 = ORIENTED_EDGE('',*,*,#6445,.T.);
#6445 = EDGE_CURVE('',#6408,#6428,#6446,.T.);
#6446 = LINE('',#6447,#6448);
#6447 = CARTESIAN_POINT('',(115.236012,-85.575,-8.1E-02));
#6448 = VECTOR('',#6449,1.);
#6449 = DIRECTION('',(0.,0.,1.));
#6450 = ORIENTED_EDGE('',*,*,#6427,.F.);
#6451 = ORIENTED_EDGE('',*,*,#6445,.F.);
#6452 = CYLINDRICAL_SURFACE('',#6453,0.825);
#6453 = AXIS2_PLACEMENT_3D('',#6454,#6455,#6456);
#6454 = CARTESIAN_POINT('',(115.236012,-84.75,-8.1E-02));
#6455 = DIRECTION('',(-0.,-0.,-1.));
#6456 = DIRECTION('',(-0.,-1.,0.));
#6457 = MANIFOLD_SOLID_BREP('',#6458);
#6458 = CLOSED_SHELL('',(#6459,#6492,#6512,#6532));
#6459 = ADVANCED_FACE('',(#6460),#6487,.T.);
#6460 = FACE_BOUND('',#6461,.F.);
#6461 = EDGE_LOOP('',(#6462,#6472,#6479,#6480));
#6462 = ORIENTED_EDGE('',*,*,#6463,.T.);
#6463 = EDGE_CURVE('',#6464,#6466,#6468,.T.);
#6464 = VERTEX_POINT('',#6465);
#6465 = CARTESIAN_POINT('',(115.606012,-70.8,1.04));
#6466 = VERTEX_POINT('',#6467);
#6467 = CARTESIAN_POINT('',(115.606012,-70.8,1.115));
#6468 = LINE('',#6469,#6470);
#6469 = CARTESIAN_POINT('',(115.606012,-70.8,1.04));
#6470 = VECTOR('',#6471,1.);
#6471 = DIRECTION('',(0.,0.,1.));
#6472 = ORIENTED_EDGE('',*,*,#6473,.T.);
#6473 = EDGE_CURVE('',#6466,#6466,#6474,.T.);
#6474 = CIRCLE('',#6475,1.1);
#6475 = AXIS2_PLACEMENT_3D('',#6476,#6477,#6478);
#6476 = CARTESIAN_POINT('',(114.506012,-70.8,1.115));
#6477 = DIRECTION('',(0.,0.,1.));
#6478 = DIRECTION('',(1.,0.,-0.));
#6479 = ORIENTED_EDGE('',*,*,#6463,.F.);
#6480 = ORIENTED_EDGE('',*,*,#6481,.F.);
#6481 = EDGE_CURVE('',#6464,#6464,#6482,.T.);
#6482 = CIRCLE('',#6483,1.1);
#6483 = AXIS2_PLACEMENT_3D('',#6484,#6485,#6486);
#6484 = CARTESIAN_POINT('',(114.506012,-70.8,1.04));
#6485 = DIRECTION('',(0.,0.,1.));
#6486 = DIRECTION('',(1.,0.,-0.));
#6487 = CYLINDRICAL_SURFACE('',#6488,1.1);
#6488 = AXIS2_PLACEMENT_3D('',#6489,#6490,#6491);
#6489 = CARTESIAN_POINT('',(114.506012,-70.8,1.04));
#6490 = DIRECTION('',(-0.,-0.,-1.));
#6491 = DIRECTION('',(1.,0.,-0.));
#6492 = ADVANCED_FACE('',(#6493,#6496),#6507,.F.);
#6493 = FACE_BOUND('',#6494,.F.);
#6494 = EDGE_LOOP('',(#6495));
#6495 = ORIENTED_EDGE('',*,*,#6481,.T.);
#6496 = FACE_BOUND('',#6497,.F.);
#6497 = EDGE_LOOP('',(#6498));
#6498 = ORIENTED_EDGE('',*,*,#6499,.T.);
#6499 = EDGE_CURVE('',#6500,#6500,#6502,.T.);
#6500 = VERTEX_POINT('',#6501);
#6501 = CARTESIAN_POINT('',(114.506012,-71.475,1.04));
#6502 = CIRCLE('',#6503,0.675);
#6503 = AXIS2_PLACEMENT_3D('',#6504,#6505,#6506);
#6504 = CARTESIAN_POINT('',(114.506012,-70.8,1.04));
#6505 = DIRECTION('',(-0.,0.,-1.));
#6506 = DIRECTION('',(-0.,-1.,0.));
#6507 = PLANE('',#6508);
#6508 = AXIS2_PLACEMENT_3D('',#6509,#6510,#6511);
#6509 = CARTESIAN_POINT('',(0.,0.,1.04));
#6510 = DIRECTION('',(0.,0.,1.));
#6511 = DIRECTION('',(1.,0.,-0.));
#6512 = ADVANCED_FACE('',(#6513,#6516),#6527,.T.);
#6513 = FACE_BOUND('',#6514,.T.);
#6514 = EDGE_LOOP('',(#6515));
#6515 = ORIENTED_EDGE('',*,*,#6473,.T.);
#6516 = FACE_BOUND('',#6517,.T.);
#6517 = EDGE_LOOP('',(#6518));
#6518 = ORIENTED_EDGE('',*,*,#6519,.T.);
#6519 = EDGE_CURVE('',#6520,#6520,#6522,.T.);
#6520 = VERTEX_POINT('',#6521);
#6521 = CARTESIAN_POINT('',(114.506012,-71.475,1.115));
#6522 = CIRCLE('',#6523,0.675);
#6523 = AXIS2_PLACEMENT_3D('',#6524,#6525,#6526);
#6524 = CARTESIAN_POINT('',(114.506012,-70.8,1.115));
#6525 = DIRECTION('',(-0.,0.,-1.));
#6526 = DIRECTION('',(-0.,-1.,0.));
#6527 = PLANE('',#6528);
#6528 = AXIS2_PLACEMENT_3D('',#6529,#6530,#6531);
#6529 = CARTESIAN_POINT('',(0.,0.,1.115));
#6530 = DIRECTION('',(0.,0.,1.));
#6531 = DIRECTION('',(1.,0.,-0.));
#6532 = ADVANCED_FACE('',(#6533),#6544,.F.);
#6533 = FACE_BOUND('',#6534,.T.);
#6534 = EDGE_LOOP('',(#6535,#6536,#6542,#6543));
#6535 = ORIENTED_EDGE('',*,*,#6499,.T.);
#6536 = ORIENTED_EDGE('',*,*,#6537,.T.);
#6537 = EDGE_CURVE('',#6500,#6520,#6538,.T.);
#6538 = LINE('',#6539,#6540);
#6539 = CARTESIAN_POINT('',(114.506012,-71.475,-8.1E-02));
#6540 = VECTOR('',#6541,1.);
#6541 = DIRECTION('',(0.,0.,1.));
#6542 = ORIENTED_EDGE('',*,*,#6519,.F.);
#6543 = ORIENTED_EDGE('',*,*,#6537,.F.);
#6544 = CYLINDRICAL_SURFACE('',#6545,0.675);
#6545 = AXIS2_PLACEMENT_3D('',#6546,#6547,#6548);
#6546 = CARTESIAN_POINT('',(114.506012,-70.8,-8.1E-02));
#6547 = DIRECTION('',(-0.,-0.,-1.));
#6548 = DIRECTION('',(-0.,-1.,0.));
#6549 = MANIFOLD_SOLID_BREP('',#6550);
#6550 = CLOSED_SHELL('',(#6551,#6584,#6604,#6624));
#6551 = ADVANCED_FACE('',(#6552),#6579,.T.);
#6552 = FACE_BOUND('',#6553,.T.);
#6553 = EDGE_LOOP('',(#6554,#6564,#6571,#6572));
#6554 = ORIENTED_EDGE('',*,*,#6555,.T.);
#6555 = EDGE_CURVE('',#6556,#6558,#6560,.T.);
#6556 = VERTEX_POINT('',#6557);
#6557 = CARTESIAN_POINT('',(115.606012,-70.8,0.));
#6558 = VERTEX_POINT('',#6559);
#6559 = CARTESIAN_POINT('',(115.606012,-70.8,-7.5E-02));
#6560 = LINE('',#6561,#6562);
#6561 = CARTESIAN_POINT('',(115.606012,-70.8,0.));
#6562 = VECTOR('',#6563,1.);
#6563 = DIRECTION('',(0.,0.,-1.));
#6564 = ORIENTED_EDGE('',*,*,#6565,.T.);
#6565 = EDGE_CURVE('',#6558,#6558,#6566,.T.);
#6566 = CIRCLE('',#6567,1.1);
#6567 = AXIS2_PLACEMENT_3D('',#6568,#6569,#6570);
#6568 = CARTESIAN_POINT('',(114.506012,-70.8,-7.5E-02));
#6569 = DIRECTION('',(0.,0.,1.));
#6570 = DIRECTION('',(1.,0.,-0.));
#6571 = ORIENTED_EDGE('',*,*,#6555,.F.);
#6572 = ORIENTED_EDGE('',*,*,#6573,.F.);
#6573 = EDGE_CURVE('',#6556,#6556,#6574,.T.);
#6574 = CIRCLE('',#6575,1.1);
#6575 = AXIS2_PLACEMENT_3D('',#6576,#6577,#6578);
#6576 = CARTESIAN_POINT('',(114.506012,-70.8,0.));
#6577 = DIRECTION('',(0.,0.,1.));
#6578 = DIRECTION('',(1.,0.,-0.));
#6579 = CYLINDRICAL_SURFACE('',#6580,1.1);
#6580 = AXIS2_PLACEMENT_3D('',#6581,#6582,#6583);
#6581 = CARTESIAN_POINT('',(114.506012,-70.8,0.));
#6582 = DIRECTION('',(0.,0.,1.));
#6583 = DIRECTION('',(1.,0.,-0.));
#6584 = ADVANCED_FACE('',(#6585,#6588),#6599,.F.);
#6585 = FACE_BOUND('',#6586,.F.);
#6586 = EDGE_LOOP('',(#6587));
#6587 = ORIENTED_EDGE('',*,*,#6573,.F.);
#6588 = FACE_BOUND('',#6589,.F.);
#6589 = EDGE_LOOP('',(#6590));
#6590 = ORIENTED_EDGE('',*,*,#6591,.F.);
#6591 = EDGE_CURVE('',#6592,#6592,#6594,.T.);
#6592 = VERTEX_POINT('',#6593);
#6593 = CARTESIAN_POINT('',(114.506012,-71.475,0.));
#6594 = CIRCLE('',#6595,0.675);
#6595 = AXIS2_PLACEMENT_3D('',#6596,#6597,#6598);
#6596 = CARTESIAN_POINT('',(114.506012,-70.8,0.));
#6597 = DIRECTION('',(-0.,0.,-1.));
#6598 = DIRECTION('',(-0.,-1.,0.));
#6599 = PLANE('',#6600);
#6600 = AXIS2_PLACEMENT_3D('',#6601,#6602,#6603);
#6601 = CARTESIAN_POINT('',(0.,0.,0.));
#6602 = DIRECTION('',(-0.,-0.,-1.));
#6603 = DIRECTION('',(-1.,0.,0.));
#6604 = ADVANCED_FACE('',(#6605,#6608),#6619,.T.);
#6605 = FACE_BOUND('',#6606,.T.);
#6606 = EDGE_LOOP('',(#6607));
#6607 = ORIENTED_EDGE('',*,*,#6565,.F.);
#6608 = FACE_BOUND('',#6609,.T.);
#6609 = EDGE_LOOP('',(#6610));
#6610 = ORIENTED_EDGE('',*,*,#6611,.F.);
#6611 = EDGE_CURVE('',#6612,#6612,#6614,.T.);
#6612 = VERTEX_POINT('',#6613);
#6613 = CARTESIAN_POINT('',(114.506012,-71.475,-7.5E-02));
#6614 = CIRCLE('',#6615,0.675);
#6615 = AXIS2_PLACEMENT_3D('',#6616,#6617,#6618);
#6616 = CARTESIAN_POINT('',(114.506012,-70.8,-7.5E-02));
#6617 = DIRECTION('',(-0.,0.,-1.));
#6618 = DIRECTION('',(-0.,-1.,0.));
#6619 = PLANE('',#6620);
#6620 = AXIS2_PLACEMENT_3D('',#6621,#6622,#6623);
#6621 = CARTESIAN_POINT('',(0.,0.,-7.5E-02));
#6622 = DIRECTION('',(-0.,-0.,-1.));
#6623 = DIRECTION('',(-1.,0.,0.));
#6624 = ADVANCED_FACE('',(#6625),#6636,.F.);
#6625 = FACE_BOUND('',#6626,.T.);
#6626 = EDGE_LOOP('',(#6627,#6628,#6634,#6635));
#6627 = ORIENTED_EDGE('',*,*,#6611,.T.);
#6628 = ORIENTED_EDGE('',*,*,#6629,.T.);
#6629 = EDGE_CURVE('',#6612,#6592,#6630,.T.);
#6630 = LINE('',#6631,#6632);
#6631 = CARTESIAN_POINT('',(114.506012,-71.475,-8.1E-02));
#6632 = VECTOR('',#6633,1.);
#6633 = DIRECTION('',(0.,0.,1.));
#6634 = ORIENTED_EDGE('',*,*,#6591,.F.);
#6635 = ORIENTED_EDGE('',*,*,#6629,.F.);
#6636 = CYLINDRICAL_SURFACE('',#6637,0.675);
#6637 = AXIS2_PLACEMENT_3D('',#6638,#6639,#6640);
#6638 = CARTESIAN_POINT('',(114.506012,-70.8,-8.1E-02));
#6639 = DIRECTION('',(-0.,-0.,-1.));
#6640 = DIRECTION('',(-0.,-1.,0.));
#6641 = MANIFOLD_SOLID_BREP('',#6642);
#6642 = CLOSED_SHELL('',(#6643,#6676,#6696,#6716));
#6643 = ADVANCED_FACE('',(#6644),#6671,.T.);
#6644 = FACE_BOUND('',#6645,.F.);
#6645 = EDGE_LOOP('',(#6646,#6656,#6663,#6664));
#6646 = ORIENTED_EDGE('',*,*,#6647,.T.);
#6647 = EDGE_CURVE('',#6648,#6650,#6652,.T.);
#6648 = VERTEX_POINT('',#6649);
#6649 = CARTESIAN_POINT('',(114.506012,-71.5,-7.5E-02));
#6650 = VERTEX_POINT('',#6651);
#6651 = CARTESIAN_POINT('',(114.506012,-71.5,1.115));
#6652 = LINE('',#6653,#6654);
#6653 = CARTESIAN_POINT('',(114.506012,-71.5,-7.5E-02));
#6654 = VECTOR('',#6655,1.);
#6655 = DIRECTION('',(0.,0.,1.));
#6656 = ORIENTED_EDGE('',*,*,#6657,.T.);
#6657 = EDGE_CURVE('',#6650,#6650,#6658,.T.);
#6658 = CIRCLE('',#6659,0.7);
#6659 = AXIS2_PLACEMENT_3D('',#6660,#6661,#6662);
#6660 = CARTESIAN_POINT('',(114.506012,-70.8,1.115));
#6661 = DIRECTION('',(0.,0.,1.));
#6662 = DIRECTION('',(-0.,-1.,0.));
#6663 = ORIENTED_EDGE('',*,*,#6647,.F.);
#6664 = ORIENTED_EDGE('',*,*,#6665,.F.);
#6665 = EDGE_CURVE('',#6648,#6648,#6666,.T.);
#6666 = CIRCLE('',#6667,0.7);
#6667 = AXIS2_PLACEMENT_3D('',#6668,#6669,#6670);
#6668 = CARTESIAN_POINT('',(114.506012,-70.8,-7.5E-02));
#6669 = DIRECTION('',(0.,0.,1.));
#6670 = DIRECTION('',(-0.,-1.,0.));
#6671 = CYLINDRICAL_SURFACE('',#6672,0.7);
#6672 = AXIS2_PLACEMENT_3D('',#6673,#6674,#6675);
#6673 = CARTESIAN_POINT('',(114.506012,-70.8,-7.5E-02));
#6674 = DIRECTION('',(-0.,-0.,-1.));
#6675 = DIRECTION('',(-0.,-1.,0.));
#6676 = ADVANCED_FACE('',(#6677,#6680),#6691,.F.);
#6677 = FACE_BOUND('',#6678,.F.);
#6678 = EDGE_LOOP('',(#6679));
#6679 = ORIENTED_EDGE('',*,*,#6665,.T.);
#6680 = FACE_BOUND('',#6681,.F.);
#6681 = EDGE_LOOP('',(#6682));
#6682 = ORIENTED_EDGE('',*,*,#6683,.T.);
#6683 = EDGE_CURVE('',#6684,#6684,#6686,.T.);
#6684 = VERTEX_POINT('',#6685);
#6685 = CARTESIAN_POINT('',(114.506012,-71.475,-7.5E-02));
#6686 = CIRCLE('',#6687,0.675);
#6687 = AXIS2_PLACEMENT_3D('',#6688,#6689,#6690);
#6688 = CARTESIAN_POINT('',(114.506012,-70.8,-7.5E-02));
#6689 = DIRECTION('',(-0.,0.,-1.));
#6690 = DIRECTION('',(-0.,-1.,0.));
#6691 = PLANE('',#6692);
#6692 = AXIS2_PLACEMENT_3D('',#6693,#6694,#6695);
#6693 = CARTESIAN_POINT('',(114.506012,-71.5,-7.5E-02));
#6694 = DIRECTION('',(0.,0.,1.));
#6695 = DIRECTION('',(1.,0.,-0.));
#6696 = ADVANCED_FACE('',(#6697,#6700),#6711,.T.);
#6697 = FACE_BOUND('',#6698,.T.);
#6698 = EDGE_LOOP('',(#6699));
#6699 = ORIENTED_EDGE('',*,*,#6657,.T.);
#6700 = FACE_BOUND('',#6701,.T.);
#6701 = EDGE_LOOP('',(#6702));
#6702 = ORIENTED_EDGE('',*,*,#6703,.T.);
#6703 = EDGE_CURVE('',#6704,#6704,#6706,.T.);
#6704 = VERTEX_POINT('',#6705);
#6705 = CARTESIAN_POINT('',(114.506012,-71.475,1.115));
#6706 = CIRCLE('',#6707,0.675);
#6707 = AXIS2_PLACEMENT_3D('',#6708,#6709,#6710);
#6708 = CARTESIAN_POINT('',(114.506012,-70.8,1.115));
#6709 = DIRECTION('',(-0.,0.,-1.));
#6710 = DIRECTION('',(-0.,-1.,0.));
#6711 = PLANE('',#6712);
#6712 = AXIS2_PLACEMENT_3D('',#6713,#6714,#6715);
#6713 = CARTESIAN_POINT('',(114.506012,-71.5,1.115));
#6714 = DIRECTION('',(0.,0.,1.));
#6715 = DIRECTION('',(1.,0.,-0.));
#6716 = ADVANCED_FACE('',(#6717),#6728,.F.);
#6717 = FACE_BOUND('',#6718,.T.);
#6718 = EDGE_LOOP('',(#6719,#6720,#6726,#6727));
#6719 = ORIENTED_EDGE('',*,*,#6683,.T.);
#6720 = ORIENTED_EDGE('',*,*,#6721,.T.);
#6721 = EDGE_CURVE('',#6684,#6704,#6722,.T.);
#6722 = LINE('',#6723,#6724);
#6723 = CARTESIAN_POINT('',(114.506012,-71.475,-8.1E-02));
#6724 = VECTOR('',#6725,1.);
#6725 = DIRECTION('',(0.,0.,1.));
#6726 = ORIENTED_EDGE('',*,*,#6703,.F.);
#6727 = ORIENTED_EDGE('',*,*,#6721,.F.);
#6728 = CYLINDRICAL_SURFACE('',#6729,0.675);
#6729 = AXIS2_PLACEMENT_3D('',#6730,#6731,#6732);
#6730 = CARTESIAN_POINT('',(114.506012,-70.8,-8.1E-02));
#6731 = DIRECTION('',(-0.,-0.,-1.));
#6732 = DIRECTION('',(-0.,-1.,0.));
#6733 = MANIFOLD_SOLID_BREP('',#6734);
#6734 = CLOSED_SHELL('',(#6735,#6768,#6788,#6808));
#6735 = ADVANCED_FACE('',(#6736),#6763,.T.);
#6736 = FACE_BOUND('',#6737,.F.);
#6737 = EDGE_LOOP('',(#6738,#6748,#6755,#6756));
#6738 = ORIENTED_EDGE('',*,*,#6739,.T.);
#6739 = EDGE_CURVE('',#6740,#6742,#6744,.T.);
#6740 = VERTEX_POINT('',#6741);
#6741 = CARTESIAN_POINT('',(113.106012,-70.8,1.04));
#6742 = VERTEX_POINT('',#6743);
#6743 = CARTESIAN_POINT('',(113.106012,-70.8,1.115));
#6744 = LINE('',#6745,#6746);
#6745 = CARTESIAN_POINT('',(113.106012,-70.8,1.04));
#6746 = VECTOR('',#6747,1.);
#6747 = DIRECTION('',(0.,0.,1.));
#6748 = ORIENTED_EDGE('',*,*,#6749,.T.);
#6749 = EDGE_CURVE('',#6742,#6742,#6750,.T.);
#6750 = CIRCLE('',#6751,1.1);
#6751 = AXIS2_PLACEMENT_3D('',#6752,#6753,#6754);
#6752 = CARTESIAN_POINT('',(112.006012,-70.8,1.115));
#6753 = DIRECTION('',(0.,0.,1.));
#6754 = DIRECTION('',(1.,0.,-0.));
#6755 = ORIENTED_EDGE('',*,*,#6739,.F.);
#6756 = ORIENTED_EDGE('',*,*,#6757,.F.);
#6757 = EDGE_CURVE('',#6740,#6740,#6758,.T.);
#6758 = CIRCLE('',#6759,1.1);
#6759 = AXIS2_PLACEMENT_3D('',#6760,#6761,#6762);
#6760 = CARTESIAN_POINT('',(112.006012,-70.8,1.04));
#6761 = DIRECTION('',(0.,0.,1.));
#6762 = DIRECTION('',(1.,0.,-0.));
#6763 = CYLINDRICAL_SURFACE('',#6764,1.1);
#6764 = AXIS2_PLACEMENT_3D('',#6765,#6766,#6767);
#6765 = CARTESIAN_POINT('',(112.006012,-70.8,1.04));
#6766 = DIRECTION('',(-0.,-0.,-1.));
#6767 = DIRECTION('',(1.,0.,-0.));
#6768 = ADVANCED_FACE('',(#6769,#6772),#6783,.F.);
#6769 = FACE_BOUND('',#6770,.F.);
#6770 = EDGE_LOOP('',(#6771));
#6771 = ORIENTED_EDGE('',*,*,#6757,.T.);
#6772 = FACE_BOUND('',#6773,.F.);
#6773 = EDGE_LOOP('',(#6774));
#6774 = ORIENTED_EDGE('',*,*,#6775,.T.);
#6775 = EDGE_CURVE('',#6776,#6776,#6778,.T.);
#6776 = VERTEX_POINT('',#6777);
#6777 = CARTESIAN_POINT('',(112.006012,-71.475,1.04));
#6778 = CIRCLE('',#6779,0.675);
#6779 = AXIS2_PLACEMENT_3D('',#6780,#6781,#6782);
#6780 = CARTESIAN_POINT('',(112.006012,-70.8,1.04));
#6781 = DIRECTION('',(-0.,0.,-1.));
#6782 = DIRECTION('',(-0.,-1.,0.));
#6783 = PLANE('',#6784);
#6784 = AXIS2_PLACEMENT_3D('',#6785,#6786,#6787);
#6785 = CARTESIAN_POINT('',(0.,0.,1.04));
#6786 = DIRECTION('',(0.,0.,1.));
#6787 = DIRECTION('',(1.,0.,-0.));
#6788 = ADVANCED_FACE('',(#6789,#6792),#6803,.T.);
#6789 = FACE_BOUND('',#6790,.T.);
#6790 = EDGE_LOOP('',(#6791));
#6791 = ORIENTED_EDGE('',*,*,#6749,.T.);
#6792 = FACE_BOUND('',#6793,.T.);
#6793 = EDGE_LOOP('',(#6794));
#6794 = ORIENTED_EDGE('',*,*,#6795,.T.);
#6795 = EDGE_CURVE('',#6796,#6796,#6798,.T.);
#6796 = VERTEX_POINT('',#6797);
#6797 = CARTESIAN_POINT('',(112.006012,-71.475,1.115));
#6798 = CIRCLE('',#6799,0.675);
#6799 = AXIS2_PLACEMENT_3D('',#6800,#6801,#6802);
#6800 = CARTESIAN_POINT('',(112.006012,-70.8,1.115));
#6801 = DIRECTION('',(-0.,0.,-1.));
#6802 = DIRECTION('',(-0.,-1.,0.));
#6803 = PLANE('',#6804);
#6804 = AXIS2_PLACEMENT_3D('',#6805,#6806,#6807);
#6805 = CARTESIAN_POINT('',(0.,0.,1.115));
#6806 = DIRECTION('',(0.,0.,1.));
#6807 = DIRECTION('',(1.,0.,-0.));
#6808 = ADVANCED_FACE('',(#6809),#6820,.F.);
#6809 = FACE_BOUND('',#6810,.T.);
#6810 = EDGE_LOOP('',(#6811,#6812,#6818,#6819));
#6811 = ORIENTED_EDGE('',*,*,#6775,.T.);
#6812 = ORIENTED_EDGE('',*,*,#6813,.T.);
#6813 = EDGE_CURVE('',#6776,#6796,#6814,.T.);
#6814 = LINE('',#6815,#6816);
#6815 = CARTESIAN_POINT('',(112.006012,-71.475,-8.1E-02));
#6816 = VECTOR('',#6817,1.);
#6817 = DIRECTION('',(0.,0.,1.));
#6818 = ORIENTED_EDGE('',*,*,#6795,.F.);
#6819 = ORIENTED_EDGE('',*,*,#6813,.F.);
#6820 = CYLINDRICAL_SURFACE('',#6821,0.675);
#6821 = AXIS2_PLACEMENT_3D('',#6822,#6823,#6824);
#6822 = CARTESIAN_POINT('',(112.006012,-70.8,-8.1E-02));
#6823 = DIRECTION('',(-0.,-0.,-1.));
#6824 = DIRECTION('',(-0.,-1.,0.));
#6825 = MANIFOLD_SOLID_BREP('',#6826);
#6826 = CLOSED_SHELL('',(#6827,#6860,#6880,#6900));
#6827 = ADVANCED_FACE('',(#6828),#6855,.T.);
#6828 = FACE_BOUND('',#6829,.T.);
#6829 = EDGE_LOOP('',(#6830,#6840,#6847,#6848));
#6830 = ORIENTED_EDGE('',*,*,#6831,.T.);
#6831 = EDGE_CURVE('',#6832,#6834,#6836,.T.);
#6832 = VERTEX_POINT('',#6833);
#6833 = CARTESIAN_POINT('',(113.106012,-70.8,0.));
#6834 = VERTEX_POINT('',#6835);
#6835 = CARTESIAN_POINT('',(113.106012,-70.8,-7.5E-02));
#6836 = LINE('',#6837,#6838);
#6837 = CARTESIAN_POINT('',(113.106012,-70.8,0.));
#6838 = VECTOR('',#6839,1.);
#6839 = DIRECTION('',(0.,0.,-1.));
#6840 = ORIENTED_EDGE('',*,*,#6841,.T.);
#6841 = EDGE_CURVE('',#6834,#6834,#6842,.T.);
#6842 = CIRCLE('',#6843,1.1);
#6843 = AXIS2_PLACEMENT_3D('',#6844,#6845,#6846);
#6844 = CARTESIAN_POINT('',(112.006012,-70.8,-7.5E-02));
#6845 = DIRECTION('',(0.,0.,1.));
#6846 = DIRECTION('',(1.,0.,-0.));
#6847 = ORIENTED_EDGE('',*,*,#6831,.F.);
#6848 = ORIENTED_EDGE('',*,*,#6849,.F.);
#6849 = EDGE_CURVE('',#6832,#6832,#6850,.T.);
#6850 = CIRCLE('',#6851,1.1);
#6851 = AXIS2_PLACEMENT_3D('',#6852,#6853,#6854);
#6852 = CARTESIAN_POINT('',(112.006012,-70.8,0.));
#6853 = DIRECTION('',(0.,0.,1.));
#6854 = DIRECTION('',(1.,0.,-0.));
#6855 = CYLINDRICAL_SURFACE('',#6856,1.1);
#6856 = AXIS2_PLACEMENT_3D('',#6857,#6858,#6859);
#6857 = CARTESIAN_POINT('',(112.006012,-70.8,0.));
#6858 = DIRECTION('',(0.,0.,1.));
#6859 = DIRECTION('',(1.,0.,-0.));
#6860 = ADVANCED_FACE('',(#6861,#6864),#6875,.F.);
#6861 = FACE_BOUND('',#6862,.F.);
#6862 = EDGE_LOOP('',(#6863));
#6863 = ORIENTED_EDGE('',*,*,#6849,.F.);
#6864 = FACE_BOUND('',#6865,.F.);
#6865 = EDGE_LOOP('',(#6866));
#6866 = ORIENTED_EDGE('',*,*,#6867,.F.);
#6867 = EDGE_CURVE('',#6868,#6868,#6870,.T.);
#6868 = VERTEX_POINT('',#6869);
#6869 = CARTESIAN_POINT('',(112.006012,-71.475,0.));
#6870 = CIRCLE('',#6871,0.675);
#6871 = AXIS2_PLACEMENT_3D('',#6872,#6873,#6874);
#6872 = CARTESIAN_POINT('',(112.006012,-70.8,0.));
#6873 = DIRECTION('',(-0.,0.,-1.));
#6874 = DIRECTION('',(-0.,-1.,0.));
#6875 = PLANE('',#6876);
#6876 = AXIS2_PLACEMENT_3D('',#6877,#6878,#6879);
#6877 = CARTESIAN_POINT('',(0.,0.,0.));
#6878 = DIRECTION('',(-0.,-0.,-1.));
#6879 = DIRECTION('',(-1.,0.,0.));
#6880 = ADVANCED_FACE('',(#6881,#6884),#6895,.T.);
#6881 = FACE_BOUND('',#6882,.T.);
#6882 = EDGE_LOOP('',(#6883));
#6883 = ORIENTED_EDGE('',*,*,#6841,.F.);
#6884 = FACE_BOUND('',#6885,.T.);
#6885 = EDGE_LOOP('',(#6886));
#6886 = ORIENTED_EDGE('',*,*,#6887,.F.);
#6887 = EDGE_CURVE('',#6888,#6888,#6890,.T.);
#6888 = VERTEX_POINT('',#6889);
#6889 = CARTESIAN_POINT('',(112.006012,-71.475,-7.5E-02));
#6890 = CIRCLE('',#6891,0.675);
#6891 = AXIS2_PLACEMENT_3D('',#6892,#6893,#6894);
#6892 = CARTESIAN_POINT('',(112.006012,-70.8,-7.5E-02));
#6893 = DIRECTION('',(-0.,0.,-1.));
#6894 = DIRECTION('',(-0.,-1.,0.));
#6895 = PLANE('',#6896);
#6896 = AXIS2_PLACEMENT_3D('',#6897,#6898,#6899);
#6897 = CARTESIAN_POINT('',(0.,0.,-7.5E-02));
#6898 = DIRECTION('',(-0.,-0.,-1.));
#6899 = DIRECTION('',(-1.,0.,0.));
#6900 = ADVANCED_FACE('',(#6901),#6912,.F.);
#6901 = FACE_BOUND('',#6902,.T.);
#6902 = EDGE_LOOP('',(#6903,#6904,#6910,#6911));
#6903 = ORIENTED_EDGE('',*,*,#6887,.T.);
#6904 = ORIENTED_EDGE('',*,*,#6905,.T.);
#6905 = EDGE_CURVE('',#6888,#6868,#6906,.T.);
#6906 = LINE('',#6907,#6908);
#6907 = CARTESIAN_POINT('',(112.006012,-71.475,-8.1E-02));
#6908 = VECTOR('',#6909,1.);
#6909 = DIRECTION('',(0.,0.,1.));
#6910 = ORIENTED_EDGE('',*,*,#6867,.F.);
#6911 = ORIENTED_EDGE('',*,*,#6905,.F.);
#6912 = CYLINDRICAL_SURFACE('',#6913,0.675);
#6913 = AXIS2_PLACEMENT_3D('',#6914,#6915,#6916);
#6914 = CARTESIAN_POINT('',(112.006012,-70.8,-8.1E-02));
#6915 = DIRECTION('',(-0.,-0.,-1.));
#6916 = DIRECTION('',(-0.,-1.,0.));
#6917 = MANIFOLD_SOLID_BREP('',#6918);
#6918 = CLOSED_SHELL('',(#6919,#6952,#6972,#6992));
#6919 = ADVANCED_FACE('',(#6920),#6947,.T.);
#6920 = FACE_BOUND('',#6921,.F.);
#6921 = EDGE_LOOP('',(#6922,#6932,#6939,#6940));
#6922 = ORIENTED_EDGE('',*,*,#6923,.T.);
#6923 = EDGE_CURVE('',#6924,#6926,#6928,.T.);
#6924 = VERTEX_POINT('',#6925);
#6925 = CARTESIAN_POINT('',(112.006012,-71.5,-7.5E-02));
#6926 = VERTEX_POINT('',#6927);
#6927 = CARTESIAN_POINT('',(112.006012,-71.5,1.115));
#6928 = LINE('',#6929,#6930);
#6929 = CARTESIAN_POINT('',(112.006012,-71.5,-7.5E-02));
#6930 = VECTOR('',#6931,1.);
#6931 = DIRECTION('',(0.,0.,1.));
#6932 = ORIENTED_EDGE('',*,*,#6933,.T.);
#6933 = EDGE_CURVE('',#6926,#6926,#6934,.T.);
#6934 = CIRCLE('',#6935,0.7);
#6935 = AXIS2_PLACEMENT_3D('',#6936,#6937,#6938);
#6936 = CARTESIAN_POINT('',(112.006012,-70.8,1.115));
#6937 = DIRECTION('',(0.,0.,1.));
#6938 = DIRECTION('',(-0.,-1.,0.));
#6939 = ORIENTED_EDGE('',*,*,#6923,.F.);
#6940 = ORIENTED_EDGE('',*,*,#6941,.F.);
#6941 = EDGE_CURVE('',#6924,#6924,#6942,.T.);
#6942 = CIRCLE('',#6943,0.7);
#6943 = AXIS2_PLACEMENT_3D('',#6944,#6945,#6946);
#6944 = CARTESIAN_POINT('',(112.006012,-70.8,-7.5E-02));
#6945 = DIRECTION('',(0.,0.,1.));
#6946 = DIRECTION('',(-0.,-1.,0.));
#6947 = CYLINDRICAL_SURFACE('',#6948,0.7);
#6948 = AXIS2_PLACEMENT_3D('',#6949,#6950,#6951);
#6949 = CARTESIAN_POINT('',(112.006012,-70.8,-7.5E-02));
#6950 = DIRECTION('',(-0.,-0.,-1.));
#6951 = DIRECTION('',(-0.,-1.,0.));
#6952 = ADVANCED_FACE('',(#6953,#6956),#6967,.F.);
#6953 = FACE_BOUND('',#6954,.F.);
#6954 = EDGE_LOOP('',(#6955));
#6955 = ORIENTED_EDGE('',*,*,#6941,.T.);
#6956 = FACE_BOUND('',#6957,.F.);
#6957 = EDGE_LOOP('',(#6958));
#6958 = ORIENTED_EDGE('',*,*,#6959,.T.);
#6959 = EDGE_CURVE('',#6960,#6960,#6962,.T.);
#6960 = VERTEX_POINT('',#6961);
#6961 = CARTESIAN_POINT('',(112.006012,-71.475,-7.5E-02));
#6962 = CIRCLE('',#6963,0.675);
#6963 = AXIS2_PLACEMENT_3D('',#6964,#6965,#6966);
#6964 = CARTESIAN_POINT('',(112.006012,-70.8,-7.5E-02));
#6965 = DIRECTION('',(-0.,0.,-1.));
#6966 = DIRECTION('',(-0.,-1.,0.));
#6967 = PLANE('',#6968);
#6968 = AXIS2_PLACEMENT_3D('',#6969,#6970,#6971);
#6969 = CARTESIAN_POINT('',(112.006012,-71.5,-7.5E-02));
#6970 = DIRECTION('',(0.,0.,1.));
#6971 = DIRECTION('',(1.,0.,-0.));
#6972 = ADVANCED_FACE('',(#6973,#6976),#6987,.T.);
#6973 = FACE_BOUND('',#6974,.T.);
#6974 = EDGE_LOOP('',(#6975));
#6975 = ORIENTED_EDGE('',*,*,#6933,.T.);
#6976 = FACE_BOUND('',#6977,.T.);
#6977 = EDGE_LOOP('',(#6978));
#6978 = ORIENTED_EDGE('',*,*,#6979,.T.);
#6979 = EDGE_CURVE('',#6980,#6980,#6982,.T.);
#6980 = VERTEX_POINT('',#6981);
#6981 = CARTESIAN_POINT('',(112.006012,-71.475,1.115));
#6982 = CIRCLE('',#6983,0.675);
#6983 = AXIS2_PLACEMENT_3D('',#6984,#6985,#6986);
#6984 = CARTESIAN_POINT('',(112.006012,-70.8,1.115));
#6985 = DIRECTION('',(-0.,0.,-1.));
#6986 = DIRECTION('',(-0.,-1.,0.));
#6987 = PLANE('',#6988);
#6988 = AXIS2_PLACEMENT_3D('',#6989,#6990,#6991);
#6989 = CARTESIAN_POINT('',(112.006012,-71.5,1.115));
#6990 = DIRECTION('',(0.,0.,1.));
#6991 = DIRECTION('',(1.,0.,-0.));
#6992 = ADVANCED_FACE('',(#6993),#7004,.F.);
#6993 = FACE_BOUND('',#6994,.T.);
#6994 = EDGE_LOOP('',(#6995,#6996,#7002,#7003));
#6995 = ORIENTED_EDGE('',*,*,#6959,.T.);
#6996 = ORIENTED_EDGE('',*,*,#6997,.T.);
#6997 = EDGE_CURVE('',#6960,#6980,#6998,.T.);
#6998 = LINE('',#6999,#7000);
#6999 = CARTESIAN_POINT('',(112.006012,-71.475,-8.1E-02));
#7000 = VECTOR('',#7001,1.);
#7001 = DIRECTION('',(0.,0.,1.));
#7002 = ORIENTED_EDGE('',*,*,#6979,.F.);
#7003 = ORIENTED_EDGE('',*,*,#6997,.F.);
#7004 = CYLINDRICAL_SURFACE('',#7005,0.675);
#7005 = AXIS2_PLACEMENT_3D('',#7006,#7007,#7008);
#7006 = CARTESIAN_POINT('',(112.006012,-70.8,-8.1E-02));
#7007 = DIRECTION('',(-0.,-0.,-1.));
#7008 = DIRECTION('',(-0.,-1.,0.));
#7009 = MANIFOLD_SOLID_BREP('',#7010);
#7010 = CLOSED_SHELL('',(#7011,#7044,#7064,#7084));
#7011 = ADVANCED_FACE('',(#7012),#7039,.T.);
#7012 = FACE_BOUND('',#7013,.F.);
#7013 = EDGE_LOOP('',(#7014,#7024,#7031,#7032));
#7014 = ORIENTED_EDGE('',*,*,#7015,.T.);
#7015 = EDGE_CURVE('',#7016,#7018,#7020,.T.);
#7016 = VERTEX_POINT('',#7017);
#7017 = CARTESIAN_POINT('',(115.606012,-74.3,1.04));
#7018 = VERTEX_POINT('',#7019);
#7019 = CARTESIAN_POINT('',(115.606012,-74.3,1.115));
#7020 = LINE('',#7021,#7022);
#7021 = CARTESIAN_POINT('',(115.606012,-74.3,1.04));
#7022 = VECTOR('',#7023,1.);
#7023 = DIRECTION('',(0.,0.,1.));
#7024 = ORIENTED_EDGE('',*,*,#7025,.T.);
#7025 = EDGE_CURVE('',#7018,#7018,#7026,.T.);
#7026 = CIRCLE('',#7027,1.1);
#7027 = AXIS2_PLACEMENT_3D('',#7028,#7029,#7030);
#7028 = CARTESIAN_POINT('',(114.506012,-74.3,1.115));
#7029 = DIRECTION('',(0.,0.,1.));
#7030 = DIRECTION('',(1.,0.,-0.));
#7031 = ORIENTED_EDGE('',*,*,#7015,.F.);
#7032 = ORIENTED_EDGE('',*,*,#7033,.F.);
#7033 = EDGE_CURVE('',#7016,#7016,#7034,.T.);
#7034 = CIRCLE('',#7035,1.1);
#7035 = AXIS2_PLACEMENT_3D('',#7036,#7037,#7038);
#7036 = CARTESIAN_POINT('',(114.506012,-74.3,1.04));
#7037 = DIRECTION('',(0.,0.,1.));
#7038 = DIRECTION('',(1.,0.,-0.));
#7039 = CYLINDRICAL_SURFACE('',#7040,1.1);
#7040 = AXIS2_PLACEMENT_3D('',#7041,#7042,#7043);
#7041 = CARTESIAN_POINT('',(114.506012,-74.3,1.04));
#7042 = DIRECTION('',(-0.,-0.,-1.));
#7043 = DIRECTION('',(1.,0.,-0.));
#7044 = ADVANCED_FACE('',(#7045,#7048),#7059,.F.);
#7045 = FACE_BOUND('',#7046,.F.);
#7046 = EDGE_LOOP('',(#7047));
#7047 = ORIENTED_EDGE('',*,*,#7033,.T.);
#7048 = FACE_BOUND('',#7049,.F.);
#7049 = EDGE_LOOP('',(#7050));
#7050 = ORIENTED_EDGE('',*,*,#7051,.T.);
#7051 = EDGE_CURVE('',#7052,#7052,#7054,.T.);
#7052 = VERTEX_POINT('',#7053);
#7053 = CARTESIAN_POINT('',(114.506012,-74.975,1.04));
#7054 = CIRCLE('',#7055,0.675);
#7055 = AXIS2_PLACEMENT_3D('',#7056,#7057,#7058);
#7056 = CARTESIAN_POINT('',(114.506012,-74.3,1.04));
#7057 = DIRECTION('',(-0.,0.,-1.));
#7058 = DIRECTION('',(-0.,-1.,0.));
#7059 = PLANE('',#7060);
#7060 = AXIS2_PLACEMENT_3D('',#7061,#7062,#7063);
#7061 = CARTESIAN_POINT('',(0.,0.,1.04));
#7062 = DIRECTION('',(0.,0.,1.));
#7063 = DIRECTION('',(1.,0.,-0.));
#7064 = ADVANCED_FACE('',(#7065,#7068),#7079,.T.);
#7065 = FACE_BOUND('',#7066,.T.);
#7066 = EDGE_LOOP('',(#7067));
#7067 = ORIENTED_EDGE('',*,*,#7025,.T.);
#7068 = FACE_BOUND('',#7069,.T.);
#7069 = EDGE_LOOP('',(#7070));
#7070 = ORIENTED_EDGE('',*,*,#7071,.T.);
#7071 = EDGE_CURVE('',#7072,#7072,#7074,.T.);
#7072 = VERTEX_POINT('',#7073);
#7073 = CARTESIAN_POINT('',(114.506012,-74.975,1.115));
#7074 = CIRCLE('',#7075,0.675);
#7075 = AXIS2_PLACEMENT_3D('',#7076,#7077,#7078);
#7076 = CARTESIAN_POINT('',(114.506012,-74.3,1.115));
#7077 = DIRECTION('',(-0.,0.,-1.));
#7078 = DIRECTION('',(-0.,-1.,0.));
#7079 = PLANE('',#7080);
#7080 = AXIS2_PLACEMENT_3D('',#7081,#7082,#7083);
#7081 = CARTESIAN_POINT('',(0.,0.,1.115));
#7082 = DIRECTION('',(0.,0.,1.));
#7083 = DIRECTION('',(1.,0.,-0.));
#7084 = ADVANCED_FACE('',(#7085),#7096,.F.);
#7085 = FACE_BOUND('',#7086,.T.);
#7086 = EDGE_LOOP('',(#7087,#7088,#7094,#7095));
#7087 = ORIENTED_EDGE('',*,*,#7051,.T.);
#7088 = ORIENTED_EDGE('',*,*,#7089,.T.);
#7089 = EDGE_CURVE('',#7052,#7072,#7090,.T.);
#7090 = LINE('',#7091,#7092);
#7091 = CARTESIAN_POINT('',(114.506012,-74.975,-8.1E-02));
#7092 = VECTOR('',#7093,1.);
#7093 = DIRECTION('',(0.,0.,1.));
#7094 = ORIENTED_EDGE('',*,*,#7071,.F.);
#7095 = ORIENTED_EDGE('',*,*,#7089,.F.);
#7096 = CYLINDRICAL_SURFACE('',#7097,0.675);
#7097 = AXIS2_PLACEMENT_3D('',#7098,#7099,#7100);
#7098 = CARTESIAN_POINT('',(114.506012,-74.3,-8.1E-02));
#7099 = DIRECTION('',(-0.,-0.,-1.));
#7100 = DIRECTION('',(-0.,-1.,0.));
#7101 = MANIFOLD_SOLID_BREP('',#7102);
#7102 = CLOSED_SHELL('',(#7103,#7136,#7156,#7176));
#7103 = ADVANCED_FACE('',(#7104),#7131,.T.);
#7104 = FACE_BOUND('',#7105,.T.);
#7105 = EDGE_LOOP('',(#7106,#7116,#7123,#7124));
#7106 = ORIENTED_EDGE('',*,*,#7107,.T.);
#7107 = EDGE_CURVE('',#7108,#7110,#7112,.T.);
#7108 = VERTEX_POINT('',#7109);
#7109 = CARTESIAN_POINT('',(115.606012,-74.3,0.));
#7110 = VERTEX_POINT('',#7111);
#7111 = CARTESIAN_POINT('',(115.606012,-74.3,-7.5E-02));
#7112 = LINE('',#7113,#7114);
#7113 = CARTESIAN_POINT('',(115.606012,-74.3,0.));
#7114 = VECTOR('',#7115,1.);
#7115 = DIRECTION('',(0.,0.,-1.));
#7116 = ORIENTED_EDGE('',*,*,#7117,.T.);
#7117 = EDGE_CURVE('',#7110,#7110,#7118,.T.);
#7118 = CIRCLE('',#7119,1.1);
#7119 = AXIS2_PLACEMENT_3D('',#7120,#7121,#7122);
#7120 = CARTESIAN_POINT('',(114.506012,-74.3,-7.5E-02));
#7121 = DIRECTION('',(0.,0.,1.));
#7122 = DIRECTION('',(1.,0.,-0.));
#7123 = ORIENTED_EDGE('',*,*,#7107,.F.);
#7124 = ORIENTED_EDGE('',*,*,#7125,.F.);
#7125 = EDGE_CURVE('',#7108,#7108,#7126,.T.);
#7126 = CIRCLE('',#7127,1.1);
#7127 = AXIS2_PLACEMENT_3D('',#7128,#7129,#7130);
#7128 = CARTESIAN_POINT('',(114.506012,-74.3,0.));
#7129 = DIRECTION('',(0.,0.,1.));
#7130 = DIRECTION('',(1.,0.,-0.));
#7131 = CYLINDRICAL_SURFACE('',#7132,1.1);
#7132 = AXIS2_PLACEMENT_3D('',#7133,#7134,#7135);
#7133 = CARTESIAN_POINT('',(114.506012,-74.3,0.));
#7134 = DIRECTION('',(0.,0.,1.));
#7135 = DIRECTION('',(1.,0.,-0.));
#7136 = ADVANCED_FACE('',(#7137,#7140),#7151,.F.);
#7137 = FACE_BOUND('',#7138,.F.);
#7138 = EDGE_LOOP('',(#7139));
#7139 = ORIENTED_EDGE('',*,*,#7125,.F.);
#7140 = FACE_BOUND('',#7141,.F.);
#7141 = EDGE_LOOP('',(#7142));
#7142 = ORIENTED_EDGE('',*,*,#7143,.F.);
#7143 = EDGE_CURVE('',#7144,#7144,#7146,.T.);
#7144 = VERTEX_POINT('',#7145);
#7145 = CARTESIAN_POINT('',(114.506012,-74.975,0.));
#7146 = CIRCLE('',#7147,0.675);
#7147 = AXIS2_PLACEMENT_3D('',#7148,#7149,#7150);
#7148 = CARTESIAN_POINT('',(114.506012,-74.3,0.));
#7149 = DIRECTION('',(-0.,0.,-1.));
#7150 = DIRECTION('',(-0.,-1.,0.));
#7151 = PLANE('',#7152);
#7152 = AXIS2_PLACEMENT_3D('',#7153,#7154,#7155);
#7153 = CARTESIAN_POINT('',(0.,0.,0.));
#7154 = DIRECTION('',(-0.,-0.,-1.));
#7155 = DIRECTION('',(-1.,0.,0.));
#7156 = ADVANCED_FACE('',(#7157,#7160),#7171,.T.);
#7157 = FACE_BOUND('',#7158,.T.);
#7158 = EDGE_LOOP('',(#7159));
#7159 = ORIENTED_EDGE('',*,*,#7117,.F.);
#7160 = FACE_BOUND('',#7161,.T.);
#7161 = EDGE_LOOP('',(#7162));
#7162 = ORIENTED_EDGE('',*,*,#7163,.F.);
#7163 = EDGE_CURVE('',#7164,#7164,#7166,.T.);
#7164 = VERTEX_POINT('',#7165);
#7165 = CARTESIAN_POINT('',(114.506012,-74.975,-7.5E-02));
#7166 = CIRCLE('',#7167,0.675);
#7167 = AXIS2_PLACEMENT_3D('',#7168,#7169,#7170);
#7168 = CARTESIAN_POINT('',(114.506012,-74.3,-7.5E-02));
#7169 = DIRECTION('',(-0.,0.,-1.));
#7170 = DIRECTION('',(-0.,-1.,0.));
#7171 = PLANE('',#7172);
#7172 = AXIS2_PLACEMENT_3D('',#7173,#7174,#7175);
#7173 = CARTESIAN_POINT('',(0.,0.,-7.5E-02));
#7174 = DIRECTION('',(-0.,-0.,-1.));
#7175 = DIRECTION('',(-1.,0.,0.));
#7176 = ADVANCED_FACE('',(#7177),#7188,.F.);
#7177 = FACE_BOUND('',#7178,.T.);
#7178 = EDGE_LOOP('',(#7179,#7180,#7186,#7187));
#7179 = ORIENTED_EDGE('',*,*,#7163,.T.);
#7180 = ORIENTED_EDGE('',*,*,#7181,.T.);
#7181 = EDGE_CURVE('',#7164,#7144,#7182,.T.);
#7182 = LINE('',#7183,#7184);
#7183 = CARTESIAN_POINT('',(114.506012,-74.975,-8.1E-02));
#7184 = VECTOR('',#7185,1.);
#7185 = DIRECTION('',(0.,0.,1.));
#7186 = ORIENTED_EDGE('',*,*,#7143,.F.);
#7187 = ORIENTED_EDGE('',*,*,#7181,.F.);
#7188 = CYLINDRICAL_SURFACE('',#7189,0.675);
#7189 = AXIS2_PLACEMENT_3D('',#7190,#7191,#7192);
#7190 = CARTESIAN_POINT('',(114.506012,-74.3,-8.1E-02));
#7191 = DIRECTION('',(-0.,-0.,-1.));
#7192 = DIRECTION('',(-0.,-1.,0.));
#7193 = MANIFOLD_SOLID_BREP('',#7194);
#7194 = CLOSED_SHELL('',(#7195,#7228,#7248,#7268));
#7195 = ADVANCED_FACE('',(#7196),#7223,.T.);
#7196 = FACE_BOUND('',#7197,.F.);
#7197 = EDGE_LOOP('',(#7198,#7208,#7215,#7216));
#7198 = ORIENTED_EDGE('',*,*,#7199,.T.);
#7199 = EDGE_CURVE('',#7200,#7202,#7204,.T.);
#7200 = VERTEX_POINT('',#7201);
#7201 = CARTESIAN_POINT('',(114.506012,-75.,-7.5E-02));
#7202 = VERTEX_POINT('',#7203);
#7203 = CARTESIAN_POINT('',(114.506012,-75.,1.115));
#7204 = LINE('',#7205,#7206);
#7205 = CARTESIAN_POINT('',(114.506012,-75.,-7.5E-02));
#7206 = VECTOR('',#7207,1.);
#7207 = DIRECTION('',(0.,0.,1.));
#7208 = ORIENTED_EDGE('',*,*,#7209,.T.);
#7209 = EDGE_CURVE('',#7202,#7202,#7210,.T.);
#7210 = CIRCLE('',#7211,0.7);
#7211 = AXIS2_PLACEMENT_3D('',#7212,#7213,#7214);
#7212 = CARTESIAN_POINT('',(114.506012,-74.3,1.115));
#7213 = DIRECTION('',(0.,0.,1.));
#7214 = DIRECTION('',(-0.,-1.,0.));
#7215 = ORIENTED_EDGE('',*,*,#7199,.F.);
#7216 = ORIENTED_EDGE('',*,*,#7217,.F.);
#7217 = EDGE_CURVE('',#7200,#7200,#7218,.T.);
#7218 = CIRCLE('',#7219,0.7);
#7219 = AXIS2_PLACEMENT_3D('',#7220,#7221,#7222);
#7220 = CARTESIAN_POINT('',(114.506012,-74.3,-7.5E-02));
#7221 = DIRECTION('',(0.,0.,1.));
#7222 = DIRECTION('',(-0.,-1.,0.));
#7223 = CYLINDRICAL_SURFACE('',#7224,0.7);
#7224 = AXIS2_PLACEMENT_3D('',#7225,#7226,#7227);
#7225 = CARTESIAN_POINT('',(114.506012,-74.3,-7.5E-02));
#7226 = DIRECTION('',(-0.,-0.,-1.));
#7227 = DIRECTION('',(-0.,-1.,0.));
#7228 = ADVANCED_FACE('',(#7229,#7232),#7243,.F.);
#7229 = FACE_BOUND('',#7230,.F.);
#7230 = EDGE_LOOP('',(#7231));
#7231 = ORIENTED_EDGE('',*,*,#7217,.T.);
#7232 = FACE_BOUND('',#7233,.F.);
#7233 = EDGE_LOOP('',(#7234));
#7234 = ORIENTED_EDGE('',*,*,#7235,.T.);
#7235 = EDGE_CURVE('',#7236,#7236,#7238,.T.);
#7236 = VERTEX_POINT('',#7237);
#7237 = CARTESIAN_POINT('',(114.506012,-74.975,-7.5E-02));
#7238 = CIRCLE('',#7239,0.675);
#7239 = AXIS2_PLACEMENT_3D('',#7240,#7241,#7242);
#7240 = CARTESIAN_POINT('',(114.506012,-74.3,-7.5E-02));
#7241 = DIRECTION('',(-0.,0.,-1.));
#7242 = DIRECTION('',(-0.,-1.,0.));
#7243 = PLANE('',#7244);
#7244 = AXIS2_PLACEMENT_3D('',#7245,#7246,#7247);
#7245 = CARTESIAN_POINT('',(114.506012,-75.,-7.5E-02));
#7246 = DIRECTION('',(0.,0.,1.));
#7247 = DIRECTION('',(1.,0.,-0.));
#7248 = ADVANCED_FACE('',(#7249,#7252),#7263,.T.);
#7249 = FACE_BOUND('',#7250,.T.);
#7250 = EDGE_LOOP('',(#7251));
#7251 = ORIENTED_EDGE('',*,*,#7209,.T.);
#7252 = FACE_BOUND('',#7253,.T.);
#7253 = EDGE_LOOP('',(#7254));
#7254 = ORIENTED_EDGE('',*,*,#7255,.T.);
#7255 = EDGE_CURVE('',#7256,#7256,#7258,.T.);
#7256 = VERTEX_POINT('',#7257);
#7257 = CARTESIAN_POINT('',(114.506012,-74.975,1.115));
#7258 = CIRCLE('',#7259,0.675);
#7259 = AXIS2_PLACEMENT_3D('',#7260,#7261,#7262);
#7260 = CARTESIAN_POINT('',(114.506012,-74.3,1.115));
#7261 = DIRECTION('',(-0.,0.,-1.));
#7262 = DIRECTION('',(-0.,-1.,0.));
#7263 = PLANE('',#7264);
#7264 = AXIS2_PLACEMENT_3D('',#7265,#7266,#7267);
#7265 = CARTESIAN_POINT('',(114.506012,-75.,1.115));
#7266 = DIRECTION('',(0.,0.,1.));
#7267 = DIRECTION('',(1.,0.,-0.));
#7268 = ADVANCED_FACE('',(#7269),#7280,.F.);
#7269 = FACE_BOUND('',#7270,.T.);
#7270 = EDGE_LOOP('',(#7271,#7272,#7278,#7279));
#7271 = ORIENTED_EDGE('',*,*,#7235,.T.);
#7272 = ORIENTED_EDGE('',*,*,#7273,.T.);
#7273 = EDGE_CURVE('',#7236,#7256,#7274,.T.);
#7274 = LINE('',#7275,#7276);
#7275 = CARTESIAN_POINT('',(114.506012,-74.975,-8.1E-02));
#7276 = VECTOR('',#7277,1.);
#7277 = DIRECTION('',(0.,0.,1.));
#7278 = ORIENTED_EDGE('',*,*,#7255,.F.);
#7279 = ORIENTED_EDGE('',*,*,#7273,.F.);
#7280 = CYLINDRICAL_SURFACE('',#7281,0.675);
#7281 = AXIS2_PLACEMENT_3D('',#7282,#7283,#7284);
#7282 = CARTESIAN_POINT('',(114.506012,-74.3,-8.1E-02));
#7283 = DIRECTION('',(-0.,-0.,-1.));
#7284 = DIRECTION('',(-0.,-1.,0.));
#7285 = MANIFOLD_SOLID_BREP('',#7286);
#7286 = CLOSED_SHELL('',(#7287,#7320,#7340,#7360));
#7287 = ADVANCED_FACE('',(#7288),#7315,.T.);
#7288 = FACE_BOUND('',#7289,.F.);
#7289 = EDGE_LOOP('',(#7290,#7300,#7307,#7308));
#7290 = ORIENTED_EDGE('',*,*,#7291,.T.);
#7291 = EDGE_CURVE('',#7292,#7294,#7296,.T.);
#7292 = VERTEX_POINT('',#7293);
#7293 = CARTESIAN_POINT('',(113.106012,-74.3,1.04));
#7294 = VERTEX_POINT('',#7295);
#7295 = CARTESIAN_POINT('',(113.106012,-74.3,1.115));
#7296 = LINE('',#7297,#7298);
#7297 = CARTESIAN_POINT('',(113.106012,-74.3,1.04));
#7298 = VECTOR('',#7299,1.);
#7299 = DIRECTION('',(0.,0.,1.));
#7300 = ORIENTED_EDGE('',*,*,#7301,.T.);
#7301 = EDGE_CURVE('',#7294,#7294,#7302,.T.);
#7302 = CIRCLE('',#7303,1.1);
#7303 = AXIS2_PLACEMENT_3D('',#7304,#7305,#7306);
#7304 = CARTESIAN_POINT('',(112.006012,-74.3,1.115));
#7305 = DIRECTION('',(0.,0.,1.));
#7306 = DIRECTION('',(1.,0.,-0.));
#7307 = ORIENTED_EDGE('',*,*,#7291,.F.);
#7308 = ORIENTED_EDGE('',*,*,#7309,.F.);
#7309 = EDGE_CURVE('',#7292,#7292,#7310,.T.);
#7310 = CIRCLE('',#7311,1.1);
#7311 = AXIS2_PLACEMENT_3D('',#7312,#7313,#7314);
#7312 = CARTESIAN_POINT('',(112.006012,-74.3,1.04));
#7313 = DIRECTION('',(0.,0.,1.));
#7314 = DIRECTION('',(1.,0.,-0.));
#7315 = CYLINDRICAL_SURFACE('',#7316,1.1);
#7316 = AXIS2_PLACEMENT_3D('',#7317,#7318,#7319);
#7317 = CARTESIAN_POINT('',(112.006012,-74.3,1.04));
#7318 = DIRECTION('',(-0.,-0.,-1.));
#7319 = DIRECTION('',(1.,0.,-0.));
#7320 = ADVANCED_FACE('',(#7321,#7324),#7335,.F.);
#7321 = FACE_BOUND('',#7322,.F.);
#7322 = EDGE_LOOP('',(#7323));
#7323 = ORIENTED_EDGE('',*,*,#7309,.T.);
#7324 = FACE_BOUND('',#7325,.F.);
#7325 = EDGE_LOOP('',(#7326));
#7326 = ORIENTED_EDGE('',*,*,#7327,.T.);
#7327 = EDGE_CURVE('',#7328,#7328,#7330,.T.);
#7328 = VERTEX_POINT('',#7329);
#7329 = CARTESIAN_POINT('',(112.006012,-74.975,1.04));
#7330 = CIRCLE('',#7331,0.675);
#7331 = AXIS2_PLACEMENT_3D('',#7332,#7333,#7334);
#7332 = CARTESIAN_POINT('',(112.006012,-74.3,1.04));
#7333 = DIRECTION('',(-0.,0.,-1.));
#7334 = DIRECTION('',(-0.,-1.,0.));
#7335 = PLANE('',#7336);
#7336 = AXIS2_PLACEMENT_3D('',#7337,#7338,#7339);
#7337 = CARTESIAN_POINT('',(0.,0.,1.04));
#7338 = DIRECTION('',(0.,0.,1.));
#7339 = DIRECTION('',(1.,0.,-0.));
#7340 = ADVANCED_FACE('',(#7341,#7344),#7355,.T.);
#7341 = FACE_BOUND('',#7342,.T.);
#7342 = EDGE_LOOP('',(#7343));
#7343 = ORIENTED_EDGE('',*,*,#7301,.T.);
#7344 = FACE_BOUND('',#7345,.T.);
#7345 = EDGE_LOOP('',(#7346));
#7346 = ORIENTED_EDGE('',*,*,#7347,.T.);
#7347 = EDGE_CURVE('',#7348,#7348,#7350,.T.);
#7348 = VERTEX_POINT('',#7349);
#7349 = CARTESIAN_POINT('',(112.006012,-74.975,1.115));
#7350 = CIRCLE('',#7351,0.675);
#7351 = AXIS2_PLACEMENT_3D('',#7352,#7353,#7354);
#7352 = CARTESIAN_POINT('',(112.006012,-74.3,1.115));
#7353 = DIRECTION('',(-0.,0.,-1.));
#7354 = DIRECTION('',(-0.,-1.,0.));
#7355 = PLANE('',#7356);
#7356 = AXIS2_PLACEMENT_3D('',#7357,#7358,#7359);
#7357 = CARTESIAN_POINT('',(0.,0.,1.115));
#7358 = DIRECTION('',(0.,0.,1.));
#7359 = DIRECTION('',(1.,0.,-0.));
#7360 = ADVANCED_FACE('',(#7361),#7372,.F.);
#7361 = FACE_BOUND('',#7362,.T.);
#7362 = EDGE_LOOP('',(#7363,#7364,#7370,#7371));
#7363 = ORIENTED_EDGE('',*,*,#7327,.T.);
#7364 = ORIENTED_EDGE('',*,*,#7365,.T.);
#7365 = EDGE_CURVE('',#7328,#7348,#7366,.T.);
#7366 = LINE('',#7367,#7368);
#7367 = CARTESIAN_POINT('',(112.006012,-74.975,-8.1E-02));
#7368 = VECTOR('',#7369,1.);
#7369 = DIRECTION('',(0.,0.,1.));
#7370 = ORIENTED_EDGE('',*,*,#7347,.F.);
#7371 = ORIENTED_EDGE('',*,*,#7365,.F.);
#7372 = CYLINDRICAL_SURFACE('',#7373,0.675);
#7373 = AXIS2_PLACEMENT_3D('',#7374,#7375,#7376);
#7374 = CARTESIAN_POINT('',(112.006012,-74.3,-8.1E-02));
#7375 = DIRECTION('',(-0.,-0.,-1.));
#7376 = DIRECTION('',(-0.,-1.,0.));
#7377 = MANIFOLD_SOLID_BREP('',#7378);
#7378 = CLOSED_SHELL('',(#7379,#7412,#7432,#7452));
#7379 = ADVANCED_FACE('',(#7380),#7407,.T.);
#7380 = FACE_BOUND('',#7381,.T.);
#7381 = EDGE_LOOP('',(#7382,#7392,#7399,#7400));
#7382 = ORIENTED_EDGE('',*,*,#7383,.T.);
#7383 = EDGE_CURVE('',#7384,#7386,#7388,.T.);
#7384 = VERTEX_POINT('',#7385);
#7385 = CARTESIAN_POINT('',(113.106012,-74.3,0.));
#7386 = VERTEX_POINT('',#7387);
#7387 = CARTESIAN_POINT('',(113.106012,-74.3,-7.5E-02));
#7388 = LINE('',#7389,#7390);
#7389 = CARTESIAN_POINT('',(113.106012,-74.3,0.));
#7390 = VECTOR('',#7391,1.);
#7391 = DIRECTION('',(0.,0.,-1.));
#7392 = ORIENTED_EDGE('',*,*,#7393,.T.);
#7393 = EDGE_CURVE('',#7386,#7386,#7394,.T.);
#7394 = CIRCLE('',#7395,1.1);
#7395 = AXIS2_PLACEMENT_3D('',#7396,#7397,#7398);
#7396 = CARTESIAN_POINT('',(112.006012,-74.3,-7.5E-02));
#7397 = DIRECTION('',(0.,0.,1.));
#7398 = DIRECTION('',(1.,0.,-0.));
#7399 = ORIENTED_EDGE('',*,*,#7383,.F.);
#7400 = ORIENTED_EDGE('',*,*,#7401,.F.);
#7401 = EDGE_CURVE('',#7384,#7384,#7402,.T.);
#7402 = CIRCLE('',#7403,1.1);
#7403 = AXIS2_PLACEMENT_3D('',#7404,#7405,#7406);
#7404 = CARTESIAN_POINT('',(112.006012,-74.3,0.));
#7405 = DIRECTION('',(0.,0.,1.));
#7406 = DIRECTION('',(1.,0.,-0.));
#7407 = CYLINDRICAL_SURFACE('',#7408,1.1);
#7408 = AXIS2_PLACEMENT_3D('',#7409,#7410,#7411);
#7409 = CARTESIAN_POINT('',(112.006012,-74.3,0.));
#7410 = DIRECTION('',(0.,0.,1.));
#7411 = DIRECTION('',(1.,0.,-0.));
#7412 = ADVANCED_FACE('',(#7413,#7416),#7427,.F.);
#7413 = FACE_BOUND('',#7414,.F.);
#7414 = EDGE_LOOP('',(#7415));
#7415 = ORIENTED_EDGE('',*,*,#7401,.F.);
#7416 = FACE_BOUND('',#7417,.F.);
#7417 = EDGE_LOOP('',(#7418));
#7418 = ORIENTED_EDGE('',*,*,#7419,.F.);
#7419 = EDGE_CURVE('',#7420,#7420,#7422,.T.);
#7420 = VERTEX_POINT('',#7421);
#7421 = CARTESIAN_POINT('',(112.006012,-74.975,0.));
#7422 = CIRCLE('',#7423,0.675);
#7423 = AXIS2_PLACEMENT_3D('',#7424,#7425,#7426);
#7424 = CARTESIAN_POINT('',(112.006012,-74.3,0.));
#7425 = DIRECTION('',(-0.,0.,-1.));
#7426 = DIRECTION('',(-0.,-1.,0.));
#7427 = PLANE('',#7428);
#7428 = AXIS2_PLACEMENT_3D('',#7429,#7430,#7431);
#7429 = CARTESIAN_POINT('',(0.,0.,0.));
#7430 = DIRECTION('',(-0.,-0.,-1.));
#7431 = DIRECTION('',(-1.,0.,0.));
#7432 = ADVANCED_FACE('',(#7433,#7436),#7447,.T.);
#7433 = FACE_BOUND('',#7434,.T.);
#7434 = EDGE_LOOP('',(#7435));
#7435 = ORIENTED_EDGE('',*,*,#7393,.F.);
#7436 = FACE_BOUND('',#7437,.T.);
#7437 = EDGE_LOOP('',(#7438));
#7438 = ORIENTED_EDGE('',*,*,#7439,.F.);
#7439 = EDGE_CURVE('',#7440,#7440,#7442,.T.);
#7440 = VERTEX_POINT('',#7441);
#7441 = CARTESIAN_POINT('',(112.006012,-74.975,-7.5E-02));
#7442 = CIRCLE('',#7443,0.675);
#7443 = AXIS2_PLACEMENT_3D('',#7444,#7445,#7446);
#7444 = CARTESIAN_POINT('',(112.006012,-74.3,-7.5E-02));
#7445 = DIRECTION('',(-0.,0.,-1.));
#7446 = DIRECTION('',(-0.,-1.,0.));
#7447 = PLANE('',#7448);
#7448 = AXIS2_PLACEMENT_3D('',#7449,#7450,#7451);
#7449 = CARTESIAN_POINT('',(0.,0.,-7.5E-02));
#7450 = DIRECTION('',(-0.,-0.,-1.));
#7451 = DIRECTION('',(-1.,0.,0.));
#7452 = ADVANCED_FACE('',(#7453),#7464,.F.);
#7453 = FACE_BOUND('',#7454,.T.);
#7454 = EDGE_LOOP('',(#7455,#7456,#7462,#7463));
#7455 = ORIENTED_EDGE('',*,*,#7439,.T.);
#7456 = ORIENTED_EDGE('',*,*,#7457,.T.);
#7457 = EDGE_CURVE('',#7440,#7420,#7458,.T.);
#7458 = LINE('',#7459,#7460);
#7459 = CARTESIAN_POINT('',(112.006012,-74.975,-8.1E-02));
#7460 = VECTOR('',#7461,1.);
#7461 = DIRECTION('',(0.,0.,1.));
#7462 = ORIENTED_EDGE('',*,*,#7419,.F.);
#7463 = ORIENTED_EDGE('',*,*,#7457,.F.);
#7464 = CYLINDRICAL_SURFACE('',#7465,0.675);
#7465 = AXIS2_PLACEMENT_3D('',#7466,#7467,#7468);
#7466 = CARTESIAN_POINT('',(112.006012,-74.3,-8.1E-02));
#7467 = DIRECTION('',(-0.,-0.,-1.));
#7468 = DIRECTION('',(-0.,-1.,0.));
#7469 = MANIFOLD_SOLID_BREP('',#7470);
#7470 = CLOSED_SHELL('',(#7471,#7504,#7524,#7544));
#7471 = ADVANCED_FACE('',(#7472),#7499,.T.);
#7472 = FACE_BOUND('',#7473,.F.);
#7473 = EDGE_LOOP('',(#7474,#7484,#7491,#7492));
#7474 = ORIENTED_EDGE('',*,*,#7475,.T.);
#7475 = EDGE_CURVE('',#7476,#7478,#7480,.T.);
#7476 = VERTEX_POINT('',#7477);
#7477 = CARTESIAN_POINT('',(112.006012,-75.,-7.5E-02));
#7478 = VERTEX_POINT('',#7479);
#7479 = CARTESIAN_POINT('',(112.006012,-75.,1.115));
#7480 = LINE('',#7481,#7482);
#7481 = CARTESIAN_POINT('',(112.006012,-75.,-7.5E-02));
#7482 = VECTOR('',#7483,1.);
#7483 = DIRECTION('',(0.,0.,1.));
#7484 = ORIENTED_EDGE('',*,*,#7485,.T.);
#7485 = EDGE_CURVE('',#7478,#7478,#7486,.T.);
#7486 = CIRCLE('',#7487,0.7);
#7487 = AXIS2_PLACEMENT_3D('',#7488,#7489,#7490);
#7488 = CARTESIAN_POINT('',(112.006012,-74.3,1.115));
#7489 = DIRECTION('',(0.,0.,1.));
#7490 = DIRECTION('',(-0.,-1.,0.));
#7491 = ORIENTED_EDGE('',*,*,#7475,.F.);
#7492 = ORIENTED_EDGE('',*,*,#7493,.F.);
#7493 = EDGE_CURVE('',#7476,#7476,#7494,.T.);
#7494 = CIRCLE('',#7495,0.7);
#7495 = AXIS2_PLACEMENT_3D('',#7496,#7497,#7498);
#7496 = CARTESIAN_POINT('',(112.006012,-74.3,-7.5E-02));
#7497 = DIRECTION('',(0.,0.,1.));
#7498 = DIRECTION('',(-0.,-1.,0.));
#7499 = CYLINDRICAL_SURFACE('',#7500,0.7);
#7500 = AXIS2_PLACEMENT_3D('',#7501,#7502,#7503);
#7501 = CARTESIAN_POINT('',(112.006012,-74.3,-7.5E-02));
#7502 = DIRECTION('',(-0.,-0.,-1.));
#7503 = DIRECTION('',(-0.,-1.,0.));
#7504 = ADVANCED_FACE('',(#7505,#7508),#7519,.F.);
#7505 = FACE_BOUND('',#7506,.F.);
#7506 = EDGE_LOOP('',(#7507));
#7507 = ORIENTED_EDGE('',*,*,#7493,.T.);
#7508 = FACE_BOUND('',#7509,.F.);
#7509 = EDGE_LOOP('',(#7510));
#7510 = ORIENTED_EDGE('',*,*,#7511,.T.);
#7511 = EDGE_CURVE('',#7512,#7512,#7514,.T.);
#7512 = VERTEX_POINT('',#7513);
#7513 = CARTESIAN_POINT('',(112.006012,-74.975,-7.5E-02));
#7514 = CIRCLE('',#7515,0.675);
#7515 = AXIS2_PLACEMENT_3D('',#7516,#7517,#7518);
#7516 = CARTESIAN_POINT('',(112.006012,-74.3,-7.5E-02));
#7517 = DIRECTION('',(-0.,0.,-1.));
#7518 = DIRECTION('',(-0.,-1.,0.));
#7519 = PLANE('',#7520);
#7520 = AXIS2_PLACEMENT_3D('',#7521,#7522,#7523);
#7521 = CARTESIAN_POINT('',(112.006012,-75.,-7.5E-02));
#7522 = DIRECTION('',(0.,0.,1.));
#7523 = DIRECTION('',(1.,0.,-0.));
#7524 = ADVANCED_FACE('',(#7525,#7528),#7539,.T.);
#7525 = FACE_BOUND('',#7526,.T.);
#7526 = EDGE_LOOP('',(#7527));
#7527 = ORIENTED_EDGE('',*,*,#7485,.T.);
#7528 = FACE_BOUND('',#7529,.T.);
#7529 = EDGE_LOOP('',(#7530));
#7530 = ORIENTED_EDGE('',*,*,#7531,.T.);
#7531 = EDGE_CURVE('',#7532,#7532,#7534,.T.);
#7532 = VERTEX_POINT('',#7533);
#7533 = CARTESIAN_POINT('',(112.006012,-74.975,1.115));
#7534 = CIRCLE('',#7535,0.675);
#7535 = AXIS2_PLACEMENT_3D('',#7536,#7537,#7538);
#7536 = CARTESIAN_POINT('',(112.006012,-74.3,1.115));
#7537 = DIRECTION('',(-0.,0.,-1.));
#7538 = DIRECTION('',(-0.,-1.,0.));
#7539 = PLANE('',#7540);
#7540 = AXIS2_PLACEMENT_3D('',#7541,#7542,#7543);
#7541 = CARTESIAN_POINT('',(112.006012,-75.,1.115));
#7542 = DIRECTION('',(0.,0.,1.));
#7543 = DIRECTION('',(1.,0.,-0.));
#7544 = ADVANCED_FACE('',(#7545),#7556,.F.);
#7545 = FACE_BOUND('',#7546,.T.);
#7546 = EDGE_LOOP('',(#7547,#7548,#7554,#7555));
#7547 = ORIENTED_EDGE('',*,*,#7511,.T.);
#7548 = ORIENTED_EDGE('',*,*,#7549,.T.);
#7549 = EDGE_CURVE('',#7512,#7532,#7550,.T.);
#7550 = LINE('',#7551,#7552);
#7551 = CARTESIAN_POINT('',(112.006012,-74.975,-8.1E-02));
#7552 = VECTOR('',#7553,1.);
#7553 = DIRECTION('',(0.,0.,1.));
#7554 = ORIENTED_EDGE('',*,*,#7531,.F.);
#7555 = ORIENTED_EDGE('',*,*,#7549,.F.);
#7556 = CYLINDRICAL_SURFACE('',#7557,0.675);
#7557 = AXIS2_PLACEMENT_3D('',#7558,#7559,#7560);
#7558 = CARTESIAN_POINT('',(112.006012,-74.3,-8.1E-02));
#7559 = DIRECTION('',(-0.,-0.,-1.));
#7560 = DIRECTION('',(-0.,-1.,0.));
#7561 = MANIFOLD_SOLID_BREP('',#7562);
#7562 = CLOSED_SHELL('',(#7563,#7605,#7636,#7667,#7730,#7793,#7810,#7827
    ,#7844,#7861,#7873));
#7563 = ADVANCED_FACE('',(#7564),#7600,.T.);
#7564 = FACE_BOUND('',#7565,.T.);
#7565 = EDGE_LOOP('',(#7566,#7576,#7585,#7593));
#7566 = ORIENTED_EDGE('',*,*,#7567,.T.);
#7567 = EDGE_CURVE('',#7568,#7570,#7572,.T.);
#7568 = VERTEX_POINT('',#7569);
#7569 = CARTESIAN_POINT('',(183.43,-83.650001,1.04));
#7570 = VERTEX_POINT('',#7571);
#7571 = CARTESIAN_POINT('',(183.43,-83.650001,1.115));
#7572 = LINE('',#7573,#7574);
#7573 = CARTESIAN_POINT('',(183.43,-83.650001,1.04));
#7574 = VECTOR('',#7575,1.);
#7575 = DIRECTION('',(0.,0.,1.));
#7576 = ORIENTED_EDGE('',*,*,#7577,.T.);
#7577 = EDGE_CURVE('',#7570,#7578,#7580,.T.);
#7578 = VERTEX_POINT('',#7579);
#7579 = CARTESIAN_POINT('',(183.680002,-83.400001,1.115));
#7580 = CIRCLE('',#7581,0.25000066679);
#7581 = AXIS2_PLACEMENT_3D('',#7582,#7583,#7584);
#7582 = CARTESIAN_POINT('',(183.68000066678,-83.65000166678,1.115));
#7583 = DIRECTION('',(0.,0.,-1.));
#7584 = DIRECTION('',(-0.999999999996,2.667136917289E-06,0.));
#7585 = ORIENTED_EDGE('',*,*,#7586,.F.);
#7586 = EDGE_CURVE('',#7587,#7578,#7589,.T.);
#7587 = VERTEX_POINT('',#7588);
#7588 = CARTESIAN_POINT('',(183.680002,-83.400001,1.04));
#7589 = LINE('',#7590,#7591);
#7590 = CARTESIAN_POINT('',(183.680002,-83.400001,1.04));
#7591 = VECTOR('',#7592,1.);
#7592 = DIRECTION('',(0.,0.,1.));
#7593 = ORIENTED_EDGE('',*,*,#7594,.F.);
#7594 = EDGE_CURVE('',#7568,#7587,#7595,.T.);
#7595 = CIRCLE('',#7596,0.25000066679);
#7596 = AXIS2_PLACEMENT_3D('',#7597,#7598,#7599);
#7597 = CARTESIAN_POINT('',(183.68000066678,-83.65000166678,1.04));
#7598 = DIRECTION('',(0.,0.,-1.));
#7599 = DIRECTION('',(-0.999999999996,2.667136917289E-06,0.));
#7600 = CYLINDRICAL_SURFACE('',#7601,0.25000066679);
#7601 = AXIS2_PLACEMENT_3D('',#7602,#7603,#7604);
#7602 = CARTESIAN_POINT('',(183.68000066678,-83.65000166678,1.04));
#7603 = DIRECTION('',(0.,0.,-1.));
#7604 = DIRECTION('',(-0.999999999996,2.667136917289E-06,0.));
#7605 = ADVANCED_FACE('',(#7606),#7631,.T.);
#7606 = FACE_BOUND('',#7607,.T.);
#7607 = EDGE_LOOP('',(#7608,#7618,#7624,#7625));
#7608 = ORIENTED_EDGE('',*,*,#7609,.T.);
#7609 = EDGE_CURVE('',#7610,#7612,#7614,.T.);
#7610 = VERTEX_POINT('',#7611);
#7611 = CARTESIAN_POINT('',(183.430001,-85.849998,1.04));
#7612 = VERTEX_POINT('',#7613);
#7613 = CARTESIAN_POINT('',(183.430001,-85.849998,1.115));
#7614 = LINE('',#7615,#7616);
#7615 = CARTESIAN_POINT('',(183.430001,-85.849998,1.04));
#7616 = VECTOR('',#7617,1.);
#7617 = DIRECTION('',(0.,0.,1.));
#7618 = ORIENTED_EDGE('',*,*,#7619,.T.);
#7619 = EDGE_CURVE('',#7612,#7570,#7620,.T.);
#7620 = LINE('',#7621,#7622);
#7621 = CARTESIAN_POINT('',(183.430001,-85.849998,1.115));
#7622 = VECTOR('',#7623,1.);
#7623 = DIRECTION('',(-4.545460732333E-07,1.,0.));
#7624 = ORIENTED_EDGE('',*,*,#7567,.F.);
#7625 = ORIENTED_EDGE('',*,*,#7626,.F.);
#7626 = EDGE_CURVE('',#7610,#7568,#7627,.T.);
#7627 = LINE('',#7628,#7629);
#7628 = CARTESIAN_POINT('',(183.430001,-85.849998,1.04));
#7629 = VECTOR('',#7630,1.);
#7630 = DIRECTION('',(-4.545460732333E-07,1.,0.));
#7631 = PLANE('',#7632);
#7632 = AXIS2_PLACEMENT_3D('',#7633,#7634,#7635);
#7633 = CARTESIAN_POINT('',(183.430001,-85.849998,1.04));
#7634 = DIRECTION('',(-1.,-4.545460732333E-07,0.));
#7635 = DIRECTION('',(-4.545460732333E-07,1.,0.));
#7636 = ADVANCED_FACE('',(#7637),#7662,.T.);
#7637 = FACE_BOUND('',#7638,.T.);
#7638 = EDGE_LOOP('',(#7639,#7640,#7648,#7656));
#7639 = ORIENTED_EDGE('',*,*,#7586,.T.);
#7640 = ORIENTED_EDGE('',*,*,#7641,.T.);
#7641 = EDGE_CURVE('',#7578,#7642,#7644,.T.);
#7642 = VERTEX_POINT('',#7643);
#7643 = CARTESIAN_POINT('',(185.879999,-83.4,1.115));
#7644 = LINE('',#7645,#7646);
#7645 = CARTESIAN_POINT('',(183.680002,-83.400001,1.115));
#7646 = VECTOR('',#7647,1.);
#7647 = DIRECTION('',(1.,4.545460732333E-07,0.));
#7648 = ORIENTED_EDGE('',*,*,#7649,.F.);
#7649 = EDGE_CURVE('',#7650,#7642,#7652,.T.);
#7650 = VERTEX_POINT('',#7651);
#7651 = CARTESIAN_POINT('',(185.879999,-83.4,1.04));
#7652 = LINE('',#7653,#7654);
#7653 = CARTESIAN_POINT('',(185.879999,-83.4,1.04));
#7654 = VECTOR('',#7655,1.);
#7655 = DIRECTION('',(0.,0.,1.));
#7656 = ORIENTED_EDGE('',*,*,#7657,.F.);
#7657 = EDGE_CURVE('',#7587,#7650,#7658,.T.);
#7658 = LINE('',#7659,#7660);
#7659 = CARTESIAN_POINT('',(183.680002,-83.400001,1.04));
#7660 = VECTOR('',#7661,1.);
#7661 = DIRECTION('',(1.,4.545460732333E-07,0.));
#7662 = PLANE('',#7663);
#7663 = AXIS2_PLACEMENT_3D('',#7664,#7665,#7666);
#7664 = CARTESIAN_POINT('',(183.680002,-83.400001,1.04));
#7665 = DIRECTION('',(-4.545460732333E-07,1.,0.));
#7666 = DIRECTION('',(1.,4.545460732333E-07,0.));
#7667 = ADVANCED_FACE('',(#7668,#7714),#7725,.F.);
#7668 = FACE_BOUND('',#7669,.F.);
#7669 = EDGE_LOOP('',(#7670,#7671,#7672,#7681,#7689,#7698,#7706,#7713));
#7670 = ORIENTED_EDGE('',*,*,#7594,.F.);
#7671 = ORIENTED_EDGE('',*,*,#7626,.F.);
#7672 = ORIENTED_EDGE('',*,*,#7673,.F.);
#7673 = EDGE_CURVE('',#7674,#7610,#7676,.T.);
#7674 = VERTEX_POINT('',#7675);
#7675 = CARTESIAN_POINT('',(183.680001,-86.1,1.04));
#7676 = CIRCLE('',#7677,0.25000066679);
#7677 = AXIS2_PLACEMENT_3D('',#7678,#7679,#7680);
#7678 = CARTESIAN_POINT('',(183.68000166678,-85.84999933321,1.04));
#7679 = DIRECTION('',(0.,0.,-1.));
#7680 = DIRECTION('',(-2.667136917289E-06,-0.999999999996,-0.));
#7681 = ORIENTED_EDGE('',*,*,#7682,.F.);
#7682 = EDGE_CURVE('',#7683,#7674,#7685,.T.);
#7683 = VERTEX_POINT('',#7684);
#7684 = CARTESIAN_POINT('',(185.879998,-86.099999,1.04));
#7685 = LINE('',#7686,#7687);
#7686 = CARTESIAN_POINT('',(185.879998,-86.099999,1.04));
#7687 = VECTOR('',#7688,1.);
#7688 = DIRECTION('',(-1.,-4.545460732333E-07,0.));
#7689 = ORIENTED_EDGE('',*,*,#7690,.F.);
#7690 = EDGE_CURVE('',#7691,#7683,#7693,.T.);
#7691 = VERTEX_POINT('',#7692);
#7692 = CARTESIAN_POINT('',(186.13,-85.849999,1.04));
#7693 = CIRCLE('',#7694,0.25000066679);
#7694 = AXIS2_PLACEMENT_3D('',#7695,#7696,#7697);
#7695 = CARTESIAN_POINT('',(185.87999933321,-85.84999833321,1.04));
#7696 = DIRECTION('',(0.,0.,-1.));
#7697 = DIRECTION('',(0.999999999996,-2.667136917289E-06,0.));
#7698 = ORIENTED_EDGE('',*,*,#7699,.F.);
#7699 = EDGE_CURVE('',#7700,#7691,#7702,.T.);
#7700 = VERTEX_POINT('',#7701);
#7701 = CARTESIAN_POINT('',(186.129999,-83.650002,1.04));
#7702 = LINE('',#7703,#7704);
#7703 = CARTESIAN_POINT('',(186.129999,-83.650002,1.04));
#7704 = VECTOR('',#7705,1.);
#7705 = DIRECTION('',(4.545460732333E-07,-1.,0.));
#7706 = ORIENTED_EDGE('',*,*,#7707,.F.);
#7707 = EDGE_CURVE('',#7650,#7700,#7708,.T.);
#7708 = CIRCLE('',#7709,0.25000066679);
#7709 = AXIS2_PLACEMENT_3D('',#7710,#7711,#7712);
#7710 = CARTESIAN_POINT('',(185.87999833321,-83.65000066678,1.04));
#7711 = DIRECTION('',(0.,0.,-1.));
#7712 = DIRECTION('',(2.667136917289E-06,0.999999999996,0.));
#7713 = ORIENTED_EDGE('',*,*,#7657,.F.);
#7714 = FACE_BOUND('',#7715,.F.);
#7715 = EDGE_LOOP('',(#7716));
#7716 = ORIENTED_EDGE('',*,*,#7717,.T.);
#7717 = EDGE_CURVE('',#7718,#7718,#7720,.T.);
#7718 = VERTEX_POINT('',#7719);
#7719 = CARTESIAN_POINT('',(184.78,-85.575,1.04));
#7720 = CIRCLE('',#7721,0.825);
#7721 = AXIS2_PLACEMENT_3D('',#7722,#7723,#7724);
#7722 = CARTESIAN_POINT('',(184.78,-84.75,1.04));
#7723 = DIRECTION('',(-0.,0.,-1.));
#7724 = DIRECTION('',(-0.,-1.,0.));
#7725 = PLANE('',#7726);
#7726 = AXIS2_PLACEMENT_3D('',#7727,#7728,#7729);
#7727 = CARTESIAN_POINT('',(0.,0.,1.04));
#7728 = DIRECTION('',(0.,0.,1.));
#7729 = DIRECTION('',(1.,0.,-0.));
#7730 = ADVANCED_FACE('',(#7731,#7777),#7788,.T.);
#7731 = FACE_BOUND('',#7732,.T.);
#7732 = EDGE_LOOP('',(#7733,#7734,#7735,#7744,#7752,#7761,#7769,#7776));
#7733 = ORIENTED_EDGE('',*,*,#7577,.F.);
#7734 = ORIENTED_EDGE('',*,*,#7619,.F.);
#7735 = ORIENTED_EDGE('',*,*,#7736,.F.);
#7736 = EDGE_CURVE('',#7737,#7612,#7739,.T.);
#7737 = VERTEX_POINT('',#7738);
#7738 = CARTESIAN_POINT('',(183.680001,-86.1,1.115));
#7739 = CIRCLE('',#7740,0.25000066679);
#7740 = AXIS2_PLACEMENT_3D('',#7741,#7742,#7743);
#7741 = CARTESIAN_POINT('',(183.68000166678,-85.84999933321,1.115));
#7742 = DIRECTION('',(0.,0.,-1.));
#7743 = DIRECTION('',(-2.667136917289E-06,-0.999999999996,-0.));
#7744 = ORIENTED_EDGE('',*,*,#7745,.F.);
#7745 = EDGE_CURVE('',#7746,#7737,#7748,.T.);
#7746 = VERTEX_POINT('',#7747);
#7747 = CARTESIAN_POINT('',(185.879998,-86.099999,1.115));
#7748 = LINE('',#7749,#7750);
#7749 = CARTESIAN_POINT('',(185.879998,-86.099999,1.115));
#7750 = VECTOR('',#7751,1.);
#7751 = DIRECTION('',(-1.,-4.545460732333E-07,0.));
#7752 = ORIENTED_EDGE('',*,*,#7753,.F.);
#7753 = EDGE_CURVE('',#7754,#7746,#7756,.T.);
#7754 = VERTEX_POINT('',#7755);
#7755 = CARTESIAN_POINT('',(186.13,-85.849999,1.115));
#7756 = CIRCLE('',#7757,0.25000066679);
#7757 = AXIS2_PLACEMENT_3D('',#7758,#7759,#7760);
#7758 = CARTESIAN_POINT('',(185.87999933321,-85.84999833321,1.115));
#7759 = DIRECTION('',(0.,0.,-1.));
#7760 = DIRECTION('',(0.999999999996,-2.667136917289E-06,0.));
#7761 = ORIENTED_EDGE('',*,*,#7762,.F.);
#7762 = EDGE_CURVE('',#7763,#7754,#7765,.T.);
#7763 = VERTEX_POINT('',#7764);
#7764 = CARTESIAN_POINT('',(186.129999,-83.650002,1.115));
#7765 = LINE('',#7766,#7767);
#7766 = CARTESIAN_POINT('',(186.129999,-83.650002,1.115));
#7767 = VECTOR('',#7768,1.);
#7768 = DIRECTION('',(4.545460732333E-07,-1.,0.));
#7769 = ORIENTED_EDGE('',*,*,#7770,.F.);
#7770 = EDGE_CURVE('',#7642,#7763,#7771,.T.);
#7771 = CIRCLE('',#7772,0.25000066679);
#7772 = AXIS2_PLACEMENT_3D('',#7773,#7774,#7775);
#7773 = CARTESIAN_POINT('',(185.87999833321,-83.65000066678,1.115));
#7774 = DIRECTION('',(0.,0.,-1.));
#7775 = DIRECTION('',(2.667136917289E-06,0.999999999996,0.));
#7776 = ORIENTED_EDGE('',*,*,#7641,.F.);
#7777 = FACE_BOUND('',#7778,.T.);
#7778 = EDGE_LOOP('',(#7779));
#7779 = ORIENTED_EDGE('',*,*,#7780,.T.);
#7780 = EDGE_CURVE('',#7781,#7781,#7783,.T.);
#7781 = VERTEX_POINT('',#7782);
#7782 = CARTESIAN_POINT('',(184.78,-85.575,1.115));
#7783 = CIRCLE('',#7784,0.825);
#7784 = AXIS2_PLACEMENT_3D('',#7785,#7786,#7787);
#7785 = CARTESIAN_POINT('',(184.78,-84.75,1.115));
#7786 = DIRECTION('',(-0.,0.,-1.));
#7787 = DIRECTION('',(-0.,-1.,0.));
#7788 = PLANE('',#7789);
#7789 = AXIS2_PLACEMENT_3D('',#7790,#7791,#7792);
#7790 = CARTESIAN_POINT('',(0.,0.,1.115));
#7791 = DIRECTION('',(0.,0.,1.));
#7792 = DIRECTION('',(1.,0.,-0.));
#7793 = ADVANCED_FACE('',(#7794),#7805,.T.);
#7794 = FACE_BOUND('',#7795,.T.);
#7795 = EDGE_LOOP('',(#7796,#7802,#7803,#7804));
#7796 = ORIENTED_EDGE('',*,*,#7797,.T.);
#7797 = EDGE_CURVE('',#7674,#7737,#7798,.T.);
#7798 = LINE('',#7799,#7800);
#7799 = CARTESIAN_POINT('',(183.680001,-86.1,1.04));
#7800 = VECTOR('',#7801,1.);
#7801 = DIRECTION('',(0.,0.,1.));
#7802 = ORIENTED_EDGE('',*,*,#7736,.T.);
#7803 = ORIENTED_EDGE('',*,*,#7609,.F.);
#7804 = ORIENTED_EDGE('',*,*,#7673,.F.);
#7805 = CYLINDRICAL_SURFACE('',#7806,0.25000066679);
#7806 = AXIS2_PLACEMENT_3D('',#7807,#7808,#7809);
#7807 = CARTESIAN_POINT('',(183.68000166678,-85.84999933321,1.04));
#7808 = DIRECTION('',(0.,0.,-1.));
#7809 = DIRECTION('',(-2.667136917289E-06,-0.999999999996,-0.));
#7810 = ADVANCED_FACE('',(#7811),#7822,.T.);
#7811 = FACE_BOUND('',#7812,.T.);
#7812 = EDGE_LOOP('',(#7813,#7814,#7815,#7821));
#7813 = ORIENTED_EDGE('',*,*,#7649,.T.);
#7814 = ORIENTED_EDGE('',*,*,#7770,.T.);
#7815 = ORIENTED_EDGE('',*,*,#7816,.F.);
#7816 = EDGE_CURVE('',#7700,#7763,#7817,.T.);
#7817 = LINE('',#7818,#7819);
#7818 = CARTESIAN_POINT('',(186.129999,-83.650002,1.04));
#7819 = VECTOR('',#7820,1.);
#7820 = DIRECTION('',(0.,0.,1.));
#7821 = ORIENTED_EDGE('',*,*,#7707,.F.);
#7822 = CYLINDRICAL_SURFACE('',#7823,0.25000066679);
#7823 = AXIS2_PLACEMENT_3D('',#7824,#7825,#7826);
#7824 = CARTESIAN_POINT('',(185.87999833321,-83.65000066678,1.04));
#7825 = DIRECTION('',(0.,0.,-1.));
#7826 = DIRECTION('',(2.667136917289E-06,0.999999999996,0.));
#7827 = ADVANCED_FACE('',(#7828),#7839,.T.);
#7828 = FACE_BOUND('',#7829,.T.);
#7829 = EDGE_LOOP('',(#7830,#7836,#7837,#7838));
#7830 = ORIENTED_EDGE('',*,*,#7831,.T.);
#7831 = EDGE_CURVE('',#7683,#7746,#7832,.T.);
#7832 = LINE('',#7833,#7834);
#7833 = CARTESIAN_POINT('',(185.879998,-86.099999,1.04));
#7834 = VECTOR('',#7835,1.);
#7835 = DIRECTION('',(0.,0.,1.));
#7836 = ORIENTED_EDGE('',*,*,#7745,.T.);
#7837 = ORIENTED_EDGE('',*,*,#7797,.F.);
#7838 = ORIENTED_EDGE('',*,*,#7682,.F.);
#7839 = PLANE('',#7840);
#7840 = AXIS2_PLACEMENT_3D('',#7841,#7842,#7843);
#7841 = CARTESIAN_POINT('',(185.879998,-86.099999,1.04));
#7842 = DIRECTION('',(4.545460732333E-07,-1.,0.));
#7843 = DIRECTION('',(-1.,-4.545460732333E-07,0.));
#7844 = ADVANCED_FACE('',(#7845),#7856,.T.);
#7845 = FACE_BOUND('',#7846,.T.);
#7846 = EDGE_LOOP('',(#7847,#7848,#7849,#7855));
#7847 = ORIENTED_EDGE('',*,*,#7816,.T.);
#7848 = ORIENTED_EDGE('',*,*,#7762,.T.);
#7849 = ORIENTED_EDGE('',*,*,#7850,.F.);
#7850 = EDGE_CURVE('',#7691,#7754,#7851,.T.);
#7851 = LINE('',#7852,#7853);
#7852 = CARTESIAN_POINT('',(186.13,-85.849999,1.04));
#7853 = VECTOR('',#7854,1.);
#7854 = DIRECTION('',(0.,0.,1.));
#7855 = ORIENTED_EDGE('',*,*,#7699,.F.);
#7856 = PLANE('',#7857);
#7857 = AXIS2_PLACEMENT_3D('',#7858,#7859,#7860);
#7858 = CARTESIAN_POINT('',(186.129999,-83.650002,1.04));
#7859 = DIRECTION('',(1.,4.545460732333E-07,-0.));
#7860 = DIRECTION('',(4.545460732333E-07,-1.,0.));
#7861 = ADVANCED_FACE('',(#7862),#7868,.T.);
#7862 = FACE_BOUND('',#7863,.T.);
#7863 = EDGE_LOOP('',(#7864,#7865,#7866,#7867));
#7864 = ORIENTED_EDGE('',*,*,#7850,.T.);
#7865 = ORIENTED_EDGE('',*,*,#7753,.T.);
#7866 = ORIENTED_EDGE('',*,*,#7831,.F.);
#7867 = ORIENTED_EDGE('',*,*,#7690,.F.);
#7868 = CYLINDRICAL_SURFACE('',#7869,0.25000066679);
#7869 = AXIS2_PLACEMENT_3D('',#7870,#7871,#7872);
#7870 = CARTESIAN_POINT('',(185.87999933321,-85.84999833321,1.04));
#7871 = DIRECTION('',(0.,0.,-1.));
#7872 = DIRECTION('',(0.999999999996,-2.667136917289E-06,0.));
#7873 = ADVANCED_FACE('',(#7874),#7885,.F.);
#7874 = FACE_BOUND('',#7875,.T.);
#7875 = EDGE_LOOP('',(#7876,#7877,#7883,#7884));
#7876 = ORIENTED_EDGE('',*,*,#7717,.T.);
#7877 = ORIENTED_EDGE('',*,*,#7878,.T.);
#7878 = EDGE_CURVE('',#7718,#7781,#7879,.T.);
#7879 = LINE('',#7880,#7881);
#7880 = CARTESIAN_POINT('',(184.78,-85.575,-8.1E-02));
#7881 = VECTOR('',#7882,1.);
#7882 = DIRECTION('',(0.,0.,1.));
#7883 = ORIENTED_EDGE('',*,*,#7780,.F.);
#7884 = ORIENTED_EDGE('',*,*,#7878,.F.);
#7885 = CYLINDRICAL_SURFACE('',#7886,0.825);
#7886 = AXIS2_PLACEMENT_3D('',#7887,#7888,#7889);
#7887 = CARTESIAN_POINT('',(184.78,-84.75,-8.1E-02));
#7888 = DIRECTION('',(-0.,-0.,-1.));
#7889 = DIRECTION('',(-0.,-1.,0.));
#7890 = MANIFOLD_SOLID_BREP('',#7891);
#7891 = CLOSED_SHELL('',(#7892,#7934,#7965,#7996,#8059,#8122,#8139,#8156
    ,#8173,#8190,#8202));
#7892 = ADVANCED_FACE('',(#7893),#7929,.T.);
#7893 = FACE_BOUND('',#7894,.F.);
#7894 = EDGE_LOOP('',(#7895,#7905,#7914,#7922));
#7895 = ORIENTED_EDGE('',*,*,#7896,.T.);
#7896 = EDGE_CURVE('',#7897,#7899,#7901,.T.);
#7897 = VERTEX_POINT('',#7898);
#7898 = CARTESIAN_POINT('',(183.43,-83.650001,0.));
#7899 = VERTEX_POINT('',#7900);
#7900 = CARTESIAN_POINT('',(183.43,-83.650001,-7.5E-02));
#7901 = LINE('',#7902,#7903);
#7902 = CARTESIAN_POINT('',(183.43,-83.650001,0.));
#7903 = VECTOR('',#7904,1.);
#7904 = DIRECTION('',(0.,0.,-1.));
#7905 = ORIENTED_EDGE('',*,*,#7906,.T.);
#7906 = EDGE_CURVE('',#7899,#7907,#7909,.T.);
#7907 = VERTEX_POINT('',#7908);
#7908 = CARTESIAN_POINT('',(183.680002,-83.400001,-7.5E-02));
#7909 = CIRCLE('',#7910,0.25000066679);
#7910 = AXIS2_PLACEMENT_3D('',#7911,#7912,#7913);
#7911 = CARTESIAN_POINT('',(183.68000066678,-83.65000166678,-7.5E-02));
#7912 = DIRECTION('',(0.,0.,-1.));
#7913 = DIRECTION('',(-0.999999999996,2.667136917289E-06,0.));
#7914 = ORIENTED_EDGE('',*,*,#7915,.F.);
#7915 = EDGE_CURVE('',#7916,#7907,#7918,.T.);
#7916 = VERTEX_POINT('',#7917);
#7917 = CARTESIAN_POINT('',(183.680002,-83.400001,0.));
#7918 = LINE('',#7919,#7920);
#7919 = CARTESIAN_POINT('',(183.680002,-83.400001,0.));
#7920 = VECTOR('',#7921,1.);
#7921 = DIRECTION('',(0.,0.,-1.));
#7922 = ORIENTED_EDGE('',*,*,#7923,.F.);
#7923 = EDGE_CURVE('',#7897,#7916,#7924,.T.);
#7924 = CIRCLE('',#7925,0.25000066679);
#7925 = AXIS2_PLACEMENT_3D('',#7926,#7927,#7928);
#7926 = CARTESIAN_POINT('',(183.68000066678,-83.65000166678,0.));
#7927 = DIRECTION('',(0.,0.,-1.));
#7928 = DIRECTION('',(-0.999999999996,2.667136917289E-06,0.));
#7929 = CYLINDRICAL_SURFACE('',#7930,0.25000066679);
#7930 = AXIS2_PLACEMENT_3D('',#7931,#7932,#7933);
#7931 = CARTESIAN_POINT('',(183.68000066678,-83.65000166678,0.));
#7932 = DIRECTION('',(-0.,-0.,1.));
#7933 = DIRECTION('',(-0.999999999996,2.667136917289E-06,0.));
#7934 = ADVANCED_FACE('',(#7935),#7960,.F.);
#7935 = FACE_BOUND('',#7936,.F.);
#7936 = EDGE_LOOP('',(#7937,#7947,#7953,#7954));
#7937 = ORIENTED_EDGE('',*,*,#7938,.T.);
#7938 = EDGE_CURVE('',#7939,#7941,#7943,.T.);
#7939 = VERTEX_POINT('',#7940);
#7940 = CARTESIAN_POINT('',(183.430001,-85.849998,0.));
#7941 = VERTEX_POINT('',#7942);
#7942 = CARTESIAN_POINT('',(183.430001,-85.849998,-7.5E-02));
#7943 = LINE('',#7944,#7945);
#7944 = CARTESIAN_POINT('',(183.430001,-85.849998,0.));
#7945 = VECTOR('',#7946,1.);
#7946 = DIRECTION('',(0.,0.,-1.));
#7947 = ORIENTED_EDGE('',*,*,#7948,.T.);
#7948 = EDGE_CURVE('',#7941,#7899,#7949,.T.);
#7949 = LINE('',#7950,#7951);
#7950 = CARTESIAN_POINT('',(183.430001,-85.849998,-7.5E-02));
#7951 = VECTOR('',#7952,1.);
#7952 = DIRECTION('',(-4.545460732333E-07,1.,0.));
#7953 = ORIENTED_EDGE('',*,*,#7896,.F.);
#7954 = ORIENTED_EDGE('',*,*,#7955,.F.);
#7955 = EDGE_CURVE('',#7939,#7897,#7956,.T.);
#7956 = LINE('',#7957,#7958);
#7957 = CARTESIAN_POINT('',(183.430001,-85.849998,0.));
#7958 = VECTOR('',#7959,1.);
#7959 = DIRECTION('',(-4.545460732333E-07,1.,0.));
#7960 = PLANE('',#7961);
#7961 = AXIS2_PLACEMENT_3D('',#7962,#7963,#7964);
#7962 = CARTESIAN_POINT('',(183.430001,-85.849998,0.));
#7963 = DIRECTION('',(1.,4.545460732333E-07,0.));
#7964 = DIRECTION('',(-4.545460732333E-07,1.,0.));
#7965 = ADVANCED_FACE('',(#7966),#7991,.F.);
#7966 = FACE_BOUND('',#7967,.F.);
#7967 = EDGE_LOOP('',(#7968,#7969,#7977,#7985));
#7968 = ORIENTED_EDGE('',*,*,#7915,.T.);
#7969 = ORIENTED_EDGE('',*,*,#7970,.T.);
#7970 = EDGE_CURVE('',#7907,#7971,#7973,.T.);
#7971 = VERTEX_POINT('',#7972);
#7972 = CARTESIAN_POINT('',(185.879999,-83.4,-7.5E-02));
#7973 = LINE('',#7974,#7975);
#7974 = CARTESIAN_POINT('',(183.680002,-83.400001,-7.5E-02));
#7975 = VECTOR('',#7976,1.);
#7976 = DIRECTION('',(1.,4.545460732333E-07,0.));
#7977 = ORIENTED_EDGE('',*,*,#7978,.F.);
#7978 = EDGE_CURVE('',#7979,#7971,#7981,.T.);
#7979 = VERTEX_POINT('',#7980);
#7980 = CARTESIAN_POINT('',(185.879999,-83.4,0.));
#7981 = LINE('',#7982,#7983);
#7982 = CARTESIAN_POINT('',(185.879999,-83.4,0.));
#7983 = VECTOR('',#7984,1.);
#7984 = DIRECTION('',(0.,0.,-1.));
#7985 = ORIENTED_EDGE('',*,*,#7986,.F.);
#7986 = EDGE_CURVE('',#7916,#7979,#7987,.T.);
#7987 = LINE('',#7988,#7989);
#7988 = CARTESIAN_POINT('',(183.680002,-83.400001,0.));
#7989 = VECTOR('',#7990,1.);
#7990 = DIRECTION('',(1.,4.545460732333E-07,0.));
#7991 = PLANE('',#7992);
#7992 = AXIS2_PLACEMENT_3D('',#7993,#7994,#7995);
#7993 = CARTESIAN_POINT('',(183.680002,-83.400001,0.));
#7994 = DIRECTION('',(4.545460732333E-07,-1.,0.));
#7995 = DIRECTION('',(1.,4.545460732333E-07,0.));
#7996 = ADVANCED_FACE('',(#7997,#8043),#8054,.F.);
#7997 = FACE_BOUND('',#7998,.F.);
#7998 = EDGE_LOOP('',(#7999,#8000,#8001,#8010,#8018,#8027,#8035,#8042));
#7999 = ORIENTED_EDGE('',*,*,#7923,.T.);
#8000 = ORIENTED_EDGE('',*,*,#7986,.T.);
#8001 = ORIENTED_EDGE('',*,*,#8002,.T.);
#8002 = EDGE_CURVE('',#7979,#8003,#8005,.T.);
#8003 = VERTEX_POINT('',#8004);
#8004 = CARTESIAN_POINT('',(186.129999,-83.650002,0.));
#8005 = CIRCLE('',#8006,0.25000066679);
#8006 = AXIS2_PLACEMENT_3D('',#8007,#8008,#8009);
#8007 = CARTESIAN_POINT('',(185.87999833321,-83.65000066678,0.));
#8008 = DIRECTION('',(0.,0.,-1.));
#8009 = DIRECTION('',(2.667136917289E-06,0.999999999996,0.));
#8010 = ORIENTED_EDGE('',*,*,#8011,.T.);
#8011 = EDGE_CURVE('',#8003,#8012,#8014,.T.);
#8012 = VERTEX_POINT('',#8013);
#8013 = CARTESIAN_POINT('',(186.13,-85.849999,0.));
#8014 = LINE('',#8015,#8016);
#8015 = CARTESIAN_POINT('',(186.129999,-83.650002,0.));
#8016 = VECTOR('',#8017,1.);
#8017 = DIRECTION('',(4.545460732333E-07,-1.,0.));
#8018 = ORIENTED_EDGE('',*,*,#8019,.T.);
#8019 = EDGE_CURVE('',#8012,#8020,#8022,.T.);
#8020 = VERTEX_POINT('',#8021);
#8021 = CARTESIAN_POINT('',(185.879998,-86.099999,0.));
#8022 = CIRCLE('',#8023,0.25000066679);
#8023 = AXIS2_PLACEMENT_3D('',#8024,#8025,#8026);
#8024 = CARTESIAN_POINT('',(185.87999933321,-85.84999833321,0.));
#8025 = DIRECTION('',(0.,0.,-1.));
#8026 = DIRECTION('',(0.999999999996,-2.667136917289E-06,0.));
#8027 = ORIENTED_EDGE('',*,*,#8028,.T.);
#8028 = EDGE_CURVE('',#8020,#8029,#8031,.T.);
#8029 = VERTEX_POINT('',#8030);
#8030 = CARTESIAN_POINT('',(183.680001,-86.1,0.));
#8031 = LINE('',#8032,#8033);
#8032 = CARTESIAN_POINT('',(185.879998,-86.099999,0.));
#8033 = VECTOR('',#8034,1.);
#8034 = DIRECTION('',(-1.,-4.545460732333E-07,0.));
#8035 = ORIENTED_EDGE('',*,*,#8036,.T.);
#8036 = EDGE_CURVE('',#8029,#7939,#8037,.T.);
#8037 = CIRCLE('',#8038,0.25000066679);
#8038 = AXIS2_PLACEMENT_3D('',#8039,#8040,#8041);
#8039 = CARTESIAN_POINT('',(183.68000166678,-85.84999933321,0.));
#8040 = DIRECTION('',(0.,0.,-1.));
#8041 = DIRECTION('',(-2.667136917289E-06,-0.999999999996,-0.));
#8042 = ORIENTED_EDGE('',*,*,#7955,.T.);
#8043 = FACE_BOUND('',#8044,.F.);
#8044 = EDGE_LOOP('',(#8045));
#8045 = ORIENTED_EDGE('',*,*,#8046,.F.);
#8046 = EDGE_CURVE('',#8047,#8047,#8049,.T.);
#8047 = VERTEX_POINT('',#8048);
#8048 = CARTESIAN_POINT('',(184.78,-85.575,0.));
#8049 = CIRCLE('',#8050,0.825);
#8050 = AXIS2_PLACEMENT_3D('',#8051,#8052,#8053);
#8051 = CARTESIAN_POINT('',(184.78,-84.75,0.));
#8052 = DIRECTION('',(-0.,0.,-1.));
#8053 = DIRECTION('',(-0.,-1.,0.));
#8054 = PLANE('',#8055);
#8055 = AXIS2_PLACEMENT_3D('',#8056,#8057,#8058);
#8056 = CARTESIAN_POINT('',(0.,0.,0.));
#8057 = DIRECTION('',(-0.,-0.,-1.));
#8058 = DIRECTION('',(-1.,0.,0.));
#8059 = ADVANCED_FACE('',(#8060,#8106),#8117,.T.);
#8060 = FACE_BOUND('',#8061,.T.);
#8061 = EDGE_LOOP('',(#8062,#8063,#8064,#8073,#8081,#8090,#8098,#8105));
#8062 = ORIENTED_EDGE('',*,*,#7906,.T.);
#8063 = ORIENTED_EDGE('',*,*,#7970,.T.);
#8064 = ORIENTED_EDGE('',*,*,#8065,.T.);
#8065 = EDGE_CURVE('',#7971,#8066,#8068,.T.);
#8066 = VERTEX_POINT('',#8067);
#8067 = CARTESIAN_POINT('',(186.129999,-83.650002,-7.5E-02));
#8068 = CIRCLE('',#8069,0.25000066679);
#8069 = AXIS2_PLACEMENT_3D('',#8070,#8071,#8072);
#8070 = CARTESIAN_POINT('',(185.87999833321,-83.65000066678,-7.5E-02));
#8071 = DIRECTION('',(0.,0.,-1.));
#8072 = DIRECTION('',(2.667136917289E-06,0.999999999996,0.));
#8073 = ORIENTED_EDGE('',*,*,#8074,.T.);
#8074 = EDGE_CURVE('',#8066,#8075,#8077,.T.);
#8075 = VERTEX_POINT('',#8076);
#8076 = CARTESIAN_POINT('',(186.13,-85.849999,-7.5E-02));
#8077 = LINE('',#8078,#8079);
#8078 = CARTESIAN_POINT('',(186.129999,-83.650002,-7.5E-02));
#8079 = VECTOR('',#8080,1.);
#8080 = DIRECTION('',(4.545460732333E-07,-1.,0.));
#8081 = ORIENTED_EDGE('',*,*,#8082,.T.);
#8082 = EDGE_CURVE('',#8075,#8083,#8085,.T.);
#8083 = VERTEX_POINT('',#8084);
#8084 = CARTESIAN_POINT('',(185.879998,-86.099999,-7.5E-02));
#8085 = CIRCLE('',#8086,0.25000066679);
#8086 = AXIS2_PLACEMENT_3D('',#8087,#8088,#8089);
#8087 = CARTESIAN_POINT('',(185.87999933321,-85.84999833321,-7.5E-02));
#8088 = DIRECTION('',(0.,0.,-1.));
#8089 = DIRECTION('',(0.999999999996,-2.667136917289E-06,0.));
#8090 = ORIENTED_EDGE('',*,*,#8091,.T.);
#8091 = EDGE_CURVE('',#8083,#8092,#8094,.T.);
#8092 = VERTEX_POINT('',#8093);
#8093 = CARTESIAN_POINT('',(183.680001,-86.1,-7.5E-02));
#8094 = LINE('',#8095,#8096);
#8095 = CARTESIAN_POINT('',(185.879998,-86.099999,-7.5E-02));
#8096 = VECTOR('',#8097,1.);
#8097 = DIRECTION('',(-1.,-4.545460732333E-07,0.));
#8098 = ORIENTED_EDGE('',*,*,#8099,.T.);
#8099 = EDGE_CURVE('',#8092,#7941,#8100,.T.);
#8100 = CIRCLE('',#8101,0.25000066679);
#8101 = AXIS2_PLACEMENT_3D('',#8102,#8103,#8104);
#8102 = CARTESIAN_POINT('',(183.68000166678,-85.84999933321,-7.5E-02));
#8103 = DIRECTION('',(0.,0.,-1.));
#8104 = DIRECTION('',(-2.667136917289E-06,-0.999999999996,-0.));
#8105 = ORIENTED_EDGE('',*,*,#7948,.T.);
#8106 = FACE_BOUND('',#8107,.T.);
#8107 = EDGE_LOOP('',(#8108));
#8108 = ORIENTED_EDGE('',*,*,#8109,.F.);
#8109 = EDGE_CURVE('',#8110,#8110,#8112,.T.);
#8110 = VERTEX_POINT('',#8111);
#8111 = CARTESIAN_POINT('',(184.78,-85.575,-7.5E-02));
#8112 = CIRCLE('',#8113,0.825);
#8113 = AXIS2_PLACEMENT_3D('',#8114,#8115,#8116);
#8114 = CARTESIAN_POINT('',(184.78,-84.75,-7.5E-02));
#8115 = DIRECTION('',(-0.,0.,-1.));
#8116 = DIRECTION('',(-0.,-1.,0.));
#8117 = PLANE('',#8118);
#8118 = AXIS2_PLACEMENT_3D('',#8119,#8120,#8121);
#8119 = CARTESIAN_POINT('',(0.,0.,-7.5E-02));
#8120 = DIRECTION('',(-0.,-0.,-1.));
#8121 = DIRECTION('',(-1.,0.,0.));
#8122 = ADVANCED_FACE('',(#8123),#8134,.T.);
#8123 = FACE_BOUND('',#8124,.F.);
#8124 = EDGE_LOOP('',(#8125,#8131,#8132,#8133));
#8125 = ORIENTED_EDGE('',*,*,#8126,.T.);
#8126 = EDGE_CURVE('',#8029,#8092,#8127,.T.);
#8127 = LINE('',#8128,#8129);
#8128 = CARTESIAN_POINT('',(183.680001,-86.1,0.));
#8129 = VECTOR('',#8130,1.);
#8130 = DIRECTION('',(0.,0.,-1.));
#8131 = ORIENTED_EDGE('',*,*,#8099,.T.);
#8132 = ORIENTED_EDGE('',*,*,#7938,.F.);
#8133 = ORIENTED_EDGE('',*,*,#8036,.F.);
#8134 = CYLINDRICAL_SURFACE('',#8135,0.25000066679);
#8135 = AXIS2_PLACEMENT_3D('',#8136,#8137,#8138);
#8136 = CARTESIAN_POINT('',(183.68000166678,-85.84999933321,0.));
#8137 = DIRECTION('',(-0.,-0.,1.));
#8138 = DIRECTION('',(-2.667136917289E-06,-0.999999999996,-0.));
#8139 = ADVANCED_FACE('',(#8140),#8151,.T.);
#8140 = FACE_BOUND('',#8141,.F.);
#8141 = EDGE_LOOP('',(#8142,#8143,#8144,#8150));
#8142 = ORIENTED_EDGE('',*,*,#7978,.T.);
#8143 = ORIENTED_EDGE('',*,*,#8065,.T.);
#8144 = ORIENTED_EDGE('',*,*,#8145,.F.);
#8145 = EDGE_CURVE('',#8003,#8066,#8146,.T.);
#8146 = LINE('',#8147,#8148);
#8147 = CARTESIAN_POINT('',(186.129999,-83.650002,0.));
#8148 = VECTOR('',#8149,1.);
#8149 = DIRECTION('',(0.,0.,-1.));
#8150 = ORIENTED_EDGE('',*,*,#8002,.F.);
#8151 = CYLINDRICAL_SURFACE('',#8152,0.25000066679);
#8152 = AXIS2_PLACEMENT_3D('',#8153,#8154,#8155);
#8153 = CARTESIAN_POINT('',(185.87999833321,-83.65000066678,0.));
#8154 = DIRECTION('',(-0.,-0.,1.));
#8155 = DIRECTION('',(2.667136917289E-06,0.999999999996,0.));
#8156 = ADVANCED_FACE('',(#8157),#8168,.F.);
#8157 = FACE_BOUND('',#8158,.F.);
#8158 = EDGE_LOOP('',(#8159,#8165,#8166,#8167));
#8159 = ORIENTED_EDGE('',*,*,#8160,.T.);
#8160 = EDGE_CURVE('',#8020,#8083,#8161,.T.);
#8161 = LINE('',#8162,#8163);
#8162 = CARTESIAN_POINT('',(185.879998,-86.099999,0.));
#8163 = VECTOR('',#8164,1.);
#8164 = DIRECTION('',(0.,0.,-1.));
#8165 = ORIENTED_EDGE('',*,*,#8091,.T.);
#8166 = ORIENTED_EDGE('',*,*,#8126,.F.);
#8167 = ORIENTED_EDGE('',*,*,#8028,.F.);
#8168 = PLANE('',#8169);
#8169 = AXIS2_PLACEMENT_3D('',#8170,#8171,#8172);
#8170 = CARTESIAN_POINT('',(185.879998,-86.099999,0.));
#8171 = DIRECTION('',(-4.545460732333E-07,1.,0.));
#8172 = DIRECTION('',(-1.,-4.545460732333E-07,0.));
#8173 = ADVANCED_FACE('',(#8174),#8185,.F.);
#8174 = FACE_BOUND('',#8175,.F.);
#8175 = EDGE_LOOP('',(#8176,#8177,#8178,#8184));
#8176 = ORIENTED_EDGE('',*,*,#8145,.T.);
#8177 = ORIENTED_EDGE('',*,*,#8074,.T.);
#8178 = ORIENTED_EDGE('',*,*,#8179,.F.);
#8179 = EDGE_CURVE('',#8012,#8075,#8180,.T.);
#8180 = LINE('',#8181,#8182);
#8181 = CARTESIAN_POINT('',(186.13,-85.849999,0.));
#8182 = VECTOR('',#8183,1.);
#8183 = DIRECTION('',(0.,0.,-1.));
#8184 = ORIENTED_EDGE('',*,*,#8011,.F.);
#8185 = PLANE('',#8186);
#8186 = AXIS2_PLACEMENT_3D('',#8187,#8188,#8189);
#8187 = CARTESIAN_POINT('',(186.129999,-83.650002,0.));
#8188 = DIRECTION('',(-1.,-4.545460732333E-07,-0.));
#8189 = DIRECTION('',(4.545460732333E-07,-1.,0.));
#8190 = ADVANCED_FACE('',(#8191),#8197,.T.);
#8191 = FACE_BOUND('',#8192,.F.);
#8192 = EDGE_LOOP('',(#8193,#8194,#8195,#8196));
#8193 = ORIENTED_EDGE('',*,*,#8179,.T.);
#8194 = ORIENTED_EDGE('',*,*,#8082,.T.);
#8195 = ORIENTED_EDGE('',*,*,#8160,.F.);
#8196 = ORIENTED_EDGE('',*,*,#8019,.F.);
#8197 = CYLINDRICAL_SURFACE('',#8198,0.25000066679);
#8198 = AXIS2_PLACEMENT_3D('',#8199,#8200,#8201);
#8199 = CARTESIAN_POINT('',(185.87999933321,-85.84999833321,0.));
#8200 = DIRECTION('',(-0.,-0.,1.));
#8201 = DIRECTION('',(0.999999999996,-2.667136917289E-06,0.));
#8202 = ADVANCED_FACE('',(#8203),#8214,.F.);
#8203 = FACE_BOUND('',#8204,.T.);
#8204 = EDGE_LOOP('',(#8205,#8206,#8212,#8213));
#8205 = ORIENTED_EDGE('',*,*,#8109,.T.);
#8206 = ORIENTED_EDGE('',*,*,#8207,.T.);
#8207 = EDGE_CURVE('',#8110,#8047,#8208,.T.);
#8208 = LINE('',#8209,#8210);
#8209 = CARTESIAN_POINT('',(184.78,-85.575,-8.1E-02));
#8210 = VECTOR('',#8211,1.);
#8211 = DIRECTION('',(0.,0.,1.));
#8212 = ORIENTED_EDGE('',*,*,#8046,.F.);
#8213 = ORIENTED_EDGE('',*,*,#8207,.F.);
#8214 = CYLINDRICAL_SURFACE('',#8215,0.825);
#8215 = AXIS2_PLACEMENT_3D('',#8216,#8217,#8218);
#8216 = CARTESIAN_POINT('',(184.78,-84.75,-8.1E-02));
#8217 = DIRECTION('',(-0.,-0.,-1.));
#8218 = DIRECTION('',(-0.,-1.,0.));
#8219 = MANIFOLD_SOLID_BREP('',#8220);
#8220 = CLOSED_SHELL('',(#8221,#8254,#8274,#8294));
#8221 = ADVANCED_FACE('',(#8222),#8249,.T.);
#8222 = FACE_BOUND('',#8223,.F.);
#8223 = EDGE_LOOP('',(#8224,#8234,#8241,#8242));
#8224 = ORIENTED_EDGE('',*,*,#8225,.T.);
#8225 = EDGE_CURVE('',#8226,#8228,#8230,.T.);
#8226 = VERTEX_POINT('',#8227);
#8227 = CARTESIAN_POINT('',(184.78,-85.6,-7.5E-02));
#8228 = VERTEX_POINT('',#8229);
#8229 = CARTESIAN_POINT('',(184.78,-85.6,1.115));
#8230 = LINE('',#8231,#8232);
#8231 = CARTESIAN_POINT('',(184.78,-85.6,-7.5E-02));
#8232 = VECTOR('',#8233,1.);
#8233 = DIRECTION('',(0.,0.,1.));
#8234 = ORIENTED_EDGE('',*,*,#8235,.T.);
#8235 = EDGE_CURVE('',#8228,#8228,#8236,.T.);
#8236 = CIRCLE('',#8237,0.85);
#8237 = AXIS2_PLACEMENT_3D('',#8238,#8239,#8240);
#8238 = CARTESIAN_POINT('',(184.78,-84.75,1.115));
#8239 = DIRECTION('',(0.,0.,1.));
#8240 = DIRECTION('',(-0.,-1.,0.));
#8241 = ORIENTED_EDGE('',*,*,#8225,.F.);
#8242 = ORIENTED_EDGE('',*,*,#8243,.F.);
#8243 = EDGE_CURVE('',#8226,#8226,#8244,.T.);
#8244 = CIRCLE('',#8245,0.85);
#8245 = AXIS2_PLACEMENT_3D('',#8246,#8247,#8248);
#8246 = CARTESIAN_POINT('',(184.78,-84.75,-7.5E-02));
#8247 = DIRECTION('',(0.,0.,1.));
#8248 = DIRECTION('',(-0.,-1.,0.));
#8249 = CYLINDRICAL_SURFACE('',#8250,0.85);
#8250 = AXIS2_PLACEMENT_3D('',#8251,#8252,#8253);
#8251 = CARTESIAN_POINT('',(184.78,-84.75,-7.5E-02));
#8252 = DIRECTION('',(-0.,-0.,-1.));
#8253 = DIRECTION('',(-0.,-1.,0.));
#8254 = ADVANCED_FACE('',(#8255,#8258),#8269,.F.);
#8255 = FACE_BOUND('',#8256,.F.);
#8256 = EDGE_LOOP('',(#8257));
#8257 = ORIENTED_EDGE('',*,*,#8243,.T.);
#8258 = FACE_BOUND('',#8259,.F.);
#8259 = EDGE_LOOP('',(#8260));
#8260 = ORIENTED_EDGE('',*,*,#8261,.T.);
#8261 = EDGE_CURVE('',#8262,#8262,#8264,.T.);
#8262 = VERTEX_POINT('',#8263);
#8263 = CARTESIAN_POINT('',(184.78,-85.575,-7.5E-02));
#8264 = CIRCLE('',#8265,0.825);
#8265 = AXIS2_PLACEMENT_3D('',#8266,#8267,#8268);
#8266 = CARTESIAN_POINT('',(184.78,-84.75,-7.5E-02));
#8267 = DIRECTION('',(-0.,0.,-1.));
#8268 = DIRECTION('',(-0.,-1.,0.));
#8269 = PLANE('',#8270);
#8270 = AXIS2_PLACEMENT_3D('',#8271,#8272,#8273);
#8271 = CARTESIAN_POINT('',(184.78,-85.6,-7.5E-02));
#8272 = DIRECTION('',(0.,0.,1.));
#8273 = DIRECTION('',(1.,0.,-0.));
#8274 = ADVANCED_FACE('',(#8275,#8278),#8289,.T.);
#8275 = FACE_BOUND('',#8276,.T.);
#8276 = EDGE_LOOP('',(#8277));
#8277 = ORIENTED_EDGE('',*,*,#8235,.T.);
#8278 = FACE_BOUND('',#8279,.T.);
#8279 = EDGE_LOOP('',(#8280));
#8280 = ORIENTED_EDGE('',*,*,#8281,.T.);
#8281 = EDGE_CURVE('',#8282,#8282,#8284,.T.);
#8282 = VERTEX_POINT('',#8283);
#8283 = CARTESIAN_POINT('',(184.78,-85.575,1.115));
#8284 = CIRCLE('',#8285,0.825);
#8285 = AXIS2_PLACEMENT_3D('',#8286,#8287,#8288);
#8286 = CARTESIAN_POINT('',(184.78,-84.75,1.115));
#8287 = DIRECTION('',(-0.,0.,-1.));
#8288 = DIRECTION('',(-0.,-1.,0.));
#8289 = PLANE('',#8290);
#8290 = AXIS2_PLACEMENT_3D('',#8291,#8292,#8293);
#8291 = CARTESIAN_POINT('',(184.78,-85.6,1.115));
#8292 = DIRECTION('',(0.,0.,1.));
#8293 = DIRECTION('',(1.,0.,-0.));
#8294 = ADVANCED_FACE('',(#8295),#8306,.F.);
#8295 = FACE_BOUND('',#8296,.T.);
#8296 = EDGE_LOOP('',(#8297,#8298,#8304,#8305));
#8297 = ORIENTED_EDGE('',*,*,#8261,.T.);
#8298 = ORIENTED_EDGE('',*,*,#8299,.T.);
#8299 = EDGE_CURVE('',#8262,#8282,#8300,.T.);
#8300 = LINE('',#8301,#8302);
#8301 = CARTESIAN_POINT('',(184.78,-85.575,-8.1E-02));
#8302 = VECTOR('',#8303,1.);
#8303 = DIRECTION('',(0.,0.,1.));
#8304 = ORIENTED_EDGE('',*,*,#8281,.F.);
#8305 = ORIENTED_EDGE('',*,*,#8299,.F.);
#8306 = CYLINDRICAL_SURFACE('',#8307,0.825);
#8307 = AXIS2_PLACEMENT_3D('',#8308,#8309,#8310);
#8308 = CARTESIAN_POINT('',(184.78,-84.75,-8.1E-02));
#8309 = DIRECTION('',(-0.,-0.,-1.));
#8310 = DIRECTION('',(-0.,-1.,0.));
#8311 = MANIFOLD_SOLID_BREP('',#8312);
#8312 = CLOSED_SHELL('',(#8313,#8346,#8366,#8386));
#8313 = ADVANCED_FACE('',(#8314),#8341,.T.);
#8314 = FACE_BOUND('',#8315,.F.);
#8315 = EDGE_LOOP('',(#8316,#8326,#8333,#8334));
#8316 = ORIENTED_EDGE('',*,*,#8317,.T.);
#8317 = EDGE_CURVE('',#8318,#8320,#8322,.T.);
#8318 = VERTEX_POINT('',#8319);
#8319 = CARTESIAN_POINT('',(185.15,-70.8,1.04));
#8320 = VERTEX_POINT('',#8321);
#8321 = CARTESIAN_POINT('',(185.15,-70.8,1.115));
#8322 = LINE('',#8323,#8324);
#8323 = CARTESIAN_POINT('',(185.15,-70.8,1.04));
#8324 = VECTOR('',#8325,1.);
#8325 = DIRECTION('',(0.,0.,1.));
#8326 = ORIENTED_EDGE('',*,*,#8327,.T.);
#8327 = EDGE_CURVE('',#8320,#8320,#8328,.T.);
#8328 = CIRCLE('',#8329,1.1);
#8329 = AXIS2_PLACEMENT_3D('',#8330,#8331,#8332);
#8330 = CARTESIAN_POINT('',(184.05,-70.8,1.115));
#8331 = DIRECTION('',(0.,0.,1.));
#8332 = DIRECTION('',(1.,0.,-0.));
#8333 = ORIENTED_EDGE('',*,*,#8317,.F.);
#8334 = ORIENTED_EDGE('',*,*,#8335,.F.);
#8335 = EDGE_CURVE('',#8318,#8318,#8336,.T.);
#8336 = CIRCLE('',#8337,1.1);
#8337 = AXIS2_PLACEMENT_3D('',#8338,#8339,#8340);
#8338 = CARTESIAN_POINT('',(184.05,-70.8,1.04));
#8339 = DIRECTION('',(0.,0.,1.));
#8340 = DIRECTION('',(1.,0.,-0.));
#8341 = CYLINDRICAL_SURFACE('',#8342,1.1);
#8342 = AXIS2_PLACEMENT_3D('',#8343,#8344,#8345);
#8343 = CARTESIAN_POINT('',(184.05,-70.8,1.04));
#8344 = DIRECTION('',(-0.,-0.,-1.));
#8345 = DIRECTION('',(1.,0.,-0.));
#8346 = ADVANCED_FACE('',(#8347,#8350),#8361,.F.);
#8347 = FACE_BOUND('',#8348,.F.);
#8348 = EDGE_LOOP('',(#8349));
#8349 = ORIENTED_EDGE('',*,*,#8335,.T.);
#8350 = FACE_BOUND('',#8351,.F.);
#8351 = EDGE_LOOP('',(#8352));
#8352 = ORIENTED_EDGE('',*,*,#8353,.T.);
#8353 = EDGE_CURVE('',#8354,#8354,#8356,.T.);
#8354 = VERTEX_POINT('',#8355);
#8355 = CARTESIAN_POINT('',(184.05,-71.475,1.04));
#8356 = CIRCLE('',#8357,0.675);
#8357 = AXIS2_PLACEMENT_3D('',#8358,#8359,#8360);
#8358 = CARTESIAN_POINT('',(184.05,-70.8,1.04));
#8359 = DIRECTION('',(-0.,0.,-1.));
#8360 = DIRECTION('',(-0.,-1.,0.));
#8361 = PLANE('',#8362);
#8362 = AXIS2_PLACEMENT_3D('',#8363,#8364,#8365);
#8363 = CARTESIAN_POINT('',(0.,0.,1.04));
#8364 = DIRECTION('',(0.,0.,1.));
#8365 = DIRECTION('',(1.,0.,-0.));
#8366 = ADVANCED_FACE('',(#8367,#8370),#8381,.T.);
#8367 = FACE_BOUND('',#8368,.T.);
#8368 = EDGE_LOOP('',(#8369));
#8369 = ORIENTED_EDGE('',*,*,#8327,.T.);
#8370 = FACE_BOUND('',#8371,.T.);
#8371 = EDGE_LOOP('',(#8372));
#8372 = ORIENTED_EDGE('',*,*,#8373,.T.);
#8373 = EDGE_CURVE('',#8374,#8374,#8376,.T.);
#8374 = VERTEX_POINT('',#8375);
#8375 = CARTESIAN_POINT('',(184.05,-71.475,1.115));
#8376 = CIRCLE('',#8377,0.675);
#8377 = AXIS2_PLACEMENT_3D('',#8378,#8379,#8380);
#8378 = CARTESIAN_POINT('',(184.05,-70.8,1.115));
#8379 = DIRECTION('',(-0.,0.,-1.));
#8380 = DIRECTION('',(-0.,-1.,0.));
#8381 = PLANE('',#8382);
#8382 = AXIS2_PLACEMENT_3D('',#8383,#8384,#8385);
#8383 = CARTESIAN_POINT('',(0.,0.,1.115));
#8384 = DIRECTION('',(0.,0.,1.));
#8385 = DIRECTION('',(1.,0.,-0.));
#8386 = ADVANCED_FACE('',(#8387),#8398,.F.);
#8387 = FACE_BOUND('',#8388,.T.);
#8388 = EDGE_LOOP('',(#8389,#8390,#8396,#8397));
#8389 = ORIENTED_EDGE('',*,*,#8353,.T.);
#8390 = ORIENTED_EDGE('',*,*,#8391,.T.);
#8391 = EDGE_CURVE('',#8354,#8374,#8392,.T.);
#8392 = LINE('',#8393,#8394);
#8393 = CARTESIAN_POINT('',(184.05,-71.475,-8.1E-02));
#8394 = VECTOR('',#8395,1.);
#8395 = DIRECTION('',(0.,0.,1.));
#8396 = ORIENTED_EDGE('',*,*,#8373,.F.);
#8397 = ORIENTED_EDGE('',*,*,#8391,.F.);
#8398 = CYLINDRICAL_SURFACE('',#8399,0.675);
#8399 = AXIS2_PLACEMENT_3D('',#8400,#8401,#8402);
#8400 = CARTESIAN_POINT('',(184.05,-70.8,-8.1E-02));
#8401 = DIRECTION('',(-0.,-0.,-1.));
#8402 = DIRECTION('',(-0.,-1.,0.));
#8403 = MANIFOLD_SOLID_BREP('',#8404);
#8404 = CLOSED_SHELL('',(#8405,#8438,#8458,#8478));
#8405 = ADVANCED_FACE('',(#8406),#8433,.T.);
#8406 = FACE_BOUND('',#8407,.T.);
#8407 = EDGE_LOOP('',(#8408,#8418,#8425,#8426));
#8408 = ORIENTED_EDGE('',*,*,#8409,.T.);
#8409 = EDGE_CURVE('',#8410,#8412,#8414,.T.);
#8410 = VERTEX_POINT('',#8411);
#8411 = CARTESIAN_POINT('',(185.15,-70.8,0.));
#8412 = VERTEX_POINT('',#8413);
#8413 = CARTESIAN_POINT('',(185.15,-70.8,-7.5E-02));
#8414 = LINE('',#8415,#8416);
#8415 = CARTESIAN_POINT('',(185.15,-70.8,0.));
#8416 = VECTOR('',#8417,1.);
#8417 = DIRECTION('',(0.,0.,-1.));
#8418 = ORIENTED_EDGE('',*,*,#8419,.T.);
#8419 = EDGE_CURVE('',#8412,#8412,#8420,.T.);
#8420 = CIRCLE('',#8421,1.1);
#8421 = AXIS2_PLACEMENT_3D('',#8422,#8423,#8424);
#8422 = CARTESIAN_POINT('',(184.05,-70.8,-7.5E-02));
#8423 = DIRECTION('',(0.,0.,1.));
#8424 = DIRECTION('',(1.,0.,-0.));
#8425 = ORIENTED_EDGE('',*,*,#8409,.F.);
#8426 = ORIENTED_EDGE('',*,*,#8427,.F.);
#8427 = EDGE_CURVE('',#8410,#8410,#8428,.T.);
#8428 = CIRCLE('',#8429,1.1);
#8429 = AXIS2_PLACEMENT_3D('',#8430,#8431,#8432);
#8430 = CARTESIAN_POINT('',(184.05,-70.8,0.));
#8431 = DIRECTION('',(0.,0.,1.));
#8432 = DIRECTION('',(1.,0.,-0.));
#8433 = CYLINDRICAL_SURFACE('',#8434,1.1);
#8434 = AXIS2_PLACEMENT_3D('',#8435,#8436,#8437);
#8435 = CARTESIAN_POINT('',(184.05,-70.8,0.));
#8436 = DIRECTION('',(0.,0.,1.));
#8437 = DIRECTION('',(1.,0.,-0.));
#8438 = ADVANCED_FACE('',(#8439,#8442),#8453,.F.);
#8439 = FACE_BOUND('',#8440,.F.);
#8440 = EDGE_LOOP('',(#8441));
#8441 = ORIENTED_EDGE('',*,*,#8427,.F.);
#8442 = FACE_BOUND('',#8443,.F.);
#8443 = EDGE_LOOP('',(#8444));
#8444 = ORIENTED_EDGE('',*,*,#8445,.F.);
#8445 = EDGE_CURVE('',#8446,#8446,#8448,.T.);
#8446 = VERTEX_POINT('',#8447);
#8447 = CARTESIAN_POINT('',(184.05,-71.475,0.));
#8448 = CIRCLE('',#8449,0.675);
#8449 = AXIS2_PLACEMENT_3D('',#8450,#8451,#8452);
#8450 = CARTESIAN_POINT('',(184.05,-70.8,0.));
#8451 = DIRECTION('',(-0.,0.,-1.));
#8452 = DIRECTION('',(-0.,-1.,0.));
#8453 = PLANE('',#8454);
#8454 = AXIS2_PLACEMENT_3D('',#8455,#8456,#8457);
#8455 = CARTESIAN_POINT('',(0.,0.,0.));
#8456 = DIRECTION('',(-0.,-0.,-1.));
#8457 = DIRECTION('',(-1.,0.,0.));
#8458 = ADVANCED_FACE('',(#8459,#8462),#8473,.T.);
#8459 = FACE_BOUND('',#8460,.T.);
#8460 = EDGE_LOOP('',(#8461));
#8461 = ORIENTED_EDGE('',*,*,#8419,.F.);
#8462 = FACE_BOUND('',#8463,.T.);
#8463 = EDGE_LOOP('',(#8464));
#8464 = ORIENTED_EDGE('',*,*,#8465,.F.);
#8465 = EDGE_CURVE('',#8466,#8466,#8468,.T.);
#8466 = VERTEX_POINT('',#8467);
#8467 = CARTESIAN_POINT('',(184.05,-71.475,-7.5E-02));
#8468 = CIRCLE('',#8469,0.675);
#8469 = AXIS2_PLACEMENT_3D('',#8470,#8471,#8472);
#8470 = CARTESIAN_POINT('',(184.05,-70.8,-7.5E-02));
#8471 = DIRECTION('',(-0.,0.,-1.));
#8472 = DIRECTION('',(-0.,-1.,0.));
#8473 = PLANE('',#8474);
#8474 = AXIS2_PLACEMENT_3D('',#8475,#8476,#8477);
#8475 = CARTESIAN_POINT('',(0.,0.,-7.5E-02));
#8476 = DIRECTION('',(-0.,-0.,-1.));
#8477 = DIRECTION('',(-1.,0.,0.));
#8478 = ADVANCED_FACE('',(#8479),#8490,.F.);
#8479 = FACE_BOUND('',#8480,.T.);
#8480 = EDGE_LOOP('',(#8481,#8482,#8488,#8489));
#8481 = ORIENTED_EDGE('',*,*,#8465,.T.);
#8482 = ORIENTED_EDGE('',*,*,#8483,.T.);
#8483 = EDGE_CURVE('',#8466,#8446,#8484,.T.);
#8484 = LINE('',#8485,#8486);
#8485 = CARTESIAN_POINT('',(184.05,-71.475,-8.1E-02));
#8486 = VECTOR('',#8487,1.);
#8487 = DIRECTION('',(0.,0.,1.));
#8488 = ORIENTED_EDGE('',*,*,#8445,.F.);
#8489 = ORIENTED_EDGE('',*,*,#8483,.F.);
#8490 = CYLINDRICAL_SURFACE('',#8491,0.675);
#8491 = AXIS2_PLACEMENT_3D('',#8492,#8493,#8494);
#8492 = CARTESIAN_POINT('',(184.05,-70.8,-8.1E-02));
#8493 = DIRECTION('',(-0.,-0.,-1.));
#8494 = DIRECTION('',(-0.,-1.,0.));
#8495 = MANIFOLD_SOLID_BREP('',#8496);
#8496 = CLOSED_SHELL('',(#8497,#8530,#8550,#8570));
#8497 = ADVANCED_FACE('',(#8498),#8525,.T.);
#8498 = FACE_BOUND('',#8499,.F.);
#8499 = EDGE_LOOP('',(#8500,#8510,#8517,#8518));
#8500 = ORIENTED_EDGE('',*,*,#8501,.T.);
#8501 = EDGE_CURVE('',#8502,#8504,#8506,.T.);
#8502 = VERTEX_POINT('',#8503);
#8503 = CARTESIAN_POINT('',(184.05,-71.5,-7.5E-02));
#8504 = VERTEX_POINT('',#8505);
#8505 = CARTESIAN_POINT('',(184.05,-71.5,1.115));
#8506 = LINE('',#8507,#8508);
#8507 = CARTESIAN_POINT('',(184.05,-71.5,-7.5E-02));
#8508 = VECTOR('',#8509,1.);
#8509 = DIRECTION('',(0.,0.,1.));
#8510 = ORIENTED_EDGE('',*,*,#8511,.T.);
#8511 = EDGE_CURVE('',#8504,#8504,#8512,.T.);
#8512 = CIRCLE('',#8513,0.7);
#8513 = AXIS2_PLACEMENT_3D('',#8514,#8515,#8516);
#8514 = CARTESIAN_POINT('',(184.05,-70.8,1.115));
#8515 = DIRECTION('',(0.,0.,1.));
#8516 = DIRECTION('',(-0.,-1.,0.));
#8517 = ORIENTED_EDGE('',*,*,#8501,.F.);
#8518 = ORIENTED_EDGE('',*,*,#8519,.F.);
#8519 = EDGE_CURVE('',#8502,#8502,#8520,.T.);
#8520 = CIRCLE('',#8521,0.7);
#8521 = AXIS2_PLACEMENT_3D('',#8522,#8523,#8524);
#8522 = CARTESIAN_POINT('',(184.05,-70.8,-7.5E-02));
#8523 = DIRECTION('',(0.,0.,1.));
#8524 = DIRECTION('',(-0.,-1.,0.));
#8525 = CYLINDRICAL_SURFACE('',#8526,0.7);
#8526 = AXIS2_PLACEMENT_3D('',#8527,#8528,#8529);
#8527 = CARTESIAN_POINT('',(184.05,-70.8,-7.5E-02));
#8528 = DIRECTION('',(-0.,-0.,-1.));
#8529 = DIRECTION('',(-0.,-1.,0.));
#8530 = ADVANCED_FACE('',(#8531,#8534),#8545,.F.);
#8531 = FACE_BOUND('',#8532,.F.);
#8532 = EDGE_LOOP('',(#8533));
#8533 = ORIENTED_EDGE('',*,*,#8519,.T.);
#8534 = FACE_BOUND('',#8535,.F.);
#8535 = EDGE_LOOP('',(#8536));
#8536 = ORIENTED_EDGE('',*,*,#8537,.T.);
#8537 = EDGE_CURVE('',#8538,#8538,#8540,.T.);
#8538 = VERTEX_POINT('',#8539);
#8539 = CARTESIAN_POINT('',(184.05,-71.475,-7.5E-02));
#8540 = CIRCLE('',#8541,0.675);
#8541 = AXIS2_PLACEMENT_3D('',#8542,#8543,#8544);
#8542 = CARTESIAN_POINT('',(184.05,-70.8,-7.5E-02));
#8543 = DIRECTION('',(-0.,0.,-1.));
#8544 = DIRECTION('',(-0.,-1.,0.));
#8545 = PLANE('',#8546);
#8546 = AXIS2_PLACEMENT_3D('',#8547,#8548,#8549);
#8547 = CARTESIAN_POINT('',(184.05,-71.5,-7.5E-02));
#8548 = DIRECTION('',(0.,0.,1.));
#8549 = DIRECTION('',(1.,0.,-0.));
#8550 = ADVANCED_FACE('',(#8551,#8554),#8565,.T.);
#8551 = FACE_BOUND('',#8552,.T.);
#8552 = EDGE_LOOP('',(#8553));
#8553 = ORIENTED_EDGE('',*,*,#8511,.T.);
#8554 = FACE_BOUND('',#8555,.T.);
#8555 = EDGE_LOOP('',(#8556));
#8556 = ORIENTED_EDGE('',*,*,#8557,.T.);
#8557 = EDGE_CURVE('',#8558,#8558,#8560,.T.);
#8558 = VERTEX_POINT('',#8559);
#8559 = CARTESIAN_POINT('',(184.05,-71.475,1.115));
#8560 = CIRCLE('',#8561,0.675);
#8561 = AXIS2_PLACEMENT_3D('',#8562,#8563,#8564);
#8562 = CARTESIAN_POINT('',(184.05,-70.8,1.115));
#8563 = DIRECTION('',(-0.,0.,-1.));
#8564 = DIRECTION('',(-0.,-1.,0.));
#8565 = PLANE('',#8566);
#8566 = AXIS2_PLACEMENT_3D('',#8567,#8568,#8569);
#8567 = CARTESIAN_POINT('',(184.05,-71.5,1.115));
#8568 = DIRECTION('',(0.,0.,1.));
#8569 = DIRECTION('',(1.,0.,-0.));
#8570 = ADVANCED_FACE('',(#8571),#8582,.F.);
#8571 = FACE_BOUND('',#8572,.T.);
#8572 = EDGE_LOOP('',(#8573,#8574,#8580,#8581));
#8573 = ORIENTED_EDGE('',*,*,#8537,.T.);
#8574 = ORIENTED_EDGE('',*,*,#8575,.T.);
#8575 = EDGE_CURVE('',#8538,#8558,#8576,.T.);
#8576 = LINE('',#8577,#8578);
#8577 = CARTESIAN_POINT('',(184.05,-71.475,-8.1E-02));
#8578 = VECTOR('',#8579,1.);
#8579 = DIRECTION('',(0.,0.,1.));
#8580 = ORIENTED_EDGE('',*,*,#8557,.F.);
#8581 = ORIENTED_EDGE('',*,*,#8575,.F.);
#8582 = CYLINDRICAL_SURFACE('',#8583,0.675);
#8583 = AXIS2_PLACEMENT_3D('',#8584,#8585,#8586);
#8584 = CARTESIAN_POINT('',(184.05,-70.8,-8.1E-02));
#8585 = DIRECTION('',(-0.,-0.,-1.));
#8586 = DIRECTION('',(-0.,-1.,0.));
#8587 = MANIFOLD_SOLID_BREP('',#8588);
#8588 = CLOSED_SHELL('',(#8589,#8622,#8642,#8662));
#8589 = ADVANCED_FACE('',(#8590),#8617,.T.);
#8590 = FACE_BOUND('',#8591,.F.);
#8591 = EDGE_LOOP('',(#8592,#8602,#8609,#8610));
#8592 = ORIENTED_EDGE('',*,*,#8593,.T.);
#8593 = EDGE_CURVE('',#8594,#8596,#8598,.T.);
#8594 = VERTEX_POINT('',#8595);
#8595 = CARTESIAN_POINT('',(182.65,-70.8,1.04));
#8596 = VERTEX_POINT('',#8597);
#8597 = CARTESIAN_POINT('',(182.65,-70.8,1.115));
#8598 = LINE('',#8599,#8600);
#8599 = CARTESIAN_POINT('',(182.65,-70.8,1.04));
#8600 = VECTOR('',#8601,1.);
#8601 = DIRECTION('',(0.,0.,1.));
#8602 = ORIENTED_EDGE('',*,*,#8603,.T.);
#8603 = EDGE_CURVE('',#8596,#8596,#8604,.T.);
#8604 = CIRCLE('',#8605,1.1);
#8605 = AXIS2_PLACEMENT_3D('',#8606,#8607,#8608);
#8606 = CARTESIAN_POINT('',(181.55,-70.8,1.115));
#8607 = DIRECTION('',(0.,0.,1.));
#8608 = DIRECTION('',(1.,0.,-0.));
#8609 = ORIENTED_EDGE('',*,*,#8593,.F.);
#8610 = ORIENTED_EDGE('',*,*,#8611,.F.);
#8611 = EDGE_CURVE('',#8594,#8594,#8612,.T.);
#8612 = CIRCLE('',#8613,1.1);
#8613 = AXIS2_PLACEMENT_3D('',#8614,#8615,#8616);
#8614 = CARTESIAN_POINT('',(181.55,-70.8,1.04));
#8615 = DIRECTION('',(0.,0.,1.));
#8616 = DIRECTION('',(1.,0.,-0.));
#8617 = CYLINDRICAL_SURFACE('',#8618,1.1);
#8618 = AXIS2_PLACEMENT_3D('',#8619,#8620,#8621);
#8619 = CARTESIAN_POINT('',(181.55,-70.8,1.04));
#8620 = DIRECTION('',(-0.,-0.,-1.));
#8621 = DIRECTION('',(1.,0.,-0.));
#8622 = ADVANCED_FACE('',(#8623,#8626),#8637,.F.);
#8623 = FACE_BOUND('',#8624,.F.);
#8624 = EDGE_LOOP('',(#8625));
#8625 = ORIENTED_EDGE('',*,*,#8611,.T.);
#8626 = FACE_BOUND('',#8627,.F.);
#8627 = EDGE_LOOP('',(#8628));
#8628 = ORIENTED_EDGE('',*,*,#8629,.T.);
#8629 = EDGE_CURVE('',#8630,#8630,#8632,.T.);
#8630 = VERTEX_POINT('',#8631);
#8631 = CARTESIAN_POINT('',(181.55,-71.475,1.04));
#8632 = CIRCLE('',#8633,0.675);
#8633 = AXIS2_PLACEMENT_3D('',#8634,#8635,#8636);
#8634 = CARTESIAN_POINT('',(181.55,-70.8,1.04));
#8635 = DIRECTION('',(-0.,0.,-1.));
#8636 = DIRECTION('',(-0.,-1.,0.));
#8637 = PLANE('',#8638);
#8638 = AXIS2_PLACEMENT_3D('',#8639,#8640,#8641);
#8639 = CARTESIAN_POINT('',(0.,0.,1.04));
#8640 = DIRECTION('',(0.,0.,1.));
#8641 = DIRECTION('',(1.,0.,-0.));
#8642 = ADVANCED_FACE('',(#8643,#8646),#8657,.T.);
#8643 = FACE_BOUND('',#8644,.T.);
#8644 = EDGE_LOOP('',(#8645));
#8645 = ORIENTED_EDGE('',*,*,#8603,.T.);
#8646 = FACE_BOUND('',#8647,.T.);
#8647 = EDGE_LOOP('',(#8648));
#8648 = ORIENTED_EDGE('',*,*,#8649,.T.);
#8649 = EDGE_CURVE('',#8650,#8650,#8652,.T.);
#8650 = VERTEX_POINT('',#8651);
#8651 = CARTESIAN_POINT('',(181.55,-71.475,1.115));
#8652 = CIRCLE('',#8653,0.675);
#8653 = AXIS2_PLACEMENT_3D('',#8654,#8655,#8656);
#8654 = CARTESIAN_POINT('',(181.55,-70.8,1.115));
#8655 = DIRECTION('',(-0.,0.,-1.));
#8656 = DIRECTION('',(-0.,-1.,0.));
#8657 = PLANE('',#8658);
#8658 = AXIS2_PLACEMENT_3D('',#8659,#8660,#8661);
#8659 = CARTESIAN_POINT('',(0.,0.,1.115));
#8660 = DIRECTION('',(0.,0.,1.));
#8661 = DIRECTION('',(1.,0.,-0.));
#8662 = ADVANCED_FACE('',(#8663),#8674,.F.);
#8663 = FACE_BOUND('',#8664,.T.);
#8664 = EDGE_LOOP('',(#8665,#8666,#8672,#8673));
#8665 = ORIENTED_EDGE('',*,*,#8629,.T.);
#8666 = ORIENTED_EDGE('',*,*,#8667,.T.);
#8667 = EDGE_CURVE('',#8630,#8650,#8668,.T.);
#8668 = LINE('',#8669,#8670);
#8669 = CARTESIAN_POINT('',(181.55,-71.475,-8.1E-02));
#8670 = VECTOR('',#8671,1.);
#8671 = DIRECTION('',(0.,0.,1.));
#8672 = ORIENTED_EDGE('',*,*,#8649,.F.);
#8673 = ORIENTED_EDGE('',*,*,#8667,.F.);
#8674 = CYLINDRICAL_SURFACE('',#8675,0.675);
#8675 = AXIS2_PLACEMENT_3D('',#8676,#8677,#8678);
#8676 = CARTESIAN_POINT('',(181.55,-70.8,-8.1E-02));
#8677 = DIRECTION('',(-0.,-0.,-1.));
#8678 = DIRECTION('',(-0.,-1.,0.));
#8679 = MANIFOLD_SOLID_BREP('',#8680);
#8680 = CLOSED_SHELL('',(#8681,#8714,#8734,#8754));
#8681 = ADVANCED_FACE('',(#8682),#8709,.T.);
#8682 = FACE_BOUND('',#8683,.T.);
#8683 = EDGE_LOOP('',(#8684,#8694,#8701,#8702));
#8684 = ORIENTED_EDGE('',*,*,#8685,.T.);
#8685 = EDGE_CURVE('',#8686,#8688,#8690,.T.);
#8686 = VERTEX_POINT('',#8687);
#8687 = CARTESIAN_POINT('',(182.65,-70.8,0.));
#8688 = VERTEX_POINT('',#8689);
#8689 = CARTESIAN_POINT('',(182.65,-70.8,-7.5E-02));
#8690 = LINE('',#8691,#8692);
#8691 = CARTESIAN_POINT('',(182.65,-70.8,0.));
#8692 = VECTOR('',#8693,1.);
#8693 = DIRECTION('',(0.,0.,-1.));
#8694 = ORIENTED_EDGE('',*,*,#8695,.T.);
#8695 = EDGE_CURVE('',#8688,#8688,#8696,.T.);
#8696 = CIRCLE('',#8697,1.1);
#8697 = AXIS2_PLACEMENT_3D('',#8698,#8699,#8700);
#8698 = CARTESIAN_POINT('',(181.55,-70.8,-7.5E-02));
#8699 = DIRECTION('',(0.,0.,1.));
#8700 = DIRECTION('',(1.,0.,-0.));
#8701 = ORIENTED_EDGE('',*,*,#8685,.F.);
#8702 = ORIENTED_EDGE('',*,*,#8703,.F.);
#8703 = EDGE_CURVE('',#8686,#8686,#8704,.T.);
#8704 = CIRCLE('',#8705,1.1);
#8705 = AXIS2_PLACEMENT_3D('',#8706,#8707,#8708);
#8706 = CARTESIAN_POINT('',(181.55,-70.8,0.));
#8707 = DIRECTION('',(0.,0.,1.));
#8708 = DIRECTION('',(1.,0.,-0.));
#8709 = CYLINDRICAL_SURFACE('',#8710,1.1);
#8710 = AXIS2_PLACEMENT_3D('',#8711,#8712,#8713);
#8711 = CARTESIAN_POINT('',(181.55,-70.8,0.));
#8712 = DIRECTION('',(0.,0.,1.));
#8713 = DIRECTION('',(1.,0.,-0.));
#8714 = ADVANCED_FACE('',(#8715,#8718),#8729,.F.);
#8715 = FACE_BOUND('',#8716,.F.);
#8716 = EDGE_LOOP('',(#8717));
#8717 = ORIENTED_EDGE('',*,*,#8703,.F.);
#8718 = FACE_BOUND('',#8719,.F.);
#8719 = EDGE_LOOP('',(#8720));
#8720 = ORIENTED_EDGE('',*,*,#8721,.F.);
#8721 = EDGE_CURVE('',#8722,#8722,#8724,.T.);
#8722 = VERTEX_POINT('',#8723);
#8723 = CARTESIAN_POINT('',(181.55,-71.475,0.));
#8724 = CIRCLE('',#8725,0.675);
#8725 = AXIS2_PLACEMENT_3D('',#8726,#8727,#8728);
#8726 = CARTESIAN_POINT('',(181.55,-70.8,0.));
#8727 = DIRECTION('',(-0.,0.,-1.));
#8728 = DIRECTION('',(-0.,-1.,0.));
#8729 = PLANE('',#8730);
#8730 = AXIS2_PLACEMENT_3D('',#8731,#8732,#8733);
#8731 = CARTESIAN_POINT('',(0.,0.,0.));
#8732 = DIRECTION('',(-0.,-0.,-1.));
#8733 = DIRECTION('',(-1.,0.,0.));
#8734 = ADVANCED_FACE('',(#8735,#8738),#8749,.T.);
#8735 = FACE_BOUND('',#8736,.T.);
#8736 = EDGE_LOOP('',(#8737));
#8737 = ORIENTED_EDGE('',*,*,#8695,.F.);
#8738 = FACE_BOUND('',#8739,.T.);
#8739 = EDGE_LOOP('',(#8740));
#8740 = ORIENTED_EDGE('',*,*,#8741,.F.);
#8741 = EDGE_CURVE('',#8742,#8742,#8744,.T.);
#8742 = VERTEX_POINT('',#8743);
#8743 = CARTESIAN_POINT('',(181.55,-71.475,-7.5E-02));
#8744 = CIRCLE('',#8745,0.675);
#8745 = AXIS2_PLACEMENT_3D('',#8746,#8747,#8748);
#8746 = CARTESIAN_POINT('',(181.55,-70.8,-7.5E-02));
#8747 = DIRECTION('',(-0.,0.,-1.));
#8748 = DIRECTION('',(-0.,-1.,0.));
#8749 = PLANE('',#8750);
#8750 = AXIS2_PLACEMENT_3D('',#8751,#8752,#8753);
#8751 = CARTESIAN_POINT('',(0.,0.,-7.5E-02));
#8752 = DIRECTION('',(-0.,-0.,-1.));
#8753 = DIRECTION('',(-1.,0.,0.));
#8754 = ADVANCED_FACE('',(#8755),#8766,.F.);
#8755 = FACE_BOUND('',#8756,.T.);
#8756 = EDGE_LOOP('',(#8757,#8758,#8764,#8765));
#8757 = ORIENTED_EDGE('',*,*,#8741,.T.);
#8758 = ORIENTED_EDGE('',*,*,#8759,.T.);
#8759 = EDGE_CURVE('',#8742,#8722,#8760,.T.);
#8760 = LINE('',#8761,#8762);
#8761 = CARTESIAN_POINT('',(181.55,-71.475,-8.1E-02));
#8762 = VECTOR('',#8763,1.);
#8763 = DIRECTION('',(0.,0.,1.));
#8764 = ORIENTED_EDGE('',*,*,#8721,.F.);
#8765 = ORIENTED_EDGE('',*,*,#8759,.F.);
#8766 = CYLINDRICAL_SURFACE('',#8767,0.675);
#8767 = AXIS2_PLACEMENT_3D('',#8768,#8769,#8770);
#8768 = CARTESIAN_POINT('',(181.55,-70.8,-8.1E-02));
#8769 = DIRECTION('',(-0.,-0.,-1.));
#8770 = DIRECTION('',(-0.,-1.,0.));
#8771 = MANIFOLD_SOLID_BREP('',#8772);
#8772 = CLOSED_SHELL('',(#8773,#8806,#8826,#8846));
#8773 = ADVANCED_FACE('',(#8774),#8801,.T.);
#8774 = FACE_BOUND('',#8775,.F.);
#8775 = EDGE_LOOP('',(#8776,#8786,#8793,#8794));
#8776 = ORIENTED_EDGE('',*,*,#8777,.T.);
#8777 = EDGE_CURVE('',#8778,#8780,#8782,.T.);
#8778 = VERTEX_POINT('',#8779);
#8779 = CARTESIAN_POINT('',(181.55,-71.5,-7.5E-02));
#8780 = VERTEX_POINT('',#8781);
#8781 = CARTESIAN_POINT('',(181.55,-71.5,1.115));
#8782 = LINE('',#8783,#8784);
#8783 = CARTESIAN_POINT('',(181.55,-71.5,-7.5E-02));
#8784 = VECTOR('',#8785,1.);
#8785 = DIRECTION('',(0.,0.,1.));
#8786 = ORIENTED_EDGE('',*,*,#8787,.T.);
#8787 = EDGE_CURVE('',#8780,#8780,#8788,.T.);
#8788 = CIRCLE('',#8789,0.7);
#8789 = AXIS2_PLACEMENT_3D('',#8790,#8791,#8792);
#8790 = CARTESIAN_POINT('',(181.55,-70.8,1.115));
#8791 = DIRECTION('',(0.,0.,1.));
#8792 = DIRECTION('',(-0.,-1.,0.));
#8793 = ORIENTED_EDGE('',*,*,#8777,.F.);
#8794 = ORIENTED_EDGE('',*,*,#8795,.F.);
#8795 = EDGE_CURVE('',#8778,#8778,#8796,.T.);
#8796 = CIRCLE('',#8797,0.7);
#8797 = AXIS2_PLACEMENT_3D('',#8798,#8799,#8800);
#8798 = CARTESIAN_POINT('',(181.55,-70.8,-7.5E-02));
#8799 = DIRECTION('',(0.,0.,1.));
#8800 = DIRECTION('',(-0.,-1.,0.));
#8801 = CYLINDRICAL_SURFACE('',#8802,0.7);
#8802 = AXIS2_PLACEMENT_3D('',#8803,#8804,#8805);
#8803 = CARTESIAN_POINT('',(181.55,-70.8,-7.5E-02));
#8804 = DIRECTION('',(-0.,-0.,-1.));
#8805 = DIRECTION('',(-0.,-1.,0.));
#8806 = ADVANCED_FACE('',(#8807,#8810),#8821,.F.);
#8807 = FACE_BOUND('',#8808,.F.);
#8808 = EDGE_LOOP('',(#8809));
#8809 = ORIENTED_EDGE('',*,*,#8795,.T.);
#8810 = FACE_BOUND('',#8811,.F.);
#8811 = EDGE_LOOP('',(#8812));
#8812 = ORIENTED_EDGE('',*,*,#8813,.T.);
#8813 = EDGE_CURVE('',#8814,#8814,#8816,.T.);
#8814 = VERTEX_POINT('',#8815);
#8815 = CARTESIAN_POINT('',(181.55,-71.475,-7.5E-02));
#8816 = CIRCLE('',#8817,0.675);
#8817 = AXIS2_PLACEMENT_3D('',#8818,#8819,#8820);
#8818 = CARTESIAN_POINT('',(181.55,-70.8,-7.5E-02));
#8819 = DIRECTION('',(-0.,0.,-1.));
#8820 = DIRECTION('',(-0.,-1.,0.));
#8821 = PLANE('',#8822);
#8822 = AXIS2_PLACEMENT_3D('',#8823,#8824,#8825);
#8823 = CARTESIAN_POINT('',(181.55,-71.5,-7.5E-02));
#8824 = DIRECTION('',(0.,0.,1.));
#8825 = DIRECTION('',(1.,0.,-0.));
#8826 = ADVANCED_FACE('',(#8827,#8830),#8841,.T.);
#8827 = FACE_BOUND('',#8828,.T.);
#8828 = EDGE_LOOP('',(#8829));
#8829 = ORIENTED_EDGE('',*,*,#8787,.T.);
#8830 = FACE_BOUND('',#8831,.T.);
#8831 = EDGE_LOOP('',(#8832));
#8832 = ORIENTED_EDGE('',*,*,#8833,.T.);
#8833 = EDGE_CURVE('',#8834,#8834,#8836,.T.);
#8834 = VERTEX_POINT('',#8835);
#8835 = CARTESIAN_POINT('',(181.55,-71.475,1.115));
#8836 = CIRCLE('',#8837,0.675);
#8837 = AXIS2_PLACEMENT_3D('',#8838,#8839,#8840);
#8838 = CARTESIAN_POINT('',(181.55,-70.8,1.115));
#8839 = DIRECTION('',(-0.,0.,-1.));
#8840 = DIRECTION('',(-0.,-1.,0.));
#8841 = PLANE('',#8842);
#8842 = AXIS2_PLACEMENT_3D('',#8843,#8844,#8845);
#8843 = CARTESIAN_POINT('',(181.55,-71.5,1.115));
#8844 = DIRECTION('',(0.,0.,1.));
#8845 = DIRECTION('',(1.,0.,-0.));
#8846 = ADVANCED_FACE('',(#8847),#8858,.F.);
#8847 = FACE_BOUND('',#8848,.T.);
#8848 = EDGE_LOOP('',(#8849,#8850,#8856,#8857));
#8849 = ORIENTED_EDGE('',*,*,#8813,.T.);
#8850 = ORIENTED_EDGE('',*,*,#8851,.T.);
#8851 = EDGE_CURVE('',#8814,#8834,#8852,.T.);
#8852 = LINE('',#8853,#8854);
#8853 = CARTESIAN_POINT('',(181.55,-71.475,-8.1E-02));
#8854 = VECTOR('',#8855,1.);
#8855 = DIRECTION('',(0.,0.,1.));
#8856 = ORIENTED_EDGE('',*,*,#8833,.F.);
#8857 = ORIENTED_EDGE('',*,*,#8851,.F.);
#8858 = CYLINDRICAL_SURFACE('',#8859,0.675);
#8859 = AXIS2_PLACEMENT_3D('',#8860,#8861,#8862);
#8860 = CARTESIAN_POINT('',(181.55,-70.8,-8.1E-02));
#8861 = DIRECTION('',(-0.,-0.,-1.));
#8862 = DIRECTION('',(-0.,-1.,0.));
#8863 = MANIFOLD_SOLID_BREP('',#8864);
#8864 = CLOSED_SHELL('',(#8865,#8898,#8918,#8938));
#8865 = ADVANCED_FACE('',(#8866),#8893,.T.);
#8866 = FACE_BOUND('',#8867,.F.);
#8867 = EDGE_LOOP('',(#8868,#8878,#8885,#8886));
#8868 = ORIENTED_EDGE('',*,*,#8869,.T.);
#8869 = EDGE_CURVE('',#8870,#8872,#8874,.T.);
#8870 = VERTEX_POINT('',#8871);
#8871 = CARTESIAN_POINT('',(185.15,-74.3,1.04));
#8872 = VERTEX_POINT('',#8873);
#8873 = CARTESIAN_POINT('',(185.15,-74.3,1.115));
#8874 = LINE('',#8875,#8876);
#8875 = CARTESIAN_POINT('',(185.15,-74.3,1.04));
#8876 = VECTOR('',#8877,1.);
#8877 = DIRECTION('',(0.,0.,1.));
#8878 = ORIENTED_EDGE('',*,*,#8879,.T.);
#8879 = EDGE_CURVE('',#8872,#8872,#8880,.T.);
#8880 = CIRCLE('',#8881,1.1);
#8881 = AXIS2_PLACEMENT_3D('',#8882,#8883,#8884);
#8882 = CARTESIAN_POINT('',(184.05,-74.3,1.115));
#8883 = DIRECTION('',(0.,0.,1.));
#8884 = DIRECTION('',(1.,0.,-0.));
#8885 = ORIENTED_EDGE('',*,*,#8869,.F.);
#8886 = ORIENTED_EDGE('',*,*,#8887,.F.);
#8887 = EDGE_CURVE('',#8870,#8870,#8888,.T.);
#8888 = CIRCLE('',#8889,1.1);
#8889 = AXIS2_PLACEMENT_3D('',#8890,#8891,#8892);
#8890 = CARTESIAN_POINT('',(184.05,-74.3,1.04));
#8891 = DIRECTION('',(0.,0.,1.));
#8892 = DIRECTION('',(1.,0.,-0.));
#8893 = CYLINDRICAL_SURFACE('',#8894,1.1);
#8894 = AXIS2_PLACEMENT_3D('',#8895,#8896,#8897);
#8895 = CARTESIAN_POINT('',(184.05,-74.3,1.04));
#8896 = DIRECTION('',(-0.,-0.,-1.));
#8897 = DIRECTION('',(1.,0.,-0.));
#8898 = ADVANCED_FACE('',(#8899,#8902),#8913,.F.);
#8899 = FACE_BOUND('',#8900,.F.);
#8900 = EDGE_LOOP('',(#8901));
#8901 = ORIENTED_EDGE('',*,*,#8887,.T.);
#8902 = FACE_BOUND('',#8903,.F.);
#8903 = EDGE_LOOP('',(#8904));
#8904 = ORIENTED_EDGE('',*,*,#8905,.T.);
#8905 = EDGE_CURVE('',#8906,#8906,#8908,.T.);
#8906 = VERTEX_POINT('',#8907);
#8907 = CARTESIAN_POINT('',(184.05,-74.975,1.04));
#8908 = CIRCLE('',#8909,0.675);
#8909 = AXIS2_PLACEMENT_3D('',#8910,#8911,#8912);
#8910 = CARTESIAN_POINT('',(184.05,-74.3,1.04));
#8911 = DIRECTION('',(-0.,0.,-1.));
#8912 = DIRECTION('',(-0.,-1.,0.));
#8913 = PLANE('',#8914);
#8914 = AXIS2_PLACEMENT_3D('',#8915,#8916,#8917);
#8915 = CARTESIAN_POINT('',(0.,0.,1.04));
#8916 = DIRECTION('',(0.,0.,1.));
#8917 = DIRECTION('',(1.,0.,-0.));
#8918 = ADVANCED_FACE('',(#8919,#8922),#8933,.T.);
#8919 = FACE_BOUND('',#8920,.T.);
#8920 = EDGE_LOOP('',(#8921));
#8921 = ORIENTED_EDGE('',*,*,#8879,.T.);
#8922 = FACE_BOUND('',#8923,.T.);
#8923 = EDGE_LOOP('',(#8924));
#8924 = ORIENTED_EDGE('',*,*,#8925,.T.);
#8925 = EDGE_CURVE('',#8926,#8926,#8928,.T.);
#8926 = VERTEX_POINT('',#8927);
#8927 = CARTESIAN_POINT('',(184.05,-74.975,1.115));
#8928 = CIRCLE('',#8929,0.675);
#8929 = AXIS2_PLACEMENT_3D('',#8930,#8931,#8932);
#8930 = CARTESIAN_POINT('',(184.05,-74.3,1.115));
#8931 = DIRECTION('',(-0.,0.,-1.));
#8932 = DIRECTION('',(-0.,-1.,0.));
#8933 = PLANE('',#8934);
#8934 = AXIS2_PLACEMENT_3D('',#8935,#8936,#8937);
#8935 = CARTESIAN_POINT('',(0.,0.,1.115));
#8936 = DIRECTION('',(0.,0.,1.));
#8937 = DIRECTION('',(1.,0.,-0.));
#8938 = ADVANCED_FACE('',(#8939),#8950,.F.);
#8939 = FACE_BOUND('',#8940,.T.);
#8940 = EDGE_LOOP('',(#8941,#8942,#8948,#8949));
#8941 = ORIENTED_EDGE('',*,*,#8905,.T.);
#8942 = ORIENTED_EDGE('',*,*,#8943,.T.);
#8943 = EDGE_CURVE('',#8906,#8926,#8944,.T.);
#8944 = LINE('',#8945,#8946);
#8945 = CARTESIAN_POINT('',(184.05,-74.975,-8.1E-02));
#8946 = VECTOR('',#8947,1.);
#8947 = DIRECTION('',(0.,0.,1.));
#8948 = ORIENTED_EDGE('',*,*,#8925,.F.);
#8949 = ORIENTED_EDGE('',*,*,#8943,.F.);
#8950 = CYLINDRICAL_SURFACE('',#8951,0.675);
#8951 = AXIS2_PLACEMENT_3D('',#8952,#8953,#8954);
#8952 = CARTESIAN_POINT('',(184.05,-74.3,-8.1E-02));
#8953 = DIRECTION('',(-0.,-0.,-1.));
#8954 = DIRECTION('',(-0.,-1.,0.));
#8955 = MANIFOLD_SOLID_BREP('',#8956);
#8956 = CLOSED_SHELL('',(#8957,#8990,#9010,#9030));
#8957 = ADVANCED_FACE('',(#8958),#8985,.T.);
#8958 = FACE_BOUND('',#8959,.T.);
#8959 = EDGE_LOOP('',(#8960,#8970,#8977,#8978));
#8960 = ORIENTED_EDGE('',*,*,#8961,.T.);
#8961 = EDGE_CURVE('',#8962,#8964,#8966,.T.);
#8962 = VERTEX_POINT('',#8963);
#8963 = CARTESIAN_POINT('',(185.15,-74.3,0.));
#8964 = VERTEX_POINT('',#8965);
#8965 = CARTESIAN_POINT('',(185.15,-74.3,-7.5E-02));
#8966 = LINE('',#8967,#8968);
#8967 = CARTESIAN_POINT('',(185.15,-74.3,0.));
#8968 = VECTOR('',#8969,1.);
#8969 = DIRECTION('',(0.,0.,-1.));
#8970 = ORIENTED_EDGE('',*,*,#8971,.T.);
#8971 = EDGE_CURVE('',#8964,#8964,#8972,.T.);
#8972 = CIRCLE('',#8973,1.1);
#8973 = AXIS2_PLACEMENT_3D('',#8974,#8975,#8976);
#8974 = CARTESIAN_POINT('',(184.05,-74.3,-7.5E-02));
#8975 = DIRECTION('',(0.,0.,1.));
#8976 = DIRECTION('',(1.,0.,-0.));
#8977 = ORIENTED_EDGE('',*,*,#8961,.F.);
#8978 = ORIENTED_EDGE('',*,*,#8979,.F.);
#8979 = EDGE_CURVE('',#8962,#8962,#8980,.T.);
#8980 = CIRCLE('',#8981,1.1);
#8981 = AXIS2_PLACEMENT_3D('',#8982,#8983,#8984);
#8982 = CARTESIAN_POINT('',(184.05,-74.3,0.));
#8983 = DIRECTION('',(0.,0.,1.));
#8984 = DIRECTION('',(1.,0.,-0.));
#8985 = CYLINDRICAL_SURFACE('',#8986,1.1);
#8986 = AXIS2_PLACEMENT_3D('',#8987,#8988,#8989);
#8987 = CARTESIAN_POINT('',(184.05,-74.3,0.));
#8988 = DIRECTION('',(0.,0.,1.));
#8989 = DIRECTION('',(1.,0.,-0.));
#8990 = ADVANCED_FACE('',(#8991,#8994),#9005,.F.);
#8991 = FACE_BOUND('',#8992,.F.);
#8992 = EDGE_LOOP('',(#8993));
#8993 = ORIENTED_EDGE('',*,*,#8979,.F.);
#8994 = FACE_BOUND('',#8995,.F.);
#8995 = EDGE_LOOP('',(#8996));
#8996 = ORIENTED_EDGE('',*,*,#8997,.F.);
#8997 = EDGE_CURVE('',#8998,#8998,#9000,.T.);
#8998 = VERTEX_POINT('',#8999);
#8999 = CARTESIAN_POINT('',(184.05,-74.975,0.));
#9000 = CIRCLE('',#9001,0.675);
#9001 = AXIS2_PLACEMENT_3D('',#9002,#9003,#9004);
#9002 = CARTESIAN_POINT('',(184.05,-74.3,0.));
#9003 = DIRECTION('',(-0.,0.,-1.));
#9004 = DIRECTION('',(-0.,-1.,0.));
#9005 = PLANE('',#9006);
#9006 = AXIS2_PLACEMENT_3D('',#9007,#9008,#9009);
#9007 = CARTESIAN_POINT('',(0.,0.,0.));
#9008 = DIRECTION('',(-0.,-0.,-1.));
#9009 = DIRECTION('',(-1.,0.,0.));
#9010 = ADVANCED_FACE('',(#9011,#9014),#9025,.T.);
#9011 = FACE_BOUND('',#9012,.T.);
#9012 = EDGE_LOOP('',(#9013));
#9013 = ORIENTED_EDGE('',*,*,#8971,.F.);
#9014 = FACE_BOUND('',#9015,.T.);
#9015 = EDGE_LOOP('',(#9016));
#9016 = ORIENTED_EDGE('',*,*,#9017,.F.);
#9017 = EDGE_CURVE('',#9018,#9018,#9020,.T.);
#9018 = VERTEX_POINT('',#9019);
#9019 = CARTESIAN_POINT('',(184.05,-74.975,-7.5E-02));
#9020 = CIRCLE('',#9021,0.675);
#9021 = AXIS2_PLACEMENT_3D('',#9022,#9023,#9024);
#9022 = CARTESIAN_POINT('',(184.05,-74.3,-7.5E-02));
#9023 = DIRECTION('',(-0.,0.,-1.));
#9024 = DIRECTION('',(-0.,-1.,0.));
#9025 = PLANE('',#9026);
#9026 = AXIS2_PLACEMENT_3D('',#9027,#9028,#9029);
#9027 = CARTESIAN_POINT('',(0.,0.,-7.5E-02));
#9028 = DIRECTION('',(-0.,-0.,-1.));
#9029 = DIRECTION('',(-1.,0.,0.));
#9030 = ADVANCED_FACE('',(#9031),#9042,.F.);
#9031 = FACE_BOUND('',#9032,.T.);
#9032 = EDGE_LOOP('',(#9033,#9034,#9040,#9041));
#9033 = ORIENTED_EDGE('',*,*,#9017,.T.);
#9034 = ORIENTED_EDGE('',*,*,#9035,.T.);
#9035 = EDGE_CURVE('',#9018,#8998,#9036,.T.);
#9036 = LINE('',#9037,#9038);
#9037 = CARTESIAN_POINT('',(184.05,-74.975,-8.1E-02));
#9038 = VECTOR('',#9039,1.);
#9039 = DIRECTION('',(0.,0.,1.));
#9040 = ORIENTED_EDGE('',*,*,#8997,.F.);
#9041 = ORIENTED_EDGE('',*,*,#9035,.F.);
#9042 = CYLINDRICAL_SURFACE('',#9043,0.675);
#9043 = AXIS2_PLACEMENT_3D('',#9044,#9045,#9046);
#9044 = CARTESIAN_POINT('',(184.05,-74.3,-8.1E-02));
#9045 = DIRECTION('',(-0.,-0.,-1.));
#9046 = DIRECTION('',(-0.,-1.,0.));
#9047 = MANIFOLD_SOLID_BREP('',#9048);
#9048 = CLOSED_SHELL('',(#9049,#9082,#9102,#9122));
#9049 = ADVANCED_FACE('',(#9050),#9077,.T.);
#9050 = FACE_BOUND('',#9051,.F.);
#9051 = EDGE_LOOP('',(#9052,#9062,#9069,#9070));
#9052 = ORIENTED_EDGE('',*,*,#9053,.T.);
#9053 = EDGE_CURVE('',#9054,#9056,#9058,.T.);
#9054 = VERTEX_POINT('',#9055);
#9055 = CARTESIAN_POINT('',(184.05,-75.,-7.5E-02));
#9056 = VERTEX_POINT('',#9057);
#9057 = CARTESIAN_POINT('',(184.05,-75.,1.115));
#9058 = LINE('',#9059,#9060);
#9059 = CARTESIAN_POINT('',(184.05,-75.,-7.5E-02));
#9060 = VECTOR('',#9061,1.);
#9061 = DIRECTION('',(0.,0.,1.));
#9062 = ORIENTED_EDGE('',*,*,#9063,.T.);
#9063 = EDGE_CURVE('',#9056,#9056,#9064,.T.);
#9064 = CIRCLE('',#9065,0.7);
#9065 = AXIS2_PLACEMENT_3D('',#9066,#9067,#9068);
#9066 = CARTESIAN_POINT('',(184.05,-74.3,1.115));
#9067 = DIRECTION('',(0.,0.,1.));
#9068 = DIRECTION('',(-0.,-1.,0.));
#9069 = ORIENTED_EDGE('',*,*,#9053,.F.);
#9070 = ORIENTED_EDGE('',*,*,#9071,.F.);
#9071 = EDGE_CURVE('',#9054,#9054,#9072,.T.);
#9072 = CIRCLE('',#9073,0.7);
#9073 = AXIS2_PLACEMENT_3D('',#9074,#9075,#9076);
#9074 = CARTESIAN_POINT('',(184.05,-74.3,-7.5E-02));
#9075 = DIRECTION('',(0.,0.,1.));
#9076 = DIRECTION('',(-0.,-1.,0.));
#9077 = CYLINDRICAL_SURFACE('',#9078,0.7);
#9078 = AXIS2_PLACEMENT_3D('',#9079,#9080,#9081);
#9079 = CARTESIAN_POINT('',(184.05,-74.3,-7.5E-02));
#9080 = DIRECTION('',(-0.,-0.,-1.));
#9081 = DIRECTION('',(-0.,-1.,0.));
#9082 = ADVANCED_FACE('',(#9083,#9086),#9097,.F.);
#9083 = FACE_BOUND('',#9084,.F.);
#9084 = EDGE_LOOP('',(#9085));
#9085 = ORIENTED_EDGE('',*,*,#9071,.T.);
#9086 = FACE_BOUND('',#9087,.F.);
#9087 = EDGE_LOOP('',(#9088));
#9088 = ORIENTED_EDGE('',*,*,#9089,.T.);
#9089 = EDGE_CURVE('',#9090,#9090,#9092,.T.);
#9090 = VERTEX_POINT('',#9091);
#9091 = CARTESIAN_POINT('',(184.05,-74.975,-7.5E-02));
#9092 = CIRCLE('',#9093,0.675);
#9093 = AXIS2_PLACEMENT_3D('',#9094,#9095,#9096);
#9094 = CARTESIAN_POINT('',(184.05,-74.3,-7.5E-02));
#9095 = DIRECTION('',(-0.,0.,-1.));
#9096 = DIRECTION('',(-0.,-1.,0.));
#9097 = PLANE('',#9098);
#9098 = AXIS2_PLACEMENT_3D('',#9099,#9100,#9101);
#9099 = CARTESIAN_POINT('',(184.05,-75.,-7.5E-02));
#9100 = DIRECTION('',(0.,0.,1.));
#9101 = DIRECTION('',(1.,0.,-0.));
#9102 = ADVANCED_FACE('',(#9103,#9106),#9117,.T.);
#9103 = FACE_BOUND('',#9104,.T.);
#9104 = EDGE_LOOP('',(#9105));
#9105 = ORIENTED_EDGE('',*,*,#9063,.T.);
#9106 = FACE_BOUND('',#9107,.T.);
#9107 = EDGE_LOOP('',(#9108));
#9108 = ORIENTED_EDGE('',*,*,#9109,.T.);
#9109 = EDGE_CURVE('',#9110,#9110,#9112,.T.);
#9110 = VERTEX_POINT('',#9111);
#9111 = CARTESIAN_POINT('',(184.05,-74.975,1.115));
#9112 = CIRCLE('',#9113,0.675);
#9113 = AXIS2_PLACEMENT_3D('',#9114,#9115,#9116);
#9114 = CARTESIAN_POINT('',(184.05,-74.3,1.115));
#9115 = DIRECTION('',(-0.,0.,-1.));
#9116 = DIRECTION('',(-0.,-1.,0.));
#9117 = PLANE('',#9118);
#9118 = AXIS2_PLACEMENT_3D('',#9119,#9120,#9121);
#9119 = CARTESIAN_POINT('',(184.05,-75.,1.115));
#9120 = DIRECTION('',(0.,0.,1.));
#9121 = DIRECTION('',(1.,0.,-0.));
#9122 = ADVANCED_FACE('',(#9123),#9134,.F.);
#9123 = FACE_BOUND('',#9124,.T.);
#9124 = EDGE_LOOP('',(#9125,#9126,#9132,#9133));
#9125 = ORIENTED_EDGE('',*,*,#9089,.T.);
#9126 = ORIENTED_EDGE('',*,*,#9127,.T.);
#9127 = EDGE_CURVE('',#9090,#9110,#9128,.T.);
#9128 = LINE('',#9129,#9130);
#9129 = CARTESIAN_POINT('',(184.05,-74.975,-8.1E-02));
#9130 = VECTOR('',#9131,1.);
#9131 = DIRECTION('',(0.,0.,1.));
#9132 = ORIENTED_EDGE('',*,*,#9109,.F.);
#9133 = ORIENTED_EDGE('',*,*,#9127,.F.);
#9134 = CYLINDRICAL_SURFACE('',#9135,0.675);
#9135 = AXIS2_PLACEMENT_3D('',#9136,#9137,#9138);
#9136 = CARTESIAN_POINT('',(184.05,-74.3,-8.1E-02));
#9137 = DIRECTION('',(-0.,-0.,-1.));
#9138 = DIRECTION('',(-0.,-1.,0.));
#9139 = MANIFOLD_SOLID_BREP('',#9140);
#9140 = CLOSED_SHELL('',(#9141,#9174,#9194,#9214));
#9141 = ADVANCED_FACE('',(#9142),#9169,.T.);
#9142 = FACE_BOUND('',#9143,.F.);
#9143 = EDGE_LOOP('',(#9144,#9154,#9161,#9162));
#9144 = ORIENTED_EDGE('',*,*,#9145,.T.);
#9145 = EDGE_CURVE('',#9146,#9148,#9150,.T.);
#9146 = VERTEX_POINT('',#9147);
#9147 = CARTESIAN_POINT('',(182.65,-74.3,1.04));
#9148 = VERTEX_POINT('',#9149);
#9149 = CARTESIAN_POINT('',(182.65,-74.3,1.115));
#9150 = LINE('',#9151,#9152);
#9151 = CARTESIAN_POINT('',(182.65,-74.3,1.04));
#9152 = VECTOR('',#9153,1.);
#9153 = DIRECTION('',(0.,0.,1.));
#9154 = ORIENTED_EDGE('',*,*,#9155,.T.);
#9155 = EDGE_CURVE('',#9148,#9148,#9156,.T.);
#9156 = CIRCLE('',#9157,1.1);
#9157 = AXIS2_PLACEMENT_3D('',#9158,#9159,#9160);
#9158 = CARTESIAN_POINT('',(181.55,-74.3,1.115));
#9159 = DIRECTION('',(0.,0.,1.));
#9160 = DIRECTION('',(1.,0.,-0.));
#9161 = ORIENTED_EDGE('',*,*,#9145,.F.);
#9162 = ORIENTED_EDGE('',*,*,#9163,.F.);
#9163 = EDGE_CURVE('',#9146,#9146,#9164,.T.);
#9164 = CIRCLE('',#9165,1.1);
#9165 = AXIS2_PLACEMENT_3D('',#9166,#9167,#9168);
#9166 = CARTESIAN_POINT('',(181.55,-74.3,1.04));
#9167 = DIRECTION('',(0.,0.,1.));
#9168 = DIRECTION('',(1.,0.,-0.));
#9169 = CYLINDRICAL_SURFACE('',#9170,1.1);
#9170 = AXIS2_PLACEMENT_3D('',#9171,#9172,#9173);
#9171 = CARTESIAN_POINT('',(181.55,-74.3,1.04));
#9172 = DIRECTION('',(-0.,-0.,-1.));
#9173 = DIRECTION('',(1.,0.,-0.));
#9174 = ADVANCED_FACE('',(#9175,#9178),#9189,.F.);
#9175 = FACE_BOUND('',#9176,.F.);
#9176 = EDGE_LOOP('',(#9177));
#9177 = ORIENTED_EDGE('',*,*,#9163,.T.);
#9178 = FACE_BOUND('',#9179,.F.);
#9179 = EDGE_LOOP('',(#9180));
#9180 = ORIENTED_EDGE('',*,*,#9181,.T.);
#9181 = EDGE_CURVE('',#9182,#9182,#9184,.T.);
#9182 = VERTEX_POINT('',#9183);
#9183 = CARTESIAN_POINT('',(181.55,-74.975,1.04));
#9184 = CIRCLE('',#9185,0.675);
#9185 = AXIS2_PLACEMENT_3D('',#9186,#9187,#9188);
#9186 = CARTESIAN_POINT('',(181.55,-74.3,1.04));
#9187 = DIRECTION('',(-0.,0.,-1.));
#9188 = DIRECTION('',(-0.,-1.,0.));
#9189 = PLANE('',#9190);
#9190 = AXIS2_PLACEMENT_3D('',#9191,#9192,#9193);
#9191 = CARTESIAN_POINT('',(0.,0.,1.04));
#9192 = DIRECTION('',(0.,0.,1.));
#9193 = DIRECTION('',(1.,0.,-0.));
#9194 = ADVANCED_FACE('',(#9195,#9198),#9209,.T.);
#9195 = FACE_BOUND('',#9196,.T.);
#9196 = EDGE_LOOP('',(#9197));
#9197 = ORIENTED_EDGE('',*,*,#9155,.T.);
#9198 = FACE_BOUND('',#9199,.T.);
#9199 = EDGE_LOOP('',(#9200));
#9200 = ORIENTED_EDGE('',*,*,#9201,.T.);
#9201 = EDGE_CURVE('',#9202,#9202,#9204,.T.);
#9202 = VERTEX_POINT('',#9203);
#9203 = CARTESIAN_POINT('',(181.55,-74.975,1.115));
#9204 = CIRCLE('',#9205,0.675);
#9205 = AXIS2_PLACEMENT_3D('',#9206,#9207,#9208);
#9206 = CARTESIAN_POINT('',(181.55,-74.3,1.115));
#9207 = DIRECTION('',(-0.,0.,-1.));
#9208 = DIRECTION('',(-0.,-1.,0.));
#9209 = PLANE('',#9210);
#9210 = AXIS2_PLACEMENT_3D('',#9211,#9212,#9213);
#9211 = CARTESIAN_POINT('',(0.,0.,1.115));
#9212 = DIRECTION('',(0.,0.,1.));
#9213 = DIRECTION('',(1.,0.,-0.));
#9214 = ADVANCED_FACE('',(#9215),#9226,.F.);
#9215 = FACE_BOUND('',#9216,.T.);
#9216 = EDGE_LOOP('',(#9217,#9218,#9224,#9225));
#9217 = ORIENTED_EDGE('',*,*,#9181,.T.);
#9218 = ORIENTED_EDGE('',*,*,#9219,.T.);
#9219 = EDGE_CURVE('',#9182,#9202,#9220,.T.);
#9220 = LINE('',#9221,#9222);
#9221 = CARTESIAN_POINT('',(181.55,-74.975,-8.1E-02));
#9222 = VECTOR('',#9223,1.);
#9223 = DIRECTION('',(0.,0.,1.));
#9224 = ORIENTED_EDGE('',*,*,#9201,.F.);
#9225 = ORIENTED_EDGE('',*,*,#9219,.F.);
#9226 = CYLINDRICAL_SURFACE('',#9227,0.675);
#9227 = AXIS2_PLACEMENT_3D('',#9228,#9229,#9230);
#9228 = CARTESIAN_POINT('',(181.55,-74.3,-8.1E-02));
#9229 = DIRECTION('',(-0.,-0.,-1.));
#9230 = DIRECTION('',(-0.,-1.,0.));
#9231 = MANIFOLD_SOLID_BREP('',#9232);
#9232 = CLOSED_SHELL('',(#9233,#9266,#9286,#9306));
#9233 = ADVANCED_FACE('',(#9234),#9261,.T.);
#9234 = FACE_BOUND('',#9235,.T.);
#9235 = EDGE_LOOP('',(#9236,#9246,#9253,#9254));
#9236 = ORIENTED_EDGE('',*,*,#9237,.T.);
#9237 = EDGE_CURVE('',#9238,#9240,#9242,.T.);
#9238 = VERTEX_POINT('',#9239);
#9239 = CARTESIAN_POINT('',(182.65,-74.3,0.));
#9240 = VERTEX_POINT('',#9241);
#9241 = CARTESIAN_POINT('',(182.65,-74.3,-7.5E-02));
#9242 = LINE('',#9243,#9244);
#9243 = CARTESIAN_POINT('',(182.65,-74.3,0.));
#9244 = VECTOR('',#9245,1.);
#9245 = DIRECTION('',(0.,0.,-1.));
#9246 = ORIENTED_EDGE('',*,*,#9247,.T.);
#9247 = EDGE_CURVE('',#9240,#9240,#9248,.T.);
#9248 = CIRCLE('',#9249,1.1);
#9249 = AXIS2_PLACEMENT_3D('',#9250,#9251,#9252);
#9250 = CARTESIAN_POINT('',(181.55,-74.3,-7.5E-02));
#9251 = DIRECTION('',(0.,0.,1.));
#9252 = DIRECTION('',(1.,0.,-0.));
#9253 = ORIENTED_EDGE('',*,*,#9237,.F.);
#9254 = ORIENTED_EDGE('',*,*,#9255,.F.);
#9255 = EDGE_CURVE('',#9238,#9238,#9256,.T.);
#9256 = CIRCLE('',#9257,1.1);
#9257 = AXIS2_PLACEMENT_3D('',#9258,#9259,#9260);
#9258 = CARTESIAN_POINT('',(181.55,-74.3,0.));
#9259 = DIRECTION('',(0.,0.,1.));
#9260 = DIRECTION('',(1.,0.,-0.));
#9261 = CYLINDRICAL_SURFACE('',#9262,1.1);
#9262 = AXIS2_PLACEMENT_3D('',#9263,#9264,#9265);
#9263 = CARTESIAN_POINT('',(181.55,-74.3,0.));
#9264 = DIRECTION('',(0.,0.,1.));
#9265 = DIRECTION('',(1.,0.,-0.));
#9266 = ADVANCED_FACE('',(#9267,#9270),#9281,.F.);
#9267 = FACE_BOUND('',#9268,.F.);
#9268 = EDGE_LOOP('',(#9269));
#9269 = ORIENTED_EDGE('',*,*,#9255,.F.);
#9270 = FACE_BOUND('',#9271,.F.);
#9271 = EDGE_LOOP('',(#9272));
#9272 = ORIENTED_EDGE('',*,*,#9273,.F.);
#9273 = EDGE_CURVE('',#9274,#9274,#9276,.T.);
#9274 = VERTEX_POINT('',#9275);
#9275 = CARTESIAN_POINT('',(181.55,-74.975,0.));
#9276 = CIRCLE('',#9277,0.675);
#9277 = AXIS2_PLACEMENT_3D('',#9278,#9279,#9280);
#9278 = CARTESIAN_POINT('',(181.55,-74.3,0.));
#9279 = DIRECTION('',(-0.,0.,-1.));
#9280 = DIRECTION('',(-0.,-1.,0.));
#9281 = PLANE('',#9282);
#9282 = AXIS2_PLACEMENT_3D('',#9283,#9284,#9285);
#9283 = CARTESIAN_POINT('',(0.,0.,0.));
#9284 = DIRECTION('',(-0.,-0.,-1.));
#9285 = DIRECTION('',(-1.,0.,0.));
#9286 = ADVANCED_FACE('',(#9287,#9290),#9301,.T.);
#9287 = FACE_BOUND('',#9288,.T.);
#9288 = EDGE_LOOP('',(#9289));
#9289 = ORIENTED_EDGE('',*,*,#9247,.F.);
#9290 = FACE_BOUND('',#9291,.T.);
#9291 = EDGE_LOOP('',(#9292));
#9292 = ORIENTED_EDGE('',*,*,#9293,.F.);
#9293 = EDGE_CURVE('',#9294,#9294,#9296,.T.);
#9294 = VERTEX_POINT('',#9295);
#9295 = CARTESIAN_POINT('',(181.55,-74.975,-7.5E-02));
#9296 = CIRCLE('',#9297,0.675);
#9297 = AXIS2_PLACEMENT_3D('',#9298,#9299,#9300);
#9298 = CARTESIAN_POINT('',(181.55,-74.3,-7.5E-02));
#9299 = DIRECTION('',(-0.,0.,-1.));
#9300 = DIRECTION('',(-0.,-1.,0.));
#9301 = PLANE('',#9302);
#9302 = AXIS2_PLACEMENT_3D('',#9303,#9304,#9305);
#9303 = CARTESIAN_POINT('',(0.,0.,-7.5E-02));
#9304 = DIRECTION('',(-0.,-0.,-1.));
#9305 = DIRECTION('',(-1.,0.,0.));
#9306 = ADVANCED_FACE('',(#9307),#9318,.F.);
#9307 = FACE_BOUND('',#9308,.T.);
#9308 = EDGE_LOOP('',(#9309,#9310,#9316,#9317));
#9309 = ORIENTED_EDGE('',*,*,#9293,.T.);
#9310 = ORIENTED_EDGE('',*,*,#9311,.T.);
#9311 = EDGE_CURVE('',#9294,#9274,#9312,.T.);
#9312 = LINE('',#9313,#9314);
#9313 = CARTESIAN_POINT('',(181.55,-74.975,-8.1E-02));
#9314 = VECTOR('',#9315,1.);
#9315 = DIRECTION('',(0.,0.,1.));
#9316 = ORIENTED_EDGE('',*,*,#9273,.F.);
#9317 = ORIENTED_EDGE('',*,*,#9311,.F.);
#9318 = CYLINDRICAL_SURFACE('',#9319,0.675);
#9319 = AXIS2_PLACEMENT_3D('',#9320,#9321,#9322);
#9320 = CARTESIAN_POINT('',(181.55,-74.3,-8.1E-02));
#9321 = DIRECTION('',(-0.,-0.,-1.));
#9322 = DIRECTION('',(-0.,-1.,0.));
#9323 = MANIFOLD_SOLID_BREP('',#9324);
#9324 = CLOSED_SHELL('',(#9325,#9358,#9378,#9398));
#9325 = ADVANCED_FACE('',(#9326),#9353,.T.);
#9326 = FACE_BOUND('',#9327,.F.);
#9327 = EDGE_LOOP('',(#9328,#9338,#9345,#9346));
#9328 = ORIENTED_EDGE('',*,*,#9329,.T.);
#9329 = EDGE_CURVE('',#9330,#9332,#9334,.T.);
#9330 = VERTEX_POINT('',#9331);
#9331 = CARTESIAN_POINT('',(181.55,-75.,-7.5E-02));
#9332 = VERTEX_POINT('',#9333);
#9333 = CARTESIAN_POINT('',(181.55,-75.,1.115));
#9334 = LINE('',#9335,#9336);
#9335 = CARTESIAN_POINT('',(181.55,-75.,-7.5E-02));
#9336 = VECTOR('',#9337,1.);
#9337 = DIRECTION('',(0.,0.,1.));
#9338 = ORIENTED_EDGE('',*,*,#9339,.T.);
#9339 = EDGE_CURVE('',#9332,#9332,#9340,.T.);
#9340 = CIRCLE('',#9341,0.7);
#9341 = AXIS2_PLACEMENT_3D('',#9342,#9343,#9344);
#9342 = CARTESIAN_POINT('',(181.55,-74.3,1.115));
#9343 = DIRECTION('',(0.,0.,1.));
#9344 = DIRECTION('',(-0.,-1.,0.));
#9345 = ORIENTED_EDGE('',*,*,#9329,.F.);
#9346 = ORIENTED_EDGE('',*,*,#9347,.F.);
#9347 = EDGE_CURVE('',#9330,#9330,#9348,.T.);
#9348 = CIRCLE('',#9349,0.7);
#9349 = AXIS2_PLACEMENT_3D('',#9350,#9351,#9352);
#9350 = CARTESIAN_POINT('',(181.55,-74.3,-7.5E-02));
#9351 = DIRECTION('',(0.,0.,1.));
#9352 = DIRECTION('',(-0.,-1.,0.));
#9353 = CYLINDRICAL_SURFACE('',#9354,0.7);
#9354 = AXIS2_PLACEMENT_3D('',#9355,#9356,#9357);
#9355 = CARTESIAN_POINT('',(181.55,-74.3,-7.5E-02));
#9356 = DIRECTION('',(-0.,-0.,-1.));
#9357 = DIRECTION('',(-0.,-1.,0.));
#9358 = ADVANCED_FACE('',(#9359,#9362),#9373,.F.);
#9359 = FACE_BOUND('',#9360,.F.);
#9360 = EDGE_LOOP('',(#9361));
#9361 = ORIENTED_EDGE('',*,*,#9347,.T.);
#9362 = FACE_BOUND('',#9363,.F.);
#9363 = EDGE_LOOP('',(#9364));
#9364 = ORIENTED_EDGE('',*,*,#9365,.T.);
#9365 = EDGE_CURVE('',#9366,#9366,#9368,.T.);
#9366 = VERTEX_POINT('',#9367);
#9367 = CARTESIAN_POINT('',(181.55,-74.975,-7.5E-02));
#9368 = CIRCLE('',#9369,0.675);
#9369 = AXIS2_PLACEMENT_3D('',#9370,#9371,#9372);
#9370 = CARTESIAN_POINT('',(181.55,-74.3,-7.5E-02));
#9371 = DIRECTION('',(-0.,0.,-1.));
#9372 = DIRECTION('',(-0.,-1.,0.));
#9373 = PLANE('',#9374);
#9374 = AXIS2_PLACEMENT_3D('',#9375,#9376,#9377);
#9375 = CARTESIAN_POINT('',(181.55,-75.,-7.5E-02));
#9376 = DIRECTION('',(0.,0.,1.));
#9377 = DIRECTION('',(1.,0.,-0.));
#9378 = ADVANCED_FACE('',(#9379,#9382),#9393,.T.);
#9379 = FACE_BOUND('',#9380,.T.);
#9380 = EDGE_LOOP('',(#9381));
#9381 = ORIENTED_EDGE('',*,*,#9339,.T.);
#9382 = FACE_BOUND('',#9383,.T.);
#9383 = EDGE_LOOP('',(#9384));
#9384 = ORIENTED_EDGE('',*,*,#9385,.T.);
#9385 = EDGE_CURVE('',#9386,#9386,#9388,.T.);
#9386 = VERTEX_POINT('',#9387);
#9387 = CARTESIAN_POINT('',(181.55,-74.975,1.115));
#9388 = CIRCLE('',#9389,0.675);
#9389 = AXIS2_PLACEMENT_3D('',#9390,#9391,#9392);
#9390 = CARTESIAN_POINT('',(181.55,-74.3,1.115));
#9391 = DIRECTION('',(-0.,0.,-1.));
#9392 = DIRECTION('',(-0.,-1.,0.));
#9393 = PLANE('',#9394);
#9394 = AXIS2_PLACEMENT_3D('',#9395,#9396,#9397);
#9395 = CARTESIAN_POINT('',(181.55,-75.,1.115));
#9396 = DIRECTION('',(0.,0.,1.));
#9397 = DIRECTION('',(1.,0.,-0.));
#9398 = ADVANCED_FACE('',(#9399),#9410,.F.);
#9399 = FACE_BOUND('',#9400,.T.);
#9400 = EDGE_LOOP('',(#9401,#9402,#9408,#9409));
#9401 = ORIENTED_EDGE('',*,*,#9365,.T.);
#9402 = ORIENTED_EDGE('',*,*,#9403,.T.);
#9403 = EDGE_CURVE('',#9366,#9386,#9404,.T.);
#9404 = LINE('',#9405,#9406);
#9405 = CARTESIAN_POINT('',(181.55,-74.975,-8.1E-02));
#9406 = VECTOR('',#9407,1.);
#9407 = DIRECTION('',(0.,0.,1.));
#9408 = ORIENTED_EDGE('',*,*,#9385,.F.);
#9409 = ORIENTED_EDGE('',*,*,#9403,.F.);
#9410 = CYLINDRICAL_SURFACE('',#9411,0.675);
#9411 = AXIS2_PLACEMENT_3D('',#9412,#9413,#9414);
#9412 = CARTESIAN_POINT('',(181.55,-74.3,-8.1E-02));
#9413 = DIRECTION('',(-0.,-0.,-1.));
#9414 = DIRECTION('',(-0.,-1.,0.));
#9415 = MANIFOLD_SOLID_BREP('',#9416);
#9416 = CLOSED_SHELL('',(#9417,#9459,#9490,#9523,#9554,#9587,#9618,#9651
    ,#9673,#9689));
#9417 = ADVANCED_FACE('',(#9418),#9454,.T.);
#9418 = FACE_BOUND('',#9419,.T.);
#9419 = EDGE_LOOP('',(#9420,#9430,#9439,#9447));
#9420 = ORIENTED_EDGE('',*,*,#9421,.T.);
#9421 = EDGE_CURVE('',#9422,#9424,#9426,.T.);
#9422 = VERTEX_POINT('',#9423);
#9423 = CARTESIAN_POINT('',(138.98,-97.57,1.04));
#9424 = VERTEX_POINT('',#9425);
#9425 = CARTESIAN_POINT('',(138.98,-97.57,1.115));
#9426 = LINE('',#9427,#9428);
#9427 = CARTESIAN_POINT('',(138.98,-97.57,1.04));
#9428 = VECTOR('',#9429,1.);
#9429 = DIRECTION('',(0.,0.,1.));
#9430 = ORIENTED_EDGE('',*,*,#9431,.T.);
#9431 = EDGE_CURVE('',#9424,#9432,#9434,.T.);
#9432 = VERTEX_POINT('',#9433);
#9433 = CARTESIAN_POINT('',(139.78,-96.77,1.115));
#9434 = CIRCLE('',#9435,0.800000114895);
#9435 = AXIS2_PLACEMENT_3D('',#9436,#9437,#9438);
#9436 = CARTESIAN_POINT('',(139.78000011489,-97.57000011489,1.115));
#9437 = DIRECTION('',(0.,0.,-1.));
#9438 = DIRECTION('',(-1.,1.436187495834E-07,0.));
#9439 = ORIENTED_EDGE('',*,*,#9440,.F.);
#9440 = EDGE_CURVE('',#9441,#9432,#9443,.T.);
#9441 = VERTEX_POINT('',#9442);
#9442 = CARTESIAN_POINT('',(139.78,-96.77,1.04));
#9443 = LINE('',#9444,#9445);
#9444 = CARTESIAN_POINT('',(139.78,-96.77,1.04));
#9445 = VECTOR('',#9446,1.);
#9446 = DIRECTION('',(0.,0.,1.));
#9447 = ORIENTED_EDGE('',*,*,#9448,.F.);
#9448 = EDGE_CURVE('',#9422,#9441,#9449,.T.);
#9449 = CIRCLE('',#9450,0.800000114895);
#9450 = AXIS2_PLACEMENT_3D('',#9451,#9452,#9453);
#9451 = CARTESIAN_POINT('',(139.78000011489,-97.57000011489,1.04));
#9452 = DIRECTION('',(0.,0.,-1.));
#9453 = DIRECTION('',(-1.,1.436187495834E-07,0.));
#9454 = CYLINDRICAL_SURFACE('',#9455,0.800000114895);
#9455 = AXIS2_PLACEMENT_3D('',#9456,#9457,#9458);
#9456 = CARTESIAN_POINT('',(139.78000011489,-97.57000011489,1.04));
#9457 = DIRECTION('',(0.,0.,-1.));
#9458 = DIRECTION('',(-1.,1.436187495834E-07,0.));
#9459 = ADVANCED_FACE('',(#9460),#9485,.T.);
#9460 = FACE_BOUND('',#9461,.T.);
#9461 = EDGE_LOOP('',(#9462,#9463,#9471,#9479));
#9462 = ORIENTED_EDGE('',*,*,#9440,.T.);
#9463 = ORIENTED_EDGE('',*,*,#9464,.T.);
#9464 = EDGE_CURVE('',#9432,#9465,#9467,.T.);
#9465 = VERTEX_POINT('',#9466);
#9466 = CARTESIAN_POINT('',(146.18,-96.77,1.115));
#9467 = LINE('',#9468,#9469);
#9468 = CARTESIAN_POINT('',(139.78,-96.77,1.115));
#9469 = VECTOR('',#9470,1.);
#9470 = DIRECTION('',(1.,0.,0.));
#9471 = ORIENTED_EDGE('',*,*,#9472,.F.);
#9472 = EDGE_CURVE('',#9473,#9465,#9475,.T.);
#9473 = VERTEX_POINT('',#9474);
#9474 = CARTESIAN_POINT('',(146.18,-96.77,1.04));
#9475 = LINE('',#9476,#9477);
#9476 = CARTESIAN_POINT('',(146.18,-96.77,1.04));
#9477 = VECTOR('',#9478,1.);
#9478 = DIRECTION('',(0.,0.,1.));
#9479 = ORIENTED_EDGE('',*,*,#9480,.F.);
#9480 = EDGE_CURVE('',#9441,#9473,#9481,.T.);
#9481 = LINE('',#9482,#9483);
#9482 = CARTESIAN_POINT('',(139.78,-96.77,1.04));
#9483 = VECTOR('',#9484,1.);
#9484 = DIRECTION('',(1.,0.,0.));
#9485 = PLANE('',#9486);
#9486 = AXIS2_PLACEMENT_3D('',#9487,#9488,#9489);
#9487 = CARTESIAN_POINT('',(139.78,-96.77,1.04));
#9488 = DIRECTION('',(0.,1.,0.));
#9489 = DIRECTION('',(1.,0.,0.));
#9490 = ADVANCED_FACE('',(#9491),#9518,.T.);
#9491 = FACE_BOUND('',#9492,.T.);
#9492 = EDGE_LOOP('',(#9493,#9494,#9503,#9511));
#9493 = ORIENTED_EDGE('',*,*,#9472,.T.);
#9494 = ORIENTED_EDGE('',*,*,#9495,.T.);
#9495 = EDGE_CURVE('',#9465,#9496,#9498,.T.);
#9496 = VERTEX_POINT('',#9497);
#9497 = CARTESIAN_POINT('',(146.98,-97.57,1.115));
#9498 = CIRCLE('',#9499,0.800000114895);
#9499 = AXIS2_PLACEMENT_3D('',#9500,#9501,#9502);
#9500 = CARTESIAN_POINT('',(146.1799998851,-97.57000011489,1.115));
#9501 = DIRECTION('',(0.,0.,-1.));
#9502 = DIRECTION('',(1.436187140563E-07,1.,0.));
#9503 = ORIENTED_EDGE('',*,*,#9504,.F.);
#9504 = EDGE_CURVE('',#9505,#9496,#9507,.T.);
#9505 = VERTEX_POINT('',#9506);
#9506 = CARTESIAN_POINT('',(146.98,-97.57,1.04));
#9507 = LINE('',#9508,#9509);
#9508 = CARTESIAN_POINT('',(146.98,-97.57,1.04));
#9509 = VECTOR('',#9510,1.);
#9510 = DIRECTION('',(0.,0.,1.));
#9511 = ORIENTED_EDGE('',*,*,#9512,.F.);
#9512 = EDGE_CURVE('',#9473,#9505,#9513,.T.);
#9513 = CIRCLE('',#9514,0.800000114895);
#9514 = AXIS2_PLACEMENT_3D('',#9515,#9516,#9517);
#9515 = CARTESIAN_POINT('',(146.1799998851,-97.57000011489,1.04));
#9516 = DIRECTION('',(0.,0.,-1.));
#9517 = DIRECTION('',(1.436187140563E-07,1.,0.));
#9518 = CYLINDRICAL_SURFACE('',#9519,0.800000114895);
#9519 = AXIS2_PLACEMENT_3D('',#9520,#9521,#9522);
#9520 = CARTESIAN_POINT('',(146.1799998851,-97.57000011489,1.04));
#9521 = DIRECTION('',(0.,0.,-1.));
#9522 = DIRECTION('',(1.436187140563E-07,1.,0.));
#9523 = ADVANCED_FACE('',(#9524),#9549,.T.);
#9524 = FACE_BOUND('',#9525,.T.);
#9525 = EDGE_LOOP('',(#9526,#9527,#9535,#9543));
#9526 = ORIENTED_EDGE('',*,*,#9504,.T.);
#9527 = ORIENTED_EDGE('',*,*,#9528,.T.);
#9528 = EDGE_CURVE('',#9496,#9529,#9531,.T.);
#9529 = VERTEX_POINT('',#9530);
#9530 = CARTESIAN_POINT('',(146.98,-103.97,1.115));
#9531 = LINE('',#9532,#9533);
#9532 = CARTESIAN_POINT('',(146.98,-97.57,1.115));
#9533 = VECTOR('',#9534,1.);
#9534 = DIRECTION('',(0.,-1.,0.));
#9535 = ORIENTED_EDGE('',*,*,#9536,.F.);
#9536 = EDGE_CURVE('',#9537,#9529,#9539,.T.);
#9537 = VERTEX_POINT('',#9538);
#9538 = CARTESIAN_POINT('',(146.98,-103.97,1.04));
#9539 = LINE('',#9540,#9541);
#9540 = CARTESIAN_POINT('',(146.98,-103.97,1.04));
#9541 = VECTOR('',#9542,1.);
#9542 = DIRECTION('',(0.,0.,1.));
#9543 = ORIENTED_EDGE('',*,*,#9544,.F.);
#9544 = EDGE_CURVE('',#9505,#9537,#9545,.T.);
#9545 = LINE('',#9546,#9547);
#9546 = CARTESIAN_POINT('',(146.98,-97.57,1.04));
#9547 = VECTOR('',#9548,1.);
#9548 = DIRECTION('',(0.,-1.,0.));
#9549 = PLANE('',#9550);
#9550 = AXIS2_PLACEMENT_3D('',#9551,#9552,#9553);
#9551 = CARTESIAN_POINT('',(146.98,-97.57,1.04));
#9552 = DIRECTION('',(1.,0.,-0.));
#9553 = DIRECTION('',(0.,-1.,0.));
#9554 = ADVANCED_FACE('',(#9555),#9582,.T.);
#9555 = FACE_BOUND('',#9556,.T.);
#9556 = EDGE_LOOP('',(#9557,#9558,#9567,#9575));
#9557 = ORIENTED_EDGE('',*,*,#9536,.T.);
#9558 = ORIENTED_EDGE('',*,*,#9559,.T.);
#9559 = EDGE_CURVE('',#9529,#9560,#9562,.T.);
#9560 = VERTEX_POINT('',#9561);
#9561 = CARTESIAN_POINT('',(146.18,-104.77,1.115));
#9562 = CIRCLE('',#9563,0.800000114895);
#9563 = AXIS2_PLACEMENT_3D('',#9564,#9565,#9566);
#9564 = CARTESIAN_POINT('',(146.1799998851,-103.9699998851,1.115));
#9565 = DIRECTION('',(0.,0.,-1.));
#9566 = DIRECTION('',(1.,-1.436186962927E-07,0.));
#9567 = ORIENTED_EDGE('',*,*,#9568,.F.);
#9568 = EDGE_CURVE('',#9569,#9560,#9571,.T.);
#9569 = VERTEX_POINT('',#9570);
#9570 = CARTESIAN_POINT('',(146.18,-104.77,1.04));
#9571 = LINE('',#9572,#9573);
#9572 = CARTESIAN_POINT('',(146.18,-104.77,1.04));
#9573 = VECTOR('',#9574,1.);
#9574 = DIRECTION('',(0.,0.,1.));
#9575 = ORIENTED_EDGE('',*,*,#9576,.F.);
#9576 = EDGE_CURVE('',#9537,#9569,#9577,.T.);
#9577 = CIRCLE('',#9578,0.800000114895);
#9578 = AXIS2_PLACEMENT_3D('',#9579,#9580,#9581);
#9579 = CARTESIAN_POINT('',(146.1799998851,-103.9699998851,1.04));
#9580 = DIRECTION('',(0.,0.,-1.));
#9581 = DIRECTION('',(1.,-1.436186962927E-07,0.));
#9582 = CYLINDRICAL_SURFACE('',#9583,0.800000114895);
#9583 = AXIS2_PLACEMENT_3D('',#9584,#9585,#9586);
#9584 = CARTESIAN_POINT('',(146.1799998851,-103.9699998851,1.04));
#9585 = DIRECTION('',(0.,0.,-1.));
#9586 = DIRECTION('',(1.,-1.436186962927E-07,0.));
#9587 = ADVANCED_FACE('',(#9588),#9613,.T.);
#9588 = FACE_BOUND('',#9589,.T.);
#9589 = EDGE_LOOP('',(#9590,#9591,#9599,#9607));
#9590 = ORIENTED_EDGE('',*,*,#9568,.T.);
#9591 = ORIENTED_EDGE('',*,*,#9592,.T.);
#9592 = EDGE_CURVE('',#9560,#9593,#9595,.T.);
#9593 = VERTEX_POINT('',#9594);
#9594 = CARTESIAN_POINT('',(139.78,-104.77,1.115));
#9595 = LINE('',#9596,#9597);
#9596 = CARTESIAN_POINT('',(146.18,-104.77,1.115));
#9597 = VECTOR('',#9598,1.);
#9598 = DIRECTION('',(-1.,0.,0.));
#9599 = ORIENTED_EDGE('',*,*,#9600,.F.);
#9600 = EDGE_CURVE('',#9601,#9593,#9603,.T.);
#9601 = VERTEX_POINT('',#9602);
#9602 = CARTESIAN_POINT('',(139.78,-104.77,1.04));
#9603 = LINE('',#9604,#9605);
#9604 = CARTESIAN_POINT('',(139.78,-104.77,1.04));
#9605 = VECTOR('',#9606,1.);
#9606 = DIRECTION('',(0.,0.,1.));
#9607 = ORIENTED_EDGE('',*,*,#9608,.F.);
#9608 = EDGE_CURVE('',#9569,#9601,#9609,.T.);
#9609 = LINE('',#9610,#9611);
#9610 = CARTESIAN_POINT('',(146.18,-104.77,1.04));
#9611 = VECTOR('',#9612,1.);
#9612 = DIRECTION('',(-1.,0.,0.));
#9613 = PLANE('',#9614);
#9614 = AXIS2_PLACEMENT_3D('',#9615,#9616,#9617);
#9615 = CARTESIAN_POINT('',(146.18,-104.77,1.04));
#9616 = DIRECTION('',(0.,-1.,0.));
#9617 = DIRECTION('',(-1.,0.,0.));
#9618 = ADVANCED_FACE('',(#9619),#9646,.T.);
#9619 = FACE_BOUND('',#9620,.T.);
#9620 = EDGE_LOOP('',(#9621,#9622,#9631,#9639));
#9621 = ORIENTED_EDGE('',*,*,#9600,.T.);
#9622 = ORIENTED_EDGE('',*,*,#9623,.T.);
#9623 = EDGE_CURVE('',#9593,#9624,#9626,.T.);
#9624 = VERTEX_POINT('',#9625);
#9625 = CARTESIAN_POINT('',(138.98,-103.97,1.115));
#9626 = CIRCLE('',#9627,0.800000114895);
#9627 = AXIS2_PLACEMENT_3D('',#9628,#9629,#9630);
#9628 = CARTESIAN_POINT('',(139.78000011489,-103.9699998851,1.115));
#9629 = DIRECTION('',(0.,0.,-1.));
#9630 = DIRECTION('',(-1.43618643002E-07,-1.,-0.));
#9631 = ORIENTED_EDGE('',*,*,#9632,.F.);
#9632 = EDGE_CURVE('',#9633,#9624,#9635,.T.);
#9633 = VERTEX_POINT('',#9634);
#9634 = CARTESIAN_POINT('',(138.98,-103.97,1.04));
#9635 = LINE('',#9636,#9637);
#9636 = CARTESIAN_POINT('',(138.98,-103.97,1.04));
#9637 = VECTOR('',#9638,1.);
#9638 = DIRECTION('',(0.,0.,1.));
#9639 = ORIENTED_EDGE('',*,*,#9640,.F.);
#9640 = EDGE_CURVE('',#9601,#9633,#9641,.T.);
#9641 = CIRCLE('',#9642,0.800000114895);
#9642 = AXIS2_PLACEMENT_3D('',#9643,#9644,#9645);
#9643 = CARTESIAN_POINT('',(139.78000011489,-103.9699998851,1.04));
#9644 = DIRECTION('',(0.,0.,-1.));
#9645 = DIRECTION('',(-1.43618643002E-07,-1.,-0.));
#9646 = CYLINDRICAL_SURFACE('',#9647,0.800000114895);
#9647 = AXIS2_PLACEMENT_3D('',#9648,#9649,#9650);
#9648 = CARTESIAN_POINT('',(139.78000011489,-103.9699998851,1.04));
#9649 = DIRECTION('',(0.,0.,-1.));
#9650 = DIRECTION('',(-1.43618643002E-07,-1.,-0.));
#9651 = ADVANCED_FACE('',(#9652),#9668,.T.);
#9652 = FACE_BOUND('',#9653,.T.);
#9653 = EDGE_LOOP('',(#9654,#9655,#9661,#9662));
#9654 = ORIENTED_EDGE('',*,*,#9632,.T.);
#9655 = ORIENTED_EDGE('',*,*,#9656,.T.);
#9656 = EDGE_CURVE('',#9624,#9424,#9657,.T.);
#9657 = LINE('',#9658,#9659);
#9658 = CARTESIAN_POINT('',(138.98,-103.97,1.115));
#9659 = VECTOR('',#9660,1.);
#9660 = DIRECTION('',(0.,1.,0.));
#9661 = ORIENTED_EDGE('',*,*,#9421,.F.);
#9662 = ORIENTED_EDGE('',*,*,#9663,.F.);
#9663 = EDGE_CURVE('',#9633,#9422,#9664,.T.);
#9664 = LINE('',#9665,#9666);
#9665 = CARTESIAN_POINT('',(138.98,-103.97,1.04));
#9666 = VECTOR('',#9667,1.);
#9667 = DIRECTION('',(0.,1.,0.));
#9668 = PLANE('',#9669);
#9669 = AXIS2_PLACEMENT_3D('',#9670,#9671,#9672);
#9670 = CARTESIAN_POINT('',(138.98,-103.97,1.04));
#9671 = DIRECTION('',(-1.,0.,0.));
#9672 = DIRECTION('',(0.,1.,0.));
#9673 = ADVANCED_FACE('',(#9674),#9684,.F.);
#9674 = FACE_BOUND('',#9675,.T.);
#9675 = EDGE_LOOP('',(#9676,#9677,#9678,#9679,#9680,#9681,#9682,#9683));
#9676 = ORIENTED_EDGE('',*,*,#9448,.T.);
#9677 = ORIENTED_EDGE('',*,*,#9480,.T.);
#9678 = ORIENTED_EDGE('',*,*,#9512,.T.);
#9679 = ORIENTED_EDGE('',*,*,#9544,.T.);
#9680 = ORIENTED_EDGE('',*,*,#9576,.T.);
#9681 = ORIENTED_EDGE('',*,*,#9608,.T.);
#9682 = ORIENTED_EDGE('',*,*,#9640,.T.);
#9683 = ORIENTED_EDGE('',*,*,#9663,.T.);
#9684 = PLANE('',#9685);
#9685 = AXIS2_PLACEMENT_3D('',#9686,#9687,#9688);
#9686 = CARTESIAN_POINT('',(0.,0.,1.04));
#9687 = DIRECTION('',(0.,0.,1.));
#9688 = DIRECTION('',(1.,0.,-0.));
#9689 = ADVANCED_FACE('',(#9690),#9700,.T.);
#9690 = FACE_BOUND('',#9691,.F.);
#9691 = EDGE_LOOP('',(#9692,#9693,#9694,#9695,#9696,#9697,#9698,#9699));
#9692 = ORIENTED_EDGE('',*,*,#9431,.T.);
#9693 = ORIENTED_EDGE('',*,*,#9464,.T.);
#9694 = ORIENTED_EDGE('',*,*,#9495,.T.);
#9695 = ORIENTED_EDGE('',*,*,#9528,.T.);
#9696 = ORIENTED_EDGE('',*,*,#9559,.T.);
#9697 = ORIENTED_EDGE('',*,*,#9592,.T.);
#9698 = ORIENTED_EDGE('',*,*,#9623,.T.);
#9699 = ORIENTED_EDGE('',*,*,#9656,.T.);
#9700 = PLANE('',#9701);
#9701 = AXIS2_PLACEMENT_3D('',#9702,#9703,#9704);
#9702 = CARTESIAN_POINT('',(0.,0.,1.115));
#9703 = DIRECTION('',(0.,0.,1.));
#9704 = DIRECTION('',(1.,0.,-0.));
#9705 = MANIFOLD_SOLID_BREP('',#9706);
#9706 = CLOSED_SHELL('',(#9707,#9740,#9760,#9780));
#9707 = ADVANCED_FACE('',(#9708),#9735,.T.);
#9708 = FACE_BOUND('',#9709,.F.);
#9709 = EDGE_LOOP('',(#9710,#9720,#9727,#9728));
#9710 = ORIENTED_EDGE('',*,*,#9711,.T.);
#9711 = EDGE_CURVE('',#9712,#9714,#9716,.T.);
#9712 = VERTEX_POINT('',#9713);
#9713 = CARTESIAN_POINT('',(112.626011,-84.75,1.04));
#9714 = VERTEX_POINT('',#9715);
#9715 = CARTESIAN_POINT('',(112.626011,-84.75,1.115));
#9716 = LINE('',#9717,#9718);
#9717 = CARTESIAN_POINT('',(112.626011,-84.75,1.04));
#9718 = VECTOR('',#9719,1.);
#9719 = DIRECTION('',(0.,0.,1.));
#9720 = ORIENTED_EDGE('',*,*,#9721,.T.);
#9721 = EDGE_CURVE('',#9714,#9714,#9722,.T.);
#9722 = CIRCLE('',#9723,1.349999);
#9723 = AXIS2_PLACEMENT_3D('',#9724,#9725,#9726);
#9724 = CARTESIAN_POINT('',(111.276012,-84.75,1.115));
#9725 = DIRECTION('',(0.,0.,1.));
#9726 = DIRECTION('',(1.,0.,-0.));
#9727 = ORIENTED_EDGE('',*,*,#9711,.F.);
#9728 = ORIENTED_EDGE('',*,*,#9729,.F.);
#9729 = EDGE_CURVE('',#9712,#9712,#9730,.T.);
#9730 = CIRCLE('',#9731,1.349999);
#9731 = AXIS2_PLACEMENT_3D('',#9732,#9733,#9734);
#9732 = CARTESIAN_POINT('',(111.276012,-84.75,1.04));
#9733 = DIRECTION('',(0.,0.,1.));
#9734 = DIRECTION('',(1.,0.,-0.));
#9735 = CYLINDRICAL_SURFACE('',#9736,1.349999);
#9736 = AXIS2_PLACEMENT_3D('',#9737,#9738,#9739);
#9737 = CARTESIAN_POINT('',(111.276012,-84.75,1.04));
#9738 = DIRECTION('',(-0.,-0.,-1.));
#9739 = DIRECTION('',(1.,0.,-0.));
#9740 = ADVANCED_FACE('',(#9741,#9744),#9755,.F.);
#9741 = FACE_BOUND('',#9742,.F.);
#9742 = EDGE_LOOP('',(#9743));
#9743 = ORIENTED_EDGE('',*,*,#9729,.T.);
#9744 = FACE_BOUND('',#9745,.F.);
#9745 = EDGE_LOOP('',(#9746));
#9746 = ORIENTED_EDGE('',*,*,#9747,.T.);
#9747 = EDGE_CURVE('',#9748,#9748,#9750,.T.);
#9748 = VERTEX_POINT('',#9749);
#9749 = CARTESIAN_POINT('',(111.276012,-85.575,1.04));
#9750 = CIRCLE('',#9751,0.825);
#9751 = AXIS2_PLACEMENT_3D('',#9752,#9753,#9754);
#9752 = CARTESIAN_POINT('',(111.276012,-84.75,1.04));
#9753 = DIRECTION('',(-0.,0.,-1.));
#9754 = DIRECTION('',(-1.722527844267E-14,-1.,0.));
#9755 = PLANE('',#9756);
#9756 = AXIS2_PLACEMENT_3D('',#9757,#9758,#9759);
#9757 = CARTESIAN_POINT('',(0.,0.,1.04));
#9758 = DIRECTION('',(0.,0.,1.));
#9759 = DIRECTION('',(1.,0.,-0.));
#9760 = ADVANCED_FACE('',(#9761,#9764),#9775,.T.);
#9761 = FACE_BOUND('',#9762,.T.);
#9762 = EDGE_LOOP('',(#9763));
#9763 = ORIENTED_EDGE('',*,*,#9721,.T.);
#9764 = FACE_BOUND('',#9765,.T.);
#9765 = EDGE_LOOP('',(#9766));
#9766 = ORIENTED_EDGE('',*,*,#9767,.T.);
#9767 = EDGE_CURVE('',#9768,#9768,#9770,.T.);
#9768 = VERTEX_POINT('',#9769);
#9769 = CARTESIAN_POINT('',(111.276012,-85.575,1.115));
#9770 = CIRCLE('',#9771,0.825);
#9771 = AXIS2_PLACEMENT_3D('',#9772,#9773,#9774);
#9772 = CARTESIAN_POINT('',(111.276012,-84.75,1.115));
#9773 = DIRECTION('',(-0.,0.,-1.));
#9774 = DIRECTION('',(-1.722527844267E-14,-1.,0.));
#9775 = PLANE('',#9776);
#9776 = AXIS2_PLACEMENT_3D('',#9777,#9778,#9779);
#9777 = CARTESIAN_POINT('',(0.,0.,1.115));
#9778 = DIRECTION('',(0.,0.,1.));
#9779 = DIRECTION('',(1.,0.,-0.));
#9780 = ADVANCED_FACE('',(#9781),#9792,.F.);
#9781 = FACE_BOUND('',#9782,.T.);
#9782 = EDGE_LOOP('',(#9783,#9784,#9790,#9791));
#9783 = ORIENTED_EDGE('',*,*,#9747,.T.);
#9784 = ORIENTED_EDGE('',*,*,#9785,.T.);
#9785 = EDGE_CURVE('',#9748,#9768,#9786,.T.);
#9786 = LINE('',#9787,#9788);
#9787 = CARTESIAN_POINT('',(111.276012,-85.575,-8.1E-02));
#9788 = VECTOR('',#9789,1.);
#9789 = DIRECTION('',(0.,0.,1.));
#9790 = ORIENTED_EDGE('',*,*,#9767,.F.);
#9791 = ORIENTED_EDGE('',*,*,#9785,.F.);
#9792 = CYLINDRICAL_SURFACE('',#9793,0.825);
#9793 = AXIS2_PLACEMENT_3D('',#9794,#9795,#9796);
#9794 = CARTESIAN_POINT('',(111.276012,-84.75,-8.1E-02));
#9795 = DIRECTION('',(-0.,-0.,-1.));
#9796 = DIRECTION('',(-1.722527844267E-14,-1.,0.));
#9797 = MANIFOLD_SOLID_BREP('',#9798);
#9798 = CLOSED_SHELL('',(#9799,#9832,#9852,#9872));
#9799 = ADVANCED_FACE('',(#9800),#9827,.T.);
#9800 = FACE_BOUND('',#9801,.T.);
#9801 = EDGE_LOOP('',(#9802,#9812,#9819,#9820));
#9802 = ORIENTED_EDGE('',*,*,#9803,.T.);
#9803 = EDGE_CURVE('',#9804,#9806,#9808,.T.);
#9804 = VERTEX_POINT('',#9805);
#9805 = CARTESIAN_POINT('',(112.626011,-84.75,0.));
#9806 = VERTEX_POINT('',#9807);
#9807 = CARTESIAN_POINT('',(112.626011,-84.75,-7.5E-02));
#9808 = LINE('',#9809,#9810);
#9809 = CARTESIAN_POINT('',(112.626011,-84.75,0.));
#9810 = VECTOR('',#9811,1.);
#9811 = DIRECTION('',(0.,0.,-1.));
#9812 = ORIENTED_EDGE('',*,*,#9813,.T.);
#9813 = EDGE_CURVE('',#9806,#9806,#9814,.T.);
#9814 = CIRCLE('',#9815,1.349999);
#9815 = AXIS2_PLACEMENT_3D('',#9816,#9817,#9818);
#9816 = CARTESIAN_POINT('',(111.276012,-84.75,-7.5E-02));
#9817 = DIRECTION('',(0.,0.,1.));
#9818 = DIRECTION('',(1.,0.,-0.));
#9819 = ORIENTED_EDGE('',*,*,#9803,.F.);
#9820 = ORIENTED_EDGE('',*,*,#9821,.F.);
#9821 = EDGE_CURVE('',#9804,#9804,#9822,.T.);
#9822 = CIRCLE('',#9823,1.349999);
#9823 = AXIS2_PLACEMENT_3D('',#9824,#9825,#9826);
#9824 = CARTESIAN_POINT('',(111.276012,-84.75,0.));
#9825 = DIRECTION('',(0.,0.,1.));
#9826 = DIRECTION('',(1.,0.,-0.));
#9827 = CYLINDRICAL_SURFACE('',#9828,1.349999);
#9828 = AXIS2_PLACEMENT_3D('',#9829,#9830,#9831);
#9829 = CARTESIAN_POINT('',(111.276012,-84.75,0.));
#9830 = DIRECTION('',(0.,0.,1.));
#9831 = DIRECTION('',(1.,0.,-0.));
#9832 = ADVANCED_FACE('',(#9833,#9836),#9847,.F.);
#9833 = FACE_BOUND('',#9834,.F.);
#9834 = EDGE_LOOP('',(#9835));
#9835 = ORIENTED_EDGE('',*,*,#9821,.F.);
#9836 = FACE_BOUND('',#9837,.F.);
#9837 = EDGE_LOOP('',(#9838));
#9838 = ORIENTED_EDGE('',*,*,#9839,.F.);
#9839 = EDGE_CURVE('',#9840,#9840,#9842,.T.);
#9840 = VERTEX_POINT('',#9841);
#9841 = CARTESIAN_POINT('',(111.276012,-85.575,0.));
#9842 = CIRCLE('',#9843,0.825);
#9843 = AXIS2_PLACEMENT_3D('',#9844,#9845,#9846);
#9844 = CARTESIAN_POINT('',(111.276012,-84.75,0.));
#9845 = DIRECTION('',(-0.,0.,-1.));
#9846 = DIRECTION('',(-1.722527844267E-14,-1.,0.));
#9847 = PLANE('',#9848);
#9848 = AXIS2_PLACEMENT_3D('',#9849,#9850,#9851);
#9849 = CARTESIAN_POINT('',(0.,0.,0.));
#9850 = DIRECTION('',(-0.,-0.,-1.));
#9851 = DIRECTION('',(-1.,0.,0.));
#9852 = ADVANCED_FACE('',(#9853,#9856),#9867,.T.);
#9853 = FACE_BOUND('',#9854,.T.);
#9854 = EDGE_LOOP('',(#9855));
#9855 = ORIENTED_EDGE('',*,*,#9813,.F.);
#9856 = FACE_BOUND('',#9857,.T.);
#9857 = EDGE_LOOP('',(#9858));
#9858 = ORIENTED_EDGE('',*,*,#9859,.F.);
#9859 = EDGE_CURVE('',#9860,#9860,#9862,.T.);
#9860 = VERTEX_POINT('',#9861);
#9861 = CARTESIAN_POINT('',(111.276012,-85.575,-7.5E-02));
#9862 = CIRCLE('',#9863,0.825);
#9863 = AXIS2_PLACEMENT_3D('',#9864,#9865,#9866);
#9864 = CARTESIAN_POINT('',(111.276012,-84.75,-7.5E-02));
#9865 = DIRECTION('',(-0.,0.,-1.));
#9866 = DIRECTION('',(-1.722527844267E-14,-1.,0.));
#9867 = PLANE('',#9868);
#9868 = AXIS2_PLACEMENT_3D('',#9869,#9870,#9871);
#9869 = CARTESIAN_POINT('',(0.,0.,-7.5E-02));
#9870 = DIRECTION('',(-0.,-0.,-1.));
#9871 = DIRECTION('',(-1.,0.,0.));
#9872 = ADVANCED_FACE('',(#9873),#9884,.F.);
#9873 = FACE_BOUND('',#9874,.T.);
#9874 = EDGE_LOOP('',(#9875,#9876,#9882,#9883));
#9875 = ORIENTED_EDGE('',*,*,#9859,.T.);
#9876 = ORIENTED_EDGE('',*,*,#9877,.T.);
#9877 = EDGE_CURVE('',#9860,#9840,#9878,.T.);
#9878 = LINE('',#9879,#9880);
#9879 = CARTESIAN_POINT('',(111.276012,-85.575,-8.1E-02));
#9880 = VECTOR('',#9881,1.);
#9881 = DIRECTION('',(0.,0.,1.));
#9882 = ORIENTED_EDGE('',*,*,#9839,.F.);
#9883 = ORIENTED_EDGE('',*,*,#9877,.F.);
#9884 = CYLINDRICAL_SURFACE('',#9885,0.825);
#9885 = AXIS2_PLACEMENT_3D('',#9886,#9887,#9888);
#9886 = CARTESIAN_POINT('',(111.276012,-84.75,-8.1E-02));
#9887 = DIRECTION('',(-0.,-0.,-1.));
#9888 = DIRECTION('',(-1.722527844267E-14,-1.,0.));
#9889 = MANIFOLD_SOLID_BREP('',#9890);
#9890 = CLOSED_SHELL('',(#9891,#9924,#9944,#9964));
#9891 = ADVANCED_FACE('',(#9892),#9919,.T.);
#9892 = FACE_BOUND('',#9893,.F.);
#9893 = EDGE_LOOP('',(#9894,#9904,#9911,#9912));
#9894 = ORIENTED_EDGE('',*,*,#9895,.T.);
#9895 = EDGE_CURVE('',#9896,#9898,#9900,.T.);
#9896 = VERTEX_POINT('',#9897);
#9897 = CARTESIAN_POINT('',(111.276012,-85.6,-7.5E-02));
#9898 = VERTEX_POINT('',#9899);
#9899 = CARTESIAN_POINT('',(111.276012,-85.6,1.115));
#9900 = LINE('',#9901,#9902);
#9901 = CARTESIAN_POINT('',(111.276012,-85.6,-7.5E-02));
#9902 = VECTOR('',#9903,1.);
#9903 = DIRECTION('',(0.,0.,1.));
#9904 = ORIENTED_EDGE('',*,*,#9905,.T.);
#9905 = EDGE_CURVE('',#9898,#9898,#9906,.T.);
#9906 = CIRCLE('',#9907,0.85);
#9907 = AXIS2_PLACEMENT_3D('',#9908,#9909,#9910);
#9908 = CARTESIAN_POINT('',(111.276012,-84.75,1.115));
#9909 = DIRECTION('',(0.,0.,1.));
#9910 = DIRECTION('',(-1.671865260612E-14,-1.,0.));
#9911 = ORIENTED_EDGE('',*,*,#9895,.F.);
#9912 = ORIENTED_EDGE('',*,*,#9913,.F.);
#9913 = EDGE_CURVE('',#9896,#9896,#9914,.T.);
#9914 = CIRCLE('',#9915,0.85);
#9915 = AXIS2_PLACEMENT_3D('',#9916,#9917,#9918);
#9916 = CARTESIAN_POINT('',(111.276012,-84.75,-7.5E-02));
#9917 = DIRECTION('',(0.,0.,1.));
#9918 = DIRECTION('',(-1.671865260612E-14,-1.,0.));
#9919 = CYLINDRICAL_SURFACE('',#9920,0.85);
#9920 = AXIS2_PLACEMENT_3D('',#9921,#9922,#9923);
#9921 = CARTESIAN_POINT('',(111.276012,-84.75,-7.5E-02));
#9922 = DIRECTION('',(-0.,-0.,-1.));
#9923 = DIRECTION('',(-1.671865260612E-14,-1.,0.));
#9924 = ADVANCED_FACE('',(#9925,#9928),#9939,.F.);
#9925 = FACE_BOUND('',#9926,.F.);
#9926 = EDGE_LOOP('',(#9927));
#9927 = ORIENTED_EDGE('',*,*,#9913,.T.);
#9928 = FACE_BOUND('',#9929,.F.);
#9929 = EDGE_LOOP('',(#9930));
#9930 = ORIENTED_EDGE('',*,*,#9931,.T.);
#9931 = EDGE_CURVE('',#9932,#9932,#9934,.T.);
#9932 = VERTEX_POINT('',#9933);
#9933 = CARTESIAN_POINT('',(111.276012,-85.575,-7.5E-02));
#9934 = CIRCLE('',#9935,0.825);
#9935 = AXIS2_PLACEMENT_3D('',#9936,#9937,#9938);
#9936 = CARTESIAN_POINT('',(111.276012,-84.75,-7.5E-02));
#9937 = DIRECTION('',(-0.,0.,-1.));
#9938 = DIRECTION('',(-1.722527844267E-14,-1.,0.));
#9939 = PLANE('',#9940);
#9940 = AXIS2_PLACEMENT_3D('',#9941,#9942,#9943);
#9941 = CARTESIAN_POINT('',(111.276012,-85.6,-7.5E-02));
#9942 = DIRECTION('',(0.,0.,1.));
#9943 = DIRECTION('',(1.,0.,-0.));
#9944 = ADVANCED_FACE('',(#9945,#9948),#9959,.T.);
#9945 = FACE_BOUND('',#9946,.T.);
#9946 = EDGE_LOOP('',(#9947));
#9947 = ORIENTED_EDGE('',*,*,#9905,.T.);
#9948 = FACE_BOUND('',#9949,.T.);
#9949 = EDGE_LOOP('',(#9950));
#9950 = ORIENTED_EDGE('',*,*,#9951,.T.);
#9951 = EDGE_CURVE('',#9952,#9952,#9954,.T.);
#9952 = VERTEX_POINT('',#9953);
#9953 = CARTESIAN_POINT('',(111.276012,-85.575,1.115));
#9954 = CIRCLE('',#9955,0.825);
#9955 = AXIS2_PLACEMENT_3D('',#9956,#9957,#9958);
#9956 = CARTESIAN_POINT('',(111.276012,-84.75,1.115));
#9957 = DIRECTION('',(-0.,0.,-1.));
#9958 = DIRECTION('',(-1.722527844267E-14,-1.,0.));
#9959 = PLANE('',#9960);
#9960 = AXIS2_PLACEMENT_3D('',#9961,#9962,#9963);
#9961 = CARTESIAN_POINT('',(111.276012,-85.6,1.115));
#9962 = DIRECTION('',(0.,0.,1.));
#9963 = DIRECTION('',(1.,0.,-0.));
#9964 = ADVANCED_FACE('',(#9965),#9976,.F.);
#9965 = FACE_BOUND('',#9966,.T.);
#9966 = EDGE_LOOP('',(#9967,#9968,#9974,#9975));
#9967 = ORIENTED_EDGE('',*,*,#9931,.T.);
#9968 = ORIENTED_EDGE('',*,*,#9969,.T.);
#9969 = EDGE_CURVE('',#9932,#9952,#9970,.T.);
#9970 = LINE('',#9971,#9972);
#9971 = CARTESIAN_POINT('',(111.276012,-85.575,-8.1E-02));
#9972 = VECTOR('',#9973,1.);
#9973 = DIRECTION('',(0.,0.,1.));
#9974 = ORIENTED_EDGE('',*,*,#9951,.F.);
#9975 = ORIENTED_EDGE('',*,*,#9969,.F.);
#9976 = CYLINDRICAL_SURFACE('',#9977,0.825);
#9977 = AXIS2_PLACEMENT_3D('',#9978,#9979,#9980);
#9978 = CARTESIAN_POINT('',(111.276012,-84.75,-8.1E-02));
#9979 = DIRECTION('',(-0.,-0.,-1.));
#9980 = DIRECTION('',(-1.722527844267E-14,-1.,0.));
#9981 = MANIFOLD_SOLID_BREP('',#9982);
#9982 = CLOSED_SHELL('',(#9983,#10016,#10036,#10056));
#9983 = ADVANCED_FACE('',(#9984),#10011,.T.);
#9984 = FACE_BOUND('',#9985,.F.);
#9985 = EDGE_LOOP('',(#9986,#9996,#10003,#10004));
#9986 = ORIENTED_EDGE('',*,*,#9987,.T.);
#9987 = EDGE_CURVE('',#9988,#9990,#9992,.T.);
#9988 = VERTEX_POINT('',#9989);
#9989 = CARTESIAN_POINT('',(93.83698,-84.75,1.04));
#9990 = VERTEX_POINT('',#9991);
#9991 = CARTESIAN_POINT('',(93.83698,-84.75,1.115));
#9992 = LINE('',#9993,#9994);
#9993 = CARTESIAN_POINT('',(93.83698,-84.75,1.04));
#9994 = VECTOR('',#9995,1.);
#9995 = DIRECTION('',(0.,0.,1.));
#9996 = ORIENTED_EDGE('',*,*,#9997,.T.);
#9997 = EDGE_CURVE('',#9990,#9990,#9998,.T.);
#9998 = CIRCLE('',#9999,1.349999);
#9999 = AXIS2_PLACEMENT_3D('',#10000,#10001,#10002);
#10000 = CARTESIAN_POINT('',(92.486981,-84.75,1.115));
#10001 = DIRECTION('',(0.,0.,1.));
#10002 = DIRECTION('',(1.,0.,-0.));
#10003 = ORIENTED_EDGE('',*,*,#9987,.F.);
#10004 = ORIENTED_EDGE('',*,*,#10005,.F.);
#10005 = EDGE_CURVE('',#9988,#9988,#10006,.T.);
#10006 = CIRCLE('',#10007,1.349999);
#10007 = AXIS2_PLACEMENT_3D('',#10008,#10009,#10010);
#10008 = CARTESIAN_POINT('',(92.486981,-84.75,1.04));
#10009 = DIRECTION('',(0.,0.,1.));
#10010 = DIRECTION('',(1.,0.,-0.));
#10011 = CYLINDRICAL_SURFACE('',#10012,1.349999);
#10012 = AXIS2_PLACEMENT_3D('',#10013,#10014,#10015);
#10013 = CARTESIAN_POINT('',(92.486981,-84.75,1.04));
#10014 = DIRECTION('',(-0.,-0.,-1.));
#10015 = DIRECTION('',(1.,0.,-0.));
#10016 = ADVANCED_FACE('',(#10017,#10020),#10031,.F.);
#10017 = FACE_BOUND('',#10018,.F.);
#10018 = EDGE_LOOP('',(#10019));
#10019 = ORIENTED_EDGE('',*,*,#10005,.T.);
#10020 = FACE_BOUND('',#10021,.F.);
#10021 = EDGE_LOOP('',(#10022));
#10022 = ORIENTED_EDGE('',*,*,#10023,.T.);
#10023 = EDGE_CURVE('',#10024,#10024,#10026,.T.);
#10024 = VERTEX_POINT('',#10025);
#10025 = CARTESIAN_POINT('',(92.486981,-85.575,1.04));
#10026 = CIRCLE('',#10027,0.825);
#10027 = AXIS2_PLACEMENT_3D('',#10028,#10029,#10030);
#10028 = CARTESIAN_POINT('',(92.486981,-84.75,1.04));
#10029 = DIRECTION('',(-0.,0.,-1.));
#10030 = DIRECTION('',(-0.,-1.,0.));
#10031 = PLANE('',#10032);
#10032 = AXIS2_PLACEMENT_3D('',#10033,#10034,#10035);
#10033 = CARTESIAN_POINT('',(0.,0.,1.04));
#10034 = DIRECTION('',(0.,0.,1.));
#10035 = DIRECTION('',(1.,0.,-0.));
#10036 = ADVANCED_FACE('',(#10037,#10040),#10051,.T.);
#10037 = FACE_BOUND('',#10038,.T.);
#10038 = EDGE_LOOP('',(#10039));
#10039 = ORIENTED_EDGE('',*,*,#9997,.T.);
#10040 = FACE_BOUND('',#10041,.T.);
#10041 = EDGE_LOOP('',(#10042));
#10042 = ORIENTED_EDGE('',*,*,#10043,.T.);
#10043 = EDGE_CURVE('',#10044,#10044,#10046,.T.);
#10044 = VERTEX_POINT('',#10045);
#10045 = CARTESIAN_POINT('',(92.486981,-85.575,1.115));
#10046 = CIRCLE('',#10047,0.825);
#10047 = AXIS2_PLACEMENT_3D('',#10048,#10049,#10050);
#10048 = CARTESIAN_POINT('',(92.486981,-84.75,1.115));
#10049 = DIRECTION('',(-0.,0.,-1.));
#10050 = DIRECTION('',(-0.,-1.,0.));
#10051 = PLANE('',#10052);
#10052 = AXIS2_PLACEMENT_3D('',#10053,#10054,#10055);
#10053 = CARTESIAN_POINT('',(0.,0.,1.115));
#10054 = DIRECTION('',(0.,0.,1.));
#10055 = DIRECTION('',(1.,0.,-0.));
#10056 = ADVANCED_FACE('',(#10057),#10068,.F.);
#10057 = FACE_BOUND('',#10058,.T.);
#10058 = EDGE_LOOP('',(#10059,#10060,#10066,#10067));
#10059 = ORIENTED_EDGE('',*,*,#10023,.T.);
#10060 = ORIENTED_EDGE('',*,*,#10061,.T.);
#10061 = EDGE_CURVE('',#10024,#10044,#10062,.T.);
#10062 = LINE('',#10063,#10064);
#10063 = CARTESIAN_POINT('',(92.486981,-85.575,-8.1E-02));
#10064 = VECTOR('',#10065,1.);
#10065 = DIRECTION('',(0.,0.,1.));
#10066 = ORIENTED_EDGE('',*,*,#10043,.F.);
#10067 = ORIENTED_EDGE('',*,*,#10061,.F.);
#10068 = CYLINDRICAL_SURFACE('',#10069,0.825);
#10069 = AXIS2_PLACEMENT_3D('',#10070,#10071,#10072);
#10070 = CARTESIAN_POINT('',(92.486981,-84.75,-8.1E-02));
#10071 = DIRECTION('',(-0.,-0.,-1.));
#10072 = DIRECTION('',(-0.,-1.,0.));
#10073 = MANIFOLD_SOLID_BREP('',#10074);
#10074 = CLOSED_SHELL('',(#10075,#10108,#10128,#10148));
#10075 = ADVANCED_FACE('',(#10076),#10103,.T.);
#10076 = FACE_BOUND('',#10077,.T.);
#10077 = EDGE_LOOP('',(#10078,#10088,#10095,#10096));
#10078 = ORIENTED_EDGE('',*,*,#10079,.T.);
#10079 = EDGE_CURVE('',#10080,#10082,#10084,.T.);
#10080 = VERTEX_POINT('',#10081);
#10081 = CARTESIAN_POINT('',(93.83698,-84.75,0.));
#10082 = VERTEX_POINT('',#10083);
#10083 = CARTESIAN_POINT('',(93.83698,-84.75,-7.5E-02));
#10084 = LINE('',#10085,#10086);
#10085 = CARTESIAN_POINT('',(93.83698,-84.75,0.));
#10086 = VECTOR('',#10087,1.);
#10087 = DIRECTION('',(0.,0.,-1.));
#10088 = ORIENTED_EDGE('',*,*,#10089,.T.);
#10089 = EDGE_CURVE('',#10082,#10082,#10090,.T.);
#10090 = CIRCLE('',#10091,1.349999);
#10091 = AXIS2_PLACEMENT_3D('',#10092,#10093,#10094);
#10092 = CARTESIAN_POINT('',(92.486981,-84.75,-7.5E-02));
#10093 = DIRECTION('',(0.,0.,1.));
#10094 = DIRECTION('',(1.,0.,-0.));
#10095 = ORIENTED_EDGE('',*,*,#10079,.F.);
#10096 = ORIENTED_EDGE('',*,*,#10097,.F.);
#10097 = EDGE_CURVE('',#10080,#10080,#10098,.T.);
#10098 = CIRCLE('',#10099,1.349999);
#10099 = AXIS2_PLACEMENT_3D('',#10100,#10101,#10102);
#10100 = CARTESIAN_POINT('',(92.486981,-84.75,0.));
#10101 = DIRECTION('',(0.,0.,1.));
#10102 = DIRECTION('',(1.,0.,-0.));
#10103 = CYLINDRICAL_SURFACE('',#10104,1.349999);
#10104 = AXIS2_PLACEMENT_3D('',#10105,#10106,#10107);
#10105 = CARTESIAN_POINT('',(92.486981,-84.75,0.));
#10106 = DIRECTION('',(0.,0.,1.));
#10107 = DIRECTION('',(1.,0.,-0.));
#10108 = ADVANCED_FACE('',(#10109,#10112),#10123,.F.);
#10109 = FACE_BOUND('',#10110,.F.);
#10110 = EDGE_LOOP('',(#10111));
#10111 = ORIENTED_EDGE('',*,*,#10097,.F.);
#10112 = FACE_BOUND('',#10113,.F.);
#10113 = EDGE_LOOP('',(#10114));
#10114 = ORIENTED_EDGE('',*,*,#10115,.F.);
#10115 = EDGE_CURVE('',#10116,#10116,#10118,.T.);
#10116 = VERTEX_POINT('',#10117);
#10117 = CARTESIAN_POINT('',(92.486981,-85.575,0.));
#10118 = CIRCLE('',#10119,0.825);
#10119 = AXIS2_PLACEMENT_3D('',#10120,#10121,#10122);
#10120 = CARTESIAN_POINT('',(92.486981,-84.75,0.));
#10121 = DIRECTION('',(-0.,0.,-1.));
#10122 = DIRECTION('',(-0.,-1.,0.));
#10123 = PLANE('',#10124);
#10124 = AXIS2_PLACEMENT_3D('',#10125,#10126,#10127);
#10125 = CARTESIAN_POINT('',(0.,0.,0.));
#10126 = DIRECTION('',(-0.,-0.,-1.));
#10127 = DIRECTION('',(-1.,0.,0.));
#10128 = ADVANCED_FACE('',(#10129,#10132),#10143,.T.);
#10129 = FACE_BOUND('',#10130,.T.);
#10130 = EDGE_LOOP('',(#10131));
#10131 = ORIENTED_EDGE('',*,*,#10089,.F.);
#10132 = FACE_BOUND('',#10133,.T.);
#10133 = EDGE_LOOP('',(#10134));
#10134 = ORIENTED_EDGE('',*,*,#10135,.F.);
#10135 = EDGE_CURVE('',#10136,#10136,#10138,.T.);
#10136 = VERTEX_POINT('',#10137);
#10137 = CARTESIAN_POINT('',(92.486981,-85.575,-7.5E-02));
#10138 = CIRCLE('',#10139,0.825);
#10139 = AXIS2_PLACEMENT_3D('',#10140,#10141,#10142);
#10140 = CARTESIAN_POINT('',(92.486981,-84.75,-7.5E-02));
#10141 = DIRECTION('',(-0.,0.,-1.));
#10142 = DIRECTION('',(-0.,-1.,0.));
#10143 = PLANE('',#10144);
#10144 = AXIS2_PLACEMENT_3D('',#10145,#10146,#10147);
#10145 = CARTESIAN_POINT('',(0.,0.,-7.5E-02));
#10146 = DIRECTION('',(-0.,-0.,-1.));
#10147 = DIRECTION('',(-1.,0.,0.));
#10148 = ADVANCED_FACE('',(#10149),#10160,.F.);
#10149 = FACE_BOUND('',#10150,.T.);
#10150 = EDGE_LOOP('',(#10151,#10152,#10158,#10159));
#10151 = ORIENTED_EDGE('',*,*,#10135,.T.);
#10152 = ORIENTED_EDGE('',*,*,#10153,.T.);
#10153 = EDGE_CURVE('',#10136,#10116,#10154,.T.);
#10154 = LINE('',#10155,#10156);
#10155 = CARTESIAN_POINT('',(92.486981,-85.575,-8.1E-02));
#10156 = VECTOR('',#10157,1.);
#10157 = DIRECTION('',(0.,0.,1.));
#10158 = ORIENTED_EDGE('',*,*,#10115,.F.);
#10159 = ORIENTED_EDGE('',*,*,#10153,.F.);
#10160 = CYLINDRICAL_SURFACE('',#10161,0.825);
#10161 = AXIS2_PLACEMENT_3D('',#10162,#10163,#10164);
#10162 = CARTESIAN_POINT('',(92.486981,-84.75,-8.1E-02));
#10163 = DIRECTION('',(-0.,-0.,-1.));
#10164 = DIRECTION('',(-0.,-1.,0.));
#10165 = MANIFOLD_SOLID_BREP('',#10166);
#10166 = CLOSED_SHELL('',(#10167,#10200,#10220,#10240));
#10167 = ADVANCED_FACE('',(#10168),#10195,.T.);
#10168 = FACE_BOUND('',#10169,.F.);
#10169 = EDGE_LOOP('',(#10170,#10180,#10187,#10188));
#10170 = ORIENTED_EDGE('',*,*,#10171,.T.);
#10171 = EDGE_CURVE('',#10172,#10174,#10176,.T.);
#10172 = VERTEX_POINT('',#10173);
#10173 = CARTESIAN_POINT('',(92.486981,-85.6,-7.5E-02));
#10174 = VERTEX_POINT('',#10175);
#10175 = CARTESIAN_POINT('',(92.486981,-85.6,1.115));
#10176 = LINE('',#10177,#10178);
#10177 = CARTESIAN_POINT('',(92.486981,-85.6,-7.5E-02));
#10178 = VECTOR('',#10179,1.);
#10179 = DIRECTION('',(0.,0.,1.));
#10180 = ORIENTED_EDGE('',*,*,#10181,.T.);
#10181 = EDGE_CURVE('',#10174,#10174,#10182,.T.);
#10182 = CIRCLE('',#10183,0.85);
#10183 = AXIS2_PLACEMENT_3D('',#10184,#10185,#10186);
#10184 = CARTESIAN_POINT('',(92.486981,-84.75,1.115));
#10185 = DIRECTION('',(0.,0.,1.));
#10186 = DIRECTION('',(-0.,-1.,0.));
#10187 = ORIENTED_EDGE('',*,*,#10171,.F.);
#10188 = ORIENTED_EDGE('',*,*,#10189,.F.);
#10189 = EDGE_CURVE('',#10172,#10172,#10190,.T.);
#10190 = CIRCLE('',#10191,0.85);
#10191 = AXIS2_PLACEMENT_3D('',#10192,#10193,#10194);
#10192 = CARTESIAN_POINT('',(92.486981,-84.75,-7.5E-02));
#10193 = DIRECTION('',(0.,0.,1.));
#10194 = DIRECTION('',(-0.,-1.,0.));
#10195 = CYLINDRICAL_SURFACE('',#10196,0.85);
#10196 = AXIS2_PLACEMENT_3D('',#10197,#10198,#10199);
#10197 = CARTESIAN_POINT('',(92.486981,-84.75,-7.5E-02));
#10198 = DIRECTION('',(-0.,-0.,-1.));
#10199 = DIRECTION('',(-0.,-1.,0.));
#10200 = ADVANCED_FACE('',(#10201,#10204),#10215,.F.);
#10201 = FACE_BOUND('',#10202,.F.);
#10202 = EDGE_LOOP('',(#10203));
#10203 = ORIENTED_EDGE('',*,*,#10189,.T.);
#10204 = FACE_BOUND('',#10205,.F.);
#10205 = EDGE_LOOP('',(#10206));
#10206 = ORIENTED_EDGE('',*,*,#10207,.T.);
#10207 = EDGE_CURVE('',#10208,#10208,#10210,.T.);
#10208 = VERTEX_POINT('',#10209);
#10209 = CARTESIAN_POINT('',(92.486981,-85.575,-7.5E-02));
#10210 = CIRCLE('',#10211,0.825);
#10211 = AXIS2_PLACEMENT_3D('',#10212,#10213,#10214);
#10212 = CARTESIAN_POINT('',(92.486981,-84.75,-7.5E-02));
#10213 = DIRECTION('',(-0.,0.,-1.));
#10214 = DIRECTION('',(-0.,-1.,0.));
#10215 = PLANE('',#10216);
#10216 = AXIS2_PLACEMENT_3D('',#10217,#10218,#10219);
#10217 = CARTESIAN_POINT('',(92.486981,-85.6,-7.5E-02));
#10218 = DIRECTION('',(0.,0.,1.));
#10219 = DIRECTION('',(1.,0.,-0.));
#10220 = ADVANCED_FACE('',(#10221,#10224),#10235,.T.);
#10221 = FACE_BOUND('',#10222,.T.);
#10222 = EDGE_LOOP('',(#10223));
#10223 = ORIENTED_EDGE('',*,*,#10181,.T.);
#10224 = FACE_BOUND('',#10225,.T.);
#10225 = EDGE_LOOP('',(#10226));
#10226 = ORIENTED_EDGE('',*,*,#10227,.T.);
#10227 = EDGE_CURVE('',#10228,#10228,#10230,.T.);
#10228 = VERTEX_POINT('',#10229);
#10229 = CARTESIAN_POINT('',(92.486981,-85.575,1.115));
#10230 = CIRCLE('',#10231,0.825);
#10231 = AXIS2_PLACEMENT_3D('',#10232,#10233,#10234);
#10232 = CARTESIAN_POINT('',(92.486981,-84.75,1.115));
#10233 = DIRECTION('',(-0.,0.,-1.));
#10234 = DIRECTION('',(-0.,-1.,0.));
#10235 = PLANE('',#10236);
#10236 = AXIS2_PLACEMENT_3D('',#10237,#10238,#10239);
#10237 = CARTESIAN_POINT('',(92.486981,-85.6,1.115));
#10238 = DIRECTION('',(0.,0.,1.));
#10239 = DIRECTION('',(1.,0.,-0.));
#10240 = ADVANCED_FACE('',(#10241),#10252,.F.);
#10241 = FACE_BOUND('',#10242,.T.);
#10242 = EDGE_LOOP('',(#10243,#10244,#10250,#10251));
#10243 = ORIENTED_EDGE('',*,*,#10207,.T.);
#10244 = ORIENTED_EDGE('',*,*,#10245,.T.);
#10245 = EDGE_CURVE('',#10208,#10228,#10246,.T.);
#10246 = LINE('',#10247,#10248);
#10247 = CARTESIAN_POINT('',(92.486981,-85.575,-8.1E-02));
#10248 = VECTOR('',#10249,1.);
#10249 = DIRECTION('',(0.,0.,1.));
#10250 = ORIENTED_EDGE('',*,*,#10227,.F.);
#10251 = ORIENTED_EDGE('',*,*,#10245,.F.);
#10252 = CYLINDRICAL_SURFACE('',#10253,0.825);
#10253 = AXIS2_PLACEMENT_3D('',#10254,#10255,#10256);
#10254 = CARTESIAN_POINT('',(92.486981,-84.75,-8.1E-02));
#10255 = DIRECTION('',(-0.,-0.,-1.));
#10256 = DIRECTION('',(-0.,-1.,0.));
#10257 = MANIFOLD_SOLID_BREP('',#10258);
#10258 = CLOSED_SHELL('',(#10259,#10292,#10312,#10332));
#10259 = ADVANCED_FACE('',(#10260),#10287,.T.);
#10260 = FACE_BOUND('',#10261,.F.);
#10261 = EDGE_LOOP('',(#10262,#10272,#10279,#10280));
#10262 = ORIENTED_EDGE('',*,*,#10263,.T.);
#10263 = EDGE_CURVE('',#10264,#10266,#10268,.T.);
#10264 = VERTEX_POINT('',#10265);
#10265 = CARTESIAN_POINT('',(103.46573,-84.75,1.04));
#10266 = VERTEX_POINT('',#10267);
#10267 = CARTESIAN_POINT('',(103.46573,-84.75,1.115));
#10268 = LINE('',#10269,#10270);
#10269 = CARTESIAN_POINT('',(103.46573,-84.75,1.04));
#10270 = VECTOR('',#10271,1.);
#10271 = DIRECTION('',(0.,0.,1.));
#10272 = ORIENTED_EDGE('',*,*,#10273,.T.);
#10273 = EDGE_CURVE('',#10266,#10266,#10274,.T.);
#10274 = CIRCLE('',#10275,1.349999);
#10275 = AXIS2_PLACEMENT_3D('',#10276,#10277,#10278);
#10276 = CARTESIAN_POINT('',(102.115731,-84.75,1.115));
#10277 = DIRECTION('',(0.,0.,1.));
#10278 = DIRECTION('',(1.,0.,-0.));
#10279 = ORIENTED_EDGE('',*,*,#10263,.F.);
#10280 = ORIENTED_EDGE('',*,*,#10281,.F.);
#10281 = EDGE_CURVE('',#10264,#10264,#10282,.T.);
#10282 = CIRCLE('',#10283,1.349999);
#10283 = AXIS2_PLACEMENT_3D('',#10284,#10285,#10286);
#10284 = CARTESIAN_POINT('',(102.115731,-84.75,1.04));
#10285 = DIRECTION('',(0.,0.,1.));
#10286 = DIRECTION('',(1.,0.,-0.));
#10287 = CYLINDRICAL_SURFACE('',#10288,1.349999);
#10288 = AXIS2_PLACEMENT_3D('',#10289,#10290,#10291);
#10289 = CARTESIAN_POINT('',(102.115731,-84.75,1.04));
#10290 = DIRECTION('',(-0.,-0.,-1.));
#10291 = DIRECTION('',(1.,0.,-0.));
#10292 = ADVANCED_FACE('',(#10293,#10296),#10307,.F.);
#10293 = FACE_BOUND('',#10294,.F.);
#10294 = EDGE_LOOP('',(#10295));
#10295 = ORIENTED_EDGE('',*,*,#10281,.T.);
#10296 = FACE_BOUND('',#10297,.F.);
#10297 = EDGE_LOOP('',(#10298));
#10298 = ORIENTED_EDGE('',*,*,#10299,.T.);
#10299 = EDGE_CURVE('',#10300,#10300,#10302,.T.);
#10300 = VERTEX_POINT('',#10301);
#10301 = CARTESIAN_POINT('',(102.115731,-85.575,1.04));
#10302 = CIRCLE('',#10303,0.825);
#10303 = AXIS2_PLACEMENT_3D('',#10304,#10305,#10306);
#10304 = CARTESIAN_POINT('',(102.115731,-84.75,1.04));
#10305 = DIRECTION('',(-0.,0.,-1.));
#10306 = DIRECTION('',(-0.,-1.,0.));
#10307 = PLANE('',#10308);
#10308 = AXIS2_PLACEMENT_3D('',#10309,#10310,#10311);
#10309 = CARTESIAN_POINT('',(0.,0.,1.04));
#10310 = DIRECTION('',(0.,0.,1.));
#10311 = DIRECTION('',(1.,0.,-0.));
#10312 = ADVANCED_FACE('',(#10313,#10316),#10327,.T.);
#10313 = FACE_BOUND('',#10314,.T.);
#10314 = EDGE_LOOP('',(#10315));
#10315 = ORIENTED_EDGE('',*,*,#10273,.T.);
#10316 = FACE_BOUND('',#10317,.T.);
#10317 = EDGE_LOOP('',(#10318));
#10318 = ORIENTED_EDGE('',*,*,#10319,.T.);
#10319 = EDGE_CURVE('',#10320,#10320,#10322,.T.);
#10320 = VERTEX_POINT('',#10321);
#10321 = CARTESIAN_POINT('',(102.115731,-85.575,1.115));
#10322 = CIRCLE('',#10323,0.825);
#10323 = AXIS2_PLACEMENT_3D('',#10324,#10325,#10326);
#10324 = CARTESIAN_POINT('',(102.115731,-84.75,1.115));
#10325 = DIRECTION('',(-0.,0.,-1.));
#10326 = DIRECTION('',(-0.,-1.,0.));
#10327 = PLANE('',#10328);
#10328 = AXIS2_PLACEMENT_3D('',#10329,#10330,#10331);
#10329 = CARTESIAN_POINT('',(0.,0.,1.115));
#10330 = DIRECTION('',(0.,0.,1.));
#10331 = DIRECTION('',(1.,0.,-0.));
#10332 = ADVANCED_FACE('',(#10333),#10344,.F.);
#10333 = FACE_BOUND('',#10334,.T.);
#10334 = EDGE_LOOP('',(#10335,#10336,#10342,#10343));
#10335 = ORIENTED_EDGE('',*,*,#10299,.T.);
#10336 = ORIENTED_EDGE('',*,*,#10337,.T.);
#10337 = EDGE_CURVE('',#10300,#10320,#10338,.T.);
#10338 = LINE('',#10339,#10340);
#10339 = CARTESIAN_POINT('',(102.115731,-85.575,-8.1E-02));
#10340 = VECTOR('',#10341,1.);
#10341 = DIRECTION('',(0.,0.,1.));
#10342 = ORIENTED_EDGE('',*,*,#10319,.F.);
#10343 = ORIENTED_EDGE('',*,*,#10337,.F.);
#10344 = CYLINDRICAL_SURFACE('',#10345,0.825);
#10345 = AXIS2_PLACEMENT_3D('',#10346,#10347,#10348);
#10346 = CARTESIAN_POINT('',(102.115731,-84.75,-8.1E-02));
#10347 = DIRECTION('',(-0.,-0.,-1.));
#10348 = DIRECTION('',(-0.,-1.,0.));
#10349 = MANIFOLD_SOLID_BREP('',#10350);
#10350 = CLOSED_SHELL('',(#10351,#10384,#10404,#10424));
#10351 = ADVANCED_FACE('',(#10352),#10379,.T.);
#10352 = FACE_BOUND('',#10353,.T.);
#10353 = EDGE_LOOP('',(#10354,#10364,#10371,#10372));
#10354 = ORIENTED_EDGE('',*,*,#10355,.T.);
#10355 = EDGE_CURVE('',#10356,#10358,#10360,.T.);
#10356 = VERTEX_POINT('',#10357);
#10357 = CARTESIAN_POINT('',(103.46573,-84.75,0.));
#10358 = VERTEX_POINT('',#10359);
#10359 = CARTESIAN_POINT('',(103.46573,-84.75,-7.5E-02));
#10360 = LINE('',#10361,#10362);
#10361 = CARTESIAN_POINT('',(103.46573,-84.75,0.));
#10362 = VECTOR('',#10363,1.);
#10363 = DIRECTION('',(0.,0.,-1.));
#10364 = ORIENTED_EDGE('',*,*,#10365,.T.);
#10365 = EDGE_CURVE('',#10358,#10358,#10366,.T.);
#10366 = CIRCLE('',#10367,1.349999);
#10367 = AXIS2_PLACEMENT_3D('',#10368,#10369,#10370);
#10368 = CARTESIAN_POINT('',(102.115731,-84.75,-7.5E-02));
#10369 = DIRECTION('',(0.,0.,1.));
#10370 = DIRECTION('',(1.,0.,-0.));
#10371 = ORIENTED_EDGE('',*,*,#10355,.F.);
#10372 = ORIENTED_EDGE('',*,*,#10373,.F.);
#10373 = EDGE_CURVE('',#10356,#10356,#10374,.T.);
#10374 = CIRCLE('',#10375,1.349999);
#10375 = AXIS2_PLACEMENT_3D('',#10376,#10377,#10378);
#10376 = CARTESIAN_POINT('',(102.115731,-84.75,0.));
#10377 = DIRECTION('',(0.,0.,1.));
#10378 = DIRECTION('',(1.,0.,-0.));
#10379 = CYLINDRICAL_SURFACE('',#10380,1.349999);
#10380 = AXIS2_PLACEMENT_3D('',#10381,#10382,#10383);
#10381 = CARTESIAN_POINT('',(102.115731,-84.75,0.));
#10382 = DIRECTION('',(0.,0.,1.));
#10383 = DIRECTION('',(1.,0.,-0.));
#10384 = ADVANCED_FACE('',(#10385,#10388),#10399,.F.);
#10385 = FACE_BOUND('',#10386,.F.);
#10386 = EDGE_LOOP('',(#10387));
#10387 = ORIENTED_EDGE('',*,*,#10373,.F.);
#10388 = FACE_BOUND('',#10389,.F.);
#10389 = EDGE_LOOP('',(#10390));
#10390 = ORIENTED_EDGE('',*,*,#10391,.F.);
#10391 = EDGE_CURVE('',#10392,#10392,#10394,.T.);
#10392 = VERTEX_POINT('',#10393);
#10393 = CARTESIAN_POINT('',(102.115731,-85.575,0.));
#10394 = CIRCLE('',#10395,0.825);
#10395 = AXIS2_PLACEMENT_3D('',#10396,#10397,#10398);
#10396 = CARTESIAN_POINT('',(102.115731,-84.75,0.));
#10397 = DIRECTION('',(-0.,0.,-1.));
#10398 = DIRECTION('',(-0.,-1.,0.));
#10399 = PLANE('',#10400);
#10400 = AXIS2_PLACEMENT_3D('',#10401,#10402,#10403);
#10401 = CARTESIAN_POINT('',(0.,0.,0.));
#10402 = DIRECTION('',(-0.,-0.,-1.));
#10403 = DIRECTION('',(-1.,0.,0.));
#10404 = ADVANCED_FACE('',(#10405,#10408),#10419,.T.);
#10405 = FACE_BOUND('',#10406,.T.);
#10406 = EDGE_LOOP('',(#10407));
#10407 = ORIENTED_EDGE('',*,*,#10365,.F.);
#10408 = FACE_BOUND('',#10409,.T.);
#10409 = EDGE_LOOP('',(#10410));
#10410 = ORIENTED_EDGE('',*,*,#10411,.F.);
#10411 = EDGE_CURVE('',#10412,#10412,#10414,.T.);
#10412 = VERTEX_POINT('',#10413);
#10413 = CARTESIAN_POINT('',(102.115731,-85.575,-7.5E-02));
#10414 = CIRCLE('',#10415,0.825);
#10415 = AXIS2_PLACEMENT_3D('',#10416,#10417,#10418);
#10416 = CARTESIAN_POINT('',(102.115731,-84.75,-7.5E-02));
#10417 = DIRECTION('',(-0.,0.,-1.));
#10418 = DIRECTION('',(-0.,-1.,0.));
#10419 = PLANE('',#10420);
#10420 = AXIS2_PLACEMENT_3D('',#10421,#10422,#10423);
#10421 = CARTESIAN_POINT('',(0.,0.,-7.5E-02));
#10422 = DIRECTION('',(-0.,-0.,-1.));
#10423 = DIRECTION('',(-1.,0.,0.));
#10424 = ADVANCED_FACE('',(#10425),#10436,.F.);
#10425 = FACE_BOUND('',#10426,.T.);
#10426 = EDGE_LOOP('',(#10427,#10428,#10434,#10435));
#10427 = ORIENTED_EDGE('',*,*,#10411,.T.);
#10428 = ORIENTED_EDGE('',*,*,#10429,.T.);
#10429 = EDGE_CURVE('',#10412,#10392,#10430,.T.);
#10430 = LINE('',#10431,#10432);
#10431 = CARTESIAN_POINT('',(102.115731,-85.575,-8.1E-02));
#10432 = VECTOR('',#10433,1.);
#10433 = DIRECTION('',(0.,0.,1.));
#10434 = ORIENTED_EDGE('',*,*,#10391,.F.);
#10435 = ORIENTED_EDGE('',*,*,#10429,.F.);
#10436 = CYLINDRICAL_SURFACE('',#10437,0.825);
#10437 = AXIS2_PLACEMENT_3D('',#10438,#10439,#10440);
#10438 = CARTESIAN_POINT('',(102.115731,-84.75,-8.1E-02));
#10439 = DIRECTION('',(-0.,-0.,-1.));
#10440 = DIRECTION('',(-0.,-1.,0.));
#10441 = MANIFOLD_SOLID_BREP('',#10442);
#10442 = CLOSED_SHELL('',(#10443,#10476,#10496,#10516));
#10443 = ADVANCED_FACE('',(#10444),#10471,.T.);
#10444 = FACE_BOUND('',#10445,.F.);
#10445 = EDGE_LOOP('',(#10446,#10456,#10463,#10464));
#10446 = ORIENTED_EDGE('',*,*,#10447,.T.);
#10447 = EDGE_CURVE('',#10448,#10450,#10452,.T.);
#10448 = VERTEX_POINT('',#10449);
#10449 = CARTESIAN_POINT('',(102.115731,-85.6,-7.5E-02));
#10450 = VERTEX_POINT('',#10451);
#10451 = CARTESIAN_POINT('',(102.115731,-85.6,1.115));
#10452 = LINE('',#10453,#10454);
#10453 = CARTESIAN_POINT('',(102.115731,-85.6,-7.5E-02));
#10454 = VECTOR('',#10455,1.);
#10455 = DIRECTION('',(0.,0.,1.));
#10456 = ORIENTED_EDGE('',*,*,#10457,.T.);
#10457 = EDGE_CURVE('',#10450,#10450,#10458,.T.);
#10458 = CIRCLE('',#10459,0.85);
#10459 = AXIS2_PLACEMENT_3D('',#10460,#10461,#10462);
#10460 = CARTESIAN_POINT('',(102.115731,-84.75,1.115));
#10461 = DIRECTION('',(0.,0.,1.));
#10462 = DIRECTION('',(-1.671865260612E-14,-1.,0.));
#10463 = ORIENTED_EDGE('',*,*,#10447,.F.);
#10464 = ORIENTED_EDGE('',*,*,#10465,.F.);
#10465 = EDGE_CURVE('',#10448,#10448,#10466,.T.);
#10466 = CIRCLE('',#10467,0.85);
#10467 = AXIS2_PLACEMENT_3D('',#10468,#10469,#10470);
#10468 = CARTESIAN_POINT('',(102.115731,-84.75,-7.5E-02));
#10469 = DIRECTION('',(0.,0.,1.));
#10470 = DIRECTION('',(-1.671865260612E-14,-1.,0.));
#10471 = CYLINDRICAL_SURFACE('',#10472,0.85);
#10472 = AXIS2_PLACEMENT_3D('',#10473,#10474,#10475);
#10473 = CARTESIAN_POINT('',(102.115731,-84.75,-7.5E-02));
#10474 = DIRECTION('',(-0.,-0.,-1.));
#10475 = DIRECTION('',(-1.671865260612E-14,-1.,0.));
#10476 = ADVANCED_FACE('',(#10477,#10480),#10491,.F.);
#10477 = FACE_BOUND('',#10478,.F.);
#10478 = EDGE_LOOP('',(#10479));
#10479 = ORIENTED_EDGE('',*,*,#10465,.T.);
#10480 = FACE_BOUND('',#10481,.F.);
#10481 = EDGE_LOOP('',(#10482));
#10482 = ORIENTED_EDGE('',*,*,#10483,.T.);
#10483 = EDGE_CURVE('',#10484,#10484,#10486,.T.);
#10484 = VERTEX_POINT('',#10485);
#10485 = CARTESIAN_POINT('',(102.115731,-85.575,-7.5E-02));
#10486 = CIRCLE('',#10487,0.825);
#10487 = AXIS2_PLACEMENT_3D('',#10488,#10489,#10490);
#10488 = CARTESIAN_POINT('',(102.115731,-84.75,-7.5E-02));
#10489 = DIRECTION('',(-0.,0.,-1.));
#10490 = DIRECTION('',(-0.,-1.,0.));
#10491 = PLANE('',#10492);
#10492 = AXIS2_PLACEMENT_3D('',#10493,#10494,#10495);
#10493 = CARTESIAN_POINT('',(102.115731,-85.6,-7.5E-02));
#10494 = DIRECTION('',(0.,0.,1.));
#10495 = DIRECTION('',(1.,0.,-0.));
#10496 = ADVANCED_FACE('',(#10497,#10500),#10511,.T.);
#10497 = FACE_BOUND('',#10498,.T.);
#10498 = EDGE_LOOP('',(#10499));
#10499 = ORIENTED_EDGE('',*,*,#10457,.T.);
#10500 = FACE_BOUND('',#10501,.T.);
#10501 = EDGE_LOOP('',(#10502));
#10502 = ORIENTED_EDGE('',*,*,#10503,.T.);
#10503 = EDGE_CURVE('',#10504,#10504,#10506,.T.);
#10504 = VERTEX_POINT('',#10505);
#10505 = CARTESIAN_POINT('',(102.115731,-85.575,1.115));
#10506 = CIRCLE('',#10507,0.825);
#10507 = AXIS2_PLACEMENT_3D('',#10508,#10509,#10510);
#10508 = CARTESIAN_POINT('',(102.115731,-84.75,1.115));
#10509 = DIRECTION('',(-0.,0.,-1.));
#10510 = DIRECTION('',(-0.,-1.,0.));
#10511 = PLANE('',#10512);
#10512 = AXIS2_PLACEMENT_3D('',#10513,#10514,#10515);
#10513 = CARTESIAN_POINT('',(102.115731,-85.6,1.115));
#10514 = DIRECTION('',(0.,0.,1.));
#10515 = DIRECTION('',(1.,0.,-0.));
#10516 = ADVANCED_FACE('',(#10517),#10528,.F.);
#10517 = FACE_BOUND('',#10518,.T.);
#10518 = EDGE_LOOP('',(#10519,#10520,#10526,#10527));
#10519 = ORIENTED_EDGE('',*,*,#10483,.T.);
#10520 = ORIENTED_EDGE('',*,*,#10521,.T.);
#10521 = EDGE_CURVE('',#10484,#10504,#10522,.T.);
#10522 = LINE('',#10523,#10524);
#10523 = CARTESIAN_POINT('',(102.115731,-85.575,-8.1E-02));
#10524 = VECTOR('',#10525,1.);
#10525 = DIRECTION('',(0.,0.,1.));
#10526 = ORIENTED_EDGE('',*,*,#10503,.F.);
#10527 = ORIENTED_EDGE('',*,*,#10521,.F.);
#10528 = CYLINDRICAL_SURFACE('',#10529,0.825);
#10529 = AXIS2_PLACEMENT_3D('',#10530,#10531,#10532);
#10530 = CARTESIAN_POINT('',(102.115731,-84.75,-8.1E-02));
#10531 = DIRECTION('',(-0.,-0.,-1.));
#10532 = DIRECTION('',(-0.,-1.,0.));
#10533 = MANIFOLD_SOLID_BREP('',#10534);
#10534 = CLOSED_SHELL('',(#10535,#10568,#10588,#10608));
#10535 = ADVANCED_FACE('',(#10536),#10563,.T.);
#10536 = FACE_BOUND('',#10537,.F.);
#10537 = EDGE_LOOP('',(#10538,#10548,#10555,#10556));
#10538 = ORIENTED_EDGE('',*,*,#10539,.T.);
#10539 = EDGE_CURVE('',#10540,#10542,#10544,.T.);
#10540 = VERTEX_POINT('',#10541);
#10541 = CARTESIAN_POINT('',(170.762499,-84.75,1.04));
#10542 = VERTEX_POINT('',#10543);
#10543 = CARTESIAN_POINT('',(170.762499,-84.75,1.115));
#10544 = LINE('',#10545,#10546);
#10545 = CARTESIAN_POINT('',(170.762499,-84.75,1.04));
#10546 = VECTOR('',#10547,1.);
#10547 = DIRECTION('',(0.,0.,1.));
#10548 = ORIENTED_EDGE('',*,*,#10549,.T.);
#10549 = EDGE_CURVE('',#10542,#10542,#10550,.T.);
#10550 = CIRCLE('',#10551,1.349999);
#10551 = AXIS2_PLACEMENT_3D('',#10552,#10553,#10554);
#10552 = CARTESIAN_POINT('',(169.4125,-84.75,1.115));
#10553 = DIRECTION('',(0.,0.,1.));
#10554 = DIRECTION('',(1.,0.,-0.));
#10555 = ORIENTED_EDGE('',*,*,#10539,.F.);
#10556 = ORIENTED_EDGE('',*,*,#10557,.F.);
#10557 = EDGE_CURVE('',#10540,#10540,#10558,.T.);
#10558 = CIRCLE('',#10559,1.349999);
#10559 = AXIS2_PLACEMENT_3D('',#10560,#10561,#10562);
#10560 = CARTESIAN_POINT('',(169.4125,-84.75,1.04));
#10561 = DIRECTION('',(0.,0.,1.));
#10562 = DIRECTION('',(1.,0.,-0.));
#10563 = CYLINDRICAL_SURFACE('',#10564,1.349999);
#10564 = AXIS2_PLACEMENT_3D('',#10565,#10566,#10567);
#10565 = CARTESIAN_POINT('',(169.4125,-84.75,1.04));
#10566 = DIRECTION('',(-0.,-0.,-1.));
#10567 = DIRECTION('',(1.,0.,-0.));
#10568 = ADVANCED_FACE('',(#10569,#10572),#10583,.F.);
#10569 = FACE_BOUND('',#10570,.F.);
#10570 = EDGE_LOOP('',(#10571));
#10571 = ORIENTED_EDGE('',*,*,#10557,.T.);
#10572 = FACE_BOUND('',#10573,.F.);
#10573 = EDGE_LOOP('',(#10574));
#10574 = ORIENTED_EDGE('',*,*,#10575,.T.);
#10575 = EDGE_CURVE('',#10576,#10576,#10578,.T.);
#10576 = VERTEX_POINT('',#10577);
#10577 = CARTESIAN_POINT('',(169.4125,-85.575,1.04));
#10578 = CIRCLE('',#10579,0.825);
#10579 = AXIS2_PLACEMENT_3D('',#10580,#10581,#10582);
#10580 = CARTESIAN_POINT('',(169.4125,-84.75,1.04));
#10581 = DIRECTION('',(-0.,0.,-1.));
#10582 = DIRECTION('',(-3.445055688534E-14,-1.,0.));
#10583 = PLANE('',#10584);
#10584 = AXIS2_PLACEMENT_3D('',#10585,#10586,#10587);
#10585 = CARTESIAN_POINT('',(0.,0.,1.04));
#10586 = DIRECTION('',(0.,0.,1.));
#10587 = DIRECTION('',(1.,0.,-0.));
#10588 = ADVANCED_FACE('',(#10589,#10592),#10603,.T.);
#10589 = FACE_BOUND('',#10590,.T.);
#10590 = EDGE_LOOP('',(#10591));
#10591 = ORIENTED_EDGE('',*,*,#10549,.T.);
#10592 = FACE_BOUND('',#10593,.T.);
#10593 = EDGE_LOOP('',(#10594));
#10594 = ORIENTED_EDGE('',*,*,#10595,.T.);
#10595 = EDGE_CURVE('',#10596,#10596,#10598,.T.);
#10596 = VERTEX_POINT('',#10597);
#10597 = CARTESIAN_POINT('',(169.4125,-85.575,1.115));
#10598 = CIRCLE('',#10599,0.825);
#10599 = AXIS2_PLACEMENT_3D('',#10600,#10601,#10602);
#10600 = CARTESIAN_POINT('',(169.4125,-84.75,1.115));
#10601 = DIRECTION('',(-0.,0.,-1.));
#10602 = DIRECTION('',(-3.445055688534E-14,-1.,0.));
#10603 = PLANE('',#10604);
#10604 = AXIS2_PLACEMENT_3D('',#10605,#10606,#10607);
#10605 = CARTESIAN_POINT('',(0.,0.,1.115));
#10606 = DIRECTION('',(0.,0.,1.));
#10607 = DIRECTION('',(1.,0.,-0.));
#10608 = ADVANCED_FACE('',(#10609),#10620,.F.);
#10609 = FACE_BOUND('',#10610,.T.);
#10610 = EDGE_LOOP('',(#10611,#10612,#10618,#10619));
#10611 = ORIENTED_EDGE('',*,*,#10575,.T.);
#10612 = ORIENTED_EDGE('',*,*,#10613,.T.);
#10613 = EDGE_CURVE('',#10576,#10596,#10614,.T.);
#10614 = LINE('',#10615,#10616);
#10615 = CARTESIAN_POINT('',(169.4125,-85.575,-8.1E-02));
#10616 = VECTOR('',#10617,1.);
#10617 = DIRECTION('',(0.,0.,1.));
#10618 = ORIENTED_EDGE('',*,*,#10595,.F.);
#10619 = ORIENTED_EDGE('',*,*,#10613,.F.);
#10620 = CYLINDRICAL_SURFACE('',#10621,0.825);
#10621 = AXIS2_PLACEMENT_3D('',#10622,#10623,#10624);
#10622 = CARTESIAN_POINT('',(169.4125,-84.75,-8.1E-02));
#10623 = DIRECTION('',(-0.,-0.,-1.));
#10624 = DIRECTION('',(-3.445055688534E-14,-1.,0.));
#10625 = MANIFOLD_SOLID_BREP('',#10626);
#10626 = CLOSED_SHELL('',(#10627,#10660,#10680,#10700));
#10627 = ADVANCED_FACE('',(#10628),#10655,.T.);
#10628 = FACE_BOUND('',#10629,.T.);
#10629 = EDGE_LOOP('',(#10630,#10640,#10647,#10648));
#10630 = ORIENTED_EDGE('',*,*,#10631,.T.);
#10631 = EDGE_CURVE('',#10632,#10634,#10636,.T.);
#10632 = VERTEX_POINT('',#10633);
#10633 = CARTESIAN_POINT('',(170.762499,-84.75,0.));
#10634 = VERTEX_POINT('',#10635);
#10635 = CARTESIAN_POINT('',(170.762499,-84.75,-7.5E-02));
#10636 = LINE('',#10637,#10638);
#10637 = CARTESIAN_POINT('',(170.762499,-84.75,0.));
#10638 = VECTOR('',#10639,1.);
#10639 = DIRECTION('',(0.,0.,-1.));
#10640 = ORIENTED_EDGE('',*,*,#10641,.T.);
#10641 = EDGE_CURVE('',#10634,#10634,#10642,.T.);
#10642 = CIRCLE('',#10643,1.349999);
#10643 = AXIS2_PLACEMENT_3D('',#10644,#10645,#10646);
#10644 = CARTESIAN_POINT('',(169.4125,-84.75,-7.5E-02));
#10645 = DIRECTION('',(0.,0.,1.));
#10646 = DIRECTION('',(1.,0.,-0.));
#10647 = ORIENTED_EDGE('',*,*,#10631,.F.);
#10648 = ORIENTED_EDGE('',*,*,#10649,.F.);
#10649 = EDGE_CURVE('',#10632,#10632,#10650,.T.);
#10650 = CIRCLE('',#10651,1.349999);
#10651 = AXIS2_PLACEMENT_3D('',#10652,#10653,#10654);
#10652 = CARTESIAN_POINT('',(169.4125,-84.75,0.));
#10653 = DIRECTION('',(0.,0.,1.));
#10654 = DIRECTION('',(1.,0.,-0.));
#10655 = CYLINDRICAL_SURFACE('',#10656,1.349999);
#10656 = AXIS2_PLACEMENT_3D('',#10657,#10658,#10659);
#10657 = CARTESIAN_POINT('',(169.4125,-84.75,0.));
#10658 = DIRECTION('',(0.,0.,1.));
#10659 = DIRECTION('',(1.,0.,-0.));
#10660 = ADVANCED_FACE('',(#10661,#10664),#10675,.F.);
#10661 = FACE_BOUND('',#10662,.F.);
#10662 = EDGE_LOOP('',(#10663));
#10663 = ORIENTED_EDGE('',*,*,#10649,.F.);
#10664 = FACE_BOUND('',#10665,.F.);
#10665 = EDGE_LOOP('',(#10666));
#10666 = ORIENTED_EDGE('',*,*,#10667,.F.);
#10667 = EDGE_CURVE('',#10668,#10668,#10670,.T.);
#10668 = VERTEX_POINT('',#10669);
#10669 = CARTESIAN_POINT('',(169.4125,-85.575,0.));
#10670 = CIRCLE('',#10671,0.825);
#10671 = AXIS2_PLACEMENT_3D('',#10672,#10673,#10674);
#10672 = CARTESIAN_POINT('',(169.4125,-84.75,0.));
#10673 = DIRECTION('',(-0.,0.,-1.));
#10674 = DIRECTION('',(-3.445055688534E-14,-1.,0.));
#10675 = PLANE('',#10676);
#10676 = AXIS2_PLACEMENT_3D('',#10677,#10678,#10679);
#10677 = CARTESIAN_POINT('',(0.,0.,0.));
#10678 = DIRECTION('',(-0.,-0.,-1.));
#10679 = DIRECTION('',(-1.,0.,0.));
#10680 = ADVANCED_FACE('',(#10681,#10684),#10695,.T.);
#10681 = FACE_BOUND('',#10682,.T.);
#10682 = EDGE_LOOP('',(#10683));
#10683 = ORIENTED_EDGE('',*,*,#10641,.F.);
#10684 = FACE_BOUND('',#10685,.T.);
#10685 = EDGE_LOOP('',(#10686));
#10686 = ORIENTED_EDGE('',*,*,#10687,.F.);
#10687 = EDGE_CURVE('',#10688,#10688,#10690,.T.);
#10688 = VERTEX_POINT('',#10689);
#10689 = CARTESIAN_POINT('',(169.4125,-85.575,-7.5E-02));
#10690 = CIRCLE('',#10691,0.825);
#10691 = AXIS2_PLACEMENT_3D('',#10692,#10693,#10694);
#10692 = CARTESIAN_POINT('',(169.4125,-84.75,-7.5E-02));
#10693 = DIRECTION('',(-0.,0.,-1.));
#10694 = DIRECTION('',(-3.445055688534E-14,-1.,0.));
#10695 = PLANE('',#10696);
#10696 = AXIS2_PLACEMENT_3D('',#10697,#10698,#10699);
#10697 = CARTESIAN_POINT('',(0.,0.,-7.5E-02));
#10698 = DIRECTION('',(-0.,-0.,-1.));
#10699 = DIRECTION('',(-1.,0.,0.));
#10700 = ADVANCED_FACE('',(#10701),#10712,.F.);
#10701 = FACE_BOUND('',#10702,.T.);
#10702 = EDGE_LOOP('',(#10703,#10704,#10710,#10711));
#10703 = ORIENTED_EDGE('',*,*,#10687,.T.);
#10704 = ORIENTED_EDGE('',*,*,#10705,.T.);
#10705 = EDGE_CURVE('',#10688,#10668,#10706,.T.);
#10706 = LINE('',#10707,#10708);
#10707 = CARTESIAN_POINT('',(169.4125,-85.575,-8.1E-02));
#10708 = VECTOR('',#10709,1.);
#10709 = DIRECTION('',(0.,0.,1.));
#10710 = ORIENTED_EDGE('',*,*,#10667,.F.);
#10711 = ORIENTED_EDGE('',*,*,#10705,.F.);
#10712 = CYLINDRICAL_SURFACE('',#10713,0.825);
#10713 = AXIS2_PLACEMENT_3D('',#10714,#10715,#10716);
#10714 = CARTESIAN_POINT('',(169.4125,-84.75,-8.1E-02));
#10715 = DIRECTION('',(-0.,-0.,-1.));
#10716 = DIRECTION('',(-3.445055688534E-14,-1.,0.));
#10717 = MANIFOLD_SOLID_BREP('',#10718);
#10718 = CLOSED_SHELL('',(#10719,#10752,#10772,#10792));
#10719 = ADVANCED_FACE('',(#10720),#10747,.T.);
#10720 = FACE_BOUND('',#10721,.F.);
#10721 = EDGE_LOOP('',(#10722,#10732,#10739,#10740));
#10722 = ORIENTED_EDGE('',*,*,#10723,.T.);
#10723 = EDGE_CURVE('',#10724,#10726,#10728,.T.);
#10724 = VERTEX_POINT('',#10725);
#10725 = CARTESIAN_POINT('',(169.4125,-85.6,-7.5E-02));
#10726 = VERTEX_POINT('',#10727);
#10727 = CARTESIAN_POINT('',(169.4125,-85.6,1.115));
#10728 = LINE('',#10729,#10730);
#10729 = CARTESIAN_POINT('',(169.4125,-85.6,-7.5E-02));
#10730 = VECTOR('',#10731,1.);
#10731 = DIRECTION('',(0.,0.,1.));
#10732 = ORIENTED_EDGE('',*,*,#10733,.T.);
#10733 = EDGE_CURVE('',#10726,#10726,#10734,.T.);
#10734 = CIRCLE('',#10735,0.85);
#10735 = AXIS2_PLACEMENT_3D('',#10736,#10737,#10738);
#10736 = CARTESIAN_POINT('',(169.4125,-84.75,1.115));
#10737 = DIRECTION('',(0.,0.,1.));
#10738 = DIRECTION('',(-0.,-1.,0.));
#10739 = ORIENTED_EDGE('',*,*,#10723,.F.);
#10740 = ORIENTED_EDGE('',*,*,#10741,.F.);
#10741 = EDGE_CURVE('',#10724,#10724,#10742,.T.);
#10742 = CIRCLE('',#10743,0.85);
#10743 = AXIS2_PLACEMENT_3D('',#10744,#10745,#10746);
#10744 = CARTESIAN_POINT('',(169.4125,-84.75,-7.5E-02));
#10745 = DIRECTION('',(0.,0.,1.));
#10746 = DIRECTION('',(-0.,-1.,0.));
#10747 = CYLINDRICAL_SURFACE('',#10748,0.85);
#10748 = AXIS2_PLACEMENT_3D('',#10749,#10750,#10751);
#10749 = CARTESIAN_POINT('',(169.4125,-84.75,-7.5E-02));
#10750 = DIRECTION('',(-0.,-0.,-1.));
#10751 = DIRECTION('',(-0.,-1.,0.));
#10752 = ADVANCED_FACE('',(#10753,#10756),#10767,.F.);
#10753 = FACE_BOUND('',#10754,.F.);
#10754 = EDGE_LOOP('',(#10755));
#10755 = ORIENTED_EDGE('',*,*,#10741,.T.);
#10756 = FACE_BOUND('',#10757,.F.);
#10757 = EDGE_LOOP('',(#10758));
#10758 = ORIENTED_EDGE('',*,*,#10759,.T.);
#10759 = EDGE_CURVE('',#10760,#10760,#10762,.T.);
#10760 = VERTEX_POINT('',#10761);
#10761 = CARTESIAN_POINT('',(169.4125,-85.575,-7.5E-02));
#10762 = CIRCLE('',#10763,0.825);
#10763 = AXIS2_PLACEMENT_3D('',#10764,#10765,#10766);
#10764 = CARTESIAN_POINT('',(169.4125,-84.75,-7.5E-02));
#10765 = DIRECTION('',(-0.,0.,-1.));
#10766 = DIRECTION('',(-3.445055688534E-14,-1.,0.));
#10767 = PLANE('',#10768);
#10768 = AXIS2_PLACEMENT_3D('',#10769,#10770,#10771);
#10769 = CARTESIAN_POINT('',(169.4125,-85.6,-7.5E-02));
#10770 = DIRECTION('',(0.,0.,1.));
#10771 = DIRECTION('',(1.,0.,-0.));
#10772 = ADVANCED_FACE('',(#10773,#10776),#10787,.T.);
#10773 = FACE_BOUND('',#10774,.T.);
#10774 = EDGE_LOOP('',(#10775));
#10775 = ORIENTED_EDGE('',*,*,#10733,.T.);
#10776 = FACE_BOUND('',#10777,.T.);
#10777 = EDGE_LOOP('',(#10778));
#10778 = ORIENTED_EDGE('',*,*,#10779,.T.);
#10779 = EDGE_CURVE('',#10780,#10780,#10782,.T.);
#10780 = VERTEX_POINT('',#10781);
#10781 = CARTESIAN_POINT('',(169.4125,-85.575,1.115));
#10782 = CIRCLE('',#10783,0.825);
#10783 = AXIS2_PLACEMENT_3D('',#10784,#10785,#10786);
#10784 = CARTESIAN_POINT('',(169.4125,-84.75,1.115));
#10785 = DIRECTION('',(-0.,0.,-1.));
#10786 = DIRECTION('',(-3.445055688534E-14,-1.,0.));
#10787 = PLANE('',#10788);
#10788 = AXIS2_PLACEMENT_3D('',#10789,#10790,#10791);
#10789 = CARTESIAN_POINT('',(169.4125,-85.6,1.115));
#10790 = DIRECTION('',(0.,0.,1.));
#10791 = DIRECTION('',(1.,0.,-0.));
#10792 = ADVANCED_FACE('',(#10793),#10804,.F.);
#10793 = FACE_BOUND('',#10794,.T.);
#10794 = EDGE_LOOP('',(#10795,#10796,#10802,#10803));
#10795 = ORIENTED_EDGE('',*,*,#10759,.T.);
#10796 = ORIENTED_EDGE('',*,*,#10797,.T.);
#10797 = EDGE_CURVE('',#10760,#10780,#10798,.T.);
#10798 = LINE('',#10799,#10800);
#10799 = CARTESIAN_POINT('',(169.4125,-85.575,-8.1E-02));
#10800 = VECTOR('',#10801,1.);
#10801 = DIRECTION('',(0.,0.,1.));
#10802 = ORIENTED_EDGE('',*,*,#10779,.F.);
#10803 = ORIENTED_EDGE('',*,*,#10797,.F.);
#10804 = CYLINDRICAL_SURFACE('',#10805,0.825);
#10805 = AXIS2_PLACEMENT_3D('',#10806,#10807,#10808);
#10806 = CARTESIAN_POINT('',(169.4125,-84.75,-8.1E-02));
#10807 = DIRECTION('',(-0.,-0.,-1.));
#10808 = DIRECTION('',(-3.445055688534E-14,-1.,0.));
#10809 = MANIFOLD_SOLID_BREP('',#10810);
#10810 = CLOSED_SHELL('',(#10811,#10844,#10864,#10884));
#10811 = ADVANCED_FACE('',(#10812),#10839,.T.);
#10812 = FACE_BOUND('',#10813,.F.);
#10813 = EDGE_LOOP('',(#10814,#10824,#10831,#10832));
#10814 = ORIENTED_EDGE('',*,*,#10815,.T.);
#10815 = EDGE_CURVE('',#10816,#10818,#10820,.T.);
#10816 = VERTEX_POINT('',#10817);
#10817 = CARTESIAN_POINT('',(182.169999,-84.75,1.04));
#10818 = VERTEX_POINT('',#10819);
#10819 = CARTESIAN_POINT('',(182.169999,-84.75,1.115));
#10820 = LINE('',#10821,#10822);
#10821 = CARTESIAN_POINT('',(182.169999,-84.75,1.04));
#10822 = VECTOR('',#10823,1.);
#10823 = DIRECTION('',(0.,0.,1.));
#10824 = ORIENTED_EDGE('',*,*,#10825,.T.);
#10825 = EDGE_CURVE('',#10818,#10818,#10826,.T.);
#10826 = CIRCLE('',#10827,1.349999);
#10827 = AXIS2_PLACEMENT_3D('',#10828,#10829,#10830);
#10828 = CARTESIAN_POINT('',(180.82,-84.75,1.115));
#10829 = DIRECTION('',(0.,0.,1.));
#10830 = DIRECTION('',(1.,0.,-0.));
#10831 = ORIENTED_EDGE('',*,*,#10815,.F.);
#10832 = ORIENTED_EDGE('',*,*,#10833,.F.);
#10833 = EDGE_CURVE('',#10816,#10816,#10834,.T.);
#10834 = CIRCLE('',#10835,1.349999);
#10835 = AXIS2_PLACEMENT_3D('',#10836,#10837,#10838);
#10836 = CARTESIAN_POINT('',(180.82,-84.75,1.04));
#10837 = DIRECTION('',(0.,0.,1.));
#10838 = DIRECTION('',(1.,0.,-0.));
#10839 = CYLINDRICAL_SURFACE('',#10840,1.349999);
#10840 = AXIS2_PLACEMENT_3D('',#10841,#10842,#10843);
#10841 = CARTESIAN_POINT('',(180.82,-84.75,1.04));
#10842 = DIRECTION('',(-0.,-0.,-1.));
#10843 = DIRECTION('',(1.,0.,-0.));
#10844 = ADVANCED_FACE('',(#10845,#10848),#10859,.F.);
#10845 = FACE_BOUND('',#10846,.F.);
#10846 = EDGE_LOOP('',(#10847));
#10847 = ORIENTED_EDGE('',*,*,#10833,.T.);
#10848 = FACE_BOUND('',#10849,.F.);
#10849 = EDGE_LOOP('',(#10850));
#10850 = ORIENTED_EDGE('',*,*,#10851,.T.);
#10851 = EDGE_CURVE('',#10852,#10852,#10854,.T.);
#10852 = VERTEX_POINT('',#10853);
#10853 = CARTESIAN_POINT('',(180.82,-85.575,1.04));
#10854 = CIRCLE('',#10855,0.825);
#10855 = AXIS2_PLACEMENT_3D('',#10856,#10857,#10858);
#10856 = CARTESIAN_POINT('',(180.82,-84.75,1.04));
#10857 = DIRECTION('',(-0.,0.,-1.));
#10858 = DIRECTION('',(-0.,-1.,0.));
#10859 = PLANE('',#10860);
#10860 = AXIS2_PLACEMENT_3D('',#10861,#10862,#10863);
#10861 = CARTESIAN_POINT('',(0.,0.,1.04));
#10862 = DIRECTION('',(0.,0.,1.));
#10863 = DIRECTION('',(1.,0.,-0.));
#10864 = ADVANCED_FACE('',(#10865,#10868),#10879,.T.);
#10865 = FACE_BOUND('',#10866,.T.);
#10866 = EDGE_LOOP('',(#10867));
#10867 = ORIENTED_EDGE('',*,*,#10825,.T.);
#10868 = FACE_BOUND('',#10869,.T.);
#10869 = EDGE_LOOP('',(#10870));
#10870 = ORIENTED_EDGE('',*,*,#10871,.T.);
#10871 = EDGE_CURVE('',#10872,#10872,#10874,.T.);
#10872 = VERTEX_POINT('',#10873);
#10873 = CARTESIAN_POINT('',(180.82,-85.575,1.115));
#10874 = CIRCLE('',#10875,0.825);
#10875 = AXIS2_PLACEMENT_3D('',#10876,#10877,#10878);
#10876 = CARTESIAN_POINT('',(180.82,-84.75,1.115));
#10877 = DIRECTION('',(-0.,0.,-1.));
#10878 = DIRECTION('',(-0.,-1.,0.));
#10879 = PLANE('',#10880);
#10880 = AXIS2_PLACEMENT_3D('',#10881,#10882,#10883);
#10881 = CARTESIAN_POINT('',(0.,0.,1.115));
#10882 = DIRECTION('',(0.,0.,1.));
#10883 = DIRECTION('',(1.,0.,-0.));
#10884 = ADVANCED_FACE('',(#10885),#10896,.F.);
#10885 = FACE_BOUND('',#10886,.T.);
#10886 = EDGE_LOOP('',(#10887,#10888,#10894,#10895));
#10887 = ORIENTED_EDGE('',*,*,#10851,.T.);
#10888 = ORIENTED_EDGE('',*,*,#10889,.T.);
#10889 = EDGE_CURVE('',#10852,#10872,#10890,.T.);
#10890 = LINE('',#10891,#10892);
#10891 = CARTESIAN_POINT('',(180.82,-85.575,-8.1E-02));
#10892 = VECTOR('',#10893,1.);
#10893 = DIRECTION('',(0.,0.,1.));
#10894 = ORIENTED_EDGE('',*,*,#10871,.F.);
#10895 = ORIENTED_EDGE('',*,*,#10889,.F.);
#10896 = CYLINDRICAL_SURFACE('',#10897,0.825);
#10897 = AXIS2_PLACEMENT_3D('',#10898,#10899,#10900);
#10898 = CARTESIAN_POINT('',(180.82,-84.75,-8.1E-02));
#10899 = DIRECTION('',(-0.,-0.,-1.));
#10900 = DIRECTION('',(-0.,-1.,0.));
#10901 = MANIFOLD_SOLID_BREP('',#10902);
#10902 = CLOSED_SHELL('',(#10903,#10936,#10956,#10976));
#10903 = ADVANCED_FACE('',(#10904),#10931,.T.);
#10904 = FACE_BOUND('',#10905,.T.);
#10905 = EDGE_LOOP('',(#10906,#10916,#10923,#10924));
#10906 = ORIENTED_EDGE('',*,*,#10907,.T.);
#10907 = EDGE_CURVE('',#10908,#10910,#10912,.T.);
#10908 = VERTEX_POINT('',#10909);
#10909 = CARTESIAN_POINT('',(182.169999,-84.75,0.));
#10910 = VERTEX_POINT('',#10911);
#10911 = CARTESIAN_POINT('',(182.169999,-84.75,-7.5E-02));
#10912 = LINE('',#10913,#10914);
#10913 = CARTESIAN_POINT('',(182.169999,-84.75,0.));
#10914 = VECTOR('',#10915,1.);
#10915 = DIRECTION('',(0.,0.,-1.));
#10916 = ORIENTED_EDGE('',*,*,#10917,.T.);
#10917 = EDGE_CURVE('',#10910,#10910,#10918,.T.);
#10918 = CIRCLE('',#10919,1.349999);
#10919 = AXIS2_PLACEMENT_3D('',#10920,#10921,#10922);
#10920 = CARTESIAN_POINT('',(180.82,-84.75,-7.5E-02));
#10921 = DIRECTION('',(0.,0.,1.));
#10922 = DIRECTION('',(1.,0.,-0.));
#10923 = ORIENTED_EDGE('',*,*,#10907,.F.);
#10924 = ORIENTED_EDGE('',*,*,#10925,.F.);
#10925 = EDGE_CURVE('',#10908,#10908,#10926,.T.);
#10926 = CIRCLE('',#10927,1.349999);
#10927 = AXIS2_PLACEMENT_3D('',#10928,#10929,#10930);
#10928 = CARTESIAN_POINT('',(180.82,-84.75,0.));
#10929 = DIRECTION('',(0.,0.,1.));
#10930 = DIRECTION('',(1.,0.,-0.));
#10931 = CYLINDRICAL_SURFACE('',#10932,1.349999);
#10932 = AXIS2_PLACEMENT_3D('',#10933,#10934,#10935);
#10933 = CARTESIAN_POINT('',(180.82,-84.75,0.));
#10934 = DIRECTION('',(0.,0.,1.));
#10935 = DIRECTION('',(1.,0.,-0.));
#10936 = ADVANCED_FACE('',(#10937,#10940),#10951,.F.);
#10937 = FACE_BOUND('',#10938,.F.);
#10938 = EDGE_LOOP('',(#10939));
#10939 = ORIENTED_EDGE('',*,*,#10925,.F.);
#10940 = FACE_BOUND('',#10941,.F.);
#10941 = EDGE_LOOP('',(#10942));
#10942 = ORIENTED_EDGE('',*,*,#10943,.F.);
#10943 = EDGE_CURVE('',#10944,#10944,#10946,.T.);
#10944 = VERTEX_POINT('',#10945);
#10945 = CARTESIAN_POINT('',(180.82,-85.575,0.));
#10946 = CIRCLE('',#10947,0.825);
#10947 = AXIS2_PLACEMENT_3D('',#10948,#10949,#10950);
#10948 = CARTESIAN_POINT('',(180.82,-84.75,0.));
#10949 = DIRECTION('',(-0.,0.,-1.));
#10950 = DIRECTION('',(-0.,-1.,0.));
#10951 = PLANE('',#10952);
#10952 = AXIS2_PLACEMENT_3D('',#10953,#10954,#10955);
#10953 = CARTESIAN_POINT('',(0.,0.,0.));
#10954 = DIRECTION('',(-0.,-0.,-1.));
#10955 = DIRECTION('',(-1.,0.,0.));
#10956 = ADVANCED_FACE('',(#10957,#10960),#10971,.T.);
#10957 = FACE_BOUND('',#10958,.T.);
#10958 = EDGE_LOOP('',(#10959));
#10959 = ORIENTED_EDGE('',*,*,#10917,.F.);
#10960 = FACE_BOUND('',#10961,.T.);
#10961 = EDGE_LOOP('',(#10962));
#10962 = ORIENTED_EDGE('',*,*,#10963,.F.);
#10963 = EDGE_CURVE('',#10964,#10964,#10966,.T.);
#10964 = VERTEX_POINT('',#10965);
#10965 = CARTESIAN_POINT('',(180.82,-85.575,-7.5E-02));
#10966 = CIRCLE('',#10967,0.825);
#10967 = AXIS2_PLACEMENT_3D('',#10968,#10969,#10970);
#10968 = CARTESIAN_POINT('',(180.82,-84.75,-7.5E-02));
#10969 = DIRECTION('',(-0.,0.,-1.));
#10970 = DIRECTION('',(-0.,-1.,0.));
#10971 = PLANE('',#10972);
#10972 = AXIS2_PLACEMENT_3D('',#10973,#10974,#10975);
#10973 = CARTESIAN_POINT('',(0.,0.,-7.5E-02));
#10974 = DIRECTION('',(-0.,-0.,-1.));
#10975 = DIRECTION('',(-1.,0.,0.));
#10976 = ADVANCED_FACE('',(#10977),#10988,.F.);
#10977 = FACE_BOUND('',#10978,.T.);
#10978 = EDGE_LOOP('',(#10979,#10980,#10986,#10987));
#10979 = ORIENTED_EDGE('',*,*,#10963,.T.);
#10980 = ORIENTED_EDGE('',*,*,#10981,.T.);
#10981 = EDGE_CURVE('',#10964,#10944,#10982,.T.);
#10982 = LINE('',#10983,#10984);
#10983 = CARTESIAN_POINT('',(180.82,-85.575,-8.1E-02));
#10984 = VECTOR('',#10985,1.);
#10985 = DIRECTION('',(0.,0.,1.));
#10986 = ORIENTED_EDGE('',*,*,#10943,.F.);
#10987 = ORIENTED_EDGE('',*,*,#10981,.F.);
#10988 = CYLINDRICAL_SURFACE('',#10989,0.825);
#10989 = AXIS2_PLACEMENT_3D('',#10990,#10991,#10992);
#10990 = CARTESIAN_POINT('',(180.82,-84.75,-8.1E-02));
#10991 = DIRECTION('',(-0.,-0.,-1.));
#10992 = DIRECTION('',(-0.,-1.,0.));
#10993 = MANIFOLD_SOLID_BREP('',#10994);
#10994 = CLOSED_SHELL('',(#10995,#11028,#11048,#11068));
#10995 = ADVANCED_FACE('',(#10996),#11023,.T.);
#10996 = FACE_BOUND('',#10997,.F.);
#10997 = EDGE_LOOP('',(#10998,#11008,#11015,#11016));
#10998 = ORIENTED_EDGE('',*,*,#10999,.T.);
#10999 = EDGE_CURVE('',#11000,#11002,#11004,.T.);
#11000 = VERTEX_POINT('',#11001);
#11001 = CARTESIAN_POINT('',(180.82,-85.6,-7.5E-02));
#11002 = VERTEX_POINT('',#11003);
#11003 = CARTESIAN_POINT('',(180.82,-85.6,1.115));
#11004 = LINE('',#11005,#11006);
#11005 = CARTESIAN_POINT('',(180.82,-85.6,-7.5E-02));
#11006 = VECTOR('',#11007,1.);
#11007 = DIRECTION('',(0.,0.,1.));
#11008 = ORIENTED_EDGE('',*,*,#11009,.T.);
#11009 = EDGE_CURVE('',#11002,#11002,#11010,.T.);
#11010 = CIRCLE('',#11011,0.85);
#11011 = AXIS2_PLACEMENT_3D('',#11012,#11013,#11014);
#11012 = CARTESIAN_POINT('',(180.82,-84.75,1.115));
#11013 = DIRECTION('',(0.,0.,1.));
#11014 = DIRECTION('',(-0.,-1.,0.));
#11015 = ORIENTED_EDGE('',*,*,#10999,.F.);
#11016 = ORIENTED_EDGE('',*,*,#11017,.F.);
#11017 = EDGE_CURVE('',#11000,#11000,#11018,.T.);
#11018 = CIRCLE('',#11019,0.85);
#11019 = AXIS2_PLACEMENT_3D('',#11020,#11021,#11022);
#11020 = CARTESIAN_POINT('',(180.82,-84.75,-7.5E-02));
#11021 = DIRECTION('',(0.,0.,1.));
#11022 = DIRECTION('',(-0.,-1.,0.));
#11023 = CYLINDRICAL_SURFACE('',#11024,0.85);
#11024 = AXIS2_PLACEMENT_3D('',#11025,#11026,#11027);
#11025 = CARTESIAN_POINT('',(180.82,-84.75,-7.5E-02));
#11026 = DIRECTION('',(-0.,-0.,-1.));
#11027 = DIRECTION('',(-0.,-1.,0.));
#11028 = ADVANCED_FACE('',(#11029,#11032),#11043,.F.);
#11029 = FACE_BOUND('',#11030,.F.);
#11030 = EDGE_LOOP('',(#11031));
#11031 = ORIENTED_EDGE('',*,*,#11017,.T.);
#11032 = FACE_BOUND('',#11033,.F.);
#11033 = EDGE_LOOP('',(#11034));
#11034 = ORIENTED_EDGE('',*,*,#11035,.T.);
#11035 = EDGE_CURVE('',#11036,#11036,#11038,.T.);
#11036 = VERTEX_POINT('',#11037);
#11037 = CARTESIAN_POINT('',(180.82,-85.575,-7.5E-02));
#11038 = CIRCLE('',#11039,0.825);
#11039 = AXIS2_PLACEMENT_3D('',#11040,#11041,#11042);
#11040 = CARTESIAN_POINT('',(180.82,-84.75,-7.5E-02));
#11041 = DIRECTION('',(-0.,0.,-1.));
#11042 = DIRECTION('',(-0.,-1.,0.));
#11043 = PLANE('',#11044);
#11044 = AXIS2_PLACEMENT_3D('',#11045,#11046,#11047);
#11045 = CARTESIAN_POINT('',(180.82,-85.6,-7.5E-02));
#11046 = DIRECTION('',(0.,0.,1.));
#11047 = DIRECTION('',(1.,0.,-0.));
#11048 = ADVANCED_FACE('',(#11049,#11052),#11063,.T.);
#11049 = FACE_BOUND('',#11050,.T.);
#11050 = EDGE_LOOP('',(#11051));
#11051 = ORIENTED_EDGE('',*,*,#11009,.T.);
#11052 = FACE_BOUND('',#11053,.T.);
#11053 = EDGE_LOOP('',(#11054));
#11054 = ORIENTED_EDGE('',*,*,#11055,.T.);
#11055 = EDGE_CURVE('',#11056,#11056,#11058,.T.);
#11056 = VERTEX_POINT('',#11057);
#11057 = CARTESIAN_POINT('',(180.82,-85.575,1.115));
#11058 = CIRCLE('',#11059,0.825);
#11059 = AXIS2_PLACEMENT_3D('',#11060,#11061,#11062);
#11060 = CARTESIAN_POINT('',(180.82,-84.75,1.115));
#11061 = DIRECTION('',(-0.,0.,-1.));
#11062 = DIRECTION('',(-0.,-1.,0.));
#11063 = PLANE('',#11064);
#11064 = AXIS2_PLACEMENT_3D('',#11065,#11066,#11067);
#11065 = CARTESIAN_POINT('',(180.82,-85.6,1.115));
#11066 = DIRECTION('',(0.,0.,1.));
#11067 = DIRECTION('',(1.,0.,-0.));
#11068 = ADVANCED_FACE('',(#11069),#11080,.F.);
#11069 = FACE_BOUND('',#11070,.T.);
#11070 = EDGE_LOOP('',(#11071,#11072,#11078,#11079));
#11071 = ORIENTED_EDGE('',*,*,#11035,.T.);
#11072 = ORIENTED_EDGE('',*,*,#11073,.T.);
#11073 = EDGE_CURVE('',#11036,#11056,#11074,.T.);
#11074 = LINE('',#11075,#11076);
#11075 = CARTESIAN_POINT('',(180.82,-85.575,-8.1E-02));
#11076 = VECTOR('',#11077,1.);
#11077 = DIRECTION('',(0.,0.,1.));
#11078 = ORIENTED_EDGE('',*,*,#11055,.F.);
#11079 = ORIENTED_EDGE('',*,*,#11073,.F.);
#11080 = CYLINDRICAL_SURFACE('',#11081,0.825);
#11081 = AXIS2_PLACEMENT_3D('',#11082,#11083,#11084);
#11082 = CARTESIAN_POINT('',(180.82,-84.75,-8.1E-02));
#11083 = DIRECTION('',(-0.,-0.,-1.));
#11084 = DIRECTION('',(-0.,-1.,0.));
#11085 = MANIFOLD_SOLID_BREP('',#11086);
#11086 = CLOSED_SHELL('',(#11087,#11129,#11160,#11191,#11254,#11317,
    #11334,#11351,#11368,#11385,#11397));
#11087 = ADVANCED_FACE('',(#11088),#11124,.T.);
#11088 = FACE_BOUND('',#11089,.T.);
#11089 = EDGE_LOOP('',(#11090,#11100,#11109,#11117));
#11090 = ORIENTED_EDGE('',*,*,#11091,.T.);
#11091 = EDGE_CURVE('',#11092,#11094,#11096,.T.);
#11092 = VERTEX_POINT('',#11093);
#11093 = CARTESIAN_POINT('',(104.725731,-83.650001,1.04));
#11094 = VERTEX_POINT('',#11095);
#11095 = CARTESIAN_POINT('',(104.725731,-83.650001,1.115));
#11096 = LINE('',#11097,#11098);
#11097 = CARTESIAN_POINT('',(104.725731,-83.650001,1.04));
#11098 = VECTOR('',#11099,1.);
#11099 = DIRECTION('',(0.,0.,1.));
#11100 = ORIENTED_EDGE('',*,*,#11101,.T.);
#11101 = EDGE_CURVE('',#11094,#11102,#11104,.T.);
#11102 = VERTEX_POINT('',#11103);
#11103 = CARTESIAN_POINT('',(104.975733,-83.400001,1.115));
#11104 = CIRCLE('',#11105,0.25000066679);
#11105 = AXIS2_PLACEMENT_3D('',#11106,#11107,#11108);
#11106 = CARTESIAN_POINT('',(104.97573166678,-83.65000166678,1.115));
#11107 = DIRECTION('',(0.,0.,-1.));
#11108 = DIRECTION('',(-0.999999999996,2.667137087818E-06,0.));
#11109 = ORIENTED_EDGE('',*,*,#11110,.F.);
#11110 = EDGE_CURVE('',#11111,#11102,#11113,.T.);
#11111 = VERTEX_POINT('',#11112);
#11112 = CARTESIAN_POINT('',(104.975733,-83.400001,1.04));
#11113 = LINE('',#11114,#11115);
#11114 = CARTESIAN_POINT('',(104.975733,-83.400001,1.04));
#11115 = VECTOR('',#11116,1.);
#11116 = DIRECTION('',(0.,0.,1.));
#11117 = ORIENTED_EDGE('',*,*,#11118,.F.);
#11118 = EDGE_CURVE('',#11092,#11111,#11119,.T.);
#11119 = CIRCLE('',#11120,0.25000066679);
#11120 = AXIS2_PLACEMENT_3D('',#11121,#11122,#11123);
#11121 = CARTESIAN_POINT('',(104.97573166678,-83.65000166678,1.04));
#11122 = DIRECTION('',(0.,0.,-1.));
#11123 = DIRECTION('',(-0.999999999996,2.667137087818E-06,0.));
#11124 = CYLINDRICAL_SURFACE('',#11125,0.25000066679);
#11125 = AXIS2_PLACEMENT_3D('',#11126,#11127,#11128);
#11126 = CARTESIAN_POINT('',(104.97573166678,-83.65000166678,1.04));
#11127 = DIRECTION('',(0.,0.,-1.));
#11128 = DIRECTION('',(-0.999999999996,2.667137087818E-06,0.));
#11129 = ADVANCED_FACE('',(#11130),#11155,.T.);
#11130 = FACE_BOUND('',#11131,.T.);
#11131 = EDGE_LOOP('',(#11132,#11142,#11148,#11149));
#11132 = ORIENTED_EDGE('',*,*,#11133,.T.);
#11133 = EDGE_CURVE('',#11134,#11136,#11138,.T.);
#11134 = VERTEX_POINT('',#11135);
#11135 = CARTESIAN_POINT('',(104.725732,-85.849998,1.04));
#11136 = VERTEX_POINT('',#11137);
#11137 = CARTESIAN_POINT('',(104.725732,-85.849998,1.115));
#11138 = LINE('',#11139,#11140);
#11139 = CARTESIAN_POINT('',(104.725732,-85.849998,1.04));
#11140 = VECTOR('',#11141,1.);
#11141 = DIRECTION('',(0.,0.,1.));
#11142 = ORIENTED_EDGE('',*,*,#11143,.T.);
#11143 = EDGE_CURVE('',#11136,#11094,#11144,.T.);
#11144 = LINE('',#11145,#11146);
#11145 = CARTESIAN_POINT('',(104.725732,-85.849998,1.115));
#11146 = VECTOR('',#11147,1.);
#11147 = DIRECTION('',(-4.545460732333E-07,1.,0.));
#11148 = ORIENTED_EDGE('',*,*,#11091,.F.);
#11149 = ORIENTED_EDGE('',*,*,#11150,.F.);
#11150 = EDGE_CURVE('',#11134,#11092,#11151,.T.);
#11151 = LINE('',#11152,#11153);
#11152 = CARTESIAN_POINT('',(104.725732,-85.849998,1.04));
#11153 = VECTOR('',#11154,1.);
#11154 = DIRECTION('',(-4.545460732333E-07,1.,0.));
#11155 = PLANE('',#11156);
#11156 = AXIS2_PLACEMENT_3D('',#11157,#11158,#11159);
#11157 = CARTESIAN_POINT('',(104.725732,-85.849998,1.04));
#11158 = DIRECTION('',(-1.,-4.545460732333E-07,0.));
#11159 = DIRECTION('',(-4.545460732333E-07,1.,0.));
#11160 = ADVANCED_FACE('',(#11161),#11186,.T.);
#11161 = FACE_BOUND('',#11162,.T.);
#11162 = EDGE_LOOP('',(#11163,#11164,#11172,#11180));
#11163 = ORIENTED_EDGE('',*,*,#11110,.T.);
#11164 = ORIENTED_EDGE('',*,*,#11165,.T.);
#11165 = EDGE_CURVE('',#11102,#11166,#11168,.T.);
#11166 = VERTEX_POINT('',#11167);
#11167 = CARTESIAN_POINT('',(107.17573,-83.4,1.115));
#11168 = LINE('',#11169,#11170);
#11169 = CARTESIAN_POINT('',(104.975733,-83.400001,1.115));
#11170 = VECTOR('',#11171,1.);
#11171 = DIRECTION('',(1.,4.545460732333E-07,0.));
#11172 = ORIENTED_EDGE('',*,*,#11173,.F.);
#11173 = EDGE_CURVE('',#11174,#11166,#11176,.T.);
#11174 = VERTEX_POINT('',#11175);
#11175 = CARTESIAN_POINT('',(107.17573,-83.4,1.04));
#11176 = LINE('',#11177,#11178);
#11177 = CARTESIAN_POINT('',(107.17573,-83.4,1.04));
#11178 = VECTOR('',#11179,1.);
#11179 = DIRECTION('',(0.,0.,1.));
#11180 = ORIENTED_EDGE('',*,*,#11181,.F.);
#11181 = EDGE_CURVE('',#11111,#11174,#11182,.T.);
#11182 = LINE('',#11183,#11184);
#11183 = CARTESIAN_POINT('',(104.975733,-83.400001,1.04));
#11184 = VECTOR('',#11185,1.);
#11185 = DIRECTION('',(1.,4.545460732333E-07,0.));
#11186 = PLANE('',#11187);
#11187 = AXIS2_PLACEMENT_3D('',#11188,#11189,#11190);
#11188 = CARTESIAN_POINT('',(104.975733,-83.400001,1.04));
#11189 = DIRECTION('',(-4.545460732333E-07,1.,0.));
#11190 = DIRECTION('',(1.,4.545460732333E-07,0.));
#11191 = ADVANCED_FACE('',(#11192,#11238),#11249,.F.);
#11192 = FACE_BOUND('',#11193,.F.);
#11193 = EDGE_LOOP('',(#11194,#11195,#11196,#11205,#11213,#11222,#11230,
    #11237));
#11194 = ORIENTED_EDGE('',*,*,#11118,.F.);
#11195 = ORIENTED_EDGE('',*,*,#11150,.F.);
#11196 = ORIENTED_EDGE('',*,*,#11197,.F.);
#11197 = EDGE_CURVE('',#11198,#11134,#11200,.T.);
#11198 = VERTEX_POINT('',#11199);
#11199 = CARTESIAN_POINT('',(104.975732,-86.1,1.04));
#11200 = CIRCLE('',#11201,0.25000066679);
#11201 = AXIS2_PLACEMENT_3D('',#11202,#11203,#11204);
#11202 = CARTESIAN_POINT('',(104.97573266678,-85.84999933321,1.04));
#11203 = DIRECTION('',(0.,0.,-1.));
#11204 = DIRECTION('',(-2.667137144662E-06,-0.999999999996,-0.));
#11205 = ORIENTED_EDGE('',*,*,#11206,.F.);
#11206 = EDGE_CURVE('',#11207,#11198,#11209,.T.);
#11207 = VERTEX_POINT('',#11208);
#11208 = CARTESIAN_POINT('',(107.175729,-86.099999,1.04));
#11209 = LINE('',#11210,#11211);
#11210 = CARTESIAN_POINT('',(107.175729,-86.099999,1.04));
#11211 = VECTOR('',#11212,1.);
#11212 = DIRECTION('',(-1.,-4.545460732333E-07,0.));
#11213 = ORIENTED_EDGE('',*,*,#11214,.F.);
#11214 = EDGE_CURVE('',#11215,#11207,#11217,.T.);
#11215 = VERTEX_POINT('',#11216);
#11216 = CARTESIAN_POINT('',(107.425731,-85.849999,1.04));
#11217 = CIRCLE('',#11218,0.25000066679);
#11218 = AXIS2_PLACEMENT_3D('',#11219,#11220,#11221);
#11219 = CARTESIAN_POINT('',(107.17573033321,-85.84999833321,1.04));
#11220 = DIRECTION('',(0.,0.,-1.));
#11221 = DIRECTION('',(0.999999999996,-2.667136974132E-06,0.));
#11222 = ORIENTED_EDGE('',*,*,#11223,.F.);
#11223 = EDGE_CURVE('',#11224,#11215,#11226,.T.);
#11224 = VERTEX_POINT('',#11225);
#11225 = CARTESIAN_POINT('',(107.42573,-83.650002,1.04));
#11226 = LINE('',#11227,#11228);
#11227 = CARTESIAN_POINT('',(107.42573,-83.650002,1.04));
#11228 = VECTOR('',#11229,1.);
#11229 = DIRECTION('',(4.545460732333E-07,-1.,0.));
#11230 = ORIENTED_EDGE('',*,*,#11231,.F.);
#11231 = EDGE_CURVE('',#11174,#11224,#11232,.T.);
#11232 = CIRCLE('',#11233,0.25000066679);
#11233 = AXIS2_PLACEMENT_3D('',#11234,#11235,#11236);
#11234 = CARTESIAN_POINT('',(107.17572933321,-83.65000066678,1.04));
#11235 = DIRECTION('',(0.,0.,-1.));
#11236 = DIRECTION('',(2.667137030976E-06,0.999999999996,0.));
#11237 = ORIENTED_EDGE('',*,*,#11181,.F.);
#11238 = FACE_BOUND('',#11239,.F.);
#11239 = EDGE_LOOP('',(#11240));
#11240 = ORIENTED_EDGE('',*,*,#11241,.T.);
#11241 = EDGE_CURVE('',#11242,#11242,#11244,.T.);
#11242 = VERTEX_POINT('',#11243);
#11243 = CARTESIAN_POINT('',(106.075731,-85.575,1.04));
#11244 = CIRCLE('',#11245,0.825);
#11245 = AXIS2_PLACEMENT_3D('',#11246,#11247,#11248);
#11246 = CARTESIAN_POINT('',(106.075731,-84.75,1.04));
#11247 = DIRECTION('',(-0.,0.,-1.));
#11248 = DIRECTION('',(1.722527844267E-14,-1.,-0.));
#11249 = PLANE('',#11250);
#11250 = AXIS2_PLACEMENT_3D('',#11251,#11252,#11253);
#11251 = CARTESIAN_POINT('',(0.,0.,1.04));
#11252 = DIRECTION('',(0.,0.,1.));
#11253 = DIRECTION('',(1.,0.,-0.));
#11254 = ADVANCED_FACE('',(#11255,#11301),#11312,.T.);
#11255 = FACE_BOUND('',#11256,.T.);
#11256 = EDGE_LOOP('',(#11257,#11258,#11259,#11268,#11276,#11285,#11293,
    #11300));
#11257 = ORIENTED_EDGE('',*,*,#11101,.F.);
#11258 = ORIENTED_EDGE('',*,*,#11143,.F.);
#11259 = ORIENTED_EDGE('',*,*,#11260,.F.);
#11260 = EDGE_CURVE('',#11261,#11136,#11263,.T.);
#11261 = VERTEX_POINT('',#11262);
#11262 = CARTESIAN_POINT('',(104.975732,-86.1,1.115));
#11263 = CIRCLE('',#11264,0.25000066679);
#11264 = AXIS2_PLACEMENT_3D('',#11265,#11266,#11267);
#11265 = CARTESIAN_POINT('',(104.97573266678,-85.84999933321,1.115));
#11266 = DIRECTION('',(0.,0.,-1.));
#11267 = DIRECTION('',(-2.667137144662E-06,-0.999999999996,-0.));
#11268 = ORIENTED_EDGE('',*,*,#11269,.F.);
#11269 = EDGE_CURVE('',#11270,#11261,#11272,.T.);
#11270 = VERTEX_POINT('',#11271);
#11271 = CARTESIAN_POINT('',(107.175729,-86.099999,1.115));
#11272 = LINE('',#11273,#11274);
#11273 = CARTESIAN_POINT('',(107.175729,-86.099999,1.115));
#11274 = VECTOR('',#11275,1.);
#11275 = DIRECTION('',(-1.,-4.545460732333E-07,0.));
#11276 = ORIENTED_EDGE('',*,*,#11277,.F.);
#11277 = EDGE_CURVE('',#11278,#11270,#11280,.T.);
#11278 = VERTEX_POINT('',#11279);
#11279 = CARTESIAN_POINT('',(107.425731,-85.849999,1.115));
#11280 = CIRCLE('',#11281,0.25000066679);
#11281 = AXIS2_PLACEMENT_3D('',#11282,#11283,#11284);
#11282 = CARTESIAN_POINT('',(107.17573033321,-85.84999833321,1.115));
#11283 = DIRECTION('',(0.,0.,-1.));
#11284 = DIRECTION('',(0.999999999996,-2.667136974132E-06,0.));
#11285 = ORIENTED_EDGE('',*,*,#11286,.F.);
#11286 = EDGE_CURVE('',#11287,#11278,#11289,.T.);
#11287 = VERTEX_POINT('',#11288);
#11288 = CARTESIAN_POINT('',(107.42573,-83.650002,1.115));
#11289 = LINE('',#11290,#11291);
#11290 = CARTESIAN_POINT('',(107.42573,-83.650002,1.115));
#11291 = VECTOR('',#11292,1.);
#11292 = DIRECTION('',(4.545460732333E-07,-1.,0.));
#11293 = ORIENTED_EDGE('',*,*,#11294,.F.);
#11294 = EDGE_CURVE('',#11166,#11287,#11295,.T.);
#11295 = CIRCLE('',#11296,0.25000066679);
#11296 = AXIS2_PLACEMENT_3D('',#11297,#11298,#11299);
#11297 = CARTESIAN_POINT('',(107.17572933321,-83.65000066678,1.115));
#11298 = DIRECTION('',(0.,0.,-1.));
#11299 = DIRECTION('',(2.667137030976E-06,0.999999999996,0.));
#11300 = ORIENTED_EDGE('',*,*,#11165,.F.);
#11301 = FACE_BOUND('',#11302,.T.);
#11302 = EDGE_LOOP('',(#11303));
#11303 = ORIENTED_EDGE('',*,*,#11304,.T.);
#11304 = EDGE_CURVE('',#11305,#11305,#11307,.T.);
#11305 = VERTEX_POINT('',#11306);
#11306 = CARTESIAN_POINT('',(106.075731,-85.575,1.115));
#11307 = CIRCLE('',#11308,0.825);
#11308 = AXIS2_PLACEMENT_3D('',#11309,#11310,#11311);
#11309 = CARTESIAN_POINT('',(106.075731,-84.75,1.115));
#11310 = DIRECTION('',(-0.,0.,-1.));
#11311 = DIRECTION('',(1.722527844267E-14,-1.,-0.));
#11312 = PLANE('',#11313);
#11313 = AXIS2_PLACEMENT_3D('',#11314,#11315,#11316);
#11314 = CARTESIAN_POINT('',(0.,0.,1.115));
#11315 = DIRECTION('',(0.,0.,1.));
#11316 = DIRECTION('',(1.,0.,-0.));
#11317 = ADVANCED_FACE('',(#11318),#11329,.T.);
#11318 = FACE_BOUND('',#11319,.T.);
#11319 = EDGE_LOOP('',(#11320,#11326,#11327,#11328));
#11320 = ORIENTED_EDGE('',*,*,#11321,.T.);
#11321 = EDGE_CURVE('',#11198,#11261,#11322,.T.);
#11322 = LINE('',#11323,#11324);
#11323 = CARTESIAN_POINT('',(104.975732,-86.1,1.04));
#11324 = VECTOR('',#11325,1.);
#11325 = DIRECTION('',(0.,0.,1.));
#11326 = ORIENTED_EDGE('',*,*,#11260,.T.);
#11327 = ORIENTED_EDGE('',*,*,#11133,.F.);
#11328 = ORIENTED_EDGE('',*,*,#11197,.F.);
#11329 = CYLINDRICAL_SURFACE('',#11330,0.25000066679);
#11330 = AXIS2_PLACEMENT_3D('',#11331,#11332,#11333);
#11331 = CARTESIAN_POINT('',(104.97573266678,-85.84999933321,1.04));
#11332 = DIRECTION('',(0.,0.,-1.));
#11333 = DIRECTION('',(-2.667137144662E-06,-0.999999999996,-0.));
#11334 = ADVANCED_FACE('',(#11335),#11346,.T.);
#11335 = FACE_BOUND('',#11336,.T.);
#11336 = EDGE_LOOP('',(#11337,#11338,#11339,#11345));
#11337 = ORIENTED_EDGE('',*,*,#11173,.T.);
#11338 = ORIENTED_EDGE('',*,*,#11294,.T.);
#11339 = ORIENTED_EDGE('',*,*,#11340,.F.);
#11340 = EDGE_CURVE('',#11224,#11287,#11341,.T.);
#11341 = LINE('',#11342,#11343);
#11342 = CARTESIAN_POINT('',(107.42573,-83.650002,1.04));
#11343 = VECTOR('',#11344,1.);
#11344 = DIRECTION('',(0.,0.,1.));
#11345 = ORIENTED_EDGE('',*,*,#11231,.F.);
#11346 = CYLINDRICAL_SURFACE('',#11347,0.25000066679);
#11347 = AXIS2_PLACEMENT_3D('',#11348,#11349,#11350);
#11348 = CARTESIAN_POINT('',(107.17572933321,-83.65000066678,1.04));
#11349 = DIRECTION('',(0.,0.,-1.));
#11350 = DIRECTION('',(2.667137030976E-06,0.999999999996,0.));
#11351 = ADVANCED_FACE('',(#11352),#11363,.T.);
#11352 = FACE_BOUND('',#11353,.T.);
#11353 = EDGE_LOOP('',(#11354,#11360,#11361,#11362));
#11354 = ORIENTED_EDGE('',*,*,#11355,.T.);
#11355 = EDGE_CURVE('',#11207,#11270,#11356,.T.);
#11356 = LINE('',#11357,#11358);
#11357 = CARTESIAN_POINT('',(107.175729,-86.099999,1.04));
#11358 = VECTOR('',#11359,1.);
#11359 = DIRECTION('',(0.,0.,1.));
#11360 = ORIENTED_EDGE('',*,*,#11269,.T.);
#11361 = ORIENTED_EDGE('',*,*,#11321,.F.);
#11362 = ORIENTED_EDGE('',*,*,#11206,.F.);
#11363 = PLANE('',#11364);
#11364 = AXIS2_PLACEMENT_3D('',#11365,#11366,#11367);
#11365 = CARTESIAN_POINT('',(107.175729,-86.099999,1.04));
#11366 = DIRECTION('',(4.545460732333E-07,-1.,0.));
#11367 = DIRECTION('',(-1.,-4.545460732333E-07,0.));
#11368 = ADVANCED_FACE('',(#11369),#11380,.T.);
#11369 = FACE_BOUND('',#11370,.T.);
#11370 = EDGE_LOOP('',(#11371,#11372,#11373,#11379));
#11371 = ORIENTED_EDGE('',*,*,#11340,.T.);
#11372 = ORIENTED_EDGE('',*,*,#11286,.T.);
#11373 = ORIENTED_EDGE('',*,*,#11374,.F.);
#11374 = EDGE_CURVE('',#11215,#11278,#11375,.T.);
#11375 = LINE('',#11376,#11377);
#11376 = CARTESIAN_POINT('',(107.425731,-85.849999,1.04));
#11377 = VECTOR('',#11378,1.);
#11378 = DIRECTION('',(0.,0.,1.));
#11379 = ORIENTED_EDGE('',*,*,#11223,.F.);
#11380 = PLANE('',#11381);
#11381 = AXIS2_PLACEMENT_3D('',#11382,#11383,#11384);
#11382 = CARTESIAN_POINT('',(107.42573,-83.650002,1.04));
#11383 = DIRECTION('',(1.,4.545460732333E-07,-0.));
#11384 = DIRECTION('',(4.545460732333E-07,-1.,0.));
#11385 = ADVANCED_FACE('',(#11386),#11392,.T.);
#11386 = FACE_BOUND('',#11387,.T.);
#11387 = EDGE_LOOP('',(#11388,#11389,#11390,#11391));
#11388 = ORIENTED_EDGE('',*,*,#11374,.T.);
#11389 = ORIENTED_EDGE('',*,*,#11277,.T.);
#11390 = ORIENTED_EDGE('',*,*,#11355,.F.);
#11391 = ORIENTED_EDGE('',*,*,#11214,.F.);
#11392 = CYLINDRICAL_SURFACE('',#11393,0.25000066679);
#11393 = AXIS2_PLACEMENT_3D('',#11394,#11395,#11396);
#11394 = CARTESIAN_POINT('',(107.17573033321,-85.84999833321,1.04));
#11395 = DIRECTION('',(0.,0.,-1.));
#11396 = DIRECTION('',(0.999999999996,-2.667136974132E-06,0.));
#11397 = ADVANCED_FACE('',(#11398),#11409,.F.);
#11398 = FACE_BOUND('',#11399,.T.);
#11399 = EDGE_LOOP('',(#11400,#11401,#11407,#11408));
#11400 = ORIENTED_EDGE('',*,*,#11241,.T.);
#11401 = ORIENTED_EDGE('',*,*,#11402,.T.);
#11402 = EDGE_CURVE('',#11242,#11305,#11403,.T.);
#11403 = LINE('',#11404,#11405);
#11404 = CARTESIAN_POINT('',(106.075731,-85.575,-8.1E-02));
#11405 = VECTOR('',#11406,1.);
#11406 = DIRECTION('',(0.,0.,1.));
#11407 = ORIENTED_EDGE('',*,*,#11304,.F.);
#11408 = ORIENTED_EDGE('',*,*,#11402,.F.);
#11409 = CYLINDRICAL_SURFACE('',#11410,0.825);
#11410 = AXIS2_PLACEMENT_3D('',#11411,#11412,#11413);
#11411 = CARTESIAN_POINT('',(106.075731,-84.75,-8.1E-02));
#11412 = DIRECTION('',(-0.,0.,-1.));
#11413 = DIRECTION('',(1.722527844267E-14,-1.,-0.));
#11414 = MANIFOLD_SOLID_BREP('',#11415);
#11415 = CLOSED_SHELL('',(#11416,#11458,#11489,#11520,#11583,#11646,
    #11663,#11680,#11697,#11714,#11726));
#11416 = ADVANCED_FACE('',(#11417),#11453,.T.);
#11417 = FACE_BOUND('',#11418,.F.);
#11418 = EDGE_LOOP('',(#11419,#11429,#11438,#11446));
#11419 = ORIENTED_EDGE('',*,*,#11420,.T.);
#11420 = EDGE_CURVE('',#11421,#11423,#11425,.T.);
#11421 = VERTEX_POINT('',#11422);
#11422 = CARTESIAN_POINT('',(104.725731,-83.650001,0.));
#11423 = VERTEX_POINT('',#11424);
#11424 = CARTESIAN_POINT('',(104.725731,-83.650001,-7.5E-02));
#11425 = LINE('',#11426,#11427);
#11426 = CARTESIAN_POINT('',(104.725731,-83.650001,0.));
#11427 = VECTOR('',#11428,1.);
#11428 = DIRECTION('',(0.,0.,-1.));
#11429 = ORIENTED_EDGE('',*,*,#11430,.T.);
#11430 = EDGE_CURVE('',#11423,#11431,#11433,.T.);
#11431 = VERTEX_POINT('',#11432);
#11432 = CARTESIAN_POINT('',(104.975733,-83.400001,-7.5E-02));
#11433 = CIRCLE('',#11434,0.25000066679);
#11434 = AXIS2_PLACEMENT_3D('',#11435,#11436,#11437);
#11435 = CARTESIAN_POINT('',(104.97573166678,-83.65000166678,-7.5E-02));
#11436 = DIRECTION('',(0.,0.,-1.));
#11437 = DIRECTION('',(-0.999999999996,2.667137087818E-06,0.));
#11438 = ORIENTED_EDGE('',*,*,#11439,.F.);
#11439 = EDGE_CURVE('',#11440,#11431,#11442,.T.);
#11440 = VERTEX_POINT('',#11441);
#11441 = CARTESIAN_POINT('',(104.975733,-83.400001,0.));
#11442 = LINE('',#11443,#11444);
#11443 = CARTESIAN_POINT('',(104.975733,-83.400001,0.));
#11444 = VECTOR('',#11445,1.);
#11445 = DIRECTION('',(0.,0.,-1.));
#11446 = ORIENTED_EDGE('',*,*,#11447,.F.);
#11447 = EDGE_CURVE('',#11421,#11440,#11448,.T.);
#11448 = CIRCLE('',#11449,0.25000066679);
#11449 = AXIS2_PLACEMENT_3D('',#11450,#11451,#11452);
#11450 = CARTESIAN_POINT('',(104.97573166678,-83.65000166678,0.));
#11451 = DIRECTION('',(0.,0.,-1.));
#11452 = DIRECTION('',(-0.999999999996,2.667137087818E-06,0.));
#11453 = CYLINDRICAL_SURFACE('',#11454,0.25000066679);
#11454 = AXIS2_PLACEMENT_3D('',#11455,#11456,#11457);
#11455 = CARTESIAN_POINT('',(104.97573166678,-83.65000166678,0.));
#11456 = DIRECTION('',(-0.,-0.,1.));
#11457 = DIRECTION('',(-0.999999999996,2.667137087818E-06,0.));
#11458 = ADVANCED_FACE('',(#11459),#11484,.F.);
#11459 = FACE_BOUND('',#11460,.F.);
#11460 = EDGE_LOOP('',(#11461,#11471,#11477,#11478));
#11461 = ORIENTED_EDGE('',*,*,#11462,.T.);
#11462 = EDGE_CURVE('',#11463,#11465,#11467,.T.);
#11463 = VERTEX_POINT('',#11464);
#11464 = CARTESIAN_POINT('',(104.725732,-85.849998,0.));
#11465 = VERTEX_POINT('',#11466);
#11466 = CARTESIAN_POINT('',(104.725732,-85.849998,-7.5E-02));
#11467 = LINE('',#11468,#11469);
#11468 = CARTESIAN_POINT('',(104.725732,-85.849998,0.));
#11469 = VECTOR('',#11470,1.);
#11470 = DIRECTION('',(0.,0.,-1.));
#11471 = ORIENTED_EDGE('',*,*,#11472,.T.);
#11472 = EDGE_CURVE('',#11465,#11423,#11473,.T.);
#11473 = LINE('',#11474,#11475);
#11474 = CARTESIAN_POINT('',(104.725732,-85.849998,-7.5E-02));
#11475 = VECTOR('',#11476,1.);
#11476 = DIRECTION('',(-4.545460732333E-07,1.,0.));
#11477 = ORIENTED_EDGE('',*,*,#11420,.F.);
#11478 = ORIENTED_EDGE('',*,*,#11479,.F.);
#11479 = EDGE_CURVE('',#11463,#11421,#11480,.T.);
#11480 = LINE('',#11481,#11482);
#11481 = CARTESIAN_POINT('',(104.725732,-85.849998,0.));
#11482 = VECTOR('',#11483,1.);
#11483 = DIRECTION('',(-4.545460732333E-07,1.,0.));
#11484 = PLANE('',#11485);
#11485 = AXIS2_PLACEMENT_3D('',#11486,#11487,#11488);
#11486 = CARTESIAN_POINT('',(104.725732,-85.849998,0.));
#11487 = DIRECTION('',(1.,4.545460732333E-07,0.));
#11488 = DIRECTION('',(-4.545460732333E-07,1.,0.));
#11489 = ADVANCED_FACE('',(#11490),#11515,.F.);
#11490 = FACE_BOUND('',#11491,.F.);
#11491 = EDGE_LOOP('',(#11492,#11493,#11501,#11509));
#11492 = ORIENTED_EDGE('',*,*,#11439,.T.);
#11493 = ORIENTED_EDGE('',*,*,#11494,.T.);
#11494 = EDGE_CURVE('',#11431,#11495,#11497,.T.);
#11495 = VERTEX_POINT('',#11496);
#11496 = CARTESIAN_POINT('',(107.17573,-83.4,-7.5E-02));
#11497 = LINE('',#11498,#11499);
#11498 = CARTESIAN_POINT('',(104.975733,-83.400001,-7.5E-02));
#11499 = VECTOR('',#11500,1.);
#11500 = DIRECTION('',(1.,4.545460732333E-07,0.));
#11501 = ORIENTED_EDGE('',*,*,#11502,.F.);
#11502 = EDGE_CURVE('',#11503,#11495,#11505,.T.);
#11503 = VERTEX_POINT('',#11504);
#11504 = CARTESIAN_POINT('',(107.17573,-83.4,0.));
#11505 = LINE('',#11506,#11507);
#11506 = CARTESIAN_POINT('',(107.17573,-83.4,0.));
#11507 = VECTOR('',#11508,1.);
#11508 = DIRECTION('',(0.,0.,-1.));
#11509 = ORIENTED_EDGE('',*,*,#11510,.F.);
#11510 = EDGE_CURVE('',#11440,#11503,#11511,.T.);
#11511 = LINE('',#11512,#11513);
#11512 = CARTESIAN_POINT('',(104.975733,-83.400001,0.));
#11513 = VECTOR('',#11514,1.);
#11514 = DIRECTION('',(1.,4.545460732333E-07,0.));
#11515 = PLANE('',#11516);
#11516 = AXIS2_PLACEMENT_3D('',#11517,#11518,#11519);
#11517 = CARTESIAN_POINT('',(104.975733,-83.400001,0.));
#11518 = DIRECTION('',(4.545460732333E-07,-1.,0.));
#11519 = DIRECTION('',(1.,4.545460732333E-07,0.));
#11520 = ADVANCED_FACE('',(#11521,#11567),#11578,.F.);
#11521 = FACE_BOUND('',#11522,.F.);
#11522 = EDGE_LOOP('',(#11523,#11524,#11525,#11534,#11542,#11551,#11559,
    #11566));
#11523 = ORIENTED_EDGE('',*,*,#11447,.T.);
#11524 = ORIENTED_EDGE('',*,*,#11510,.T.);
#11525 = ORIENTED_EDGE('',*,*,#11526,.T.);
#11526 = EDGE_CURVE('',#11503,#11527,#11529,.T.);
#11527 = VERTEX_POINT('',#11528);
#11528 = CARTESIAN_POINT('',(107.42573,-83.650002,0.));
#11529 = CIRCLE('',#11530,0.25000066679);
#11530 = AXIS2_PLACEMENT_3D('',#11531,#11532,#11533);
#11531 = CARTESIAN_POINT('',(107.17572933321,-83.65000066678,0.));
#11532 = DIRECTION('',(0.,0.,-1.));
#11533 = DIRECTION('',(2.667137030976E-06,0.999999999996,0.));
#11534 = ORIENTED_EDGE('',*,*,#11535,.T.);
#11535 = EDGE_CURVE('',#11527,#11536,#11538,.T.);
#11536 = VERTEX_POINT('',#11537);
#11537 = CARTESIAN_POINT('',(107.425731,-85.849999,0.));
#11538 = LINE('',#11539,#11540);
#11539 = CARTESIAN_POINT('',(107.42573,-83.650002,0.));
#11540 = VECTOR('',#11541,1.);
#11541 = DIRECTION('',(4.545460732333E-07,-1.,0.));
#11542 = ORIENTED_EDGE('',*,*,#11543,.T.);
#11543 = EDGE_CURVE('',#11536,#11544,#11546,.T.);
#11544 = VERTEX_POINT('',#11545);
#11545 = CARTESIAN_POINT('',(107.175729,-86.099999,0.));
#11546 = CIRCLE('',#11547,0.25000066679);
#11547 = AXIS2_PLACEMENT_3D('',#11548,#11549,#11550);
#11548 = CARTESIAN_POINT('',(107.17573033321,-85.84999833321,0.));
#11549 = DIRECTION('',(0.,0.,-1.));
#11550 = DIRECTION('',(0.999999999996,-2.667136974132E-06,0.));
#11551 = ORIENTED_EDGE('',*,*,#11552,.T.);
#11552 = EDGE_CURVE('',#11544,#11553,#11555,.T.);
#11553 = VERTEX_POINT('',#11554);
#11554 = CARTESIAN_POINT('',(104.975732,-86.1,0.));
#11555 = LINE('',#11556,#11557);
#11556 = CARTESIAN_POINT('',(107.175729,-86.099999,0.));
#11557 = VECTOR('',#11558,1.);
#11558 = DIRECTION('',(-1.,-4.545460732333E-07,0.));
#11559 = ORIENTED_EDGE('',*,*,#11560,.T.);
#11560 = EDGE_CURVE('',#11553,#11463,#11561,.T.);
#11561 = CIRCLE('',#11562,0.25000066679);
#11562 = AXIS2_PLACEMENT_3D('',#11563,#11564,#11565);
#11563 = CARTESIAN_POINT('',(104.97573266678,-85.84999933321,0.));
#11564 = DIRECTION('',(0.,0.,-1.));
#11565 = DIRECTION('',(-2.667137144662E-06,-0.999999999996,-0.));
#11566 = ORIENTED_EDGE('',*,*,#11479,.T.);
#11567 = FACE_BOUND('',#11568,.F.);
#11568 = EDGE_LOOP('',(#11569));
#11569 = ORIENTED_EDGE('',*,*,#11570,.F.);
#11570 = EDGE_CURVE('',#11571,#11571,#11573,.T.);
#11571 = VERTEX_POINT('',#11572);
#11572 = CARTESIAN_POINT('',(106.075731,-85.575,0.));
#11573 = CIRCLE('',#11574,0.825);
#11574 = AXIS2_PLACEMENT_3D('',#11575,#11576,#11577);
#11575 = CARTESIAN_POINT('',(106.075731,-84.75,0.));
#11576 = DIRECTION('',(-0.,0.,-1.));
#11577 = DIRECTION('',(1.722527844267E-14,-1.,-0.));
#11578 = PLANE('',#11579);
#11579 = AXIS2_PLACEMENT_3D('',#11580,#11581,#11582);
#11580 = CARTESIAN_POINT('',(0.,0.,0.));
#11581 = DIRECTION('',(-0.,-0.,-1.));
#11582 = DIRECTION('',(-1.,0.,0.));
#11583 = ADVANCED_FACE('',(#11584,#11630),#11641,.T.);
#11584 = FACE_BOUND('',#11585,.T.);
#11585 = EDGE_LOOP('',(#11586,#11587,#11588,#11597,#11605,#11614,#11622,
    #11629));
#11586 = ORIENTED_EDGE('',*,*,#11430,.T.);
#11587 = ORIENTED_EDGE('',*,*,#11494,.T.);
#11588 = ORIENTED_EDGE('',*,*,#11589,.T.);
#11589 = EDGE_CURVE('',#11495,#11590,#11592,.T.);
#11590 = VERTEX_POINT('',#11591);
#11591 = CARTESIAN_POINT('',(107.42573,-83.650002,-7.5E-02));
#11592 = CIRCLE('',#11593,0.25000066679);
#11593 = AXIS2_PLACEMENT_3D('',#11594,#11595,#11596);
#11594 = CARTESIAN_POINT('',(107.17572933321,-83.65000066678,-7.5E-02));
#11595 = DIRECTION('',(0.,0.,-1.));
#11596 = DIRECTION('',(2.667137030976E-06,0.999999999996,0.));
#11597 = ORIENTED_EDGE('',*,*,#11598,.T.);
#11598 = EDGE_CURVE('',#11590,#11599,#11601,.T.);
#11599 = VERTEX_POINT('',#11600);
#11600 = CARTESIAN_POINT('',(107.425731,-85.849999,-7.5E-02));
#11601 = LINE('',#11602,#11603);
#11602 = CARTESIAN_POINT('',(107.42573,-83.650002,-7.5E-02));
#11603 = VECTOR('',#11604,1.);
#11604 = DIRECTION('',(4.545460732333E-07,-1.,0.));
#11605 = ORIENTED_EDGE('',*,*,#11606,.T.);
#11606 = EDGE_CURVE('',#11599,#11607,#11609,.T.);
#11607 = VERTEX_POINT('',#11608);
#11608 = CARTESIAN_POINT('',(107.175729,-86.099999,-7.5E-02));
#11609 = CIRCLE('',#11610,0.25000066679);
#11610 = AXIS2_PLACEMENT_3D('',#11611,#11612,#11613);
#11611 = CARTESIAN_POINT('',(107.17573033321,-85.84999833321,-7.5E-02));
#11612 = DIRECTION('',(0.,0.,-1.));
#11613 = DIRECTION('',(0.999999999996,-2.667136974132E-06,0.));
#11614 = ORIENTED_EDGE('',*,*,#11615,.T.);
#11615 = EDGE_CURVE('',#11607,#11616,#11618,.T.);
#11616 = VERTEX_POINT('',#11617);
#11617 = CARTESIAN_POINT('',(104.975732,-86.1,-7.5E-02));
#11618 = LINE('',#11619,#11620);
#11619 = CARTESIAN_POINT('',(107.175729,-86.099999,-7.5E-02));
#11620 = VECTOR('',#11621,1.);
#11621 = DIRECTION('',(-1.,-4.545460732333E-07,0.));
#11622 = ORIENTED_EDGE('',*,*,#11623,.T.);
#11623 = EDGE_CURVE('',#11616,#11465,#11624,.T.);
#11624 = CIRCLE('',#11625,0.25000066679);
#11625 = AXIS2_PLACEMENT_3D('',#11626,#11627,#11628);
#11626 = CARTESIAN_POINT('',(104.97573266678,-85.84999933321,-7.5E-02));
#11627 = DIRECTION('',(0.,0.,-1.));
#11628 = DIRECTION('',(-2.667137144662E-06,-0.999999999996,-0.));
#11629 = ORIENTED_EDGE('',*,*,#11472,.T.);
#11630 = FACE_BOUND('',#11631,.T.);
#11631 = EDGE_LOOP('',(#11632));
#11632 = ORIENTED_EDGE('',*,*,#11633,.F.);
#11633 = EDGE_CURVE('',#11634,#11634,#11636,.T.);
#11634 = VERTEX_POINT('',#11635);
#11635 = CARTESIAN_POINT('',(106.075731,-85.575,-7.5E-02));
#11636 = CIRCLE('',#11637,0.825);
#11637 = AXIS2_PLACEMENT_3D('',#11638,#11639,#11640);
#11638 = CARTESIAN_POINT('',(106.075731,-84.75,-7.5E-02));
#11639 = DIRECTION('',(-0.,0.,-1.));
#11640 = DIRECTION('',(1.722527844267E-14,-1.,-0.));
#11641 = PLANE('',#11642);
#11642 = AXIS2_PLACEMENT_3D('',#11643,#11644,#11645);
#11643 = CARTESIAN_POINT('',(0.,0.,-7.5E-02));
#11644 = DIRECTION('',(-0.,-0.,-1.));
#11645 = DIRECTION('',(-1.,0.,0.));
#11646 = ADVANCED_FACE('',(#11647),#11658,.T.);
#11647 = FACE_BOUND('',#11648,.F.);
#11648 = EDGE_LOOP('',(#11649,#11655,#11656,#11657));
#11649 = ORIENTED_EDGE('',*,*,#11650,.T.);
#11650 = EDGE_CURVE('',#11553,#11616,#11651,.T.);
#11651 = LINE('',#11652,#11653);
#11652 = CARTESIAN_POINT('',(104.975732,-86.1,0.));
#11653 = VECTOR('',#11654,1.);
#11654 = DIRECTION('',(0.,0.,-1.));
#11655 = ORIENTED_EDGE('',*,*,#11623,.T.);
#11656 = ORIENTED_EDGE('',*,*,#11462,.F.);
#11657 = ORIENTED_EDGE('',*,*,#11560,.F.);
#11658 = CYLINDRICAL_SURFACE('',#11659,0.25000066679);
#11659 = AXIS2_PLACEMENT_3D('',#11660,#11661,#11662);
#11660 = CARTESIAN_POINT('',(104.97573266678,-85.84999933321,0.));
#11661 = DIRECTION('',(-0.,-0.,1.));
#11662 = DIRECTION('',(-2.667137144662E-06,-0.999999999996,-0.));
#11663 = ADVANCED_FACE('',(#11664),#11675,.T.);
#11664 = FACE_BOUND('',#11665,.F.);
#11665 = EDGE_LOOP('',(#11666,#11667,#11668,#11674));
#11666 = ORIENTED_EDGE('',*,*,#11502,.T.);
#11667 = ORIENTED_EDGE('',*,*,#11589,.T.);
#11668 = ORIENTED_EDGE('',*,*,#11669,.F.);
#11669 = EDGE_CURVE('',#11527,#11590,#11670,.T.);
#11670 = LINE('',#11671,#11672);
#11671 = CARTESIAN_POINT('',(107.42573,-83.650002,0.));
#11672 = VECTOR('',#11673,1.);
#11673 = DIRECTION('',(0.,0.,-1.));
#11674 = ORIENTED_EDGE('',*,*,#11526,.F.);
#11675 = CYLINDRICAL_SURFACE('',#11676,0.25000066679);
#11676 = AXIS2_PLACEMENT_3D('',#11677,#11678,#11679);
#11677 = CARTESIAN_POINT('',(107.17572933321,-83.65000066678,0.));
#11678 = DIRECTION('',(-0.,-0.,1.));
#11679 = DIRECTION('',(2.667137030976E-06,0.999999999996,0.));
#11680 = ADVANCED_FACE('',(#11681),#11692,.F.);
#11681 = FACE_BOUND('',#11682,.F.);
#11682 = EDGE_LOOP('',(#11683,#11689,#11690,#11691));
#11683 = ORIENTED_EDGE('',*,*,#11684,.T.);
#11684 = EDGE_CURVE('',#11544,#11607,#11685,.T.);
#11685 = LINE('',#11686,#11687);
#11686 = CARTESIAN_POINT('',(107.175729,-86.099999,0.));
#11687 = VECTOR('',#11688,1.);
#11688 = DIRECTION('',(0.,0.,-1.));
#11689 = ORIENTED_EDGE('',*,*,#11615,.T.);
#11690 = ORIENTED_EDGE('',*,*,#11650,.F.);
#11691 = ORIENTED_EDGE('',*,*,#11552,.F.);
#11692 = PLANE('',#11693);
#11693 = AXIS2_PLACEMENT_3D('',#11694,#11695,#11696);
#11694 = CARTESIAN_POINT('',(107.175729,-86.099999,0.));
#11695 = DIRECTION('',(-4.545460732333E-07,1.,0.));
#11696 = DIRECTION('',(-1.,-4.545460732333E-07,0.));
#11697 = ADVANCED_FACE('',(#11698),#11709,.F.);
#11698 = FACE_BOUND('',#11699,.F.);
#11699 = EDGE_LOOP('',(#11700,#11701,#11702,#11708));
#11700 = ORIENTED_EDGE('',*,*,#11669,.T.);
#11701 = ORIENTED_EDGE('',*,*,#11598,.T.);
#11702 = ORIENTED_EDGE('',*,*,#11703,.F.);
#11703 = EDGE_CURVE('',#11536,#11599,#11704,.T.);
#11704 = LINE('',#11705,#11706);
#11705 = CARTESIAN_POINT('',(107.425731,-85.849999,0.));
#11706 = VECTOR('',#11707,1.);
#11707 = DIRECTION('',(0.,0.,-1.));
#11708 = ORIENTED_EDGE('',*,*,#11535,.F.);
#11709 = PLANE('',#11710);
#11710 = AXIS2_PLACEMENT_3D('',#11711,#11712,#11713);
#11711 = CARTESIAN_POINT('',(107.42573,-83.650002,0.));
#11712 = DIRECTION('',(-1.,-4.545460732333E-07,-0.));
#11713 = DIRECTION('',(4.545460732333E-07,-1.,0.));
#11714 = ADVANCED_FACE('',(#11715),#11721,.T.);
#11715 = FACE_BOUND('',#11716,.F.);
#11716 = EDGE_LOOP('',(#11717,#11718,#11719,#11720));
#11717 = ORIENTED_EDGE('',*,*,#11703,.T.);
#11718 = ORIENTED_EDGE('',*,*,#11606,.T.);
#11719 = ORIENTED_EDGE('',*,*,#11684,.F.);
#11720 = ORIENTED_EDGE('',*,*,#11543,.F.);
#11721 = CYLINDRICAL_SURFACE('',#11722,0.25000066679);
#11722 = AXIS2_PLACEMENT_3D('',#11723,#11724,#11725);
#11723 = CARTESIAN_POINT('',(107.17573033321,-85.84999833321,0.));
#11724 = DIRECTION('',(-0.,-0.,1.));
#11725 = DIRECTION('',(0.999999999996,-2.667136974132E-06,0.));
#11726 = ADVANCED_FACE('',(#11727),#11738,.F.);
#11727 = FACE_BOUND('',#11728,.T.);
#11728 = EDGE_LOOP('',(#11729,#11730,#11736,#11737));
#11729 = ORIENTED_EDGE('',*,*,#11633,.T.);
#11730 = ORIENTED_EDGE('',*,*,#11731,.T.);
#11731 = EDGE_CURVE('',#11634,#11571,#11732,.T.);
#11732 = LINE('',#11733,#11734);
#11733 = CARTESIAN_POINT('',(106.075731,-85.575,-8.1E-02));
#11734 = VECTOR('',#11735,1.);
#11735 = DIRECTION('',(0.,0.,1.));
#11736 = ORIENTED_EDGE('',*,*,#11570,.F.);
#11737 = ORIENTED_EDGE('',*,*,#11731,.F.);
#11738 = CYLINDRICAL_SURFACE('',#11739,0.825);
#11739 = AXIS2_PLACEMENT_3D('',#11740,#11741,#11742);
#11740 = CARTESIAN_POINT('',(106.075731,-84.75,-8.1E-02));
#11741 = DIRECTION('',(-0.,0.,-1.));
#11742 = DIRECTION('',(1.722527844267E-14,-1.,-0.));
#11743 = MANIFOLD_SOLID_BREP('',#11744);
#11744 = CLOSED_SHELL('',(#11745,#11778,#11798,#11818));
#11745 = ADVANCED_FACE('',(#11746),#11773,.T.);
#11746 = FACE_BOUND('',#11747,.F.);
#11747 = EDGE_LOOP('',(#11748,#11758,#11765,#11766));
#11748 = ORIENTED_EDGE('',*,*,#11749,.T.);
#11749 = EDGE_CURVE('',#11750,#11752,#11754,.T.);
#11750 = VERTEX_POINT('',#11751);
#11751 = CARTESIAN_POINT('',(106.075731,-85.6,-7.5E-02));
#11752 = VERTEX_POINT('',#11753);
#11753 = CARTESIAN_POINT('',(106.075731,-85.6,1.115));
#11754 = LINE('',#11755,#11756);
#11755 = CARTESIAN_POINT('',(106.075731,-85.6,-7.5E-02));
#11756 = VECTOR('',#11757,1.);
#11757 = DIRECTION('',(0.,0.,1.));
#11758 = ORIENTED_EDGE('',*,*,#11759,.T.);
#11759 = EDGE_CURVE('',#11752,#11752,#11760,.T.);
#11760 = CIRCLE('',#11761,0.85);
#11761 = AXIS2_PLACEMENT_3D('',#11762,#11763,#11764);
#11762 = CARTESIAN_POINT('',(106.075731,-84.75,1.115));
#11763 = DIRECTION('',(0.,-0.,1.));
#11764 = DIRECTION('',(1.671865260612E-14,-1.,-0.));
#11765 = ORIENTED_EDGE('',*,*,#11749,.F.);
#11766 = ORIENTED_EDGE('',*,*,#11767,.F.);
#11767 = EDGE_CURVE('',#11750,#11750,#11768,.T.);
#11768 = CIRCLE('',#11769,0.85);
#11769 = AXIS2_PLACEMENT_3D('',#11770,#11771,#11772);
#11770 = CARTESIAN_POINT('',(106.075731,-84.75,-7.5E-02));
#11771 = DIRECTION('',(0.,-0.,1.));
#11772 = DIRECTION('',(1.671865260612E-14,-1.,-0.));
#11773 = CYLINDRICAL_SURFACE('',#11774,0.85);
#11774 = AXIS2_PLACEMENT_3D('',#11775,#11776,#11777);
#11775 = CARTESIAN_POINT('',(106.075731,-84.75,-7.5E-02));
#11776 = DIRECTION('',(-0.,0.,-1.));
#11777 = DIRECTION('',(1.671865260612E-14,-1.,-0.));
#11778 = ADVANCED_FACE('',(#11779,#11782),#11793,.F.);
#11779 = FACE_BOUND('',#11780,.F.);
#11780 = EDGE_LOOP('',(#11781));
#11781 = ORIENTED_EDGE('',*,*,#11767,.T.);
#11782 = FACE_BOUND('',#11783,.F.);
#11783 = EDGE_LOOP('',(#11784));
#11784 = ORIENTED_EDGE('',*,*,#11785,.T.);
#11785 = EDGE_CURVE('',#11786,#11786,#11788,.T.);
#11786 = VERTEX_POINT('',#11787);
#11787 = CARTESIAN_POINT('',(106.075731,-85.575,-7.5E-02));
#11788 = CIRCLE('',#11789,0.825);
#11789 = AXIS2_PLACEMENT_3D('',#11790,#11791,#11792);
#11790 = CARTESIAN_POINT('',(106.075731,-84.75,-7.5E-02));
#11791 = DIRECTION('',(-0.,0.,-1.));
#11792 = DIRECTION('',(1.722527844267E-14,-1.,-0.));
#11793 = PLANE('',#11794);
#11794 = AXIS2_PLACEMENT_3D('',#11795,#11796,#11797);
#11795 = CARTESIAN_POINT('',(106.075731,-85.6,-7.5E-02));
#11796 = DIRECTION('',(0.,0.,1.));
#11797 = DIRECTION('',(1.,0.,-0.));
#11798 = ADVANCED_FACE('',(#11799,#11802),#11813,.T.);
#11799 = FACE_BOUND('',#11800,.T.);
#11800 = EDGE_LOOP('',(#11801));
#11801 = ORIENTED_EDGE('',*,*,#11759,.T.);
#11802 = FACE_BOUND('',#11803,.T.);
#11803 = EDGE_LOOP('',(#11804));
#11804 = ORIENTED_EDGE('',*,*,#11805,.T.);
#11805 = EDGE_CURVE('',#11806,#11806,#11808,.T.);
#11806 = VERTEX_POINT('',#11807);
#11807 = CARTESIAN_POINT('',(106.075731,-85.575,1.115));
#11808 = CIRCLE('',#11809,0.825);
#11809 = AXIS2_PLACEMENT_3D('',#11810,#11811,#11812);
#11810 = CARTESIAN_POINT('',(106.075731,-84.75,1.115));
#11811 = DIRECTION('',(-0.,0.,-1.));
#11812 = DIRECTION('',(1.722527844267E-14,-1.,-0.));
#11813 = PLANE('',#11814);
#11814 = AXIS2_PLACEMENT_3D('',#11815,#11816,#11817);
#11815 = CARTESIAN_POINT('',(106.075731,-85.6,1.115));
#11816 = DIRECTION('',(0.,0.,1.));
#11817 = DIRECTION('',(1.,0.,-0.));
#11818 = ADVANCED_FACE('',(#11819),#11830,.F.);
#11819 = FACE_BOUND('',#11820,.T.);
#11820 = EDGE_LOOP('',(#11821,#11822,#11828,#11829));
#11821 = ORIENTED_EDGE('',*,*,#11785,.T.);
#11822 = ORIENTED_EDGE('',*,*,#11823,.T.);
#11823 = EDGE_CURVE('',#11786,#11806,#11824,.T.);
#11824 = LINE('',#11825,#11826);
#11825 = CARTESIAN_POINT('',(106.075731,-85.575,-8.1E-02));
#11826 = VECTOR('',#11827,1.);
#11827 = DIRECTION('',(0.,0.,1.));
#11828 = ORIENTED_EDGE('',*,*,#11805,.F.);
#11829 = ORIENTED_EDGE('',*,*,#11823,.F.);
#11830 = CYLINDRICAL_SURFACE('',#11831,0.825);
#11831 = AXIS2_PLACEMENT_3D('',#11832,#11833,#11834);
#11832 = CARTESIAN_POINT('',(106.075731,-84.75,-8.1E-02));
#11833 = DIRECTION('',(-0.,0.,-1.));
#11834 = DIRECTION('',(1.722527844267E-14,-1.,-0.));
#11835 = MANIFOLD_SOLID_BREP('',#11836);
#11836 = CLOSED_SHELL('',(#11837,#11870,#11890,#11910));
#11837 = ADVANCED_FACE('',(#11838),#11865,.T.);
#11838 = FACE_BOUND('',#11839,.F.);
#11839 = EDGE_LOOP('',(#11840,#11850,#11857,#11858));
#11840 = ORIENTED_EDGE('',*,*,#11841,.T.);
#11841 = EDGE_CURVE('',#11842,#11844,#11846,.T.);
#11842 = VERTEX_POINT('',#11843);
#11843 = CARTESIAN_POINT('',(106.445731,-70.8,1.04));
#11844 = VERTEX_POINT('',#11845);
#11845 = CARTESIAN_POINT('',(106.445731,-70.8,1.115));
#11846 = LINE('',#11847,#11848);
#11847 = CARTESIAN_POINT('',(106.445731,-70.8,1.04));
#11848 = VECTOR('',#11849,1.);
#11849 = DIRECTION('',(0.,0.,1.));
#11850 = ORIENTED_EDGE('',*,*,#11851,.T.);
#11851 = EDGE_CURVE('',#11844,#11844,#11852,.T.);
#11852 = CIRCLE('',#11853,1.1);
#11853 = AXIS2_PLACEMENT_3D('',#11854,#11855,#11856);
#11854 = CARTESIAN_POINT('',(105.345731,-70.8,1.115));
#11855 = DIRECTION('',(0.,0.,1.));
#11856 = DIRECTION('',(1.,0.,-0.));
#11857 = ORIENTED_EDGE('',*,*,#11841,.F.);
#11858 = ORIENTED_EDGE('',*,*,#11859,.F.);
#11859 = EDGE_CURVE('',#11842,#11842,#11860,.T.);
#11860 = CIRCLE('',#11861,1.1);
#11861 = AXIS2_PLACEMENT_3D('',#11862,#11863,#11864);
#11862 = CARTESIAN_POINT('',(105.345731,-70.8,1.04));
#11863 = DIRECTION('',(0.,0.,1.));
#11864 = DIRECTION('',(1.,0.,-0.));
#11865 = CYLINDRICAL_SURFACE('',#11866,1.1);
#11866 = AXIS2_PLACEMENT_3D('',#11867,#11868,#11869);
#11867 = CARTESIAN_POINT('',(105.345731,-70.8,1.04));
#11868 = DIRECTION('',(-0.,-0.,-1.));
#11869 = DIRECTION('',(1.,0.,-0.));
#11870 = ADVANCED_FACE('',(#11871,#11874),#11885,.F.);
#11871 = FACE_BOUND('',#11872,.F.);
#11872 = EDGE_LOOP('',(#11873));
#11873 = ORIENTED_EDGE('',*,*,#11859,.T.);
#11874 = FACE_BOUND('',#11875,.F.);
#11875 = EDGE_LOOP('',(#11876));
#11876 = ORIENTED_EDGE('',*,*,#11877,.T.);
#11877 = EDGE_CURVE('',#11878,#11878,#11880,.T.);
#11878 = VERTEX_POINT('',#11879);
#11879 = CARTESIAN_POINT('',(105.345731,-71.475,1.04));
#11880 = CIRCLE('',#11881,0.675);
#11881 = AXIS2_PLACEMENT_3D('',#11882,#11883,#11884);
#11882 = CARTESIAN_POINT('',(105.345731,-70.8,1.04));
#11883 = DIRECTION('',(-0.,0.,-1.));
#11884 = DIRECTION('',(-0.,-1.,0.));
#11885 = PLANE('',#11886);
#11886 = AXIS2_PLACEMENT_3D('',#11887,#11888,#11889);
#11887 = CARTESIAN_POINT('',(0.,0.,1.04));
#11888 = DIRECTION('',(0.,0.,1.));
#11889 = DIRECTION('',(1.,0.,-0.));
#11890 = ADVANCED_FACE('',(#11891,#11894),#11905,.T.);
#11891 = FACE_BOUND('',#11892,.T.);
#11892 = EDGE_LOOP('',(#11893));
#11893 = ORIENTED_EDGE('',*,*,#11851,.T.);
#11894 = FACE_BOUND('',#11895,.T.);
#11895 = EDGE_LOOP('',(#11896));
#11896 = ORIENTED_EDGE('',*,*,#11897,.T.);
#11897 = EDGE_CURVE('',#11898,#11898,#11900,.T.);
#11898 = VERTEX_POINT('',#11899);
#11899 = CARTESIAN_POINT('',(105.345731,-71.475,1.115));
#11900 = CIRCLE('',#11901,0.675);
#11901 = AXIS2_PLACEMENT_3D('',#11902,#11903,#11904);
#11902 = CARTESIAN_POINT('',(105.345731,-70.8,1.115));
#11903 = DIRECTION('',(-0.,0.,-1.));
#11904 = DIRECTION('',(-0.,-1.,0.));
#11905 = PLANE('',#11906);
#11906 = AXIS2_PLACEMENT_3D('',#11907,#11908,#11909);
#11907 = CARTESIAN_POINT('',(0.,0.,1.115));
#11908 = DIRECTION('',(0.,0.,1.));
#11909 = DIRECTION('',(1.,0.,-0.));
#11910 = ADVANCED_FACE('',(#11911),#11922,.F.);
#11911 = FACE_BOUND('',#11912,.T.);
#11912 = EDGE_LOOP('',(#11913,#11914,#11920,#11921));
#11913 = ORIENTED_EDGE('',*,*,#11877,.T.);
#11914 = ORIENTED_EDGE('',*,*,#11915,.T.);
#11915 = EDGE_CURVE('',#11878,#11898,#11916,.T.);
#11916 = LINE('',#11917,#11918);
#11917 = CARTESIAN_POINT('',(105.345731,-71.475,-8.1E-02));
#11918 = VECTOR('',#11919,1.);
#11919 = DIRECTION('',(0.,0.,1.));
#11920 = ORIENTED_EDGE('',*,*,#11897,.F.);
#11921 = ORIENTED_EDGE('',*,*,#11915,.F.);
#11922 = CYLINDRICAL_SURFACE('',#11923,0.675);
#11923 = AXIS2_PLACEMENT_3D('',#11924,#11925,#11926);
#11924 = CARTESIAN_POINT('',(105.345731,-70.8,-8.1E-02));
#11925 = DIRECTION('',(-0.,-0.,-1.));
#11926 = DIRECTION('',(-0.,-1.,0.));
#11927 = MANIFOLD_SOLID_BREP('',#11928);
#11928 = CLOSED_SHELL('',(#11929,#11962,#11982,#12002));
#11929 = ADVANCED_FACE('',(#11930),#11957,.T.);
#11930 = FACE_BOUND('',#11931,.T.);
#11931 = EDGE_LOOP('',(#11932,#11942,#11949,#11950));
#11932 = ORIENTED_EDGE('',*,*,#11933,.T.);
#11933 = EDGE_CURVE('',#11934,#11936,#11938,.T.);
#11934 = VERTEX_POINT('',#11935);
#11935 = CARTESIAN_POINT('',(106.445731,-70.8,0.));
#11936 = VERTEX_POINT('',#11937);
#11937 = CARTESIAN_POINT('',(106.445731,-70.8,-7.5E-02));
#11938 = LINE('',#11939,#11940);
#11939 = CARTESIAN_POINT('',(106.445731,-70.8,0.));
#11940 = VECTOR('',#11941,1.);
#11941 = DIRECTION('',(0.,0.,-1.));
#11942 = ORIENTED_EDGE('',*,*,#11943,.T.);
#11943 = EDGE_CURVE('',#11936,#11936,#11944,.T.);
#11944 = CIRCLE('',#11945,1.1);
#11945 = AXIS2_PLACEMENT_3D('',#11946,#11947,#11948);
#11946 = CARTESIAN_POINT('',(105.345731,-70.8,-7.5E-02));
#11947 = DIRECTION('',(0.,0.,1.));
#11948 = DIRECTION('',(1.,0.,-0.));
#11949 = ORIENTED_EDGE('',*,*,#11933,.F.);
#11950 = ORIENTED_EDGE('',*,*,#11951,.F.);
#11951 = EDGE_CURVE('',#11934,#11934,#11952,.T.);
#11952 = CIRCLE('',#11953,1.1);
#11953 = AXIS2_PLACEMENT_3D('',#11954,#11955,#11956);
#11954 = CARTESIAN_POINT('',(105.345731,-70.8,0.));
#11955 = DIRECTION('',(0.,0.,1.));
#11956 = DIRECTION('',(1.,0.,-0.));
#11957 = CYLINDRICAL_SURFACE('',#11958,1.1);
#11958 = AXIS2_PLACEMENT_3D('',#11959,#11960,#11961);
#11959 = CARTESIAN_POINT('',(105.345731,-70.8,0.));
#11960 = DIRECTION('',(0.,0.,1.));
#11961 = DIRECTION('',(1.,0.,-0.));
#11962 = ADVANCED_FACE('',(#11963,#11966),#11977,.F.);
#11963 = FACE_BOUND('',#11964,.F.);
#11964 = EDGE_LOOP('',(#11965));
#11965 = ORIENTED_EDGE('',*,*,#11951,.F.);
#11966 = FACE_BOUND('',#11967,.F.);
#11967 = EDGE_LOOP('',(#11968));
#11968 = ORIENTED_EDGE('',*,*,#11969,.F.);
#11969 = EDGE_CURVE('',#11970,#11970,#11972,.T.);
#11970 = VERTEX_POINT('',#11971);
#11971 = CARTESIAN_POINT('',(105.345731,-71.475,0.));
#11972 = CIRCLE('',#11973,0.675);
#11973 = AXIS2_PLACEMENT_3D('',#11974,#11975,#11976);
#11974 = CARTESIAN_POINT('',(105.345731,-70.8,0.));
#11975 = DIRECTION('',(-0.,0.,-1.));
#11976 = DIRECTION('',(-0.,-1.,0.));
#11977 = PLANE('',#11978);
#11978 = AXIS2_PLACEMENT_3D('',#11979,#11980,#11981);
#11979 = CARTESIAN_POINT('',(0.,0.,0.));
#11980 = DIRECTION('',(-0.,-0.,-1.));
#11981 = DIRECTION('',(-1.,0.,0.));
#11982 = ADVANCED_FACE('',(#11983,#11986),#11997,.T.);
#11983 = FACE_BOUND('',#11984,.T.);
#11984 = EDGE_LOOP('',(#11985));
#11985 = ORIENTED_EDGE('',*,*,#11943,.F.);
#11986 = FACE_BOUND('',#11987,.T.);
#11987 = EDGE_LOOP('',(#11988));
#11988 = ORIENTED_EDGE('',*,*,#11989,.F.);
#11989 = EDGE_CURVE('',#11990,#11990,#11992,.T.);
#11990 = VERTEX_POINT('',#11991);
#11991 = CARTESIAN_POINT('',(105.345731,-71.475,-7.5E-02));
#11992 = CIRCLE('',#11993,0.675);
#11993 = AXIS2_PLACEMENT_3D('',#11994,#11995,#11996);
#11994 = CARTESIAN_POINT('',(105.345731,-70.8,-7.5E-02));
#11995 = DIRECTION('',(-0.,0.,-1.));
#11996 = DIRECTION('',(-0.,-1.,0.));
#11997 = PLANE('',#11998);
#11998 = AXIS2_PLACEMENT_3D('',#11999,#12000,#12001);
#11999 = CARTESIAN_POINT('',(0.,0.,-7.5E-02));
#12000 = DIRECTION('',(-0.,-0.,-1.));
#12001 = DIRECTION('',(-1.,0.,0.));
#12002 = ADVANCED_FACE('',(#12003),#12014,.F.);
#12003 = FACE_BOUND('',#12004,.T.);
#12004 = EDGE_LOOP('',(#12005,#12006,#12012,#12013));
#12005 = ORIENTED_EDGE('',*,*,#11989,.T.);
#12006 = ORIENTED_EDGE('',*,*,#12007,.T.);
#12007 = EDGE_CURVE('',#11990,#11970,#12008,.T.);
#12008 = LINE('',#12009,#12010);
#12009 = CARTESIAN_POINT('',(105.345731,-71.475,-8.1E-02));
#12010 = VECTOR('',#12011,1.);
#12011 = DIRECTION('',(0.,0.,1.));
#12012 = ORIENTED_EDGE('',*,*,#11969,.F.);
#12013 = ORIENTED_EDGE('',*,*,#12007,.F.);
#12014 = CYLINDRICAL_SURFACE('',#12015,0.675);
#12015 = AXIS2_PLACEMENT_3D('',#12016,#12017,#12018);
#12016 = CARTESIAN_POINT('',(105.345731,-70.8,-8.1E-02));
#12017 = DIRECTION('',(-0.,-0.,-1.));
#12018 = DIRECTION('',(-0.,-1.,0.));
#12019 = MANIFOLD_SOLID_BREP('',#12020);
#12020 = CLOSED_SHELL('',(#12021,#12054,#12074,#12094));
#12021 = ADVANCED_FACE('',(#12022),#12049,.T.);
#12022 = FACE_BOUND('',#12023,.F.);
#12023 = EDGE_LOOP('',(#12024,#12034,#12041,#12042));
#12024 = ORIENTED_EDGE('',*,*,#12025,.T.);
#12025 = EDGE_CURVE('',#12026,#12028,#12030,.T.);
#12026 = VERTEX_POINT('',#12027);
#12027 = CARTESIAN_POINT('',(105.345731,-71.5,-7.5E-02));
#12028 = VERTEX_POINT('',#12029);
#12029 = CARTESIAN_POINT('',(105.345731,-71.5,1.115));
#12030 = LINE('',#12031,#12032);
#12031 = CARTESIAN_POINT('',(105.345731,-71.5,-7.5E-02));
#12032 = VECTOR('',#12033,1.);
#12033 = DIRECTION('',(0.,0.,1.));
#12034 = ORIENTED_EDGE('',*,*,#12035,.T.);
#12035 = EDGE_CURVE('',#12028,#12028,#12036,.T.);
#12036 = CIRCLE('',#12037,0.7);
#12037 = AXIS2_PLACEMENT_3D('',#12038,#12039,#12040);
#12038 = CARTESIAN_POINT('',(105.345731,-70.8,1.115));
#12039 = DIRECTION('',(0.,0.,1.));
#12040 = DIRECTION('',(-0.,-1.,0.));
#12041 = ORIENTED_EDGE('',*,*,#12025,.F.);
#12042 = ORIENTED_EDGE('',*,*,#12043,.F.);
#12043 = EDGE_CURVE('',#12026,#12026,#12044,.T.);
#12044 = CIRCLE('',#12045,0.7);
#12045 = AXIS2_PLACEMENT_3D('',#12046,#12047,#12048);
#12046 = CARTESIAN_POINT('',(105.345731,-70.8,-7.5E-02));
#12047 = DIRECTION('',(0.,0.,1.));
#12048 = DIRECTION('',(-0.,-1.,0.));
#12049 = CYLINDRICAL_SURFACE('',#12050,0.7);
#12050 = AXIS2_PLACEMENT_3D('',#12051,#12052,#12053);
#12051 = CARTESIAN_POINT('',(105.345731,-70.8,-7.5E-02));
#12052 = DIRECTION('',(-0.,-0.,-1.));
#12053 = DIRECTION('',(-0.,-1.,0.));
#12054 = ADVANCED_FACE('',(#12055,#12058),#12069,.F.);
#12055 = FACE_BOUND('',#12056,.F.);
#12056 = EDGE_LOOP('',(#12057));
#12057 = ORIENTED_EDGE('',*,*,#12043,.T.);
#12058 = FACE_BOUND('',#12059,.F.);
#12059 = EDGE_LOOP('',(#12060));
#12060 = ORIENTED_EDGE('',*,*,#12061,.T.);
#12061 = EDGE_CURVE('',#12062,#12062,#12064,.T.);
#12062 = VERTEX_POINT('',#12063);
#12063 = CARTESIAN_POINT('',(105.345731,-71.475,-7.5E-02));
#12064 = CIRCLE('',#12065,0.675);
#12065 = AXIS2_PLACEMENT_3D('',#12066,#12067,#12068);
#12066 = CARTESIAN_POINT('',(105.345731,-70.8,-7.5E-02));
#12067 = DIRECTION('',(-0.,0.,-1.));
#12068 = DIRECTION('',(-0.,-1.,0.));
#12069 = PLANE('',#12070);
#12070 = AXIS2_PLACEMENT_3D('',#12071,#12072,#12073);
#12071 = CARTESIAN_POINT('',(105.345731,-71.5,-7.5E-02));
#12072 = DIRECTION('',(0.,0.,1.));
#12073 = DIRECTION('',(1.,0.,-0.));
#12074 = ADVANCED_FACE('',(#12075,#12078),#12089,.T.);
#12075 = FACE_BOUND('',#12076,.T.);
#12076 = EDGE_LOOP('',(#12077));
#12077 = ORIENTED_EDGE('',*,*,#12035,.T.);
#12078 = FACE_BOUND('',#12079,.T.);
#12079 = EDGE_LOOP('',(#12080));
#12080 = ORIENTED_EDGE('',*,*,#12081,.T.);
#12081 = EDGE_CURVE('',#12082,#12082,#12084,.T.);
#12082 = VERTEX_POINT('',#12083);
#12083 = CARTESIAN_POINT('',(105.345731,-71.475,1.115));
#12084 = CIRCLE('',#12085,0.675);
#12085 = AXIS2_PLACEMENT_3D('',#12086,#12087,#12088);
#12086 = CARTESIAN_POINT('',(105.345731,-70.8,1.115));
#12087 = DIRECTION('',(-0.,0.,-1.));
#12088 = DIRECTION('',(-0.,-1.,0.));
#12089 = PLANE('',#12090);
#12090 = AXIS2_PLACEMENT_3D('',#12091,#12092,#12093);
#12091 = CARTESIAN_POINT('',(105.345731,-71.5,1.115));
#12092 = DIRECTION('',(0.,0.,1.));
#12093 = DIRECTION('',(1.,0.,-0.));
#12094 = ADVANCED_FACE('',(#12095),#12106,.F.);
#12095 = FACE_BOUND('',#12096,.T.);
#12096 = EDGE_LOOP('',(#12097,#12098,#12104,#12105));
#12097 = ORIENTED_EDGE('',*,*,#12061,.T.);
#12098 = ORIENTED_EDGE('',*,*,#12099,.T.);
#12099 = EDGE_CURVE('',#12062,#12082,#12100,.T.);
#12100 = LINE('',#12101,#12102);
#12101 = CARTESIAN_POINT('',(105.345731,-71.475,-8.1E-02));
#12102 = VECTOR('',#12103,1.);
#12103 = DIRECTION('',(0.,0.,1.));
#12104 = ORIENTED_EDGE('',*,*,#12081,.F.);
#12105 = ORIENTED_EDGE('',*,*,#12099,.F.);
#12106 = CYLINDRICAL_SURFACE('',#12107,0.675);
#12107 = AXIS2_PLACEMENT_3D('',#12108,#12109,#12110);
#12108 = CARTESIAN_POINT('',(105.345731,-70.8,-8.1E-02));
#12109 = DIRECTION('',(-0.,-0.,-1.));
#12110 = DIRECTION('',(-0.,-1.,0.));
#12111 = MANIFOLD_SOLID_BREP('',#12112);
#12112 = CLOSED_SHELL('',(#12113,#12146,#12166,#12186));
#12113 = ADVANCED_FACE('',(#12114),#12141,.T.);
#12114 = FACE_BOUND('',#12115,.F.);
#12115 = EDGE_LOOP('',(#12116,#12126,#12133,#12134));
#12116 = ORIENTED_EDGE('',*,*,#12117,.T.);
#12117 = EDGE_CURVE('',#12118,#12120,#12122,.T.);
#12118 = VERTEX_POINT('',#12119);
#12119 = CARTESIAN_POINT('',(103.945731,-70.8,1.04));
#12120 = VERTEX_POINT('',#12121);
#12121 = CARTESIAN_POINT('',(103.945731,-70.8,1.115));
#12122 = LINE('',#12123,#12124);
#12123 = CARTESIAN_POINT('',(103.945731,-70.8,1.04));
#12124 = VECTOR('',#12125,1.);
#12125 = DIRECTION('',(0.,0.,1.));
#12126 = ORIENTED_EDGE('',*,*,#12127,.T.);
#12127 = EDGE_CURVE('',#12120,#12120,#12128,.T.);
#12128 = CIRCLE('',#12129,1.1);
#12129 = AXIS2_PLACEMENT_3D('',#12130,#12131,#12132);
#12130 = CARTESIAN_POINT('',(102.845731,-70.8,1.115));
#12131 = DIRECTION('',(0.,0.,1.));
#12132 = DIRECTION('',(1.,0.,-0.));
#12133 = ORIENTED_EDGE('',*,*,#12117,.F.);
#12134 = ORIENTED_EDGE('',*,*,#12135,.F.);
#12135 = EDGE_CURVE('',#12118,#12118,#12136,.T.);
#12136 = CIRCLE('',#12137,1.1);
#12137 = AXIS2_PLACEMENT_3D('',#12138,#12139,#12140);
#12138 = CARTESIAN_POINT('',(102.845731,-70.8,1.04));
#12139 = DIRECTION('',(0.,0.,1.));
#12140 = DIRECTION('',(1.,0.,-0.));
#12141 = CYLINDRICAL_SURFACE('',#12142,1.1);
#12142 = AXIS2_PLACEMENT_3D('',#12143,#12144,#12145);
#12143 = CARTESIAN_POINT('',(102.845731,-70.8,1.04));
#12144 = DIRECTION('',(-0.,-0.,-1.));
#12145 = DIRECTION('',(1.,0.,-0.));
#12146 = ADVANCED_FACE('',(#12147,#12150),#12161,.F.);
#12147 = FACE_BOUND('',#12148,.F.);
#12148 = EDGE_LOOP('',(#12149));
#12149 = ORIENTED_EDGE('',*,*,#12135,.T.);
#12150 = FACE_BOUND('',#12151,.F.);
#12151 = EDGE_LOOP('',(#12152));
#12152 = ORIENTED_EDGE('',*,*,#12153,.T.);
#12153 = EDGE_CURVE('',#12154,#12154,#12156,.T.);
#12154 = VERTEX_POINT('',#12155);
#12155 = CARTESIAN_POINT('',(102.845731,-71.475,1.04));
#12156 = CIRCLE('',#12157,0.675);
#12157 = AXIS2_PLACEMENT_3D('',#12158,#12159,#12160);
#12158 = CARTESIAN_POINT('',(102.845731,-70.8,1.04));
#12159 = DIRECTION('',(-0.,0.,-1.));
#12160 = DIRECTION('',(-0.,-1.,0.));
#12161 = PLANE('',#12162);
#12162 = AXIS2_PLACEMENT_3D('',#12163,#12164,#12165);
#12163 = CARTESIAN_POINT('',(0.,0.,1.04));
#12164 = DIRECTION('',(0.,0.,1.));
#12165 = DIRECTION('',(1.,0.,-0.));
#12166 = ADVANCED_FACE('',(#12167,#12170),#12181,.T.);
#12167 = FACE_BOUND('',#12168,.T.);
#12168 = EDGE_LOOP('',(#12169));
#12169 = ORIENTED_EDGE('',*,*,#12127,.T.);
#12170 = FACE_BOUND('',#12171,.T.);
#12171 = EDGE_LOOP('',(#12172));
#12172 = ORIENTED_EDGE('',*,*,#12173,.T.);
#12173 = EDGE_CURVE('',#12174,#12174,#12176,.T.);
#12174 = VERTEX_POINT('',#12175);
#12175 = CARTESIAN_POINT('',(102.845731,-71.475,1.115));
#12176 = CIRCLE('',#12177,0.675);
#12177 = AXIS2_PLACEMENT_3D('',#12178,#12179,#12180);
#12178 = CARTESIAN_POINT('',(102.845731,-70.8,1.115));
#12179 = DIRECTION('',(-0.,0.,-1.));
#12180 = DIRECTION('',(-0.,-1.,0.));
#12181 = PLANE('',#12182);
#12182 = AXIS2_PLACEMENT_3D('',#12183,#12184,#12185);
#12183 = CARTESIAN_POINT('',(0.,0.,1.115));
#12184 = DIRECTION('',(0.,0.,1.));
#12185 = DIRECTION('',(1.,0.,-0.));
#12186 = ADVANCED_FACE('',(#12187),#12198,.F.);
#12187 = FACE_BOUND('',#12188,.T.);
#12188 = EDGE_LOOP('',(#12189,#12190,#12196,#12197));
#12189 = ORIENTED_EDGE('',*,*,#12153,.T.);
#12190 = ORIENTED_EDGE('',*,*,#12191,.T.);
#12191 = EDGE_CURVE('',#12154,#12174,#12192,.T.);
#12192 = LINE('',#12193,#12194);
#12193 = CARTESIAN_POINT('',(102.845731,-71.475,-8.1E-02));
#12194 = VECTOR('',#12195,1.);
#12195 = DIRECTION('',(0.,0.,1.));
#12196 = ORIENTED_EDGE('',*,*,#12173,.F.);
#12197 = ORIENTED_EDGE('',*,*,#12191,.F.);
#12198 = CYLINDRICAL_SURFACE('',#12199,0.675);
#12199 = AXIS2_PLACEMENT_3D('',#12200,#12201,#12202);
#12200 = CARTESIAN_POINT('',(102.845731,-70.8,-8.1E-02));
#12201 = DIRECTION('',(-0.,-0.,-1.));
#12202 = DIRECTION('',(-0.,-1.,0.));
#12203 = MANIFOLD_SOLID_BREP('',#12204);
#12204 = CLOSED_SHELL('',(#12205,#12238,#12258,#12278));
#12205 = ADVANCED_FACE('',(#12206),#12233,.T.);
#12206 = FACE_BOUND('',#12207,.T.);
#12207 = EDGE_LOOP('',(#12208,#12218,#12225,#12226));
#12208 = ORIENTED_EDGE('',*,*,#12209,.T.);
#12209 = EDGE_CURVE('',#12210,#12212,#12214,.T.);
#12210 = VERTEX_POINT('',#12211);
#12211 = CARTESIAN_POINT('',(103.945731,-70.8,0.));
#12212 = VERTEX_POINT('',#12213);
#12213 = CARTESIAN_POINT('',(103.945731,-70.8,-7.5E-02));
#12214 = LINE('',#12215,#12216);
#12215 = CARTESIAN_POINT('',(103.945731,-70.8,0.));
#12216 = VECTOR('',#12217,1.);
#12217 = DIRECTION('',(0.,0.,-1.));
#12218 = ORIENTED_EDGE('',*,*,#12219,.T.);
#12219 = EDGE_CURVE('',#12212,#12212,#12220,.T.);
#12220 = CIRCLE('',#12221,1.1);
#12221 = AXIS2_PLACEMENT_3D('',#12222,#12223,#12224);
#12222 = CARTESIAN_POINT('',(102.845731,-70.8,-7.5E-02));
#12223 = DIRECTION('',(0.,0.,1.));
#12224 = DIRECTION('',(1.,0.,-0.));
#12225 = ORIENTED_EDGE('',*,*,#12209,.F.);
#12226 = ORIENTED_EDGE('',*,*,#12227,.F.);
#12227 = EDGE_CURVE('',#12210,#12210,#12228,.T.);
#12228 = CIRCLE('',#12229,1.1);
#12229 = AXIS2_PLACEMENT_3D('',#12230,#12231,#12232);
#12230 = CARTESIAN_POINT('',(102.845731,-70.8,0.));
#12231 = DIRECTION('',(0.,0.,1.));
#12232 = DIRECTION('',(1.,0.,-0.));
#12233 = CYLINDRICAL_SURFACE('',#12234,1.1);
#12234 = AXIS2_PLACEMENT_3D('',#12235,#12236,#12237);
#12235 = CARTESIAN_POINT('',(102.845731,-70.8,0.));
#12236 = DIRECTION('',(0.,0.,1.));
#12237 = DIRECTION('',(1.,0.,-0.));
#12238 = ADVANCED_FACE('',(#12239,#12242),#12253,.F.);
#12239 = FACE_BOUND('',#12240,.F.);
#12240 = EDGE_LOOP('',(#12241));
#12241 = ORIENTED_EDGE('',*,*,#12227,.F.);
#12242 = FACE_BOUND('',#12243,.F.);
#12243 = EDGE_LOOP('',(#12244));
#12244 = ORIENTED_EDGE('',*,*,#12245,.F.);
#12245 = EDGE_CURVE('',#12246,#12246,#12248,.T.);
#12246 = VERTEX_POINT('',#12247);
#12247 = CARTESIAN_POINT('',(102.845731,-71.475,0.));
#12248 = CIRCLE('',#12249,0.675);
#12249 = AXIS2_PLACEMENT_3D('',#12250,#12251,#12252);
#12250 = CARTESIAN_POINT('',(102.845731,-70.8,0.));
#12251 = DIRECTION('',(-0.,0.,-1.));
#12252 = DIRECTION('',(-0.,-1.,0.));
#12253 = PLANE('',#12254);
#12254 = AXIS2_PLACEMENT_3D('',#12255,#12256,#12257);
#12255 = CARTESIAN_POINT('',(0.,0.,0.));
#12256 = DIRECTION('',(-0.,-0.,-1.));
#12257 = DIRECTION('',(-1.,0.,0.));
#12258 = ADVANCED_FACE('',(#12259,#12262),#12273,.T.);
#12259 = FACE_BOUND('',#12260,.T.);
#12260 = EDGE_LOOP('',(#12261));
#12261 = ORIENTED_EDGE('',*,*,#12219,.F.);
#12262 = FACE_BOUND('',#12263,.T.);
#12263 = EDGE_LOOP('',(#12264));
#12264 = ORIENTED_EDGE('',*,*,#12265,.F.);
#12265 = EDGE_CURVE('',#12266,#12266,#12268,.T.);
#12266 = VERTEX_POINT('',#12267);
#12267 = CARTESIAN_POINT('',(102.845731,-71.475,-7.5E-02));
#12268 = CIRCLE('',#12269,0.675);
#12269 = AXIS2_PLACEMENT_3D('',#12270,#12271,#12272);
#12270 = CARTESIAN_POINT('',(102.845731,-70.8,-7.5E-02));
#12271 = DIRECTION('',(-0.,0.,-1.));
#12272 = DIRECTION('',(-0.,-1.,0.));
#12273 = PLANE('',#12274);
#12274 = AXIS2_PLACEMENT_3D('',#12275,#12276,#12277);
#12275 = CARTESIAN_POINT('',(0.,0.,-7.5E-02));
#12276 = DIRECTION('',(-0.,-0.,-1.));
#12277 = DIRECTION('',(-1.,0.,0.));
#12278 = ADVANCED_FACE('',(#12279),#12290,.F.);
#12279 = FACE_BOUND('',#12280,.T.);
#12280 = EDGE_LOOP('',(#12281,#12282,#12288,#12289));
#12281 = ORIENTED_EDGE('',*,*,#12265,.T.);
#12282 = ORIENTED_EDGE('',*,*,#12283,.T.);
#12283 = EDGE_CURVE('',#12266,#12246,#12284,.T.);
#12284 = LINE('',#12285,#12286);
#12285 = CARTESIAN_POINT('',(102.845731,-71.475,-8.1E-02));
#12286 = VECTOR('',#12287,1.);
#12287 = DIRECTION('',(0.,0.,1.));
#12288 = ORIENTED_EDGE('',*,*,#12245,.F.);
#12289 = ORIENTED_EDGE('',*,*,#12283,.F.);
#12290 = CYLINDRICAL_SURFACE('',#12291,0.675);
#12291 = AXIS2_PLACEMENT_3D('',#12292,#12293,#12294);
#12292 = CARTESIAN_POINT('',(102.845731,-70.8,-8.1E-02));
#12293 = DIRECTION('',(-0.,-0.,-1.));
#12294 = DIRECTION('',(-0.,-1.,0.));
#12295 = MANIFOLD_SOLID_BREP('',#12296);
#12296 = CLOSED_SHELL('',(#12297,#12330,#12350,#12370));
#12297 = ADVANCED_FACE('',(#12298),#12325,.T.);
#12298 = FACE_BOUND('',#12299,.F.);
#12299 = EDGE_LOOP('',(#12300,#12310,#12317,#12318));
#12300 = ORIENTED_EDGE('',*,*,#12301,.T.);
#12301 = EDGE_CURVE('',#12302,#12304,#12306,.T.);
#12302 = VERTEX_POINT('',#12303);
#12303 = CARTESIAN_POINT('',(102.845731,-71.5,-7.5E-02));
#12304 = VERTEX_POINT('',#12305);
#12305 = CARTESIAN_POINT('',(102.845731,-71.5,1.115));
#12306 = LINE('',#12307,#12308);
#12307 = CARTESIAN_POINT('',(102.845731,-71.5,-7.5E-02));
#12308 = VECTOR('',#12309,1.);
#12309 = DIRECTION('',(0.,0.,1.));
#12310 = ORIENTED_EDGE('',*,*,#12311,.T.);
#12311 = EDGE_CURVE('',#12304,#12304,#12312,.T.);
#12312 = CIRCLE('',#12313,0.7);
#12313 = AXIS2_PLACEMENT_3D('',#12314,#12315,#12316);
#12314 = CARTESIAN_POINT('',(102.845731,-70.8,1.115));
#12315 = DIRECTION('',(0.,0.,1.));
#12316 = DIRECTION('',(-0.,-1.,0.));
#12317 = ORIENTED_EDGE('',*,*,#12301,.F.);
#12318 = ORIENTED_EDGE('',*,*,#12319,.F.);
#12319 = EDGE_CURVE('',#12302,#12302,#12320,.T.);
#12320 = CIRCLE('',#12321,0.7);
#12321 = AXIS2_PLACEMENT_3D('',#12322,#12323,#12324);
#12322 = CARTESIAN_POINT('',(102.845731,-70.8,-7.5E-02));
#12323 = DIRECTION('',(0.,0.,1.));
#12324 = DIRECTION('',(-0.,-1.,0.));
#12325 = CYLINDRICAL_SURFACE('',#12326,0.7);
#12326 = AXIS2_PLACEMENT_3D('',#12327,#12328,#12329);
#12327 = CARTESIAN_POINT('',(102.845731,-70.8,-7.5E-02));
#12328 = DIRECTION('',(-0.,-0.,-1.));
#12329 = DIRECTION('',(-0.,-1.,0.));
#12330 = ADVANCED_FACE('',(#12331,#12334),#12345,.F.);
#12331 = FACE_BOUND('',#12332,.F.);
#12332 = EDGE_LOOP('',(#12333));
#12333 = ORIENTED_EDGE('',*,*,#12319,.T.);
#12334 = FACE_BOUND('',#12335,.F.);
#12335 = EDGE_LOOP('',(#12336));
#12336 = ORIENTED_EDGE('',*,*,#12337,.T.);
#12337 = EDGE_CURVE('',#12338,#12338,#12340,.T.);
#12338 = VERTEX_POINT('',#12339);
#12339 = CARTESIAN_POINT('',(102.845731,-71.475,-7.5E-02));
#12340 = CIRCLE('',#12341,0.675);
#12341 = AXIS2_PLACEMENT_3D('',#12342,#12343,#12344);
#12342 = CARTESIAN_POINT('',(102.845731,-70.8,-7.5E-02));
#12343 = DIRECTION('',(-0.,0.,-1.));
#12344 = DIRECTION('',(-0.,-1.,0.));
#12345 = PLANE('',#12346);
#12346 = AXIS2_PLACEMENT_3D('',#12347,#12348,#12349);
#12347 = CARTESIAN_POINT('',(102.845731,-71.5,-7.5E-02));
#12348 = DIRECTION('',(0.,0.,1.));
#12349 = DIRECTION('',(1.,0.,-0.));
#12350 = ADVANCED_FACE('',(#12351,#12354),#12365,.T.);
#12351 = FACE_BOUND('',#12352,.T.);
#12352 = EDGE_LOOP('',(#12353));
#12353 = ORIENTED_EDGE('',*,*,#12311,.T.);
#12354 = FACE_BOUND('',#12355,.T.);
#12355 = EDGE_LOOP('',(#12356));
#12356 = ORIENTED_EDGE('',*,*,#12357,.T.);
#12357 = EDGE_CURVE('',#12358,#12358,#12360,.T.);
#12358 = VERTEX_POINT('',#12359);
#12359 = CARTESIAN_POINT('',(102.845731,-71.475,1.115));
#12360 = CIRCLE('',#12361,0.675);
#12361 = AXIS2_PLACEMENT_3D('',#12362,#12363,#12364);
#12362 = CARTESIAN_POINT('',(102.845731,-70.8,1.115));
#12363 = DIRECTION('',(-0.,0.,-1.));
#12364 = DIRECTION('',(-0.,-1.,0.));
#12365 = PLANE('',#12366);
#12366 = AXIS2_PLACEMENT_3D('',#12367,#12368,#12369);
#12367 = CARTESIAN_POINT('',(102.845731,-71.5,1.115));
#12368 = DIRECTION('',(0.,0.,1.));
#12369 = DIRECTION('',(1.,0.,-0.));
#12370 = ADVANCED_FACE('',(#12371),#12382,.F.);
#12371 = FACE_BOUND('',#12372,.T.);
#12372 = EDGE_LOOP('',(#12373,#12374,#12380,#12381));
#12373 = ORIENTED_EDGE('',*,*,#12337,.T.);
#12374 = ORIENTED_EDGE('',*,*,#12375,.T.);
#12375 = EDGE_CURVE('',#12338,#12358,#12376,.T.);
#12376 = LINE('',#12377,#12378);
#12377 = CARTESIAN_POINT('',(102.845731,-71.475,-8.1E-02));
#12378 = VECTOR('',#12379,1.);
#12379 = DIRECTION('',(0.,0.,1.));
#12380 = ORIENTED_EDGE('',*,*,#12357,.F.);
#12381 = ORIENTED_EDGE('',*,*,#12375,.F.);
#12382 = CYLINDRICAL_SURFACE('',#12383,0.675);
#12383 = AXIS2_PLACEMENT_3D('',#12384,#12385,#12386);
#12384 = CARTESIAN_POINT('',(102.845731,-70.8,-8.1E-02));
#12385 = DIRECTION('',(-0.,-0.,-1.));
#12386 = DIRECTION('',(-0.,-1.,0.));
#12387 = MANIFOLD_SOLID_BREP('',#12388);
#12388 = CLOSED_SHELL('',(#12389,#12422,#12442,#12462));
#12389 = ADVANCED_FACE('',(#12390),#12417,.T.);
#12390 = FACE_BOUND('',#12391,.F.);
#12391 = EDGE_LOOP('',(#12392,#12402,#12409,#12410));
#12392 = ORIENTED_EDGE('',*,*,#12393,.T.);
#12393 = EDGE_CURVE('',#12394,#12396,#12398,.T.);
#12394 = VERTEX_POINT('',#12395);
#12395 = CARTESIAN_POINT('',(106.445731,-74.3,1.04));
#12396 = VERTEX_POINT('',#12397);
#12397 = CARTESIAN_POINT('',(106.445731,-74.3,1.115));
#12398 = LINE('',#12399,#12400);
#12399 = CARTESIAN_POINT('',(106.445731,-74.3,1.04));
#12400 = VECTOR('',#12401,1.);
#12401 = DIRECTION('',(0.,0.,1.));
#12402 = ORIENTED_EDGE('',*,*,#12403,.T.);
#12403 = EDGE_CURVE('',#12396,#12396,#12404,.T.);
#12404 = CIRCLE('',#12405,1.1);
#12405 = AXIS2_PLACEMENT_3D('',#12406,#12407,#12408);
#12406 = CARTESIAN_POINT('',(105.345731,-74.3,1.115));
#12407 = DIRECTION('',(0.,0.,1.));
#12408 = DIRECTION('',(1.,0.,-0.));
#12409 = ORIENTED_EDGE('',*,*,#12393,.F.);
#12410 = ORIENTED_EDGE('',*,*,#12411,.F.);
#12411 = EDGE_CURVE('',#12394,#12394,#12412,.T.);
#12412 = CIRCLE('',#12413,1.1);
#12413 = AXIS2_PLACEMENT_3D('',#12414,#12415,#12416);
#12414 = CARTESIAN_POINT('',(105.345731,-74.3,1.04));
#12415 = DIRECTION('',(0.,0.,1.));
#12416 = DIRECTION('',(1.,0.,-0.));
#12417 = CYLINDRICAL_SURFACE('',#12418,1.1);
#12418 = AXIS2_PLACEMENT_3D('',#12419,#12420,#12421);
#12419 = CARTESIAN_POINT('',(105.345731,-74.3,1.04));
#12420 = DIRECTION('',(-0.,-0.,-1.));
#12421 = DIRECTION('',(1.,0.,-0.));
#12422 = ADVANCED_FACE('',(#12423,#12426),#12437,.F.);
#12423 = FACE_BOUND('',#12424,.F.);
#12424 = EDGE_LOOP('',(#12425));
#12425 = ORIENTED_EDGE('',*,*,#12411,.T.);
#12426 = FACE_BOUND('',#12427,.F.);
#12427 = EDGE_LOOP('',(#12428));
#12428 = ORIENTED_EDGE('',*,*,#12429,.T.);
#12429 = EDGE_CURVE('',#12430,#12430,#12432,.T.);
#12430 = VERTEX_POINT('',#12431);
#12431 = CARTESIAN_POINT('',(105.345731,-74.975,1.04));
#12432 = CIRCLE('',#12433,0.675);
#12433 = AXIS2_PLACEMENT_3D('',#12434,#12435,#12436);
#12434 = CARTESIAN_POINT('',(105.345731,-74.3,1.04));
#12435 = DIRECTION('',(-0.,0.,-1.));
#12436 = DIRECTION('',(-0.,-1.,0.));
#12437 = PLANE('',#12438);
#12438 = AXIS2_PLACEMENT_3D('',#12439,#12440,#12441);
#12439 = CARTESIAN_POINT('',(0.,0.,1.04));
#12440 = DIRECTION('',(0.,0.,1.));
#12441 = DIRECTION('',(1.,0.,-0.));
#12442 = ADVANCED_FACE('',(#12443,#12446),#12457,.T.);
#12443 = FACE_BOUND('',#12444,.T.);
#12444 = EDGE_LOOP('',(#12445));
#12445 = ORIENTED_EDGE('',*,*,#12403,.T.);
#12446 = FACE_BOUND('',#12447,.T.);
#12447 = EDGE_LOOP('',(#12448));
#12448 = ORIENTED_EDGE('',*,*,#12449,.T.);
#12449 = EDGE_CURVE('',#12450,#12450,#12452,.T.);
#12450 = VERTEX_POINT('',#12451);
#12451 = CARTESIAN_POINT('',(105.345731,-74.975,1.115));
#12452 = CIRCLE('',#12453,0.675);
#12453 = AXIS2_PLACEMENT_3D('',#12454,#12455,#12456);
#12454 = CARTESIAN_POINT('',(105.345731,-74.3,1.115));
#12455 = DIRECTION('',(-0.,0.,-1.));
#12456 = DIRECTION('',(-0.,-1.,0.));
#12457 = PLANE('',#12458);
#12458 = AXIS2_PLACEMENT_3D('',#12459,#12460,#12461);
#12459 = CARTESIAN_POINT('',(0.,0.,1.115));
#12460 = DIRECTION('',(0.,0.,1.));
#12461 = DIRECTION('',(1.,0.,-0.));
#12462 = ADVANCED_FACE('',(#12463),#12474,.F.);
#12463 = FACE_BOUND('',#12464,.T.);
#12464 = EDGE_LOOP('',(#12465,#12466,#12472,#12473));
#12465 = ORIENTED_EDGE('',*,*,#12429,.T.);
#12466 = ORIENTED_EDGE('',*,*,#12467,.T.);
#12467 = EDGE_CURVE('',#12430,#12450,#12468,.T.);
#12468 = LINE('',#12469,#12470);
#12469 = CARTESIAN_POINT('',(105.345731,-74.975,-8.1E-02));
#12470 = VECTOR('',#12471,1.);
#12471 = DIRECTION('',(0.,0.,1.));
#12472 = ORIENTED_EDGE('',*,*,#12449,.F.);
#12473 = ORIENTED_EDGE('',*,*,#12467,.F.);
#12474 = CYLINDRICAL_SURFACE('',#12475,0.675);
#12475 = AXIS2_PLACEMENT_3D('',#12476,#12477,#12478);
#12476 = CARTESIAN_POINT('',(105.345731,-74.3,-8.1E-02));
#12477 = DIRECTION('',(-0.,-0.,-1.));
#12478 = DIRECTION('',(-0.,-1.,0.));
#12479 = MANIFOLD_SOLID_BREP('',#12480);
#12480 = CLOSED_SHELL('',(#12481,#12514,#12534,#12554));
#12481 = ADVANCED_FACE('',(#12482),#12509,.T.);
#12482 = FACE_BOUND('',#12483,.T.);
#12483 = EDGE_LOOP('',(#12484,#12494,#12501,#12502));
#12484 = ORIENTED_EDGE('',*,*,#12485,.T.);
#12485 = EDGE_CURVE('',#12486,#12488,#12490,.T.);
#12486 = VERTEX_POINT('',#12487);
#12487 = CARTESIAN_POINT('',(106.445731,-74.3,0.));
#12488 = VERTEX_POINT('',#12489);
#12489 = CARTESIAN_POINT('',(106.445731,-74.3,-7.5E-02));
#12490 = LINE('',#12491,#12492);
#12491 = CARTESIAN_POINT('',(106.445731,-74.3,0.));
#12492 = VECTOR('',#12493,1.);
#12493 = DIRECTION('',(0.,0.,-1.));
#12494 = ORIENTED_EDGE('',*,*,#12495,.T.);
#12495 = EDGE_CURVE('',#12488,#12488,#12496,.T.);
#12496 = CIRCLE('',#12497,1.1);
#12497 = AXIS2_PLACEMENT_3D('',#12498,#12499,#12500);
#12498 = CARTESIAN_POINT('',(105.345731,-74.3,-7.5E-02));
#12499 = DIRECTION('',(0.,0.,1.));
#12500 = DIRECTION('',(1.,0.,-0.));
#12501 = ORIENTED_EDGE('',*,*,#12485,.F.);
#12502 = ORIENTED_EDGE('',*,*,#12503,.F.);
#12503 = EDGE_CURVE('',#12486,#12486,#12504,.T.);
#12504 = CIRCLE('',#12505,1.1);
#12505 = AXIS2_PLACEMENT_3D('',#12506,#12507,#12508);
#12506 = CARTESIAN_POINT('',(105.345731,-74.3,0.));
#12507 = DIRECTION('',(0.,0.,1.));
#12508 = DIRECTION('',(1.,0.,-0.));
#12509 = CYLINDRICAL_SURFACE('',#12510,1.1);
#12510 = AXIS2_PLACEMENT_3D('',#12511,#12512,#12513);
#12511 = CARTESIAN_POINT('',(105.345731,-74.3,0.));
#12512 = DIRECTION('',(0.,0.,1.));
#12513 = DIRECTION('',(1.,0.,-0.));
#12514 = ADVANCED_FACE('',(#12515,#12518),#12529,.F.);
#12515 = FACE_BOUND('',#12516,.F.);
#12516 = EDGE_LOOP('',(#12517));
#12517 = ORIENTED_EDGE('',*,*,#12503,.F.);
#12518 = FACE_BOUND('',#12519,.F.);
#12519 = EDGE_LOOP('',(#12520));
#12520 = ORIENTED_EDGE('',*,*,#12521,.F.);
#12521 = EDGE_CURVE('',#12522,#12522,#12524,.T.);
#12522 = VERTEX_POINT('',#12523);
#12523 = CARTESIAN_POINT('',(105.345731,-74.975,0.));
#12524 = CIRCLE('',#12525,0.675);
#12525 = AXIS2_PLACEMENT_3D('',#12526,#12527,#12528);
#12526 = CARTESIAN_POINT('',(105.345731,-74.3,0.));
#12527 = DIRECTION('',(-0.,0.,-1.));
#12528 = DIRECTION('',(-0.,-1.,0.));
#12529 = PLANE('',#12530);
#12530 = AXIS2_PLACEMENT_3D('',#12531,#12532,#12533);
#12531 = CARTESIAN_POINT('',(0.,0.,0.));
#12532 = DIRECTION('',(-0.,-0.,-1.));
#12533 = DIRECTION('',(-1.,0.,0.));
#12534 = ADVANCED_FACE('',(#12535,#12538),#12549,.T.);
#12535 = FACE_BOUND('',#12536,.T.);
#12536 = EDGE_LOOP('',(#12537));
#12537 = ORIENTED_EDGE('',*,*,#12495,.F.);
#12538 = FACE_BOUND('',#12539,.T.);
#12539 = EDGE_LOOP('',(#12540));
#12540 = ORIENTED_EDGE('',*,*,#12541,.F.);
#12541 = EDGE_CURVE('',#12542,#12542,#12544,.T.);
#12542 = VERTEX_POINT('',#12543);
#12543 = CARTESIAN_POINT('',(105.345731,-74.975,-7.5E-02));
#12544 = CIRCLE('',#12545,0.675);
#12545 = AXIS2_PLACEMENT_3D('',#12546,#12547,#12548);
#12546 = CARTESIAN_POINT('',(105.345731,-74.3,-7.5E-02));
#12547 = DIRECTION('',(-0.,0.,-1.));
#12548 = DIRECTION('',(-0.,-1.,0.));
#12549 = PLANE('',#12550);
#12550 = AXIS2_PLACEMENT_3D('',#12551,#12552,#12553);
#12551 = CARTESIAN_POINT('',(0.,0.,-7.5E-02));
#12552 = DIRECTION('',(-0.,-0.,-1.));
#12553 = DIRECTION('',(-1.,0.,0.));
#12554 = ADVANCED_FACE('',(#12555),#12566,.F.);
#12555 = FACE_BOUND('',#12556,.T.);
#12556 = EDGE_LOOP('',(#12557,#12558,#12564,#12565));
#12557 = ORIENTED_EDGE('',*,*,#12541,.T.);
#12558 = ORIENTED_EDGE('',*,*,#12559,.T.);
#12559 = EDGE_CURVE('',#12542,#12522,#12560,.T.);
#12560 = LINE('',#12561,#12562);
#12561 = CARTESIAN_POINT('',(105.345731,-74.975,-8.1E-02));
#12562 = VECTOR('',#12563,1.);
#12563 = DIRECTION('',(0.,0.,1.));
#12564 = ORIENTED_EDGE('',*,*,#12521,.F.);
#12565 = ORIENTED_EDGE('',*,*,#12559,.F.);
#12566 = CYLINDRICAL_SURFACE('',#12567,0.675);
#12567 = AXIS2_PLACEMENT_3D('',#12568,#12569,#12570);
#12568 = CARTESIAN_POINT('',(105.345731,-74.3,-8.1E-02));
#12569 = DIRECTION('',(-0.,-0.,-1.));
#12570 = DIRECTION('',(-0.,-1.,0.));
#12571 = MANIFOLD_SOLID_BREP('',#12572);
#12572 = CLOSED_SHELL('',(#12573,#12606,#12626,#12646));
#12573 = ADVANCED_FACE('',(#12574),#12601,.T.);
#12574 = FACE_BOUND('',#12575,.F.);
#12575 = EDGE_LOOP('',(#12576,#12586,#12593,#12594));
#12576 = ORIENTED_EDGE('',*,*,#12577,.T.);
#12577 = EDGE_CURVE('',#12578,#12580,#12582,.T.);
#12578 = VERTEX_POINT('',#12579);
#12579 = CARTESIAN_POINT('',(105.345731,-75.,-7.5E-02));
#12580 = VERTEX_POINT('',#12581);
#12581 = CARTESIAN_POINT('',(105.345731,-75.,1.115));
#12582 = LINE('',#12583,#12584);
#12583 = CARTESIAN_POINT('',(105.345731,-75.,-7.5E-02));
#12584 = VECTOR('',#12585,1.);
#12585 = DIRECTION('',(0.,0.,1.));
#12586 = ORIENTED_EDGE('',*,*,#12587,.T.);
#12587 = EDGE_CURVE('',#12580,#12580,#12588,.T.);
#12588 = CIRCLE('',#12589,0.7);
#12589 = AXIS2_PLACEMENT_3D('',#12590,#12591,#12592);
#12590 = CARTESIAN_POINT('',(105.345731,-74.3,1.115));
#12591 = DIRECTION('',(0.,0.,1.));
#12592 = DIRECTION('',(-0.,-1.,0.));
#12593 = ORIENTED_EDGE('',*,*,#12577,.F.);
#12594 = ORIENTED_EDGE('',*,*,#12595,.F.);
#12595 = EDGE_CURVE('',#12578,#12578,#12596,.T.);
#12596 = CIRCLE('',#12597,0.7);
#12597 = AXIS2_PLACEMENT_3D('',#12598,#12599,#12600);
#12598 = CARTESIAN_POINT('',(105.345731,-74.3,-7.5E-02));
#12599 = DIRECTION('',(0.,0.,1.));
#12600 = DIRECTION('',(-0.,-1.,0.));
#12601 = CYLINDRICAL_SURFACE('',#12602,0.7);
#12602 = AXIS2_PLACEMENT_3D('',#12603,#12604,#12605);
#12603 = CARTESIAN_POINT('',(105.345731,-74.3,-7.5E-02));
#12604 = DIRECTION('',(-0.,-0.,-1.));
#12605 = DIRECTION('',(-0.,-1.,0.));
#12606 = ADVANCED_FACE('',(#12607,#12610),#12621,.F.);
#12607 = FACE_BOUND('',#12608,.F.);
#12608 = EDGE_LOOP('',(#12609));
#12609 = ORIENTED_EDGE('',*,*,#12595,.T.);
#12610 = FACE_BOUND('',#12611,.F.);
#12611 = EDGE_LOOP('',(#12612));
#12612 = ORIENTED_EDGE('',*,*,#12613,.T.);
#12613 = EDGE_CURVE('',#12614,#12614,#12616,.T.);
#12614 = VERTEX_POINT('',#12615);
#12615 = CARTESIAN_POINT('',(105.345731,-74.975,-7.5E-02));
#12616 = CIRCLE('',#12617,0.675);
#12617 = AXIS2_PLACEMENT_3D('',#12618,#12619,#12620);
#12618 = CARTESIAN_POINT('',(105.345731,-74.3,-7.5E-02));
#12619 = DIRECTION('',(-0.,0.,-1.));
#12620 = DIRECTION('',(-0.,-1.,0.));
#12621 = PLANE('',#12622);
#12622 = AXIS2_PLACEMENT_3D('',#12623,#12624,#12625);
#12623 = CARTESIAN_POINT('',(105.345731,-75.,-7.5E-02));
#12624 = DIRECTION('',(0.,0.,1.));
#12625 = DIRECTION('',(1.,0.,-0.));
#12626 = ADVANCED_FACE('',(#12627,#12630),#12641,.T.);
#12627 = FACE_BOUND('',#12628,.T.);
#12628 = EDGE_LOOP('',(#12629));
#12629 = ORIENTED_EDGE('',*,*,#12587,.T.);
#12630 = FACE_BOUND('',#12631,.T.);
#12631 = EDGE_LOOP('',(#12632));
#12632 = ORIENTED_EDGE('',*,*,#12633,.T.);
#12633 = EDGE_CURVE('',#12634,#12634,#12636,.T.);
#12634 = VERTEX_POINT('',#12635);
#12635 = CARTESIAN_POINT('',(105.345731,-74.975,1.115));
#12636 = CIRCLE('',#12637,0.675);
#12637 = AXIS2_PLACEMENT_3D('',#12638,#12639,#12640);
#12638 = CARTESIAN_POINT('',(105.345731,-74.3,1.115));
#12639 = DIRECTION('',(-0.,0.,-1.));
#12640 = DIRECTION('',(-0.,-1.,0.));
#12641 = PLANE('',#12642);
#12642 = AXIS2_PLACEMENT_3D('',#12643,#12644,#12645);
#12643 = CARTESIAN_POINT('',(105.345731,-75.,1.115));
#12644 = DIRECTION('',(0.,0.,1.));
#12645 = DIRECTION('',(1.,0.,-0.));
#12646 = ADVANCED_FACE('',(#12647),#12658,.F.);
#12647 = FACE_BOUND('',#12648,.T.);
#12648 = EDGE_LOOP('',(#12649,#12650,#12656,#12657));
#12649 = ORIENTED_EDGE('',*,*,#12613,.T.);
#12650 = ORIENTED_EDGE('',*,*,#12651,.T.);
#12651 = EDGE_CURVE('',#12614,#12634,#12652,.T.);
#12652 = LINE('',#12653,#12654);
#12653 = CARTESIAN_POINT('',(105.345731,-74.975,-8.1E-02));
#12654 = VECTOR('',#12655,1.);
#12655 = DIRECTION('',(0.,0.,1.));
#12656 = ORIENTED_EDGE('',*,*,#12633,.F.);
#12657 = ORIENTED_EDGE('',*,*,#12651,.F.);
#12658 = CYLINDRICAL_SURFACE('',#12659,0.675);
#12659 = AXIS2_PLACEMENT_3D('',#12660,#12661,#12662);
#12660 = CARTESIAN_POINT('',(105.345731,-74.3,-8.1E-02));
#12661 = DIRECTION('',(-0.,-0.,-1.));
#12662 = DIRECTION('',(-0.,-1.,0.));
#12663 = MANIFOLD_SOLID_BREP('',#12664);
#12664 = CLOSED_SHELL('',(#12665,#12698,#12718,#12738));
#12665 = ADVANCED_FACE('',(#12666),#12693,.T.);
#12666 = FACE_BOUND('',#12667,.F.);
#12667 = EDGE_LOOP('',(#12668,#12678,#12685,#12686));
#12668 = ORIENTED_EDGE('',*,*,#12669,.T.);
#12669 = EDGE_CURVE('',#12670,#12672,#12674,.T.);
#12670 = VERTEX_POINT('',#12671);
#12671 = CARTESIAN_POINT('',(103.945731,-74.3,1.04));
#12672 = VERTEX_POINT('',#12673);
#12673 = CARTESIAN_POINT('',(103.945731,-74.3,1.115));
#12674 = LINE('',#12675,#12676);
#12675 = CARTESIAN_POINT('',(103.945731,-74.3,1.04));
#12676 = VECTOR('',#12677,1.);
#12677 = DIRECTION('',(0.,0.,1.));
#12678 = ORIENTED_EDGE('',*,*,#12679,.T.);
#12679 = EDGE_CURVE('',#12672,#12672,#12680,.T.);
#12680 = CIRCLE('',#12681,1.1);
#12681 = AXIS2_PLACEMENT_3D('',#12682,#12683,#12684);
#12682 = CARTESIAN_POINT('',(102.845731,-74.3,1.115));
#12683 = DIRECTION('',(0.,0.,1.));
#12684 = DIRECTION('',(1.,0.,-0.));
#12685 = ORIENTED_EDGE('',*,*,#12669,.F.);
#12686 = ORIENTED_EDGE('',*,*,#12687,.F.);
#12687 = EDGE_CURVE('',#12670,#12670,#12688,.T.);
#12688 = CIRCLE('',#12689,1.1);
#12689 = AXIS2_PLACEMENT_3D('',#12690,#12691,#12692);
#12690 = CARTESIAN_POINT('',(102.845731,-74.3,1.04));
#12691 = DIRECTION('',(0.,0.,1.));
#12692 = DIRECTION('',(1.,0.,-0.));
#12693 = CYLINDRICAL_SURFACE('',#12694,1.1);
#12694 = AXIS2_PLACEMENT_3D('',#12695,#12696,#12697);
#12695 = CARTESIAN_POINT('',(102.845731,-74.3,1.04));
#12696 = DIRECTION('',(-0.,-0.,-1.));
#12697 = DIRECTION('',(1.,0.,-0.));
#12698 = ADVANCED_FACE('',(#12699,#12702),#12713,.F.);
#12699 = FACE_BOUND('',#12700,.F.);
#12700 = EDGE_LOOP('',(#12701));
#12701 = ORIENTED_EDGE('',*,*,#12687,.T.);
#12702 = FACE_BOUND('',#12703,.F.);
#12703 = EDGE_LOOP('',(#12704));
#12704 = ORIENTED_EDGE('',*,*,#12705,.T.);
#12705 = EDGE_CURVE('',#12706,#12706,#12708,.T.);
#12706 = VERTEX_POINT('',#12707);
#12707 = CARTESIAN_POINT('',(102.845731,-74.975,1.04));
#12708 = CIRCLE('',#12709,0.675);
#12709 = AXIS2_PLACEMENT_3D('',#12710,#12711,#12712);
#12710 = CARTESIAN_POINT('',(102.845731,-74.3,1.04));
#12711 = DIRECTION('',(-0.,0.,-1.));
#12712 = DIRECTION('',(-0.,-1.,0.));
#12713 = PLANE('',#12714);
#12714 = AXIS2_PLACEMENT_3D('',#12715,#12716,#12717);
#12715 = CARTESIAN_POINT('',(0.,0.,1.04));
#12716 = DIRECTION('',(0.,0.,1.));
#12717 = DIRECTION('',(1.,0.,-0.));
#12718 = ADVANCED_FACE('',(#12719,#12722),#12733,.T.);
#12719 = FACE_BOUND('',#12720,.T.);
#12720 = EDGE_LOOP('',(#12721));
#12721 = ORIENTED_EDGE('',*,*,#12679,.T.);
#12722 = FACE_BOUND('',#12723,.T.);
#12723 = EDGE_LOOP('',(#12724));
#12724 = ORIENTED_EDGE('',*,*,#12725,.T.);
#12725 = EDGE_CURVE('',#12726,#12726,#12728,.T.);
#12726 = VERTEX_POINT('',#12727);
#12727 = CARTESIAN_POINT('',(102.845731,-74.975,1.115));
#12728 = CIRCLE('',#12729,0.675);
#12729 = AXIS2_PLACEMENT_3D('',#12730,#12731,#12732);
#12730 = CARTESIAN_POINT('',(102.845731,-74.3,1.115));
#12731 = DIRECTION('',(-0.,0.,-1.));
#12732 = DIRECTION('',(-0.,-1.,0.));
#12733 = PLANE('',#12734);
#12734 = AXIS2_PLACEMENT_3D('',#12735,#12736,#12737);
#12735 = CARTESIAN_POINT('',(0.,0.,1.115));
#12736 = DIRECTION('',(0.,0.,1.));
#12737 = DIRECTION('',(1.,0.,-0.));
#12738 = ADVANCED_FACE('',(#12739),#12750,.F.);
#12739 = FACE_BOUND('',#12740,.T.);
#12740 = EDGE_LOOP('',(#12741,#12742,#12748,#12749));
#12741 = ORIENTED_EDGE('',*,*,#12705,.T.);
#12742 = ORIENTED_EDGE('',*,*,#12743,.T.);
#12743 = EDGE_CURVE('',#12706,#12726,#12744,.T.);
#12744 = LINE('',#12745,#12746);
#12745 = CARTESIAN_POINT('',(102.845731,-74.975,-8.1E-02));
#12746 = VECTOR('',#12747,1.);
#12747 = DIRECTION('',(0.,0.,1.));
#12748 = ORIENTED_EDGE('',*,*,#12725,.F.);
#12749 = ORIENTED_EDGE('',*,*,#12743,.F.);
#12750 = CYLINDRICAL_SURFACE('',#12751,0.675);
#12751 = AXIS2_PLACEMENT_3D('',#12752,#12753,#12754);
#12752 = CARTESIAN_POINT('',(102.845731,-74.3,-8.1E-02));
#12753 = DIRECTION('',(-0.,-0.,-1.));
#12754 = DIRECTION('',(-0.,-1.,0.));
#12755 = MANIFOLD_SOLID_BREP('',#12756);
#12756 = CLOSED_SHELL('',(#12757,#12790,#12810,#12830));
#12757 = ADVANCED_FACE('',(#12758),#12785,.T.);
#12758 = FACE_BOUND('',#12759,.T.);
#12759 = EDGE_LOOP('',(#12760,#12770,#12777,#12778));
#12760 = ORIENTED_EDGE('',*,*,#12761,.T.);
#12761 = EDGE_CURVE('',#12762,#12764,#12766,.T.);
#12762 = VERTEX_POINT('',#12763);
#12763 = CARTESIAN_POINT('',(103.945731,-74.3,0.));
#12764 = VERTEX_POINT('',#12765);
#12765 = CARTESIAN_POINT('',(103.945731,-74.3,-7.5E-02));
#12766 = LINE('',#12767,#12768);
#12767 = CARTESIAN_POINT('',(103.945731,-74.3,0.));
#12768 = VECTOR('',#12769,1.);
#12769 = DIRECTION('',(0.,0.,-1.));
#12770 = ORIENTED_EDGE('',*,*,#12771,.T.);
#12771 = EDGE_CURVE('',#12764,#12764,#12772,.T.);
#12772 = CIRCLE('',#12773,1.1);
#12773 = AXIS2_PLACEMENT_3D('',#12774,#12775,#12776);
#12774 = CARTESIAN_POINT('',(102.845731,-74.3,-7.5E-02));
#12775 = DIRECTION('',(0.,0.,1.));
#12776 = DIRECTION('',(1.,0.,-0.));
#12777 = ORIENTED_EDGE('',*,*,#12761,.F.);
#12778 = ORIENTED_EDGE('',*,*,#12779,.F.);
#12779 = EDGE_CURVE('',#12762,#12762,#12780,.T.);
#12780 = CIRCLE('',#12781,1.1);
#12781 = AXIS2_PLACEMENT_3D('',#12782,#12783,#12784);
#12782 = CARTESIAN_POINT('',(102.845731,-74.3,0.));
#12783 = DIRECTION('',(0.,0.,1.));
#12784 = DIRECTION('',(1.,0.,-0.));
#12785 = CYLINDRICAL_SURFACE('',#12786,1.1);
#12786 = AXIS2_PLACEMENT_3D('',#12787,#12788,#12789);
#12787 = CARTESIAN_POINT('',(102.845731,-74.3,0.));
#12788 = DIRECTION('',(0.,0.,1.));
#12789 = DIRECTION('',(1.,0.,-0.));
#12790 = ADVANCED_FACE('',(#12791,#12794),#12805,.F.);
#12791 = FACE_BOUND('',#12792,.F.);
#12792 = EDGE_LOOP('',(#12793));
#12793 = ORIENTED_EDGE('',*,*,#12779,.F.);
#12794 = FACE_BOUND('',#12795,.F.);
#12795 = EDGE_LOOP('',(#12796));
#12796 = ORIENTED_EDGE('',*,*,#12797,.F.);
#12797 = EDGE_CURVE('',#12798,#12798,#12800,.T.);
#12798 = VERTEX_POINT('',#12799);
#12799 = CARTESIAN_POINT('',(102.845731,-74.975,0.));
#12800 = CIRCLE('',#12801,0.675);
#12801 = AXIS2_PLACEMENT_3D('',#12802,#12803,#12804);
#12802 = CARTESIAN_POINT('',(102.845731,-74.3,0.));
#12803 = DIRECTION('',(-0.,0.,-1.));
#12804 = DIRECTION('',(-0.,-1.,0.));
#12805 = PLANE('',#12806);
#12806 = AXIS2_PLACEMENT_3D('',#12807,#12808,#12809);
#12807 = CARTESIAN_POINT('',(0.,0.,0.));
#12808 = DIRECTION('',(-0.,-0.,-1.));
#12809 = DIRECTION('',(-1.,0.,0.));
#12810 = ADVANCED_FACE('',(#12811,#12814),#12825,.T.);
#12811 = FACE_BOUND('',#12812,.T.);
#12812 = EDGE_LOOP('',(#12813));
#12813 = ORIENTED_EDGE('',*,*,#12771,.F.);
#12814 = FACE_BOUND('',#12815,.T.);
#12815 = EDGE_LOOP('',(#12816));
#12816 = ORIENTED_EDGE('',*,*,#12817,.F.);
#12817 = EDGE_CURVE('',#12818,#12818,#12820,.T.);
#12818 = VERTEX_POINT('',#12819);
#12819 = CARTESIAN_POINT('',(102.845731,-74.975,-7.5E-02));
#12820 = CIRCLE('',#12821,0.675);
#12821 = AXIS2_PLACEMENT_3D('',#12822,#12823,#12824);
#12822 = CARTESIAN_POINT('',(102.845731,-74.3,-7.5E-02));
#12823 = DIRECTION('',(-0.,0.,-1.));
#12824 = DIRECTION('',(-0.,-1.,0.));
#12825 = PLANE('',#12826);
#12826 = AXIS2_PLACEMENT_3D('',#12827,#12828,#12829);
#12827 = CARTESIAN_POINT('',(0.,0.,-7.5E-02));
#12828 = DIRECTION('',(-0.,-0.,-1.));
#12829 = DIRECTION('',(-1.,0.,0.));
#12830 = ADVANCED_FACE('',(#12831),#12842,.F.);
#12831 = FACE_BOUND('',#12832,.T.);
#12832 = EDGE_LOOP('',(#12833,#12834,#12840,#12841));
#12833 = ORIENTED_EDGE('',*,*,#12817,.T.);
#12834 = ORIENTED_EDGE('',*,*,#12835,.T.);
#12835 = EDGE_CURVE('',#12818,#12798,#12836,.T.);
#12836 = LINE('',#12837,#12838);
#12837 = CARTESIAN_POINT('',(102.845731,-74.975,-8.1E-02));
#12838 = VECTOR('',#12839,1.);
#12839 = DIRECTION('',(0.,0.,1.));
#12840 = ORIENTED_EDGE('',*,*,#12797,.F.);
#12841 = ORIENTED_EDGE('',*,*,#12835,.F.);
#12842 = CYLINDRICAL_SURFACE('',#12843,0.675);
#12843 = AXIS2_PLACEMENT_3D('',#12844,#12845,#12846);
#12844 = CARTESIAN_POINT('',(102.845731,-74.3,-8.1E-02));
#12845 = DIRECTION('',(-0.,-0.,-1.));
#12846 = DIRECTION('',(-0.,-1.,0.));
#12847 = MANIFOLD_SOLID_BREP('',#12848);
#12848 = CLOSED_SHELL('',(#12849,#12882,#12902,#12922));
#12849 = ADVANCED_FACE('',(#12850),#12877,.T.);
#12850 = FACE_BOUND('',#12851,.F.);
#12851 = EDGE_LOOP('',(#12852,#12862,#12869,#12870));
#12852 = ORIENTED_EDGE('',*,*,#12853,.T.);
#12853 = EDGE_CURVE('',#12854,#12856,#12858,.T.);
#12854 = VERTEX_POINT('',#12855);
#12855 = CARTESIAN_POINT('',(102.845731,-75.,-7.5E-02));
#12856 = VERTEX_POINT('',#12857);
#12857 = CARTESIAN_POINT('',(102.845731,-75.,1.115));
#12858 = LINE('',#12859,#12860);
#12859 = CARTESIAN_POINT('',(102.845731,-75.,-7.5E-02));
#12860 = VECTOR('',#12861,1.);
#12861 = DIRECTION('',(0.,0.,1.));
#12862 = ORIENTED_EDGE('',*,*,#12863,.T.);
#12863 = EDGE_CURVE('',#12856,#12856,#12864,.T.);
#12864 = CIRCLE('',#12865,0.7);
#12865 = AXIS2_PLACEMENT_3D('',#12866,#12867,#12868);
#12866 = CARTESIAN_POINT('',(102.845731,-74.3,1.115));
#12867 = DIRECTION('',(0.,0.,1.));
#12868 = DIRECTION('',(-0.,-1.,0.));
#12869 = ORIENTED_EDGE('',*,*,#12853,.F.);
#12870 = ORIENTED_EDGE('',*,*,#12871,.F.);
#12871 = EDGE_CURVE('',#12854,#12854,#12872,.T.);
#12872 = CIRCLE('',#12873,0.7);
#12873 = AXIS2_PLACEMENT_3D('',#12874,#12875,#12876);
#12874 = CARTESIAN_POINT('',(102.845731,-74.3,-7.5E-02));
#12875 = DIRECTION('',(0.,0.,1.));
#12876 = DIRECTION('',(-0.,-1.,0.));
#12877 = CYLINDRICAL_SURFACE('',#12878,0.7);
#12878 = AXIS2_PLACEMENT_3D('',#12879,#12880,#12881);
#12879 = CARTESIAN_POINT('',(102.845731,-74.3,-7.5E-02));
#12880 = DIRECTION('',(-0.,-0.,-1.));
#12881 = DIRECTION('',(-0.,-1.,0.));
#12882 = ADVANCED_FACE('',(#12883,#12886),#12897,.F.);
#12883 = FACE_BOUND('',#12884,.F.);
#12884 = EDGE_LOOP('',(#12885));
#12885 = ORIENTED_EDGE('',*,*,#12871,.T.);
#12886 = FACE_BOUND('',#12887,.F.);
#12887 = EDGE_LOOP('',(#12888));
#12888 = ORIENTED_EDGE('',*,*,#12889,.T.);
#12889 = EDGE_CURVE('',#12890,#12890,#12892,.T.);
#12890 = VERTEX_POINT('',#12891);
#12891 = CARTESIAN_POINT('',(102.845731,-74.975,-7.5E-02));
#12892 = CIRCLE('',#12893,0.675);
#12893 = AXIS2_PLACEMENT_3D('',#12894,#12895,#12896);
#12894 = CARTESIAN_POINT('',(102.845731,-74.3,-7.5E-02));
#12895 = DIRECTION('',(-0.,0.,-1.));
#12896 = DIRECTION('',(-0.,-1.,0.));
#12897 = PLANE('',#12898);
#12898 = AXIS2_PLACEMENT_3D('',#12899,#12900,#12901);
#12899 = CARTESIAN_POINT('',(102.845731,-75.,-7.5E-02));
#12900 = DIRECTION('',(0.,0.,1.));
#12901 = DIRECTION('',(1.,0.,-0.));
#12902 = ADVANCED_FACE('',(#12903,#12906),#12917,.T.);
#12903 = FACE_BOUND('',#12904,.T.);
#12904 = EDGE_LOOP('',(#12905));
#12905 = ORIENTED_EDGE('',*,*,#12863,.T.);
#12906 = FACE_BOUND('',#12907,.T.);
#12907 = EDGE_LOOP('',(#12908));
#12908 = ORIENTED_EDGE('',*,*,#12909,.T.);
#12909 = EDGE_CURVE('',#12910,#12910,#12912,.T.);
#12910 = VERTEX_POINT('',#12911);
#12911 = CARTESIAN_POINT('',(102.845731,-74.975,1.115));
#12912 = CIRCLE('',#12913,0.675);
#12913 = AXIS2_PLACEMENT_3D('',#12914,#12915,#12916);
#12914 = CARTESIAN_POINT('',(102.845731,-74.3,1.115));
#12915 = DIRECTION('',(-0.,0.,-1.));
#12916 = DIRECTION('',(-0.,-1.,0.));
#12917 = PLANE('',#12918);
#12918 = AXIS2_PLACEMENT_3D('',#12919,#12920,#12921);
#12919 = CARTESIAN_POINT('',(102.845731,-75.,1.115));
#12920 = DIRECTION('',(0.,0.,1.));
#12921 = DIRECTION('',(1.,0.,-0.));
#12922 = ADVANCED_FACE('',(#12923),#12934,.F.);
#12923 = FACE_BOUND('',#12924,.T.);
#12924 = EDGE_LOOP('',(#12925,#12926,#12932,#12933));
#12925 = ORIENTED_EDGE('',*,*,#12889,.T.);
#12926 = ORIENTED_EDGE('',*,*,#12927,.T.);
#12927 = EDGE_CURVE('',#12890,#12910,#12928,.T.);
#12928 = LINE('',#12929,#12930);
#12929 = CARTESIAN_POINT('',(102.845731,-74.975,-8.1E-02));
#12930 = VECTOR('',#12931,1.);
#12931 = DIRECTION('',(0.,0.,1.));
#12932 = ORIENTED_EDGE('',*,*,#12909,.F.);
#12933 = ORIENTED_EDGE('',*,*,#12927,.F.);
#12934 = CYLINDRICAL_SURFACE('',#12935,0.675);
#12935 = AXIS2_PLACEMENT_3D('',#12936,#12937,#12938);
#12936 = CARTESIAN_POINT('',(102.845731,-74.3,-8.1E-02));
#12937 = DIRECTION('',(-0.,-0.,-1.));
#12938 = DIRECTION('',(-0.,-1.,0.));
#12939 = MANIFOLD_SOLID_BREP('',#12940);
#12940 = CLOSED_SHELL('',(#12941,#12983,#13014,#13045,#13108,#13171,
    #13188,#13205,#13222,#13239,#13251));
#12941 = ADVANCED_FACE('',(#12942),#12978,.T.);
#12942 = FACE_BOUND('',#12943,.T.);
#12943 = EDGE_LOOP('',(#12944,#12954,#12963,#12971));
#12944 = ORIENTED_EDGE('',*,*,#12945,.T.);
#12945 = EDGE_CURVE('',#12946,#12948,#12950,.T.);
#12946 = VERTEX_POINT('',#12947);
#12947 = CARTESIAN_POINT('',(95.096981,-83.650001,1.04));
#12948 = VERTEX_POINT('',#12949);
#12949 = CARTESIAN_POINT('',(95.096981,-83.650001,1.115));
#12950 = LINE('',#12951,#12952);
#12951 = CARTESIAN_POINT('',(95.096981,-83.650001,1.04));
#12952 = VECTOR('',#12953,1.);
#12953 = DIRECTION('',(0.,0.,1.));
#12954 = ORIENTED_EDGE('',*,*,#12955,.T.);
#12955 = EDGE_CURVE('',#12948,#12956,#12958,.T.);
#12956 = VERTEX_POINT('',#12957);
#12957 = CARTESIAN_POINT('',(95.346983,-83.400001,1.115));
#12958 = CIRCLE('',#12959,0.25000066679);
#12959 = AXIS2_PLACEMENT_3D('',#12960,#12961,#12962);
#12960 = CARTESIAN_POINT('',(95.346981666789,-83.65000166678,1.115));
#12961 = DIRECTION('',(0.,0.,-1.));
#12962 = DIRECTION('',(-0.999999999996,2.667136974132E-06,0.));
#12963 = ORIENTED_EDGE('',*,*,#12964,.F.);
#12964 = EDGE_CURVE('',#12965,#12956,#12967,.T.);
#12965 = VERTEX_POINT('',#12966);
#12966 = CARTESIAN_POINT('',(95.346983,-83.400001,1.04));
#12967 = LINE('',#12968,#12969);
#12968 = CARTESIAN_POINT('',(95.346983,-83.400001,1.04));
#12969 = VECTOR('',#12970,1.);
#12970 = DIRECTION('',(0.,0.,1.));
#12971 = ORIENTED_EDGE('',*,*,#12972,.F.);
#12972 = EDGE_CURVE('',#12946,#12965,#12973,.T.);
#12973 = CIRCLE('',#12974,0.25000066679);
#12974 = AXIS2_PLACEMENT_3D('',#12975,#12976,#12977);
#12975 = CARTESIAN_POINT('',(95.346981666789,-83.65000166678,1.04));
#12976 = DIRECTION('',(0.,0.,-1.));
#12977 = DIRECTION('',(-0.999999999996,2.667136974132E-06,0.));
#12978 = CYLINDRICAL_SURFACE('',#12979,0.25000066679);
#12979 = AXIS2_PLACEMENT_3D('',#12980,#12981,#12982);
#12980 = CARTESIAN_POINT('',(95.346981666789,-83.65000166678,1.04));
#12981 = DIRECTION('',(0.,0.,-1.));
#12982 = DIRECTION('',(-0.999999999996,2.667136974132E-06,0.));
#12983 = ADVANCED_FACE('',(#12984),#13009,.T.);
#12984 = FACE_BOUND('',#12985,.T.);
#12985 = EDGE_LOOP('',(#12986,#12996,#13002,#13003));
#12986 = ORIENTED_EDGE('',*,*,#12987,.T.);
#12987 = EDGE_CURVE('',#12988,#12990,#12992,.T.);
#12988 = VERTEX_POINT('',#12989);
#12989 = CARTESIAN_POINT('',(95.096982,-85.849998,1.04));
#12990 = VERTEX_POINT('',#12991);
#12991 = CARTESIAN_POINT('',(95.096982,-85.849998,1.115));
#12992 = LINE('',#12993,#12994);
#12993 = CARTESIAN_POINT('',(95.096982,-85.849998,1.04));
#12994 = VECTOR('',#12995,1.);
#12995 = DIRECTION('',(0.,0.,1.));
#12996 = ORIENTED_EDGE('',*,*,#12997,.T.);
#12997 = EDGE_CURVE('',#12990,#12948,#12998,.T.);
#12998 = LINE('',#12999,#13000);
#12999 = CARTESIAN_POINT('',(95.096982,-85.849998,1.115));
#13000 = VECTOR('',#13001,1.);
#13001 = DIRECTION('',(-4.545460732333E-07,1.,0.));
#13002 = ORIENTED_EDGE('',*,*,#12945,.F.);
#13003 = ORIENTED_EDGE('',*,*,#13004,.F.);
#13004 = EDGE_CURVE('',#12988,#12946,#13005,.T.);
#13005 = LINE('',#13006,#13007);
#13006 = CARTESIAN_POINT('',(95.096982,-85.849998,1.04));
#13007 = VECTOR('',#13008,1.);
#13008 = DIRECTION('',(-4.545460732333E-07,1.,0.));
#13009 = PLANE('',#13010);
#13010 = AXIS2_PLACEMENT_3D('',#13011,#13012,#13013);
#13011 = CARTESIAN_POINT('',(95.096982,-85.849998,1.04));
#13012 = DIRECTION('',(-1.,-4.545460732333E-07,0.));
#13013 = DIRECTION('',(-4.545460732333E-07,1.,0.));
#13014 = ADVANCED_FACE('',(#13015),#13040,.T.);
#13015 = FACE_BOUND('',#13016,.T.);
#13016 = EDGE_LOOP('',(#13017,#13018,#13026,#13034));
#13017 = ORIENTED_EDGE('',*,*,#12964,.T.);
#13018 = ORIENTED_EDGE('',*,*,#13019,.T.);
#13019 = EDGE_CURVE('',#12956,#13020,#13022,.T.);
#13020 = VERTEX_POINT('',#13021);
#13021 = CARTESIAN_POINT('',(97.54698,-83.4,1.115));
#13022 = LINE('',#13023,#13024);
#13023 = CARTESIAN_POINT('',(95.346983,-83.400001,1.115));
#13024 = VECTOR('',#13025,1.);
#13025 = DIRECTION('',(1.,4.545460732333E-07,0.));
#13026 = ORIENTED_EDGE('',*,*,#13027,.F.);
#13027 = EDGE_CURVE('',#13028,#13020,#13030,.T.);
#13028 = VERTEX_POINT('',#13029);
#13029 = CARTESIAN_POINT('',(97.54698,-83.4,1.04));
#13030 = LINE('',#13031,#13032);
#13031 = CARTESIAN_POINT('',(97.54698,-83.4,1.04));
#13032 = VECTOR('',#13033,1.);
#13033 = DIRECTION('',(0.,0.,1.));
#13034 = ORIENTED_EDGE('',*,*,#13035,.F.);
#13035 = EDGE_CURVE('',#12965,#13028,#13036,.T.);
#13036 = LINE('',#13037,#13038);
#13037 = CARTESIAN_POINT('',(95.346983,-83.400001,1.04));
#13038 = VECTOR('',#13039,1.);
#13039 = DIRECTION('',(1.,4.545460732333E-07,0.));
#13040 = PLANE('',#13041);
#13041 = AXIS2_PLACEMENT_3D('',#13042,#13043,#13044);
#13042 = CARTESIAN_POINT('',(95.346983,-83.400001,1.04));
#13043 = DIRECTION('',(-4.545460732333E-07,1.,0.));
#13044 = DIRECTION('',(1.,4.545460732333E-07,0.));
#13045 = ADVANCED_FACE('',(#13046,#13092),#13103,.F.);
#13046 = FACE_BOUND('',#13047,.F.);
#13047 = EDGE_LOOP('',(#13048,#13049,#13050,#13059,#13067,#13076,#13084,
    #13091));
#13048 = ORIENTED_EDGE('',*,*,#12972,.F.);
#13049 = ORIENTED_EDGE('',*,*,#13004,.F.);
#13050 = ORIENTED_EDGE('',*,*,#13051,.F.);
#13051 = EDGE_CURVE('',#13052,#12988,#13054,.T.);
#13052 = VERTEX_POINT('',#13053);
#13053 = CARTESIAN_POINT('',(95.346982,-86.1,1.04));
#13054 = CIRCLE('',#13055,0.25000066679);
#13055 = AXIS2_PLACEMENT_3D('',#13056,#13057,#13058);
#13056 = CARTESIAN_POINT('',(95.346982666786,-85.84999933321,1.04));
#13057 = DIRECTION('',(0.,0.,-1.));
#13058 = DIRECTION('',(-2.667136974132E-06,-0.999999999996,-0.));
#13059 = ORIENTED_EDGE('',*,*,#13060,.F.);
#13060 = EDGE_CURVE('',#13061,#13052,#13063,.T.);
#13061 = VERTEX_POINT('',#13062);
#13062 = CARTESIAN_POINT('',(97.546979,-86.099999,1.04));
#13063 = LINE('',#13064,#13065);
#13064 = CARTESIAN_POINT('',(97.546979,-86.099999,1.04));
#13065 = VECTOR('',#13066,1.);
#13066 = DIRECTION('',(-1.,-4.545460732333E-07,0.));
#13067 = ORIENTED_EDGE('',*,*,#13068,.F.);
#13068 = EDGE_CURVE('',#13069,#13061,#13071,.T.);
#13069 = VERTEX_POINT('',#13070);
#13070 = CARTESIAN_POINT('',(97.796981,-85.849999,1.04));
#13071 = CIRCLE('',#13072,0.25000066679);
#13072 = AXIS2_PLACEMENT_3D('',#13073,#13074,#13075);
#13073 = CARTESIAN_POINT('',(97.546980333211,-85.84999833321,1.04));
#13074 = DIRECTION('',(0.,0.,-1.));
#13075 = DIRECTION('',(0.999999999996,-2.667136974132E-06,0.));
#13076 = ORIENTED_EDGE('',*,*,#13077,.F.);
#13077 = EDGE_CURVE('',#13078,#13069,#13080,.T.);
#13078 = VERTEX_POINT('',#13079);
#13079 = CARTESIAN_POINT('',(97.79698,-83.650002,1.04));
#13080 = LINE('',#13081,#13082);
#13081 = CARTESIAN_POINT('',(97.79698,-83.650002,1.04));
#13082 = VECTOR('',#13083,1.);
#13083 = DIRECTION('',(4.545460732333E-07,-1.,0.));
#13084 = ORIENTED_EDGE('',*,*,#13085,.F.);
#13085 = EDGE_CURVE('',#13028,#13078,#13086,.T.);
#13086 = CIRCLE('',#13087,0.25000066679);
#13087 = AXIS2_PLACEMENT_3D('',#13088,#13089,#13090);
#13088 = CARTESIAN_POINT('',(97.546979333214,-83.65000066678,1.04));
#13089 = DIRECTION('',(0.,0.,-1.));
#13090 = DIRECTION('',(2.667137030976E-06,0.999999999996,0.));
#13091 = ORIENTED_EDGE('',*,*,#13035,.F.);
#13092 = FACE_BOUND('',#13093,.F.);
#13093 = EDGE_LOOP('',(#13094));
#13094 = ORIENTED_EDGE('',*,*,#13095,.T.);
#13095 = EDGE_CURVE('',#13096,#13096,#13098,.T.);
#13096 = VERTEX_POINT('',#13097);
#13097 = CARTESIAN_POINT('',(96.446981,-85.575,1.04));
#13098 = CIRCLE('',#13099,0.825);
#13099 = AXIS2_PLACEMENT_3D('',#13100,#13101,#13102);
#13100 = CARTESIAN_POINT('',(96.446981,-84.75,1.04));
#13101 = DIRECTION('',(-0.,0.,-1.));
#13102 = DIRECTION('',(-0.,-1.,0.));
#13103 = PLANE('',#13104);
#13104 = AXIS2_PLACEMENT_3D('',#13105,#13106,#13107);
#13105 = CARTESIAN_POINT('',(0.,0.,1.04));
#13106 = DIRECTION('',(0.,0.,1.));
#13107 = DIRECTION('',(1.,0.,-0.));
#13108 = ADVANCED_FACE('',(#13109,#13155),#13166,.T.);
#13109 = FACE_BOUND('',#13110,.T.);
#13110 = EDGE_LOOP('',(#13111,#13112,#13113,#13122,#13130,#13139,#13147,
    #13154));
#13111 = ORIENTED_EDGE('',*,*,#12955,.F.);
#13112 = ORIENTED_EDGE('',*,*,#12997,.F.);
#13113 = ORIENTED_EDGE('',*,*,#13114,.F.);
#13114 = EDGE_CURVE('',#13115,#12990,#13117,.T.);
#13115 = VERTEX_POINT('',#13116);
#13116 = CARTESIAN_POINT('',(95.346982,-86.1,1.115));
#13117 = CIRCLE('',#13118,0.25000066679);
#13118 = AXIS2_PLACEMENT_3D('',#13119,#13120,#13121);
#13119 = CARTESIAN_POINT('',(95.346982666786,-85.84999933321,1.115));
#13120 = DIRECTION('',(0.,0.,-1.));
#13121 = DIRECTION('',(-2.667136974132E-06,-0.999999999996,-0.));
#13122 = ORIENTED_EDGE('',*,*,#13123,.F.);
#13123 = EDGE_CURVE('',#13124,#13115,#13126,.T.);
#13124 = VERTEX_POINT('',#13125);
#13125 = CARTESIAN_POINT('',(97.546979,-86.099999,1.115));
#13126 = LINE('',#13127,#13128);
#13127 = CARTESIAN_POINT('',(97.546979,-86.099999,1.115));
#13128 = VECTOR('',#13129,1.);
#13129 = DIRECTION('',(-1.,-4.545460732333E-07,0.));
#13130 = ORIENTED_EDGE('',*,*,#13131,.F.);
#13131 = EDGE_CURVE('',#13132,#13124,#13134,.T.);
#13132 = VERTEX_POINT('',#13133);
#13133 = CARTESIAN_POINT('',(97.796981,-85.849999,1.115));
#13134 = CIRCLE('',#13135,0.25000066679);
#13135 = AXIS2_PLACEMENT_3D('',#13136,#13137,#13138);
#13136 = CARTESIAN_POINT('',(97.546980333211,-85.84999833321,1.115));
#13137 = DIRECTION('',(0.,0.,-1.));
#13138 = DIRECTION('',(0.999999999996,-2.667136974132E-06,0.));
#13139 = ORIENTED_EDGE('',*,*,#13140,.F.);
#13140 = EDGE_CURVE('',#13141,#13132,#13143,.T.);
#13141 = VERTEX_POINT('',#13142);
#13142 = CARTESIAN_POINT('',(97.79698,-83.650002,1.115));
#13143 = LINE('',#13144,#13145);
#13144 = CARTESIAN_POINT('',(97.79698,-83.650002,1.115));
#13145 = VECTOR('',#13146,1.);
#13146 = DIRECTION('',(4.545460732333E-07,-1.,0.));
#13147 = ORIENTED_EDGE('',*,*,#13148,.F.);
#13148 = EDGE_CURVE('',#13020,#13141,#13149,.T.);
#13149 = CIRCLE('',#13150,0.25000066679);
#13150 = AXIS2_PLACEMENT_3D('',#13151,#13152,#13153);
#13151 = CARTESIAN_POINT('',(97.546979333214,-83.65000066678,1.115));
#13152 = DIRECTION('',(0.,0.,-1.));
#13153 = DIRECTION('',(2.667137030976E-06,0.999999999996,0.));
#13154 = ORIENTED_EDGE('',*,*,#13019,.F.);
#13155 = FACE_BOUND('',#13156,.T.);
#13156 = EDGE_LOOP('',(#13157));
#13157 = ORIENTED_EDGE('',*,*,#13158,.T.);
#13158 = EDGE_CURVE('',#13159,#13159,#13161,.T.);
#13159 = VERTEX_POINT('',#13160);
#13160 = CARTESIAN_POINT('',(96.446981,-85.575,1.115));
#13161 = CIRCLE('',#13162,0.825);
#13162 = AXIS2_PLACEMENT_3D('',#13163,#13164,#13165);
#13163 = CARTESIAN_POINT('',(96.446981,-84.75,1.115));
#13164 = DIRECTION('',(-0.,0.,-1.));
#13165 = DIRECTION('',(-0.,-1.,0.));
#13166 = PLANE('',#13167);
#13167 = AXIS2_PLACEMENT_3D('',#13168,#13169,#13170);
#13168 = CARTESIAN_POINT('',(0.,0.,1.115));
#13169 = DIRECTION('',(0.,0.,1.));
#13170 = DIRECTION('',(1.,0.,-0.));
#13171 = ADVANCED_FACE('',(#13172),#13183,.T.);
#13172 = FACE_BOUND('',#13173,.T.);
#13173 = EDGE_LOOP('',(#13174,#13180,#13181,#13182));
#13174 = ORIENTED_EDGE('',*,*,#13175,.T.);
#13175 = EDGE_CURVE('',#13052,#13115,#13176,.T.);
#13176 = LINE('',#13177,#13178);
#13177 = CARTESIAN_POINT('',(95.346982,-86.1,1.04));
#13178 = VECTOR('',#13179,1.);
#13179 = DIRECTION('',(0.,0.,1.));
#13180 = ORIENTED_EDGE('',*,*,#13114,.T.);
#13181 = ORIENTED_EDGE('',*,*,#12987,.F.);
#13182 = ORIENTED_EDGE('',*,*,#13051,.F.);
#13183 = CYLINDRICAL_SURFACE('',#13184,0.25000066679);
#13184 = AXIS2_PLACEMENT_3D('',#13185,#13186,#13187);
#13185 = CARTESIAN_POINT('',(95.346982666786,-85.84999933321,1.04));
#13186 = DIRECTION('',(0.,0.,-1.));
#13187 = DIRECTION('',(-2.667136974132E-06,-0.999999999996,-0.));
#13188 = ADVANCED_FACE('',(#13189),#13200,.T.);
#13189 = FACE_BOUND('',#13190,.T.);
#13190 = EDGE_LOOP('',(#13191,#13192,#13193,#13199));
#13191 = ORIENTED_EDGE('',*,*,#13027,.T.);
#13192 = ORIENTED_EDGE('',*,*,#13148,.T.);
#13193 = ORIENTED_EDGE('',*,*,#13194,.F.);
#13194 = EDGE_CURVE('',#13078,#13141,#13195,.T.);
#13195 = LINE('',#13196,#13197);
#13196 = CARTESIAN_POINT('',(97.79698,-83.650002,1.04));
#13197 = VECTOR('',#13198,1.);
#13198 = DIRECTION('',(0.,0.,1.));
#13199 = ORIENTED_EDGE('',*,*,#13085,.F.);
#13200 = CYLINDRICAL_SURFACE('',#13201,0.25000066679);
#13201 = AXIS2_PLACEMENT_3D('',#13202,#13203,#13204);
#13202 = CARTESIAN_POINT('',(97.546979333214,-83.65000066678,1.04));
#13203 = DIRECTION('',(0.,0.,-1.));
#13204 = DIRECTION('',(2.667137030976E-06,0.999999999996,0.));
#13205 = ADVANCED_FACE('',(#13206),#13217,.T.);
#13206 = FACE_BOUND('',#13207,.T.);
#13207 = EDGE_LOOP('',(#13208,#13214,#13215,#13216));
#13208 = ORIENTED_EDGE('',*,*,#13209,.T.);
#13209 = EDGE_CURVE('',#13061,#13124,#13210,.T.);
#13210 = LINE('',#13211,#13212);
#13211 = CARTESIAN_POINT('',(97.546979,-86.099999,1.04));
#13212 = VECTOR('',#13213,1.);
#13213 = DIRECTION('',(0.,0.,1.));
#13214 = ORIENTED_EDGE('',*,*,#13123,.T.);
#13215 = ORIENTED_EDGE('',*,*,#13175,.F.);
#13216 = ORIENTED_EDGE('',*,*,#13060,.F.);
#13217 = PLANE('',#13218);
#13218 = AXIS2_PLACEMENT_3D('',#13219,#13220,#13221);
#13219 = CARTESIAN_POINT('',(97.546979,-86.099999,1.04));
#13220 = DIRECTION('',(4.545460732333E-07,-1.,0.));
#13221 = DIRECTION('',(-1.,-4.545460732333E-07,0.));
#13222 = ADVANCED_FACE('',(#13223),#13234,.T.);
#13223 = FACE_BOUND('',#13224,.T.);
#13224 = EDGE_LOOP('',(#13225,#13226,#13227,#13233));
#13225 = ORIENTED_EDGE('',*,*,#13194,.T.);
#13226 = ORIENTED_EDGE('',*,*,#13140,.T.);
#13227 = ORIENTED_EDGE('',*,*,#13228,.F.);
#13228 = EDGE_CURVE('',#13069,#13132,#13229,.T.);
#13229 = LINE('',#13230,#13231);
#13230 = CARTESIAN_POINT('',(97.796981,-85.849999,1.04));
#13231 = VECTOR('',#13232,1.);
#13232 = DIRECTION('',(0.,0.,1.));
#13233 = ORIENTED_EDGE('',*,*,#13077,.F.);
#13234 = PLANE('',#13235);
#13235 = AXIS2_PLACEMENT_3D('',#13236,#13237,#13238);
#13236 = CARTESIAN_POINT('',(97.79698,-83.650002,1.04));
#13237 = DIRECTION('',(1.,4.545460732333E-07,-0.));
#13238 = DIRECTION('',(4.545460732333E-07,-1.,0.));
#13239 = ADVANCED_FACE('',(#13240),#13246,.T.);
#13240 = FACE_BOUND('',#13241,.T.);
#13241 = EDGE_LOOP('',(#13242,#13243,#13244,#13245));
#13242 = ORIENTED_EDGE('',*,*,#13228,.T.);
#13243 = ORIENTED_EDGE('',*,*,#13131,.T.);
#13244 = ORIENTED_EDGE('',*,*,#13209,.F.);
#13245 = ORIENTED_EDGE('',*,*,#13068,.F.);
#13246 = CYLINDRICAL_SURFACE('',#13247,0.25000066679);
#13247 = AXIS2_PLACEMENT_3D('',#13248,#13249,#13250);
#13248 = CARTESIAN_POINT('',(97.546980333211,-85.84999833321,1.04));
#13249 = DIRECTION('',(0.,0.,-1.));
#13250 = DIRECTION('',(0.999999999996,-2.667136974132E-06,0.));
#13251 = ADVANCED_FACE('',(#13252),#13263,.F.);
#13252 = FACE_BOUND('',#13253,.T.);
#13253 = EDGE_LOOP('',(#13254,#13255,#13261,#13262));
#13254 = ORIENTED_EDGE('',*,*,#13095,.T.);
#13255 = ORIENTED_EDGE('',*,*,#13256,.T.);
#13256 = EDGE_CURVE('',#13096,#13159,#13257,.T.);
#13257 = LINE('',#13258,#13259);
#13258 = CARTESIAN_POINT('',(96.446981,-85.575,-8.1E-02));
#13259 = VECTOR('',#13260,1.);
#13260 = DIRECTION('',(0.,0.,1.));
#13261 = ORIENTED_EDGE('',*,*,#13158,.F.);
#13262 = ORIENTED_EDGE('',*,*,#13256,.F.);
#13263 = CYLINDRICAL_SURFACE('',#13264,0.825);
#13264 = AXIS2_PLACEMENT_3D('',#13265,#13266,#13267);
#13265 = CARTESIAN_POINT('',(96.446981,-84.75,-8.1E-02));
#13266 = DIRECTION('',(-0.,-0.,-1.));
#13267 = DIRECTION('',(-0.,-1.,0.));
#13268 = MANIFOLD_SOLID_BREP('',#13269);
#13269 = CLOSED_SHELL('',(#13270,#13312,#13343,#13374,#13437,#13500,
    #13517,#13534,#13551,#13568,#13580));
#13270 = ADVANCED_FACE('',(#13271),#13307,.T.);
#13271 = FACE_BOUND('',#13272,.F.);
#13272 = EDGE_LOOP('',(#13273,#13283,#13292,#13300));
#13273 = ORIENTED_EDGE('',*,*,#13274,.T.);
#13274 = EDGE_CURVE('',#13275,#13277,#13279,.T.);
#13275 = VERTEX_POINT('',#13276);
#13276 = CARTESIAN_POINT('',(95.096981,-83.650001,0.));
#13277 = VERTEX_POINT('',#13278);
#13278 = CARTESIAN_POINT('',(95.096981,-83.650001,-7.5E-02));
#13279 = LINE('',#13280,#13281);
#13280 = CARTESIAN_POINT('',(95.096981,-83.650001,0.));
#13281 = VECTOR('',#13282,1.);
#13282 = DIRECTION('',(0.,0.,-1.));
#13283 = ORIENTED_EDGE('',*,*,#13284,.T.);
#13284 = EDGE_CURVE('',#13277,#13285,#13287,.T.);
#13285 = VERTEX_POINT('',#13286);
#13286 = CARTESIAN_POINT('',(95.346983,-83.400001,-7.5E-02));
#13287 = CIRCLE('',#13288,0.25000066679);
#13288 = AXIS2_PLACEMENT_3D('',#13289,#13290,#13291);
#13289 = CARTESIAN_POINT('',(95.346981666789,-83.65000166678,-7.5E-02));
#13290 = DIRECTION('',(0.,0.,-1.));
#13291 = DIRECTION('',(-0.999999999996,2.667136974132E-06,0.));
#13292 = ORIENTED_EDGE('',*,*,#13293,.F.);
#13293 = EDGE_CURVE('',#13294,#13285,#13296,.T.);
#13294 = VERTEX_POINT('',#13295);
#13295 = CARTESIAN_POINT('',(95.346983,-83.400001,0.));
#13296 = LINE('',#13297,#13298);
#13297 = CARTESIAN_POINT('',(95.346983,-83.400001,0.));
#13298 = VECTOR('',#13299,1.);
#13299 = DIRECTION('',(0.,0.,-1.));
#13300 = ORIENTED_EDGE('',*,*,#13301,.F.);
#13301 = EDGE_CURVE('',#13275,#13294,#13302,.T.);
#13302 = CIRCLE('',#13303,0.25000066679);
#13303 = AXIS2_PLACEMENT_3D('',#13304,#13305,#13306);
#13304 = CARTESIAN_POINT('',(95.346981666789,-83.65000166678,0.));
#13305 = DIRECTION('',(0.,0.,-1.));
#13306 = DIRECTION('',(-0.999999999996,2.667136974132E-06,0.));
#13307 = CYLINDRICAL_SURFACE('',#13308,0.25000066679);
#13308 = AXIS2_PLACEMENT_3D('',#13309,#13310,#13311);
#13309 = CARTESIAN_POINT('',(95.346981666789,-83.65000166678,0.));
#13310 = DIRECTION('',(-0.,-0.,1.));
#13311 = DIRECTION('',(-0.999999999996,2.667136974132E-06,0.));
#13312 = ADVANCED_FACE('',(#13313),#13338,.F.);
#13313 = FACE_BOUND('',#13314,.F.);
#13314 = EDGE_LOOP('',(#13315,#13325,#13331,#13332));
#13315 = ORIENTED_EDGE('',*,*,#13316,.T.);
#13316 = EDGE_CURVE('',#13317,#13319,#13321,.T.);
#13317 = VERTEX_POINT('',#13318);
#13318 = CARTESIAN_POINT('',(95.096982,-85.849998,0.));
#13319 = VERTEX_POINT('',#13320);
#13320 = CARTESIAN_POINT('',(95.096982,-85.849998,-7.5E-02));
#13321 = LINE('',#13322,#13323);
#13322 = CARTESIAN_POINT('',(95.096982,-85.849998,0.));
#13323 = VECTOR('',#13324,1.);
#13324 = DIRECTION('',(0.,0.,-1.));
#13325 = ORIENTED_EDGE('',*,*,#13326,.T.);
#13326 = EDGE_CURVE('',#13319,#13277,#13327,.T.);
#13327 = LINE('',#13328,#13329);
#13328 = CARTESIAN_POINT('',(95.096982,-85.849998,-7.5E-02));
#13329 = VECTOR('',#13330,1.);
#13330 = DIRECTION('',(-4.545460732333E-07,1.,0.));
#13331 = ORIENTED_EDGE('',*,*,#13274,.F.);
#13332 = ORIENTED_EDGE('',*,*,#13333,.F.);
#13333 = EDGE_CURVE('',#13317,#13275,#13334,.T.);
#13334 = LINE('',#13335,#13336);
#13335 = CARTESIAN_POINT('',(95.096982,-85.849998,0.));
#13336 = VECTOR('',#13337,1.);
#13337 = DIRECTION('',(-4.545460732333E-07,1.,0.));
#13338 = PLANE('',#13339);
#13339 = AXIS2_PLACEMENT_3D('',#13340,#13341,#13342);
#13340 = CARTESIAN_POINT('',(95.096982,-85.849998,0.));
#13341 = DIRECTION('',(1.,4.545460732333E-07,0.));
#13342 = DIRECTION('',(-4.545460732333E-07,1.,0.));
#13343 = ADVANCED_FACE('',(#13344),#13369,.F.);
#13344 = FACE_BOUND('',#13345,.F.);
#13345 = EDGE_LOOP('',(#13346,#13347,#13355,#13363));
#13346 = ORIENTED_EDGE('',*,*,#13293,.T.);
#13347 = ORIENTED_EDGE('',*,*,#13348,.T.);
#13348 = EDGE_CURVE('',#13285,#13349,#13351,.T.);
#13349 = VERTEX_POINT('',#13350);
#13350 = CARTESIAN_POINT('',(97.54698,-83.4,-7.5E-02));
#13351 = LINE('',#13352,#13353);
#13352 = CARTESIAN_POINT('',(95.346983,-83.400001,-7.5E-02));
#13353 = VECTOR('',#13354,1.);
#13354 = DIRECTION('',(1.,4.545460732333E-07,0.));
#13355 = ORIENTED_EDGE('',*,*,#13356,.F.);
#13356 = EDGE_CURVE('',#13357,#13349,#13359,.T.);
#13357 = VERTEX_POINT('',#13358);
#13358 = CARTESIAN_POINT('',(97.54698,-83.4,0.));
#13359 = LINE('',#13360,#13361);
#13360 = CARTESIAN_POINT('',(97.54698,-83.4,0.));
#13361 = VECTOR('',#13362,1.);
#13362 = DIRECTION('',(0.,0.,-1.));
#13363 = ORIENTED_EDGE('',*,*,#13364,.F.);
#13364 = EDGE_CURVE('',#13294,#13357,#13365,.T.);
#13365 = LINE('',#13366,#13367);
#13366 = CARTESIAN_POINT('',(95.346983,-83.400001,0.));
#13367 = VECTOR('',#13368,1.);
#13368 = DIRECTION('',(1.,4.545460732333E-07,0.));
#13369 = PLANE('',#13370);
#13370 = AXIS2_PLACEMENT_3D('',#13371,#13372,#13373);
#13371 = CARTESIAN_POINT('',(95.346983,-83.400001,0.));
#13372 = DIRECTION('',(4.545460732333E-07,-1.,0.));
#13373 = DIRECTION('',(1.,4.545460732333E-07,0.));
#13374 = ADVANCED_FACE('',(#13375,#13421),#13432,.F.);
#13375 = FACE_BOUND('',#13376,.F.);
#13376 = EDGE_LOOP('',(#13377,#13378,#13379,#13388,#13396,#13405,#13413,
    #13420));
#13377 = ORIENTED_EDGE('',*,*,#13301,.T.);
#13378 = ORIENTED_EDGE('',*,*,#13364,.T.);
#13379 = ORIENTED_EDGE('',*,*,#13380,.T.);
#13380 = EDGE_CURVE('',#13357,#13381,#13383,.T.);
#13381 = VERTEX_POINT('',#13382);
#13382 = CARTESIAN_POINT('',(97.79698,-83.650002,0.));
#13383 = CIRCLE('',#13384,0.25000066679);
#13384 = AXIS2_PLACEMENT_3D('',#13385,#13386,#13387);
#13385 = CARTESIAN_POINT('',(97.546979333214,-83.65000066678,0.));
#13386 = DIRECTION('',(0.,0.,-1.));
#13387 = DIRECTION('',(2.667137030976E-06,0.999999999996,0.));
#13388 = ORIENTED_EDGE('',*,*,#13389,.T.);
#13389 = EDGE_CURVE('',#13381,#13390,#13392,.T.);
#13390 = VERTEX_POINT('',#13391);
#13391 = CARTESIAN_POINT('',(97.796981,-85.849999,0.));
#13392 = LINE('',#13393,#13394);
#13393 = CARTESIAN_POINT('',(97.79698,-83.650002,0.));
#13394 = VECTOR('',#13395,1.);
#13395 = DIRECTION('',(4.545460732333E-07,-1.,0.));
#13396 = ORIENTED_EDGE('',*,*,#13397,.T.);
#13397 = EDGE_CURVE('',#13390,#13398,#13400,.T.);
#13398 = VERTEX_POINT('',#13399);
#13399 = CARTESIAN_POINT('',(97.546979,-86.099999,0.));
#13400 = CIRCLE('',#13401,0.25000066679);
#13401 = AXIS2_PLACEMENT_3D('',#13402,#13403,#13404);
#13402 = CARTESIAN_POINT('',(97.546980333211,-85.84999833321,0.));
#13403 = DIRECTION('',(0.,0.,-1.));
#13404 = DIRECTION('',(0.999999999996,-2.667136974132E-06,0.));
#13405 = ORIENTED_EDGE('',*,*,#13406,.T.);
#13406 = EDGE_CURVE('',#13398,#13407,#13409,.T.);
#13407 = VERTEX_POINT('',#13408);
#13408 = CARTESIAN_POINT('',(95.346982,-86.1,0.));
#13409 = LINE('',#13410,#13411);
#13410 = CARTESIAN_POINT('',(97.546979,-86.099999,0.));
#13411 = VECTOR('',#13412,1.);
#13412 = DIRECTION('',(-1.,-4.545460732333E-07,0.));
#13413 = ORIENTED_EDGE('',*,*,#13414,.T.);
#13414 = EDGE_CURVE('',#13407,#13317,#13415,.T.);
#13415 = CIRCLE('',#13416,0.25000066679);
#13416 = AXIS2_PLACEMENT_3D('',#13417,#13418,#13419);
#13417 = CARTESIAN_POINT('',(95.346982666786,-85.84999933321,0.));
#13418 = DIRECTION('',(0.,0.,-1.));
#13419 = DIRECTION('',(-2.667136974132E-06,-0.999999999996,-0.));
#13420 = ORIENTED_EDGE('',*,*,#13333,.T.);
#13421 = FACE_BOUND('',#13422,.F.);
#13422 = EDGE_LOOP('',(#13423));
#13423 = ORIENTED_EDGE('',*,*,#13424,.F.);
#13424 = EDGE_CURVE('',#13425,#13425,#13427,.T.);
#13425 = VERTEX_POINT('',#13426);
#13426 = CARTESIAN_POINT('',(96.446981,-85.575,0.));
#13427 = CIRCLE('',#13428,0.825);
#13428 = AXIS2_PLACEMENT_3D('',#13429,#13430,#13431);
#13429 = CARTESIAN_POINT('',(96.446981,-84.75,0.));
#13430 = DIRECTION('',(-0.,0.,-1.));
#13431 = DIRECTION('',(-0.,-1.,0.));
#13432 = PLANE('',#13433);
#13433 = AXIS2_PLACEMENT_3D('',#13434,#13435,#13436);
#13434 = CARTESIAN_POINT('',(0.,0.,0.));
#13435 = DIRECTION('',(-0.,-0.,-1.));
#13436 = DIRECTION('',(-1.,0.,0.));
#13437 = ADVANCED_FACE('',(#13438,#13484),#13495,.T.);
#13438 = FACE_BOUND('',#13439,.T.);
#13439 = EDGE_LOOP('',(#13440,#13441,#13442,#13451,#13459,#13468,#13476,
    #13483));
#13440 = ORIENTED_EDGE('',*,*,#13284,.T.);
#13441 = ORIENTED_EDGE('',*,*,#13348,.T.);
#13442 = ORIENTED_EDGE('',*,*,#13443,.T.);
#13443 = EDGE_CURVE('',#13349,#13444,#13446,.T.);
#13444 = VERTEX_POINT('',#13445);
#13445 = CARTESIAN_POINT('',(97.79698,-83.650002,-7.5E-02));
#13446 = CIRCLE('',#13447,0.25000066679);
#13447 = AXIS2_PLACEMENT_3D('',#13448,#13449,#13450);
#13448 = CARTESIAN_POINT('',(97.546979333214,-83.65000066678,-7.5E-02));
#13449 = DIRECTION('',(0.,0.,-1.));
#13450 = DIRECTION('',(2.667137030976E-06,0.999999999996,0.));
#13451 = ORIENTED_EDGE('',*,*,#13452,.T.);
#13452 = EDGE_CURVE('',#13444,#13453,#13455,.T.);
#13453 = VERTEX_POINT('',#13454);
#13454 = CARTESIAN_POINT('',(97.796981,-85.849999,-7.5E-02));
#13455 = LINE('',#13456,#13457);
#13456 = CARTESIAN_POINT('',(97.79698,-83.650002,-7.5E-02));
#13457 = VECTOR('',#13458,1.);
#13458 = DIRECTION('',(4.545460732333E-07,-1.,0.));
#13459 = ORIENTED_EDGE('',*,*,#13460,.T.);
#13460 = EDGE_CURVE('',#13453,#13461,#13463,.T.);
#13461 = VERTEX_POINT('',#13462);
#13462 = CARTESIAN_POINT('',(97.546979,-86.099999,-7.5E-02));
#13463 = CIRCLE('',#13464,0.25000066679);
#13464 = AXIS2_PLACEMENT_3D('',#13465,#13466,#13467);
#13465 = CARTESIAN_POINT('',(97.546980333211,-85.84999833321,-7.5E-02));
#13466 = DIRECTION('',(0.,0.,-1.));
#13467 = DIRECTION('',(0.999999999996,-2.667136974132E-06,0.));
#13468 = ORIENTED_EDGE('',*,*,#13469,.T.);
#13469 = EDGE_CURVE('',#13461,#13470,#13472,.T.);
#13470 = VERTEX_POINT('',#13471);
#13471 = CARTESIAN_POINT('',(95.346982,-86.1,-7.5E-02));
#13472 = LINE('',#13473,#13474);
#13473 = CARTESIAN_POINT('',(97.546979,-86.099999,-7.5E-02));
#13474 = VECTOR('',#13475,1.);
#13475 = DIRECTION('',(-1.,-4.545460732333E-07,0.));
#13476 = ORIENTED_EDGE('',*,*,#13477,.T.);
#13477 = EDGE_CURVE('',#13470,#13319,#13478,.T.);
#13478 = CIRCLE('',#13479,0.25000066679);
#13479 = AXIS2_PLACEMENT_3D('',#13480,#13481,#13482);
#13480 = CARTESIAN_POINT('',(95.346982666786,-85.84999933321,-7.5E-02));
#13481 = DIRECTION('',(0.,0.,-1.));
#13482 = DIRECTION('',(-2.667136974132E-06,-0.999999999996,-0.));
#13483 = ORIENTED_EDGE('',*,*,#13326,.T.);
#13484 = FACE_BOUND('',#13485,.T.);
#13485 = EDGE_LOOP('',(#13486));
#13486 = ORIENTED_EDGE('',*,*,#13487,.F.);
#13487 = EDGE_CURVE('',#13488,#13488,#13490,.T.);
#13488 = VERTEX_POINT('',#13489);
#13489 = CARTESIAN_POINT('',(96.446981,-85.575,-7.5E-02));
#13490 = CIRCLE('',#13491,0.825);
#13491 = AXIS2_PLACEMENT_3D('',#13492,#13493,#13494);
#13492 = CARTESIAN_POINT('',(96.446981,-84.75,-7.5E-02));
#13493 = DIRECTION('',(-0.,0.,-1.));
#13494 = DIRECTION('',(-0.,-1.,0.));
#13495 = PLANE('',#13496);
#13496 = AXIS2_PLACEMENT_3D('',#13497,#13498,#13499);
#13497 = CARTESIAN_POINT('',(0.,0.,-7.5E-02));
#13498 = DIRECTION('',(-0.,-0.,-1.));
#13499 = DIRECTION('',(-1.,0.,0.));
#13500 = ADVANCED_FACE('',(#13501),#13512,.T.);
#13501 = FACE_BOUND('',#13502,.F.);
#13502 = EDGE_LOOP('',(#13503,#13509,#13510,#13511));
#13503 = ORIENTED_EDGE('',*,*,#13504,.T.);
#13504 = EDGE_CURVE('',#13407,#13470,#13505,.T.);
#13505 = LINE('',#13506,#13507);
#13506 = CARTESIAN_POINT('',(95.346982,-86.1,0.));
#13507 = VECTOR('',#13508,1.);
#13508 = DIRECTION('',(0.,0.,-1.));
#13509 = ORIENTED_EDGE('',*,*,#13477,.T.);
#13510 = ORIENTED_EDGE('',*,*,#13316,.F.);
#13511 = ORIENTED_EDGE('',*,*,#13414,.F.);
#13512 = CYLINDRICAL_SURFACE('',#13513,0.25000066679);
#13513 = AXIS2_PLACEMENT_3D('',#13514,#13515,#13516);
#13514 = CARTESIAN_POINT('',(95.346982666786,-85.84999933321,0.));
#13515 = DIRECTION('',(-0.,-0.,1.));
#13516 = DIRECTION('',(-2.667136974132E-06,-0.999999999996,-0.));
#13517 = ADVANCED_FACE('',(#13518),#13529,.T.);
#13518 = FACE_BOUND('',#13519,.F.);
#13519 = EDGE_LOOP('',(#13520,#13521,#13522,#13528));
#13520 = ORIENTED_EDGE('',*,*,#13356,.T.);
#13521 = ORIENTED_EDGE('',*,*,#13443,.T.);
#13522 = ORIENTED_EDGE('',*,*,#13523,.F.);
#13523 = EDGE_CURVE('',#13381,#13444,#13524,.T.);
#13524 = LINE('',#13525,#13526);
#13525 = CARTESIAN_POINT('',(97.79698,-83.650002,0.));
#13526 = VECTOR('',#13527,1.);
#13527 = DIRECTION('',(0.,0.,-1.));
#13528 = ORIENTED_EDGE('',*,*,#13380,.F.);
#13529 = CYLINDRICAL_SURFACE('',#13530,0.25000066679);
#13530 = AXIS2_PLACEMENT_3D('',#13531,#13532,#13533);
#13531 = CARTESIAN_POINT('',(97.546979333214,-83.65000066678,0.));
#13532 = DIRECTION('',(-0.,-0.,1.));
#13533 = DIRECTION('',(2.667137030976E-06,0.999999999996,0.));
#13534 = ADVANCED_FACE('',(#13535),#13546,.F.);
#13535 = FACE_BOUND('',#13536,.F.);
#13536 = EDGE_LOOP('',(#13537,#13543,#13544,#13545));
#13537 = ORIENTED_EDGE('',*,*,#13538,.T.);
#13538 = EDGE_CURVE('',#13398,#13461,#13539,.T.);
#13539 = LINE('',#13540,#13541);
#13540 = CARTESIAN_POINT('',(97.546979,-86.099999,0.));
#13541 = VECTOR('',#13542,1.);
#13542 = DIRECTION('',(0.,0.,-1.));
#13543 = ORIENTED_EDGE('',*,*,#13469,.T.);
#13544 = ORIENTED_EDGE('',*,*,#13504,.F.);
#13545 = ORIENTED_EDGE('',*,*,#13406,.F.);
#13546 = PLANE('',#13547);
#13547 = AXIS2_PLACEMENT_3D('',#13548,#13549,#13550);
#13548 = CARTESIAN_POINT('',(97.546979,-86.099999,0.));
#13549 = DIRECTION('',(-4.545460732333E-07,1.,0.));
#13550 = DIRECTION('',(-1.,-4.545460732333E-07,0.));
#13551 = ADVANCED_FACE('',(#13552),#13563,.F.);
#13552 = FACE_BOUND('',#13553,.F.);
#13553 = EDGE_LOOP('',(#13554,#13555,#13556,#13562));
#13554 = ORIENTED_EDGE('',*,*,#13523,.T.);
#13555 = ORIENTED_EDGE('',*,*,#13452,.T.);
#13556 = ORIENTED_EDGE('',*,*,#13557,.F.);
#13557 = EDGE_CURVE('',#13390,#13453,#13558,.T.);
#13558 = LINE('',#13559,#13560);
#13559 = CARTESIAN_POINT('',(97.796981,-85.849999,0.));
#13560 = VECTOR('',#13561,1.);
#13561 = DIRECTION('',(0.,0.,-1.));
#13562 = ORIENTED_EDGE('',*,*,#13389,.F.);
#13563 = PLANE('',#13564);
#13564 = AXIS2_PLACEMENT_3D('',#13565,#13566,#13567);
#13565 = CARTESIAN_POINT('',(97.79698,-83.650002,0.));
#13566 = DIRECTION('',(-1.,-4.545460732333E-07,-0.));
#13567 = DIRECTION('',(4.545460732333E-07,-1.,0.));
#13568 = ADVANCED_FACE('',(#13569),#13575,.T.);
#13569 = FACE_BOUND('',#13570,.F.);
#13570 = EDGE_LOOP('',(#13571,#13572,#13573,#13574));
#13571 = ORIENTED_EDGE('',*,*,#13557,.T.);
#13572 = ORIENTED_EDGE('',*,*,#13460,.T.);
#13573 = ORIENTED_EDGE('',*,*,#13538,.F.);
#13574 = ORIENTED_EDGE('',*,*,#13397,.F.);
#13575 = CYLINDRICAL_SURFACE('',#13576,0.25000066679);
#13576 = AXIS2_PLACEMENT_3D('',#13577,#13578,#13579);
#13577 = CARTESIAN_POINT('',(97.546980333211,-85.84999833321,0.));
#13578 = DIRECTION('',(-0.,-0.,1.));
#13579 = DIRECTION('',(0.999999999996,-2.667136974132E-06,0.));
#13580 = ADVANCED_FACE('',(#13581),#13592,.F.);
#13581 = FACE_BOUND('',#13582,.T.);
#13582 = EDGE_LOOP('',(#13583,#13584,#13590,#13591));
#13583 = ORIENTED_EDGE('',*,*,#13487,.T.);
#13584 = ORIENTED_EDGE('',*,*,#13585,.T.);
#13585 = EDGE_CURVE('',#13488,#13425,#13586,.T.);
#13586 = LINE('',#13587,#13588);
#13587 = CARTESIAN_POINT('',(96.446981,-85.575,-8.1E-02));
#13588 = VECTOR('',#13589,1.);
#13589 = DIRECTION('',(0.,0.,1.));
#13590 = ORIENTED_EDGE('',*,*,#13424,.F.);
#13591 = ORIENTED_EDGE('',*,*,#13585,.F.);
#13592 = CYLINDRICAL_SURFACE('',#13593,0.825);
#13593 = AXIS2_PLACEMENT_3D('',#13594,#13595,#13596);
#13594 = CARTESIAN_POINT('',(96.446981,-84.75,-8.1E-02));
#13595 = DIRECTION('',(-0.,-0.,-1.));
#13596 = DIRECTION('',(-0.,-1.,0.));
#13597 = MANIFOLD_SOLID_BREP('',#13598);
#13598 = CLOSED_SHELL('',(#13599,#13632,#13652,#13672));
#13599 = ADVANCED_FACE('',(#13600),#13627,.T.);
#13600 = FACE_BOUND('',#13601,.F.);
#13601 = EDGE_LOOP('',(#13602,#13612,#13619,#13620));
#13602 = ORIENTED_EDGE('',*,*,#13603,.T.);
#13603 = EDGE_CURVE('',#13604,#13606,#13608,.T.);
#13604 = VERTEX_POINT('',#13605);
#13605 = CARTESIAN_POINT('',(96.446981,-85.6,-7.5E-02));
#13606 = VERTEX_POINT('',#13607);
#13607 = CARTESIAN_POINT('',(96.446981,-85.6,1.115));
#13608 = LINE('',#13609,#13610);
#13609 = CARTESIAN_POINT('',(96.446981,-85.6,-7.5E-02));
#13610 = VECTOR('',#13611,1.);
#13611 = DIRECTION('',(0.,0.,1.));
#13612 = ORIENTED_EDGE('',*,*,#13613,.T.);
#13613 = EDGE_CURVE('',#13606,#13606,#13614,.T.);
#13614 = CIRCLE('',#13615,0.85);
#13615 = AXIS2_PLACEMENT_3D('',#13616,#13617,#13618);
#13616 = CARTESIAN_POINT('',(96.446981,-84.75,1.115));
#13617 = DIRECTION('',(0.,0.,1.));
#13618 = DIRECTION('',(-0.,-1.,0.));
#13619 = ORIENTED_EDGE('',*,*,#13603,.F.);
#13620 = ORIENTED_EDGE('',*,*,#13621,.F.);
#13621 = EDGE_CURVE('',#13604,#13604,#13622,.T.);
#13622 = CIRCLE('',#13623,0.85);
#13623 = AXIS2_PLACEMENT_3D('',#13624,#13625,#13626);
#13624 = CARTESIAN_POINT('',(96.446981,-84.75,-7.5E-02));
#13625 = DIRECTION('',(0.,0.,1.));
#13626 = DIRECTION('',(-0.,-1.,0.));
#13627 = CYLINDRICAL_SURFACE('',#13628,0.85);
#13628 = AXIS2_PLACEMENT_3D('',#13629,#13630,#13631);
#13629 = CARTESIAN_POINT('',(96.446981,-84.75,-7.5E-02));
#13630 = DIRECTION('',(-0.,-0.,-1.));
#13631 = DIRECTION('',(-0.,-1.,0.));
#13632 = ADVANCED_FACE('',(#13633,#13636),#13647,.F.);
#13633 = FACE_BOUND('',#13634,.F.);
#13634 = EDGE_LOOP('',(#13635));
#13635 = ORIENTED_EDGE('',*,*,#13621,.T.);
#13636 = FACE_BOUND('',#13637,.F.);
#13637 = EDGE_LOOP('',(#13638));
#13638 = ORIENTED_EDGE('',*,*,#13639,.T.);
#13639 = EDGE_CURVE('',#13640,#13640,#13642,.T.);
#13640 = VERTEX_POINT('',#13641);
#13641 = CARTESIAN_POINT('',(96.446981,-85.575,-7.5E-02));
#13642 = CIRCLE('',#13643,0.825);
#13643 = AXIS2_PLACEMENT_3D('',#13644,#13645,#13646);
#13644 = CARTESIAN_POINT('',(96.446981,-84.75,-7.5E-02));
#13645 = DIRECTION('',(-0.,0.,-1.));
#13646 = DIRECTION('',(-0.,-1.,0.));
#13647 = PLANE('',#13648);
#13648 = AXIS2_PLACEMENT_3D('',#13649,#13650,#13651);
#13649 = CARTESIAN_POINT('',(96.446981,-85.6,-7.5E-02));
#13650 = DIRECTION('',(0.,0.,1.));
#13651 = DIRECTION('',(1.,0.,-0.));
#13652 = ADVANCED_FACE('',(#13653,#13656),#13667,.T.);
#13653 = FACE_BOUND('',#13654,.T.);
#13654 = EDGE_LOOP('',(#13655));
#13655 = ORIENTED_EDGE('',*,*,#13613,.T.);
#13656 = FACE_BOUND('',#13657,.T.);
#13657 = EDGE_LOOP('',(#13658));
#13658 = ORIENTED_EDGE('',*,*,#13659,.T.);
#13659 = EDGE_CURVE('',#13660,#13660,#13662,.T.);
#13660 = VERTEX_POINT('',#13661);
#13661 = CARTESIAN_POINT('',(96.446981,-85.575,1.115));
#13662 = CIRCLE('',#13663,0.825);
#13663 = AXIS2_PLACEMENT_3D('',#13664,#13665,#13666);
#13664 = CARTESIAN_POINT('',(96.446981,-84.75,1.115));
#13665 = DIRECTION('',(-0.,0.,-1.));
#13666 = DIRECTION('',(-0.,-1.,0.));
#13667 = PLANE('',#13668);
#13668 = AXIS2_PLACEMENT_3D('',#13669,#13670,#13671);
#13669 = CARTESIAN_POINT('',(96.446981,-85.6,1.115));
#13670 = DIRECTION('',(0.,0.,1.));
#13671 = DIRECTION('',(1.,0.,-0.));
#13672 = ADVANCED_FACE('',(#13673),#13684,.F.);
#13673 = FACE_BOUND('',#13674,.T.);
#13674 = EDGE_LOOP('',(#13675,#13676,#13682,#13683));
#13675 = ORIENTED_EDGE('',*,*,#13639,.T.);
#13676 = ORIENTED_EDGE('',*,*,#13677,.T.);
#13677 = EDGE_CURVE('',#13640,#13660,#13678,.T.);
#13678 = LINE('',#13679,#13680);
#13679 = CARTESIAN_POINT('',(96.446981,-85.575,-8.1E-02));
#13680 = VECTOR('',#13681,1.);
#13681 = DIRECTION('',(0.,0.,1.));
#13682 = ORIENTED_EDGE('',*,*,#13659,.F.);
#13683 = ORIENTED_EDGE('',*,*,#13677,.F.);
#13684 = CYLINDRICAL_SURFACE('',#13685,0.825);
#13685 = AXIS2_PLACEMENT_3D('',#13686,#13687,#13688);
#13686 = CARTESIAN_POINT('',(96.446981,-84.75,-8.1E-02));
#13687 = DIRECTION('',(-0.,-0.,-1.));
#13688 = DIRECTION('',(-0.,-1.,0.));
#13689 = MANIFOLD_SOLID_BREP('',#13690);
#13690 = CLOSED_SHELL('',(#13691,#13724,#13744,#13764));
#13691 = ADVANCED_FACE('',(#13692),#13719,.T.);
#13692 = FACE_BOUND('',#13693,.F.);
#13693 = EDGE_LOOP('',(#13694,#13704,#13711,#13712));
#13694 = ORIENTED_EDGE('',*,*,#13695,.T.);
#13695 = EDGE_CURVE('',#13696,#13698,#13700,.T.);
#13696 = VERTEX_POINT('',#13697);
#13697 = CARTESIAN_POINT('',(96.816981,-70.8,1.04));
#13698 = VERTEX_POINT('',#13699);
#13699 = CARTESIAN_POINT('',(96.816981,-70.8,1.115));
#13700 = LINE('',#13701,#13702);
#13701 = CARTESIAN_POINT('',(96.816981,-70.8,1.04));
#13702 = VECTOR('',#13703,1.);
#13703 = DIRECTION('',(0.,0.,1.));
#13704 = ORIENTED_EDGE('',*,*,#13705,.T.);
#13705 = EDGE_CURVE('',#13698,#13698,#13706,.T.);
#13706 = CIRCLE('',#13707,1.1);
#13707 = AXIS2_PLACEMENT_3D('',#13708,#13709,#13710);
#13708 = CARTESIAN_POINT('',(95.716981,-70.8,1.115));
#13709 = DIRECTION('',(0.,0.,1.));
#13710 = DIRECTION('',(1.,0.,-0.));
#13711 = ORIENTED_EDGE('',*,*,#13695,.F.);
#13712 = ORIENTED_EDGE('',*,*,#13713,.F.);
#13713 = EDGE_CURVE('',#13696,#13696,#13714,.T.);
#13714 = CIRCLE('',#13715,1.1);
#13715 = AXIS2_PLACEMENT_3D('',#13716,#13717,#13718);
#13716 = CARTESIAN_POINT('',(95.716981,-70.8,1.04));
#13717 = DIRECTION('',(0.,0.,1.));
#13718 = DIRECTION('',(1.,0.,-0.));
#13719 = CYLINDRICAL_SURFACE('',#13720,1.1);
#13720 = AXIS2_PLACEMENT_3D('',#13721,#13722,#13723);
#13721 = CARTESIAN_POINT('',(95.716981,-70.8,1.04));
#13722 = DIRECTION('',(-0.,-0.,-1.));
#13723 = DIRECTION('',(1.,0.,-0.));
#13724 = ADVANCED_FACE('',(#13725,#13728),#13739,.F.);
#13725 = FACE_BOUND('',#13726,.F.);
#13726 = EDGE_LOOP('',(#13727));
#13727 = ORIENTED_EDGE('',*,*,#13713,.T.);
#13728 = FACE_BOUND('',#13729,.F.);
#13729 = EDGE_LOOP('',(#13730));
#13730 = ORIENTED_EDGE('',*,*,#13731,.T.);
#13731 = EDGE_CURVE('',#13732,#13732,#13734,.T.);
#13732 = VERTEX_POINT('',#13733);
#13733 = CARTESIAN_POINT('',(95.716981,-71.475,1.04));
#13734 = CIRCLE('',#13735,0.675);
#13735 = AXIS2_PLACEMENT_3D('',#13736,#13737,#13738);
#13736 = CARTESIAN_POINT('',(95.716981,-70.8,1.04));
#13737 = DIRECTION('',(-0.,0.,-1.));
#13738 = DIRECTION('',(-0.,-1.,0.));
#13739 = PLANE('',#13740);
#13740 = AXIS2_PLACEMENT_3D('',#13741,#13742,#13743);
#13741 = CARTESIAN_POINT('',(0.,0.,1.04));
#13742 = DIRECTION('',(0.,0.,1.));
#13743 = DIRECTION('',(1.,0.,-0.));
#13744 = ADVANCED_FACE('',(#13745,#13748),#13759,.T.);
#13745 = FACE_BOUND('',#13746,.T.);
#13746 = EDGE_LOOP('',(#13747));
#13747 = ORIENTED_EDGE('',*,*,#13705,.T.);
#13748 = FACE_BOUND('',#13749,.T.);
#13749 = EDGE_LOOP('',(#13750));
#13750 = ORIENTED_EDGE('',*,*,#13751,.T.);
#13751 = EDGE_CURVE('',#13752,#13752,#13754,.T.);
#13752 = VERTEX_POINT('',#13753);
#13753 = CARTESIAN_POINT('',(95.716981,-71.475,1.115));
#13754 = CIRCLE('',#13755,0.675);
#13755 = AXIS2_PLACEMENT_3D('',#13756,#13757,#13758);
#13756 = CARTESIAN_POINT('',(95.716981,-70.8,1.115));
#13757 = DIRECTION('',(-0.,0.,-1.));
#13758 = DIRECTION('',(-0.,-1.,0.));
#13759 = PLANE('',#13760);
#13760 = AXIS2_PLACEMENT_3D('',#13761,#13762,#13763);
#13761 = CARTESIAN_POINT('',(0.,0.,1.115));
#13762 = DIRECTION('',(0.,0.,1.));
#13763 = DIRECTION('',(1.,0.,-0.));
#13764 = ADVANCED_FACE('',(#13765),#13776,.F.);
#13765 = FACE_BOUND('',#13766,.T.);
#13766 = EDGE_LOOP('',(#13767,#13768,#13774,#13775));
#13767 = ORIENTED_EDGE('',*,*,#13731,.T.);
#13768 = ORIENTED_EDGE('',*,*,#13769,.T.);
#13769 = EDGE_CURVE('',#13732,#13752,#13770,.T.);
#13770 = LINE('',#13771,#13772);
#13771 = CARTESIAN_POINT('',(95.716981,-71.475,-8.1E-02));
#13772 = VECTOR('',#13773,1.);
#13773 = DIRECTION('',(0.,0.,1.));
#13774 = ORIENTED_EDGE('',*,*,#13751,.F.);
#13775 = ORIENTED_EDGE('',*,*,#13769,.F.);
#13776 = CYLINDRICAL_SURFACE('',#13777,0.675);
#13777 = AXIS2_PLACEMENT_3D('',#13778,#13779,#13780);
#13778 = CARTESIAN_POINT('',(95.716981,-70.8,-8.1E-02));
#13779 = DIRECTION('',(-0.,-0.,-1.));
#13780 = DIRECTION('',(-0.,-1.,0.));
#13781 = MANIFOLD_SOLID_BREP('',#13782);
#13782 = CLOSED_SHELL('',(#13783,#13816,#13836,#13856));
#13783 = ADVANCED_FACE('',(#13784),#13811,.T.);
#13784 = FACE_BOUND('',#13785,.T.);
#13785 = EDGE_LOOP('',(#13786,#13796,#13803,#13804));
#13786 = ORIENTED_EDGE('',*,*,#13787,.T.);
#13787 = EDGE_CURVE('',#13788,#13790,#13792,.T.);
#13788 = VERTEX_POINT('',#13789);
#13789 = CARTESIAN_POINT('',(96.816981,-70.8,0.));
#13790 = VERTEX_POINT('',#13791);
#13791 = CARTESIAN_POINT('',(96.816981,-70.8,-7.5E-02));
#13792 = LINE('',#13793,#13794);
#13793 = CARTESIAN_POINT('',(96.816981,-70.8,0.));
#13794 = VECTOR('',#13795,1.);
#13795 = DIRECTION('',(0.,0.,-1.));
#13796 = ORIENTED_EDGE('',*,*,#13797,.T.);
#13797 = EDGE_CURVE('',#13790,#13790,#13798,.T.);
#13798 = CIRCLE('',#13799,1.1);
#13799 = AXIS2_PLACEMENT_3D('',#13800,#13801,#13802);
#13800 = CARTESIAN_POINT('',(95.716981,-70.8,-7.5E-02));
#13801 = DIRECTION('',(0.,0.,1.));
#13802 = DIRECTION('',(1.,0.,-0.));
#13803 = ORIENTED_EDGE('',*,*,#13787,.F.);
#13804 = ORIENTED_EDGE('',*,*,#13805,.F.);
#13805 = EDGE_CURVE('',#13788,#13788,#13806,.T.);
#13806 = CIRCLE('',#13807,1.1);
#13807 = AXIS2_PLACEMENT_3D('',#13808,#13809,#13810);
#13808 = CARTESIAN_POINT('',(95.716981,-70.8,0.));
#13809 = DIRECTION('',(0.,0.,1.));
#13810 = DIRECTION('',(1.,0.,-0.));
#13811 = CYLINDRICAL_SURFACE('',#13812,1.1);
#13812 = AXIS2_PLACEMENT_3D('',#13813,#13814,#13815);
#13813 = CARTESIAN_POINT('',(95.716981,-70.8,0.));
#13814 = DIRECTION('',(0.,0.,1.));
#13815 = DIRECTION('',(1.,0.,-0.));
#13816 = ADVANCED_FACE('',(#13817,#13820),#13831,.F.);
#13817 = FACE_BOUND('',#13818,.F.);
#13818 = EDGE_LOOP('',(#13819));
#13819 = ORIENTED_EDGE('',*,*,#13805,.F.);
#13820 = FACE_BOUND('',#13821,.F.);
#13821 = EDGE_LOOP('',(#13822));
#13822 = ORIENTED_EDGE('',*,*,#13823,.F.);
#13823 = EDGE_CURVE('',#13824,#13824,#13826,.T.);
#13824 = VERTEX_POINT('',#13825);
#13825 = CARTESIAN_POINT('',(95.716981,-71.475,0.));
#13826 = CIRCLE('',#13827,0.675);
#13827 = AXIS2_PLACEMENT_3D('',#13828,#13829,#13830);
#13828 = CARTESIAN_POINT('',(95.716981,-70.8,0.));
#13829 = DIRECTION('',(-0.,0.,-1.));
#13830 = DIRECTION('',(-0.,-1.,0.));
#13831 = PLANE('',#13832);
#13832 = AXIS2_PLACEMENT_3D('',#13833,#13834,#13835);
#13833 = CARTESIAN_POINT('',(0.,0.,0.));
#13834 = DIRECTION('',(-0.,-0.,-1.));
#13835 = DIRECTION('',(-1.,0.,0.));
#13836 = ADVANCED_FACE('',(#13837,#13840),#13851,.T.);
#13837 = FACE_BOUND('',#13838,.T.);
#13838 = EDGE_LOOP('',(#13839));
#13839 = ORIENTED_EDGE('',*,*,#13797,.F.);
#13840 = FACE_BOUND('',#13841,.T.);
#13841 = EDGE_LOOP('',(#13842));
#13842 = ORIENTED_EDGE('',*,*,#13843,.F.);
#13843 = EDGE_CURVE('',#13844,#13844,#13846,.T.);
#13844 = VERTEX_POINT('',#13845);
#13845 = CARTESIAN_POINT('',(95.716981,-71.475,-7.5E-02));
#13846 = CIRCLE('',#13847,0.675);
#13847 = AXIS2_PLACEMENT_3D('',#13848,#13849,#13850);
#13848 = CARTESIAN_POINT('',(95.716981,-70.8,-7.5E-02));
#13849 = DIRECTION('',(-0.,0.,-1.));
#13850 = DIRECTION('',(-0.,-1.,0.));
#13851 = PLANE('',#13852);
#13852 = AXIS2_PLACEMENT_3D('',#13853,#13854,#13855);
#13853 = CARTESIAN_POINT('',(0.,0.,-7.5E-02));
#13854 = DIRECTION('',(-0.,-0.,-1.));
#13855 = DIRECTION('',(-1.,0.,0.));
#13856 = ADVANCED_FACE('',(#13857),#13868,.F.);
#13857 = FACE_BOUND('',#13858,.T.);
#13858 = EDGE_LOOP('',(#13859,#13860,#13866,#13867));
#13859 = ORIENTED_EDGE('',*,*,#13843,.T.);
#13860 = ORIENTED_EDGE('',*,*,#13861,.T.);
#13861 = EDGE_CURVE('',#13844,#13824,#13862,.T.);
#13862 = LINE('',#13863,#13864);
#13863 = CARTESIAN_POINT('',(95.716981,-71.475,-8.1E-02));
#13864 = VECTOR('',#13865,1.);
#13865 = DIRECTION('',(0.,0.,1.));
#13866 = ORIENTED_EDGE('',*,*,#13823,.F.);
#13867 = ORIENTED_EDGE('',*,*,#13861,.F.);
#13868 = CYLINDRICAL_SURFACE('',#13869,0.675);
#13869 = AXIS2_PLACEMENT_3D('',#13870,#13871,#13872);
#13870 = CARTESIAN_POINT('',(95.716981,-70.8,-8.1E-02));
#13871 = DIRECTION('',(-0.,-0.,-1.));
#13872 = DIRECTION('',(-0.,-1.,0.));
#13873 = MANIFOLD_SOLID_BREP('',#13874);
#13874 = CLOSED_SHELL('',(#13875,#13908,#13928,#13948));
#13875 = ADVANCED_FACE('',(#13876),#13903,.T.);
#13876 = FACE_BOUND('',#13877,.F.);
#13877 = EDGE_LOOP('',(#13878,#13888,#13895,#13896));
#13878 = ORIENTED_EDGE('',*,*,#13879,.T.);
#13879 = EDGE_CURVE('',#13880,#13882,#13884,.T.);
#13880 = VERTEX_POINT('',#13881);
#13881 = CARTESIAN_POINT('',(95.716981,-71.5,-7.5E-02));
#13882 = VERTEX_POINT('',#13883);
#13883 = CARTESIAN_POINT('',(95.716981,-71.5,1.115));
#13884 = LINE('',#13885,#13886);
#13885 = CARTESIAN_POINT('',(95.716981,-71.5,-7.5E-02));
#13886 = VECTOR('',#13887,1.);
#13887 = DIRECTION('',(0.,0.,1.));
#13888 = ORIENTED_EDGE('',*,*,#13889,.T.);
#13889 = EDGE_CURVE('',#13882,#13882,#13890,.T.);
#13890 = CIRCLE('',#13891,0.7);
#13891 = AXIS2_PLACEMENT_3D('',#13892,#13893,#13894);
#13892 = CARTESIAN_POINT('',(95.716981,-70.8,1.115));
#13893 = DIRECTION('',(0.,0.,1.));
#13894 = DIRECTION('',(-0.,-1.,0.));
#13895 = ORIENTED_EDGE('',*,*,#13879,.F.);
#13896 = ORIENTED_EDGE('',*,*,#13897,.F.);
#13897 = EDGE_CURVE('',#13880,#13880,#13898,.T.);
#13898 = CIRCLE('',#13899,0.7);
#13899 = AXIS2_PLACEMENT_3D('',#13900,#13901,#13902);
#13900 = CARTESIAN_POINT('',(95.716981,-70.8,-7.5E-02));
#13901 = DIRECTION('',(0.,0.,1.));
#13902 = DIRECTION('',(-0.,-1.,0.));
#13903 = CYLINDRICAL_SURFACE('',#13904,0.7);
#13904 = AXIS2_PLACEMENT_3D('',#13905,#13906,#13907);
#13905 = CARTESIAN_POINT('',(95.716981,-70.8,-7.5E-02));
#13906 = DIRECTION('',(-0.,-0.,-1.));
#13907 = DIRECTION('',(-0.,-1.,0.));
#13908 = ADVANCED_FACE('',(#13909,#13912),#13923,.F.);
#13909 = FACE_BOUND('',#13910,.F.);
#13910 = EDGE_LOOP('',(#13911));
#13911 = ORIENTED_EDGE('',*,*,#13897,.T.);
#13912 = FACE_BOUND('',#13913,.F.);
#13913 = EDGE_LOOP('',(#13914));
#13914 = ORIENTED_EDGE('',*,*,#13915,.T.);
#13915 = EDGE_CURVE('',#13916,#13916,#13918,.T.);
#13916 = VERTEX_POINT('',#13917);
#13917 = CARTESIAN_POINT('',(95.716981,-71.475,-7.5E-02));
#13918 = CIRCLE('',#13919,0.675);
#13919 = AXIS2_PLACEMENT_3D('',#13920,#13921,#13922);
#13920 = CARTESIAN_POINT('',(95.716981,-70.8,-7.5E-02));
#13921 = DIRECTION('',(-0.,0.,-1.));
#13922 = DIRECTION('',(-0.,-1.,0.));
#13923 = PLANE('',#13924);
#13924 = AXIS2_PLACEMENT_3D('',#13925,#13926,#13927);
#13925 = CARTESIAN_POINT('',(95.716981,-71.5,-7.5E-02));
#13926 = DIRECTION('',(0.,0.,1.));
#13927 = DIRECTION('',(1.,0.,-0.));
#13928 = ADVANCED_FACE('',(#13929,#13932),#13943,.T.);
#13929 = FACE_BOUND('',#13930,.T.);
#13930 = EDGE_LOOP('',(#13931));
#13931 = ORIENTED_EDGE('',*,*,#13889,.T.);
#13932 = FACE_BOUND('',#13933,.T.);
#13933 = EDGE_LOOP('',(#13934));
#13934 = ORIENTED_EDGE('',*,*,#13935,.T.);
#13935 = EDGE_CURVE('',#13936,#13936,#13938,.T.);
#13936 = VERTEX_POINT('',#13937);
#13937 = CARTESIAN_POINT('',(95.716981,-71.475,1.115));
#13938 = CIRCLE('',#13939,0.675);
#13939 = AXIS2_PLACEMENT_3D('',#13940,#13941,#13942);
#13940 = CARTESIAN_POINT('',(95.716981,-70.8,1.115));
#13941 = DIRECTION('',(-0.,0.,-1.));
#13942 = DIRECTION('',(-0.,-1.,0.));
#13943 = PLANE('',#13944);
#13944 = AXIS2_PLACEMENT_3D('',#13945,#13946,#13947);
#13945 = CARTESIAN_POINT('',(95.716981,-71.5,1.115));
#13946 = DIRECTION('',(0.,0.,1.));
#13947 = DIRECTION('',(1.,0.,-0.));
#13948 = ADVANCED_FACE('',(#13949),#13960,.F.);
#13949 = FACE_BOUND('',#13950,.T.);
#13950 = EDGE_LOOP('',(#13951,#13952,#13958,#13959));
#13951 = ORIENTED_EDGE('',*,*,#13915,.T.);
#13952 = ORIENTED_EDGE('',*,*,#13953,.T.);
#13953 = EDGE_CURVE('',#13916,#13936,#13954,.T.);
#13954 = LINE('',#13955,#13956);
#13955 = CARTESIAN_POINT('',(95.716981,-71.475,-8.1E-02));
#13956 = VECTOR('',#13957,1.);
#13957 = DIRECTION('',(0.,0.,1.));
#13958 = ORIENTED_EDGE('',*,*,#13935,.F.);
#13959 = ORIENTED_EDGE('',*,*,#13953,.F.);
#13960 = CYLINDRICAL_SURFACE('',#13961,0.675);
#13961 = AXIS2_PLACEMENT_3D('',#13962,#13963,#13964);
#13962 = CARTESIAN_POINT('',(95.716981,-70.8,-8.1E-02));
#13963 = DIRECTION('',(-0.,-0.,-1.));
#13964 = DIRECTION('',(-0.,-1.,0.));
#13965 = MANIFOLD_SOLID_BREP('',#13966);
#13966 = CLOSED_SHELL('',(#13967,#14000,#14020,#14040));
#13967 = ADVANCED_FACE('',(#13968),#13995,.T.);
#13968 = FACE_BOUND('',#13969,.F.);
#13969 = EDGE_LOOP('',(#13970,#13980,#13987,#13988));
#13970 = ORIENTED_EDGE('',*,*,#13971,.T.);
#13971 = EDGE_CURVE('',#13972,#13974,#13976,.T.);
#13972 = VERTEX_POINT('',#13973);
#13973 = CARTESIAN_POINT('',(94.316981,-70.8,1.04));
#13974 = VERTEX_POINT('',#13975);
#13975 = CARTESIAN_POINT('',(94.316981,-70.8,1.115));
#13976 = LINE('',#13977,#13978);
#13977 = CARTESIAN_POINT('',(94.316981,-70.8,1.04));
#13978 = VECTOR('',#13979,1.);
#13979 = DIRECTION('',(0.,0.,1.));
#13980 = ORIENTED_EDGE('',*,*,#13981,.T.);
#13981 = EDGE_CURVE('',#13974,#13974,#13982,.T.);
#13982 = CIRCLE('',#13983,1.1);
#13983 = AXIS2_PLACEMENT_3D('',#13984,#13985,#13986);
#13984 = CARTESIAN_POINT('',(93.216981,-70.8,1.115));
#13985 = DIRECTION('',(0.,0.,1.));
#13986 = DIRECTION('',(1.,0.,-0.));
#13987 = ORIENTED_EDGE('',*,*,#13971,.F.);
#13988 = ORIENTED_EDGE('',*,*,#13989,.F.);
#13989 = EDGE_CURVE('',#13972,#13972,#13990,.T.);
#13990 = CIRCLE('',#13991,1.1);
#13991 = AXIS2_PLACEMENT_3D('',#13992,#13993,#13994);
#13992 = CARTESIAN_POINT('',(93.216981,-70.8,1.04));
#13993 = DIRECTION('',(0.,0.,1.));
#13994 = DIRECTION('',(1.,0.,-0.));
#13995 = CYLINDRICAL_SURFACE('',#13996,1.1);
#13996 = AXIS2_PLACEMENT_3D('',#13997,#13998,#13999);
#13997 = CARTESIAN_POINT('',(93.216981,-70.8,1.04));
#13998 = DIRECTION('',(-0.,-0.,-1.));
#13999 = DIRECTION('',(1.,0.,-0.));
#14000 = ADVANCED_FACE('',(#14001,#14004),#14015,.F.);
#14001 = FACE_BOUND('',#14002,.F.);
#14002 = EDGE_LOOP('',(#14003));
#14003 = ORIENTED_EDGE('',*,*,#13989,.T.);
#14004 = FACE_BOUND('',#14005,.F.);
#14005 = EDGE_LOOP('',(#14006));
#14006 = ORIENTED_EDGE('',*,*,#14007,.T.);
#14007 = EDGE_CURVE('',#14008,#14008,#14010,.T.);
#14008 = VERTEX_POINT('',#14009);
#14009 = CARTESIAN_POINT('',(93.216981,-71.475,1.04));
#14010 = CIRCLE('',#14011,0.675);
#14011 = AXIS2_PLACEMENT_3D('',#14012,#14013,#14014);
#14012 = CARTESIAN_POINT('',(93.216981,-70.8,1.04));
#14013 = DIRECTION('',(-0.,0.,-1.));
#14014 = DIRECTION('',(-0.,-1.,0.));
#14015 = PLANE('',#14016);
#14016 = AXIS2_PLACEMENT_3D('',#14017,#14018,#14019);
#14017 = CARTESIAN_POINT('',(0.,0.,1.04));
#14018 = DIRECTION('',(0.,0.,1.));
#14019 = DIRECTION('',(1.,0.,-0.));
#14020 = ADVANCED_FACE('',(#14021,#14024),#14035,.T.);
#14021 = FACE_BOUND('',#14022,.T.);
#14022 = EDGE_LOOP('',(#14023));
#14023 = ORIENTED_EDGE('',*,*,#13981,.T.);
#14024 = FACE_BOUND('',#14025,.T.);
#14025 = EDGE_LOOP('',(#14026));
#14026 = ORIENTED_EDGE('',*,*,#14027,.T.);
#14027 = EDGE_CURVE('',#14028,#14028,#14030,.T.);
#14028 = VERTEX_POINT('',#14029);
#14029 = CARTESIAN_POINT('',(93.216981,-71.475,1.115));
#14030 = CIRCLE('',#14031,0.675);
#14031 = AXIS2_PLACEMENT_3D('',#14032,#14033,#14034);
#14032 = CARTESIAN_POINT('',(93.216981,-70.8,1.115));
#14033 = DIRECTION('',(-0.,0.,-1.));
#14034 = DIRECTION('',(-0.,-1.,0.));
#14035 = PLANE('',#14036);
#14036 = AXIS2_PLACEMENT_3D('',#14037,#14038,#14039);
#14037 = CARTESIAN_POINT('',(0.,0.,1.115));
#14038 = DIRECTION('',(0.,0.,1.));
#14039 = DIRECTION('',(1.,0.,-0.));
#14040 = ADVANCED_FACE('',(#14041),#14052,.F.);
#14041 = FACE_BOUND('',#14042,.T.);
#14042 = EDGE_LOOP('',(#14043,#14044,#14050,#14051));
#14043 = ORIENTED_EDGE('',*,*,#14007,.T.);
#14044 = ORIENTED_EDGE('',*,*,#14045,.T.);
#14045 = EDGE_CURVE('',#14008,#14028,#14046,.T.);
#14046 = LINE('',#14047,#14048);
#14047 = CARTESIAN_POINT('',(93.216981,-71.475,-8.1E-02));
#14048 = VECTOR('',#14049,1.);
#14049 = DIRECTION('',(0.,0.,1.));
#14050 = ORIENTED_EDGE('',*,*,#14027,.F.);
#14051 = ORIENTED_EDGE('',*,*,#14045,.F.);
#14052 = CYLINDRICAL_SURFACE('',#14053,0.675);
#14053 = AXIS2_PLACEMENT_3D('',#14054,#14055,#14056);
#14054 = CARTESIAN_POINT('',(93.216981,-70.8,-8.1E-02));
#14055 = DIRECTION('',(-0.,-0.,-1.));
#14056 = DIRECTION('',(-0.,-1.,0.));
#14057 = MANIFOLD_SOLID_BREP('',#14058);
#14058 = CLOSED_SHELL('',(#14059,#14092,#14112,#14132));
#14059 = ADVANCED_FACE('',(#14060),#14087,.T.);
#14060 = FACE_BOUND('',#14061,.T.);
#14061 = EDGE_LOOP('',(#14062,#14072,#14079,#14080));
#14062 = ORIENTED_EDGE('',*,*,#14063,.T.);
#14063 = EDGE_CURVE('',#14064,#14066,#14068,.T.);
#14064 = VERTEX_POINT('',#14065);
#14065 = CARTESIAN_POINT('',(94.316981,-70.8,0.));
#14066 = VERTEX_POINT('',#14067);
#14067 = CARTESIAN_POINT('',(94.316981,-70.8,-7.5E-02));
#14068 = LINE('',#14069,#14070);
#14069 = CARTESIAN_POINT('',(94.316981,-70.8,0.));
#14070 = VECTOR('',#14071,1.);
#14071 = DIRECTION('',(0.,0.,-1.));
#14072 = ORIENTED_EDGE('',*,*,#14073,.T.);
#14073 = EDGE_CURVE('',#14066,#14066,#14074,.T.);
#14074 = CIRCLE('',#14075,1.1);
#14075 = AXIS2_PLACEMENT_3D('',#14076,#14077,#14078);
#14076 = CARTESIAN_POINT('',(93.216981,-70.8,-7.5E-02));
#14077 = DIRECTION('',(0.,0.,1.));
#14078 = DIRECTION('',(1.,0.,-0.));
#14079 = ORIENTED_EDGE('',*,*,#14063,.F.);
#14080 = ORIENTED_EDGE('',*,*,#14081,.F.);
#14081 = EDGE_CURVE('',#14064,#14064,#14082,.T.);
#14082 = CIRCLE('',#14083,1.1);
#14083 = AXIS2_PLACEMENT_3D('',#14084,#14085,#14086);
#14084 = CARTESIAN_POINT('',(93.216981,-70.8,0.));
#14085 = DIRECTION('',(0.,0.,1.));
#14086 = DIRECTION('',(1.,0.,-0.));
#14087 = CYLINDRICAL_SURFACE('',#14088,1.1);
#14088 = AXIS2_PLACEMENT_3D('',#14089,#14090,#14091);
#14089 = CARTESIAN_POINT('',(93.216981,-70.8,0.));
#14090 = DIRECTION('',(0.,0.,1.));
#14091 = DIRECTION('',(1.,0.,-0.));
#14092 = ADVANCED_FACE('',(#14093,#14096),#14107,.F.);
#14093 = FACE_BOUND('',#14094,.F.);
#14094 = EDGE_LOOP('',(#14095));
#14095 = ORIENTED_EDGE('',*,*,#14081,.F.);
#14096 = FACE_BOUND('',#14097,.F.);
#14097 = EDGE_LOOP('',(#14098));
#14098 = ORIENTED_EDGE('',*,*,#14099,.F.);
#14099 = EDGE_CURVE('',#14100,#14100,#14102,.T.);
#14100 = VERTEX_POINT('',#14101);
#14101 = CARTESIAN_POINT('',(93.216981,-71.475,0.));
#14102 = CIRCLE('',#14103,0.675);
#14103 = AXIS2_PLACEMENT_3D('',#14104,#14105,#14106);
#14104 = CARTESIAN_POINT('',(93.216981,-70.8,0.));
#14105 = DIRECTION('',(-0.,0.,-1.));
#14106 = DIRECTION('',(-0.,-1.,0.));
#14107 = PLANE('',#14108);
#14108 = AXIS2_PLACEMENT_3D('',#14109,#14110,#14111);
#14109 = CARTESIAN_POINT('',(0.,0.,0.));
#14110 = DIRECTION('',(-0.,-0.,-1.));
#14111 = DIRECTION('',(-1.,0.,0.));
#14112 = ADVANCED_FACE('',(#14113,#14116),#14127,.T.);
#14113 = FACE_BOUND('',#14114,.T.);
#14114 = EDGE_LOOP('',(#14115));
#14115 = ORIENTED_EDGE('',*,*,#14073,.F.);
#14116 = FACE_BOUND('',#14117,.T.);
#14117 = EDGE_LOOP('',(#14118));
#14118 = ORIENTED_EDGE('',*,*,#14119,.F.);
#14119 = EDGE_CURVE('',#14120,#14120,#14122,.T.);
#14120 = VERTEX_POINT('',#14121);
#14121 = CARTESIAN_POINT('',(93.216981,-71.475,-7.5E-02));
#14122 = CIRCLE('',#14123,0.675);
#14123 = AXIS2_PLACEMENT_3D('',#14124,#14125,#14126);
#14124 = CARTESIAN_POINT('',(93.216981,-70.8,-7.5E-02));
#14125 = DIRECTION('',(-0.,0.,-1.));
#14126 = DIRECTION('',(-0.,-1.,0.));
#14127 = PLANE('',#14128);
#14128 = AXIS2_PLACEMENT_3D('',#14129,#14130,#14131);
#14129 = CARTESIAN_POINT('',(0.,0.,-7.5E-02));
#14130 = DIRECTION('',(-0.,-0.,-1.));
#14131 = DIRECTION('',(-1.,0.,0.));
#14132 = ADVANCED_FACE('',(#14133),#14144,.F.);
#14133 = FACE_BOUND('',#14134,.T.);
#14134 = EDGE_LOOP('',(#14135,#14136,#14142,#14143));
#14135 = ORIENTED_EDGE('',*,*,#14119,.T.);
#14136 = ORIENTED_EDGE('',*,*,#14137,.T.);
#14137 = EDGE_CURVE('',#14120,#14100,#14138,.T.);
#14138 = LINE('',#14139,#14140);
#14139 = CARTESIAN_POINT('',(93.216981,-71.475,-8.1E-02));
#14140 = VECTOR('',#14141,1.);
#14141 = DIRECTION('',(0.,0.,1.));
#14142 = ORIENTED_EDGE('',*,*,#14099,.F.);
#14143 = ORIENTED_EDGE('',*,*,#14137,.F.);
#14144 = CYLINDRICAL_SURFACE('',#14145,0.675);
#14145 = AXIS2_PLACEMENT_3D('',#14146,#14147,#14148);
#14146 = CARTESIAN_POINT('',(93.216981,-70.8,-8.1E-02));
#14147 = DIRECTION('',(-0.,-0.,-1.));
#14148 = DIRECTION('',(-0.,-1.,0.));
#14149 = MANIFOLD_SOLID_BREP('',#14150);
#14150 = CLOSED_SHELL('',(#14151,#14184,#14204,#14224));
#14151 = ADVANCED_FACE('',(#14152),#14179,.T.);
#14152 = FACE_BOUND('',#14153,.F.);
#14153 = EDGE_LOOP('',(#14154,#14164,#14171,#14172));
#14154 = ORIENTED_EDGE('',*,*,#14155,.T.);
#14155 = EDGE_CURVE('',#14156,#14158,#14160,.T.);
#14156 = VERTEX_POINT('',#14157);
#14157 = CARTESIAN_POINT('',(93.216981,-71.5,-7.5E-02));
#14158 = VERTEX_POINT('',#14159);
#14159 = CARTESIAN_POINT('',(93.216981,-71.5,1.115));
#14160 = LINE('',#14161,#14162);
#14161 = CARTESIAN_POINT('',(93.216981,-71.5,-7.5E-02));
#14162 = VECTOR('',#14163,1.);
#14163 = DIRECTION('',(0.,0.,1.));
#14164 = ORIENTED_EDGE('',*,*,#14165,.T.);
#14165 = EDGE_CURVE('',#14158,#14158,#14166,.T.);
#14166 = CIRCLE('',#14167,0.7);
#14167 = AXIS2_PLACEMENT_3D('',#14168,#14169,#14170);
#14168 = CARTESIAN_POINT('',(93.216981,-70.8,1.115));
#14169 = DIRECTION('',(0.,0.,1.));
#14170 = DIRECTION('',(-0.,-1.,0.));
#14171 = ORIENTED_EDGE('',*,*,#14155,.F.);
#14172 = ORIENTED_EDGE('',*,*,#14173,.F.);
#14173 = EDGE_CURVE('',#14156,#14156,#14174,.T.);
#14174 = CIRCLE('',#14175,0.7);
#14175 = AXIS2_PLACEMENT_3D('',#14176,#14177,#14178);
#14176 = CARTESIAN_POINT('',(93.216981,-70.8,-7.5E-02));
#14177 = DIRECTION('',(0.,0.,1.));
#14178 = DIRECTION('',(-0.,-1.,0.));
#14179 = CYLINDRICAL_SURFACE('',#14180,0.7);
#14180 = AXIS2_PLACEMENT_3D('',#14181,#14182,#14183);
#14181 = CARTESIAN_POINT('',(93.216981,-70.8,-7.5E-02));
#14182 = DIRECTION('',(-0.,-0.,-1.));
#14183 = DIRECTION('',(-0.,-1.,0.));
#14184 = ADVANCED_FACE('',(#14185,#14188),#14199,.F.);
#14185 = FACE_BOUND('',#14186,.F.);
#14186 = EDGE_LOOP('',(#14187));
#14187 = ORIENTED_EDGE('',*,*,#14173,.T.);
#14188 = FACE_BOUND('',#14189,.F.);
#14189 = EDGE_LOOP('',(#14190));
#14190 = ORIENTED_EDGE('',*,*,#14191,.T.);
#14191 = EDGE_CURVE('',#14192,#14192,#14194,.T.);
#14192 = VERTEX_POINT('',#14193);
#14193 = CARTESIAN_POINT('',(93.216981,-71.475,-7.5E-02));
#14194 = CIRCLE('',#14195,0.675);
#14195 = AXIS2_PLACEMENT_3D('',#14196,#14197,#14198);
#14196 = CARTESIAN_POINT('',(93.216981,-70.8,-7.5E-02));
#14197 = DIRECTION('',(-0.,0.,-1.));
#14198 = DIRECTION('',(-0.,-1.,0.));
#14199 = PLANE('',#14200);
#14200 = AXIS2_PLACEMENT_3D('',#14201,#14202,#14203);
#14201 = CARTESIAN_POINT('',(93.216981,-71.5,-7.5E-02));
#14202 = DIRECTION('',(0.,0.,1.));
#14203 = DIRECTION('',(1.,0.,-0.));
#14204 = ADVANCED_FACE('',(#14205,#14208),#14219,.T.);
#14205 = FACE_BOUND('',#14206,.T.);
#14206 = EDGE_LOOP('',(#14207));
#14207 = ORIENTED_EDGE('',*,*,#14165,.T.);
#14208 = FACE_BOUND('',#14209,.T.);
#14209 = EDGE_LOOP('',(#14210));
#14210 = ORIENTED_EDGE('',*,*,#14211,.T.);
#14211 = EDGE_CURVE('',#14212,#14212,#14214,.T.);
#14212 = VERTEX_POINT('',#14213);
#14213 = CARTESIAN_POINT('',(93.216981,-71.475,1.115));
#14214 = CIRCLE('',#14215,0.675);
#14215 = AXIS2_PLACEMENT_3D('',#14216,#14217,#14218);
#14216 = CARTESIAN_POINT('',(93.216981,-70.8,1.115));
#14217 = DIRECTION('',(-0.,0.,-1.));
#14218 = DIRECTION('',(-0.,-1.,0.));
#14219 = PLANE('',#14220);
#14220 = AXIS2_PLACEMENT_3D('',#14221,#14222,#14223);
#14221 = CARTESIAN_POINT('',(93.216981,-71.5,1.115));
#14222 = DIRECTION('',(0.,0.,1.));
#14223 = DIRECTION('',(1.,0.,-0.));
#14224 = ADVANCED_FACE('',(#14225),#14236,.F.);
#14225 = FACE_BOUND('',#14226,.T.);
#14226 = EDGE_LOOP('',(#14227,#14228,#14234,#14235));
#14227 = ORIENTED_EDGE('',*,*,#14191,.T.);
#14228 = ORIENTED_EDGE('',*,*,#14229,.T.);
#14229 = EDGE_CURVE('',#14192,#14212,#14230,.T.);
#14230 = LINE('',#14231,#14232);
#14231 = CARTESIAN_POINT('',(93.216981,-71.475,-8.1E-02));
#14232 = VECTOR('',#14233,1.);
#14233 = DIRECTION('',(0.,0.,1.));
#14234 = ORIENTED_EDGE('',*,*,#14211,.F.);
#14235 = ORIENTED_EDGE('',*,*,#14229,.F.);
#14236 = CYLINDRICAL_SURFACE('',#14237,0.675);
#14237 = AXIS2_PLACEMENT_3D('',#14238,#14239,#14240);
#14238 = CARTESIAN_POINT('',(93.216981,-70.8,-8.1E-02));
#14239 = DIRECTION('',(-0.,-0.,-1.));
#14240 = DIRECTION('',(-0.,-1.,0.));
#14241 = MANIFOLD_SOLID_BREP('',#14242);
#14242 = CLOSED_SHELL('',(#14243,#14276,#14296,#14316));
#14243 = ADVANCED_FACE('',(#14244),#14271,.T.);
#14244 = FACE_BOUND('',#14245,.F.);
#14245 = EDGE_LOOP('',(#14246,#14256,#14263,#14264));
#14246 = ORIENTED_EDGE('',*,*,#14247,.T.);
#14247 = EDGE_CURVE('',#14248,#14250,#14252,.T.);
#14248 = VERTEX_POINT('',#14249);
#14249 = CARTESIAN_POINT('',(96.816981,-74.3,1.04));
#14250 = VERTEX_POINT('',#14251);
#14251 = CARTESIAN_POINT('',(96.816981,-74.3,1.115));
#14252 = LINE('',#14253,#14254);
#14253 = CARTESIAN_POINT('',(96.816981,-74.3,1.04));
#14254 = VECTOR('',#14255,1.);
#14255 = DIRECTION('',(0.,0.,1.));
#14256 = ORIENTED_EDGE('',*,*,#14257,.T.);
#14257 = EDGE_CURVE('',#14250,#14250,#14258,.T.);
#14258 = CIRCLE('',#14259,1.1);
#14259 = AXIS2_PLACEMENT_3D('',#14260,#14261,#14262);
#14260 = CARTESIAN_POINT('',(95.716981,-74.3,1.115));
#14261 = DIRECTION('',(0.,0.,1.));
#14262 = DIRECTION('',(1.,0.,-0.));
#14263 = ORIENTED_EDGE('',*,*,#14247,.F.);
#14264 = ORIENTED_EDGE('',*,*,#14265,.F.);
#14265 = EDGE_CURVE('',#14248,#14248,#14266,.T.);
#14266 = CIRCLE('',#14267,1.1);
#14267 = AXIS2_PLACEMENT_3D('',#14268,#14269,#14270);
#14268 = CARTESIAN_POINT('',(95.716981,-74.3,1.04));
#14269 = DIRECTION('',(0.,0.,1.));
#14270 = DIRECTION('',(1.,0.,-0.));
#14271 = CYLINDRICAL_SURFACE('',#14272,1.1);
#14272 = AXIS2_PLACEMENT_3D('',#14273,#14274,#14275);
#14273 = CARTESIAN_POINT('',(95.716981,-74.3,1.04));
#14274 = DIRECTION('',(-0.,-0.,-1.));
#14275 = DIRECTION('',(1.,0.,-0.));
#14276 = ADVANCED_FACE('',(#14277,#14280),#14291,.F.);
#14277 = FACE_BOUND('',#14278,.F.);
#14278 = EDGE_LOOP('',(#14279));
#14279 = ORIENTED_EDGE('',*,*,#14265,.T.);
#14280 = FACE_BOUND('',#14281,.F.);
#14281 = EDGE_LOOP('',(#14282));
#14282 = ORIENTED_EDGE('',*,*,#14283,.T.);
#14283 = EDGE_CURVE('',#14284,#14284,#14286,.T.);
#14284 = VERTEX_POINT('',#14285);
#14285 = CARTESIAN_POINT('',(95.716981,-74.975,1.04));
#14286 = CIRCLE('',#14287,0.675);
#14287 = AXIS2_PLACEMENT_3D('',#14288,#14289,#14290);
#14288 = CARTESIAN_POINT('',(95.716981,-74.3,1.04));
#14289 = DIRECTION('',(-0.,0.,-1.));
#14290 = DIRECTION('',(-0.,-1.,0.));
#14291 = PLANE('',#14292);
#14292 = AXIS2_PLACEMENT_3D('',#14293,#14294,#14295);
#14293 = CARTESIAN_POINT('',(0.,0.,1.04));
#14294 = DIRECTION('',(0.,0.,1.));
#14295 = DIRECTION('',(1.,0.,-0.));
#14296 = ADVANCED_FACE('',(#14297,#14300),#14311,.T.);
#14297 = FACE_BOUND('',#14298,.T.);
#14298 = EDGE_LOOP('',(#14299));
#14299 = ORIENTED_EDGE('',*,*,#14257,.T.);
#14300 = FACE_BOUND('',#14301,.T.);
#14301 = EDGE_LOOP('',(#14302));
#14302 = ORIENTED_EDGE('',*,*,#14303,.T.);
#14303 = EDGE_CURVE('',#14304,#14304,#14306,.T.);
#14304 = VERTEX_POINT('',#14305);
#14305 = CARTESIAN_POINT('',(95.716981,-74.975,1.115));
#14306 = CIRCLE('',#14307,0.675);
#14307 = AXIS2_PLACEMENT_3D('',#14308,#14309,#14310);
#14308 = CARTESIAN_POINT('',(95.716981,-74.3,1.115));
#14309 = DIRECTION('',(-0.,0.,-1.));
#14310 = DIRECTION('',(-0.,-1.,0.));
#14311 = PLANE('',#14312);
#14312 = AXIS2_PLACEMENT_3D('',#14313,#14314,#14315);
#14313 = CARTESIAN_POINT('',(0.,0.,1.115));
#14314 = DIRECTION('',(0.,0.,1.));
#14315 = DIRECTION('',(1.,0.,-0.));
#14316 = ADVANCED_FACE('',(#14317),#14328,.F.);
#14317 = FACE_BOUND('',#14318,.T.);
#14318 = EDGE_LOOP('',(#14319,#14320,#14326,#14327));
#14319 = ORIENTED_EDGE('',*,*,#14283,.T.);
#14320 = ORIENTED_EDGE('',*,*,#14321,.T.);
#14321 = EDGE_CURVE('',#14284,#14304,#14322,.T.);
#14322 = LINE('',#14323,#14324);
#14323 = CARTESIAN_POINT('',(95.716981,-74.975,-8.1E-02));
#14324 = VECTOR('',#14325,1.);
#14325 = DIRECTION('',(0.,0.,1.));
#14326 = ORIENTED_EDGE('',*,*,#14303,.F.);
#14327 = ORIENTED_EDGE('',*,*,#14321,.F.);
#14328 = CYLINDRICAL_SURFACE('',#14329,0.675);
#14329 = AXIS2_PLACEMENT_3D('',#14330,#14331,#14332);
#14330 = CARTESIAN_POINT('',(95.716981,-74.3,-8.1E-02));
#14331 = DIRECTION('',(-0.,-0.,-1.));
#14332 = DIRECTION('',(-0.,-1.,0.));
#14333 = MANIFOLD_SOLID_BREP('',#14334);
#14334 = CLOSED_SHELL('',(#14335,#14368,#14388,#14408));
#14335 = ADVANCED_FACE('',(#14336),#14363,.T.);
#14336 = FACE_BOUND('',#14337,.T.);
#14337 = EDGE_LOOP('',(#14338,#14348,#14355,#14356));
#14338 = ORIENTED_EDGE('',*,*,#14339,.T.);
#14339 = EDGE_CURVE('',#14340,#14342,#14344,.T.);
#14340 = VERTEX_POINT('',#14341);
#14341 = CARTESIAN_POINT('',(96.816981,-74.3,0.));
#14342 = VERTEX_POINT('',#14343);
#14343 = CARTESIAN_POINT('',(96.816981,-74.3,-7.5E-02));
#14344 = LINE('',#14345,#14346);
#14345 = CARTESIAN_POINT('',(96.816981,-74.3,0.));
#14346 = VECTOR('',#14347,1.);
#14347 = DIRECTION('',(0.,0.,-1.));
#14348 = ORIENTED_EDGE('',*,*,#14349,.T.);
#14349 = EDGE_CURVE('',#14342,#14342,#14350,.T.);
#14350 = CIRCLE('',#14351,1.1);
#14351 = AXIS2_PLACEMENT_3D('',#14352,#14353,#14354);
#14352 = CARTESIAN_POINT('',(95.716981,-74.3,-7.5E-02));
#14353 = DIRECTION('',(0.,0.,1.));
#14354 = DIRECTION('',(1.,0.,-0.));
#14355 = ORIENTED_EDGE('',*,*,#14339,.F.);
#14356 = ORIENTED_EDGE('',*,*,#14357,.F.);
#14357 = EDGE_CURVE('',#14340,#14340,#14358,.T.);
#14358 = CIRCLE('',#14359,1.1);
#14359 = AXIS2_PLACEMENT_3D('',#14360,#14361,#14362);
#14360 = CARTESIAN_POINT('',(95.716981,-74.3,0.));
#14361 = DIRECTION('',(0.,0.,1.));
#14362 = DIRECTION('',(1.,0.,-0.));
#14363 = CYLINDRICAL_SURFACE('',#14364,1.1);
#14364 = AXIS2_PLACEMENT_3D('',#14365,#14366,#14367);
#14365 = CARTESIAN_POINT('',(95.716981,-74.3,0.));
#14366 = DIRECTION('',(0.,0.,1.));
#14367 = DIRECTION('',(1.,0.,-0.));
#14368 = ADVANCED_FACE('',(#14369,#14372),#14383,.F.);
#14369 = FACE_BOUND('',#14370,.F.);
#14370 = EDGE_LOOP('',(#14371));
#14371 = ORIENTED_EDGE('',*,*,#14357,.F.);
#14372 = FACE_BOUND('',#14373,.F.);
#14373 = EDGE_LOOP('',(#14374));
#14374 = ORIENTED_EDGE('',*,*,#14375,.F.);
#14375 = EDGE_CURVE('',#14376,#14376,#14378,.T.);
#14376 = VERTEX_POINT('',#14377);
#14377 = CARTESIAN_POINT('',(95.716981,-74.975,0.));
#14378 = CIRCLE('',#14379,0.675);
#14379 = AXIS2_PLACEMENT_3D('',#14380,#14381,#14382);
#14380 = CARTESIAN_POINT('',(95.716981,-74.3,0.));
#14381 = DIRECTION('',(-0.,0.,-1.));
#14382 = DIRECTION('',(-0.,-1.,0.));
#14383 = PLANE('',#14384);
#14384 = AXIS2_PLACEMENT_3D('',#14385,#14386,#14387);
#14385 = CARTESIAN_POINT('',(0.,0.,0.));
#14386 = DIRECTION('',(-0.,-0.,-1.));
#14387 = DIRECTION('',(-1.,0.,0.));
#14388 = ADVANCED_FACE('',(#14389,#14392),#14403,.T.);
#14389 = FACE_BOUND('',#14390,.T.);
#14390 = EDGE_LOOP('',(#14391));
#14391 = ORIENTED_EDGE('',*,*,#14349,.F.);
#14392 = FACE_BOUND('',#14393,.T.);
#14393 = EDGE_LOOP('',(#14394));
#14394 = ORIENTED_EDGE('',*,*,#14395,.F.);
#14395 = EDGE_CURVE('',#14396,#14396,#14398,.T.);
#14396 = VERTEX_POINT('',#14397);
#14397 = CARTESIAN_POINT('',(95.716981,-74.975,-7.5E-02));
#14398 = CIRCLE('',#14399,0.675);
#14399 = AXIS2_PLACEMENT_3D('',#14400,#14401,#14402);
#14400 = CARTESIAN_POINT('',(95.716981,-74.3,-7.5E-02));
#14401 = DIRECTION('',(-0.,0.,-1.));
#14402 = DIRECTION('',(-0.,-1.,0.));
#14403 = PLANE('',#14404);
#14404 = AXIS2_PLACEMENT_3D('',#14405,#14406,#14407);
#14405 = CARTESIAN_POINT('',(0.,0.,-7.5E-02));
#14406 = DIRECTION('',(-0.,-0.,-1.));
#14407 = DIRECTION('',(-1.,0.,0.));
#14408 = ADVANCED_FACE('',(#14409),#14420,.F.);
#14409 = FACE_BOUND('',#14410,.T.);
#14410 = EDGE_LOOP('',(#14411,#14412,#14418,#14419));
#14411 = ORIENTED_EDGE('',*,*,#14395,.T.);
#14412 = ORIENTED_EDGE('',*,*,#14413,.T.);
#14413 = EDGE_CURVE('',#14396,#14376,#14414,.T.);
#14414 = LINE('',#14415,#14416);
#14415 = CARTESIAN_POINT('',(95.716981,-74.975,-8.1E-02));
#14416 = VECTOR('',#14417,1.);
#14417 = DIRECTION('',(0.,0.,1.));
#14418 = ORIENTED_EDGE('',*,*,#14375,.F.);
#14419 = ORIENTED_EDGE('',*,*,#14413,.F.);
#14420 = CYLINDRICAL_SURFACE('',#14421,0.675);
#14421 = AXIS2_PLACEMENT_3D('',#14422,#14423,#14424);
#14422 = CARTESIAN_POINT('',(95.716981,-74.3,-8.1E-02));
#14423 = DIRECTION('',(-0.,-0.,-1.));
#14424 = DIRECTION('',(-0.,-1.,0.));
#14425 = MANIFOLD_SOLID_BREP('',#14426);
#14426 = CLOSED_SHELL('',(#14427,#14460,#14480,#14500));
#14427 = ADVANCED_FACE('',(#14428),#14455,.T.);
#14428 = FACE_BOUND('',#14429,.F.);
#14429 = EDGE_LOOP('',(#14430,#14440,#14447,#14448));
#14430 = ORIENTED_EDGE('',*,*,#14431,.T.);
#14431 = EDGE_CURVE('',#14432,#14434,#14436,.T.);
#14432 = VERTEX_POINT('',#14433);
#14433 = CARTESIAN_POINT('',(95.716981,-75.,-7.5E-02));
#14434 = VERTEX_POINT('',#14435);
#14435 = CARTESIAN_POINT('',(95.716981,-75.,1.115));
#14436 = LINE('',#14437,#14438);
#14437 = CARTESIAN_POINT('',(95.716981,-75.,-7.5E-02));
#14438 = VECTOR('',#14439,1.);
#14439 = DIRECTION('',(0.,0.,1.));
#14440 = ORIENTED_EDGE('',*,*,#14441,.T.);
#14441 = EDGE_CURVE('',#14434,#14434,#14442,.T.);
#14442 = CIRCLE('',#14443,0.7);
#14443 = AXIS2_PLACEMENT_3D('',#14444,#14445,#14446);
#14444 = CARTESIAN_POINT('',(95.716981,-74.3,1.115));
#14445 = DIRECTION('',(0.,0.,1.));
#14446 = DIRECTION('',(-0.,-1.,0.));
#14447 = ORIENTED_EDGE('',*,*,#14431,.F.);
#14448 = ORIENTED_EDGE('',*,*,#14449,.F.);
#14449 = EDGE_CURVE('',#14432,#14432,#14450,.T.);
#14450 = CIRCLE('',#14451,0.7);
#14451 = AXIS2_PLACEMENT_3D('',#14452,#14453,#14454);
#14452 = CARTESIAN_POINT('',(95.716981,-74.3,-7.5E-02));
#14453 = DIRECTION('',(0.,0.,1.));
#14454 = DIRECTION('',(-0.,-1.,0.));
#14455 = CYLINDRICAL_SURFACE('',#14456,0.7);
#14456 = AXIS2_PLACEMENT_3D('',#14457,#14458,#14459);
#14457 = CARTESIAN_POINT('',(95.716981,-74.3,-7.5E-02));
#14458 = DIRECTION('',(-0.,-0.,-1.));
#14459 = DIRECTION('',(-0.,-1.,0.));
#14460 = ADVANCED_FACE('',(#14461,#14464),#14475,.F.);
#14461 = FACE_BOUND('',#14462,.F.);
#14462 = EDGE_LOOP('',(#14463));
#14463 = ORIENTED_EDGE('',*,*,#14449,.T.);
#14464 = FACE_BOUND('',#14465,.F.);
#14465 = EDGE_LOOP('',(#14466));
#14466 = ORIENTED_EDGE('',*,*,#14467,.T.);
#14467 = EDGE_CURVE('',#14468,#14468,#14470,.T.);
#14468 = VERTEX_POINT('',#14469);
#14469 = CARTESIAN_POINT('',(95.716981,-74.975,-7.5E-02));
#14470 = CIRCLE('',#14471,0.675);
#14471 = AXIS2_PLACEMENT_3D('',#14472,#14473,#14474);
#14472 = CARTESIAN_POINT('',(95.716981,-74.3,-7.5E-02));
#14473 = DIRECTION('',(-0.,0.,-1.));
#14474 = DIRECTION('',(-0.,-1.,0.));
#14475 = PLANE('',#14476);
#14476 = AXIS2_PLACEMENT_3D('',#14477,#14478,#14479);
#14477 = CARTESIAN_POINT('',(95.716981,-75.,-7.5E-02));
#14478 = DIRECTION('',(0.,0.,1.));
#14479 = DIRECTION('',(1.,0.,-0.));
#14480 = ADVANCED_FACE('',(#14481,#14484),#14495,.T.);
#14481 = FACE_BOUND('',#14482,.T.);
#14482 = EDGE_LOOP('',(#14483));
#14483 = ORIENTED_EDGE('',*,*,#14441,.T.);
#14484 = FACE_BOUND('',#14485,.T.);
#14485 = EDGE_LOOP('',(#14486));
#14486 = ORIENTED_EDGE('',*,*,#14487,.T.);
#14487 = EDGE_CURVE('',#14488,#14488,#14490,.T.);
#14488 = VERTEX_POINT('',#14489);
#14489 = CARTESIAN_POINT('',(95.716981,-74.975,1.115));
#14490 = CIRCLE('',#14491,0.675);
#14491 = AXIS2_PLACEMENT_3D('',#14492,#14493,#14494);
#14492 = CARTESIAN_POINT('',(95.716981,-74.3,1.115));
#14493 = DIRECTION('',(-0.,0.,-1.));
#14494 = DIRECTION('',(-0.,-1.,0.));
#14495 = PLANE('',#14496);
#14496 = AXIS2_PLACEMENT_3D('',#14497,#14498,#14499);
#14497 = CARTESIAN_POINT('',(95.716981,-75.,1.115));
#14498 = DIRECTION('',(0.,0.,1.));
#14499 = DIRECTION('',(1.,0.,-0.));
#14500 = ADVANCED_FACE('',(#14501),#14512,.F.);
#14501 = FACE_BOUND('',#14502,.T.);
#14502 = EDGE_LOOP('',(#14503,#14504,#14510,#14511));
#14503 = ORIENTED_EDGE('',*,*,#14467,.T.);
#14504 = ORIENTED_EDGE('',*,*,#14505,.T.);
#14505 = EDGE_CURVE('',#14468,#14488,#14506,.T.);
#14506 = LINE('',#14507,#14508);
#14507 = CARTESIAN_POINT('',(95.716981,-74.975,-8.1E-02));
#14508 = VECTOR('',#14509,1.);
#14509 = DIRECTION('',(0.,0.,1.));
#14510 = ORIENTED_EDGE('',*,*,#14487,.F.);
#14511 = ORIENTED_EDGE('',*,*,#14505,.F.);
#14512 = CYLINDRICAL_SURFACE('',#14513,0.675);
#14513 = AXIS2_PLACEMENT_3D('',#14514,#14515,#14516);
#14514 = CARTESIAN_POINT('',(95.716981,-74.3,-8.1E-02));
#14515 = DIRECTION('',(-0.,-0.,-1.));
#14516 = DIRECTION('',(-0.,-1.,0.));
#14517 = MANIFOLD_SOLID_BREP('',#14518);
#14518 = CLOSED_SHELL('',(#14519,#14552,#14572,#14592));
#14519 = ADVANCED_FACE('',(#14520),#14547,.T.);
#14520 = FACE_BOUND('',#14521,.F.);
#14521 = EDGE_LOOP('',(#14522,#14532,#14539,#14540));
#14522 = ORIENTED_EDGE('',*,*,#14523,.T.);
#14523 = EDGE_CURVE('',#14524,#14526,#14528,.T.);
#14524 = VERTEX_POINT('',#14525);
#14525 = CARTESIAN_POINT('',(94.316981,-74.3,1.04));
#14526 = VERTEX_POINT('',#14527);
#14527 = CARTESIAN_POINT('',(94.316981,-74.3,1.115));
#14528 = LINE('',#14529,#14530);
#14529 = CARTESIAN_POINT('',(94.316981,-74.3,1.04));
#14530 = VECTOR('',#14531,1.);
#14531 = DIRECTION('',(0.,0.,1.));
#14532 = ORIENTED_EDGE('',*,*,#14533,.T.);
#14533 = EDGE_CURVE('',#14526,#14526,#14534,.T.);
#14534 = CIRCLE('',#14535,1.1);
#14535 = AXIS2_PLACEMENT_3D('',#14536,#14537,#14538);
#14536 = CARTESIAN_POINT('',(93.216981,-74.3,1.115));
#14537 = DIRECTION('',(0.,0.,1.));
#14538 = DIRECTION('',(1.,0.,-0.));
#14539 = ORIENTED_EDGE('',*,*,#14523,.F.);
#14540 = ORIENTED_EDGE('',*,*,#14541,.F.);
#14541 = EDGE_CURVE('',#14524,#14524,#14542,.T.);
#14542 = CIRCLE('',#14543,1.1);
#14543 = AXIS2_PLACEMENT_3D('',#14544,#14545,#14546);
#14544 = CARTESIAN_POINT('',(93.216981,-74.3,1.04));
#14545 = DIRECTION('',(0.,0.,1.));
#14546 = DIRECTION('',(1.,0.,-0.));
#14547 = CYLINDRICAL_SURFACE('',#14548,1.1);
#14548 = AXIS2_PLACEMENT_3D('',#14549,#14550,#14551);
#14549 = CARTESIAN_POINT('',(93.216981,-74.3,1.04));
#14550 = DIRECTION('',(-0.,-0.,-1.));
#14551 = DIRECTION('',(1.,0.,-0.));
#14552 = ADVANCED_FACE('',(#14553,#14556),#14567,.F.);
#14553 = FACE_BOUND('',#14554,.F.);
#14554 = EDGE_LOOP('',(#14555));
#14555 = ORIENTED_EDGE('',*,*,#14541,.T.);
#14556 = FACE_BOUND('',#14557,.F.);
#14557 = EDGE_LOOP('',(#14558));
#14558 = ORIENTED_EDGE('',*,*,#14559,.T.);
#14559 = EDGE_CURVE('',#14560,#14560,#14562,.T.);
#14560 = VERTEX_POINT('',#14561);
#14561 = CARTESIAN_POINT('',(93.216981,-74.975,1.04));
#14562 = CIRCLE('',#14563,0.675);
#14563 = AXIS2_PLACEMENT_3D('',#14564,#14565,#14566);
#14564 = CARTESIAN_POINT('',(93.216981,-74.3,1.04));
#14565 = DIRECTION('',(-0.,0.,-1.));
#14566 = DIRECTION('',(-0.,-1.,0.));
#14567 = PLANE('',#14568);
#14568 = AXIS2_PLACEMENT_3D('',#14569,#14570,#14571);
#14569 = CARTESIAN_POINT('',(0.,0.,1.04));
#14570 = DIRECTION('',(0.,0.,1.));
#14571 = DIRECTION('',(1.,0.,-0.));
#14572 = ADVANCED_FACE('',(#14573,#14576),#14587,.T.);
#14573 = FACE_BOUND('',#14574,.T.);
#14574 = EDGE_LOOP('',(#14575));
#14575 = ORIENTED_EDGE('',*,*,#14533,.T.);
#14576 = FACE_BOUND('',#14577,.T.);
#14577 = EDGE_LOOP('',(#14578));
#14578 = ORIENTED_EDGE('',*,*,#14579,.T.);
#14579 = EDGE_CURVE('',#14580,#14580,#14582,.T.);
#14580 = VERTEX_POINT('',#14581);
#14581 = CARTESIAN_POINT('',(93.216981,-74.975,1.115));
#14582 = CIRCLE('',#14583,0.675);
#14583 = AXIS2_PLACEMENT_3D('',#14584,#14585,#14586);
#14584 = CARTESIAN_POINT('',(93.216981,-74.3,1.115));
#14585 = DIRECTION('',(-0.,0.,-1.));
#14586 = DIRECTION('',(-0.,-1.,0.));
#14587 = PLANE('',#14588);
#14588 = AXIS2_PLACEMENT_3D('',#14589,#14590,#14591);
#14589 = CARTESIAN_POINT('',(0.,0.,1.115));
#14590 = DIRECTION('',(0.,0.,1.));
#14591 = DIRECTION('',(1.,0.,-0.));
#14592 = ADVANCED_FACE('',(#14593),#14604,.F.);
#14593 = FACE_BOUND('',#14594,.T.);
#14594 = EDGE_LOOP('',(#14595,#14596,#14602,#14603));
#14595 = ORIENTED_EDGE('',*,*,#14559,.T.);
#14596 = ORIENTED_EDGE('',*,*,#14597,.T.);
#14597 = EDGE_CURVE('',#14560,#14580,#14598,.T.);
#14598 = LINE('',#14599,#14600);
#14599 = CARTESIAN_POINT('',(93.216981,-74.975,-8.1E-02));
#14600 = VECTOR('',#14601,1.);
#14601 = DIRECTION('',(0.,0.,1.));
#14602 = ORIENTED_EDGE('',*,*,#14579,.F.);
#14603 = ORIENTED_EDGE('',*,*,#14597,.F.);
#14604 = CYLINDRICAL_SURFACE('',#14605,0.675);
#14605 = AXIS2_PLACEMENT_3D('',#14606,#14607,#14608);
#14606 = CARTESIAN_POINT('',(93.216981,-74.3,-8.1E-02));
#14607 = DIRECTION('',(-0.,-0.,-1.));
#14608 = DIRECTION('',(-0.,-1.,0.));
#14609 = MANIFOLD_SOLID_BREP('',#14610);
#14610 = CLOSED_SHELL('',(#14611,#14644,#14664,#14684));
#14611 = ADVANCED_FACE('',(#14612),#14639,.T.);
#14612 = FACE_BOUND('',#14613,.T.);
#14613 = EDGE_LOOP('',(#14614,#14624,#14631,#14632));
#14614 = ORIENTED_EDGE('',*,*,#14615,.T.);
#14615 = EDGE_CURVE('',#14616,#14618,#14620,.T.);
#14616 = VERTEX_POINT('',#14617);
#14617 = CARTESIAN_POINT('',(94.316981,-74.3,0.));
#14618 = VERTEX_POINT('',#14619);
#14619 = CARTESIAN_POINT('',(94.316981,-74.3,-7.5E-02));
#14620 = LINE('',#14621,#14622);
#14621 = CARTESIAN_POINT('',(94.316981,-74.3,0.));
#14622 = VECTOR('',#14623,1.);
#14623 = DIRECTION('',(0.,0.,-1.));
#14624 = ORIENTED_EDGE('',*,*,#14625,.T.);
#14625 = EDGE_CURVE('',#14618,#14618,#14626,.T.);
#14626 = CIRCLE('',#14627,1.1);
#14627 = AXIS2_PLACEMENT_3D('',#14628,#14629,#14630);
#14628 = CARTESIAN_POINT('',(93.216981,-74.3,-7.5E-02));
#14629 = DIRECTION('',(0.,0.,1.));
#14630 = DIRECTION('',(1.,0.,-0.));
#14631 = ORIENTED_EDGE('',*,*,#14615,.F.);
#14632 = ORIENTED_EDGE('',*,*,#14633,.F.);
#14633 = EDGE_CURVE('',#14616,#14616,#14634,.T.);
#14634 = CIRCLE('',#14635,1.1);
#14635 = AXIS2_PLACEMENT_3D('',#14636,#14637,#14638);
#14636 = CARTESIAN_POINT('',(93.216981,-74.3,0.));
#14637 = DIRECTION('',(0.,0.,1.));
#14638 = DIRECTION('',(1.,0.,-0.));
#14639 = CYLINDRICAL_SURFACE('',#14640,1.1);
#14640 = AXIS2_PLACEMENT_3D('',#14641,#14642,#14643);
#14641 = CARTESIAN_POINT('',(93.216981,-74.3,0.));
#14642 = DIRECTION('',(0.,0.,1.));
#14643 = DIRECTION('',(1.,0.,-0.));
#14644 = ADVANCED_FACE('',(#14645,#14648),#14659,.F.);
#14645 = FACE_BOUND('',#14646,.F.);
#14646 = EDGE_LOOP('',(#14647));
#14647 = ORIENTED_EDGE('',*,*,#14633,.F.);
#14648 = FACE_BOUND('',#14649,.F.);
#14649 = EDGE_LOOP('',(#14650));
#14650 = ORIENTED_EDGE('',*,*,#14651,.F.);
#14651 = EDGE_CURVE('',#14652,#14652,#14654,.T.);
#14652 = VERTEX_POINT('',#14653);
#14653 = CARTESIAN_POINT('',(93.216981,-74.975,0.));
#14654 = CIRCLE('',#14655,0.675);
#14655 = AXIS2_PLACEMENT_3D('',#14656,#14657,#14658);
#14656 = CARTESIAN_POINT('',(93.216981,-74.3,0.));
#14657 = DIRECTION('',(-0.,0.,-1.));
#14658 = DIRECTION('',(-0.,-1.,0.));
#14659 = PLANE('',#14660);
#14660 = AXIS2_PLACEMENT_3D('',#14661,#14662,#14663);
#14661 = CARTESIAN_POINT('',(0.,0.,0.));
#14662 = DIRECTION('',(-0.,-0.,-1.));
#14663 = DIRECTION('',(-1.,0.,0.));
#14664 = ADVANCED_FACE('',(#14665,#14668),#14679,.T.);
#14665 = FACE_BOUND('',#14666,.T.);
#14666 = EDGE_LOOP('',(#14667));
#14667 = ORIENTED_EDGE('',*,*,#14625,.F.);
#14668 = FACE_BOUND('',#14669,.T.);
#14669 = EDGE_LOOP('',(#14670));
#14670 = ORIENTED_EDGE('',*,*,#14671,.F.);
#14671 = EDGE_CURVE('',#14672,#14672,#14674,.T.);
#14672 = VERTEX_POINT('',#14673);
#14673 = CARTESIAN_POINT('',(93.216981,-74.975,-7.5E-02));
#14674 = CIRCLE('',#14675,0.675);
#14675 = AXIS2_PLACEMENT_3D('',#14676,#14677,#14678);
#14676 = CARTESIAN_POINT('',(93.216981,-74.3,-7.5E-02));
#14677 = DIRECTION('',(-0.,0.,-1.));
#14678 = DIRECTION('',(-0.,-1.,0.));
#14679 = PLANE('',#14680);
#14680 = AXIS2_PLACEMENT_3D('',#14681,#14682,#14683);
#14681 = CARTESIAN_POINT('',(0.,0.,-7.5E-02));
#14682 = DIRECTION('',(-0.,-0.,-1.));
#14683 = DIRECTION('',(-1.,0.,0.));
#14684 = ADVANCED_FACE('',(#14685),#14696,.F.);
#14685 = FACE_BOUND('',#14686,.T.);
#14686 = EDGE_LOOP('',(#14687,#14688,#14694,#14695));
#14687 = ORIENTED_EDGE('',*,*,#14671,.T.);
#14688 = ORIENTED_EDGE('',*,*,#14689,.T.);
#14689 = EDGE_CURVE('',#14672,#14652,#14690,.T.);
#14690 = LINE('',#14691,#14692);
#14691 = CARTESIAN_POINT('',(93.216981,-74.975,-8.1E-02));
#14692 = VECTOR('',#14693,1.);
#14693 = DIRECTION('',(0.,0.,1.));
#14694 = ORIENTED_EDGE('',*,*,#14651,.F.);
#14695 = ORIENTED_EDGE('',*,*,#14689,.F.);
#14696 = CYLINDRICAL_SURFACE('',#14697,0.675);
#14697 = AXIS2_PLACEMENT_3D('',#14698,#14699,#14700);
#14698 = CARTESIAN_POINT('',(93.216981,-74.3,-8.1E-02));
#14699 = DIRECTION('',(-0.,-0.,-1.));
#14700 = DIRECTION('',(-0.,-1.,0.));
#14701 = MANIFOLD_SOLID_BREP('',#14702);
#14702 = CLOSED_SHELL('',(#14703,#14736,#14756,#14776));
#14703 = ADVANCED_FACE('',(#14704),#14731,.T.);
#14704 = FACE_BOUND('',#14705,.F.);
#14705 = EDGE_LOOP('',(#14706,#14716,#14723,#14724));
#14706 = ORIENTED_EDGE('',*,*,#14707,.T.);
#14707 = EDGE_CURVE('',#14708,#14710,#14712,.T.);
#14708 = VERTEX_POINT('',#14709);
#14709 = CARTESIAN_POINT('',(93.216981,-75.,-7.5E-02));
#14710 = VERTEX_POINT('',#14711);
#14711 = CARTESIAN_POINT('',(93.216981,-75.,1.115));
#14712 = LINE('',#14713,#14714);
#14713 = CARTESIAN_POINT('',(93.216981,-75.,-7.5E-02));
#14714 = VECTOR('',#14715,1.);
#14715 = DIRECTION('',(0.,0.,1.));
#14716 = ORIENTED_EDGE('',*,*,#14717,.T.);
#14717 = EDGE_CURVE('',#14710,#14710,#14718,.T.);
#14718 = CIRCLE('',#14719,0.7);
#14719 = AXIS2_PLACEMENT_3D('',#14720,#14721,#14722);
#14720 = CARTESIAN_POINT('',(93.216981,-74.3,1.115));
#14721 = DIRECTION('',(0.,0.,1.));
#14722 = DIRECTION('',(-0.,-1.,0.));
#14723 = ORIENTED_EDGE('',*,*,#14707,.F.);
#14724 = ORIENTED_EDGE('',*,*,#14725,.F.);
#14725 = EDGE_CURVE('',#14708,#14708,#14726,.T.);
#14726 = CIRCLE('',#14727,0.7);
#14727 = AXIS2_PLACEMENT_3D('',#14728,#14729,#14730);
#14728 = CARTESIAN_POINT('',(93.216981,-74.3,-7.5E-02));
#14729 = DIRECTION('',(0.,0.,1.));
#14730 = DIRECTION('',(-0.,-1.,0.));
#14731 = CYLINDRICAL_SURFACE('',#14732,0.7);
#14732 = AXIS2_PLACEMENT_3D('',#14733,#14734,#14735);
#14733 = CARTESIAN_POINT('',(93.216981,-74.3,-7.5E-02));
#14734 = DIRECTION('',(-0.,-0.,-1.));
#14735 = DIRECTION('',(-0.,-1.,0.));
#14736 = ADVANCED_FACE('',(#14737,#14740),#14751,.F.);
#14737 = FACE_BOUND('',#14738,.F.);
#14738 = EDGE_LOOP('',(#14739));
#14739 = ORIENTED_EDGE('',*,*,#14725,.T.);
#14740 = FACE_BOUND('',#14741,.F.);
#14741 = EDGE_LOOP('',(#14742));
#14742 = ORIENTED_EDGE('',*,*,#14743,.T.);
#14743 = EDGE_CURVE('',#14744,#14744,#14746,.T.);
#14744 = VERTEX_POINT('',#14745);
#14745 = CARTESIAN_POINT('',(93.216981,-74.975,-7.5E-02));
#14746 = CIRCLE('',#14747,0.675);
#14747 = AXIS2_PLACEMENT_3D('',#14748,#14749,#14750);
#14748 = CARTESIAN_POINT('',(93.216981,-74.3,-7.5E-02));
#14749 = DIRECTION('',(-0.,0.,-1.));
#14750 = DIRECTION('',(-0.,-1.,0.));
#14751 = PLANE('',#14752);
#14752 = AXIS2_PLACEMENT_3D('',#14753,#14754,#14755);
#14753 = CARTESIAN_POINT('',(93.216981,-75.,-7.5E-02));
#14754 = DIRECTION('',(0.,0.,1.));
#14755 = DIRECTION('',(1.,0.,-0.));
#14756 = ADVANCED_FACE('',(#14757,#14760),#14771,.T.);
#14757 = FACE_BOUND('',#14758,.T.);
#14758 = EDGE_LOOP('',(#14759));
#14759 = ORIENTED_EDGE('',*,*,#14717,.T.);
#14760 = FACE_BOUND('',#14761,.T.);
#14761 = EDGE_LOOP('',(#14762));
#14762 = ORIENTED_EDGE('',*,*,#14763,.T.);
#14763 = EDGE_CURVE('',#14764,#14764,#14766,.T.);
#14764 = VERTEX_POINT('',#14765);
#14765 = CARTESIAN_POINT('',(93.216981,-74.975,1.115));
#14766 = CIRCLE('',#14767,0.675);
#14767 = AXIS2_PLACEMENT_3D('',#14768,#14769,#14770);
#14768 = CARTESIAN_POINT('',(93.216981,-74.3,1.115));
#14769 = DIRECTION('',(-0.,0.,-1.));
#14770 = DIRECTION('',(-0.,-1.,0.));
#14771 = PLANE('',#14772);
#14772 = AXIS2_PLACEMENT_3D('',#14773,#14774,#14775);
#14773 = CARTESIAN_POINT('',(93.216981,-75.,1.115));
#14774 = DIRECTION('',(0.,0.,1.));
#14775 = DIRECTION('',(1.,0.,-0.));
#14776 = ADVANCED_FACE('',(#14777),#14788,.F.);
#14777 = FACE_BOUND('',#14778,.T.);
#14778 = EDGE_LOOP('',(#14779,#14780,#14786,#14787));
#14779 = ORIENTED_EDGE('',*,*,#14743,.T.);
#14780 = ORIENTED_EDGE('',*,*,#14781,.T.);
#14781 = EDGE_CURVE('',#14744,#14764,#14782,.T.);
#14782 = LINE('',#14783,#14784);
#14783 = CARTESIAN_POINT('',(93.216981,-74.975,-8.1E-02));
#14784 = VECTOR('',#14785,1.);
#14785 = DIRECTION('',(0.,0.,1.));
#14786 = ORIENTED_EDGE('',*,*,#14763,.F.);
#14787 = ORIENTED_EDGE('',*,*,#14781,.F.);
#14788 = CYLINDRICAL_SURFACE('',#14789,0.675);
#14789 = AXIS2_PLACEMENT_3D('',#14790,#14791,#14792);
#14790 = CARTESIAN_POINT('',(93.216981,-74.3,-8.1E-02));
#14791 = DIRECTION('',(-0.,-0.,-1.));
#14792 = DIRECTION('',(-0.,-1.,0.));
#14793 = MANIFOLD_SOLID_BREP('',#14794);
#14794 = CLOSED_SHELL('',(#14795,#14837,#14868,#14899,#14962,#15025,
    #15042,#15059,#15076,#15093,#15105));
#14795 = ADVANCED_FACE('',(#14796),#14832,.T.);
#14796 = FACE_BOUND('',#14797,.T.);
#14797 = EDGE_LOOP('',(#14798,#14808,#14817,#14825));
#14798 = ORIENTED_EDGE('',*,*,#14799,.T.);
#14799 = EDGE_CURVE('',#14800,#14802,#14804,.T.);
#14800 = VERTEX_POINT('',#14801);
#14801 = CARTESIAN_POINT('',(172.0225,-83.650001,1.04));
#14802 = VERTEX_POINT('',#14803);
#14803 = CARTESIAN_POINT('',(172.0225,-83.650001,1.115));
#14804 = LINE('',#14805,#14806);
#14805 = CARTESIAN_POINT('',(172.0225,-83.650001,1.04));
#14806 = VECTOR('',#14807,1.);
#14807 = DIRECTION('',(0.,0.,1.));
#14808 = ORIENTED_EDGE('',*,*,#14809,.T.);
#14809 = EDGE_CURVE('',#14802,#14810,#14812,.T.);
#14810 = VERTEX_POINT('',#14811);
#14811 = CARTESIAN_POINT('',(172.272502,-83.400001,1.115));
#14812 = CIRCLE('',#14813,0.25000066679);
#14813 = AXIS2_PLACEMENT_3D('',#14814,#14815,#14816);
#14814 = CARTESIAN_POINT('',(172.27250066678,-83.65000166678,1.115));
#14815 = DIRECTION('',(0.,0.,-1.));
#14816 = DIRECTION('',(-0.999999999996,2.667136917289E-06,0.));
#14817 = ORIENTED_EDGE('',*,*,#14818,.F.);
#14818 = EDGE_CURVE('',#14819,#14810,#14821,.T.);
#14819 = VERTEX_POINT('',#14820);
#14820 = CARTESIAN_POINT('',(172.272502,-83.400001,1.04));
#14821 = LINE('',#14822,#14823);
#14822 = CARTESIAN_POINT('',(172.272502,-83.400001,1.04));
#14823 = VECTOR('',#14824,1.);
#14824 = DIRECTION('',(0.,0.,1.));
#14825 = ORIENTED_EDGE('',*,*,#14826,.F.);
#14826 = EDGE_CURVE('',#14800,#14819,#14827,.T.);
#14827 = CIRCLE('',#14828,0.25000066679);
#14828 = AXIS2_PLACEMENT_3D('',#14829,#14830,#14831);
#14829 = CARTESIAN_POINT('',(172.27250066678,-83.65000166678,1.04));
#14830 = DIRECTION('',(0.,0.,-1.));
#14831 = DIRECTION('',(-0.999999999996,2.667136917289E-06,0.));
#14832 = CYLINDRICAL_SURFACE('',#14833,0.25000066679);
#14833 = AXIS2_PLACEMENT_3D('',#14834,#14835,#14836);
#14834 = CARTESIAN_POINT('',(172.27250066678,-83.65000166678,1.04));
#14835 = DIRECTION('',(0.,0.,-1.));
#14836 = DIRECTION('',(-0.999999999996,2.667136917289E-06,0.));
#14837 = ADVANCED_FACE('',(#14838),#14863,.T.);
#14838 = FACE_BOUND('',#14839,.T.);
#14839 = EDGE_LOOP('',(#14840,#14850,#14856,#14857));
#14840 = ORIENTED_EDGE('',*,*,#14841,.T.);
#14841 = EDGE_CURVE('',#14842,#14844,#14846,.T.);
#14842 = VERTEX_POINT('',#14843);
#14843 = CARTESIAN_POINT('',(172.022501,-85.849998,1.04));
#14844 = VERTEX_POINT('',#14845);
#14845 = CARTESIAN_POINT('',(172.022501,-85.849998,1.115));
#14846 = LINE('',#14847,#14848);
#14847 = CARTESIAN_POINT('',(172.022501,-85.849998,1.04));
#14848 = VECTOR('',#14849,1.);
#14849 = DIRECTION('',(0.,0.,1.));
#14850 = ORIENTED_EDGE('',*,*,#14851,.T.);
#14851 = EDGE_CURVE('',#14844,#14802,#14852,.T.);
#14852 = LINE('',#14853,#14854);
#14853 = CARTESIAN_POINT('',(172.022501,-85.849998,1.115));
#14854 = VECTOR('',#14855,1.);
#14855 = DIRECTION('',(-4.545460732333E-07,1.,0.));
#14856 = ORIENTED_EDGE('',*,*,#14799,.F.);
#14857 = ORIENTED_EDGE('',*,*,#14858,.F.);
#14858 = EDGE_CURVE('',#14842,#14800,#14859,.T.);
#14859 = LINE('',#14860,#14861);
#14860 = CARTESIAN_POINT('',(172.022501,-85.849998,1.04));
#14861 = VECTOR('',#14862,1.);
#14862 = DIRECTION('',(-4.545460732333E-07,1.,0.));
#14863 = PLANE('',#14864);
#14864 = AXIS2_PLACEMENT_3D('',#14865,#14866,#14867);
#14865 = CARTESIAN_POINT('',(172.022501,-85.849998,1.04));
#14866 = DIRECTION('',(-1.,-4.545460732333E-07,0.));
#14867 = DIRECTION('',(-4.545460732333E-07,1.,0.));
#14868 = ADVANCED_FACE('',(#14869),#14894,.T.);
#14869 = FACE_BOUND('',#14870,.T.);
#14870 = EDGE_LOOP('',(#14871,#14872,#14880,#14888));
#14871 = ORIENTED_EDGE('',*,*,#14818,.T.);
#14872 = ORIENTED_EDGE('',*,*,#14873,.T.);
#14873 = EDGE_CURVE('',#14810,#14874,#14876,.T.);
#14874 = VERTEX_POINT('',#14875);
#14875 = CARTESIAN_POINT('',(174.472499,-83.4,1.115));
#14876 = LINE('',#14877,#14878);
#14877 = CARTESIAN_POINT('',(172.272502,-83.400001,1.115));
#14878 = VECTOR('',#14879,1.);
#14879 = DIRECTION('',(1.,4.545460732333E-07,0.));
#14880 = ORIENTED_EDGE('',*,*,#14881,.F.);
#14881 = EDGE_CURVE('',#14882,#14874,#14884,.T.);
#14882 = VERTEX_POINT('',#14883);
#14883 = CARTESIAN_POINT('',(174.472499,-83.4,1.04));
#14884 = LINE('',#14885,#14886);
#14885 = CARTESIAN_POINT('',(174.472499,-83.4,1.04));
#14886 = VECTOR('',#14887,1.);
#14887 = DIRECTION('',(0.,0.,1.));
#14888 = ORIENTED_EDGE('',*,*,#14889,.F.);
#14889 = EDGE_CURVE('',#14819,#14882,#14890,.T.);
#14890 = LINE('',#14891,#14892);
#14891 = CARTESIAN_POINT('',(172.272502,-83.400001,1.04));
#14892 = VECTOR('',#14893,1.);
#14893 = DIRECTION('',(1.,4.545460732333E-07,0.));
#14894 = PLANE('',#14895);
#14895 = AXIS2_PLACEMENT_3D('',#14896,#14897,#14898);
#14896 = CARTESIAN_POINT('',(172.272502,-83.400001,1.04));
#14897 = DIRECTION('',(-4.545460732333E-07,1.,0.));
#14898 = DIRECTION('',(1.,4.545460732333E-07,0.));
#14899 = ADVANCED_FACE('',(#14900,#14946),#14957,.F.);
#14900 = FACE_BOUND('',#14901,.F.);
#14901 = EDGE_LOOP('',(#14902,#14903,#14904,#14913,#14921,#14930,#14938,
    #14945));
#14902 = ORIENTED_EDGE('',*,*,#14826,.F.);
#14903 = ORIENTED_EDGE('',*,*,#14858,.F.);
#14904 = ORIENTED_EDGE('',*,*,#14905,.F.);
#14905 = EDGE_CURVE('',#14906,#14842,#14908,.T.);
#14906 = VERTEX_POINT('',#14907);
#14907 = CARTESIAN_POINT('',(172.272501,-86.1,1.04));
#14908 = CIRCLE('',#14909,0.25000066679);
#14909 = AXIS2_PLACEMENT_3D('',#14910,#14911,#14912);
#14910 = CARTESIAN_POINT('',(172.27250166678,-85.84999933321,1.04));
#14911 = DIRECTION('',(0.,0.,-1.));
#14912 = DIRECTION('',(-2.667136917289E-06,-0.999999999996,-0.));
#14913 = ORIENTED_EDGE('',*,*,#14914,.F.);
#14914 = EDGE_CURVE('',#14915,#14906,#14917,.T.);
#14915 = VERTEX_POINT('',#14916);
#14916 = CARTESIAN_POINT('',(174.472498,-86.099999,1.04));
#14917 = LINE('',#14918,#14919);
#14918 = CARTESIAN_POINT('',(174.472498,-86.099999,1.04));
#14919 = VECTOR('',#14920,1.);
#14920 = DIRECTION('',(-1.,-4.545460732333E-07,0.));
#14921 = ORIENTED_EDGE('',*,*,#14922,.F.);
#14922 = EDGE_CURVE('',#14923,#14915,#14925,.T.);
#14923 = VERTEX_POINT('',#14924);
#14924 = CARTESIAN_POINT('',(174.7225,-85.849999,1.04));
#14925 = CIRCLE('',#14926,0.25000066679);
#14926 = AXIS2_PLACEMENT_3D('',#14927,#14928,#14929);
#14927 = CARTESIAN_POINT('',(174.47249933321,-85.84999833321,1.04));
#14928 = DIRECTION('',(0.,0.,-1.));
#14929 = DIRECTION('',(0.999999999996,-2.667137087818E-06,0.));
#14930 = ORIENTED_EDGE('',*,*,#14931,.F.);
#14931 = EDGE_CURVE('',#14932,#14923,#14934,.T.);
#14932 = VERTEX_POINT('',#14933);
#14933 = CARTESIAN_POINT('',(174.722499,-83.650002,1.04));
#14934 = LINE('',#14935,#14936);
#14935 = CARTESIAN_POINT('',(174.722499,-83.650002,1.04));
#14936 = VECTOR('',#14937,1.);
#14937 = DIRECTION('',(4.545460732333E-07,-1.,0.));
#14938 = ORIENTED_EDGE('',*,*,#14939,.F.);
#14939 = EDGE_CURVE('',#14882,#14932,#14940,.T.);
#14940 = CIRCLE('',#14941,0.25000066679);
#14941 = AXIS2_PLACEMENT_3D('',#14942,#14943,#14944);
#14942 = CARTESIAN_POINT('',(174.47249833321,-83.65000066678,1.04));
#14943 = DIRECTION('',(0.,0.,-1.));
#14944 = DIRECTION('',(2.667137144662E-06,0.999999999996,0.));
#14945 = ORIENTED_EDGE('',*,*,#14889,.F.);
#14946 = FACE_BOUND('',#14947,.F.);
#14947 = EDGE_LOOP('',(#14948));
#14948 = ORIENTED_EDGE('',*,*,#14949,.T.);
#14949 = EDGE_CURVE('',#14950,#14950,#14952,.T.);
#14950 = VERTEX_POINT('',#14951);
#14951 = CARTESIAN_POINT('',(173.3725,-85.575,1.04));
#14952 = CIRCLE('',#14953,0.825);
#14953 = AXIS2_PLACEMENT_3D('',#14954,#14955,#14956);
#14954 = CARTESIAN_POINT('',(173.3725,-84.75,1.04));
#14955 = DIRECTION('',(-0.,0.,-1.));
#14956 = DIRECTION('',(-0.,-1.,0.));
#14957 = PLANE('',#14958);
#14958 = AXIS2_PLACEMENT_3D('',#14959,#14960,#14961);
#14959 = CARTESIAN_POINT('',(0.,0.,1.04));
#14960 = DIRECTION('',(0.,0.,1.));
#14961 = DIRECTION('',(1.,0.,-0.));
#14962 = ADVANCED_FACE('',(#14963,#15009),#15020,.T.);
#14963 = FACE_BOUND('',#14964,.T.);
#14964 = EDGE_LOOP('',(#14965,#14966,#14967,#14976,#14984,#14993,#15001,
    #15008));
#14965 = ORIENTED_EDGE('',*,*,#14809,.F.);
#14966 = ORIENTED_EDGE('',*,*,#14851,.F.);
#14967 = ORIENTED_EDGE('',*,*,#14968,.F.);
#14968 = EDGE_CURVE('',#14969,#14844,#14971,.T.);
#14969 = VERTEX_POINT('',#14970);
#14970 = CARTESIAN_POINT('',(172.272501,-86.1,1.115));
#14971 = CIRCLE('',#14972,0.25000066679);
#14972 = AXIS2_PLACEMENT_3D('',#14973,#14974,#14975);
#14973 = CARTESIAN_POINT('',(172.27250166678,-85.84999933321,1.115));
#14974 = DIRECTION('',(0.,0.,-1.));
#14975 = DIRECTION('',(-2.667136917289E-06,-0.999999999996,-0.));
#14976 = ORIENTED_EDGE('',*,*,#14977,.F.);
#14977 = EDGE_CURVE('',#14978,#14969,#14980,.T.);
#14978 = VERTEX_POINT('',#14979);
#14979 = CARTESIAN_POINT('',(174.472498,-86.099999,1.115));
#14980 = LINE('',#14981,#14982);
#14981 = CARTESIAN_POINT('',(174.472498,-86.099999,1.115));
#14982 = VECTOR('',#14983,1.);
#14983 = DIRECTION('',(-1.,-4.545460732333E-07,0.));
#14984 = ORIENTED_EDGE('',*,*,#14985,.F.);
#14985 = EDGE_CURVE('',#14986,#14978,#14988,.T.);
#14986 = VERTEX_POINT('',#14987);
#14987 = CARTESIAN_POINT('',(174.7225,-85.849999,1.115));
#14988 = CIRCLE('',#14989,0.25000066679);
#14989 = AXIS2_PLACEMENT_3D('',#14990,#14991,#14992);
#14990 = CARTESIAN_POINT('',(174.47249933321,-85.84999833321,1.115));
#14991 = DIRECTION('',(0.,0.,-1.));
#14992 = DIRECTION('',(0.999999999996,-2.667137087818E-06,0.));
#14993 = ORIENTED_EDGE('',*,*,#14994,.F.);
#14994 = EDGE_CURVE('',#14995,#14986,#14997,.T.);
#14995 = VERTEX_POINT('',#14996);
#14996 = CARTESIAN_POINT('',(174.722499,-83.650002,1.115));
#14997 = LINE('',#14998,#14999);
#14998 = CARTESIAN_POINT('',(174.722499,-83.650002,1.115));
#14999 = VECTOR('',#15000,1.);
#15000 = DIRECTION('',(4.545460732333E-07,-1.,0.));
#15001 = ORIENTED_EDGE('',*,*,#15002,.F.);
#15002 = EDGE_CURVE('',#14874,#14995,#15003,.T.);
#15003 = CIRCLE('',#15004,0.25000066679);
#15004 = AXIS2_PLACEMENT_3D('',#15005,#15006,#15007);
#15005 = CARTESIAN_POINT('',(174.47249833321,-83.65000066678,1.115));
#15006 = DIRECTION('',(0.,0.,-1.));
#15007 = DIRECTION('',(2.667137144662E-06,0.999999999996,0.));
#15008 = ORIENTED_EDGE('',*,*,#14873,.F.);
#15009 = FACE_BOUND('',#15010,.T.);
#15010 = EDGE_LOOP('',(#15011));
#15011 = ORIENTED_EDGE('',*,*,#15012,.T.);
#15012 = EDGE_CURVE('',#15013,#15013,#15015,.T.);
#15013 = VERTEX_POINT('',#15014);
#15014 = CARTESIAN_POINT('',(173.3725,-85.575,1.115));
#15015 = CIRCLE('',#15016,0.825);
#15016 = AXIS2_PLACEMENT_3D('',#15017,#15018,#15019);
#15017 = CARTESIAN_POINT('',(173.3725,-84.75,1.115));
#15018 = DIRECTION('',(-0.,0.,-1.));
#15019 = DIRECTION('',(-0.,-1.,0.));
#15020 = PLANE('',#15021);
#15021 = AXIS2_PLACEMENT_3D('',#15022,#15023,#15024);
#15022 = CARTESIAN_POINT('',(0.,0.,1.115));
#15023 = DIRECTION('',(0.,0.,1.));
#15024 = DIRECTION('',(1.,0.,-0.));
#15025 = ADVANCED_FACE('',(#15026),#15037,.T.);
#15026 = FACE_BOUND('',#15027,.T.);
#15027 = EDGE_LOOP('',(#15028,#15034,#15035,#15036));
#15028 = ORIENTED_EDGE('',*,*,#15029,.T.);
#15029 = EDGE_CURVE('',#14906,#14969,#15030,.T.);
#15030 = LINE('',#15031,#15032);
#15031 = CARTESIAN_POINT('',(172.272501,-86.1,1.04));
#15032 = VECTOR('',#15033,1.);
#15033 = DIRECTION('',(0.,0.,1.));
#15034 = ORIENTED_EDGE('',*,*,#14968,.T.);
#15035 = ORIENTED_EDGE('',*,*,#14841,.F.);
#15036 = ORIENTED_EDGE('',*,*,#14905,.F.);
#15037 = CYLINDRICAL_SURFACE('',#15038,0.25000066679);
#15038 = AXIS2_PLACEMENT_3D('',#15039,#15040,#15041);
#15039 = CARTESIAN_POINT('',(172.27250166678,-85.84999933321,1.04));
#15040 = DIRECTION('',(0.,0.,-1.));
#15041 = DIRECTION('',(-2.667136917289E-06,-0.999999999996,-0.));
#15042 = ADVANCED_FACE('',(#15043),#15054,.T.);
#15043 = FACE_BOUND('',#15044,.T.);
#15044 = EDGE_LOOP('',(#15045,#15046,#15047,#15053));
#15045 = ORIENTED_EDGE('',*,*,#14881,.T.);
#15046 = ORIENTED_EDGE('',*,*,#15002,.T.);
#15047 = ORIENTED_EDGE('',*,*,#15048,.F.);
#15048 = EDGE_CURVE('',#14932,#14995,#15049,.T.);
#15049 = LINE('',#15050,#15051);
#15050 = CARTESIAN_POINT('',(174.722499,-83.650002,1.04));
#15051 = VECTOR('',#15052,1.);
#15052 = DIRECTION('',(0.,0.,1.));
#15053 = ORIENTED_EDGE('',*,*,#14939,.F.);
#15054 = CYLINDRICAL_SURFACE('',#15055,0.25000066679);
#15055 = AXIS2_PLACEMENT_3D('',#15056,#15057,#15058);
#15056 = CARTESIAN_POINT('',(174.47249833321,-83.65000066678,1.04));
#15057 = DIRECTION('',(0.,0.,-1.));
#15058 = DIRECTION('',(2.667137144662E-06,0.999999999996,0.));
#15059 = ADVANCED_FACE('',(#15060),#15071,.T.);
#15060 = FACE_BOUND('',#15061,.T.);
#15061 = EDGE_LOOP('',(#15062,#15068,#15069,#15070));
#15062 = ORIENTED_EDGE('',*,*,#15063,.T.);
#15063 = EDGE_CURVE('',#14915,#14978,#15064,.T.);
#15064 = LINE('',#15065,#15066);
#15065 = CARTESIAN_POINT('',(174.472498,-86.099999,1.04));
#15066 = VECTOR('',#15067,1.);
#15067 = DIRECTION('',(0.,0.,1.));
#15068 = ORIENTED_EDGE('',*,*,#14977,.T.);
#15069 = ORIENTED_EDGE('',*,*,#15029,.F.);
#15070 = ORIENTED_EDGE('',*,*,#14914,.F.);
#15071 = PLANE('',#15072);
#15072 = AXIS2_PLACEMENT_3D('',#15073,#15074,#15075);
#15073 = CARTESIAN_POINT('',(174.472498,-86.099999,1.04));
#15074 = DIRECTION('',(4.545460732333E-07,-1.,0.));
#15075 = DIRECTION('',(-1.,-4.545460732333E-07,0.));
#15076 = ADVANCED_FACE('',(#15077),#15088,.T.);
#15077 = FACE_BOUND('',#15078,.T.);
#15078 = EDGE_LOOP('',(#15079,#15080,#15081,#15087));
#15079 = ORIENTED_EDGE('',*,*,#15048,.T.);
#15080 = ORIENTED_EDGE('',*,*,#14994,.T.);
#15081 = ORIENTED_EDGE('',*,*,#15082,.F.);
#15082 = EDGE_CURVE('',#14923,#14986,#15083,.T.);
#15083 = LINE('',#15084,#15085);
#15084 = CARTESIAN_POINT('',(174.7225,-85.849999,1.04));
#15085 = VECTOR('',#15086,1.);
#15086 = DIRECTION('',(0.,0.,1.));
#15087 = ORIENTED_EDGE('',*,*,#14931,.F.);
#15088 = PLANE('',#15089);
#15089 = AXIS2_PLACEMENT_3D('',#15090,#15091,#15092);
#15090 = CARTESIAN_POINT('',(174.722499,-83.650002,1.04));
#15091 = DIRECTION('',(1.,4.545460732333E-07,-0.));
#15092 = DIRECTION('',(4.545460732333E-07,-1.,0.));
#15093 = ADVANCED_FACE('',(#15094),#15100,.T.);
#15094 = FACE_BOUND('',#15095,.T.);
#15095 = EDGE_LOOP('',(#15096,#15097,#15098,#15099));
#15096 = ORIENTED_EDGE('',*,*,#15082,.T.);
#15097 = ORIENTED_EDGE('',*,*,#14985,.T.);
#15098 = ORIENTED_EDGE('',*,*,#15063,.F.);
#15099 = ORIENTED_EDGE('',*,*,#14922,.F.);
#15100 = CYLINDRICAL_SURFACE('',#15101,0.25000066679);
#15101 = AXIS2_PLACEMENT_3D('',#15102,#15103,#15104);
#15102 = CARTESIAN_POINT('',(174.47249933321,-85.84999833321,1.04));
#15103 = DIRECTION('',(0.,0.,-1.));
#15104 = DIRECTION('',(0.999999999996,-2.667137087818E-06,0.));
#15105 = ADVANCED_FACE('',(#15106),#15117,.F.);
#15106 = FACE_BOUND('',#15107,.T.);
#15107 = EDGE_LOOP('',(#15108,#15109,#15115,#15116));
#15108 = ORIENTED_EDGE('',*,*,#14949,.T.);
#15109 = ORIENTED_EDGE('',*,*,#15110,.T.);
#15110 = EDGE_CURVE('',#14950,#15013,#15111,.T.);
#15111 = LINE('',#15112,#15113);
#15112 = CARTESIAN_POINT('',(173.3725,-85.575,-8.1E-02));
#15113 = VECTOR('',#15114,1.);
#15114 = DIRECTION('',(0.,0.,1.));
#15115 = ORIENTED_EDGE('',*,*,#15012,.F.);
#15116 = ORIENTED_EDGE('',*,*,#15110,.F.);
#15117 = CYLINDRICAL_SURFACE('',#15118,0.825);
#15118 = AXIS2_PLACEMENT_3D('',#15119,#15120,#15121);
#15119 = CARTESIAN_POINT('',(173.3725,-84.75,-8.1E-02));
#15120 = DIRECTION('',(-0.,-0.,-1.));
#15121 = DIRECTION('',(-0.,-1.,0.));
#15122 = MANIFOLD_SOLID_BREP('',#15123);
#15123 = CLOSED_SHELL('',(#15124,#15166,#15197,#15228,#15291,#15354,
    #15371,#15388,#15405,#15422,#15434));
#15124 = ADVANCED_FACE('',(#15125),#15161,.T.);
#15125 = FACE_BOUND('',#15126,.F.);
#15126 = EDGE_LOOP('',(#15127,#15137,#15146,#15154));
#15127 = ORIENTED_EDGE('',*,*,#15128,.T.);
#15128 = EDGE_CURVE('',#15129,#15131,#15133,.T.);
#15129 = VERTEX_POINT('',#15130);
#15130 = CARTESIAN_POINT('',(172.0225,-83.650001,0.));
#15131 = VERTEX_POINT('',#15132);
#15132 = CARTESIAN_POINT('',(172.0225,-83.650001,-7.5E-02));
#15133 = LINE('',#15134,#15135);
#15134 = CARTESIAN_POINT('',(172.0225,-83.650001,0.));
#15135 = VECTOR('',#15136,1.);
#15136 = DIRECTION('',(0.,0.,-1.));
#15137 = ORIENTED_EDGE('',*,*,#15138,.T.);
#15138 = EDGE_CURVE('',#15131,#15139,#15141,.T.);
#15139 = VERTEX_POINT('',#15140);
#15140 = CARTESIAN_POINT('',(172.272502,-83.400001,-7.5E-02));
#15141 = CIRCLE('',#15142,0.25000066679);
#15142 = AXIS2_PLACEMENT_3D('',#15143,#15144,#15145);
#15143 = CARTESIAN_POINT('',(172.27250066678,-83.65000166678,-7.5E-02));
#15144 = DIRECTION('',(0.,0.,-1.));
#15145 = DIRECTION('',(-0.999999999996,2.667136917289E-06,0.));
#15146 = ORIENTED_EDGE('',*,*,#15147,.F.);
#15147 = EDGE_CURVE('',#15148,#15139,#15150,.T.);
#15148 = VERTEX_POINT('',#15149);
#15149 = CARTESIAN_POINT('',(172.272502,-83.400001,0.));
#15150 = LINE('',#15151,#15152);
#15151 = CARTESIAN_POINT('',(172.272502,-83.400001,0.));
#15152 = VECTOR('',#15153,1.);
#15153 = DIRECTION('',(0.,0.,-1.));
#15154 = ORIENTED_EDGE('',*,*,#15155,.F.);
#15155 = EDGE_CURVE('',#15129,#15148,#15156,.T.);
#15156 = CIRCLE('',#15157,0.25000066679);
#15157 = AXIS2_PLACEMENT_3D('',#15158,#15159,#15160);
#15158 = CARTESIAN_POINT('',(172.27250066678,-83.65000166678,0.));
#15159 = DIRECTION('',(0.,0.,-1.));
#15160 = DIRECTION('',(-0.999999999996,2.667136917289E-06,0.));
#15161 = CYLINDRICAL_SURFACE('',#15162,0.25000066679);
#15162 = AXIS2_PLACEMENT_3D('',#15163,#15164,#15165);
#15163 = CARTESIAN_POINT('',(172.27250066678,-83.65000166678,0.));
#15164 = DIRECTION('',(-0.,-0.,1.));
#15165 = DIRECTION('',(-0.999999999996,2.667136917289E-06,0.));
#15166 = ADVANCED_FACE('',(#15167),#15192,.F.);
#15167 = FACE_BOUND('',#15168,.F.);
#15168 = EDGE_LOOP('',(#15169,#15179,#15185,#15186));
#15169 = ORIENTED_EDGE('',*,*,#15170,.T.);
#15170 = EDGE_CURVE('',#15171,#15173,#15175,.T.);
#15171 = VERTEX_POINT('',#15172);
#15172 = CARTESIAN_POINT('',(172.022501,-85.849998,0.));
#15173 = VERTEX_POINT('',#15174);
#15174 = CARTESIAN_POINT('',(172.022501,-85.849998,-7.5E-02));
#15175 = LINE('',#15176,#15177);
#15176 = CARTESIAN_POINT('',(172.022501,-85.849998,0.));
#15177 = VECTOR('',#15178,1.);
#15178 = DIRECTION('',(0.,0.,-1.));
#15179 = ORIENTED_EDGE('',*,*,#15180,.T.);
#15180 = EDGE_CURVE('',#15173,#15131,#15181,.T.);
#15181 = LINE('',#15182,#15183);
#15182 = CARTESIAN_POINT('',(172.022501,-85.849998,-7.5E-02));
#15183 = VECTOR('',#15184,1.);
#15184 = DIRECTION('',(-4.545460732333E-07,1.,0.));
#15185 = ORIENTED_EDGE('',*,*,#15128,.F.);
#15186 = ORIENTED_EDGE('',*,*,#15187,.F.);
#15187 = EDGE_CURVE('',#15171,#15129,#15188,.T.);
#15188 = LINE('',#15189,#15190);
#15189 = CARTESIAN_POINT('',(172.022501,-85.849998,0.));
#15190 = VECTOR('',#15191,1.);
#15191 = DIRECTION('',(-4.545460732333E-07,1.,0.));
#15192 = PLANE('',#15193);
#15193 = AXIS2_PLACEMENT_3D('',#15194,#15195,#15196);
#15194 = CARTESIAN_POINT('',(172.022501,-85.849998,0.));
#15195 = DIRECTION('',(1.,4.545460732333E-07,0.));
#15196 = DIRECTION('',(-4.545460732333E-07,1.,0.));
#15197 = ADVANCED_FACE('',(#15198),#15223,.F.);
#15198 = FACE_BOUND('',#15199,.F.);
#15199 = EDGE_LOOP('',(#15200,#15201,#15209,#15217));
#15200 = ORIENTED_EDGE('',*,*,#15147,.T.);
#15201 = ORIENTED_EDGE('',*,*,#15202,.T.);
#15202 = EDGE_CURVE('',#15139,#15203,#15205,.T.);
#15203 = VERTEX_POINT('',#15204);
#15204 = CARTESIAN_POINT('',(174.472499,-83.4,-7.5E-02));
#15205 = LINE('',#15206,#15207);
#15206 = CARTESIAN_POINT('',(172.272502,-83.400001,-7.5E-02));
#15207 = VECTOR('',#15208,1.);
#15208 = DIRECTION('',(1.,4.545460732333E-07,0.));
#15209 = ORIENTED_EDGE('',*,*,#15210,.F.);
#15210 = EDGE_CURVE('',#15211,#15203,#15213,.T.);
#15211 = VERTEX_POINT('',#15212);
#15212 = CARTESIAN_POINT('',(174.472499,-83.4,0.));
#15213 = LINE('',#15214,#15215);
#15214 = CARTESIAN_POINT('',(174.472499,-83.4,0.));
#15215 = VECTOR('',#15216,1.);
#15216 = DIRECTION('',(0.,0.,-1.));
#15217 = ORIENTED_EDGE('',*,*,#15218,.F.);
#15218 = EDGE_CURVE('',#15148,#15211,#15219,.T.);
#15219 = LINE('',#15220,#15221);
#15220 = CARTESIAN_POINT('',(172.272502,-83.400001,0.));
#15221 = VECTOR('',#15222,1.);
#15222 = DIRECTION('',(1.,4.545460732333E-07,0.));
#15223 = PLANE('',#15224);
#15224 = AXIS2_PLACEMENT_3D('',#15225,#15226,#15227);
#15225 = CARTESIAN_POINT('',(172.272502,-83.400001,0.));
#15226 = DIRECTION('',(4.545460732333E-07,-1.,0.));
#15227 = DIRECTION('',(1.,4.545460732333E-07,0.));
#15228 = ADVANCED_FACE('',(#15229,#15275),#15286,.F.);
#15229 = FACE_BOUND('',#15230,.F.);
#15230 = EDGE_LOOP('',(#15231,#15232,#15233,#15242,#15250,#15259,#15267,
    #15274));
#15231 = ORIENTED_EDGE('',*,*,#15155,.T.);
#15232 = ORIENTED_EDGE('',*,*,#15218,.T.);
#15233 = ORIENTED_EDGE('',*,*,#15234,.T.);
#15234 = EDGE_CURVE('',#15211,#15235,#15237,.T.);
#15235 = VERTEX_POINT('',#15236);
#15236 = CARTESIAN_POINT('',(174.722499,-83.650002,0.));
#15237 = CIRCLE('',#15238,0.25000066679);
#15238 = AXIS2_PLACEMENT_3D('',#15239,#15240,#15241);
#15239 = CARTESIAN_POINT('',(174.47249833321,-83.65000066678,0.));
#15240 = DIRECTION('',(0.,0.,-1.));
#15241 = DIRECTION('',(2.667137144662E-06,0.999999999996,0.));
#15242 = ORIENTED_EDGE('',*,*,#15243,.T.);
#15243 = EDGE_CURVE('',#15235,#15244,#15246,.T.);
#15244 = VERTEX_POINT('',#15245);
#15245 = CARTESIAN_POINT('',(174.7225,-85.849999,0.));
#15246 = LINE('',#15247,#15248);
#15247 = CARTESIAN_POINT('',(174.722499,-83.650002,0.));
#15248 = VECTOR('',#15249,1.);
#15249 = DIRECTION('',(4.545460732333E-07,-1.,0.));
#15250 = ORIENTED_EDGE('',*,*,#15251,.T.);
#15251 = EDGE_CURVE('',#15244,#15252,#15254,.T.);
#15252 = VERTEX_POINT('',#15253);
#15253 = CARTESIAN_POINT('',(174.472498,-86.099999,0.));
#15254 = CIRCLE('',#15255,0.25000066679);
#15255 = AXIS2_PLACEMENT_3D('',#15256,#15257,#15258);
#15256 = CARTESIAN_POINT('',(174.47249933321,-85.84999833321,0.));
#15257 = DIRECTION('',(0.,0.,-1.));
#15258 = DIRECTION('',(0.999999999996,-2.667137087818E-06,0.));
#15259 = ORIENTED_EDGE('',*,*,#15260,.T.);
#15260 = EDGE_CURVE('',#15252,#15261,#15263,.T.);
#15261 = VERTEX_POINT('',#15262);
#15262 = CARTESIAN_POINT('',(172.272501,-86.1,0.));
#15263 = LINE('',#15264,#15265);
#15264 = CARTESIAN_POINT('',(174.472498,-86.099999,0.));
#15265 = VECTOR('',#15266,1.);
#15266 = DIRECTION('',(-1.,-4.545460732333E-07,0.));
#15267 = ORIENTED_EDGE('',*,*,#15268,.T.);
#15268 = EDGE_CURVE('',#15261,#15171,#15269,.T.);
#15269 = CIRCLE('',#15270,0.25000066679);
#15270 = AXIS2_PLACEMENT_3D('',#15271,#15272,#15273);
#15271 = CARTESIAN_POINT('',(172.27250166678,-85.84999933321,0.));
#15272 = DIRECTION('',(0.,0.,-1.));
#15273 = DIRECTION('',(-2.667136917289E-06,-0.999999999996,-0.));
#15274 = ORIENTED_EDGE('',*,*,#15187,.T.);
#15275 = FACE_BOUND('',#15276,.F.);
#15276 = EDGE_LOOP('',(#15277));
#15277 = ORIENTED_EDGE('',*,*,#15278,.F.);
#15278 = EDGE_CURVE('',#15279,#15279,#15281,.T.);
#15279 = VERTEX_POINT('',#15280);
#15280 = CARTESIAN_POINT('',(173.3725,-85.575,0.));
#15281 = CIRCLE('',#15282,0.825);
#15282 = AXIS2_PLACEMENT_3D('',#15283,#15284,#15285);
#15283 = CARTESIAN_POINT('',(173.3725,-84.75,0.));
#15284 = DIRECTION('',(-0.,0.,-1.));
#15285 = DIRECTION('',(-0.,-1.,0.));
#15286 = PLANE('',#15287);
#15287 = AXIS2_PLACEMENT_3D('',#15288,#15289,#15290);
#15288 = CARTESIAN_POINT('',(0.,0.,0.));
#15289 = DIRECTION('',(-0.,-0.,-1.));
#15290 = DIRECTION('',(-1.,0.,0.));
#15291 = ADVANCED_FACE('',(#15292,#15338),#15349,.T.);
#15292 = FACE_BOUND('',#15293,.T.);
#15293 = EDGE_LOOP('',(#15294,#15295,#15296,#15305,#15313,#15322,#15330,
    #15337));
#15294 = ORIENTED_EDGE('',*,*,#15138,.T.);
#15295 = ORIENTED_EDGE('',*,*,#15202,.T.);
#15296 = ORIENTED_EDGE('',*,*,#15297,.T.);
#15297 = EDGE_CURVE('',#15203,#15298,#15300,.T.);
#15298 = VERTEX_POINT('',#15299);
#15299 = CARTESIAN_POINT('',(174.722499,-83.650002,-7.5E-02));
#15300 = CIRCLE('',#15301,0.25000066679);
#15301 = AXIS2_PLACEMENT_3D('',#15302,#15303,#15304);
#15302 = CARTESIAN_POINT('',(174.47249833321,-83.65000066678,-7.5E-02));
#15303 = DIRECTION('',(0.,0.,-1.));
#15304 = DIRECTION('',(2.667137144662E-06,0.999999999996,0.));
#15305 = ORIENTED_EDGE('',*,*,#15306,.T.);
#15306 = EDGE_CURVE('',#15298,#15307,#15309,.T.);
#15307 = VERTEX_POINT('',#15308);
#15308 = CARTESIAN_POINT('',(174.7225,-85.849999,-7.5E-02));
#15309 = LINE('',#15310,#15311);
#15310 = CARTESIAN_POINT('',(174.722499,-83.650002,-7.5E-02));
#15311 = VECTOR('',#15312,1.);
#15312 = DIRECTION('',(4.545460732333E-07,-1.,0.));
#15313 = ORIENTED_EDGE('',*,*,#15314,.T.);
#15314 = EDGE_CURVE('',#15307,#15315,#15317,.T.);
#15315 = VERTEX_POINT('',#15316);
#15316 = CARTESIAN_POINT('',(174.472498,-86.099999,-7.5E-02));
#15317 = CIRCLE('',#15318,0.25000066679);
#15318 = AXIS2_PLACEMENT_3D('',#15319,#15320,#15321);
#15319 = CARTESIAN_POINT('',(174.47249933321,-85.84999833321,-7.5E-02));
#15320 = DIRECTION('',(0.,0.,-1.));
#15321 = DIRECTION('',(0.999999999996,-2.667137087818E-06,0.));
#15322 = ORIENTED_EDGE('',*,*,#15323,.T.);
#15323 = EDGE_CURVE('',#15315,#15324,#15326,.T.);
#15324 = VERTEX_POINT('',#15325);
#15325 = CARTESIAN_POINT('',(172.272501,-86.1,-7.5E-02));
#15326 = LINE('',#15327,#15328);
#15327 = CARTESIAN_POINT('',(174.472498,-86.099999,-7.5E-02));
#15328 = VECTOR('',#15329,1.);
#15329 = DIRECTION('',(-1.,-4.545460732333E-07,0.));
#15330 = ORIENTED_EDGE('',*,*,#15331,.T.);
#15331 = EDGE_CURVE('',#15324,#15173,#15332,.T.);
#15332 = CIRCLE('',#15333,0.25000066679);
#15333 = AXIS2_PLACEMENT_3D('',#15334,#15335,#15336);
#15334 = CARTESIAN_POINT('',(172.27250166678,-85.84999933321,-7.5E-02));
#15335 = DIRECTION('',(0.,0.,-1.));
#15336 = DIRECTION('',(-2.667136917289E-06,-0.999999999996,-0.));
#15337 = ORIENTED_EDGE('',*,*,#15180,.T.);
#15338 = FACE_BOUND('',#15339,.T.);
#15339 = EDGE_LOOP('',(#15340));
#15340 = ORIENTED_EDGE('',*,*,#15341,.F.);
#15341 = EDGE_CURVE('',#15342,#15342,#15344,.T.);
#15342 = VERTEX_POINT('',#15343);
#15343 = CARTESIAN_POINT('',(173.3725,-85.575,-7.5E-02));
#15344 = CIRCLE('',#15345,0.825);
#15345 = AXIS2_PLACEMENT_3D('',#15346,#15347,#15348);
#15346 = CARTESIAN_POINT('',(173.3725,-84.75,-7.5E-02));
#15347 = DIRECTION('',(-0.,0.,-1.));
#15348 = DIRECTION('',(-0.,-1.,0.));
#15349 = PLANE('',#15350);
#15350 = AXIS2_PLACEMENT_3D('',#15351,#15352,#15353);
#15351 = CARTESIAN_POINT('',(0.,0.,-7.5E-02));
#15352 = DIRECTION('',(-0.,-0.,-1.));
#15353 = DIRECTION('',(-1.,0.,0.));
#15354 = ADVANCED_FACE('',(#15355),#15366,.T.);
#15355 = FACE_BOUND('',#15356,.F.);
#15356 = EDGE_LOOP('',(#15357,#15363,#15364,#15365));
#15357 = ORIENTED_EDGE('',*,*,#15358,.T.);
#15358 = EDGE_CURVE('',#15261,#15324,#15359,.T.);
#15359 = LINE('',#15360,#15361);
#15360 = CARTESIAN_POINT('',(172.272501,-86.1,0.));
#15361 = VECTOR('',#15362,1.);
#15362 = DIRECTION('',(0.,0.,-1.));
#15363 = ORIENTED_EDGE('',*,*,#15331,.T.);
#15364 = ORIENTED_EDGE('',*,*,#15170,.F.);
#15365 = ORIENTED_EDGE('',*,*,#15268,.F.);
#15366 = CYLINDRICAL_SURFACE('',#15367,0.25000066679);
#15367 = AXIS2_PLACEMENT_3D('',#15368,#15369,#15370);
#15368 = CARTESIAN_POINT('',(172.27250166678,-85.84999933321,0.));
#15369 = DIRECTION('',(-0.,-0.,1.));
#15370 = DIRECTION('',(-2.667136917289E-06,-0.999999999996,-0.));
#15371 = ADVANCED_FACE('',(#15372),#15383,.T.);
#15372 = FACE_BOUND('',#15373,.F.);
#15373 = EDGE_LOOP('',(#15374,#15375,#15376,#15382));
#15374 = ORIENTED_EDGE('',*,*,#15210,.T.);
#15375 = ORIENTED_EDGE('',*,*,#15297,.T.);
#15376 = ORIENTED_EDGE('',*,*,#15377,.F.);
#15377 = EDGE_CURVE('',#15235,#15298,#15378,.T.);
#15378 = LINE('',#15379,#15380);
#15379 = CARTESIAN_POINT('',(174.722499,-83.650002,0.));
#15380 = VECTOR('',#15381,1.);
#15381 = DIRECTION('',(0.,0.,-1.));
#15382 = ORIENTED_EDGE('',*,*,#15234,.F.);
#15383 = CYLINDRICAL_SURFACE('',#15384,0.25000066679);
#15384 = AXIS2_PLACEMENT_3D('',#15385,#15386,#15387);
#15385 = CARTESIAN_POINT('',(174.47249833321,-83.65000066678,0.));
#15386 = DIRECTION('',(-0.,-0.,1.));
#15387 = DIRECTION('',(2.667137144662E-06,0.999999999996,0.));
#15388 = ADVANCED_FACE('',(#15389),#15400,.F.);
#15389 = FACE_BOUND('',#15390,.F.);
#15390 = EDGE_LOOP('',(#15391,#15397,#15398,#15399));
#15391 = ORIENTED_EDGE('',*,*,#15392,.T.);
#15392 = EDGE_CURVE('',#15252,#15315,#15393,.T.);
#15393 = LINE('',#15394,#15395);
#15394 = CARTESIAN_POINT('',(174.472498,-86.099999,0.));
#15395 = VECTOR('',#15396,1.);
#15396 = DIRECTION('',(0.,0.,-1.));
#15397 = ORIENTED_EDGE('',*,*,#15323,.T.);
#15398 = ORIENTED_EDGE('',*,*,#15358,.F.);
#15399 = ORIENTED_EDGE('',*,*,#15260,.F.);
#15400 = PLANE('',#15401);
#15401 = AXIS2_PLACEMENT_3D('',#15402,#15403,#15404);
#15402 = CARTESIAN_POINT('',(174.472498,-86.099999,0.));
#15403 = DIRECTION('',(-4.545460732333E-07,1.,0.));
#15404 = DIRECTION('',(-1.,-4.545460732333E-07,0.));
#15405 = ADVANCED_FACE('',(#15406),#15417,.F.);
#15406 = FACE_BOUND('',#15407,.F.);
#15407 = EDGE_LOOP('',(#15408,#15409,#15410,#15416));
#15408 = ORIENTED_EDGE('',*,*,#15377,.T.);
#15409 = ORIENTED_EDGE('',*,*,#15306,.T.);
#15410 = ORIENTED_EDGE('',*,*,#15411,.F.);
#15411 = EDGE_CURVE('',#15244,#15307,#15412,.T.);
#15412 = LINE('',#15413,#15414);
#15413 = CARTESIAN_POINT('',(174.7225,-85.849999,0.));
#15414 = VECTOR('',#15415,1.);
#15415 = DIRECTION('',(0.,0.,-1.));
#15416 = ORIENTED_EDGE('',*,*,#15243,.F.);
#15417 = PLANE('',#15418);
#15418 = AXIS2_PLACEMENT_3D('',#15419,#15420,#15421);
#15419 = CARTESIAN_POINT('',(174.722499,-83.650002,0.));
#15420 = DIRECTION('',(-1.,-4.545460732333E-07,-0.));
#15421 = DIRECTION('',(4.545460732333E-07,-1.,0.));
#15422 = ADVANCED_FACE('',(#15423),#15429,.T.);
#15423 = FACE_BOUND('',#15424,.F.);
#15424 = EDGE_LOOP('',(#15425,#15426,#15427,#15428));
#15425 = ORIENTED_EDGE('',*,*,#15411,.T.);
#15426 = ORIENTED_EDGE('',*,*,#15314,.T.);
#15427 = ORIENTED_EDGE('',*,*,#15392,.F.);
#15428 = ORIENTED_EDGE('',*,*,#15251,.F.);
#15429 = CYLINDRICAL_SURFACE('',#15430,0.25000066679);
#15430 = AXIS2_PLACEMENT_3D('',#15431,#15432,#15433);
#15431 = CARTESIAN_POINT('',(174.47249933321,-85.84999833321,0.));
#15432 = DIRECTION('',(-0.,-0.,1.));
#15433 = DIRECTION('',(0.999999999996,-2.667137087818E-06,0.));
#15434 = ADVANCED_FACE('',(#15435),#15446,.F.);
#15435 = FACE_BOUND('',#15436,.T.);
#15436 = EDGE_LOOP('',(#15437,#15438,#15444,#15445));
#15437 = ORIENTED_EDGE('',*,*,#15341,.T.);
#15438 = ORIENTED_EDGE('',*,*,#15439,.T.);
#15439 = EDGE_CURVE('',#15342,#15279,#15440,.T.);
#15440 = LINE('',#15441,#15442);
#15441 = CARTESIAN_POINT('',(173.3725,-85.575,-8.1E-02));
#15442 = VECTOR('',#15443,1.);
#15443 = DIRECTION('',(0.,0.,1.));
#15444 = ORIENTED_EDGE('',*,*,#15278,.F.);
#15445 = ORIENTED_EDGE('',*,*,#15439,.F.);
#15446 = CYLINDRICAL_SURFACE('',#15447,0.825);
#15447 = AXIS2_PLACEMENT_3D('',#15448,#15449,#15450);
#15448 = CARTESIAN_POINT('',(173.3725,-84.75,-8.1E-02));
#15449 = DIRECTION('',(-0.,-0.,-1.));
#15450 = DIRECTION('',(-0.,-1.,0.));
#15451 = MANIFOLD_SOLID_BREP('',#15452);
#15452 = CLOSED_SHELL('',(#15453,#15486,#15506,#15526));
#15453 = ADVANCED_FACE('',(#15454),#15481,.T.);
#15454 = FACE_BOUND('',#15455,.F.);
#15455 = EDGE_LOOP('',(#15456,#15466,#15473,#15474));
#15456 = ORIENTED_EDGE('',*,*,#15457,.T.);
#15457 = EDGE_CURVE('',#15458,#15460,#15462,.T.);
#15458 = VERTEX_POINT('',#15459);
#15459 = CARTESIAN_POINT('',(173.3725,-85.6,-7.5E-02));
#15460 = VERTEX_POINT('',#15461);
#15461 = CARTESIAN_POINT('',(173.3725,-85.6,1.115));
#15462 = LINE('',#15463,#15464);
#15463 = CARTESIAN_POINT('',(173.3725,-85.6,-7.5E-02));
#15464 = VECTOR('',#15465,1.);
#15465 = DIRECTION('',(0.,0.,1.));
#15466 = ORIENTED_EDGE('',*,*,#15467,.T.);
#15467 = EDGE_CURVE('',#15460,#15460,#15468,.T.);
#15468 = CIRCLE('',#15469,0.85);
#15469 = AXIS2_PLACEMENT_3D('',#15470,#15471,#15472);
#15470 = CARTESIAN_POINT('',(173.3725,-84.75,1.115));
#15471 = DIRECTION('',(0.,0.,1.));
#15472 = DIRECTION('',(-0.,-1.,0.));
#15473 = ORIENTED_EDGE('',*,*,#15457,.F.);
#15474 = ORIENTED_EDGE('',*,*,#15475,.F.);
#15475 = EDGE_CURVE('',#15458,#15458,#15476,.T.);
#15476 = CIRCLE('',#15477,0.85);
#15477 = AXIS2_PLACEMENT_3D('',#15478,#15479,#15480);
#15478 = CARTESIAN_POINT('',(173.3725,-84.75,-7.5E-02));
#15479 = DIRECTION('',(0.,0.,1.));
#15480 = DIRECTION('',(-0.,-1.,0.));
#15481 = CYLINDRICAL_SURFACE('',#15482,0.85);
#15482 = AXIS2_PLACEMENT_3D('',#15483,#15484,#15485);
#15483 = CARTESIAN_POINT('',(173.3725,-84.75,-7.5E-02));
#15484 = DIRECTION('',(-0.,-0.,-1.));
#15485 = DIRECTION('',(-0.,-1.,0.));
#15486 = ADVANCED_FACE('',(#15487,#15490),#15501,.F.);
#15487 = FACE_BOUND('',#15488,.F.);
#15488 = EDGE_LOOP('',(#15489));
#15489 = ORIENTED_EDGE('',*,*,#15475,.T.);
#15490 = FACE_BOUND('',#15491,.F.);
#15491 = EDGE_LOOP('',(#15492));
#15492 = ORIENTED_EDGE('',*,*,#15493,.T.);
#15493 = EDGE_CURVE('',#15494,#15494,#15496,.T.);
#15494 = VERTEX_POINT('',#15495);
#15495 = CARTESIAN_POINT('',(173.3725,-85.575,-7.5E-02));
#15496 = CIRCLE('',#15497,0.825);
#15497 = AXIS2_PLACEMENT_3D('',#15498,#15499,#15500);
#15498 = CARTESIAN_POINT('',(173.3725,-84.75,-7.5E-02));
#15499 = DIRECTION('',(-0.,0.,-1.));
#15500 = DIRECTION('',(-0.,-1.,0.));
#15501 = PLANE('',#15502);
#15502 = AXIS2_PLACEMENT_3D('',#15503,#15504,#15505);
#15503 = CARTESIAN_POINT('',(173.3725,-85.6,-7.5E-02));
#15504 = DIRECTION('',(0.,0.,1.));
#15505 = DIRECTION('',(1.,0.,-0.));
#15506 = ADVANCED_FACE('',(#15507,#15510),#15521,.T.);
#15507 = FACE_BOUND('',#15508,.T.);
#15508 = EDGE_LOOP('',(#15509));
#15509 = ORIENTED_EDGE('',*,*,#15467,.T.);
#15510 = FACE_BOUND('',#15511,.T.);
#15511 = EDGE_LOOP('',(#15512));
#15512 = ORIENTED_EDGE('',*,*,#15513,.T.);
#15513 = EDGE_CURVE('',#15514,#15514,#15516,.T.);
#15514 = VERTEX_POINT('',#15515);
#15515 = CARTESIAN_POINT('',(173.3725,-85.575,1.115));
#15516 = CIRCLE('',#15517,0.825);
#15517 = AXIS2_PLACEMENT_3D('',#15518,#15519,#15520);
#15518 = CARTESIAN_POINT('',(173.3725,-84.75,1.115));
#15519 = DIRECTION('',(-0.,0.,-1.));
#15520 = DIRECTION('',(-0.,-1.,0.));
#15521 = PLANE('',#15522);
#15522 = AXIS2_PLACEMENT_3D('',#15523,#15524,#15525);
#15523 = CARTESIAN_POINT('',(173.3725,-85.6,1.115));
#15524 = DIRECTION('',(0.,0.,1.));
#15525 = DIRECTION('',(1.,0.,-0.));
#15526 = ADVANCED_FACE('',(#15527),#15538,.F.);
#15527 = FACE_BOUND('',#15528,.T.);
#15528 = EDGE_LOOP('',(#15529,#15530,#15536,#15537));
#15529 = ORIENTED_EDGE('',*,*,#15493,.T.);
#15530 = ORIENTED_EDGE('',*,*,#15531,.T.);
#15531 = EDGE_CURVE('',#15494,#15514,#15532,.T.);
#15532 = LINE('',#15533,#15534);
#15533 = CARTESIAN_POINT('',(173.3725,-85.575,-8.1E-02));
#15534 = VECTOR('',#15535,1.);
#15535 = DIRECTION('',(0.,0.,1.));
#15536 = ORIENTED_EDGE('',*,*,#15513,.F.);
#15537 = ORIENTED_EDGE('',*,*,#15531,.F.);
#15538 = CYLINDRICAL_SURFACE('',#15539,0.825);
#15539 = AXIS2_PLACEMENT_3D('',#15540,#15541,#15542);
#15540 = CARTESIAN_POINT('',(173.3725,-84.75,-8.1E-02));
#15541 = DIRECTION('',(-0.,-0.,-1.));
#15542 = DIRECTION('',(-0.,-1.,0.));
#15543 = MANIFOLD_SOLID_BREP('',#15544);
#15544 = CLOSED_SHELL('',(#15545,#15578,#15598,#15618));
#15545 = ADVANCED_FACE('',(#15546),#15573,.T.);
#15546 = FACE_BOUND('',#15547,.F.);
#15547 = EDGE_LOOP('',(#15548,#15558,#15565,#15566));
#15548 = ORIENTED_EDGE('',*,*,#15549,.T.);
#15549 = EDGE_CURVE('',#15550,#15552,#15554,.T.);
#15550 = VERTEX_POINT('',#15551);
#15551 = CARTESIAN_POINT('',(173.7425,-70.8,1.04));
#15552 = VERTEX_POINT('',#15553);
#15553 = CARTESIAN_POINT('',(173.7425,-70.8,1.115));
#15554 = LINE('',#15555,#15556);
#15555 = CARTESIAN_POINT('',(173.7425,-70.8,1.04));
#15556 = VECTOR('',#15557,1.);
#15557 = DIRECTION('',(0.,0.,1.));
#15558 = ORIENTED_EDGE('',*,*,#15559,.T.);
#15559 = EDGE_CURVE('',#15552,#15552,#15560,.T.);
#15560 = CIRCLE('',#15561,1.1);
#15561 = AXIS2_PLACEMENT_3D('',#15562,#15563,#15564);
#15562 = CARTESIAN_POINT('',(172.6425,-70.8,1.115));
#15563 = DIRECTION('',(0.,0.,1.));
#15564 = DIRECTION('',(1.,0.,-0.));
#15565 = ORIENTED_EDGE('',*,*,#15549,.F.);
#15566 = ORIENTED_EDGE('',*,*,#15567,.F.);
#15567 = EDGE_CURVE('',#15550,#15550,#15568,.T.);
#15568 = CIRCLE('',#15569,1.1);
#15569 = AXIS2_PLACEMENT_3D('',#15570,#15571,#15572);
#15570 = CARTESIAN_POINT('',(172.6425,-70.8,1.04));
#15571 = DIRECTION('',(0.,0.,1.));
#15572 = DIRECTION('',(1.,0.,-0.));
#15573 = CYLINDRICAL_SURFACE('',#15574,1.1);
#15574 = AXIS2_PLACEMENT_3D('',#15575,#15576,#15577);
#15575 = CARTESIAN_POINT('',(172.6425,-70.8,1.04));
#15576 = DIRECTION('',(-0.,-0.,-1.));
#15577 = DIRECTION('',(1.,0.,-0.));
#15578 = ADVANCED_FACE('',(#15579,#15582),#15593,.F.);
#15579 = FACE_BOUND('',#15580,.F.);
#15580 = EDGE_LOOP('',(#15581));
#15581 = ORIENTED_EDGE('',*,*,#15567,.T.);
#15582 = FACE_BOUND('',#15583,.F.);
#15583 = EDGE_LOOP('',(#15584));
#15584 = ORIENTED_EDGE('',*,*,#15585,.T.);
#15585 = EDGE_CURVE('',#15586,#15586,#15588,.T.);
#15586 = VERTEX_POINT('',#15587);
#15587 = CARTESIAN_POINT('',(172.6425,-71.475,1.04));
#15588 = CIRCLE('',#15589,0.675);
#15589 = AXIS2_PLACEMENT_3D('',#15590,#15591,#15592);
#15590 = CARTESIAN_POINT('',(172.6425,-70.8,1.04));
#15591 = DIRECTION('',(-0.,0.,-1.));
#15592 = DIRECTION('',(4.210623619319E-14,-1.,-0.));
#15593 = PLANE('',#15594);
#15594 = AXIS2_PLACEMENT_3D('',#15595,#15596,#15597);
#15595 = CARTESIAN_POINT('',(0.,0.,1.04));
#15596 = DIRECTION('',(0.,0.,1.));
#15597 = DIRECTION('',(1.,0.,-0.));
#15598 = ADVANCED_FACE('',(#15599,#15602),#15613,.T.);
#15599 = FACE_BOUND('',#15600,.T.);
#15600 = EDGE_LOOP('',(#15601));
#15601 = ORIENTED_EDGE('',*,*,#15559,.T.);
#15602 = FACE_BOUND('',#15603,.T.);
#15603 = EDGE_LOOP('',(#15604));
#15604 = ORIENTED_EDGE('',*,*,#15605,.T.);
#15605 = EDGE_CURVE('',#15606,#15606,#15608,.T.);
#15606 = VERTEX_POINT('',#15607);
#15607 = CARTESIAN_POINT('',(172.6425,-71.475,1.115));
#15608 = CIRCLE('',#15609,0.675);
#15609 = AXIS2_PLACEMENT_3D('',#15610,#15611,#15612);
#15610 = CARTESIAN_POINT('',(172.6425,-70.8,1.115));
#15611 = DIRECTION('',(-0.,0.,-1.));
#15612 = DIRECTION('',(4.210623619319E-14,-1.,-0.));
#15613 = PLANE('',#15614);
#15614 = AXIS2_PLACEMENT_3D('',#15615,#15616,#15617);
#15615 = CARTESIAN_POINT('',(0.,0.,1.115));
#15616 = DIRECTION('',(0.,0.,1.));
#15617 = DIRECTION('',(1.,0.,-0.));
#15618 = ADVANCED_FACE('',(#15619),#15630,.F.);
#15619 = FACE_BOUND('',#15620,.T.);
#15620 = EDGE_LOOP('',(#15621,#15622,#15628,#15629));
#15621 = ORIENTED_EDGE('',*,*,#15585,.T.);
#15622 = ORIENTED_EDGE('',*,*,#15623,.T.);
#15623 = EDGE_CURVE('',#15586,#15606,#15624,.T.);
#15624 = LINE('',#15625,#15626);
#15625 = CARTESIAN_POINT('',(172.6425,-71.475,-8.1E-02));
#15626 = VECTOR('',#15627,1.);
#15627 = DIRECTION('',(0.,0.,1.));
#15628 = ORIENTED_EDGE('',*,*,#15605,.F.);
#15629 = ORIENTED_EDGE('',*,*,#15623,.F.);
#15630 = CYLINDRICAL_SURFACE('',#15631,0.675);
#15631 = AXIS2_PLACEMENT_3D('',#15632,#15633,#15634);
#15632 = CARTESIAN_POINT('',(172.6425,-70.8,-8.1E-02));
#15633 = DIRECTION('',(-0.,0.,-1.));
#15634 = DIRECTION('',(4.210623619319E-14,-1.,-0.));
#15635 = MANIFOLD_SOLID_BREP('',#15636);
#15636 = CLOSED_SHELL('',(#15637,#15670,#15690,#15710));
#15637 = ADVANCED_FACE('',(#15638),#15665,.T.);
#15638 = FACE_BOUND('',#15639,.T.);
#15639 = EDGE_LOOP('',(#15640,#15650,#15657,#15658));
#15640 = ORIENTED_EDGE('',*,*,#15641,.T.);
#15641 = EDGE_CURVE('',#15642,#15644,#15646,.T.);
#15642 = VERTEX_POINT('',#15643);
#15643 = CARTESIAN_POINT('',(173.7425,-70.8,0.));
#15644 = VERTEX_POINT('',#15645);
#15645 = CARTESIAN_POINT('',(173.7425,-70.8,-7.5E-02));
#15646 = LINE('',#15647,#15648);
#15647 = CARTESIAN_POINT('',(173.7425,-70.8,0.));
#15648 = VECTOR('',#15649,1.);
#15649 = DIRECTION('',(0.,0.,-1.));
#15650 = ORIENTED_EDGE('',*,*,#15651,.T.);
#15651 = EDGE_CURVE('',#15644,#15644,#15652,.T.);
#15652 = CIRCLE('',#15653,1.1);
#15653 = AXIS2_PLACEMENT_3D('',#15654,#15655,#15656);
#15654 = CARTESIAN_POINT('',(172.6425,-70.8,-7.5E-02));
#15655 = DIRECTION('',(0.,0.,1.));
#15656 = DIRECTION('',(1.,0.,-0.));
#15657 = ORIENTED_EDGE('',*,*,#15641,.F.);
#15658 = ORIENTED_EDGE('',*,*,#15659,.F.);
#15659 = EDGE_CURVE('',#15642,#15642,#15660,.T.);
#15660 = CIRCLE('',#15661,1.1);
#15661 = AXIS2_PLACEMENT_3D('',#15662,#15663,#15664);
#15662 = CARTESIAN_POINT('',(172.6425,-70.8,0.));
#15663 = DIRECTION('',(0.,0.,1.));
#15664 = DIRECTION('',(1.,0.,-0.));
#15665 = CYLINDRICAL_SURFACE('',#15666,1.1);
#15666 = AXIS2_PLACEMENT_3D('',#15667,#15668,#15669);
#15667 = CARTESIAN_POINT('',(172.6425,-70.8,0.));
#15668 = DIRECTION('',(0.,0.,1.));
#15669 = DIRECTION('',(1.,0.,-0.));
#15670 = ADVANCED_FACE('',(#15671,#15674),#15685,.F.);
#15671 = FACE_BOUND('',#15672,.F.);
#15672 = EDGE_LOOP('',(#15673));
#15673 = ORIENTED_EDGE('',*,*,#15659,.F.);
#15674 = FACE_BOUND('',#15675,.F.);
#15675 = EDGE_LOOP('',(#15676));
#15676 = ORIENTED_EDGE('',*,*,#15677,.F.);
#15677 = EDGE_CURVE('',#15678,#15678,#15680,.T.);
#15678 = VERTEX_POINT('',#15679);
#15679 = CARTESIAN_POINT('',(172.6425,-71.475,0.));
#15680 = CIRCLE('',#15681,0.675);
#15681 = AXIS2_PLACEMENT_3D('',#15682,#15683,#15684);
#15682 = CARTESIAN_POINT('',(172.6425,-70.8,0.));
#15683 = DIRECTION('',(-0.,0.,-1.));
#15684 = DIRECTION('',(4.210623619319E-14,-1.,-0.));
#15685 = PLANE('',#15686);
#15686 = AXIS2_PLACEMENT_3D('',#15687,#15688,#15689);
#15687 = CARTESIAN_POINT('',(0.,0.,0.));
#15688 = DIRECTION('',(-0.,-0.,-1.));
#15689 = DIRECTION('',(-1.,0.,0.));
#15690 = ADVANCED_FACE('',(#15691,#15694),#15705,.T.);
#15691 = FACE_BOUND('',#15692,.T.);
#15692 = EDGE_LOOP('',(#15693));
#15693 = ORIENTED_EDGE('',*,*,#15651,.F.);
#15694 = FACE_BOUND('',#15695,.T.);
#15695 = EDGE_LOOP('',(#15696));
#15696 = ORIENTED_EDGE('',*,*,#15697,.F.);
#15697 = EDGE_CURVE('',#15698,#15698,#15700,.T.);
#15698 = VERTEX_POINT('',#15699);
#15699 = CARTESIAN_POINT('',(172.6425,-71.475,-7.5E-02));
#15700 = CIRCLE('',#15701,0.675);
#15701 = AXIS2_PLACEMENT_3D('',#15702,#15703,#15704);
#15702 = CARTESIAN_POINT('',(172.6425,-70.8,-7.5E-02));
#15703 = DIRECTION('',(-0.,0.,-1.));
#15704 = DIRECTION('',(4.210623619319E-14,-1.,-0.));
#15705 = PLANE('',#15706);
#15706 = AXIS2_PLACEMENT_3D('',#15707,#15708,#15709);
#15707 = CARTESIAN_POINT('',(0.,0.,-7.5E-02));
#15708 = DIRECTION('',(-0.,-0.,-1.));
#15709 = DIRECTION('',(-1.,0.,0.));
#15710 = ADVANCED_FACE('',(#15711),#15722,.F.);
#15711 = FACE_BOUND('',#15712,.T.);
#15712 = EDGE_LOOP('',(#15713,#15714,#15720,#15721));
#15713 = ORIENTED_EDGE('',*,*,#15697,.T.);
#15714 = ORIENTED_EDGE('',*,*,#15715,.T.);
#15715 = EDGE_CURVE('',#15698,#15678,#15716,.T.);
#15716 = LINE('',#15717,#15718);
#15717 = CARTESIAN_POINT('',(172.6425,-71.475,-8.1E-02));
#15718 = VECTOR('',#15719,1.);
#15719 = DIRECTION('',(0.,0.,1.));
#15720 = ORIENTED_EDGE('',*,*,#15677,.F.);
#15721 = ORIENTED_EDGE('',*,*,#15715,.F.);
#15722 = CYLINDRICAL_SURFACE('',#15723,0.675);
#15723 = AXIS2_PLACEMENT_3D('',#15724,#15725,#15726);
#15724 = CARTESIAN_POINT('',(172.6425,-70.8,-8.1E-02));
#15725 = DIRECTION('',(-0.,0.,-1.));
#15726 = DIRECTION('',(4.210623619319E-14,-1.,-0.));
#15727 = MANIFOLD_SOLID_BREP('',#15728);
#15728 = CLOSED_SHELL('',(#15729,#15762,#15782,#15802));
#15729 = ADVANCED_FACE('',(#15730),#15757,.T.);
#15730 = FACE_BOUND('',#15731,.F.);
#15731 = EDGE_LOOP('',(#15732,#15742,#15749,#15750));
#15732 = ORIENTED_EDGE('',*,*,#15733,.T.);
#15733 = EDGE_CURVE('',#15734,#15736,#15738,.T.);
#15734 = VERTEX_POINT('',#15735);
#15735 = CARTESIAN_POINT('',(172.6425,-71.5,-7.5E-02));
#15736 = VERTEX_POINT('',#15737);
#15737 = CARTESIAN_POINT('',(172.6425,-71.5,1.115));
#15738 = LINE('',#15739,#15740);
#15739 = CARTESIAN_POINT('',(172.6425,-71.5,-7.5E-02));
#15740 = VECTOR('',#15741,1.);
#15741 = DIRECTION('',(0.,0.,1.));
#15742 = ORIENTED_EDGE('',*,*,#15743,.T.);
#15743 = EDGE_CURVE('',#15736,#15736,#15744,.T.);
#15744 = CIRCLE('',#15745,0.7);
#15745 = AXIS2_PLACEMENT_3D('',#15746,#15747,#15748);
#15746 = CARTESIAN_POINT('',(172.6425,-70.8,1.115));
#15747 = DIRECTION('',(0.,-0.,1.));
#15748 = DIRECTION('',(4.060244204343E-14,-1.,-0.));
#15749 = ORIENTED_EDGE('',*,*,#15733,.F.);
#15750 = ORIENTED_EDGE('',*,*,#15751,.F.);
#15751 = EDGE_CURVE('',#15734,#15734,#15752,.T.);
#15752 = CIRCLE('',#15753,0.7);
#15753 = AXIS2_PLACEMENT_3D('',#15754,#15755,#15756);
#15754 = CARTESIAN_POINT('',(172.6425,-70.8,-7.5E-02));
#15755 = DIRECTION('',(0.,-0.,1.));
#15756 = DIRECTION('',(4.060244204343E-14,-1.,-0.));
#15757 = CYLINDRICAL_SURFACE('',#15758,0.7);
#15758 = AXIS2_PLACEMENT_3D('',#15759,#15760,#15761);
#15759 = CARTESIAN_POINT('',(172.6425,-70.8,-7.5E-02));
#15760 = DIRECTION('',(-0.,0.,-1.));
#15761 = DIRECTION('',(4.060244204343E-14,-1.,-0.));
#15762 = ADVANCED_FACE('',(#15763,#15766),#15777,.F.);
#15763 = FACE_BOUND('',#15764,.F.);
#15764 = EDGE_LOOP('',(#15765));
#15765 = ORIENTED_EDGE('',*,*,#15751,.T.);
#15766 = FACE_BOUND('',#15767,.F.);
#15767 = EDGE_LOOP('',(#15768));
#15768 = ORIENTED_EDGE('',*,*,#15769,.T.);
#15769 = EDGE_CURVE('',#15770,#15770,#15772,.T.);
#15770 = VERTEX_POINT('',#15771);
#15771 = CARTESIAN_POINT('',(172.6425,-71.475,-7.5E-02));
#15772 = CIRCLE('',#15773,0.675);
#15773 = AXIS2_PLACEMENT_3D('',#15774,#15775,#15776);
#15774 = CARTESIAN_POINT('',(172.6425,-70.8,-7.5E-02));
#15775 = DIRECTION('',(-0.,0.,-1.));
#15776 = DIRECTION('',(4.210623619319E-14,-1.,-0.));
#15777 = PLANE('',#15778);
#15778 = AXIS2_PLACEMENT_3D('',#15779,#15780,#15781);
#15779 = CARTESIAN_POINT('',(172.6425,-71.5,-7.5E-02));
#15780 = DIRECTION('',(0.,0.,1.));
#15781 = DIRECTION('',(1.,0.,-0.));
#15782 = ADVANCED_FACE('',(#15783,#15786),#15797,.T.);
#15783 = FACE_BOUND('',#15784,.T.);
#15784 = EDGE_LOOP('',(#15785));
#15785 = ORIENTED_EDGE('',*,*,#15743,.T.);
#15786 = FACE_BOUND('',#15787,.T.);
#15787 = EDGE_LOOP('',(#15788));
#15788 = ORIENTED_EDGE('',*,*,#15789,.T.);
#15789 = EDGE_CURVE('',#15790,#15790,#15792,.T.);
#15790 = VERTEX_POINT('',#15791);
#15791 = CARTESIAN_POINT('',(172.6425,-71.475,1.115));
#15792 = CIRCLE('',#15793,0.675);
#15793 = AXIS2_PLACEMENT_3D('',#15794,#15795,#15796);
#15794 = CARTESIAN_POINT('',(172.6425,-70.8,1.115));
#15795 = DIRECTION('',(-0.,0.,-1.));
#15796 = DIRECTION('',(4.210623619319E-14,-1.,-0.));
#15797 = PLANE('',#15798);
#15798 = AXIS2_PLACEMENT_3D('',#15799,#15800,#15801);
#15799 = CARTESIAN_POINT('',(172.6425,-71.5,1.115));
#15800 = DIRECTION('',(0.,0.,1.));
#15801 = DIRECTION('',(1.,0.,-0.));
#15802 = ADVANCED_FACE('',(#15803),#15814,.F.);
#15803 = FACE_BOUND('',#15804,.T.);
#15804 = EDGE_LOOP('',(#15805,#15806,#15812,#15813));
#15805 = ORIENTED_EDGE('',*,*,#15769,.T.);
#15806 = ORIENTED_EDGE('',*,*,#15807,.T.);
#15807 = EDGE_CURVE('',#15770,#15790,#15808,.T.);
#15808 = LINE('',#15809,#15810);
#15809 = CARTESIAN_POINT('',(172.6425,-71.475,-8.1E-02));
#15810 = VECTOR('',#15811,1.);
#15811 = DIRECTION('',(0.,0.,1.));
#15812 = ORIENTED_EDGE('',*,*,#15789,.F.);
#15813 = ORIENTED_EDGE('',*,*,#15807,.F.);
#15814 = CYLINDRICAL_SURFACE('',#15815,0.675);
#15815 = AXIS2_PLACEMENT_3D('',#15816,#15817,#15818);
#15816 = CARTESIAN_POINT('',(172.6425,-70.8,-8.1E-02));
#15817 = DIRECTION('',(-0.,0.,-1.));
#15818 = DIRECTION('',(4.210623619319E-14,-1.,-0.));
#15819 = MANIFOLD_SOLID_BREP('',#15820);
#15820 = CLOSED_SHELL('',(#15821,#15854,#15874,#15894));
#15821 = ADVANCED_FACE('',(#15822),#15849,.T.);
#15822 = FACE_BOUND('',#15823,.F.);
#15823 = EDGE_LOOP('',(#15824,#15834,#15841,#15842));
#15824 = ORIENTED_EDGE('',*,*,#15825,.T.);
#15825 = EDGE_CURVE('',#15826,#15828,#15830,.T.);
#15826 = VERTEX_POINT('',#15827);
#15827 = CARTESIAN_POINT('',(171.2425,-70.8,1.04));
#15828 = VERTEX_POINT('',#15829);
#15829 = CARTESIAN_POINT('',(171.2425,-70.8,1.115));
#15830 = LINE('',#15831,#15832);
#15831 = CARTESIAN_POINT('',(171.2425,-70.8,1.04));
#15832 = VECTOR('',#15833,1.);
#15833 = DIRECTION('',(0.,0.,1.));
#15834 = ORIENTED_EDGE('',*,*,#15835,.T.);
#15835 = EDGE_CURVE('',#15828,#15828,#15836,.T.);
#15836 = CIRCLE('',#15837,1.1);
#15837 = AXIS2_PLACEMENT_3D('',#15838,#15839,#15840);
#15838 = CARTESIAN_POINT('',(170.1425,-70.8,1.115));
#15839 = DIRECTION('',(0.,0.,1.));
#15840 = DIRECTION('',(1.,0.,-0.));
#15841 = ORIENTED_EDGE('',*,*,#15825,.F.);
#15842 = ORIENTED_EDGE('',*,*,#15843,.F.);
#15843 = EDGE_CURVE('',#15826,#15826,#15844,.T.);
#15844 = CIRCLE('',#15845,1.1);
#15845 = AXIS2_PLACEMENT_3D('',#15846,#15847,#15848);
#15846 = CARTESIAN_POINT('',(170.1425,-70.8,1.04));
#15847 = DIRECTION('',(0.,0.,1.));
#15848 = DIRECTION('',(1.,0.,-0.));
#15849 = CYLINDRICAL_SURFACE('',#15850,1.1);
#15850 = AXIS2_PLACEMENT_3D('',#15851,#15852,#15853);
#15851 = CARTESIAN_POINT('',(170.1425,-70.8,1.04));
#15852 = DIRECTION('',(-0.,-0.,-1.));
#15853 = DIRECTION('',(1.,0.,-0.));
#15854 = ADVANCED_FACE('',(#15855,#15858),#15869,.F.);
#15855 = FACE_BOUND('',#15856,.F.);
#15856 = EDGE_LOOP('',(#15857));
#15857 = ORIENTED_EDGE('',*,*,#15843,.T.);
#15858 = FACE_BOUND('',#15859,.F.);
#15859 = EDGE_LOOP('',(#15860));
#15860 = ORIENTED_EDGE('',*,*,#15861,.T.);
#15861 = EDGE_CURVE('',#15862,#15862,#15864,.T.);
#15862 = VERTEX_POINT('',#15863);
#15863 = CARTESIAN_POINT('',(170.1425,-71.475,1.04));
#15864 = CIRCLE('',#15865,0.675);
#15865 = AXIS2_PLACEMENT_3D('',#15866,#15867,#15868);
#15866 = CARTESIAN_POINT('',(170.1425,-70.8,1.04));
#15867 = DIRECTION('',(-0.,0.,-1.));
#15868 = DIRECTION('',(4.210623619319E-14,-1.,-0.));
#15869 = PLANE('',#15870);
#15870 = AXIS2_PLACEMENT_3D('',#15871,#15872,#15873);
#15871 = CARTESIAN_POINT('',(0.,0.,1.04));
#15872 = DIRECTION('',(0.,0.,1.));
#15873 = DIRECTION('',(1.,0.,-0.));
#15874 = ADVANCED_FACE('',(#15875,#15878),#15889,.T.);
#15875 = FACE_BOUND('',#15876,.T.);
#15876 = EDGE_LOOP('',(#15877));
#15877 = ORIENTED_EDGE('',*,*,#15835,.T.);
#15878 = FACE_BOUND('',#15879,.T.);
#15879 = EDGE_LOOP('',(#15880));
#15880 = ORIENTED_EDGE('',*,*,#15881,.T.);
#15881 = EDGE_CURVE('',#15882,#15882,#15884,.T.);
#15882 = VERTEX_POINT('',#15883);
#15883 = CARTESIAN_POINT('',(170.1425,-71.475,1.115));
#15884 = CIRCLE('',#15885,0.675);
#15885 = AXIS2_PLACEMENT_3D('',#15886,#15887,#15888);
#15886 = CARTESIAN_POINT('',(170.1425,-70.8,1.115));
#15887 = DIRECTION('',(-0.,0.,-1.));
#15888 = DIRECTION('',(4.210623619319E-14,-1.,-0.));
#15889 = PLANE('',#15890);
#15890 = AXIS2_PLACEMENT_3D('',#15891,#15892,#15893);
#15891 = CARTESIAN_POINT('',(0.,0.,1.115));
#15892 = DIRECTION('',(0.,0.,1.));
#15893 = DIRECTION('',(1.,0.,-0.));
#15894 = ADVANCED_FACE('',(#15895),#15906,.F.);
#15895 = FACE_BOUND('',#15896,.T.);
#15896 = EDGE_LOOP('',(#15897,#15898,#15904,#15905));
#15897 = ORIENTED_EDGE('',*,*,#15861,.T.);
#15898 = ORIENTED_EDGE('',*,*,#15899,.T.);
#15899 = EDGE_CURVE('',#15862,#15882,#15900,.T.);
#15900 = LINE('',#15901,#15902);
#15901 = CARTESIAN_POINT('',(170.1425,-71.475,-8.1E-02));
#15902 = VECTOR('',#15903,1.);
#15903 = DIRECTION('',(0.,0.,1.));
#15904 = ORIENTED_EDGE('',*,*,#15881,.F.);
#15905 = ORIENTED_EDGE('',*,*,#15899,.F.);
#15906 = CYLINDRICAL_SURFACE('',#15907,0.675);
#15907 = AXIS2_PLACEMENT_3D('',#15908,#15909,#15910);
#15908 = CARTESIAN_POINT('',(170.1425,-70.8,-8.1E-02));
#15909 = DIRECTION('',(-0.,0.,-1.));
#15910 = DIRECTION('',(4.210623619319E-14,-1.,-0.));
#15911 = MANIFOLD_SOLID_BREP('',#15912);
#15912 = CLOSED_SHELL('',(#15913,#15946,#15966,#15986));
#15913 = ADVANCED_FACE('',(#15914),#15941,.T.);
#15914 = FACE_BOUND('',#15915,.T.);
#15915 = EDGE_LOOP('',(#15916,#15926,#15933,#15934));
#15916 = ORIENTED_EDGE('',*,*,#15917,.T.);
#15917 = EDGE_CURVE('',#15918,#15920,#15922,.T.);
#15918 = VERTEX_POINT('',#15919);
#15919 = CARTESIAN_POINT('',(171.2425,-70.8,0.));
#15920 = VERTEX_POINT('',#15921);
#15921 = CARTESIAN_POINT('',(171.2425,-70.8,-7.5E-02));
#15922 = LINE('',#15923,#15924);
#15923 = CARTESIAN_POINT('',(171.2425,-70.8,0.));
#15924 = VECTOR('',#15925,1.);
#15925 = DIRECTION('',(0.,0.,-1.));
#15926 = ORIENTED_EDGE('',*,*,#15927,.T.);
#15927 = EDGE_CURVE('',#15920,#15920,#15928,.T.);
#15928 = CIRCLE('',#15929,1.1);
#15929 = AXIS2_PLACEMENT_3D('',#15930,#15931,#15932);
#15930 = CARTESIAN_POINT('',(170.1425,-70.8,-7.5E-02));
#15931 = DIRECTION('',(0.,0.,1.));
#15932 = DIRECTION('',(1.,0.,-0.));
#15933 = ORIENTED_EDGE('',*,*,#15917,.F.);
#15934 = ORIENTED_EDGE('',*,*,#15935,.F.);
#15935 = EDGE_CURVE('',#15918,#15918,#15936,.T.);
#15936 = CIRCLE('',#15937,1.1);
#15937 = AXIS2_PLACEMENT_3D('',#15938,#15939,#15940);
#15938 = CARTESIAN_POINT('',(170.1425,-70.8,0.));
#15939 = DIRECTION('',(0.,0.,1.));
#15940 = DIRECTION('',(1.,0.,-0.));
#15941 = CYLINDRICAL_SURFACE('',#15942,1.1);
#15942 = AXIS2_PLACEMENT_3D('',#15943,#15944,#15945);
#15943 = CARTESIAN_POINT('',(170.1425,-70.8,0.));
#15944 = DIRECTION('',(0.,0.,1.));
#15945 = DIRECTION('',(1.,0.,-0.));
#15946 = ADVANCED_FACE('',(#15947,#15950),#15961,.F.);
#15947 = FACE_BOUND('',#15948,.F.);
#15948 = EDGE_LOOP('',(#15949));
#15949 = ORIENTED_EDGE('',*,*,#15935,.F.);
#15950 = FACE_BOUND('',#15951,.F.);
#15951 = EDGE_LOOP('',(#15952));
#15952 = ORIENTED_EDGE('',*,*,#15953,.F.);
#15953 = EDGE_CURVE('',#15954,#15954,#15956,.T.);
#15954 = VERTEX_POINT('',#15955);
#15955 = CARTESIAN_POINT('',(170.1425,-71.475,0.));
#15956 = CIRCLE('',#15957,0.675);
#15957 = AXIS2_PLACEMENT_3D('',#15958,#15959,#15960);
#15958 = CARTESIAN_POINT('',(170.1425,-70.8,0.));
#15959 = DIRECTION('',(-0.,0.,-1.));
#15960 = DIRECTION('',(4.210623619319E-14,-1.,-0.));
#15961 = PLANE('',#15962);
#15962 = AXIS2_PLACEMENT_3D('',#15963,#15964,#15965);
#15963 = CARTESIAN_POINT('',(0.,0.,0.));
#15964 = DIRECTION('',(-0.,-0.,-1.));
#15965 = DIRECTION('',(-1.,0.,0.));
#15966 = ADVANCED_FACE('',(#15967,#15970),#15981,.T.);
#15967 = FACE_BOUND('',#15968,.T.);
#15968 = EDGE_LOOP('',(#15969));
#15969 = ORIENTED_EDGE('',*,*,#15927,.F.);
#15970 = FACE_BOUND('',#15971,.T.);
#15971 = EDGE_LOOP('',(#15972));
#15972 = ORIENTED_EDGE('',*,*,#15973,.F.);
#15973 = EDGE_CURVE('',#15974,#15974,#15976,.T.);
#15974 = VERTEX_POINT('',#15975);
#15975 = CARTESIAN_POINT('',(170.1425,-71.475,-7.5E-02));
#15976 = CIRCLE('',#15977,0.675);
#15977 = AXIS2_PLACEMENT_3D('',#15978,#15979,#15980);
#15978 = CARTESIAN_POINT('',(170.1425,-70.8,-7.5E-02));
#15979 = DIRECTION('',(-0.,0.,-1.));
#15980 = DIRECTION('',(4.210623619319E-14,-1.,-0.));
#15981 = PLANE('',#15982);
#15982 = AXIS2_PLACEMENT_3D('',#15983,#15984,#15985);
#15983 = CARTESIAN_POINT('',(0.,0.,-7.5E-02));
#15984 = DIRECTION('',(-0.,-0.,-1.));
#15985 = DIRECTION('',(-1.,0.,0.));
#15986 = ADVANCED_FACE('',(#15987),#15998,.F.);
#15987 = FACE_BOUND('',#15988,.T.);
#15988 = EDGE_LOOP('',(#15989,#15990,#15996,#15997));
#15989 = ORIENTED_EDGE('',*,*,#15973,.T.);
#15990 = ORIENTED_EDGE('',*,*,#15991,.T.);
#15991 = EDGE_CURVE('',#15974,#15954,#15992,.T.);
#15992 = LINE('',#15993,#15994);
#15993 = CARTESIAN_POINT('',(170.1425,-71.475,-8.1E-02));
#15994 = VECTOR('',#15995,1.);
#15995 = DIRECTION('',(0.,0.,1.));
#15996 = ORIENTED_EDGE('',*,*,#15953,.F.);
#15997 = ORIENTED_EDGE('',*,*,#15991,.F.);
#15998 = CYLINDRICAL_SURFACE('',#15999,0.675);
#15999 = AXIS2_PLACEMENT_3D('',#16000,#16001,#16002);
#16000 = CARTESIAN_POINT('',(170.1425,-70.8,-8.1E-02));
#16001 = DIRECTION('',(-0.,0.,-1.));
#16002 = DIRECTION('',(4.210623619319E-14,-1.,-0.));
#16003 = MANIFOLD_SOLID_BREP('',#16004);
#16004 = CLOSED_SHELL('',(#16005,#16038,#16058,#16078));
#16005 = ADVANCED_FACE('',(#16006),#16033,.T.);
#16006 = FACE_BOUND('',#16007,.F.);
#16007 = EDGE_LOOP('',(#16008,#16018,#16025,#16026));
#16008 = ORIENTED_EDGE('',*,*,#16009,.T.);
#16009 = EDGE_CURVE('',#16010,#16012,#16014,.T.);
#16010 = VERTEX_POINT('',#16011);
#16011 = CARTESIAN_POINT('',(170.1425,-71.5,-7.5E-02));
#16012 = VERTEX_POINT('',#16013);
#16013 = CARTESIAN_POINT('',(170.1425,-71.5,1.115));
#16014 = LINE('',#16015,#16016);
#16015 = CARTESIAN_POINT('',(170.1425,-71.5,-7.5E-02));
#16016 = VECTOR('',#16017,1.);
#16017 = DIRECTION('',(0.,0.,1.));
#16018 = ORIENTED_EDGE('',*,*,#16019,.T.);
#16019 = EDGE_CURVE('',#16012,#16012,#16020,.T.);
#16020 = CIRCLE('',#16021,0.7);
#16021 = AXIS2_PLACEMENT_3D('',#16022,#16023,#16024);
#16022 = CARTESIAN_POINT('',(170.1425,-70.8,1.115));
#16023 = DIRECTION('',(0.,-0.,1.));
#16024 = DIRECTION('',(4.060244204343E-14,-1.,-0.));
#16025 = ORIENTED_EDGE('',*,*,#16009,.F.);
#16026 = ORIENTED_EDGE('',*,*,#16027,.F.);
#16027 = EDGE_CURVE('',#16010,#16010,#16028,.T.);
#16028 = CIRCLE('',#16029,0.7);
#16029 = AXIS2_PLACEMENT_3D('',#16030,#16031,#16032);
#16030 = CARTESIAN_POINT('',(170.1425,-70.8,-7.5E-02));
#16031 = DIRECTION('',(0.,-0.,1.));
#16032 = DIRECTION('',(4.060244204343E-14,-1.,-0.));
#16033 = CYLINDRICAL_SURFACE('',#16034,0.7);
#16034 = AXIS2_PLACEMENT_3D('',#16035,#16036,#16037);
#16035 = CARTESIAN_POINT('',(170.1425,-70.8,-7.5E-02));
#16036 = DIRECTION('',(-0.,0.,-1.));
#16037 = DIRECTION('',(4.060244204343E-14,-1.,-0.));
#16038 = ADVANCED_FACE('',(#16039,#16042),#16053,.F.);
#16039 = FACE_BOUND('',#16040,.F.);
#16040 = EDGE_LOOP('',(#16041));
#16041 = ORIENTED_EDGE('',*,*,#16027,.T.);
#16042 = FACE_BOUND('',#16043,.F.);
#16043 = EDGE_LOOP('',(#16044));
#16044 = ORIENTED_EDGE('',*,*,#16045,.T.);
#16045 = EDGE_CURVE('',#16046,#16046,#16048,.T.);
#16046 = VERTEX_POINT('',#16047);
#16047 = CARTESIAN_POINT('',(170.1425,-71.475,-7.5E-02));
#16048 = CIRCLE('',#16049,0.675);
#16049 = AXIS2_PLACEMENT_3D('',#16050,#16051,#16052);
#16050 = CARTESIAN_POINT('',(170.1425,-70.8,-7.5E-02));
#16051 = DIRECTION('',(-0.,0.,-1.));
#16052 = DIRECTION('',(4.210623619319E-14,-1.,-0.));
#16053 = PLANE('',#16054);
#16054 = AXIS2_PLACEMENT_3D('',#16055,#16056,#16057);
#16055 = CARTESIAN_POINT('',(170.1425,-71.5,-7.5E-02));
#16056 = DIRECTION('',(0.,0.,1.));
#16057 = DIRECTION('',(1.,0.,-0.));
#16058 = ADVANCED_FACE('',(#16059,#16062),#16073,.T.);
#16059 = FACE_BOUND('',#16060,.T.);
#16060 = EDGE_LOOP('',(#16061));
#16061 = ORIENTED_EDGE('',*,*,#16019,.T.);
#16062 = FACE_BOUND('',#16063,.T.);
#16063 = EDGE_LOOP('',(#16064));
#16064 = ORIENTED_EDGE('',*,*,#16065,.T.);
#16065 = EDGE_CURVE('',#16066,#16066,#16068,.T.);
#16066 = VERTEX_POINT('',#16067);
#16067 = CARTESIAN_POINT('',(170.1425,-71.475,1.115));
#16068 = CIRCLE('',#16069,0.675);
#16069 = AXIS2_PLACEMENT_3D('',#16070,#16071,#16072);
#16070 = CARTESIAN_POINT('',(170.1425,-70.8,1.115));
#16071 = DIRECTION('',(-0.,0.,-1.));
#16072 = DIRECTION('',(4.210623619319E-14,-1.,-0.));
#16073 = PLANE('',#16074);
#16074 = AXIS2_PLACEMENT_3D('',#16075,#16076,#16077);
#16075 = CARTESIAN_POINT('',(170.1425,-71.5,1.115));
#16076 = DIRECTION('',(0.,0.,1.));
#16077 = DIRECTION('',(1.,0.,-0.));
#16078 = ADVANCED_FACE('',(#16079),#16090,.F.);
#16079 = FACE_BOUND('',#16080,.T.);
#16080 = EDGE_LOOP('',(#16081,#16082,#16088,#16089));
#16081 = ORIENTED_EDGE('',*,*,#16045,.T.);
#16082 = ORIENTED_EDGE('',*,*,#16083,.T.);
#16083 = EDGE_CURVE('',#16046,#16066,#16084,.T.);
#16084 = LINE('',#16085,#16086);
#16085 = CARTESIAN_POINT('',(170.1425,-71.475,-8.1E-02));
#16086 = VECTOR('',#16087,1.);
#16087 = DIRECTION('',(0.,0.,1.));
#16088 = ORIENTED_EDGE('',*,*,#16065,.F.);
#16089 = ORIENTED_EDGE('',*,*,#16083,.F.);
#16090 = CYLINDRICAL_SURFACE('',#16091,0.675);
#16091 = AXIS2_PLACEMENT_3D('',#16092,#16093,#16094);
#16092 = CARTESIAN_POINT('',(170.1425,-70.8,-8.1E-02));
#16093 = DIRECTION('',(-0.,0.,-1.));
#16094 = DIRECTION('',(4.210623619319E-14,-1.,-0.));
#16095 = MANIFOLD_SOLID_BREP('',#16096);
#16096 = CLOSED_SHELL('',(#16097,#16130,#16150,#16170));
#16097 = ADVANCED_FACE('',(#16098),#16125,.T.);
#16098 = FACE_BOUND('',#16099,.F.);
#16099 = EDGE_LOOP('',(#16100,#16110,#16117,#16118));
#16100 = ORIENTED_EDGE('',*,*,#16101,.T.);
#16101 = EDGE_CURVE('',#16102,#16104,#16106,.T.);
#16102 = VERTEX_POINT('',#16103);
#16103 = CARTESIAN_POINT('',(173.7425,-74.3,1.04));
#16104 = VERTEX_POINT('',#16105);
#16105 = CARTESIAN_POINT('',(173.7425,-74.3,1.115));
#16106 = LINE('',#16107,#16108);
#16107 = CARTESIAN_POINT('',(173.7425,-74.3,1.04));
#16108 = VECTOR('',#16109,1.);
#16109 = DIRECTION('',(0.,0.,1.));
#16110 = ORIENTED_EDGE('',*,*,#16111,.T.);
#16111 = EDGE_CURVE('',#16104,#16104,#16112,.T.);
#16112 = CIRCLE('',#16113,1.1);
#16113 = AXIS2_PLACEMENT_3D('',#16114,#16115,#16116);
#16114 = CARTESIAN_POINT('',(172.6425,-74.3,1.115));
#16115 = DIRECTION('',(0.,0.,1.));
#16116 = DIRECTION('',(1.,0.,-0.));
#16117 = ORIENTED_EDGE('',*,*,#16101,.F.);
#16118 = ORIENTED_EDGE('',*,*,#16119,.F.);
#16119 = EDGE_CURVE('',#16102,#16102,#16120,.T.);
#16120 = CIRCLE('',#16121,1.1);
#16121 = AXIS2_PLACEMENT_3D('',#16122,#16123,#16124);
#16122 = CARTESIAN_POINT('',(172.6425,-74.3,1.04));
#16123 = DIRECTION('',(0.,0.,1.));
#16124 = DIRECTION('',(1.,0.,-0.));
#16125 = CYLINDRICAL_SURFACE('',#16126,1.1);
#16126 = AXIS2_PLACEMENT_3D('',#16127,#16128,#16129);
#16127 = CARTESIAN_POINT('',(172.6425,-74.3,1.04));
#16128 = DIRECTION('',(-0.,-0.,-1.));
#16129 = DIRECTION('',(1.,0.,-0.));
#16130 = ADVANCED_FACE('',(#16131,#16134),#16145,.F.);
#16131 = FACE_BOUND('',#16132,.F.);
#16132 = EDGE_LOOP('',(#16133));
#16133 = ORIENTED_EDGE('',*,*,#16119,.T.);
#16134 = FACE_BOUND('',#16135,.F.);
#16135 = EDGE_LOOP('',(#16136));
#16136 = ORIENTED_EDGE('',*,*,#16137,.T.);
#16137 = EDGE_CURVE('',#16138,#16138,#16140,.T.);
#16138 = VERTEX_POINT('',#16139);
#16139 = CARTESIAN_POINT('',(172.6425,-74.975,1.04));
#16140 = CIRCLE('',#16141,0.675);
#16141 = AXIS2_PLACEMENT_3D('',#16142,#16143,#16144);
#16142 = CARTESIAN_POINT('',(172.6425,-74.3,1.04));
#16143 = DIRECTION('',(-0.,0.,-1.));
#16144 = DIRECTION('',(4.210623619319E-14,-1.,-0.));
#16145 = PLANE('',#16146);
#16146 = AXIS2_PLACEMENT_3D('',#16147,#16148,#16149);
#16147 = CARTESIAN_POINT('',(0.,0.,1.04));
#16148 = DIRECTION('',(0.,0.,1.));
#16149 = DIRECTION('',(1.,0.,-0.));
#16150 = ADVANCED_FACE('',(#16151,#16154),#16165,.T.);
#16151 = FACE_BOUND('',#16152,.T.);
#16152 = EDGE_LOOP('',(#16153));
#16153 = ORIENTED_EDGE('',*,*,#16111,.T.);
#16154 = FACE_BOUND('',#16155,.T.);
#16155 = EDGE_LOOP('',(#16156));
#16156 = ORIENTED_EDGE('',*,*,#16157,.T.);
#16157 = EDGE_CURVE('',#16158,#16158,#16160,.T.);
#16158 = VERTEX_POINT('',#16159);
#16159 = CARTESIAN_POINT('',(172.6425,-74.975,1.115));
#16160 = CIRCLE('',#16161,0.675);
#16161 = AXIS2_PLACEMENT_3D('',#16162,#16163,#16164);
#16162 = CARTESIAN_POINT('',(172.6425,-74.3,1.115));
#16163 = DIRECTION('',(-0.,0.,-1.));
#16164 = DIRECTION('',(4.210623619319E-14,-1.,-0.));
#16165 = PLANE('',#16166);
#16166 = AXIS2_PLACEMENT_3D('',#16167,#16168,#16169);
#16167 = CARTESIAN_POINT('',(0.,0.,1.115));
#16168 = DIRECTION('',(0.,0.,1.));
#16169 = DIRECTION('',(1.,0.,-0.));
#16170 = ADVANCED_FACE('',(#16171),#16182,.F.);
#16171 = FACE_BOUND('',#16172,.T.);
#16172 = EDGE_LOOP('',(#16173,#16174,#16180,#16181));
#16173 = ORIENTED_EDGE('',*,*,#16137,.T.);
#16174 = ORIENTED_EDGE('',*,*,#16175,.T.);
#16175 = EDGE_CURVE('',#16138,#16158,#16176,.T.);
#16176 = LINE('',#16177,#16178);
#16177 = CARTESIAN_POINT('',(172.6425,-74.975,-8.1E-02));
#16178 = VECTOR('',#16179,1.);
#16179 = DIRECTION('',(0.,0.,1.));
#16180 = ORIENTED_EDGE('',*,*,#16157,.F.);
#16181 = ORIENTED_EDGE('',*,*,#16175,.F.);
#16182 = CYLINDRICAL_SURFACE('',#16183,0.675);
#16183 = AXIS2_PLACEMENT_3D('',#16184,#16185,#16186);
#16184 = CARTESIAN_POINT('',(172.6425,-74.3,-8.1E-02));
#16185 = DIRECTION('',(-0.,0.,-1.));
#16186 = DIRECTION('',(4.210623619319E-14,-1.,-0.));
#16187 = MANIFOLD_SOLID_BREP('',#16188);
#16188 = CLOSED_SHELL('',(#16189,#16222,#16242,#16262));
#16189 = ADVANCED_FACE('',(#16190),#16217,.T.);
#16190 = FACE_BOUND('',#16191,.T.);
#16191 = EDGE_LOOP('',(#16192,#16202,#16209,#16210));
#16192 = ORIENTED_EDGE('',*,*,#16193,.T.);
#16193 = EDGE_CURVE('',#16194,#16196,#16198,.T.);
#16194 = VERTEX_POINT('',#16195);
#16195 = CARTESIAN_POINT('',(173.7425,-74.3,0.));
#16196 = VERTEX_POINT('',#16197);
#16197 = CARTESIAN_POINT('',(173.7425,-74.3,-7.5E-02));
#16198 = LINE('',#16199,#16200);
#16199 = CARTESIAN_POINT('',(173.7425,-74.3,0.));
#16200 = VECTOR('',#16201,1.);
#16201 = DIRECTION('',(0.,0.,-1.));
#16202 = ORIENTED_EDGE('',*,*,#16203,.T.);
#16203 = EDGE_CURVE('',#16196,#16196,#16204,.T.);
#16204 = CIRCLE('',#16205,1.1);
#16205 = AXIS2_PLACEMENT_3D('',#16206,#16207,#16208);
#16206 = CARTESIAN_POINT('',(172.6425,-74.3,-7.5E-02));
#16207 = DIRECTION('',(0.,0.,1.));
#16208 = DIRECTION('',(1.,0.,-0.));
#16209 = ORIENTED_EDGE('',*,*,#16193,.F.);
#16210 = ORIENTED_EDGE('',*,*,#16211,.F.);
#16211 = EDGE_CURVE('',#16194,#16194,#16212,.T.);
#16212 = CIRCLE('',#16213,1.1);
#16213 = AXIS2_PLACEMENT_3D('',#16214,#16215,#16216);
#16214 = CARTESIAN_POINT('',(172.6425,-74.3,0.));
#16215 = DIRECTION('',(0.,0.,1.));
#16216 = DIRECTION('',(1.,0.,-0.));
#16217 = CYLINDRICAL_SURFACE('',#16218,1.1);
#16218 = AXIS2_PLACEMENT_3D('',#16219,#16220,#16221);
#16219 = CARTESIAN_POINT('',(172.6425,-74.3,0.));
#16220 = DIRECTION('',(0.,0.,1.));
#16221 = DIRECTION('',(1.,0.,-0.));
#16222 = ADVANCED_FACE('',(#16223,#16226),#16237,.F.);
#16223 = FACE_BOUND('',#16224,.F.);
#16224 = EDGE_LOOP('',(#16225));
#16225 = ORIENTED_EDGE('',*,*,#16211,.F.);
#16226 = FACE_BOUND('',#16227,.F.);
#16227 = EDGE_LOOP('',(#16228));
#16228 = ORIENTED_EDGE('',*,*,#16229,.F.);
#16229 = EDGE_CURVE('',#16230,#16230,#16232,.T.);
#16230 = VERTEX_POINT('',#16231);
#16231 = CARTESIAN_POINT('',(172.6425,-74.975,0.));
#16232 = CIRCLE('',#16233,0.675);
#16233 = AXIS2_PLACEMENT_3D('',#16234,#16235,#16236);
#16234 = CARTESIAN_POINT('',(172.6425,-74.3,0.));
#16235 = DIRECTION('',(-0.,0.,-1.));
#16236 = DIRECTION('',(4.210623619319E-14,-1.,-0.));
#16237 = PLANE('',#16238);
#16238 = AXIS2_PLACEMENT_3D('',#16239,#16240,#16241);
#16239 = CARTESIAN_POINT('',(0.,0.,0.));
#16240 = DIRECTION('',(-0.,-0.,-1.));
#16241 = DIRECTION('',(-1.,0.,0.));
#16242 = ADVANCED_FACE('',(#16243,#16246),#16257,.T.);
#16243 = FACE_BOUND('',#16244,.T.);
#16244 = EDGE_LOOP('',(#16245));
#16245 = ORIENTED_EDGE('',*,*,#16203,.F.);
#16246 = FACE_BOUND('',#16247,.T.);
#16247 = EDGE_LOOP('',(#16248));
#16248 = ORIENTED_EDGE('',*,*,#16249,.F.);
#16249 = EDGE_CURVE('',#16250,#16250,#16252,.T.);
#16250 = VERTEX_POINT('',#16251);
#16251 = CARTESIAN_POINT('',(172.6425,-74.975,-7.5E-02));
#16252 = CIRCLE('',#16253,0.675);
#16253 = AXIS2_PLACEMENT_3D('',#16254,#16255,#16256);
#16254 = CARTESIAN_POINT('',(172.6425,-74.3,-7.5E-02));
#16255 = DIRECTION('',(-0.,0.,-1.));
#16256 = DIRECTION('',(4.210623619319E-14,-1.,-0.));
#16257 = PLANE('',#16258);
#16258 = AXIS2_PLACEMENT_3D('',#16259,#16260,#16261);
#16259 = CARTESIAN_POINT('',(0.,0.,-7.5E-02));
#16260 = DIRECTION('',(-0.,-0.,-1.));
#16261 = DIRECTION('',(-1.,0.,0.));
#16262 = ADVANCED_FACE('',(#16263),#16274,.F.);
#16263 = FACE_BOUND('',#16264,.T.);
#16264 = EDGE_LOOP('',(#16265,#16266,#16272,#16273));
#16265 = ORIENTED_EDGE('',*,*,#16249,.T.);
#16266 = ORIENTED_EDGE('',*,*,#16267,.T.);
#16267 = EDGE_CURVE('',#16250,#16230,#16268,.T.);
#16268 = LINE('',#16269,#16270);
#16269 = CARTESIAN_POINT('',(172.6425,-74.975,-8.1E-02));
#16270 = VECTOR('',#16271,1.);
#16271 = DIRECTION('',(0.,0.,1.));
#16272 = ORIENTED_EDGE('',*,*,#16229,.F.);
#16273 = ORIENTED_EDGE('',*,*,#16267,.F.);
#16274 = CYLINDRICAL_SURFACE('',#16275,0.675);
#16275 = AXIS2_PLACEMENT_3D('',#16276,#16277,#16278);
#16276 = CARTESIAN_POINT('',(172.6425,-74.3,-8.1E-02));
#16277 = DIRECTION('',(-0.,0.,-1.));
#16278 = DIRECTION('',(4.210623619319E-14,-1.,-0.));
#16279 = MANIFOLD_SOLID_BREP('',#16280);
#16280 = CLOSED_SHELL('',(#16281,#16314,#16334,#16354));
#16281 = ADVANCED_FACE('',(#16282),#16309,.T.);
#16282 = FACE_BOUND('',#16283,.F.);
#16283 = EDGE_LOOP('',(#16284,#16294,#16301,#16302));
#16284 = ORIENTED_EDGE('',*,*,#16285,.T.);
#16285 = EDGE_CURVE('',#16286,#16288,#16290,.T.);
#16286 = VERTEX_POINT('',#16287);
#16287 = CARTESIAN_POINT('',(172.6425,-75.,-7.5E-02));
#16288 = VERTEX_POINT('',#16289);
#16289 = CARTESIAN_POINT('',(172.6425,-75.,1.115));
#16290 = LINE('',#16291,#16292);
#16291 = CARTESIAN_POINT('',(172.6425,-75.,-7.5E-02));
#16292 = VECTOR('',#16293,1.);
#16293 = DIRECTION('',(0.,0.,1.));
#16294 = ORIENTED_EDGE('',*,*,#16295,.T.);
#16295 = EDGE_CURVE('',#16288,#16288,#16296,.T.);
#16296 = CIRCLE('',#16297,0.7);
#16297 = AXIS2_PLACEMENT_3D('',#16298,#16299,#16300);
#16298 = CARTESIAN_POINT('',(172.6425,-74.3,1.115));
#16299 = DIRECTION('',(0.,-0.,1.));
#16300 = DIRECTION('',(4.060244204343E-14,-1.,-0.));
#16301 = ORIENTED_EDGE('',*,*,#16285,.F.);
#16302 = ORIENTED_EDGE('',*,*,#16303,.F.);
#16303 = EDGE_CURVE('',#16286,#16286,#16304,.T.);
#16304 = CIRCLE('',#16305,0.7);
#16305 = AXIS2_PLACEMENT_3D('',#16306,#16307,#16308);
#16306 = CARTESIAN_POINT('',(172.6425,-74.3,-7.5E-02));
#16307 = DIRECTION('',(0.,-0.,1.));
#16308 = DIRECTION('',(4.060244204343E-14,-1.,-0.));
#16309 = CYLINDRICAL_SURFACE('',#16310,0.7);
#16310 = AXIS2_PLACEMENT_3D('',#16311,#16312,#16313);
#16311 = CARTESIAN_POINT('',(172.6425,-74.3,-7.5E-02));
#16312 = DIRECTION('',(-0.,0.,-1.));
#16313 = DIRECTION('',(4.060244204343E-14,-1.,-0.));
#16314 = ADVANCED_FACE('',(#16315,#16318),#16329,.F.);
#16315 = FACE_BOUND('',#16316,.F.);
#16316 = EDGE_LOOP('',(#16317));
#16317 = ORIENTED_EDGE('',*,*,#16303,.T.);
#16318 = FACE_BOUND('',#16319,.F.);
#16319 = EDGE_LOOP('',(#16320));
#16320 = ORIENTED_EDGE('',*,*,#16321,.T.);
#16321 = EDGE_CURVE('',#16322,#16322,#16324,.T.);
#16322 = VERTEX_POINT('',#16323);
#16323 = CARTESIAN_POINT('',(172.6425,-74.975,-7.5E-02));
#16324 = CIRCLE('',#16325,0.675);
#16325 = AXIS2_PLACEMENT_3D('',#16326,#16327,#16328);
#16326 = CARTESIAN_POINT('',(172.6425,-74.3,-7.5E-02));
#16327 = DIRECTION('',(-0.,0.,-1.));
#16328 = DIRECTION('',(4.210623619319E-14,-1.,-0.));
#16329 = PLANE('',#16330);
#16330 = AXIS2_PLACEMENT_3D('',#16331,#16332,#16333);
#16331 = CARTESIAN_POINT('',(172.6425,-75.,-7.5E-02));
#16332 = DIRECTION('',(0.,0.,1.));
#16333 = DIRECTION('',(1.,0.,-0.));
#16334 = ADVANCED_FACE('',(#16335,#16338),#16349,.T.);
#16335 = FACE_BOUND('',#16336,.T.);
#16336 = EDGE_LOOP('',(#16337));
#16337 = ORIENTED_EDGE('',*,*,#16295,.T.);
#16338 = FACE_BOUND('',#16339,.T.);
#16339 = EDGE_LOOP('',(#16340));
#16340 = ORIENTED_EDGE('',*,*,#16341,.T.);
#16341 = EDGE_CURVE('',#16342,#16342,#16344,.T.);
#16342 = VERTEX_POINT('',#16343);
#16343 = CARTESIAN_POINT('',(172.6425,-74.975,1.115));
#16344 = CIRCLE('',#16345,0.675);
#16345 = AXIS2_PLACEMENT_3D('',#16346,#16347,#16348);
#16346 = CARTESIAN_POINT('',(172.6425,-74.3,1.115));
#16347 = DIRECTION('',(-0.,0.,-1.));
#16348 = DIRECTION('',(4.210623619319E-14,-1.,-0.));
#16349 = PLANE('',#16350);
#16350 = AXIS2_PLACEMENT_3D('',#16351,#16352,#16353);
#16351 = CARTESIAN_POINT('',(172.6425,-75.,1.115));
#16352 = DIRECTION('',(0.,0.,1.));
#16353 = DIRECTION('',(1.,0.,-0.));
#16354 = ADVANCED_FACE('',(#16355),#16366,.F.);
#16355 = FACE_BOUND('',#16356,.T.);
#16356 = EDGE_LOOP('',(#16357,#16358,#16364,#16365));
#16357 = ORIENTED_EDGE('',*,*,#16321,.T.);
#16358 = ORIENTED_EDGE('',*,*,#16359,.T.);
#16359 = EDGE_CURVE('',#16322,#16342,#16360,.T.);
#16360 = LINE('',#16361,#16362);
#16361 = CARTESIAN_POINT('',(172.6425,-74.975,-8.1E-02));
#16362 = VECTOR('',#16363,1.);
#16363 = DIRECTION('',(0.,0.,1.));
#16364 = ORIENTED_EDGE('',*,*,#16341,.F.);
#16365 = ORIENTED_EDGE('',*,*,#16359,.F.);
#16366 = CYLINDRICAL_SURFACE('',#16367,0.675);
#16367 = AXIS2_PLACEMENT_3D('',#16368,#16369,#16370);
#16368 = CARTESIAN_POINT('',(172.6425,-74.3,-8.1E-02));
#16369 = DIRECTION('',(-0.,0.,-1.));
#16370 = DIRECTION('',(4.210623619319E-14,-1.,-0.));
#16371 = MANIFOLD_SOLID_BREP('',#16372);
#16372 = CLOSED_SHELL('',(#16373,#16406,#16426,#16446));
#16373 = ADVANCED_FACE('',(#16374),#16401,.T.);
#16374 = FACE_BOUND('',#16375,.F.);
#16375 = EDGE_LOOP('',(#16376,#16386,#16393,#16394));
#16376 = ORIENTED_EDGE('',*,*,#16377,.T.);
#16377 = EDGE_CURVE('',#16378,#16380,#16382,.T.);
#16378 = VERTEX_POINT('',#16379);
#16379 = CARTESIAN_POINT('',(171.2425,-74.3,1.04));
#16380 = VERTEX_POINT('',#16381);
#16381 = CARTESIAN_POINT('',(171.2425,-74.3,1.115));
#16382 = LINE('',#16383,#16384);
#16383 = CARTESIAN_POINT('',(171.2425,-74.3,1.04));
#16384 = VECTOR('',#16385,1.);
#16385 = DIRECTION('',(0.,0.,1.));
#16386 = ORIENTED_EDGE('',*,*,#16387,.T.);
#16387 = EDGE_CURVE('',#16380,#16380,#16388,.T.);
#16388 = CIRCLE('',#16389,1.1);
#16389 = AXIS2_PLACEMENT_3D('',#16390,#16391,#16392);
#16390 = CARTESIAN_POINT('',(170.1425,-74.3,1.115));
#16391 = DIRECTION('',(0.,0.,1.));
#16392 = DIRECTION('',(1.,0.,-0.));
#16393 = ORIENTED_EDGE('',*,*,#16377,.F.);
#16394 = ORIENTED_EDGE('',*,*,#16395,.F.);
#16395 = EDGE_CURVE('',#16378,#16378,#16396,.T.);
#16396 = CIRCLE('',#16397,1.1);
#16397 = AXIS2_PLACEMENT_3D('',#16398,#16399,#16400);
#16398 = CARTESIAN_POINT('',(170.1425,-74.3,1.04));
#16399 = DIRECTION('',(0.,0.,1.));
#16400 = DIRECTION('',(1.,0.,-0.));
#16401 = CYLINDRICAL_SURFACE('',#16402,1.1);
#16402 = AXIS2_PLACEMENT_3D('',#16403,#16404,#16405);
#16403 = CARTESIAN_POINT('',(170.1425,-74.3,1.04));
#16404 = DIRECTION('',(-0.,-0.,-1.));
#16405 = DIRECTION('',(1.,0.,-0.));
#16406 = ADVANCED_FACE('',(#16407,#16410),#16421,.F.);
#16407 = FACE_BOUND('',#16408,.F.);
#16408 = EDGE_LOOP('',(#16409));
#16409 = ORIENTED_EDGE('',*,*,#16395,.T.);
#16410 = FACE_BOUND('',#16411,.F.);
#16411 = EDGE_LOOP('',(#16412));
#16412 = ORIENTED_EDGE('',*,*,#16413,.T.);
#16413 = EDGE_CURVE('',#16414,#16414,#16416,.T.);
#16414 = VERTEX_POINT('',#16415);
#16415 = CARTESIAN_POINT('',(170.1425,-74.975,1.04));
#16416 = CIRCLE('',#16417,0.675);
#16417 = AXIS2_PLACEMENT_3D('',#16418,#16419,#16420);
#16418 = CARTESIAN_POINT('',(170.1425,-74.3,1.04));
#16419 = DIRECTION('',(-0.,0.,-1.));
#16420 = DIRECTION('',(4.210623619319E-14,-1.,-0.));
#16421 = PLANE('',#16422);
#16422 = AXIS2_PLACEMENT_3D('',#16423,#16424,#16425);
#16423 = CARTESIAN_POINT('',(0.,0.,1.04));
#16424 = DIRECTION('',(0.,0.,1.));
#16425 = DIRECTION('',(1.,0.,-0.));
#16426 = ADVANCED_FACE('',(#16427,#16430),#16441,.T.);
#16427 = FACE_BOUND('',#16428,.T.);
#16428 = EDGE_LOOP('',(#16429));
#16429 = ORIENTED_EDGE('',*,*,#16387,.T.);
#16430 = FACE_BOUND('',#16431,.T.);
#16431 = EDGE_LOOP('',(#16432));
#16432 = ORIENTED_EDGE('',*,*,#16433,.T.);
#16433 = EDGE_CURVE('',#16434,#16434,#16436,.T.);
#16434 = VERTEX_POINT('',#16435);
#16435 = CARTESIAN_POINT('',(170.1425,-74.975,1.115));
#16436 = CIRCLE('',#16437,0.675);
#16437 = AXIS2_PLACEMENT_3D('',#16438,#16439,#16440);
#16438 = CARTESIAN_POINT('',(170.1425,-74.3,1.115));
#16439 = DIRECTION('',(-0.,0.,-1.));
#16440 = DIRECTION('',(4.210623619319E-14,-1.,-0.));
#16441 = PLANE('',#16442);
#16442 = AXIS2_PLACEMENT_3D('',#16443,#16444,#16445);
#16443 = CARTESIAN_POINT('',(0.,0.,1.115));
#16444 = DIRECTION('',(0.,0.,1.));
#16445 = DIRECTION('',(1.,0.,-0.));
#16446 = ADVANCED_FACE('',(#16447),#16458,.F.);
#16447 = FACE_BOUND('',#16448,.T.);
#16448 = EDGE_LOOP('',(#16449,#16450,#16456,#16457));
#16449 = ORIENTED_EDGE('',*,*,#16413,.T.);
#16450 = ORIENTED_EDGE('',*,*,#16451,.T.);
#16451 = EDGE_CURVE('',#16414,#16434,#16452,.T.);
#16452 = LINE('',#16453,#16454);
#16453 = CARTESIAN_POINT('',(170.1425,-74.975,-8.1E-02));
#16454 = VECTOR('',#16455,1.);
#16455 = DIRECTION('',(0.,0.,1.));
#16456 = ORIENTED_EDGE('',*,*,#16433,.F.);
#16457 = ORIENTED_EDGE('',*,*,#16451,.F.);
#16458 = CYLINDRICAL_SURFACE('',#16459,0.675);
#16459 = AXIS2_PLACEMENT_3D('',#16460,#16461,#16462);
#16460 = CARTESIAN_POINT('',(170.1425,-74.3,-8.1E-02));
#16461 = DIRECTION('',(-0.,0.,-1.));
#16462 = DIRECTION('',(4.210623619319E-14,-1.,-0.));
#16463 = MANIFOLD_SOLID_BREP('',#16464);
#16464 = CLOSED_SHELL('',(#16465,#16498,#16518,#16538));
#16465 = ADVANCED_FACE('',(#16466),#16493,.T.);
#16466 = FACE_BOUND('',#16467,.T.);
#16467 = EDGE_LOOP('',(#16468,#16478,#16485,#16486));
#16468 = ORIENTED_EDGE('',*,*,#16469,.T.);
#16469 = EDGE_CURVE('',#16470,#16472,#16474,.T.);
#16470 = VERTEX_POINT('',#16471);
#16471 = CARTESIAN_POINT('',(171.2425,-74.3,0.));
#16472 = VERTEX_POINT('',#16473);
#16473 = CARTESIAN_POINT('',(171.2425,-74.3,-7.5E-02));
#16474 = LINE('',#16475,#16476);
#16475 = CARTESIAN_POINT('',(171.2425,-74.3,0.));
#16476 = VECTOR('',#16477,1.);
#16477 = DIRECTION('',(0.,0.,-1.));
#16478 = ORIENTED_EDGE('',*,*,#16479,.T.);
#16479 = EDGE_CURVE('',#16472,#16472,#16480,.T.);
#16480 = CIRCLE('',#16481,1.1);
#16481 = AXIS2_PLACEMENT_3D('',#16482,#16483,#16484);
#16482 = CARTESIAN_POINT('',(170.1425,-74.3,-7.5E-02));
#16483 = DIRECTION('',(0.,0.,1.));
#16484 = DIRECTION('',(1.,0.,-0.));
#16485 = ORIENTED_EDGE('',*,*,#16469,.F.);
#16486 = ORIENTED_EDGE('',*,*,#16487,.F.);
#16487 = EDGE_CURVE('',#16470,#16470,#16488,.T.);
#16488 = CIRCLE('',#16489,1.1);
#16489 = AXIS2_PLACEMENT_3D('',#16490,#16491,#16492);
#16490 = CARTESIAN_POINT('',(170.1425,-74.3,0.));
#16491 = DIRECTION('',(0.,0.,1.));
#16492 = DIRECTION('',(1.,0.,-0.));
#16493 = CYLINDRICAL_SURFACE('',#16494,1.1);
#16494 = AXIS2_PLACEMENT_3D('',#16495,#16496,#16497);
#16495 = CARTESIAN_POINT('',(170.1425,-74.3,0.));
#16496 = DIRECTION('',(0.,0.,1.));
#16497 = DIRECTION('',(1.,0.,-0.));
#16498 = ADVANCED_FACE('',(#16499,#16502),#16513,.F.);
#16499 = FACE_BOUND('',#16500,.F.);
#16500 = EDGE_LOOP('',(#16501));
#16501 = ORIENTED_EDGE('',*,*,#16487,.F.);
#16502 = FACE_BOUND('',#16503,.F.);
#16503 = EDGE_LOOP('',(#16504));
#16504 = ORIENTED_EDGE('',*,*,#16505,.F.);
#16505 = EDGE_CURVE('',#16506,#16506,#16508,.T.);
#16506 = VERTEX_POINT('',#16507);
#16507 = CARTESIAN_POINT('',(170.1425,-74.975,0.));
#16508 = CIRCLE('',#16509,0.675);
#16509 = AXIS2_PLACEMENT_3D('',#16510,#16511,#16512);
#16510 = CARTESIAN_POINT('',(170.1425,-74.3,0.));
#16511 = DIRECTION('',(-0.,0.,-1.));
#16512 = DIRECTION('',(4.210623619319E-14,-1.,-0.));
#16513 = PLANE('',#16514);
#16514 = AXIS2_PLACEMENT_3D('',#16515,#16516,#16517);
#16515 = CARTESIAN_POINT('',(0.,0.,0.));
#16516 = DIRECTION('',(-0.,-0.,-1.));
#16517 = DIRECTION('',(-1.,0.,0.));
#16518 = ADVANCED_FACE('',(#16519,#16522),#16533,.T.);
#16519 = FACE_BOUND('',#16520,.T.);
#16520 = EDGE_LOOP('',(#16521));
#16521 = ORIENTED_EDGE('',*,*,#16479,.F.);
#16522 = FACE_BOUND('',#16523,.T.);
#16523 = EDGE_LOOP('',(#16524));
#16524 = ORIENTED_EDGE('',*,*,#16525,.F.);
#16525 = EDGE_CURVE('',#16526,#16526,#16528,.T.);
#16526 = VERTEX_POINT('',#16527);
#16527 = CARTESIAN_POINT('',(170.1425,-74.975,-7.5E-02));
#16528 = CIRCLE('',#16529,0.675);
#16529 = AXIS2_PLACEMENT_3D('',#16530,#16531,#16532);
#16530 = CARTESIAN_POINT('',(170.1425,-74.3,-7.5E-02));
#16531 = DIRECTION('',(-0.,0.,-1.));
#16532 = DIRECTION('',(4.210623619319E-14,-1.,-0.));
#16533 = PLANE('',#16534);
#16534 = AXIS2_PLACEMENT_3D('',#16535,#16536,#16537);
#16535 = CARTESIAN_POINT('',(0.,0.,-7.5E-02));
#16536 = DIRECTION('',(-0.,-0.,-1.));
#16537 = DIRECTION('',(-1.,0.,0.));
#16538 = ADVANCED_FACE('',(#16539),#16550,.F.);
#16539 = FACE_BOUND('',#16540,.T.);
#16540 = EDGE_LOOP('',(#16541,#16542,#16548,#16549));
#16541 = ORIENTED_EDGE('',*,*,#16525,.T.);
#16542 = ORIENTED_EDGE('',*,*,#16543,.T.);
#16543 = EDGE_CURVE('',#16526,#16506,#16544,.T.);
#16544 = LINE('',#16545,#16546);
#16545 = CARTESIAN_POINT('',(170.1425,-74.975,-8.1E-02));
#16546 = VECTOR('',#16547,1.);
#16547 = DIRECTION('',(0.,0.,1.));
#16548 = ORIENTED_EDGE('',*,*,#16505,.F.);
#16549 = ORIENTED_EDGE('',*,*,#16543,.F.);
#16550 = CYLINDRICAL_SURFACE('',#16551,0.675);
#16551 = AXIS2_PLACEMENT_3D('',#16552,#16553,#16554);
#16552 = CARTESIAN_POINT('',(170.1425,-74.3,-8.1E-02));
#16553 = DIRECTION('',(-0.,0.,-1.));
#16554 = DIRECTION('',(4.210623619319E-14,-1.,-0.));
#16555 = MANIFOLD_SOLID_BREP('',#16556);
#16556 = CLOSED_SHELL('',(#16557,#16590,#16610,#16630));
#16557 = ADVANCED_FACE('',(#16558),#16585,.T.);
#16558 = FACE_BOUND('',#16559,.F.);
#16559 = EDGE_LOOP('',(#16560,#16570,#16577,#16578));
#16560 = ORIENTED_EDGE('',*,*,#16561,.T.);
#16561 = EDGE_CURVE('',#16562,#16564,#16566,.T.);
#16562 = VERTEX_POINT('',#16563);
#16563 = CARTESIAN_POINT('',(170.1425,-75.,-7.5E-02));
#16564 = VERTEX_POINT('',#16565);
#16565 = CARTESIAN_POINT('',(170.1425,-75.,1.115));
#16566 = LINE('',#16567,#16568);
#16567 = CARTESIAN_POINT('',(170.1425,-75.,-7.5E-02));
#16568 = VECTOR('',#16569,1.);
#16569 = DIRECTION('',(0.,0.,1.));
#16570 = ORIENTED_EDGE('',*,*,#16571,.T.);
#16571 = EDGE_CURVE('',#16564,#16564,#16572,.T.);
#16572 = CIRCLE('',#16573,0.7);
#16573 = AXIS2_PLACEMENT_3D('',#16574,#16575,#16576);
#16574 = CARTESIAN_POINT('',(170.1425,-74.3,1.115));
#16575 = DIRECTION('',(0.,-0.,1.));
#16576 = DIRECTION('',(4.060244204343E-14,-1.,-0.));
#16577 = ORIENTED_EDGE('',*,*,#16561,.F.);
#16578 = ORIENTED_EDGE('',*,*,#16579,.F.);
#16579 = EDGE_CURVE('',#16562,#16562,#16580,.T.);
#16580 = CIRCLE('',#16581,0.7);
#16581 = AXIS2_PLACEMENT_3D('',#16582,#16583,#16584);
#16582 = CARTESIAN_POINT('',(170.1425,-74.3,-7.5E-02));
#16583 = DIRECTION('',(0.,-0.,1.));
#16584 = DIRECTION('',(4.060244204343E-14,-1.,-0.));
#16585 = CYLINDRICAL_SURFACE('',#16586,0.7);
#16586 = AXIS2_PLACEMENT_3D('',#16587,#16588,#16589);
#16587 = CARTESIAN_POINT('',(170.1425,-74.3,-7.5E-02));
#16588 = DIRECTION('',(-0.,0.,-1.));
#16589 = DIRECTION('',(4.060244204343E-14,-1.,-0.));
#16590 = ADVANCED_FACE('',(#16591,#16594),#16605,.F.);
#16591 = FACE_BOUND('',#16592,.F.);
#16592 = EDGE_LOOP('',(#16593));
#16593 = ORIENTED_EDGE('',*,*,#16579,.T.);
#16594 = FACE_BOUND('',#16595,.F.);
#16595 = EDGE_LOOP('',(#16596));
#16596 = ORIENTED_EDGE('',*,*,#16597,.T.);
#16597 = EDGE_CURVE('',#16598,#16598,#16600,.T.);
#16598 = VERTEX_POINT('',#16599);
#16599 = CARTESIAN_POINT('',(170.1425,-74.975,-7.5E-02));
#16600 = CIRCLE('',#16601,0.675);
#16601 = AXIS2_PLACEMENT_3D('',#16602,#16603,#16604);
#16602 = CARTESIAN_POINT('',(170.1425,-74.3,-7.5E-02));
#16603 = DIRECTION('',(-0.,0.,-1.));
#16604 = DIRECTION('',(4.210623619319E-14,-1.,-0.));
#16605 = PLANE('',#16606);
#16606 = AXIS2_PLACEMENT_3D('',#16607,#16608,#16609);
#16607 = CARTESIAN_POINT('',(170.1425,-75.,-7.5E-02));
#16608 = DIRECTION('',(0.,0.,1.));
#16609 = DIRECTION('',(1.,0.,-0.));
#16610 = ADVANCED_FACE('',(#16611,#16614),#16625,.T.);
#16611 = FACE_BOUND('',#16612,.T.);
#16612 = EDGE_LOOP('',(#16613));
#16613 = ORIENTED_EDGE('',*,*,#16571,.T.);
#16614 = FACE_BOUND('',#16615,.T.);
#16615 = EDGE_LOOP('',(#16616));
#16616 = ORIENTED_EDGE('',*,*,#16617,.T.);
#16617 = EDGE_CURVE('',#16618,#16618,#16620,.T.);
#16618 = VERTEX_POINT('',#16619);
#16619 = CARTESIAN_POINT('',(170.1425,-74.975,1.115));
#16620 = CIRCLE('',#16621,0.675);
#16621 = AXIS2_PLACEMENT_3D('',#16622,#16623,#16624);
#16622 = CARTESIAN_POINT('',(170.1425,-74.3,1.115));
#16623 = DIRECTION('',(-0.,0.,-1.));
#16624 = DIRECTION('',(4.210623619319E-14,-1.,-0.));
#16625 = PLANE('',#16626);
#16626 = AXIS2_PLACEMENT_3D('',#16627,#16628,#16629);
#16627 = CARTESIAN_POINT('',(170.1425,-75.,1.115));
#16628 = DIRECTION('',(0.,0.,1.));
#16629 = DIRECTION('',(1.,0.,-0.));
#16630 = ADVANCED_FACE('',(#16631),#16642,.F.);
#16631 = FACE_BOUND('',#16632,.T.);
#16632 = EDGE_LOOP('',(#16633,#16634,#16640,#16641));
#16633 = ORIENTED_EDGE('',*,*,#16597,.T.);
#16634 = ORIENTED_EDGE('',*,*,#16635,.T.);
#16635 = EDGE_CURVE('',#16598,#16618,#16636,.T.);
#16636 = LINE('',#16637,#16638);
#16637 = CARTESIAN_POINT('',(170.1425,-74.975,-8.1E-02));
#16638 = VECTOR('',#16639,1.);
#16639 = DIRECTION('',(0.,0.,1.));
#16640 = ORIENTED_EDGE('',*,*,#16617,.F.);
#16641 = ORIENTED_EDGE('',*,*,#16635,.F.);
#16642 = CYLINDRICAL_SURFACE('',#16643,0.675);
#16643 = AXIS2_PLACEMENT_3D('',#16644,#16645,#16646);
#16644 = CARTESIAN_POINT('',(170.1425,-74.3,-8.1E-02));
#16645 = DIRECTION('',(-0.,0.,-1.));
#16646 = DIRECTION('',(4.210623619319E-14,-1.,-0.));
#16647 = ( GEOMETRIC_REPRESENTATION_CONTEXT(3) 
GLOBAL_UNCERTAINTY_ASSIGNED_CONTEXT((#16651)) 
GLOBAL_UNIT_ASSIGNED_CONTEXT((#16648,#16649,#16650)) 
REPRESENTATION_CONTEXT('Context #1',
  '3D Context with UNIT and UNCERTAINTY') );
#16648 = ( LENGTH_UNIT() NAMED_UNIT(*) SI_UNIT(.MILLI.,.METRE.) );
#16649 = ( NAMED_UNIT(*) PLANE_ANGLE_UNIT() SI_UNIT($,.RADIAN.) );
#16650 = ( NAMED_UNIT(*) SI_UNIT($,.STERADIAN.) SOLID_ANGLE_UNIT() );
#16651 = UNCERTAINTY_MEASURE_WITH_UNIT(LENGTH_MEASURE(1.E-07),#16648,
  'distance_accuracy_value','confusion accuracy');
#16652 = CONTEXT_DEPENDENT_SHAPE_REPRESENTATION(#16653,#16655);
#16653 = ( REPRESENTATION_RELATIONSHIP('','',#36,#10) 
REPRESENTATION_RELATIONSHIP_WITH_TRANSFORMATION(#16654) 
SHAPE_REPRESENTATION_RELATIONSHIP() );
#16654 = ITEM_DEFINED_TRANSFORMATION('','',#11,#15);
#16655 = PRODUCT_DEFINITION_SHAPE('Placement','Placement of an item',
  #16656);
#16656 = NEXT_ASSEMBLY_USAGE_OCCURRENCE('1','=>[0:1:1:2]','',#5,#31,$);
#16657 = PRODUCT_RELATED_PRODUCT_CATEGORY('part',$,(#33));
#16658 = SHAPE_DEFINITION_REPRESENTATION(#16659,#16665);
#16659 = PRODUCT_DEFINITION_SHAPE('','',#16660);
#16660 = PRODUCT_DEFINITION('design','',#16661,#16664);
#16661 = PRODUCT_DEFINITION_FORMATION('','',#16662);
#16662 = PRODUCT('MAIN_POWER_PCB','MAIN_POWER_PCB','',(#16663));
#16663 = PRODUCT_CONTEXT('',#2,'mechanical');
#16664 = PRODUCT_DEFINITION_CONTEXT('part definition',#2,'design');
#16665 = ADVANCED_BREP_SHAPE_REPRESENTATION('',(#11,#16666),#20083);
#16666 = MANIFOLD_SOLID_BREP('',#16667);
#16667 = CLOSED_SHELL('',(#16668,#16710,#16741,#16772,#17682,#18592,
    #18609,#18626,#18643,#18660,#18677,#18694,#18711,#18728,#18745,
    #18762,#18779,#18796,#18813,#18830,#18847,#18864,#18881,#18898,
    #18915,#18932,#18949,#18966,#18983,#19000,#19017,#19034,#19046,
    #19063,#19080,#19097,#19114,#19131,#19148,#19165,#19182,#19199,
    #19216,#19233,#19250,#19267,#19284,#19301,#19318,#19335,#19352,
    #19369,#19386,#19403,#19420,#19437,#19454,#19471,#19488,#19505,
    #19522,#19539,#19556,#19573,#19590,#19607,#19624,#19641,#19658,
    #19675,#19692,#19709,#19726,#19743,#19760,#19777,#19794,#19811,
    #19828,#19845,#19862,#19879,#19896,#19913,#19930,#19947,#19964,
    #19981,#19998,#20015,#20032,#20049,#20066));
#16668 = ADVANCED_FACE('',(#16669),#16705,.T.);
#16669 = FACE_BOUND('',#16670,.T.);
#16670 = EDGE_LOOP('',(#16671,#16681,#16690,#16698));
#16671 = ORIENTED_EDGE('',*,*,#16672,.T.);
#16672 = EDGE_CURVE('',#16673,#16675,#16677,.T.);
#16673 = VERTEX_POINT('',#16674);
#16674 = CARTESIAN_POINT('',(121.6,-55.131981,0.));
#16675 = VERTEX_POINT('',#16676);
#16676 = CARTESIAN_POINT('',(121.6,-55.131981,1.04));
#16677 = LINE('',#16678,#16679);
#16678 = CARTESIAN_POINT('',(121.6,-55.131981,0.));
#16679 = VECTOR('',#16680,1.);
#16680 = DIRECTION('',(0.,0.,1.));
#16681 = ORIENTED_EDGE('',*,*,#16682,.T.);
#16682 = EDGE_CURVE('',#16675,#16683,#16685,.T.);
#16683 = VERTEX_POINT('',#16684);
#16684 = CARTESIAN_POINT('',(124.6,-58.131981,1.04));
#16685 = CIRCLE('',#16686,2.999987516213);
#16686 = AXIS2_PLACEMENT_3D('',#16687,#16688,#16689);
#16687 = CARTESIAN_POINT('',(121.60001248381,-58.13196851618,1.04));
#16688 = DIRECTION('',(0.,0.,-1.));
#16689 = DIRECTION('',(-4.161288252932E-06,0.999999999991,0.));
#16690 = ORIENTED_EDGE('',*,*,#16691,.F.);
#16691 = EDGE_CURVE('',#16692,#16683,#16694,.T.);
#16692 = VERTEX_POINT('',#16693);
#16693 = CARTESIAN_POINT('',(124.6,-58.131981,0.));
#16694 = LINE('',#16695,#16696);
#16695 = CARTESIAN_POINT('',(124.6,-58.131981,0.));
#16696 = VECTOR('',#16697,1.);
#16697 = DIRECTION('',(0.,0.,1.));
#16698 = ORIENTED_EDGE('',*,*,#16699,.F.);
#16699 = EDGE_CURVE('',#16673,#16692,#16700,.T.);
#16700 = CIRCLE('',#16701,2.999987516213);
#16701 = AXIS2_PLACEMENT_3D('',#16702,#16703,#16704);
#16702 = CARTESIAN_POINT('',(121.60001248381,-58.13196851618,0.));
#16703 = DIRECTION('',(0.,0.,-1.));
#16704 = DIRECTION('',(-4.161288252932E-06,0.999999999991,0.));
#16705 = CYLINDRICAL_SURFACE('',#16706,2.999987516213);
#16706 = AXIS2_PLACEMENT_3D('',#16707,#16708,#16709);
#16707 = CARTESIAN_POINT('',(121.60001248381,-58.13196851618,0.));
#16708 = DIRECTION('',(0.,0.,-1.));
#16709 = DIRECTION('',(-4.161288252932E-06,0.999999999991,0.));
#16710 = ADVANCED_FACE('',(#16711),#16736,.T.);
#16711 = FACE_BOUND('',#16712,.T.);
#16712 = EDGE_LOOP('',(#16713,#16723,#16729,#16730));
#16713 = ORIENTED_EDGE('',*,*,#16714,.T.);
#16714 = EDGE_CURVE('',#16715,#16717,#16719,.T.);
#16715 = VERTEX_POINT('',#16716);
#16716 = CARTESIAN_POINT('',(89.156349,-55.131981,0.));
#16717 = VERTEX_POINT('',#16718);
#16718 = CARTESIAN_POINT('',(89.156349,-55.131981,1.04));
#16719 = LINE('',#16720,#16721);
#16720 = CARTESIAN_POINT('',(89.156349,-55.131981,0.));
#16721 = VECTOR('',#16722,1.);
#16722 = DIRECTION('',(0.,0.,1.));
#16723 = ORIENTED_EDGE('',*,*,#16724,.T.);
#16724 = EDGE_CURVE('',#16717,#16675,#16725,.T.);
#16725 = LINE('',#16726,#16727);
#16726 = CARTESIAN_POINT('',(89.156349,-55.131981,1.04));
#16727 = VECTOR('',#16728,1.);
#16728 = DIRECTION('',(1.,0.,0.));
#16729 = ORIENTED_EDGE('',*,*,#16672,.F.);
#16730 = ORIENTED_EDGE('',*,*,#16731,.F.);
#16731 = EDGE_CURVE('',#16715,#16673,#16732,.T.);
#16732 = LINE('',#16733,#16734);
#16733 = CARTESIAN_POINT('',(89.156349,-55.131981,0.));
#16734 = VECTOR('',#16735,1.);
#16735 = DIRECTION('',(1.,0.,0.));
#16736 = PLANE('',#16737);
#16737 = AXIS2_PLACEMENT_3D('',#16738,#16739,#16740);
#16738 = CARTESIAN_POINT('',(89.156349,-55.131981,0.));
#16739 = DIRECTION('',(0.,1.,0.));
#16740 = DIRECTION('',(1.,0.,0.));
#16741 = ADVANCED_FACE('',(#16742),#16767,.T.);
#16742 = FACE_BOUND('',#16743,.T.);
#16743 = EDGE_LOOP('',(#16744,#16745,#16753,#16761));
#16744 = ORIENTED_EDGE('',*,*,#16691,.T.);
#16745 = ORIENTED_EDGE('',*,*,#16746,.T.);
#16746 = EDGE_CURVE('',#16683,#16747,#16749,.T.);
#16747 = VERTEX_POINT('',#16748);
#16748 = CARTESIAN_POINT('',(124.6,-69.131981,1.04));
#16749 = LINE('',#16750,#16751);
#16750 = CARTESIAN_POINT('',(124.6,-58.131981,1.04));
#16751 = VECTOR('',#16752,1.);
#16752 = DIRECTION('',(0.,-1.,0.));
#16753 = ORIENTED_EDGE('',*,*,#16754,.F.);
#16754 = EDGE_CURVE('',#16755,#16747,#16757,.T.);
#16755 = VERTEX_POINT('',#16756);
#16756 = CARTESIAN_POINT('',(124.6,-69.131981,0.));
#16757 = LINE('',#16758,#16759);
#16758 = CARTESIAN_POINT('',(124.6,-69.131981,0.));
#16759 = VECTOR('',#16760,1.);
#16760 = DIRECTION('',(0.,0.,1.));
#16761 = ORIENTED_EDGE('',*,*,#16762,.F.);
#16762 = EDGE_CURVE('',#16692,#16755,#16763,.T.);
#16763 = LINE('',#16764,#16765);
#16764 = CARTESIAN_POINT('',(124.6,-58.131981,0.));
#16765 = VECTOR('',#16766,1.);
#16766 = DIRECTION('',(0.,-1.,0.));
#16767 = PLANE('',#16768);
#16768 = AXIS2_PLACEMENT_3D('',#16769,#16770,#16771);
#16769 = CARTESIAN_POINT('',(124.6,-58.131981,0.));
#16770 = DIRECTION('',(1.,0.,-0.));
#16771 = DIRECTION('',(0.,-1.,0.));
#16772 = ADVANCED_FACE('',(#16773,#17006,#17017,#17028,#17039,#17050,
    #17061,#17072,#17083,#17094,#17105,#17116,#17127,#17138,#17149,
    #17160,#17171,#17182,#17193,#17204,#17215,#17226,#17237,#17248,
    #17259,#17270,#17281,#17292,#17303,#17314,#17325,#17336,#17347,
    #17358,#17369,#17380,#17391,#17402,#17413,#17424,#17435,#17446,
    #17457,#17468,#17479,#17490,#17501,#17512,#17523,#17534,#17545,
    #17556,#17567,#17578,#17589,#17600,#17611,#17622,#17633,#17644,
    #17655,#17666),#17677,.F.);
#16773 = FACE_BOUND('',#16774,.F.);
#16774 = EDGE_LOOP('',(#16775,#16776,#16777,#16786,#16794,#16803,#16811,
    #16820,#16828,#16837,#16845,#16854,#16862,#16871,#16879,#16888,
    #16896,#16905,#16913,#16922,#16930,#16939,#16947,#16956,#16964,
    #16973,#16981,#16990,#16998,#17005));
#16775 = ORIENTED_EDGE('',*,*,#16699,.F.);
#16776 = ORIENTED_EDGE('',*,*,#16731,.F.);
#16777 = ORIENTED_EDGE('',*,*,#16778,.F.);
#16778 = EDGE_CURVE('',#16779,#16715,#16781,.T.);
#16779 = VERTEX_POINT('',#16780);
#16780 = CARTESIAN_POINT('',(87.035029,-56.010661,0.));
#16781 = CIRCLE('',#16782,3.000247754252);
#16782 = AXIS2_PLACEMENT_3D('',#16783,#16784,#16785);
#16783 = CARTESIAN_POINT('',(89.156452309611,-58.13222875247,0.));
#16784 = DIRECTION('',(0.,0.,-1.));
#16785 = DIRECTION('',(-0.707082708954,0.707130852599,0.));
#16786 = ORIENTED_EDGE('',*,*,#16787,.F.);
#16787 = EDGE_CURVE('',#16788,#16779,#16790,.T.);
#16788 = VERTEX_POINT('',#16789);
#16789 = CARTESIAN_POINT('',(79.57868,-63.46701,0.));
#16790 = LINE('',#16791,#16792);
#16791 = CARTESIAN_POINT('',(79.57868,-63.46701,0.));
#16792 = VECTOR('',#16793,1.);
#16793 = DIRECTION('',(0.707106781187,0.707106781187,0.));
#16794 = ORIENTED_EDGE('',*,*,#16795,.F.);
#16795 = EDGE_CURVE('',#16796,#16788,#16798,.T.);
#16796 = VERTEX_POINT('',#16797);
#16797 = CARTESIAN_POINT('',(78.7,-65.58833,0.));
#16798 = CIRCLE('',#16799,2.999860251516);
#16799 = AXIS2_PLACEMENT_3D('',#16800,#16801,#16802);
#16800 = CARTESIAN_POINT('',(81.699860250971,-65.58827280114,0.));
#16801 = DIRECTION('',(0.,0.,-1.));
#16802 = DIRECTION('',(-0.999999999818,-1.906717345036E-05,-0.));
#16803 = ORIENTED_EDGE('',*,*,#16804,.F.);
#16804 = EDGE_CURVE('',#16805,#16796,#16807,.T.);
#16805 = VERTEX_POINT('',#16806);
#16806 = CARTESIAN_POINT('',(78.7,-87.631981,0.));
#16807 = LINE('',#16808,#16809);
#16808 = CARTESIAN_POINT('',(78.7,-87.631981,0.));
#16809 = VECTOR('',#16810,1.);
#16810 = DIRECTION('',(0.,1.,0.));
#16811 = ORIENTED_EDGE('',*,*,#16812,.F.);
#16812 = EDGE_CURVE('',#16813,#16805,#16815,.T.);
#16813 = VERTEX_POINT('',#16814);
#16814 = CARTESIAN_POINT('',(81.7,-90.631981,0.));
#16815 = CIRCLE('',#16816,3.000013122826);
#16816 = AXIS2_PLACEMENT_3D('',#16817,#16818,#16819);
#16817 = CARTESIAN_POINT('',(81.700013122798,-87.6319678772,0.));
#16818 = DIRECTION('',(0.,0.,-1.));
#16819 = DIRECTION('',(-4.374246769409E-06,-0.99999999999,-0.));
#16820 = ORIENTED_EDGE('',*,*,#16821,.F.);
#16821 = EDGE_CURVE('',#16822,#16813,#16824,.T.);
#16822 = VERTEX_POINT('',#16823);
#16823 = CARTESIAN_POINT('',(108.357359,-90.631981,0.));
#16824 = LINE('',#16825,#16826);
#16825 = CARTESIAN_POINT('',(108.357359,-90.631981,0.));
#16826 = VECTOR('',#16827,1.);
#16827 = DIRECTION('',(-1.,0.,0.));
#16828 = ORIENTED_EDGE('',*,*,#16829,.F.);
#16829 = EDGE_CURVE('',#16830,#16822,#16832,.T.);
#16830 = VERTEX_POINT('',#16831);
#16831 = CARTESIAN_POINT('',(110.47868,-91.510661,0.));
#16832 = CIRCLE('',#16833,2.999794904887);
#16833 = AXIS2_PLACEMENT_3D('',#16834,#16835,#16836);
#16834 = CARTESIAN_POINT('',(108.35744426656,-93.63177590367,0.));
#16835 = DIRECTION('',(0.,0.,1.));
#16836 = DIRECTION('',(0.70712692057,0.70708664123,-0.));
#16837 = ORIENTED_EDGE('',*,*,#16838,.F.);
#16838 = EDGE_CURVE('',#16839,#16830,#16841,.T.);
#16839 = VERTEX_POINT('',#16840);
#16840 = CARTESIAN_POINT('',(118.72132,-99.753302,0.));
#16841 = LINE('',#16842,#16843);
#16842 = CARTESIAN_POINT('',(118.72132,-99.753302,0.));
#16843 = VECTOR('',#16844,1.);
#16844 = DIRECTION('',(-0.707106738293,0.70710682408,0.));
#16845 = ORIENTED_EDGE('',*,*,#16846,.F.);
#16846 = EDGE_CURVE('',#16847,#16839,#16849,.T.);
#16847 = VERTEX_POINT('',#16848);
#16848 = CARTESIAN_POINT('',(119.6,-101.874622,0.));
#16849 = CIRCLE('',#16850,3.000088028649);
#16850 = AXIS2_PLACEMENT_3D('',#16851,#16852,#16853);
#16851 = CARTESIAN_POINT('',(116.59991197158,-101.8746591497,0.));
#16852 = DIRECTION('',(0.,0.,1.));
#16853 = DIRECTION('',(0.999999999923,1.238287144043E-05,-0.));
#16854 = ORIENTED_EDGE('',*,*,#16855,.F.);
#16855 = EDGE_CURVE('',#16856,#16847,#16858,.T.);
#16856 = VERTEX_POINT('',#16857);
#16857 = CARTESIAN_POINT('',(119.6,-112.631981,0.));
#16858 = LINE('',#16859,#16860);
#16859 = CARTESIAN_POINT('',(119.6,-112.631981,0.));
#16860 = VECTOR('',#16861,1.);
#16861 = DIRECTION('',(0.,1.,0.));
#16862 = ORIENTED_EDGE('',*,*,#16863,.F.);
#16863 = EDGE_CURVE('',#16864,#16856,#16866,.T.);
#16864 = VERTEX_POINT('',#16865);
#16865 = CARTESIAN_POINT('',(122.6,-115.631981,0.));
#16866 = CIRCLE('',#16867,3.000013122826);
#16867 = AXIS2_PLACEMENT_3D('',#16868,#16869,#16870);
#16868 = CARTESIAN_POINT('',(122.60001312279,-112.6319678772,0.));
#16869 = DIRECTION('',(0.,0.,-1.));
#16870 = DIRECTION('',(-4.374246774146E-06,-0.99999999999,-0.));
#16871 = ORIENTED_EDGE('',*,*,#16872,.F.);
#16872 = EDGE_CURVE('',#16873,#16864,#16875,.T.);
#16873 = VERTEX_POINT('',#16874);
#16874 = CARTESIAN_POINT('',(156.6,-115.631981,0.));
#16875 = LINE('',#16876,#16877);
#16876 = CARTESIAN_POINT('',(156.6,-115.631981,0.));
#16877 = VECTOR('',#16878,1.);
#16878 = DIRECTION('',(-1.,0.,0.));
#16879 = ORIENTED_EDGE('',*,*,#16880,.F.);
#16880 = EDGE_CURVE('',#16881,#16873,#16883,.T.);
#16881 = VERTEX_POINT('',#16882);
#16882 = CARTESIAN_POINT('',(159.6,-112.631981,0.));
#16883 = CIRCLE('',#16884,2.999967031462);
#16884 = AXIS2_PLACEMENT_3D('',#16885,#16886,#16887);
#16885 = CARTESIAN_POINT('',(156.60003296872,-112.6320139687,0.));
#16886 = DIRECTION('',(0.,0.,-1.));
#16887 = DIRECTION('',(0.99999999994,1.098969395055E-05,0.));
#16888 = ORIENTED_EDGE('',*,*,#16889,.F.);
#16889 = EDGE_CURVE('',#16890,#16881,#16892,.T.);
#16890 = VERTEX_POINT('',#16891);
#16891 = CARTESIAN_POINT('',(159.6,-101.874622,0.));
#16892 = LINE('',#16893,#16894);
#16893 = CARTESIAN_POINT('',(159.6,-101.874622,0.));
#16894 = VECTOR('',#16895,1.);
#16895 = DIRECTION('',(0.,-1.,0.));
#16896 = ORIENTED_EDGE('',*,*,#16897,.F.);
#16897 = EDGE_CURVE('',#16898,#16890,#16900,.T.);
#16898 = VERTEX_POINT('',#16899);
#16899 = CARTESIAN_POINT('',(160.47868,-99.753301,0.));
#16900 = CIRCLE('',#16901,2.999896608665);
#16901 = AXIS2_PLACEMENT_3D('',#16902,#16903,#16904);
#16902 = CARTESIAN_POINT('',(162.59989660835,-101.8745788608,0.));
#16903 = DIRECTION('',(0.,0.,1.));
#16904 = DIRECTION('',(-0.707096572004,0.707116990221,0.));
#16905 = ORIENTED_EDGE('',*,*,#16906,.F.);
#16906 = EDGE_CURVE('',#16907,#16898,#16909,.T.);
#16907 = VERTEX_POINT('',#16908);
#16908 = CARTESIAN_POINT('',(168.72132,-91.510661,0.));
#16909 = LINE('',#16910,#16911);
#16910 = CARTESIAN_POINT('',(168.72132,-91.510661,0.));
#16911 = VECTOR('',#16912,1.);
#16912 = DIRECTION('',(-0.707106781187,-0.707106781187,0.));
#16913 = ORIENTED_EDGE('',*,*,#16914,.F.);
#16914 = EDGE_CURVE('',#16915,#16907,#16917,.T.);
#16915 = VERTEX_POINT('',#16916);
#16916 = CARTESIAN_POINT('',(170.842641,-90.631981,0.));
#16917 = CIRCLE('',#16918,3.000214108658);
#16918 = AXIS2_PLACEMENT_3D('',#16919,#16920,#16921);
#16919 = CARTESIAN_POINT('',(170.84272937329,-93.63219510735,0.));
#16920 = DIRECTION('',(0.,0.,1.));
#16921 = DIRECTION('',(-2.94556635962E-05,0.999999999566,0.));
#16922 = ORIENTED_EDGE('',*,*,#16923,.F.);
#16923 = EDGE_CURVE('',#16924,#16915,#16926,.T.);
#16924 = VERTEX_POINT('',#16925);
#16925 = CARTESIAN_POINT('',(197.5,-90.631981,0.));
#16926 = LINE('',#16927,#16928);
#16927 = CARTESIAN_POINT('',(197.5,-90.631981,0.));
#16928 = VECTOR('',#16929,1.);
#16929 = DIRECTION('',(-1.,0.,0.));
#16930 = ORIENTED_EDGE('',*,*,#16931,.F.);
#16931 = EDGE_CURVE('',#16932,#16924,#16934,.T.);
#16932 = VERTEX_POINT('',#16933);
#16933 = CARTESIAN_POINT('',(200.5,-87.631981,0.));
#16934 = CIRCLE('',#16935,2.999967031462);
#16935 = AXIS2_PLACEMENT_3D('',#16936,#16937,#16938);
#16936 = CARTESIAN_POINT('',(197.50003296872,-87.63201396872,0.));
#16937 = DIRECTION('',(0.,0.,-1.));
#16938 = DIRECTION('',(0.99999999994,1.098969395055E-05,0.));
#16939 = ORIENTED_EDGE('',*,*,#16940,.F.);
#16940 = EDGE_CURVE('',#16941,#16932,#16943,.T.);
#16941 = VERTEX_POINT('',#16942);
#16942 = CARTESIAN_POINT('',(200.5,-65.58833,0.));
#16943 = LINE('',#16944,#16945);
#16944 = CARTESIAN_POINT('',(200.5,-65.58833,0.));
#16945 = VECTOR('',#16946,1.);
#16946 = DIRECTION('',(0.,-1.,0.));
#16947 = ORIENTED_EDGE('',*,*,#16948,.F.);
#16948 = EDGE_CURVE('',#16949,#16941,#16951,.T.);
#16949 = VERTEX_POINT('',#16950);
#16950 = CARTESIAN_POINT('',(199.62132,-63.46701,0.));
#16951 = CIRCLE('',#16952,3.000126315967);
#16952 = AXIS2_PLACEMENT_3D('',#16953,#16954,#16955);
#16953 = CARTESIAN_POINT('',(197.4998736845,-65.58838300874,0.));
#16954 = DIRECTION('',(0.,0.,-1.));
#16955 = DIRECTION('',(0.70711899836,0.707094563802,0.));
#16956 = ORIENTED_EDGE('',*,*,#16957,.F.);
#16957 = EDGE_CURVE('',#16958,#16949,#16960,.T.);
#16958 = VERTEX_POINT('',#16959);
#16959 = CARTESIAN_POINT('',(192.164971,-56.010661,0.));
#16960 = LINE('',#16961,#16962);
#16961 = CARTESIAN_POINT('',(192.164971,-56.010661,0.));
#16962 = VECTOR('',#16963,1.);
#16963 = DIRECTION('',(0.707106781187,-0.707106781187,0.));
#16964 = ORIENTED_EDGE('',*,*,#16965,.F.);
#16965 = EDGE_CURVE('',#16966,#16958,#16968,.T.);
#16966 = VERTEX_POINT('',#16967);
#16967 = CARTESIAN_POINT('',(190.043651,-55.131981,0.));
#16968 = CIRCLE('',#16969,2.999747339304);
#16969 = AXIS2_PLACEMENT_3D('',#16970,#16971,#16972);
#16970 = CARTESIAN_POINT('',(190.04375496917,-58.1317283375,0.));
#16971 = DIRECTION('',(0.,0.,-1.));
#16972 = DIRECTION('',(-3.465930964941E-05,0.999999999399,0.));
#16973 = ORIENTED_EDGE('',*,*,#16974,.F.);
#16974 = EDGE_CURVE('',#16975,#16966,#16977,.T.);
#16975 = VERTEX_POINT('',#16976);
#16976 = CARTESIAN_POINT('',(157.6,-55.131981,0.));
#16977 = LINE('',#16978,#16979);
#16978 = CARTESIAN_POINT('',(157.6,-55.131981,0.));
#16979 = VECTOR('',#16980,1.);
#16980 = DIRECTION('',(1.,0.,0.));
#16981 = ORIENTED_EDGE('',*,*,#16982,.F.);
#16982 = EDGE_CURVE('',#16983,#16975,#16985,.T.);
#16983 = VERTEX_POINT('',#16984);
#16984 = CARTESIAN_POINT('',(154.6,-58.131981,0.));
#16985 = CIRCLE('',#16986,3.00003190148);
#16986 = AXIS2_PLACEMENT_3D('',#16987,#16988,#16989);
#16987 = CARTESIAN_POINT('',(157.60003190131,-58.13201290131,0.));
#16988 = DIRECTION('',(0.,0.,-1.));
#16989 = DIRECTION('',(-0.999999999943,1.063365702622E-05,0.));
#16990 = ORIENTED_EDGE('',*,*,#16991,.F.);
#16991 = EDGE_CURVE('',#16992,#16983,#16994,.T.);
#16992 = VERTEX_POINT('',#16993);
#16993 = CARTESIAN_POINT('',(154.6,-69.131981,0.));
#16994 = LINE('',#16995,#16996);
#16995 = CARTESIAN_POINT('',(154.6,-69.131981,0.));
#16996 = VECTOR('',#16997,1.);
#16997 = DIRECTION('',(0.,1.,0.));
#16998 = ORIENTED_EDGE('',*,*,#16999,.F.);
#16999 = EDGE_CURVE('',#16755,#16992,#17000,.T.);
#17000 = CIRCLE('',#17001,15.);
#17001 = AXIS2_PLACEMENT_3D('',#17002,#17003,#17004);
#17002 = CARTESIAN_POINT('',(139.6,-69.131981,0.));
#17003 = DIRECTION('',(0.,0.,1.));
#17004 = DIRECTION('',(-1.,0.,-0.));
#17005 = ORIENTED_EDGE('',*,*,#16762,.F.);
#17006 = FACE_BOUND('',#17007,.F.);
#17007 = EDGE_LOOP('',(#17008));
#17008 = ORIENTED_EDGE('',*,*,#17009,.T.);
#17009 = EDGE_CURVE('',#17010,#17010,#17012,.T.);
#17010 = VERTEX_POINT('',#17011);
#17011 = CARTESIAN_POINT('',(123.6,-113.381981,0.));
#17012 = CIRCLE('',#17013,1.75);
#17013 = AXIS2_PLACEMENT_3D('',#17014,#17015,#17016);
#17014 = CARTESIAN_POINT('',(123.6,-111.631981,0.));
#17015 = DIRECTION('',(-0.,0.,-1.));
#17016 = DIRECTION('',(-0.,-1.,0.));
#17017 = FACE_BOUND('',#17018,.F.);
#17018 = EDGE_LOOP('',(#17019));
#17019 = ORIENTED_EDGE('',*,*,#17020,.T.);
#17020 = EDGE_CURVE('',#17021,#17021,#17023,.T.);
#17021 = VERTEX_POINT('',#17022);
#17022 = CARTESIAN_POINT('',(155.6,-113.381981,0.));
#17023 = CIRCLE('',#17024,1.75);
#17024 = AXIS2_PLACEMENT_3D('',#17025,#17026,#17027);
#17025 = CARTESIAN_POINT('',(155.6,-111.631981,0.));
#17026 = DIRECTION('',(-0.,0.,-1.));
#17027 = DIRECTION('',(-0.,-1.,0.));
#17028 = FACE_BOUND('',#17029,.F.);
#17029 = EDGE_LOOP('',(#17030));
#17030 = ORIENTED_EDGE('',*,*,#17031,.T.);
#17031 = EDGE_CURVE('',#17032,#17032,#17034,.T.);
#17032 = VERTEX_POINT('',#17033);
#17033 = CARTESIAN_POINT('',(92.486981,-85.6,0.));
#17034 = CIRCLE('',#17035,0.85);
#17035 = AXIS2_PLACEMENT_3D('',#17036,#17037,#17038);
#17036 = CARTESIAN_POINT('',(92.486981,-84.75,0.));
#17037 = DIRECTION('',(-0.,0.,-1.));
#17038 = DIRECTION('',(-0.,-1.,0.));
#17039 = FACE_BOUND('',#17040,.F.);
#17040 = EDGE_LOOP('',(#17041));
#17041 = ORIENTED_EDGE('',*,*,#17042,.T.);
#17042 = EDGE_CURVE('',#17043,#17043,#17045,.T.);
#17043 = VERTEX_POINT('',#17044);
#17044 = CARTESIAN_POINT('',(96.446981,-85.6,0.));
#17045 = CIRCLE('',#17046,0.85);
#17046 = AXIS2_PLACEMENT_3D('',#17047,#17048,#17049);
#17047 = CARTESIAN_POINT('',(96.446981,-84.75,0.));
#17048 = DIRECTION('',(-0.,0.,-1.));
#17049 = DIRECTION('',(-0.,-1.,0.));
#17050 = FACE_BOUND('',#17051,.F.);
#17051 = EDGE_LOOP('',(#17052));
#17052 = ORIENTED_EDGE('',*,*,#17053,.T.);
#17053 = EDGE_CURVE('',#17054,#17054,#17056,.T.);
#17054 = VERTEX_POINT('',#17055);
#17055 = CARTESIAN_POINT('',(102.115731,-85.6,0.));
#17056 = CIRCLE('',#17057,0.85);
#17057 = AXIS2_PLACEMENT_3D('',#17058,#17059,#17060);
#17058 = CARTESIAN_POINT('',(102.115731,-84.75,0.));
#17059 = DIRECTION('',(-0.,0.,-1.));
#17060 = DIRECTION('',(-1.671865260612E-14,-1.,0.));
#17061 = FACE_BOUND('',#17062,.F.);
#17062 = EDGE_LOOP('',(#17063));
#17063 = ORIENTED_EDGE('',*,*,#17064,.T.);
#17064 = EDGE_CURVE('',#17065,#17065,#17067,.T.);
#17065 = VERTEX_POINT('',#17066);
#17066 = CARTESIAN_POINT('',(106.075731,-85.6,0.));
#17067 = CIRCLE('',#17068,0.85);
#17068 = AXIS2_PLACEMENT_3D('',#17069,#17070,#17071);
#17069 = CARTESIAN_POINT('',(106.075731,-84.75,0.));
#17070 = DIRECTION('',(-0.,0.,-1.));
#17071 = DIRECTION('',(1.671865260612E-14,-1.,-0.));
#17072 = FACE_BOUND('',#17073,.F.);
#17073 = EDGE_LOOP('',(#17074));
#17074 = ORIENTED_EDGE('',*,*,#17075,.T.);
#17075 = EDGE_CURVE('',#17076,#17076,#17078,.T.);
#17076 = VERTEX_POINT('',#17077);
#17077 = CARTESIAN_POINT('',(82.7,-78.360156,0.));
#17078 = CIRCLE('',#17079,1.75);
#17079 = AXIS2_PLACEMENT_3D('',#17080,#17081,#17082);
#17080 = CARTESIAN_POINT('',(82.7,-76.610156,0.));
#17081 = DIRECTION('',(-0.,0.,-1.));
#17082 = DIRECTION('',(-0.,-1.,0.));
#17083 = FACE_BOUND('',#17084,.F.);
#17084 = EDGE_LOOP('',(#17085));
#17085 = ORIENTED_EDGE('',*,*,#17086,.T.);
#17086 = EDGE_CURVE('',#17087,#17087,#17089,.T.);
#17087 = VERTEX_POINT('',#17088);
#17088 = CARTESIAN_POINT('',(93.216981,-75.,0.));
#17089 = CIRCLE('',#17090,0.7);
#17090 = AXIS2_PLACEMENT_3D('',#17091,#17092,#17093);
#17091 = CARTESIAN_POINT('',(93.216981,-74.3,0.));
#17092 = DIRECTION('',(-0.,0.,-1.));
#17093 = DIRECTION('',(-0.,-1.,0.));
#17094 = FACE_BOUND('',#17095,.F.);
#17095 = EDGE_LOOP('',(#17096));
#17096 = ORIENTED_EDGE('',*,*,#17097,.T.);
#17097 = EDGE_CURVE('',#17098,#17098,#17100,.T.);
#17098 = VERTEX_POINT('',#17099);
#17099 = CARTESIAN_POINT('',(95.716981,-75.,0.));
#17100 = CIRCLE('',#17101,0.7);
#17101 = AXIS2_PLACEMENT_3D('',#17102,#17103,#17104);
#17102 = CARTESIAN_POINT('',(95.716981,-74.3,0.));
#17103 = DIRECTION('',(-0.,0.,-1.));
#17104 = DIRECTION('',(-0.,-1.,0.));
#17105 = FACE_BOUND('',#17106,.F.);
#17106 = EDGE_LOOP('',(#17107));
#17107 = ORIENTED_EDGE('',*,*,#17108,.T.);
#17108 = EDGE_CURVE('',#17109,#17109,#17111,.T.);
#17109 = VERTEX_POINT('',#17110);
#17110 = CARTESIAN_POINT('',(102.845731,-75.,0.));
#17111 = CIRCLE('',#17112,0.7);
#17112 = AXIS2_PLACEMENT_3D('',#17113,#17114,#17115);
#17113 = CARTESIAN_POINT('',(102.845731,-74.3,0.));
#17114 = DIRECTION('',(-0.,0.,-1.));
#17115 = DIRECTION('',(-0.,-1.,0.));
#17116 = FACE_BOUND('',#17117,.F.);
#17117 = EDGE_LOOP('',(#17118));
#17118 = ORIENTED_EDGE('',*,*,#17119,.T.);
#17119 = EDGE_CURVE('',#17120,#17120,#17122,.T.);
#17120 = VERTEX_POINT('',#17121);
#17121 = CARTESIAN_POINT('',(105.345731,-75.,0.));
#17122 = CIRCLE('',#17123,0.7);
#17123 = AXIS2_PLACEMENT_3D('',#17124,#17125,#17126);
#17124 = CARTESIAN_POINT('',(105.345731,-74.3,0.));
#17125 = DIRECTION('',(-0.,0.,-1.));
#17126 = DIRECTION('',(-0.,-1.,0.));
#17127 = FACE_BOUND('',#17128,.F.);
#17128 = EDGE_LOOP('',(#17129));
#17129 = ORIENTED_EDGE('',*,*,#17130,.T.);
#17130 = EDGE_CURVE('',#17131,#17131,#17133,.T.);
#17131 = VERTEX_POINT('',#17132);
#17132 = CARTESIAN_POINT('',(111.276012,-85.6,0.));
#17133 = CIRCLE('',#17134,0.85);
#17134 = AXIS2_PLACEMENT_3D('',#17135,#17136,#17137);
#17135 = CARTESIAN_POINT('',(111.276012,-84.75,0.));
#17136 = DIRECTION('',(-0.,0.,-1.));
#17137 = DIRECTION('',(-1.671865260612E-14,-1.,0.));
#17138 = FACE_BOUND('',#17139,.F.);
#17139 = EDGE_LOOP('',(#17140));
#17140 = ORIENTED_EDGE('',*,*,#17141,.T.);
#17141 = EDGE_CURVE('',#17142,#17142,#17144,.T.);
#17142 = VERTEX_POINT('',#17143);
#17143 = CARTESIAN_POINT('',(115.236012,-85.6,0.));
#17144 = CIRCLE('',#17145,0.85);
#17145 = AXIS2_PLACEMENT_3D('',#17146,#17147,#17148);
#17146 = CARTESIAN_POINT('',(115.236012,-84.75,0.));
#17147 = DIRECTION('',(-0.,0.,-1.));
#17148 = DIRECTION('',(1.671865260612E-14,-1.,-0.));
#17149 = FACE_BOUND('',#17150,.F.);
#17150 = EDGE_LOOP('',(#17151));
#17151 = ORIENTED_EDGE('',*,*,#17152,.T.);
#17152 = EDGE_CURVE('',#17153,#17153,#17155,.T.);
#17153 = VERTEX_POINT('',#17154);
#17154 = CARTESIAN_POINT('',(112.006012,-75.,0.));
#17155 = CIRCLE('',#17156,0.7);
#17156 = AXIS2_PLACEMENT_3D('',#17157,#17158,#17159);
#17157 = CARTESIAN_POINT('',(112.006012,-74.3,0.));
#17158 = DIRECTION('',(-0.,0.,-1.));
#17159 = DIRECTION('',(-0.,-1.,0.));
#17160 = FACE_BOUND('',#17161,.F.);
#17161 = EDGE_LOOP('',(#17162));
#17162 = ORIENTED_EDGE('',*,*,#17163,.T.);
#17163 = EDGE_CURVE('',#17164,#17164,#17166,.T.);
#17164 = VERTEX_POINT('',#17165);
#17165 = CARTESIAN_POINT('',(114.506012,-75.,0.));
#17166 = CIRCLE('',#17167,0.7);
#17167 = AXIS2_PLACEMENT_3D('',#17168,#17169,#17170);
#17168 = CARTESIAN_POINT('',(114.506012,-74.3,0.));
#17169 = DIRECTION('',(-0.,0.,-1.));
#17170 = DIRECTION('',(-0.,-1.,0.));
#17171 = FACE_BOUND('',#17172,.F.);
#17172 = EDGE_LOOP('',(#17173));
#17173 = ORIENTED_EDGE('',*,*,#17174,.T.);
#17174 = EDGE_CURVE('',#17175,#17175,#17177,.T.);
#17175 = VERTEX_POINT('',#17176);
#17176 = CARTESIAN_POINT('',(93.216981,-71.5,0.));
#17177 = CIRCLE('',#17178,0.7);
#17178 = AXIS2_PLACEMENT_3D('',#17179,#17180,#17181);
#17179 = CARTESIAN_POINT('',(93.216981,-70.8,0.));
#17180 = DIRECTION('',(-0.,0.,-1.));
#17181 = DIRECTION('',(-0.,-1.,0.));
#17182 = FACE_BOUND('',#17183,.F.);
#17183 = EDGE_LOOP('',(#17184));
#17184 = ORIENTED_EDGE('',*,*,#17185,.T.);
#17185 = EDGE_CURVE('',#17186,#17186,#17188,.T.);
#17186 = VERTEX_POINT('',#17187);
#17187 = CARTESIAN_POINT('',(94.466981,-69.1,0.));
#17188 = CIRCLE('',#17189,1.2);
#17189 = AXIS2_PLACEMENT_3D('',#17190,#17191,#17192);
#17190 = CARTESIAN_POINT('',(94.466981,-67.9,0.));
#17191 = DIRECTION('',(-0.,0.,-1.));
#17192 = DIRECTION('',(-0.,-1.,0.));
#17193 = FACE_BOUND('',#17194,.F.);
#17194 = EDGE_LOOP('',(#17195));
#17195 = ORIENTED_EDGE('',*,*,#17196,.T.);
#17196 = EDGE_CURVE('',#17197,#17197,#17199,.T.);
#17197 = VERTEX_POINT('',#17198);
#17198 = CARTESIAN_POINT('',(93.216981,-65.7,0.));
#17199 = CIRCLE('',#17200,0.7);
#17200 = AXIS2_PLACEMENT_3D('',#17201,#17202,#17203);
#17201 = CARTESIAN_POINT('',(93.216981,-65.,0.));
#17202 = DIRECTION('',(-0.,0.,-1.));
#17203 = DIRECTION('',(-0.,-1.,0.));
#17204 = FACE_BOUND('',#17205,.F.);
#17205 = EDGE_LOOP('',(#17206));
#17206 = ORIENTED_EDGE('',*,*,#17207,.T.);
#17207 = EDGE_CURVE('',#17208,#17208,#17210,.T.);
#17208 = VERTEX_POINT('',#17209);
#17209 = CARTESIAN_POINT('',(95.716981,-71.5,0.));
#17210 = CIRCLE('',#17211,0.7);
#17211 = AXIS2_PLACEMENT_3D('',#17212,#17213,#17214);
#17212 = CARTESIAN_POINT('',(95.716981,-70.8,0.));
#17213 = DIRECTION('',(-0.,0.,-1.));
#17214 = DIRECTION('',(-0.,-1.,0.));
#17215 = FACE_BOUND('',#17216,.F.);
#17216 = EDGE_LOOP('',(#17217));
#17217 = ORIENTED_EDGE('',*,*,#17218,.T.);
#17218 = EDGE_CURVE('',#17219,#17219,#17221,.T.);
#17219 = VERTEX_POINT('',#17220);
#17220 = CARTESIAN_POINT('',(102.845731,-71.5,0.));
#17221 = CIRCLE('',#17222,0.7);
#17222 = AXIS2_PLACEMENT_3D('',#17223,#17224,#17225);
#17223 = CARTESIAN_POINT('',(102.845731,-70.8,0.));
#17224 = DIRECTION('',(-0.,0.,-1.));
#17225 = DIRECTION('',(-0.,-1.,0.));
#17226 = FACE_BOUND('',#17227,.F.);
#17227 = EDGE_LOOP('',(#17228));
#17228 = ORIENTED_EDGE('',*,*,#17229,.T.);
#17229 = EDGE_CURVE('',#17230,#17230,#17232,.T.);
#17230 = VERTEX_POINT('',#17231);
#17231 = CARTESIAN_POINT('',(105.345731,-71.5,0.));
#17232 = CIRCLE('',#17233,0.7);
#17233 = AXIS2_PLACEMENT_3D('',#17234,#17235,#17236);
#17234 = CARTESIAN_POINT('',(105.345731,-70.8,0.));
#17235 = DIRECTION('',(-0.,0.,-1.));
#17236 = DIRECTION('',(-0.,-1.,0.));
#17237 = FACE_BOUND('',#17238,.F.);
#17238 = EDGE_LOOP('',(#17239));
#17239 = ORIENTED_EDGE('',*,*,#17240,.T.);
#17240 = EDGE_CURVE('',#17241,#17241,#17243,.T.);
#17241 = VERTEX_POINT('',#17242);
#17242 = CARTESIAN_POINT('',(104.095731,-69.1,0.));
#17243 = CIRCLE('',#17244,1.2);
#17244 = AXIS2_PLACEMENT_3D('',#17245,#17246,#17247);
#17245 = CARTESIAN_POINT('',(104.095731,-67.9,0.));
#17246 = DIRECTION('',(-0.,0.,-1.));
#17247 = DIRECTION('',(-0.,-1.,0.));
#17248 = FACE_BOUND('',#17249,.F.);
#17249 = EDGE_LOOP('',(#17250));
#17250 = ORIENTED_EDGE('',*,*,#17251,.T.);
#17251 = EDGE_CURVE('',#17252,#17252,#17254,.T.);
#17252 = VERTEX_POINT('',#17253);
#17253 = CARTESIAN_POINT('',(95.716981,-65.7,0.));
#17254 = CIRCLE('',#17255,0.7);
#17255 = AXIS2_PLACEMENT_3D('',#17256,#17257,#17258);
#17256 = CARTESIAN_POINT('',(95.716981,-65.,0.));
#17257 = DIRECTION('',(-0.,0.,-1.));
#17258 = DIRECTION('',(-0.,-1.,0.));
#17259 = FACE_BOUND('',#17260,.F.);
#17260 = EDGE_LOOP('',(#17261));
#17261 = ORIENTED_EDGE('',*,*,#17262,.T.);
#17262 = EDGE_CURVE('',#17263,#17263,#17265,.T.);
#17263 = VERTEX_POINT('',#17264);
#17264 = CARTESIAN_POINT('',(102.845731,-65.7,0.));
#17265 = CIRCLE('',#17266,0.7);
#17266 = AXIS2_PLACEMENT_3D('',#17267,#17268,#17269);
#17267 = CARTESIAN_POINT('',(102.845731,-65.,0.));
#17268 = DIRECTION('',(-0.,0.,-1.));
#17269 = DIRECTION('',(-0.,-1.,0.));
#17270 = FACE_BOUND('',#17271,.F.);
#17271 = EDGE_LOOP('',(#17272));
#17272 = ORIENTED_EDGE('',*,*,#17273,.T.);
#17273 = EDGE_CURVE('',#17274,#17274,#17276,.T.);
#17274 = VERTEX_POINT('',#17275);
#17275 = CARTESIAN_POINT('',(105.345731,-65.7,0.));
#17276 = CIRCLE('',#17277,0.7);
#17277 = AXIS2_PLACEMENT_3D('',#17278,#17279,#17280);
#17278 = CARTESIAN_POINT('',(105.345731,-65.,0.));
#17279 = DIRECTION('',(-0.,0.,-1.));
#17280 = DIRECTION('',(-0.,-1.,0.));
#17281 = FACE_BOUND('',#17282,.F.);
#17282 = EDGE_LOOP('',(#17283));
#17283 = ORIENTED_EDGE('',*,*,#17284,.T.);
#17284 = EDGE_CURVE('',#17285,#17285,#17287,.T.);
#17285 = VERTEX_POINT('',#17286);
#17286 = CARTESIAN_POINT('',(93.216981,-62.2,0.));
#17287 = CIRCLE('',#17288,0.7);
#17288 = AXIS2_PLACEMENT_3D('',#17289,#17290,#17291);
#17289 = CARTESIAN_POINT('',(93.216981,-61.5,0.));
#17290 = DIRECTION('',(-0.,0.,-1.));
#17291 = DIRECTION('',(-0.,-1.,0.));
#17292 = FACE_BOUND('',#17293,.F.);
#17293 = EDGE_LOOP('',(#17294));
#17294 = ORIENTED_EDGE('',*,*,#17295,.T.);
#17295 = EDGE_CURVE('',#17296,#17296,#17298,.T.);
#17296 = VERTEX_POINT('',#17297);
#17297 = CARTESIAN_POINT('',(95.716981,-62.2,0.));
#17298 = CIRCLE('',#17299,0.7);
#17299 = AXIS2_PLACEMENT_3D('',#17300,#17301,#17302);
#17300 = CARTESIAN_POINT('',(95.716981,-61.5,0.));
#17301 = DIRECTION('',(-0.,0.,-1.));
#17302 = DIRECTION('',(-0.,-1.,0.));
#17303 = FACE_BOUND('',#17304,.F.);
#17304 = EDGE_LOOP('',(#17305));
#17305 = ORIENTED_EDGE('',*,*,#17306,.T.);
#17306 = EDGE_CURVE('',#17307,#17307,#17309,.T.);
#17307 = VERTEX_POINT('',#17308);
#17308 = CARTESIAN_POINT('',(102.845731,-62.2,0.));
#17309 = CIRCLE('',#17310,0.7);
#17310 = AXIS2_PLACEMENT_3D('',#17311,#17312,#17313);
#17311 = CARTESIAN_POINT('',(102.845731,-61.5,0.));
#17312 = DIRECTION('',(-0.,0.,-1.));
#17313 = DIRECTION('',(-0.,-1.,0.));
#17314 = FACE_BOUND('',#17315,.F.);
#17315 = EDGE_LOOP('',(#17316));
#17316 = ORIENTED_EDGE('',*,*,#17317,.T.);
#17317 = EDGE_CURVE('',#17318,#17318,#17320,.T.);
#17318 = VERTEX_POINT('',#17319);
#17319 = CARTESIAN_POINT('',(105.345731,-62.2,0.));
#17320 = CIRCLE('',#17321,0.7);
#17321 = AXIS2_PLACEMENT_3D('',#17322,#17323,#17324);
#17322 = CARTESIAN_POINT('',(105.345731,-61.5,0.));
#17323 = DIRECTION('',(-0.,0.,-1.));
#17324 = DIRECTION('',(-0.,-1.,0.));
#17325 = FACE_BOUND('',#17326,.F.);
#17326 = EDGE_LOOP('',(#17327));
#17327 = ORIENTED_EDGE('',*,*,#17328,.T.);
#17328 = EDGE_CURVE('',#17329,#17329,#17331,.T.);
#17329 = VERTEX_POINT('',#17330);
#17330 = CARTESIAN_POINT('',(112.006012,-71.5,0.));
#17331 = CIRCLE('',#17332,0.7);
#17332 = AXIS2_PLACEMENT_3D('',#17333,#17334,#17335);
#17333 = CARTESIAN_POINT('',(112.006012,-70.8,0.));
#17334 = DIRECTION('',(-0.,0.,-1.));
#17335 = DIRECTION('',(-0.,-1.,0.));
#17336 = FACE_BOUND('',#17337,.F.);
#17337 = EDGE_LOOP('',(#17338));
#17338 = ORIENTED_EDGE('',*,*,#17339,.T.);
#17339 = EDGE_CURVE('',#17340,#17340,#17342,.T.);
#17340 = VERTEX_POINT('',#17341);
#17341 = CARTESIAN_POINT('',(114.506012,-71.5,0.));
#17342 = CIRCLE('',#17343,0.7);
#17343 = AXIS2_PLACEMENT_3D('',#17344,#17345,#17346);
#17344 = CARTESIAN_POINT('',(114.506012,-70.8,0.));
#17345 = DIRECTION('',(-0.,0.,-1.));
#17346 = DIRECTION('',(-0.,-1.,0.));
#17347 = FACE_BOUND('',#17348,.F.);
#17348 = EDGE_LOOP('',(#17349));
#17349 = ORIENTED_EDGE('',*,*,#17350,.T.);
#17350 = EDGE_CURVE('',#17351,#17351,#17353,.T.);
#17351 = VERTEX_POINT('',#17352);
#17352 = CARTESIAN_POINT('',(113.256012,-69.1,0.));
#17353 = CIRCLE('',#17354,1.2);
#17354 = AXIS2_PLACEMENT_3D('',#17355,#17356,#17357);
#17355 = CARTESIAN_POINT('',(113.256012,-67.9,0.));
#17356 = DIRECTION('',(-0.,0.,-1.));
#17357 = DIRECTION('',(-0.,-1.,0.));
#17358 = FACE_BOUND('',#17359,.F.);
#17359 = EDGE_LOOP('',(#17360));
#17360 = ORIENTED_EDGE('',*,*,#17361,.T.);
#17361 = EDGE_CURVE('',#17362,#17362,#17364,.T.);
#17362 = VERTEX_POINT('',#17363);
#17363 = CARTESIAN_POINT('',(112.006012,-65.7,0.));
#17364 = CIRCLE('',#17365,0.7);
#17365 = AXIS2_PLACEMENT_3D('',#17366,#17367,#17368);
#17366 = CARTESIAN_POINT('',(112.006012,-65.,0.));
#17367 = DIRECTION('',(-0.,0.,-1.));
#17368 = DIRECTION('',(-0.,-1.,0.));
#17369 = FACE_BOUND('',#17370,.F.);
#17370 = EDGE_LOOP('',(#17371));
#17371 = ORIENTED_EDGE('',*,*,#17372,.T.);
#17372 = EDGE_CURVE('',#17373,#17373,#17375,.T.);
#17373 = VERTEX_POINT('',#17374);
#17374 = CARTESIAN_POINT('',(114.506012,-65.7,0.));
#17375 = CIRCLE('',#17376,0.7);
#17376 = AXIS2_PLACEMENT_3D('',#17377,#17378,#17379);
#17377 = CARTESIAN_POINT('',(114.506012,-65.,0.));
#17378 = DIRECTION('',(-0.,0.,-1.));
#17379 = DIRECTION('',(-0.,-1.,0.));
#17380 = FACE_BOUND('',#17381,.F.);
#17381 = EDGE_LOOP('',(#17382));
#17382 = ORIENTED_EDGE('',*,*,#17383,.T.);
#17383 = EDGE_CURVE('',#17384,#17384,#17386,.T.);
#17384 = VERTEX_POINT('',#17385);
#17385 = CARTESIAN_POINT('',(112.006012,-62.2,0.));
#17386 = CIRCLE('',#17387,0.7);
#17387 = AXIS2_PLACEMENT_3D('',#17388,#17389,#17390);
#17388 = CARTESIAN_POINT('',(112.006012,-61.5,0.));
#17389 = DIRECTION('',(-0.,0.,-1.));
#17390 = DIRECTION('',(-0.,-1.,0.));
#17391 = FACE_BOUND('',#17392,.F.);
#17392 = EDGE_LOOP('',(#17393));
#17393 = ORIENTED_EDGE('',*,*,#17394,.T.);
#17394 = EDGE_CURVE('',#17395,#17395,#17397,.T.);
#17395 = VERTEX_POINT('',#17396);
#17396 = CARTESIAN_POINT('',(114.506012,-62.2,0.));
#17397 = CIRCLE('',#17398,0.7);
#17398 = AXIS2_PLACEMENT_3D('',#17399,#17400,#17401);
#17399 = CARTESIAN_POINT('',(114.506012,-61.5,0.));
#17400 = DIRECTION('',(-0.,0.,-1.));
#17401 = DIRECTION('',(-0.,-1.,0.));
#17402 = FACE_BOUND('',#17403,.F.);
#17403 = EDGE_LOOP('',(#17404));
#17404 = ORIENTED_EDGE('',*,*,#17405,.T.);
#17405 = EDGE_CURVE('',#17406,#17406,#17408,.T.);
#17406 = VERTEX_POINT('',#17407);
#17407 = CARTESIAN_POINT('',(120.6,-60.881981,0.));
#17408 = CIRCLE('',#17409,1.75);
#17409 = AXIS2_PLACEMENT_3D('',#17410,#17411,#17412);
#17410 = CARTESIAN_POINT('',(120.6,-59.131981,0.));
#17411 = DIRECTION('',(-0.,0.,-1.));
#17412 = DIRECTION('',(-0.,-1.,0.));
#17413 = FACE_BOUND('',#17414,.F.);
#17414 = EDGE_LOOP('',(#17415));
#17415 = ORIENTED_EDGE('',*,*,#17416,.T.);
#17416 = EDGE_CURVE('',#17417,#17417,#17419,.T.);
#17417 = VERTEX_POINT('',#17418);
#17418 = CARTESIAN_POINT('',(169.4125,-85.6,0.));
#17419 = CIRCLE('',#17420,0.85);
#17420 = AXIS2_PLACEMENT_3D('',#17421,#17422,#17423);
#17421 = CARTESIAN_POINT('',(169.4125,-84.75,0.));
#17422 = DIRECTION('',(-0.,0.,-1.));
#17423 = DIRECTION('',(-0.,-1.,0.));
#17424 = FACE_BOUND('',#17425,.F.);
#17425 = EDGE_LOOP('',(#17426));
#17426 = ORIENTED_EDGE('',*,*,#17427,.T.);
#17427 = EDGE_CURVE('',#17428,#17428,#17430,.T.);
#17428 = VERTEX_POINT('',#17429);
#17429 = CARTESIAN_POINT('',(173.3725,-85.6,0.));
#17430 = CIRCLE('',#17431,0.85);
#17431 = AXIS2_PLACEMENT_3D('',#17432,#17433,#17434);
#17432 = CARTESIAN_POINT('',(173.3725,-84.75,0.));
#17433 = DIRECTION('',(-0.,0.,-1.));
#17434 = DIRECTION('',(-0.,-1.,0.));
#17435 = FACE_BOUND('',#17436,.F.);
#17436 = EDGE_LOOP('',(#17437));
#17437 = ORIENTED_EDGE('',*,*,#17438,.T.);
#17438 = EDGE_CURVE('',#17439,#17439,#17441,.T.);
#17439 = VERTEX_POINT('',#17440);
#17440 = CARTESIAN_POINT('',(180.82,-85.6,0.));
#17441 = CIRCLE('',#17442,0.85);
#17442 = AXIS2_PLACEMENT_3D('',#17443,#17444,#17445);
#17443 = CARTESIAN_POINT('',(180.82,-84.75,0.));
#17444 = DIRECTION('',(-0.,0.,-1.));
#17445 = DIRECTION('',(-0.,-1.,0.));
#17446 = FACE_BOUND('',#17447,.F.);
#17447 = EDGE_LOOP('',(#17448));
#17448 = ORIENTED_EDGE('',*,*,#17449,.T.);
#17449 = EDGE_CURVE('',#17450,#17450,#17452,.T.);
#17450 = VERTEX_POINT('',#17451);
#17451 = CARTESIAN_POINT('',(184.78,-85.6,0.));
#17452 = CIRCLE('',#17453,0.85);
#17453 = AXIS2_PLACEMENT_3D('',#17454,#17455,#17456);
#17454 = CARTESIAN_POINT('',(184.78,-84.75,0.));
#17455 = DIRECTION('',(-0.,0.,-1.));
#17456 = DIRECTION('',(-0.,-1.,0.));
#17457 = FACE_BOUND('',#17458,.F.);
#17458 = EDGE_LOOP('',(#17459));
#17459 = ORIENTED_EDGE('',*,*,#17460,.T.);
#17460 = EDGE_CURVE('',#17461,#17461,#17463,.T.);
#17461 = VERTEX_POINT('',#17462);
#17462 = CARTESIAN_POINT('',(170.1425,-75.,0.));
#17463 = CIRCLE('',#17464,0.7);
#17464 = AXIS2_PLACEMENT_3D('',#17465,#17466,#17467);
#17465 = CARTESIAN_POINT('',(170.1425,-74.3,0.));
#17466 = DIRECTION('',(-0.,0.,-1.));
#17467 = DIRECTION('',(4.060244204343E-14,-1.,-0.));
#17468 = FACE_BOUND('',#17469,.F.);
#17469 = EDGE_LOOP('',(#17470));
#17470 = ORIENTED_EDGE('',*,*,#17471,.T.);
#17471 = EDGE_CURVE('',#17472,#17472,#17474,.T.);
#17472 = VERTEX_POINT('',#17473);
#17473 = CARTESIAN_POINT('',(172.6425,-75.,0.));
#17474 = CIRCLE('',#17475,0.7);
#17475 = AXIS2_PLACEMENT_3D('',#17476,#17477,#17478);
#17476 = CARTESIAN_POINT('',(172.6425,-74.3,0.));
#17477 = DIRECTION('',(-0.,0.,-1.));
#17478 = DIRECTION('',(4.060244204343E-14,-1.,-0.));
#17479 = FACE_BOUND('',#17480,.F.);
#17480 = EDGE_LOOP('',(#17481));
#17481 = ORIENTED_EDGE('',*,*,#17482,.T.);
#17482 = EDGE_CURVE('',#17483,#17483,#17485,.T.);
#17483 = VERTEX_POINT('',#17484);
#17484 = CARTESIAN_POINT('',(181.55,-75.,0.));
#17485 = CIRCLE('',#17486,0.7);
#17486 = AXIS2_PLACEMENT_3D('',#17487,#17488,#17489);
#17487 = CARTESIAN_POINT('',(181.55,-74.3,0.));
#17488 = DIRECTION('',(-0.,0.,-1.));
#17489 = DIRECTION('',(-0.,-1.,0.));
#17490 = FACE_BOUND('',#17491,.F.);
#17491 = EDGE_LOOP('',(#17492));
#17492 = ORIENTED_EDGE('',*,*,#17493,.T.);
#17493 = EDGE_CURVE('',#17494,#17494,#17496,.T.);
#17494 = VERTEX_POINT('',#17495);
#17495 = CARTESIAN_POINT('',(196.5,-78.360156,0.));
#17496 = CIRCLE('',#17497,1.75);
#17497 = AXIS2_PLACEMENT_3D('',#17498,#17499,#17500);
#17498 = CARTESIAN_POINT('',(196.5,-76.610156,0.));
#17499 = DIRECTION('',(-0.,0.,-1.));
#17500 = DIRECTION('',(-0.,-1.,0.));
#17501 = FACE_BOUND('',#17502,.F.);
#17502 = EDGE_LOOP('',(#17503));
#17503 = ORIENTED_EDGE('',*,*,#17504,.T.);
#17504 = EDGE_CURVE('',#17505,#17505,#17507,.T.);
#17505 = VERTEX_POINT('',#17506);
#17506 = CARTESIAN_POINT('',(184.05,-75.,0.));
#17507 = CIRCLE('',#17508,0.7);
#17508 = AXIS2_PLACEMENT_3D('',#17509,#17510,#17511);
#17509 = CARTESIAN_POINT('',(184.05,-74.3,0.));
#17510 = DIRECTION('',(-0.,0.,-1.));
#17511 = DIRECTION('',(-0.,-1.,0.));
#17512 = FACE_BOUND('',#17513,.F.);
#17513 = EDGE_LOOP('',(#17514));
#17514 = ORIENTED_EDGE('',*,*,#17515,.T.);
#17515 = EDGE_CURVE('',#17516,#17516,#17518,.T.);
#17516 = VERTEX_POINT('',#17517);
#17517 = CARTESIAN_POINT('',(158.6,-60.881981,0.));
#17518 = CIRCLE('',#17519,1.75);
#17519 = AXIS2_PLACEMENT_3D('',#17520,#17521,#17522);
#17520 = CARTESIAN_POINT('',(158.6,-59.131981,0.));
#17521 = DIRECTION('',(-0.,0.,-1.));
#17522 = DIRECTION('',(-0.,-1.,0.));
#17523 = FACE_BOUND('',#17524,.F.);
#17524 = EDGE_LOOP('',(#17525));
#17525 = ORIENTED_EDGE('',*,*,#17526,.T.);
#17526 = EDGE_CURVE('',#17527,#17527,#17529,.T.);
#17527 = VERTEX_POINT('',#17528);
#17528 = CARTESIAN_POINT('',(170.1425,-71.5,0.));
#17529 = CIRCLE('',#17530,0.7);
#17530 = AXIS2_PLACEMENT_3D('',#17531,#17532,#17533);
#17531 = CARTESIAN_POINT('',(170.1425,-70.8,0.));
#17532 = DIRECTION('',(-0.,0.,-1.));
#17533 = DIRECTION('',(4.060244204343E-14,-1.,-0.));
#17534 = FACE_BOUND('',#17535,.F.);
#17535 = EDGE_LOOP('',(#17536));
#17536 = ORIENTED_EDGE('',*,*,#17537,.T.);
#17537 = EDGE_CURVE('',#17538,#17538,#17540,.T.);
#17538 = VERTEX_POINT('',#17539);
#17539 = CARTESIAN_POINT('',(172.6425,-71.5,0.));
#17540 = CIRCLE('',#17541,0.7);
#17541 = AXIS2_PLACEMENT_3D('',#17542,#17543,#17544);
#17542 = CARTESIAN_POINT('',(172.6425,-70.8,0.));
#17543 = DIRECTION('',(-0.,0.,-1.));
#17544 = DIRECTION('',(4.060244204343E-14,-1.,-0.));
#17545 = FACE_BOUND('',#17546,.F.);
#17546 = EDGE_LOOP('',(#17547));
#17547 = ORIENTED_EDGE('',*,*,#17548,.T.);
#17548 = EDGE_CURVE('',#17549,#17549,#17551,.T.);
#17549 = VERTEX_POINT('',#17550);
#17550 = CARTESIAN_POINT('',(171.3925,-69.1,0.));
#17551 = CIRCLE('',#17552,1.2);
#17552 = AXIS2_PLACEMENT_3D('',#17553,#17554,#17555);
#17553 = CARTESIAN_POINT('',(171.3925,-67.9,0.));
#17554 = DIRECTION('',(-0.,0.,-1.));
#17555 = DIRECTION('',(2.368475785867E-14,-1.,-0.));
#17556 = FACE_BOUND('',#17557,.F.);
#17557 = EDGE_LOOP('',(#17558));
#17558 = ORIENTED_EDGE('',*,*,#17559,.T.);
#17559 = EDGE_CURVE('',#17560,#17560,#17562,.T.);
#17560 = VERTEX_POINT('',#17561);
#17561 = CARTESIAN_POINT('',(181.55,-71.5,0.));
#17562 = CIRCLE('',#17563,0.7);
#17563 = AXIS2_PLACEMENT_3D('',#17564,#17565,#17566);
#17564 = CARTESIAN_POINT('',(181.55,-70.8,0.));
#17565 = DIRECTION('',(-0.,0.,-1.));
#17566 = DIRECTION('',(-0.,-1.,0.));
#17567 = FACE_BOUND('',#17568,.F.);
#17568 = EDGE_LOOP('',(#17569));
#17569 = ORIENTED_EDGE('',*,*,#17570,.T.);
#17570 = EDGE_CURVE('',#17571,#17571,#17573,.T.);
#17571 = VERTEX_POINT('',#17572);
#17572 = CARTESIAN_POINT('',(182.8,-69.1,0.));
#17573 = CIRCLE('',#17574,1.2);
#17574 = AXIS2_PLACEMENT_3D('',#17575,#17576,#17577);
#17575 = CARTESIAN_POINT('',(182.8,-67.9,0.));
#17576 = DIRECTION('',(-0.,0.,-1.));
#17577 = DIRECTION('',(-0.,-1.,0.));
#17578 = FACE_BOUND('',#17579,.F.);
#17579 = EDGE_LOOP('',(#17580));
#17580 = ORIENTED_EDGE('',*,*,#17581,.T.);
#17581 = EDGE_CURVE('',#17582,#17582,#17584,.T.);
#17582 = VERTEX_POINT('',#17583);
#17583 = CARTESIAN_POINT('',(170.1425,-65.7,0.));
#17584 = CIRCLE('',#17585,0.7);
#17585 = AXIS2_PLACEMENT_3D('',#17586,#17587,#17588);
#17586 = CARTESIAN_POINT('',(170.1425,-65.,0.));
#17587 = DIRECTION('',(-0.,0.,-1.));
#17588 = DIRECTION('',(4.060244204343E-14,-1.,-0.));
#17589 = FACE_BOUND('',#17590,.F.);
#17590 = EDGE_LOOP('',(#17591));
#17591 = ORIENTED_EDGE('',*,*,#17592,.T.);
#17592 = EDGE_CURVE('',#17593,#17593,#17595,.T.);
#17593 = VERTEX_POINT('',#17594);
#17594 = CARTESIAN_POINT('',(172.6425,-65.7,0.));
#17595 = CIRCLE('',#17596,0.7);
#17596 = AXIS2_PLACEMENT_3D('',#17597,#17598,#17599);
#17597 = CARTESIAN_POINT('',(172.6425,-65.,0.));
#17598 = DIRECTION('',(-0.,0.,-1.));
#17599 = DIRECTION('',(4.060244204343E-14,-1.,-0.));
#17600 = FACE_BOUND('',#17601,.F.);
#17601 = EDGE_LOOP('',(#17602));
#17602 = ORIENTED_EDGE('',*,*,#17603,.T.);
#17603 = EDGE_CURVE('',#17604,#17604,#17606,.T.);
#17604 = VERTEX_POINT('',#17605);
#17605 = CARTESIAN_POINT('',(181.55,-65.7,0.));
#17606 = CIRCLE('',#17607,0.7);
#17607 = AXIS2_PLACEMENT_3D('',#17608,#17609,#17610);
#17608 = CARTESIAN_POINT('',(181.55,-65.,0.));
#17609 = DIRECTION('',(-0.,0.,-1.));
#17610 = DIRECTION('',(-0.,-1.,0.));
#17611 = FACE_BOUND('',#17612,.F.);
#17612 = EDGE_LOOP('',(#17613));
#17613 = ORIENTED_EDGE('',*,*,#17614,.T.);
#17614 = EDGE_CURVE('',#17615,#17615,#17617,.T.);
#17615 = VERTEX_POINT('',#17616);
#17616 = CARTESIAN_POINT('',(184.05,-71.5,0.));
#17617 = CIRCLE('',#17618,0.7);
#17618 = AXIS2_PLACEMENT_3D('',#17619,#17620,#17621);
#17619 = CARTESIAN_POINT('',(184.05,-70.8,0.));
#17620 = DIRECTION('',(-0.,0.,-1.));
#17621 = DIRECTION('',(-0.,-1.,0.));
#17622 = FACE_BOUND('',#17623,.F.);
#17623 = EDGE_LOOP('',(#17624));
#17624 = ORIENTED_EDGE('',*,*,#17625,.T.);
#17625 = EDGE_CURVE('',#17626,#17626,#17628,.T.);
#17626 = VERTEX_POINT('',#17627);
#17627 = CARTESIAN_POINT('',(184.05,-65.7,0.));
#17628 = CIRCLE('',#17629,0.7);
#17629 = AXIS2_PLACEMENT_3D('',#17630,#17631,#17632);
#17630 = CARTESIAN_POINT('',(184.05,-65.,0.));
#17631 = DIRECTION('',(-0.,0.,-1.));
#17632 = DIRECTION('',(-0.,-1.,0.));
#17633 = FACE_BOUND('',#17634,.F.);
#17634 = EDGE_LOOP('',(#17635));
#17635 = ORIENTED_EDGE('',*,*,#17636,.T.);
#17636 = EDGE_CURVE('',#17637,#17637,#17639,.T.);
#17637 = VERTEX_POINT('',#17638);
#17638 = CARTESIAN_POINT('',(170.1425,-62.2,0.));
#17639 = CIRCLE('',#17640,0.7);
#17640 = AXIS2_PLACEMENT_3D('',#17641,#17642,#17643);
#17641 = CARTESIAN_POINT('',(170.1425,-61.5,0.));
#17642 = DIRECTION('',(-0.,0.,-1.));
#17643 = DIRECTION('',(4.060244204343E-14,-1.,-0.));
#17644 = FACE_BOUND('',#17645,.F.);
#17645 = EDGE_LOOP('',(#17646));
#17646 = ORIENTED_EDGE('',*,*,#17647,.T.);
#17647 = EDGE_CURVE('',#17648,#17648,#17650,.T.);
#17648 = VERTEX_POINT('',#17649);
#17649 = CARTESIAN_POINT('',(172.6425,-62.2,0.));
#17650 = CIRCLE('',#17651,0.7);
#17651 = AXIS2_PLACEMENT_3D('',#17652,#17653,#17654);
#17652 = CARTESIAN_POINT('',(172.6425,-61.5,0.));
#17653 = DIRECTION('',(-0.,0.,-1.));
#17654 = DIRECTION('',(4.060244204343E-14,-1.,-0.));
#17655 = FACE_BOUND('',#17656,.F.);
#17656 = EDGE_LOOP('',(#17657));
#17657 = ORIENTED_EDGE('',*,*,#17658,.T.);
#17658 = EDGE_CURVE('',#17659,#17659,#17661,.T.);
#17659 = VERTEX_POINT('',#17660);
#17660 = CARTESIAN_POINT('',(181.55,-62.2,0.));
#17661 = CIRCLE('',#17662,0.7);
#17662 = AXIS2_PLACEMENT_3D('',#17663,#17664,#17665);
#17663 = CARTESIAN_POINT('',(181.55,-61.5,0.));
#17664 = DIRECTION('',(-0.,0.,-1.));
#17665 = DIRECTION('',(-0.,-1.,0.));
#17666 = FACE_BOUND('',#17667,.F.);
#17667 = EDGE_LOOP('',(#17668));
#17668 = ORIENTED_EDGE('',*,*,#17669,.T.);
#17669 = EDGE_CURVE('',#17670,#17670,#17672,.T.);
#17670 = VERTEX_POINT('',#17671);
#17671 = CARTESIAN_POINT('',(184.05,-62.2,0.));
#17672 = CIRCLE('',#17673,0.7);
#17673 = AXIS2_PLACEMENT_3D('',#17674,#17675,#17676);
#17674 = CARTESIAN_POINT('',(184.05,-61.5,0.));
#17675 = DIRECTION('',(-0.,0.,-1.));
#17676 = DIRECTION('',(-0.,-1.,0.));
#17677 = PLANE('',#17678);
#17678 = AXIS2_PLACEMENT_3D('',#17679,#17680,#17681);
#17679 = CARTESIAN_POINT('',(0.,0.,0.));
#17680 = DIRECTION('',(0.,0.,1.));
#17681 = DIRECTION('',(1.,0.,-0.));
#17682 = ADVANCED_FACE('',(#17683,#17916,#17927,#17938,#17949,#17960,
    #17971,#17982,#17993,#18004,#18015,#18026,#18037,#18048,#18059,
    #18070,#18081,#18092,#18103,#18114,#18125,#18136,#18147,#18158,
    #18169,#18180,#18191,#18202,#18213,#18224,#18235,#18246,#18257,
    #18268,#18279,#18290,#18301,#18312,#18323,#18334,#18345,#18356,
    #18367,#18378,#18389,#18400,#18411,#18422,#18433,#18444,#18455,
    #18466,#18477,#18488,#18499,#18510,#18521,#18532,#18543,#18554,
    #18565,#18576),#18587,.T.);
#17683 = FACE_BOUND('',#17684,.T.);
#17684 = EDGE_LOOP('',(#17685,#17686,#17687,#17696,#17704,#17713,#17721,
    #17730,#17738,#17747,#17755,#17764,#17772,#17781,#17789,#17798,
    #17806,#17815,#17823,#17832,#17840,#17849,#17857,#17866,#17874,
    #17883,#17891,#17900,#17908,#17915));
#17685 = ORIENTED_EDGE('',*,*,#16682,.F.);
#17686 = ORIENTED_EDGE('',*,*,#16724,.F.);
#17687 = ORIENTED_EDGE('',*,*,#17688,.F.);
#17688 = EDGE_CURVE('',#17689,#16717,#17691,.T.);
#17689 = VERTEX_POINT('',#17690);
#17690 = CARTESIAN_POINT('',(87.035029,-56.010661,1.04));
#17691 = CIRCLE('',#17692,3.000247754252);
#17692 = AXIS2_PLACEMENT_3D('',#17693,#17694,#17695);
#17693 = CARTESIAN_POINT('',(89.156452309611,-58.13222875247,1.04));
#17694 = DIRECTION('',(0.,0.,-1.));
#17695 = DIRECTION('',(-0.707082708954,0.707130852599,0.));
#17696 = ORIENTED_EDGE('',*,*,#17697,.F.);
#17697 = EDGE_CURVE('',#17698,#17689,#17700,.T.);
#17698 = VERTEX_POINT('',#17699);
#17699 = CARTESIAN_POINT('',(79.57868,-63.46701,1.04));
#17700 = LINE('',#17701,#17702);
#17701 = CARTESIAN_POINT('',(79.57868,-63.46701,1.04));
#17702 = VECTOR('',#17703,1.);
#17703 = DIRECTION('',(0.707106781187,0.707106781187,0.));
#17704 = ORIENTED_EDGE('',*,*,#17705,.F.);
#17705 = EDGE_CURVE('',#17706,#17698,#17708,.T.);
#17706 = VERTEX_POINT('',#17707);
#17707 = CARTESIAN_POINT('',(78.7,-65.58833,1.04));
#17708 = CIRCLE('',#17709,2.999860251516);
#17709 = AXIS2_PLACEMENT_3D('',#17710,#17711,#17712);
#17710 = CARTESIAN_POINT('',(81.699860250971,-65.58827280114,1.04));
#17711 = DIRECTION('',(0.,0.,-1.));
#17712 = DIRECTION('',(-0.999999999818,-1.906717345036E-05,-0.));
#17713 = ORIENTED_EDGE('',*,*,#17714,.F.);
#17714 = EDGE_CURVE('',#17715,#17706,#17717,.T.);
#17715 = VERTEX_POINT('',#17716);
#17716 = CARTESIAN_POINT('',(78.7,-87.631981,1.04));
#17717 = LINE('',#17718,#17719);
#17718 = CARTESIAN_POINT('',(78.7,-87.631981,1.04));
#17719 = VECTOR('',#17720,1.);
#17720 = DIRECTION('',(0.,1.,0.));
#17721 = ORIENTED_EDGE('',*,*,#17722,.F.);
#17722 = EDGE_CURVE('',#17723,#17715,#17725,.T.);
#17723 = VERTEX_POINT('',#17724);
#17724 = CARTESIAN_POINT('',(81.7,-90.631981,1.04));
#17725 = CIRCLE('',#17726,3.000013122826);
#17726 = AXIS2_PLACEMENT_3D('',#17727,#17728,#17729);
#17727 = CARTESIAN_POINT('',(81.700013122798,-87.6319678772,1.04));
#17728 = DIRECTION('',(0.,0.,-1.));
#17729 = DIRECTION('',(-4.374246769409E-06,-0.99999999999,-0.));
#17730 = ORIENTED_EDGE('',*,*,#17731,.F.);
#17731 = EDGE_CURVE('',#17732,#17723,#17734,.T.);
#17732 = VERTEX_POINT('',#17733);
#17733 = CARTESIAN_POINT('',(108.357359,-90.631981,1.04));
#17734 = LINE('',#17735,#17736);
#17735 = CARTESIAN_POINT('',(108.357359,-90.631981,1.04));
#17736 = VECTOR('',#17737,1.);
#17737 = DIRECTION('',(-1.,0.,0.));
#17738 = ORIENTED_EDGE('',*,*,#17739,.F.);
#17739 = EDGE_CURVE('',#17740,#17732,#17742,.T.);
#17740 = VERTEX_POINT('',#17741);
#17741 = CARTESIAN_POINT('',(110.47868,-91.510661,1.04));
#17742 = CIRCLE('',#17743,2.999794904887);
#17743 = AXIS2_PLACEMENT_3D('',#17744,#17745,#17746);
#17744 = CARTESIAN_POINT('',(108.35744426656,-93.63177590367,1.04));
#17745 = DIRECTION('',(0.,0.,1.));
#17746 = DIRECTION('',(0.70712692057,0.70708664123,-0.));
#17747 = ORIENTED_EDGE('',*,*,#17748,.F.);
#17748 = EDGE_CURVE('',#17749,#17740,#17751,.T.);
#17749 = VERTEX_POINT('',#17750);
#17750 = CARTESIAN_POINT('',(118.72132,-99.753302,1.04));
#17751 = LINE('',#17752,#17753);
#17752 = CARTESIAN_POINT('',(118.72132,-99.753302,1.04));
#17753 = VECTOR('',#17754,1.);
#17754 = DIRECTION('',(-0.707106738293,0.70710682408,0.));
#17755 = ORIENTED_EDGE('',*,*,#17756,.F.);
#17756 = EDGE_CURVE('',#17757,#17749,#17759,.T.);
#17757 = VERTEX_POINT('',#17758);
#17758 = CARTESIAN_POINT('',(119.6,-101.874622,1.04));
#17759 = CIRCLE('',#17760,3.000088028649);
#17760 = AXIS2_PLACEMENT_3D('',#17761,#17762,#17763);
#17761 = CARTESIAN_POINT('',(116.59991197158,-101.8746591497,1.04));
#17762 = DIRECTION('',(0.,0.,1.));
#17763 = DIRECTION('',(0.999999999923,1.238287144043E-05,-0.));
#17764 = ORIENTED_EDGE('',*,*,#17765,.F.);
#17765 = EDGE_CURVE('',#17766,#17757,#17768,.T.);
#17766 = VERTEX_POINT('',#17767);
#17767 = CARTESIAN_POINT('',(119.6,-112.631981,1.04));
#17768 = LINE('',#17769,#17770);
#17769 = CARTESIAN_POINT('',(119.6,-112.631981,1.04));
#17770 = VECTOR('',#17771,1.);
#17771 = DIRECTION('',(0.,1.,0.));
#17772 = ORIENTED_EDGE('',*,*,#17773,.F.);
#17773 = EDGE_CURVE('',#17774,#17766,#17776,.T.);
#17774 = VERTEX_POINT('',#17775);
#17775 = CARTESIAN_POINT('',(122.6,-115.631981,1.04));
#17776 = CIRCLE('',#17777,3.000013122826);
#17777 = AXIS2_PLACEMENT_3D('',#17778,#17779,#17780);
#17778 = CARTESIAN_POINT('',(122.60001312279,-112.6319678772,1.04));
#17779 = DIRECTION('',(0.,0.,-1.));
#17780 = DIRECTION('',(-4.374246774146E-06,-0.99999999999,-0.));
#17781 = ORIENTED_EDGE('',*,*,#17782,.F.);
#17782 = EDGE_CURVE('',#17783,#17774,#17785,.T.);
#17783 = VERTEX_POINT('',#17784);
#17784 = CARTESIAN_POINT('',(156.6,-115.631981,1.04));
#17785 = LINE('',#17786,#17787);
#17786 = CARTESIAN_POINT('',(156.6,-115.631981,1.04));
#17787 = VECTOR('',#17788,1.);
#17788 = DIRECTION('',(-1.,0.,0.));
#17789 = ORIENTED_EDGE('',*,*,#17790,.F.);
#17790 = EDGE_CURVE('',#17791,#17783,#17793,.T.);
#17791 = VERTEX_POINT('',#17792);
#17792 = CARTESIAN_POINT('',(159.6,-112.631981,1.04));
#17793 = CIRCLE('',#17794,2.999967031462);
#17794 = AXIS2_PLACEMENT_3D('',#17795,#17796,#17797);
#17795 = CARTESIAN_POINT('',(156.60003296872,-112.6320139687,1.04));
#17796 = DIRECTION('',(0.,0.,-1.));
#17797 = DIRECTION('',(0.99999999994,1.098969395055E-05,0.));
#17798 = ORIENTED_EDGE('',*,*,#17799,.F.);
#17799 = EDGE_CURVE('',#17800,#17791,#17802,.T.);
#17800 = VERTEX_POINT('',#17801);
#17801 = CARTESIAN_POINT('',(159.6,-101.874622,1.04));
#17802 = LINE('',#17803,#17804);
#17803 = CARTESIAN_POINT('',(159.6,-101.874622,1.04));
#17804 = VECTOR('',#17805,1.);
#17805 = DIRECTION('',(0.,-1.,0.));
#17806 = ORIENTED_EDGE('',*,*,#17807,.F.);
#17807 = EDGE_CURVE('',#17808,#17800,#17810,.T.);
#17808 = VERTEX_POINT('',#17809);
#17809 = CARTESIAN_POINT('',(160.47868,-99.753301,1.04));
#17810 = CIRCLE('',#17811,2.999896608665);
#17811 = AXIS2_PLACEMENT_3D('',#17812,#17813,#17814);
#17812 = CARTESIAN_POINT('',(162.59989660835,-101.8745788608,1.04));
#17813 = DIRECTION('',(0.,0.,1.));
#17814 = DIRECTION('',(-0.707096572004,0.707116990221,0.));
#17815 = ORIENTED_EDGE('',*,*,#17816,.F.);
#17816 = EDGE_CURVE('',#17817,#17808,#17819,.T.);
#17817 = VERTEX_POINT('',#17818);
#17818 = CARTESIAN_POINT('',(168.72132,-91.510661,1.04));
#17819 = LINE('',#17820,#17821);
#17820 = CARTESIAN_POINT('',(168.72132,-91.510661,1.04));
#17821 = VECTOR('',#17822,1.);
#17822 = DIRECTION('',(-0.707106781187,-0.707106781187,0.));
#17823 = ORIENTED_EDGE('',*,*,#17824,.F.);
#17824 = EDGE_CURVE('',#17825,#17817,#17827,.T.);
#17825 = VERTEX_POINT('',#17826);
#17826 = CARTESIAN_POINT('',(170.842641,-90.631981,1.04));
#17827 = CIRCLE('',#17828,3.000214108658);
#17828 = AXIS2_PLACEMENT_3D('',#17829,#17830,#17831);
#17829 = CARTESIAN_POINT('',(170.84272937329,-93.63219510735,1.04));
#17830 = DIRECTION('',(0.,0.,1.));
#17831 = DIRECTION('',(-2.94556635962E-05,0.999999999566,0.));
#17832 = ORIENTED_EDGE('',*,*,#17833,.F.);
#17833 = EDGE_CURVE('',#17834,#17825,#17836,.T.);
#17834 = VERTEX_POINT('',#17835);
#17835 = CARTESIAN_POINT('',(197.5,-90.631981,1.04));
#17836 = LINE('',#17837,#17838);
#17837 = CARTESIAN_POINT('',(197.5,-90.631981,1.04));
#17838 = VECTOR('',#17839,1.);
#17839 = DIRECTION('',(-1.,0.,0.));
#17840 = ORIENTED_EDGE('',*,*,#17841,.F.);
#17841 = EDGE_CURVE('',#17842,#17834,#17844,.T.);
#17842 = VERTEX_POINT('',#17843);
#17843 = CARTESIAN_POINT('',(200.5,-87.631981,1.04));
#17844 = CIRCLE('',#17845,2.999967031462);
#17845 = AXIS2_PLACEMENT_3D('',#17846,#17847,#17848);
#17846 = CARTESIAN_POINT('',(197.50003296872,-87.63201396872,1.04));
#17847 = DIRECTION('',(0.,0.,-1.));
#17848 = DIRECTION('',(0.99999999994,1.098969395055E-05,0.));
#17849 = ORIENTED_EDGE('',*,*,#17850,.F.);
#17850 = EDGE_CURVE('',#17851,#17842,#17853,.T.);
#17851 = VERTEX_POINT('',#17852);
#17852 = CARTESIAN_POINT('',(200.5,-65.58833,1.04));
#17853 = LINE('',#17854,#17855);
#17854 = CARTESIAN_POINT('',(200.5,-65.58833,1.04));
#17855 = VECTOR('',#17856,1.);
#17856 = DIRECTION('',(0.,-1.,0.));
#17857 = ORIENTED_EDGE('',*,*,#17858,.F.);
#17858 = EDGE_CURVE('',#17859,#17851,#17861,.T.);
#17859 = VERTEX_POINT('',#17860);
#17860 = CARTESIAN_POINT('',(199.62132,-63.46701,1.04));
#17861 = CIRCLE('',#17862,3.000126315967);
#17862 = AXIS2_PLACEMENT_3D('',#17863,#17864,#17865);
#17863 = CARTESIAN_POINT('',(197.4998736845,-65.58838300874,1.04));
#17864 = DIRECTION('',(0.,0.,-1.));
#17865 = DIRECTION('',(0.70711899836,0.707094563802,0.));
#17866 = ORIENTED_EDGE('',*,*,#17867,.F.);
#17867 = EDGE_CURVE('',#17868,#17859,#17870,.T.);
#17868 = VERTEX_POINT('',#17869);
#17869 = CARTESIAN_POINT('',(192.164971,-56.010661,1.04));
#17870 = LINE('',#17871,#17872);
#17871 = CARTESIAN_POINT('',(192.164971,-56.010661,1.04));
#17872 = VECTOR('',#17873,1.);
#17873 = DIRECTION('',(0.707106781187,-0.707106781187,0.));
#17874 = ORIENTED_EDGE('',*,*,#17875,.F.);
#17875 = EDGE_CURVE('',#17876,#17868,#17878,.T.);
#17876 = VERTEX_POINT('',#17877);
#17877 = CARTESIAN_POINT('',(190.043651,-55.131981,1.04));
#17878 = CIRCLE('',#17879,2.999747339304);
#17879 = AXIS2_PLACEMENT_3D('',#17880,#17881,#17882);
#17880 = CARTESIAN_POINT('',(190.04375496917,-58.1317283375,1.04));
#17881 = DIRECTION('',(0.,0.,-1.));
#17882 = DIRECTION('',(-3.465930964941E-05,0.999999999399,0.));
#17883 = ORIENTED_EDGE('',*,*,#17884,.F.);
#17884 = EDGE_CURVE('',#17885,#17876,#17887,.T.);
#17885 = VERTEX_POINT('',#17886);
#17886 = CARTESIAN_POINT('',(157.6,-55.131981,1.04));
#17887 = LINE('',#17888,#17889);
#17888 = CARTESIAN_POINT('',(157.6,-55.131981,1.04));
#17889 = VECTOR('',#17890,1.);
#17890 = DIRECTION('',(1.,0.,0.));
#17891 = ORIENTED_EDGE('',*,*,#17892,.F.);
#17892 = EDGE_CURVE('',#17893,#17885,#17895,.T.);
#17893 = VERTEX_POINT('',#17894);
#17894 = CARTESIAN_POINT('',(154.6,-58.131981,1.04));
#17895 = CIRCLE('',#17896,3.00003190148);
#17896 = AXIS2_PLACEMENT_3D('',#17897,#17898,#17899);
#17897 = CARTESIAN_POINT('',(157.60003190131,-58.13201290131,1.04));
#17898 = DIRECTION('',(0.,0.,-1.));
#17899 = DIRECTION('',(-0.999999999943,1.063365702622E-05,0.));
#17900 = ORIENTED_EDGE('',*,*,#17901,.F.);
#17901 = EDGE_CURVE('',#17902,#17893,#17904,.T.);
#17902 = VERTEX_POINT('',#17903);
#17903 = CARTESIAN_POINT('',(154.6,-69.131981,1.04));
#17904 = LINE('',#17905,#17906);
#17905 = CARTESIAN_POINT('',(154.6,-69.131981,1.04));
#17906 = VECTOR('',#17907,1.);
#17907 = DIRECTION('',(0.,1.,0.));
#17908 = ORIENTED_EDGE('',*,*,#17909,.F.);
#17909 = EDGE_CURVE('',#16747,#17902,#17910,.T.);
#17910 = CIRCLE('',#17911,15.);
#17911 = AXIS2_PLACEMENT_3D('',#17912,#17913,#17914);
#17912 = CARTESIAN_POINT('',(139.6,-69.131981,1.04));
#17913 = DIRECTION('',(0.,0.,1.));
#17914 = DIRECTION('',(-1.,0.,-0.));
#17915 = ORIENTED_EDGE('',*,*,#16746,.F.);
#17916 = FACE_BOUND('',#17917,.T.);
#17917 = EDGE_LOOP('',(#17918));
#17918 = ORIENTED_EDGE('',*,*,#17919,.T.);
#17919 = EDGE_CURVE('',#17920,#17920,#17922,.T.);
#17920 = VERTEX_POINT('',#17921);
#17921 = CARTESIAN_POINT('',(123.6,-113.381981,1.04));
#17922 = CIRCLE('',#17923,1.75);
#17923 = AXIS2_PLACEMENT_3D('',#17924,#17925,#17926);
#17924 = CARTESIAN_POINT('',(123.6,-111.631981,1.04));
#17925 = DIRECTION('',(-0.,0.,-1.));
#17926 = DIRECTION('',(-0.,-1.,0.));
#17927 = FACE_BOUND('',#17928,.T.);
#17928 = EDGE_LOOP('',(#17929));
#17929 = ORIENTED_EDGE('',*,*,#17930,.T.);
#17930 = EDGE_CURVE('',#17931,#17931,#17933,.T.);
#17931 = VERTEX_POINT('',#17932);
#17932 = CARTESIAN_POINT('',(155.6,-113.381981,1.04));
#17933 = CIRCLE('',#17934,1.75);
#17934 = AXIS2_PLACEMENT_3D('',#17935,#17936,#17937);
#17935 = CARTESIAN_POINT('',(155.6,-111.631981,1.04));
#17936 = DIRECTION('',(-0.,0.,-1.));
#17937 = DIRECTION('',(-0.,-1.,0.));
#17938 = FACE_BOUND('',#17939,.T.);
#17939 = EDGE_LOOP('',(#17940));
#17940 = ORIENTED_EDGE('',*,*,#17941,.T.);
#17941 = EDGE_CURVE('',#17942,#17942,#17944,.T.);
#17942 = VERTEX_POINT('',#17943);
#17943 = CARTESIAN_POINT('',(92.486981,-85.6,1.04));
#17944 = CIRCLE('',#17945,0.85);
#17945 = AXIS2_PLACEMENT_3D('',#17946,#17947,#17948);
#17946 = CARTESIAN_POINT('',(92.486981,-84.75,1.04));
#17947 = DIRECTION('',(-0.,0.,-1.));
#17948 = DIRECTION('',(-0.,-1.,0.));
#17949 = FACE_BOUND('',#17950,.T.);
#17950 = EDGE_LOOP('',(#17951));
#17951 = ORIENTED_EDGE('',*,*,#17952,.T.);
#17952 = EDGE_CURVE('',#17953,#17953,#17955,.T.);
#17953 = VERTEX_POINT('',#17954);
#17954 = CARTESIAN_POINT('',(96.446981,-85.6,1.04));
#17955 = CIRCLE('',#17956,0.85);
#17956 = AXIS2_PLACEMENT_3D('',#17957,#17958,#17959);
#17957 = CARTESIAN_POINT('',(96.446981,-84.75,1.04));
#17958 = DIRECTION('',(-0.,0.,-1.));
#17959 = DIRECTION('',(-0.,-1.,0.));
#17960 = FACE_BOUND('',#17961,.T.);
#17961 = EDGE_LOOP('',(#17962));
#17962 = ORIENTED_EDGE('',*,*,#17963,.T.);
#17963 = EDGE_CURVE('',#17964,#17964,#17966,.T.);
#17964 = VERTEX_POINT('',#17965);
#17965 = CARTESIAN_POINT('',(102.115731,-85.6,1.04));
#17966 = CIRCLE('',#17967,0.85);
#17967 = AXIS2_PLACEMENT_3D('',#17968,#17969,#17970);
#17968 = CARTESIAN_POINT('',(102.115731,-84.75,1.04));
#17969 = DIRECTION('',(-0.,0.,-1.));
#17970 = DIRECTION('',(-1.671865260612E-14,-1.,0.));
#17971 = FACE_BOUND('',#17972,.T.);
#17972 = EDGE_LOOP('',(#17973));
#17973 = ORIENTED_EDGE('',*,*,#17974,.T.);
#17974 = EDGE_CURVE('',#17975,#17975,#17977,.T.);
#17975 = VERTEX_POINT('',#17976);
#17976 = CARTESIAN_POINT('',(106.075731,-85.6,1.04));
#17977 = CIRCLE('',#17978,0.85);
#17978 = AXIS2_PLACEMENT_3D('',#17979,#17980,#17981);
#17979 = CARTESIAN_POINT('',(106.075731,-84.75,1.04));
#17980 = DIRECTION('',(-0.,0.,-1.));
#17981 = DIRECTION('',(1.671865260612E-14,-1.,-0.));
#17982 = FACE_BOUND('',#17983,.T.);
#17983 = EDGE_LOOP('',(#17984));
#17984 = ORIENTED_EDGE('',*,*,#17985,.T.);
#17985 = EDGE_CURVE('',#17986,#17986,#17988,.T.);
#17986 = VERTEX_POINT('',#17987);
#17987 = CARTESIAN_POINT('',(82.7,-78.360156,1.04));
#17988 = CIRCLE('',#17989,1.75);
#17989 = AXIS2_PLACEMENT_3D('',#17990,#17991,#17992);
#17990 = CARTESIAN_POINT('',(82.7,-76.610156,1.04));
#17991 = DIRECTION('',(-0.,0.,-1.));
#17992 = DIRECTION('',(-0.,-1.,0.));
#17993 = FACE_BOUND('',#17994,.T.);
#17994 = EDGE_LOOP('',(#17995));
#17995 = ORIENTED_EDGE('',*,*,#17996,.T.);
#17996 = EDGE_CURVE('',#17997,#17997,#17999,.T.);
#17997 = VERTEX_POINT('',#17998);
#17998 = CARTESIAN_POINT('',(93.216981,-75.,1.04));
#17999 = CIRCLE('',#18000,0.7);
#18000 = AXIS2_PLACEMENT_3D('',#18001,#18002,#18003);
#18001 = CARTESIAN_POINT('',(93.216981,-74.3,1.04));
#18002 = DIRECTION('',(-0.,0.,-1.));
#18003 = DIRECTION('',(-0.,-1.,0.));
#18004 = FACE_BOUND('',#18005,.T.);
#18005 = EDGE_LOOP('',(#18006));
#18006 = ORIENTED_EDGE('',*,*,#18007,.T.);
#18007 = EDGE_CURVE('',#18008,#18008,#18010,.T.);
#18008 = VERTEX_POINT('',#18009);
#18009 = CARTESIAN_POINT('',(95.716981,-75.,1.04));
#18010 = CIRCLE('',#18011,0.7);
#18011 = AXIS2_PLACEMENT_3D('',#18012,#18013,#18014);
#18012 = CARTESIAN_POINT('',(95.716981,-74.3,1.04));
#18013 = DIRECTION('',(-0.,0.,-1.));
#18014 = DIRECTION('',(-0.,-1.,0.));
#18015 = FACE_BOUND('',#18016,.T.);
#18016 = EDGE_LOOP('',(#18017));
#18017 = ORIENTED_EDGE('',*,*,#18018,.T.);
#18018 = EDGE_CURVE('',#18019,#18019,#18021,.T.);
#18019 = VERTEX_POINT('',#18020);
#18020 = CARTESIAN_POINT('',(102.845731,-75.,1.04));
#18021 = CIRCLE('',#18022,0.7);
#18022 = AXIS2_PLACEMENT_3D('',#18023,#18024,#18025);
#18023 = CARTESIAN_POINT('',(102.845731,-74.3,1.04));
#18024 = DIRECTION('',(-0.,0.,-1.));
#18025 = DIRECTION('',(-0.,-1.,0.));
#18026 = FACE_BOUND('',#18027,.T.);
#18027 = EDGE_LOOP('',(#18028));
#18028 = ORIENTED_EDGE('',*,*,#18029,.T.);
#18029 = EDGE_CURVE('',#18030,#18030,#18032,.T.);
#18030 = VERTEX_POINT('',#18031);
#18031 = CARTESIAN_POINT('',(105.345731,-75.,1.04));
#18032 = CIRCLE('',#18033,0.7);
#18033 = AXIS2_PLACEMENT_3D('',#18034,#18035,#18036);
#18034 = CARTESIAN_POINT('',(105.345731,-74.3,1.04));
#18035 = DIRECTION('',(-0.,0.,-1.));
#18036 = DIRECTION('',(-0.,-1.,0.));
#18037 = FACE_BOUND('',#18038,.T.);
#18038 = EDGE_LOOP('',(#18039));
#18039 = ORIENTED_EDGE('',*,*,#18040,.T.);
#18040 = EDGE_CURVE('',#18041,#18041,#18043,.T.);
#18041 = VERTEX_POINT('',#18042);
#18042 = CARTESIAN_POINT('',(111.276012,-85.6,1.04));
#18043 = CIRCLE('',#18044,0.85);
#18044 = AXIS2_PLACEMENT_3D('',#18045,#18046,#18047);
#18045 = CARTESIAN_POINT('',(111.276012,-84.75,1.04));
#18046 = DIRECTION('',(-0.,0.,-1.));
#18047 = DIRECTION('',(-1.671865260612E-14,-1.,0.));
#18048 = FACE_BOUND('',#18049,.T.);
#18049 = EDGE_LOOP('',(#18050));
#18050 = ORIENTED_EDGE('',*,*,#18051,.T.);
#18051 = EDGE_CURVE('',#18052,#18052,#18054,.T.);
#18052 = VERTEX_POINT('',#18053);
#18053 = CARTESIAN_POINT('',(115.236012,-85.6,1.04));
#18054 = CIRCLE('',#18055,0.85);
#18055 = AXIS2_PLACEMENT_3D('',#18056,#18057,#18058);
#18056 = CARTESIAN_POINT('',(115.236012,-84.75,1.04));
#18057 = DIRECTION('',(-0.,0.,-1.));
#18058 = DIRECTION('',(1.671865260612E-14,-1.,-0.));
#18059 = FACE_BOUND('',#18060,.T.);
#18060 = EDGE_LOOP('',(#18061));
#18061 = ORIENTED_EDGE('',*,*,#18062,.T.);
#18062 = EDGE_CURVE('',#18063,#18063,#18065,.T.);
#18063 = VERTEX_POINT('',#18064);
#18064 = CARTESIAN_POINT('',(112.006012,-75.,1.04));
#18065 = CIRCLE('',#18066,0.7);
#18066 = AXIS2_PLACEMENT_3D('',#18067,#18068,#18069);
#18067 = CARTESIAN_POINT('',(112.006012,-74.3,1.04));
#18068 = DIRECTION('',(-0.,0.,-1.));
#18069 = DIRECTION('',(-0.,-1.,0.));
#18070 = FACE_BOUND('',#18071,.T.);
#18071 = EDGE_LOOP('',(#18072));
#18072 = ORIENTED_EDGE('',*,*,#18073,.T.);
#18073 = EDGE_CURVE('',#18074,#18074,#18076,.T.);
#18074 = VERTEX_POINT('',#18075);
#18075 = CARTESIAN_POINT('',(114.506012,-75.,1.04));
#18076 = CIRCLE('',#18077,0.7);
#18077 = AXIS2_PLACEMENT_3D('',#18078,#18079,#18080);
#18078 = CARTESIAN_POINT('',(114.506012,-74.3,1.04));
#18079 = DIRECTION('',(-0.,0.,-1.));
#18080 = DIRECTION('',(-0.,-1.,0.));
#18081 = FACE_BOUND('',#18082,.T.);
#18082 = EDGE_LOOP('',(#18083));
#18083 = ORIENTED_EDGE('',*,*,#18084,.T.);
#18084 = EDGE_CURVE('',#18085,#18085,#18087,.T.);
#18085 = VERTEX_POINT('',#18086);
#18086 = CARTESIAN_POINT('',(93.216981,-71.5,1.04));
#18087 = CIRCLE('',#18088,0.7);
#18088 = AXIS2_PLACEMENT_3D('',#18089,#18090,#18091);
#18089 = CARTESIAN_POINT('',(93.216981,-70.8,1.04));
#18090 = DIRECTION('',(-0.,0.,-1.));
#18091 = DIRECTION('',(-0.,-1.,0.));
#18092 = FACE_BOUND('',#18093,.T.);
#18093 = EDGE_LOOP('',(#18094));
#18094 = ORIENTED_EDGE('',*,*,#18095,.T.);
#18095 = EDGE_CURVE('',#18096,#18096,#18098,.T.);
#18096 = VERTEX_POINT('',#18097);
#18097 = CARTESIAN_POINT('',(94.466981,-69.1,1.04));
#18098 = CIRCLE('',#18099,1.2);
#18099 = AXIS2_PLACEMENT_3D('',#18100,#18101,#18102);
#18100 = CARTESIAN_POINT('',(94.466981,-67.9,1.04));
#18101 = DIRECTION('',(-0.,0.,-1.));
#18102 = DIRECTION('',(-0.,-1.,0.));
#18103 = FACE_BOUND('',#18104,.T.);
#18104 = EDGE_LOOP('',(#18105));
#18105 = ORIENTED_EDGE('',*,*,#18106,.T.);
#18106 = EDGE_CURVE('',#18107,#18107,#18109,.T.);
#18107 = VERTEX_POINT('',#18108);
#18108 = CARTESIAN_POINT('',(93.216981,-65.7,1.04));
#18109 = CIRCLE('',#18110,0.7);
#18110 = AXIS2_PLACEMENT_3D('',#18111,#18112,#18113);
#18111 = CARTESIAN_POINT('',(93.216981,-65.,1.04));
#18112 = DIRECTION('',(-0.,0.,-1.));
#18113 = DIRECTION('',(-0.,-1.,0.));
#18114 = FACE_BOUND('',#18115,.T.);
#18115 = EDGE_LOOP('',(#18116));
#18116 = ORIENTED_EDGE('',*,*,#18117,.T.);
#18117 = EDGE_CURVE('',#18118,#18118,#18120,.T.);
#18118 = VERTEX_POINT('',#18119);
#18119 = CARTESIAN_POINT('',(95.716981,-71.5,1.04));
#18120 = CIRCLE('',#18121,0.7);
#18121 = AXIS2_PLACEMENT_3D('',#18122,#18123,#18124);
#18122 = CARTESIAN_POINT('',(95.716981,-70.8,1.04));
#18123 = DIRECTION('',(-0.,0.,-1.));
#18124 = DIRECTION('',(-0.,-1.,0.));
#18125 = FACE_BOUND('',#18126,.T.);
#18126 = EDGE_LOOP('',(#18127));
#18127 = ORIENTED_EDGE('',*,*,#18128,.T.);
#18128 = EDGE_CURVE('',#18129,#18129,#18131,.T.);
#18129 = VERTEX_POINT('',#18130);
#18130 = CARTESIAN_POINT('',(102.845731,-71.5,1.04));
#18131 = CIRCLE('',#18132,0.7);
#18132 = AXIS2_PLACEMENT_3D('',#18133,#18134,#18135);
#18133 = CARTESIAN_POINT('',(102.845731,-70.8,1.04));
#18134 = DIRECTION('',(-0.,0.,-1.));
#18135 = DIRECTION('',(-0.,-1.,0.));
#18136 = FACE_BOUND('',#18137,.T.);
#18137 = EDGE_LOOP('',(#18138));
#18138 = ORIENTED_EDGE('',*,*,#18139,.T.);
#18139 = EDGE_CURVE('',#18140,#18140,#18142,.T.);
#18140 = VERTEX_POINT('',#18141);
#18141 = CARTESIAN_POINT('',(105.345731,-71.5,1.04));
#18142 = CIRCLE('',#18143,0.7);
#18143 = AXIS2_PLACEMENT_3D('',#18144,#18145,#18146);
#18144 = CARTESIAN_POINT('',(105.345731,-70.8,1.04));
#18145 = DIRECTION('',(-0.,0.,-1.));
#18146 = DIRECTION('',(-0.,-1.,0.));
#18147 = FACE_BOUND('',#18148,.T.);
#18148 = EDGE_LOOP('',(#18149));
#18149 = ORIENTED_EDGE('',*,*,#18150,.T.);
#18150 = EDGE_CURVE('',#18151,#18151,#18153,.T.);
#18151 = VERTEX_POINT('',#18152);
#18152 = CARTESIAN_POINT('',(104.095731,-69.1,1.04));
#18153 = CIRCLE('',#18154,1.2);
#18154 = AXIS2_PLACEMENT_3D('',#18155,#18156,#18157);
#18155 = CARTESIAN_POINT('',(104.095731,-67.9,1.04));
#18156 = DIRECTION('',(-0.,0.,-1.));
#18157 = DIRECTION('',(-0.,-1.,0.));
#18158 = FACE_BOUND('',#18159,.T.);
#18159 = EDGE_LOOP('',(#18160));
#18160 = ORIENTED_EDGE('',*,*,#18161,.T.);
#18161 = EDGE_CURVE('',#18162,#18162,#18164,.T.);
#18162 = VERTEX_POINT('',#18163);
#18163 = CARTESIAN_POINT('',(95.716981,-65.7,1.04));
#18164 = CIRCLE('',#18165,0.7);
#18165 = AXIS2_PLACEMENT_3D('',#18166,#18167,#18168);
#18166 = CARTESIAN_POINT('',(95.716981,-65.,1.04));
#18167 = DIRECTION('',(-0.,0.,-1.));
#18168 = DIRECTION('',(-0.,-1.,0.));
#18169 = FACE_BOUND('',#18170,.T.);
#18170 = EDGE_LOOP('',(#18171));
#18171 = ORIENTED_EDGE('',*,*,#18172,.T.);
#18172 = EDGE_CURVE('',#18173,#18173,#18175,.T.);
#18173 = VERTEX_POINT('',#18174);
#18174 = CARTESIAN_POINT('',(102.845731,-65.7,1.04));
#18175 = CIRCLE('',#18176,0.7);
#18176 = AXIS2_PLACEMENT_3D('',#18177,#18178,#18179);
#18177 = CARTESIAN_POINT('',(102.845731,-65.,1.04));
#18178 = DIRECTION('',(-0.,0.,-1.));
#18179 = DIRECTION('',(-0.,-1.,0.));
#18180 = FACE_BOUND('',#18181,.T.);
#18181 = EDGE_LOOP('',(#18182));
#18182 = ORIENTED_EDGE('',*,*,#18183,.T.);
#18183 = EDGE_CURVE('',#18184,#18184,#18186,.T.);
#18184 = VERTEX_POINT('',#18185);
#18185 = CARTESIAN_POINT('',(105.345731,-65.7,1.04));
#18186 = CIRCLE('',#18187,0.7);
#18187 = AXIS2_PLACEMENT_3D('',#18188,#18189,#18190);
#18188 = CARTESIAN_POINT('',(105.345731,-65.,1.04));
#18189 = DIRECTION('',(-0.,0.,-1.));
#18190 = DIRECTION('',(-0.,-1.,0.));
#18191 = FACE_BOUND('',#18192,.T.);
#18192 = EDGE_LOOP('',(#18193));
#18193 = ORIENTED_EDGE('',*,*,#18194,.T.);
#18194 = EDGE_CURVE('',#18195,#18195,#18197,.T.);
#18195 = VERTEX_POINT('',#18196);
#18196 = CARTESIAN_POINT('',(93.216981,-62.2,1.04));
#18197 = CIRCLE('',#18198,0.7);
#18198 = AXIS2_PLACEMENT_3D('',#18199,#18200,#18201);
#18199 = CARTESIAN_POINT('',(93.216981,-61.5,1.04));
#18200 = DIRECTION('',(-0.,0.,-1.));
#18201 = DIRECTION('',(-0.,-1.,0.));
#18202 = FACE_BOUND('',#18203,.T.);
#18203 = EDGE_LOOP('',(#18204));
#18204 = ORIENTED_EDGE('',*,*,#18205,.T.);
#18205 = EDGE_CURVE('',#18206,#18206,#18208,.T.);
#18206 = VERTEX_POINT('',#18207);
#18207 = CARTESIAN_POINT('',(95.716981,-62.2,1.04));
#18208 = CIRCLE('',#18209,0.7);
#18209 = AXIS2_PLACEMENT_3D('',#18210,#18211,#18212);
#18210 = CARTESIAN_POINT('',(95.716981,-61.5,1.04));
#18211 = DIRECTION('',(-0.,0.,-1.));
#18212 = DIRECTION('',(-0.,-1.,0.));
#18213 = FACE_BOUND('',#18214,.T.);
#18214 = EDGE_LOOP('',(#18215));
#18215 = ORIENTED_EDGE('',*,*,#18216,.T.);
#18216 = EDGE_CURVE('',#18217,#18217,#18219,.T.);
#18217 = VERTEX_POINT('',#18218);
#18218 = CARTESIAN_POINT('',(102.845731,-62.2,1.04));
#18219 = CIRCLE('',#18220,0.7);
#18220 = AXIS2_PLACEMENT_3D('',#18221,#18222,#18223);
#18221 = CARTESIAN_POINT('',(102.845731,-61.5,1.04));
#18222 = DIRECTION('',(-0.,0.,-1.));
#18223 = DIRECTION('',(-0.,-1.,0.));
#18224 = FACE_BOUND('',#18225,.T.);
#18225 = EDGE_LOOP('',(#18226));
#18226 = ORIENTED_EDGE('',*,*,#18227,.T.);
#18227 = EDGE_CURVE('',#18228,#18228,#18230,.T.);
#18228 = VERTEX_POINT('',#18229);
#18229 = CARTESIAN_POINT('',(105.345731,-62.2,1.04));
#18230 = CIRCLE('',#18231,0.7);
#18231 = AXIS2_PLACEMENT_3D('',#18232,#18233,#18234);
#18232 = CARTESIAN_POINT('',(105.345731,-61.5,1.04));
#18233 = DIRECTION('',(-0.,0.,-1.));
#18234 = DIRECTION('',(-0.,-1.,0.));
#18235 = FACE_BOUND('',#18236,.T.);
#18236 = EDGE_LOOP('',(#18237));
#18237 = ORIENTED_EDGE('',*,*,#18238,.T.);
#18238 = EDGE_CURVE('',#18239,#18239,#18241,.T.);
#18239 = VERTEX_POINT('',#18240);
#18240 = CARTESIAN_POINT('',(112.006012,-71.5,1.04));
#18241 = CIRCLE('',#18242,0.7);
#18242 = AXIS2_PLACEMENT_3D('',#18243,#18244,#18245);
#18243 = CARTESIAN_POINT('',(112.006012,-70.8,1.04));
#18244 = DIRECTION('',(-0.,0.,-1.));
#18245 = DIRECTION('',(-0.,-1.,0.));
#18246 = FACE_BOUND('',#18247,.T.);
#18247 = EDGE_LOOP('',(#18248));
#18248 = ORIENTED_EDGE('',*,*,#18249,.T.);
#18249 = EDGE_CURVE('',#18250,#18250,#18252,.T.);
#18250 = VERTEX_POINT('',#18251);
#18251 = CARTESIAN_POINT('',(114.506012,-71.5,1.04));
#18252 = CIRCLE('',#18253,0.7);
#18253 = AXIS2_PLACEMENT_3D('',#18254,#18255,#18256);
#18254 = CARTESIAN_POINT('',(114.506012,-70.8,1.04));
#18255 = DIRECTION('',(-0.,0.,-1.));
#18256 = DIRECTION('',(-0.,-1.,0.));
#18257 = FACE_BOUND('',#18258,.T.);
#18258 = EDGE_LOOP('',(#18259));
#18259 = ORIENTED_EDGE('',*,*,#18260,.T.);
#18260 = EDGE_CURVE('',#18261,#18261,#18263,.T.);
#18261 = VERTEX_POINT('',#18262);
#18262 = CARTESIAN_POINT('',(113.256012,-69.1,1.04));
#18263 = CIRCLE('',#18264,1.2);
#18264 = AXIS2_PLACEMENT_3D('',#18265,#18266,#18267);
#18265 = CARTESIAN_POINT('',(113.256012,-67.9,1.04));
#18266 = DIRECTION('',(-0.,0.,-1.));
#18267 = DIRECTION('',(-0.,-1.,0.));
#18268 = FACE_BOUND('',#18269,.T.);
#18269 = EDGE_LOOP('',(#18270));
#18270 = ORIENTED_EDGE('',*,*,#18271,.T.);
#18271 = EDGE_CURVE('',#18272,#18272,#18274,.T.);
#18272 = VERTEX_POINT('',#18273);
#18273 = CARTESIAN_POINT('',(112.006012,-65.7,1.04));
#18274 = CIRCLE('',#18275,0.7);
#18275 = AXIS2_PLACEMENT_3D('',#18276,#18277,#18278);
#18276 = CARTESIAN_POINT('',(112.006012,-65.,1.04));
#18277 = DIRECTION('',(-0.,0.,-1.));
#18278 = DIRECTION('',(-0.,-1.,0.));
#18279 = FACE_BOUND('',#18280,.T.);
#18280 = EDGE_LOOP('',(#18281));
#18281 = ORIENTED_EDGE('',*,*,#18282,.T.);
#18282 = EDGE_CURVE('',#18283,#18283,#18285,.T.);
#18283 = VERTEX_POINT('',#18284);
#18284 = CARTESIAN_POINT('',(114.506012,-65.7,1.04));
#18285 = CIRCLE('',#18286,0.7);
#18286 = AXIS2_PLACEMENT_3D('',#18287,#18288,#18289);
#18287 = CARTESIAN_POINT('',(114.506012,-65.,1.04));
#18288 = DIRECTION('',(-0.,0.,-1.));
#18289 = DIRECTION('',(-0.,-1.,0.));
#18290 = FACE_BOUND('',#18291,.T.);
#18291 = EDGE_LOOP('',(#18292));
#18292 = ORIENTED_EDGE('',*,*,#18293,.T.);
#18293 = EDGE_CURVE('',#18294,#18294,#18296,.T.);
#18294 = VERTEX_POINT('',#18295);
#18295 = CARTESIAN_POINT('',(112.006012,-62.2,1.04));
#18296 = CIRCLE('',#18297,0.7);
#18297 = AXIS2_PLACEMENT_3D('',#18298,#18299,#18300);
#18298 = CARTESIAN_POINT('',(112.006012,-61.5,1.04));
#18299 = DIRECTION('',(-0.,0.,-1.));
#18300 = DIRECTION('',(-0.,-1.,0.));
#18301 = FACE_BOUND('',#18302,.T.);
#18302 = EDGE_LOOP('',(#18303));
#18303 = ORIENTED_EDGE('',*,*,#18304,.T.);
#18304 = EDGE_CURVE('',#18305,#18305,#18307,.T.);
#18305 = VERTEX_POINT('',#18306);
#18306 = CARTESIAN_POINT('',(114.506012,-62.2,1.04));
#18307 = CIRCLE('',#18308,0.7);
#18308 = AXIS2_PLACEMENT_3D('',#18309,#18310,#18311);
#18309 = CARTESIAN_POINT('',(114.506012,-61.5,1.04));
#18310 = DIRECTION('',(-0.,0.,-1.));
#18311 = DIRECTION('',(-0.,-1.,0.));
#18312 = FACE_BOUND('',#18313,.T.);
#18313 = EDGE_LOOP('',(#18314));
#18314 = ORIENTED_EDGE('',*,*,#18315,.T.);
#18315 = EDGE_CURVE('',#18316,#18316,#18318,.T.);
#18316 = VERTEX_POINT('',#18317);
#18317 = CARTESIAN_POINT('',(120.6,-60.881981,1.04));
#18318 = CIRCLE('',#18319,1.75);
#18319 = AXIS2_PLACEMENT_3D('',#18320,#18321,#18322);
#18320 = CARTESIAN_POINT('',(120.6,-59.131981,1.04));
#18321 = DIRECTION('',(-0.,0.,-1.));
#18322 = DIRECTION('',(-0.,-1.,0.));
#18323 = FACE_BOUND('',#18324,.T.);
#18324 = EDGE_LOOP('',(#18325));
#18325 = ORIENTED_EDGE('',*,*,#18326,.T.);
#18326 = EDGE_CURVE('',#18327,#18327,#18329,.T.);
#18327 = VERTEX_POINT('',#18328);
#18328 = CARTESIAN_POINT('',(169.4125,-85.6,1.04));
#18329 = CIRCLE('',#18330,0.85);
#18330 = AXIS2_PLACEMENT_3D('',#18331,#18332,#18333);
#18331 = CARTESIAN_POINT('',(169.4125,-84.75,1.04));
#18332 = DIRECTION('',(-0.,0.,-1.));
#18333 = DIRECTION('',(-0.,-1.,0.));
#18334 = FACE_BOUND('',#18335,.T.);
#18335 = EDGE_LOOP('',(#18336));
#18336 = ORIENTED_EDGE('',*,*,#18337,.T.);
#18337 = EDGE_CURVE('',#18338,#18338,#18340,.T.);
#18338 = VERTEX_POINT('',#18339);
#18339 = CARTESIAN_POINT('',(173.3725,-85.6,1.04));
#18340 = CIRCLE('',#18341,0.85);
#18341 = AXIS2_PLACEMENT_3D('',#18342,#18343,#18344);
#18342 = CARTESIAN_POINT('',(173.3725,-84.75,1.04));
#18343 = DIRECTION('',(-0.,0.,-1.));
#18344 = DIRECTION('',(-0.,-1.,0.));
#18345 = FACE_BOUND('',#18346,.T.);
#18346 = EDGE_LOOP('',(#18347));
#18347 = ORIENTED_EDGE('',*,*,#18348,.T.);
#18348 = EDGE_CURVE('',#18349,#18349,#18351,.T.);
#18349 = VERTEX_POINT('',#18350);
#18350 = CARTESIAN_POINT('',(180.82,-85.6,1.04));
#18351 = CIRCLE('',#18352,0.85);
#18352 = AXIS2_PLACEMENT_3D('',#18353,#18354,#18355);
#18353 = CARTESIAN_POINT('',(180.82,-84.75,1.04));
#18354 = DIRECTION('',(-0.,0.,-1.));
#18355 = DIRECTION('',(-0.,-1.,0.));
#18356 = FACE_BOUND('',#18357,.T.);
#18357 = EDGE_LOOP('',(#18358));
#18358 = ORIENTED_EDGE('',*,*,#18359,.T.);
#18359 = EDGE_CURVE('',#18360,#18360,#18362,.T.);
#18360 = VERTEX_POINT('',#18361);
#18361 = CARTESIAN_POINT('',(184.78,-85.6,1.04));
#18362 = CIRCLE('',#18363,0.85);
#18363 = AXIS2_PLACEMENT_3D('',#18364,#18365,#18366);
#18364 = CARTESIAN_POINT('',(184.78,-84.75,1.04));
#18365 = DIRECTION('',(-0.,0.,-1.));
#18366 = DIRECTION('',(-0.,-1.,0.));
#18367 = FACE_BOUND('',#18368,.T.);
#18368 = EDGE_LOOP('',(#18369));
#18369 = ORIENTED_EDGE('',*,*,#18370,.T.);
#18370 = EDGE_CURVE('',#18371,#18371,#18373,.T.);
#18371 = VERTEX_POINT('',#18372);
#18372 = CARTESIAN_POINT('',(170.1425,-75.,1.04));
#18373 = CIRCLE('',#18374,0.7);
#18374 = AXIS2_PLACEMENT_3D('',#18375,#18376,#18377);
#18375 = CARTESIAN_POINT('',(170.1425,-74.3,1.04));
#18376 = DIRECTION('',(-0.,0.,-1.));
#18377 = DIRECTION('',(4.060244204343E-14,-1.,-0.));
#18378 = FACE_BOUND('',#18379,.T.);
#18379 = EDGE_LOOP('',(#18380));
#18380 = ORIENTED_EDGE('',*,*,#18381,.T.);
#18381 = EDGE_CURVE('',#18382,#18382,#18384,.T.);
#18382 = VERTEX_POINT('',#18383);
#18383 = CARTESIAN_POINT('',(172.6425,-75.,1.04));
#18384 = CIRCLE('',#18385,0.7);
#18385 = AXIS2_PLACEMENT_3D('',#18386,#18387,#18388);
#18386 = CARTESIAN_POINT('',(172.6425,-74.3,1.04));
#18387 = DIRECTION('',(-0.,0.,-1.));
#18388 = DIRECTION('',(4.060244204343E-14,-1.,-0.));
#18389 = FACE_BOUND('',#18390,.T.);
#18390 = EDGE_LOOP('',(#18391));
#18391 = ORIENTED_EDGE('',*,*,#18392,.T.);
#18392 = EDGE_CURVE('',#18393,#18393,#18395,.T.);
#18393 = VERTEX_POINT('',#18394);
#18394 = CARTESIAN_POINT('',(181.55,-75.,1.04));
#18395 = CIRCLE('',#18396,0.7);
#18396 = AXIS2_PLACEMENT_3D('',#18397,#18398,#18399);
#18397 = CARTESIAN_POINT('',(181.55,-74.3,1.04));
#18398 = DIRECTION('',(-0.,0.,-1.));
#18399 = DIRECTION('',(-0.,-1.,0.));
#18400 = FACE_BOUND('',#18401,.T.);
#18401 = EDGE_LOOP('',(#18402));
#18402 = ORIENTED_EDGE('',*,*,#18403,.T.);
#18403 = EDGE_CURVE('',#18404,#18404,#18406,.T.);
#18404 = VERTEX_POINT('',#18405);
#18405 = CARTESIAN_POINT('',(196.5,-78.360156,1.04));
#18406 = CIRCLE('',#18407,1.75);
#18407 = AXIS2_PLACEMENT_3D('',#18408,#18409,#18410);
#18408 = CARTESIAN_POINT('',(196.5,-76.610156,1.04));
#18409 = DIRECTION('',(-0.,0.,-1.));
#18410 = DIRECTION('',(-0.,-1.,0.));
#18411 = FACE_BOUND('',#18412,.T.);
#18412 = EDGE_LOOP('',(#18413));
#18413 = ORIENTED_EDGE('',*,*,#18414,.T.);
#18414 = EDGE_CURVE('',#18415,#18415,#18417,.T.);
#18415 = VERTEX_POINT('',#18416);
#18416 = CARTESIAN_POINT('',(184.05,-75.,1.04));
#18417 = CIRCLE('',#18418,0.7);
#18418 = AXIS2_PLACEMENT_3D('',#18419,#18420,#18421);
#18419 = CARTESIAN_POINT('',(184.05,-74.3,1.04));
#18420 = DIRECTION('',(-0.,0.,-1.));
#18421 = DIRECTION('',(-0.,-1.,0.));
#18422 = FACE_BOUND('',#18423,.T.);
#18423 = EDGE_LOOP('',(#18424));
#18424 = ORIENTED_EDGE('',*,*,#18425,.T.);
#18425 = EDGE_CURVE('',#18426,#18426,#18428,.T.);
#18426 = VERTEX_POINT('',#18427);
#18427 = CARTESIAN_POINT('',(158.6,-60.881981,1.04));
#18428 = CIRCLE('',#18429,1.75);
#18429 = AXIS2_PLACEMENT_3D('',#18430,#18431,#18432);
#18430 = CARTESIAN_POINT('',(158.6,-59.131981,1.04));
#18431 = DIRECTION('',(-0.,0.,-1.));
#18432 = DIRECTION('',(-0.,-1.,0.));
#18433 = FACE_BOUND('',#18434,.T.);
#18434 = EDGE_LOOP('',(#18435));
#18435 = ORIENTED_EDGE('',*,*,#18436,.T.);
#18436 = EDGE_CURVE('',#18437,#18437,#18439,.T.);
#18437 = VERTEX_POINT('',#18438);
#18438 = CARTESIAN_POINT('',(170.1425,-71.5,1.04));
#18439 = CIRCLE('',#18440,0.7);
#18440 = AXIS2_PLACEMENT_3D('',#18441,#18442,#18443);
#18441 = CARTESIAN_POINT('',(170.1425,-70.8,1.04));
#18442 = DIRECTION('',(-0.,0.,-1.));
#18443 = DIRECTION('',(4.060244204343E-14,-1.,-0.));
#18444 = FACE_BOUND('',#18445,.T.);
#18445 = EDGE_LOOP('',(#18446));
#18446 = ORIENTED_EDGE('',*,*,#18447,.T.);
#18447 = EDGE_CURVE('',#18448,#18448,#18450,.T.);
#18448 = VERTEX_POINT('',#18449);
#18449 = CARTESIAN_POINT('',(172.6425,-71.5,1.04));
#18450 = CIRCLE('',#18451,0.7);
#18451 = AXIS2_PLACEMENT_3D('',#18452,#18453,#18454);
#18452 = CARTESIAN_POINT('',(172.6425,-70.8,1.04));
#18453 = DIRECTION('',(-0.,0.,-1.));
#18454 = DIRECTION('',(4.060244204343E-14,-1.,-0.));
#18455 = FACE_BOUND('',#18456,.T.);
#18456 = EDGE_LOOP('',(#18457));
#18457 = ORIENTED_EDGE('',*,*,#18458,.T.);
#18458 = EDGE_CURVE('',#18459,#18459,#18461,.T.);
#18459 = VERTEX_POINT('',#18460);
#18460 = CARTESIAN_POINT('',(171.3925,-69.1,1.04));
#18461 = CIRCLE('',#18462,1.2);
#18462 = AXIS2_PLACEMENT_3D('',#18463,#18464,#18465);
#18463 = CARTESIAN_POINT('',(171.3925,-67.9,1.04));
#18464 = DIRECTION('',(-0.,0.,-1.));
#18465 = DIRECTION('',(2.368475785867E-14,-1.,-0.));
#18466 = FACE_BOUND('',#18467,.T.);
#18467 = EDGE_LOOP('',(#18468));
#18468 = ORIENTED_EDGE('',*,*,#18469,.T.);
#18469 = EDGE_CURVE('',#18470,#18470,#18472,.T.);
#18470 = VERTEX_POINT('',#18471);
#18471 = CARTESIAN_POINT('',(181.55,-71.5,1.04));
#18472 = CIRCLE('',#18473,0.7);
#18473 = AXIS2_PLACEMENT_3D('',#18474,#18475,#18476);
#18474 = CARTESIAN_POINT('',(181.55,-70.8,1.04));
#18475 = DIRECTION('',(-0.,0.,-1.));
#18476 = DIRECTION('',(-0.,-1.,0.));
#18477 = FACE_BOUND('',#18478,.T.);
#18478 = EDGE_LOOP('',(#18479));
#18479 = ORIENTED_EDGE('',*,*,#18480,.T.);
#18480 = EDGE_CURVE('',#18481,#18481,#18483,.T.);
#18481 = VERTEX_POINT('',#18482);
#18482 = CARTESIAN_POINT('',(182.8,-69.1,1.04));
#18483 = CIRCLE('',#18484,1.2);
#18484 = AXIS2_PLACEMENT_3D('',#18485,#18486,#18487);
#18485 = CARTESIAN_POINT('',(182.8,-67.9,1.04));
#18486 = DIRECTION('',(-0.,0.,-1.));
#18487 = DIRECTION('',(-0.,-1.,0.));
#18488 = FACE_BOUND('',#18489,.T.);
#18489 = EDGE_LOOP('',(#18490));
#18490 = ORIENTED_EDGE('',*,*,#18491,.T.);
#18491 = EDGE_CURVE('',#18492,#18492,#18494,.T.);
#18492 = VERTEX_POINT('',#18493);
#18493 = CARTESIAN_POINT('',(170.1425,-65.7,1.04));
#18494 = CIRCLE('',#18495,0.7);
#18495 = AXIS2_PLACEMENT_3D('',#18496,#18497,#18498);
#18496 = CARTESIAN_POINT('',(170.1425,-65.,1.04));
#18497 = DIRECTION('',(-0.,0.,-1.));
#18498 = DIRECTION('',(4.060244204343E-14,-1.,-0.));
#18499 = FACE_BOUND('',#18500,.T.);
#18500 = EDGE_LOOP('',(#18501));
#18501 = ORIENTED_EDGE('',*,*,#18502,.T.);
#18502 = EDGE_CURVE('',#18503,#18503,#18505,.T.);
#18503 = VERTEX_POINT('',#18504);
#18504 = CARTESIAN_POINT('',(172.6425,-65.7,1.04));
#18505 = CIRCLE('',#18506,0.7);
#18506 = AXIS2_PLACEMENT_3D('',#18507,#18508,#18509);
#18507 = CARTESIAN_POINT('',(172.6425,-65.,1.04));
#18508 = DIRECTION('',(-0.,0.,-1.));
#18509 = DIRECTION('',(4.060244204343E-14,-1.,-0.));
#18510 = FACE_BOUND('',#18511,.T.);
#18511 = EDGE_LOOP('',(#18512));
#18512 = ORIENTED_EDGE('',*,*,#18513,.T.);
#18513 = EDGE_CURVE('',#18514,#18514,#18516,.T.);
#18514 = VERTEX_POINT('',#18515);
#18515 = CARTESIAN_POINT('',(181.55,-65.7,1.04));
#18516 = CIRCLE('',#18517,0.7);
#18517 = AXIS2_PLACEMENT_3D('',#18518,#18519,#18520);
#18518 = CARTESIAN_POINT('',(181.55,-65.,1.04));
#18519 = DIRECTION('',(-0.,0.,-1.));
#18520 = DIRECTION('',(-0.,-1.,0.));
#18521 = FACE_BOUND('',#18522,.T.);
#18522 = EDGE_LOOP('',(#18523));
#18523 = ORIENTED_EDGE('',*,*,#18524,.T.);
#18524 = EDGE_CURVE('',#18525,#18525,#18527,.T.);
#18525 = VERTEX_POINT('',#18526);
#18526 = CARTESIAN_POINT('',(184.05,-71.5,1.04));
#18527 = CIRCLE('',#18528,0.7);
#18528 = AXIS2_PLACEMENT_3D('',#18529,#18530,#18531);
#18529 = CARTESIAN_POINT('',(184.05,-70.8,1.04));
#18530 = DIRECTION('',(-0.,0.,-1.));
#18531 = DIRECTION('',(-0.,-1.,0.));
#18532 = FACE_BOUND('',#18533,.T.);
#18533 = EDGE_LOOP('',(#18534));
#18534 = ORIENTED_EDGE('',*,*,#18535,.T.);
#18535 = EDGE_CURVE('',#18536,#18536,#18538,.T.);
#18536 = VERTEX_POINT('',#18537);
#18537 = CARTESIAN_POINT('',(184.05,-65.7,1.04));
#18538 = CIRCLE('',#18539,0.7);
#18539 = AXIS2_PLACEMENT_3D('',#18540,#18541,#18542);
#18540 = CARTESIAN_POINT('',(184.05,-65.,1.04));
#18541 = DIRECTION('',(-0.,0.,-1.));
#18542 = DIRECTION('',(-0.,-1.,0.));
#18543 = FACE_BOUND('',#18544,.T.);
#18544 = EDGE_LOOP('',(#18545));
#18545 = ORIENTED_EDGE('',*,*,#18546,.T.);
#18546 = EDGE_CURVE('',#18547,#18547,#18549,.T.);
#18547 = VERTEX_POINT('',#18548);
#18548 = CARTESIAN_POINT('',(170.1425,-62.2,1.04));
#18549 = CIRCLE('',#18550,0.7);
#18550 = AXIS2_PLACEMENT_3D('',#18551,#18552,#18553);
#18551 = CARTESIAN_POINT('',(170.1425,-61.5,1.04));
#18552 = DIRECTION('',(-0.,0.,-1.));
#18553 = DIRECTION('',(4.060244204343E-14,-1.,-0.));
#18554 = FACE_BOUND('',#18555,.T.);
#18555 = EDGE_LOOP('',(#18556));
#18556 = ORIENTED_EDGE('',*,*,#18557,.T.);
#18557 = EDGE_CURVE('',#18558,#18558,#18560,.T.);
#18558 = VERTEX_POINT('',#18559);
#18559 = CARTESIAN_POINT('',(172.6425,-62.2,1.04));
#18560 = CIRCLE('',#18561,0.7);
#18561 = AXIS2_PLACEMENT_3D('',#18562,#18563,#18564);
#18562 = CARTESIAN_POINT('',(172.6425,-61.5,1.04));
#18563 = DIRECTION('',(-0.,0.,-1.));
#18564 = DIRECTION('',(4.060244204343E-14,-1.,-0.));
#18565 = FACE_BOUND('',#18566,.T.);
#18566 = EDGE_LOOP('',(#18567));
#18567 = ORIENTED_EDGE('',*,*,#18568,.T.);
#18568 = EDGE_CURVE('',#18569,#18569,#18571,.T.);
#18569 = VERTEX_POINT('',#18570);
#18570 = CARTESIAN_POINT('',(181.55,-62.2,1.04));
#18571 = CIRCLE('',#18572,0.7);
#18572 = AXIS2_PLACEMENT_3D('',#18573,#18574,#18575);
#18573 = CARTESIAN_POINT('',(181.55,-61.5,1.04));
#18574 = DIRECTION('',(-0.,0.,-1.));
#18575 = DIRECTION('',(-0.,-1.,0.));
#18576 = FACE_BOUND('',#18577,.T.);
#18577 = EDGE_LOOP('',(#18578));
#18578 = ORIENTED_EDGE('',*,*,#18579,.T.);
#18579 = EDGE_CURVE('',#18580,#18580,#18582,.T.);
#18580 = VERTEX_POINT('',#18581);
#18581 = CARTESIAN_POINT('',(184.05,-62.2,1.04));
#18582 = CIRCLE('',#18583,0.7);
#18583 = AXIS2_PLACEMENT_3D('',#18584,#18585,#18586);
#18584 = CARTESIAN_POINT('',(184.05,-61.5,1.04));
#18585 = DIRECTION('',(-0.,0.,-1.));
#18586 = DIRECTION('',(-0.,-1.,0.));
#18587 = PLANE('',#18588);
#18588 = AXIS2_PLACEMENT_3D('',#18589,#18590,#18591);
#18589 = CARTESIAN_POINT('',(0.,0.,1.04));
#18590 = DIRECTION('',(0.,0.,1.));
#18591 = DIRECTION('',(1.,0.,-0.));
#18592 = ADVANCED_FACE('',(#18593),#18604,.T.);
#18593 = FACE_BOUND('',#18594,.T.);
#18594 = EDGE_LOOP('',(#18595,#18601,#18602,#18603));
#18595 = ORIENTED_EDGE('',*,*,#18596,.T.);
#18596 = EDGE_CURVE('',#16779,#17689,#18597,.T.);
#18597 = LINE('',#18598,#18599);
#18598 = CARTESIAN_POINT('',(87.035029,-56.010661,0.));
#18599 = VECTOR('',#18600,1.);
#18600 = DIRECTION('',(0.,0.,1.));
#18601 = ORIENTED_EDGE('',*,*,#17688,.T.);
#18602 = ORIENTED_EDGE('',*,*,#16714,.F.);
#18603 = ORIENTED_EDGE('',*,*,#16778,.F.);
#18604 = CYLINDRICAL_SURFACE('',#18605,3.000247754252);
#18605 = AXIS2_PLACEMENT_3D('',#18606,#18607,#18608);
#18606 = CARTESIAN_POINT('',(89.156452309611,-58.13222875247,0.));
#18607 = DIRECTION('',(0.,0.,-1.));
#18608 = DIRECTION('',(-0.707082708954,0.707130852599,0.));
#18609 = ADVANCED_FACE('',(#18610),#18621,.F.);
#18610 = FACE_BOUND('',#18611,.T.);
#18611 = EDGE_LOOP('',(#18612,#18613,#18614,#18620));
#18612 = ORIENTED_EDGE('',*,*,#16754,.T.);
#18613 = ORIENTED_EDGE('',*,*,#17909,.T.);
#18614 = ORIENTED_EDGE('',*,*,#18615,.F.);
#18615 = EDGE_CURVE('',#16992,#17902,#18616,.T.);
#18616 = LINE('',#18617,#18618);
#18617 = CARTESIAN_POINT('',(154.6,-69.131981,0.));
#18618 = VECTOR('',#18619,1.);
#18619 = DIRECTION('',(0.,0.,1.));
#18620 = ORIENTED_EDGE('',*,*,#16999,.F.);
#18621 = CYLINDRICAL_SURFACE('',#18622,15.);
#18622 = AXIS2_PLACEMENT_3D('',#18623,#18624,#18625);
#18623 = CARTESIAN_POINT('',(139.6,-69.131981,0.));
#18624 = DIRECTION('',(-0.,-0.,-1.));
#18625 = DIRECTION('',(-1.,0.,-0.));
#18626 = ADVANCED_FACE('',(#18627),#18638,.T.);
#18627 = FACE_BOUND('',#18628,.T.);
#18628 = EDGE_LOOP('',(#18629,#18635,#18636,#18637));
#18629 = ORIENTED_EDGE('',*,*,#18630,.T.);
#18630 = EDGE_CURVE('',#16788,#17698,#18631,.T.);
#18631 = LINE('',#18632,#18633);
#18632 = CARTESIAN_POINT('',(79.57868,-63.46701,0.));
#18633 = VECTOR('',#18634,1.);
#18634 = DIRECTION('',(0.,0.,1.));
#18635 = ORIENTED_EDGE('',*,*,#17697,.T.);
#18636 = ORIENTED_EDGE('',*,*,#18596,.F.);
#18637 = ORIENTED_EDGE('',*,*,#16787,.F.);
#18638 = PLANE('',#18639);
#18639 = AXIS2_PLACEMENT_3D('',#18640,#18641,#18642);
#18640 = CARTESIAN_POINT('',(79.57868,-63.46701,0.));
#18641 = DIRECTION('',(-0.707106781187,0.707106781187,0.));
#18642 = DIRECTION('',(0.707106781187,0.707106781187,0.));
#18643 = ADVANCED_FACE('',(#18644),#18655,.T.);
#18644 = FACE_BOUND('',#18645,.T.);
#18645 = EDGE_LOOP('',(#18646,#18647,#18648,#18654));
#18646 = ORIENTED_EDGE('',*,*,#18615,.T.);
#18647 = ORIENTED_EDGE('',*,*,#17901,.T.);
#18648 = ORIENTED_EDGE('',*,*,#18649,.F.);
#18649 = EDGE_CURVE('',#16983,#17893,#18650,.T.);
#18650 = LINE('',#18651,#18652);
#18651 = CARTESIAN_POINT('',(154.6,-58.131981,0.));
#18652 = VECTOR('',#18653,1.);
#18653 = DIRECTION('',(0.,0.,1.));
#18654 = ORIENTED_EDGE('',*,*,#16991,.F.);
#18655 = PLANE('',#18656);
#18656 = AXIS2_PLACEMENT_3D('',#18657,#18658,#18659);
#18657 = CARTESIAN_POINT('',(154.6,-69.131981,0.));
#18658 = DIRECTION('',(-1.,0.,0.));
#18659 = DIRECTION('',(0.,1.,0.));
#18660 = ADVANCED_FACE('',(#18661),#18672,.T.);
#18661 = FACE_BOUND('',#18662,.T.);
#18662 = EDGE_LOOP('',(#18663,#18669,#18670,#18671));
#18663 = ORIENTED_EDGE('',*,*,#18664,.T.);
#18664 = EDGE_CURVE('',#16796,#17706,#18665,.T.);
#18665 = LINE('',#18666,#18667);
#18666 = CARTESIAN_POINT('',(78.7,-65.58833,0.));
#18667 = VECTOR('',#18668,1.);
#18668 = DIRECTION('',(0.,0.,1.));
#18669 = ORIENTED_EDGE('',*,*,#17705,.T.);
#18670 = ORIENTED_EDGE('',*,*,#18630,.F.);
#18671 = ORIENTED_EDGE('',*,*,#16795,.F.);
#18672 = CYLINDRICAL_SURFACE('',#18673,2.999860251516);
#18673 = AXIS2_PLACEMENT_3D('',#18674,#18675,#18676);
#18674 = CARTESIAN_POINT('',(81.699860250971,-65.58827280114,0.));
#18675 = DIRECTION('',(0.,0.,-1.));
#18676 = DIRECTION('',(-0.999999999818,-1.906717345036E-05,-0.));
#18677 = ADVANCED_FACE('',(#18678),#18689,.T.);
#18678 = FACE_BOUND('',#18679,.T.);
#18679 = EDGE_LOOP('',(#18680,#18681,#18682,#18688));
#18680 = ORIENTED_EDGE('',*,*,#18649,.T.);
#18681 = ORIENTED_EDGE('',*,*,#17892,.T.);
#18682 = ORIENTED_EDGE('',*,*,#18683,.F.);
#18683 = EDGE_CURVE('',#16975,#17885,#18684,.T.);
#18684 = LINE('',#18685,#18686);
#18685 = CARTESIAN_POINT('',(157.6,-55.131981,0.));
#18686 = VECTOR('',#18687,1.);
#18687 = DIRECTION('',(0.,0.,1.));
#18688 = ORIENTED_EDGE('',*,*,#16982,.F.);
#18689 = CYLINDRICAL_SURFACE('',#18690,3.00003190148);
#18690 = AXIS2_PLACEMENT_3D('',#18691,#18692,#18693);
#18691 = CARTESIAN_POINT('',(157.60003190131,-58.13201290131,0.));
#18692 = DIRECTION('',(0.,0.,-1.));
#18693 = DIRECTION('',(-0.999999999943,1.063365702622E-05,0.));
#18694 = ADVANCED_FACE('',(#18695),#18706,.T.);
#18695 = FACE_BOUND('',#18696,.T.);
#18696 = EDGE_LOOP('',(#18697,#18703,#18704,#18705));
#18697 = ORIENTED_EDGE('',*,*,#18698,.T.);
#18698 = EDGE_CURVE('',#16805,#17715,#18699,.T.);
#18699 = LINE('',#18700,#18701);
#18700 = CARTESIAN_POINT('',(78.7,-87.631981,0.));
#18701 = VECTOR('',#18702,1.);
#18702 = DIRECTION('',(0.,0.,1.));
#18703 = ORIENTED_EDGE('',*,*,#17714,.T.);
#18704 = ORIENTED_EDGE('',*,*,#18664,.F.);
#18705 = ORIENTED_EDGE('',*,*,#16804,.F.);
#18706 = PLANE('',#18707);
#18707 = AXIS2_PLACEMENT_3D('',#18708,#18709,#18710);
#18708 = CARTESIAN_POINT('',(78.7,-87.631981,0.));
#18709 = DIRECTION('',(-1.,0.,0.));
#18710 = DIRECTION('',(0.,1.,0.));
#18711 = ADVANCED_FACE('',(#18712),#18723,.T.);
#18712 = FACE_BOUND('',#18713,.T.);
#18713 = EDGE_LOOP('',(#18714,#18715,#18716,#18722));
#18714 = ORIENTED_EDGE('',*,*,#18683,.T.);
#18715 = ORIENTED_EDGE('',*,*,#17884,.T.);
#18716 = ORIENTED_EDGE('',*,*,#18717,.F.);
#18717 = EDGE_CURVE('',#16966,#17876,#18718,.T.);
#18718 = LINE('',#18719,#18720);
#18719 = CARTESIAN_POINT('',(190.043651,-55.131981,0.));
#18720 = VECTOR('',#18721,1.);
#18721 = DIRECTION('',(0.,0.,1.));
#18722 = ORIENTED_EDGE('',*,*,#16974,.F.);
#18723 = PLANE('',#18724);
#18724 = AXIS2_PLACEMENT_3D('',#18725,#18726,#18727);
#18725 = CARTESIAN_POINT('',(157.6,-55.131981,0.));
#18726 = DIRECTION('',(0.,1.,0.));
#18727 = DIRECTION('',(1.,0.,0.));
#18728 = ADVANCED_FACE('',(#18729),#18740,.T.);
#18729 = FACE_BOUND('',#18730,.T.);
#18730 = EDGE_LOOP('',(#18731,#18737,#18738,#18739));
#18731 = ORIENTED_EDGE('',*,*,#18732,.T.);
#18732 = EDGE_CURVE('',#16813,#17723,#18733,.T.);
#18733 = LINE('',#18734,#18735);
#18734 = CARTESIAN_POINT('',(81.7,-90.631981,0.));
#18735 = VECTOR('',#18736,1.);
#18736 = DIRECTION('',(0.,0.,1.));
#18737 = ORIENTED_EDGE('',*,*,#17722,.T.);
#18738 = ORIENTED_EDGE('',*,*,#18698,.F.);
#18739 = ORIENTED_EDGE('',*,*,#16812,.F.);
#18740 = CYLINDRICAL_SURFACE('',#18741,3.000013122826);
#18741 = AXIS2_PLACEMENT_3D('',#18742,#18743,#18744);
#18742 = CARTESIAN_POINT('',(81.700013122798,-87.6319678772,0.));
#18743 = DIRECTION('',(0.,0.,-1.));
#18744 = DIRECTION('',(-4.374246769409E-06,-0.99999999999,-0.));
#18745 = ADVANCED_FACE('',(#18746),#18757,.T.);
#18746 = FACE_BOUND('',#18747,.T.);
#18747 = EDGE_LOOP('',(#18748,#18749,#18750,#18756));
#18748 = ORIENTED_EDGE('',*,*,#18717,.T.);
#18749 = ORIENTED_EDGE('',*,*,#17875,.T.);
#18750 = ORIENTED_EDGE('',*,*,#18751,.F.);
#18751 = EDGE_CURVE('',#16958,#17868,#18752,.T.);
#18752 = LINE('',#18753,#18754);
#18753 = CARTESIAN_POINT('',(192.164971,-56.010661,0.));
#18754 = VECTOR('',#18755,1.);
#18755 = DIRECTION('',(0.,0.,1.));
#18756 = ORIENTED_EDGE('',*,*,#16965,.F.);
#18757 = CYLINDRICAL_SURFACE('',#18758,2.999747339304);
#18758 = AXIS2_PLACEMENT_3D('',#18759,#18760,#18761);
#18759 = CARTESIAN_POINT('',(190.04375496917,-58.1317283375,0.));
#18760 = DIRECTION('',(0.,0.,-1.));
#18761 = DIRECTION('',(-3.465930964941E-05,0.999999999399,0.));
#18762 = ADVANCED_FACE('',(#18763),#18774,.T.);
#18763 = FACE_BOUND('',#18764,.T.);
#18764 = EDGE_LOOP('',(#18765,#18771,#18772,#18773));
#18765 = ORIENTED_EDGE('',*,*,#18766,.T.);
#18766 = EDGE_CURVE('',#16822,#17732,#18767,.T.);
#18767 = LINE('',#18768,#18769);
#18768 = CARTESIAN_POINT('',(108.357359,-90.631981,0.));
#18769 = VECTOR('',#18770,1.);
#18770 = DIRECTION('',(0.,0.,1.));
#18771 = ORIENTED_EDGE('',*,*,#17731,.T.);
#18772 = ORIENTED_EDGE('',*,*,#18732,.F.);
#18773 = ORIENTED_EDGE('',*,*,#16821,.F.);
#18774 = PLANE('',#18775);
#18775 = AXIS2_PLACEMENT_3D('',#18776,#18777,#18778);
#18776 = CARTESIAN_POINT('',(108.357359,-90.631981,0.));
#18777 = DIRECTION('',(0.,-1.,0.));
#18778 = DIRECTION('',(-1.,0.,0.));
#18779 = ADVANCED_FACE('',(#18780),#18791,.T.);
#18780 = FACE_BOUND('',#18781,.T.);
#18781 = EDGE_LOOP('',(#18782,#18783,#18784,#18790));
#18782 = ORIENTED_EDGE('',*,*,#18751,.T.);
#18783 = ORIENTED_EDGE('',*,*,#17867,.T.);
#18784 = ORIENTED_EDGE('',*,*,#18785,.F.);
#18785 = EDGE_CURVE('',#16949,#17859,#18786,.T.);
#18786 = LINE('',#18787,#18788);
#18787 = CARTESIAN_POINT('',(199.62132,-63.46701,0.));
#18788 = VECTOR('',#18789,1.);
#18789 = DIRECTION('',(0.,0.,1.));
#18790 = ORIENTED_EDGE('',*,*,#16957,.F.);
#18791 = PLANE('',#18792);
#18792 = AXIS2_PLACEMENT_3D('',#18793,#18794,#18795);
#18793 = CARTESIAN_POINT('',(192.164971,-56.010661,0.));
#18794 = DIRECTION('',(0.707106781187,0.707106781187,-0.));
#18795 = DIRECTION('',(0.707106781187,-0.707106781187,0.));
#18796 = ADVANCED_FACE('',(#18797),#18808,.F.);
#18797 = FACE_BOUND('',#18798,.T.);
#18798 = EDGE_LOOP('',(#18799,#18805,#18806,#18807));
#18799 = ORIENTED_EDGE('',*,*,#18800,.T.);
#18800 = EDGE_CURVE('',#16830,#17740,#18801,.T.);
#18801 = LINE('',#18802,#18803);
#18802 = CARTESIAN_POINT('',(110.47868,-91.510661,0.));
#18803 = VECTOR('',#18804,1.);
#18804 = DIRECTION('',(0.,0.,1.));
#18805 = ORIENTED_EDGE('',*,*,#17739,.T.);
#18806 = ORIENTED_EDGE('',*,*,#18766,.F.);
#18807 = ORIENTED_EDGE('',*,*,#16829,.F.);
#18808 = CYLINDRICAL_SURFACE('',#18809,2.999794904887);
#18809 = AXIS2_PLACEMENT_3D('',#18810,#18811,#18812);
#18810 = CARTESIAN_POINT('',(108.35744426656,-93.63177590367,0.));
#18811 = DIRECTION('',(-0.,-0.,-1.));
#18812 = DIRECTION('',(0.70712692057,0.70708664123,-0.));
#18813 = ADVANCED_FACE('',(#18814),#18825,.T.);
#18814 = FACE_BOUND('',#18815,.T.);
#18815 = EDGE_LOOP('',(#18816,#18817,#18818,#18824));
#18816 = ORIENTED_EDGE('',*,*,#18785,.T.);
#18817 = ORIENTED_EDGE('',*,*,#17858,.T.);
#18818 = ORIENTED_EDGE('',*,*,#18819,.F.);
#18819 = EDGE_CURVE('',#16941,#17851,#18820,.T.);
#18820 = LINE('',#18821,#18822);
#18821 = CARTESIAN_POINT('',(200.5,-65.58833,0.));
#18822 = VECTOR('',#18823,1.);
#18823 = DIRECTION('',(0.,0.,1.));
#18824 = ORIENTED_EDGE('',*,*,#16948,.F.);
#18825 = CYLINDRICAL_SURFACE('',#18826,3.000126315967);
#18826 = AXIS2_PLACEMENT_3D('',#18827,#18828,#18829);
#18827 = CARTESIAN_POINT('',(197.4998736845,-65.58838300874,0.));
#18828 = DIRECTION('',(0.,0.,-1.));
#18829 = DIRECTION('',(0.70711899836,0.707094563802,0.));
#18830 = ADVANCED_FACE('',(#18831),#18842,.T.);
#18831 = FACE_BOUND('',#18832,.T.);
#18832 = EDGE_LOOP('',(#18833,#18839,#18840,#18841));
#18833 = ORIENTED_EDGE('',*,*,#18834,.T.);
#18834 = EDGE_CURVE('',#16839,#17749,#18835,.T.);
#18835 = LINE('',#18836,#18837);
#18836 = CARTESIAN_POINT('',(118.72132,-99.753302,0.));
#18837 = VECTOR('',#18838,1.);
#18838 = DIRECTION('',(0.,0.,1.));
#18839 = ORIENTED_EDGE('',*,*,#17748,.T.);
#18840 = ORIENTED_EDGE('',*,*,#18800,.F.);
#18841 = ORIENTED_EDGE('',*,*,#16838,.F.);
#18842 = PLANE('',#18843);
#18843 = AXIS2_PLACEMENT_3D('',#18844,#18845,#18846);
#18844 = CARTESIAN_POINT('',(118.72132,-99.753302,0.));
#18845 = DIRECTION('',(-0.70710682408,-0.707106738293,0.));
#18846 = DIRECTION('',(-0.707106738293,0.70710682408,0.));
#18847 = ADVANCED_FACE('',(#18848),#18859,.T.);
#18848 = FACE_BOUND('',#18849,.T.);
#18849 = EDGE_LOOP('',(#18850,#18851,#18852,#18858));
#18850 = ORIENTED_EDGE('',*,*,#18819,.T.);
#18851 = ORIENTED_EDGE('',*,*,#17850,.T.);
#18852 = ORIENTED_EDGE('',*,*,#18853,.F.);
#18853 = EDGE_CURVE('',#16932,#17842,#18854,.T.);
#18854 = LINE('',#18855,#18856);
#18855 = CARTESIAN_POINT('',(200.5,-87.631981,0.));
#18856 = VECTOR('',#18857,1.);
#18857 = DIRECTION('',(0.,0.,1.));
#18858 = ORIENTED_EDGE('',*,*,#16940,.F.);
#18859 = PLANE('',#18860);
#18860 = AXIS2_PLACEMENT_3D('',#18861,#18862,#18863);
#18861 = CARTESIAN_POINT('',(200.5,-65.58833,0.));
#18862 = DIRECTION('',(1.,0.,-0.));
#18863 = DIRECTION('',(0.,-1.,0.));
#18864 = ADVANCED_FACE('',(#18865),#18876,.F.);
#18865 = FACE_BOUND('',#18866,.T.);
#18866 = EDGE_LOOP('',(#18867,#18873,#18874,#18875));
#18867 = ORIENTED_EDGE('',*,*,#18868,.T.);
#18868 = EDGE_CURVE('',#16847,#17757,#18869,.T.);
#18869 = LINE('',#18870,#18871);
#18870 = CARTESIAN_POINT('',(119.6,-101.874622,0.));
#18871 = VECTOR('',#18872,1.);
#18872 = DIRECTION('',(0.,0.,1.));
#18873 = ORIENTED_EDGE('',*,*,#17756,.T.);
#18874 = ORIENTED_EDGE('',*,*,#18834,.F.);
#18875 = ORIENTED_EDGE('',*,*,#16846,.F.);
#18876 = CYLINDRICAL_SURFACE('',#18877,3.000088028649);
#18877 = AXIS2_PLACEMENT_3D('',#18878,#18879,#18880);
#18878 = CARTESIAN_POINT('',(116.59991197158,-101.8746591497,0.));
#18879 = DIRECTION('',(-0.,-0.,-1.));
#18880 = DIRECTION('',(0.999999999923,1.238287144043E-05,-0.));
#18881 = ADVANCED_FACE('',(#18882),#18893,.T.);
#18882 = FACE_BOUND('',#18883,.T.);
#18883 = EDGE_LOOP('',(#18884,#18885,#18886,#18892));
#18884 = ORIENTED_EDGE('',*,*,#18853,.T.);
#18885 = ORIENTED_EDGE('',*,*,#17841,.T.);
#18886 = ORIENTED_EDGE('',*,*,#18887,.F.);
#18887 = EDGE_CURVE('',#16924,#17834,#18888,.T.);
#18888 = LINE('',#18889,#18890);
#18889 = CARTESIAN_POINT('',(197.5,-90.631981,0.));
#18890 = VECTOR('',#18891,1.);
#18891 = DIRECTION('',(0.,0.,1.));
#18892 = ORIENTED_EDGE('',*,*,#16931,.F.);
#18893 = CYLINDRICAL_SURFACE('',#18894,2.999967031462);
#18894 = AXIS2_PLACEMENT_3D('',#18895,#18896,#18897);
#18895 = CARTESIAN_POINT('',(197.50003296872,-87.63201396872,0.));
#18896 = DIRECTION('',(0.,0.,-1.));
#18897 = DIRECTION('',(0.99999999994,1.098969395055E-05,0.));
#18898 = ADVANCED_FACE('',(#18899),#18910,.T.);
#18899 = FACE_BOUND('',#18900,.T.);
#18900 = EDGE_LOOP('',(#18901,#18907,#18908,#18909));
#18901 = ORIENTED_EDGE('',*,*,#18902,.T.);
#18902 = EDGE_CURVE('',#16856,#17766,#18903,.T.);
#18903 = LINE('',#18904,#18905);
#18904 = CARTESIAN_POINT('',(119.6,-112.631981,0.));
#18905 = VECTOR('',#18906,1.);
#18906 = DIRECTION('',(0.,0.,1.));
#18907 = ORIENTED_EDGE('',*,*,#17765,.T.);
#18908 = ORIENTED_EDGE('',*,*,#18868,.F.);
#18909 = ORIENTED_EDGE('',*,*,#16855,.F.);
#18910 = PLANE('',#18911);
#18911 = AXIS2_PLACEMENT_3D('',#18912,#18913,#18914);
#18912 = CARTESIAN_POINT('',(119.6,-112.631981,0.));
#18913 = DIRECTION('',(-1.,0.,0.));
#18914 = DIRECTION('',(0.,1.,0.));
#18915 = ADVANCED_FACE('',(#18916),#18927,.T.);
#18916 = FACE_BOUND('',#18917,.T.);
#18917 = EDGE_LOOP('',(#18918,#18919,#18920,#18926));
#18918 = ORIENTED_EDGE('',*,*,#18887,.T.);
#18919 = ORIENTED_EDGE('',*,*,#17833,.T.);
#18920 = ORIENTED_EDGE('',*,*,#18921,.F.);
#18921 = EDGE_CURVE('',#16915,#17825,#18922,.T.);
#18922 = LINE('',#18923,#18924);
#18923 = CARTESIAN_POINT('',(170.842641,-90.631981,0.));
#18924 = VECTOR('',#18925,1.);
#18925 = DIRECTION('',(0.,0.,1.));
#18926 = ORIENTED_EDGE('',*,*,#16923,.F.);
#18927 = PLANE('',#18928);
#18928 = AXIS2_PLACEMENT_3D('',#18929,#18930,#18931);
#18929 = CARTESIAN_POINT('',(197.5,-90.631981,0.));
#18930 = DIRECTION('',(0.,-1.,0.));
#18931 = DIRECTION('',(-1.,0.,0.));
#18932 = ADVANCED_FACE('',(#18933),#18944,.T.);
#18933 = FACE_BOUND('',#18934,.T.);
#18934 = EDGE_LOOP('',(#18935,#18941,#18942,#18943));
#18935 = ORIENTED_EDGE('',*,*,#18936,.T.);
#18936 = EDGE_CURVE('',#16864,#17774,#18937,.T.);
#18937 = LINE('',#18938,#18939);
#18938 = CARTESIAN_POINT('',(122.6,-115.631981,0.));
#18939 = VECTOR('',#18940,1.);
#18940 = DIRECTION('',(0.,0.,1.));
#18941 = ORIENTED_EDGE('',*,*,#17773,.T.);
#18942 = ORIENTED_EDGE('',*,*,#18902,.F.);
#18943 = ORIENTED_EDGE('',*,*,#16863,.F.);
#18944 = CYLINDRICAL_SURFACE('',#18945,3.000013122826);
#18945 = AXIS2_PLACEMENT_3D('',#18946,#18947,#18948);
#18946 = CARTESIAN_POINT('',(122.60001312279,-112.6319678772,0.));
#18947 = DIRECTION('',(0.,0.,-1.));
#18948 = DIRECTION('',(-4.374246774146E-06,-0.99999999999,-0.));
#18949 = ADVANCED_FACE('',(#18950),#18961,.F.);
#18950 = FACE_BOUND('',#18951,.T.);
#18951 = EDGE_LOOP('',(#18952,#18953,#18954,#18960));
#18952 = ORIENTED_EDGE('',*,*,#18921,.T.);
#18953 = ORIENTED_EDGE('',*,*,#17824,.T.);
#18954 = ORIENTED_EDGE('',*,*,#18955,.F.);
#18955 = EDGE_CURVE('',#16907,#17817,#18956,.T.);
#18956 = LINE('',#18957,#18958);
#18957 = CARTESIAN_POINT('',(168.72132,-91.510661,0.));
#18958 = VECTOR('',#18959,1.);
#18959 = DIRECTION('',(0.,0.,1.));
#18960 = ORIENTED_EDGE('',*,*,#16914,.F.);
#18961 = CYLINDRICAL_SURFACE('',#18962,3.000214108658);
#18962 = AXIS2_PLACEMENT_3D('',#18963,#18964,#18965);
#18963 = CARTESIAN_POINT('',(170.84272937329,-93.63219510735,0.));
#18964 = DIRECTION('',(-0.,-0.,-1.));
#18965 = DIRECTION('',(-2.94556635962E-05,0.999999999566,0.));
#18966 = ADVANCED_FACE('',(#18967),#18978,.T.);
#18967 = FACE_BOUND('',#18968,.T.);
#18968 = EDGE_LOOP('',(#18969,#18975,#18976,#18977));
#18969 = ORIENTED_EDGE('',*,*,#18970,.T.);
#18970 = EDGE_CURVE('',#16873,#17783,#18971,.T.);
#18971 = LINE('',#18972,#18973);
#18972 = CARTESIAN_POINT('',(156.6,-115.631981,0.));
#18973 = VECTOR('',#18974,1.);
#18974 = DIRECTION('',(0.,0.,1.));
#18975 = ORIENTED_EDGE('',*,*,#17782,.T.);
#18976 = ORIENTED_EDGE('',*,*,#18936,.F.);
#18977 = ORIENTED_EDGE('',*,*,#16872,.F.);
#18978 = PLANE('',#18979);
#18979 = AXIS2_PLACEMENT_3D('',#18980,#18981,#18982);
#18980 = CARTESIAN_POINT('',(156.6,-115.631981,0.));
#18981 = DIRECTION('',(0.,-1.,0.));
#18982 = DIRECTION('',(-1.,0.,0.));
#18983 = ADVANCED_FACE('',(#18984),#18995,.T.);
#18984 = FACE_BOUND('',#18985,.T.);
#18985 = EDGE_LOOP('',(#18986,#18987,#18988,#18994));
#18986 = ORIENTED_EDGE('',*,*,#18955,.T.);
#18987 = ORIENTED_EDGE('',*,*,#17816,.T.);
#18988 = ORIENTED_EDGE('',*,*,#18989,.F.);
#18989 = EDGE_CURVE('',#16898,#17808,#18990,.T.);
#18990 = LINE('',#18991,#18992);
#18991 = CARTESIAN_POINT('',(160.47868,-99.753301,0.));
#18992 = VECTOR('',#18993,1.);
#18993 = DIRECTION('',(0.,0.,1.));
#18994 = ORIENTED_EDGE('',*,*,#16906,.F.);
#18995 = PLANE('',#18996);
#18996 = AXIS2_PLACEMENT_3D('',#18997,#18998,#18999);
#18997 = CARTESIAN_POINT('',(168.72132,-91.510661,0.));
#18998 = DIRECTION('',(0.707106781187,-0.707106781187,0.));
#18999 = DIRECTION('',(-0.707106781187,-0.707106781187,0.));
#19000 = ADVANCED_FACE('',(#19001),#19012,.T.);
#19001 = FACE_BOUND('',#19002,.T.);
#19002 = EDGE_LOOP('',(#19003,#19009,#19010,#19011));
#19003 = ORIENTED_EDGE('',*,*,#19004,.T.);
#19004 = EDGE_CURVE('',#16881,#17791,#19005,.T.);
#19005 = LINE('',#19006,#19007);
#19006 = CARTESIAN_POINT('',(159.6,-112.631981,0.));
#19007 = VECTOR('',#19008,1.);
#19008 = DIRECTION('',(0.,0.,1.));
#19009 = ORIENTED_EDGE('',*,*,#17790,.T.);
#19010 = ORIENTED_EDGE('',*,*,#18970,.F.);
#19011 = ORIENTED_EDGE('',*,*,#16880,.F.);
#19012 = CYLINDRICAL_SURFACE('',#19013,2.999967031462);
#19013 = AXIS2_PLACEMENT_3D('',#19014,#19015,#19016);
#19014 = CARTESIAN_POINT('',(156.60003296872,-112.6320139687,0.));
#19015 = DIRECTION('',(0.,0.,-1.));
#19016 = DIRECTION('',(0.99999999994,1.098969395055E-05,0.));
#19017 = ADVANCED_FACE('',(#19018),#19029,.F.);
#19018 = FACE_BOUND('',#19019,.T.);
#19019 = EDGE_LOOP('',(#19020,#19021,#19022,#19028));
#19020 = ORIENTED_EDGE('',*,*,#18989,.T.);
#19021 = ORIENTED_EDGE('',*,*,#17807,.T.);
#19022 = ORIENTED_EDGE('',*,*,#19023,.F.);
#19023 = EDGE_CURVE('',#16890,#17800,#19024,.T.);
#19024 = LINE('',#19025,#19026);
#19025 = CARTESIAN_POINT('',(159.6,-101.874622,0.));
#19026 = VECTOR('',#19027,1.);
#19027 = DIRECTION('',(0.,0.,1.));
#19028 = ORIENTED_EDGE('',*,*,#16897,.F.);
#19029 = CYLINDRICAL_SURFACE('',#19030,2.999896608665);
#19030 = AXIS2_PLACEMENT_3D('',#19031,#19032,#19033);
#19031 = CARTESIAN_POINT('',(162.59989660835,-101.8745788608,0.));
#19032 = DIRECTION('',(-0.,-0.,-1.));
#19033 = DIRECTION('',(-0.707096572004,0.707116990221,0.));
#19034 = ADVANCED_FACE('',(#19035),#19041,.T.);
#19035 = FACE_BOUND('',#19036,.T.);
#19036 = EDGE_LOOP('',(#19037,#19038,#19039,#19040));
#19037 = ORIENTED_EDGE('',*,*,#19023,.T.);
#19038 = ORIENTED_EDGE('',*,*,#17799,.T.);
#19039 = ORIENTED_EDGE('',*,*,#19004,.F.);
#19040 = ORIENTED_EDGE('',*,*,#16889,.F.);
#19041 = PLANE('',#19042);
#19042 = AXIS2_PLACEMENT_3D('',#19043,#19044,#19045);
#19043 = CARTESIAN_POINT('',(159.6,-101.874622,0.));
#19044 = DIRECTION('',(1.,0.,-0.));
#19045 = DIRECTION('',(0.,-1.,0.));
#19046 = ADVANCED_FACE('',(#19047),#19058,.F.);
#19047 = FACE_BOUND('',#19048,.T.);
#19048 = EDGE_LOOP('',(#19049,#19050,#19056,#19057));
#19049 = ORIENTED_EDGE('',*,*,#17009,.T.);
#19050 = ORIENTED_EDGE('',*,*,#19051,.T.);
#19051 = EDGE_CURVE('',#17010,#17920,#19052,.T.);
#19052 = LINE('',#19053,#19054);
#19053 = CARTESIAN_POINT('',(123.6,-113.381981,-8.1E-02));
#19054 = VECTOR('',#19055,1.);
#19055 = DIRECTION('',(0.,0.,1.));
#19056 = ORIENTED_EDGE('',*,*,#17919,.F.);
#19057 = ORIENTED_EDGE('',*,*,#19051,.F.);
#19058 = CYLINDRICAL_SURFACE('',#19059,1.75);
#19059 = AXIS2_PLACEMENT_3D('',#19060,#19061,#19062);
#19060 = CARTESIAN_POINT('',(123.6,-111.631981,-8.1E-02));
#19061 = DIRECTION('',(-0.,-0.,-1.));
#19062 = DIRECTION('',(-0.,-1.,0.));
#19063 = ADVANCED_FACE('',(#19064),#19075,.F.);
#19064 = FACE_BOUND('',#19065,.T.);
#19065 = EDGE_LOOP('',(#19066,#19067,#19073,#19074));
#19066 = ORIENTED_EDGE('',*,*,#17020,.T.);
#19067 = ORIENTED_EDGE('',*,*,#19068,.T.);
#19068 = EDGE_CURVE('',#17021,#17931,#19069,.T.);
#19069 = LINE('',#19070,#19071);
#19070 = CARTESIAN_POINT('',(155.6,-113.381981,-8.1E-02));
#19071 = VECTOR('',#19072,1.);
#19072 = DIRECTION('',(0.,0.,1.));
#19073 = ORIENTED_EDGE('',*,*,#17930,.F.);
#19074 = ORIENTED_EDGE('',*,*,#19068,.F.);
#19075 = CYLINDRICAL_SURFACE('',#19076,1.75);
#19076 = AXIS2_PLACEMENT_3D('',#19077,#19078,#19079);
#19077 = CARTESIAN_POINT('',(155.6,-111.631981,-8.1E-02));
#19078 = DIRECTION('',(-0.,-0.,-1.));
#19079 = DIRECTION('',(-0.,-1.,0.));
#19080 = ADVANCED_FACE('',(#19081),#19092,.F.);
#19081 = FACE_BOUND('',#19082,.T.);
#19082 = EDGE_LOOP('',(#19083,#19084,#19090,#19091));
#19083 = ORIENTED_EDGE('',*,*,#17031,.T.);
#19084 = ORIENTED_EDGE('',*,*,#19085,.T.);
#19085 = EDGE_CURVE('',#17032,#17942,#19086,.T.);
#19086 = LINE('',#19087,#19088);
#19087 = CARTESIAN_POINT('',(92.486981,-85.6,-8.1E-02));
#19088 = VECTOR('',#19089,1.);
#19089 = DIRECTION('',(0.,0.,1.));
#19090 = ORIENTED_EDGE('',*,*,#17941,.F.);
#19091 = ORIENTED_EDGE('',*,*,#19085,.F.);
#19092 = CYLINDRICAL_SURFACE('',#19093,0.85);
#19093 = AXIS2_PLACEMENT_3D('',#19094,#19095,#19096);
#19094 = CARTESIAN_POINT('',(92.486981,-84.75,-8.1E-02));
#19095 = DIRECTION('',(-0.,-0.,-1.));
#19096 = DIRECTION('',(-0.,-1.,0.));
#19097 = ADVANCED_FACE('',(#19098),#19109,.F.);
#19098 = FACE_BOUND('',#19099,.T.);
#19099 = EDGE_LOOP('',(#19100,#19101,#19107,#19108));
#19100 = ORIENTED_EDGE('',*,*,#17042,.T.);
#19101 = ORIENTED_EDGE('',*,*,#19102,.T.);
#19102 = EDGE_CURVE('',#17043,#17953,#19103,.T.);
#19103 = LINE('',#19104,#19105);
#19104 = CARTESIAN_POINT('',(96.446981,-85.6,-8.1E-02));
#19105 = VECTOR('',#19106,1.);
#19106 = DIRECTION('',(0.,0.,1.));
#19107 = ORIENTED_EDGE('',*,*,#17952,.F.);
#19108 = ORIENTED_EDGE('',*,*,#19102,.F.);
#19109 = CYLINDRICAL_SURFACE('',#19110,0.85);
#19110 = AXIS2_PLACEMENT_3D('',#19111,#19112,#19113);
#19111 = CARTESIAN_POINT('',(96.446981,-84.75,-8.1E-02));
#19112 = DIRECTION('',(-0.,-0.,-1.));
#19113 = DIRECTION('',(-0.,-1.,0.));
#19114 = ADVANCED_FACE('',(#19115),#19126,.F.);
#19115 = FACE_BOUND('',#19116,.T.);
#19116 = EDGE_LOOP('',(#19117,#19118,#19124,#19125));
#19117 = ORIENTED_EDGE('',*,*,#17053,.T.);
#19118 = ORIENTED_EDGE('',*,*,#19119,.T.);
#19119 = EDGE_CURVE('',#17054,#17964,#19120,.T.);
#19120 = LINE('',#19121,#19122);
#19121 = CARTESIAN_POINT('',(102.115731,-85.6,-8.1E-02));
#19122 = VECTOR('',#19123,1.);
#19123 = DIRECTION('',(0.,0.,1.));
#19124 = ORIENTED_EDGE('',*,*,#17963,.F.);
#19125 = ORIENTED_EDGE('',*,*,#19119,.F.);
#19126 = CYLINDRICAL_SURFACE('',#19127,0.85);
#19127 = AXIS2_PLACEMENT_3D('',#19128,#19129,#19130);
#19128 = CARTESIAN_POINT('',(102.115731,-84.75,-8.1E-02));
#19129 = DIRECTION('',(-0.,-0.,-1.));
#19130 = DIRECTION('',(-1.671865260612E-14,-1.,0.));
#19131 = ADVANCED_FACE('',(#19132),#19143,.F.);
#19132 = FACE_BOUND('',#19133,.T.);
#19133 = EDGE_LOOP('',(#19134,#19135,#19141,#19142));
#19134 = ORIENTED_EDGE('',*,*,#17064,.T.);
#19135 = ORIENTED_EDGE('',*,*,#19136,.T.);
#19136 = EDGE_CURVE('',#17065,#17975,#19137,.T.);
#19137 = LINE('',#19138,#19139);
#19138 = CARTESIAN_POINT('',(106.075731,-85.6,-8.1E-02));
#19139 = VECTOR('',#19140,1.);
#19140 = DIRECTION('',(0.,0.,1.));
#19141 = ORIENTED_EDGE('',*,*,#17974,.F.);
#19142 = ORIENTED_EDGE('',*,*,#19136,.F.);
#19143 = CYLINDRICAL_SURFACE('',#19144,0.85);
#19144 = AXIS2_PLACEMENT_3D('',#19145,#19146,#19147);
#19145 = CARTESIAN_POINT('',(106.075731,-84.75,-8.1E-02));
#19146 = DIRECTION('',(-0.,0.,-1.));
#19147 = DIRECTION('',(1.671865260612E-14,-1.,-0.));
#19148 = ADVANCED_FACE('',(#19149),#19160,.F.);
#19149 = FACE_BOUND('',#19150,.T.);
#19150 = EDGE_LOOP('',(#19151,#19152,#19158,#19159));
#19151 = ORIENTED_EDGE('',*,*,#17075,.T.);
#19152 = ORIENTED_EDGE('',*,*,#19153,.T.);
#19153 = EDGE_CURVE('',#17076,#17986,#19154,.T.);
#19154 = LINE('',#19155,#19156);
#19155 = CARTESIAN_POINT('',(82.7,-78.360156,-8.1E-02));
#19156 = VECTOR('',#19157,1.);
#19157 = DIRECTION('',(0.,0.,1.));
#19158 = ORIENTED_EDGE('',*,*,#17985,.F.);
#19159 = ORIENTED_EDGE('',*,*,#19153,.F.);
#19160 = CYLINDRICAL_SURFACE('',#19161,1.75);
#19161 = AXIS2_PLACEMENT_3D('',#19162,#19163,#19164);
#19162 = CARTESIAN_POINT('',(82.7,-76.610156,-8.1E-02));
#19163 = DIRECTION('',(-0.,-0.,-1.));
#19164 = DIRECTION('',(-0.,-1.,0.));
#19165 = ADVANCED_FACE('',(#19166),#19177,.F.);
#19166 = FACE_BOUND('',#19167,.T.);
#19167 = EDGE_LOOP('',(#19168,#19169,#19175,#19176));
#19168 = ORIENTED_EDGE('',*,*,#17086,.T.);
#19169 = ORIENTED_EDGE('',*,*,#19170,.T.);
#19170 = EDGE_CURVE('',#17087,#17997,#19171,.T.);
#19171 = LINE('',#19172,#19173);
#19172 = CARTESIAN_POINT('',(93.216981,-75.,-8.1E-02));
#19173 = VECTOR('',#19174,1.);
#19174 = DIRECTION('',(0.,0.,1.));
#19175 = ORIENTED_EDGE('',*,*,#17996,.F.);
#19176 = ORIENTED_EDGE('',*,*,#19170,.F.);
#19177 = CYLINDRICAL_SURFACE('',#19178,0.7);
#19178 = AXIS2_PLACEMENT_3D('',#19179,#19180,#19181);
#19179 = CARTESIAN_POINT('',(93.216981,-74.3,-8.1E-02));
#19180 = DIRECTION('',(-0.,-0.,-1.));
#19181 = DIRECTION('',(-0.,-1.,0.));
#19182 = ADVANCED_FACE('',(#19183),#19194,.F.);
#19183 = FACE_BOUND('',#19184,.T.);
#19184 = EDGE_LOOP('',(#19185,#19186,#19192,#19193));
#19185 = ORIENTED_EDGE('',*,*,#17097,.T.);
#19186 = ORIENTED_EDGE('',*,*,#19187,.T.);
#19187 = EDGE_CURVE('',#17098,#18008,#19188,.T.);
#19188 = LINE('',#19189,#19190);
#19189 = CARTESIAN_POINT('',(95.716981,-75.,-8.1E-02));
#19190 = VECTOR('',#19191,1.);
#19191 = DIRECTION('',(0.,0.,1.));
#19192 = ORIENTED_EDGE('',*,*,#18007,.F.);
#19193 = ORIENTED_EDGE('',*,*,#19187,.F.);
#19194 = CYLINDRICAL_SURFACE('',#19195,0.7);
#19195 = AXIS2_PLACEMENT_3D('',#19196,#19197,#19198);
#19196 = CARTESIAN_POINT('',(95.716981,-74.3,-8.1E-02));
#19197 = DIRECTION('',(-0.,-0.,-1.));
#19198 = DIRECTION('',(-0.,-1.,0.));
#19199 = ADVANCED_FACE('',(#19200),#19211,.F.);
#19200 = FACE_BOUND('',#19201,.T.);
#19201 = EDGE_LOOP('',(#19202,#19203,#19209,#19210));
#19202 = ORIENTED_EDGE('',*,*,#17108,.T.);
#19203 = ORIENTED_EDGE('',*,*,#19204,.T.);
#19204 = EDGE_CURVE('',#17109,#18019,#19205,.T.);
#19205 = LINE('',#19206,#19207);
#19206 = CARTESIAN_POINT('',(102.845731,-75.,-8.1E-02));
#19207 = VECTOR('',#19208,1.);
#19208 = DIRECTION('',(0.,0.,1.));
#19209 = ORIENTED_EDGE('',*,*,#18018,.F.);
#19210 = ORIENTED_EDGE('',*,*,#19204,.F.);
#19211 = CYLINDRICAL_SURFACE('',#19212,0.7);
#19212 = AXIS2_PLACEMENT_3D('',#19213,#19214,#19215);
#19213 = CARTESIAN_POINT('',(102.845731,-74.3,-8.1E-02));
#19214 = DIRECTION('',(-0.,-0.,-1.));
#19215 = DIRECTION('',(-0.,-1.,0.));
#19216 = ADVANCED_FACE('',(#19217),#19228,.F.);
#19217 = FACE_BOUND('',#19218,.T.);
#19218 = EDGE_LOOP('',(#19219,#19220,#19226,#19227));
#19219 = ORIENTED_EDGE('',*,*,#17119,.T.);
#19220 = ORIENTED_EDGE('',*,*,#19221,.T.);
#19221 = EDGE_CURVE('',#17120,#18030,#19222,.T.);
#19222 = LINE('',#19223,#19224);
#19223 = CARTESIAN_POINT('',(105.345731,-75.,-8.1E-02));
#19224 = VECTOR('',#19225,1.);
#19225 = DIRECTION('',(0.,0.,1.));
#19226 = ORIENTED_EDGE('',*,*,#18029,.F.);
#19227 = ORIENTED_EDGE('',*,*,#19221,.F.);
#19228 = CYLINDRICAL_SURFACE('',#19229,0.7);
#19229 = AXIS2_PLACEMENT_3D('',#19230,#19231,#19232);
#19230 = CARTESIAN_POINT('',(105.345731,-74.3,-8.1E-02));
#19231 = DIRECTION('',(-0.,-0.,-1.));
#19232 = DIRECTION('',(-0.,-1.,0.));
#19233 = ADVANCED_FACE('',(#19234),#19245,.F.);
#19234 = FACE_BOUND('',#19235,.T.);
#19235 = EDGE_LOOP('',(#19236,#19237,#19243,#19244));
#19236 = ORIENTED_EDGE('',*,*,#17130,.T.);
#19237 = ORIENTED_EDGE('',*,*,#19238,.T.);
#19238 = EDGE_CURVE('',#17131,#18041,#19239,.T.);
#19239 = LINE('',#19240,#19241);
#19240 = CARTESIAN_POINT('',(111.276012,-85.6,-8.1E-02));
#19241 = VECTOR('',#19242,1.);
#19242 = DIRECTION('',(0.,0.,1.));
#19243 = ORIENTED_EDGE('',*,*,#18040,.F.);
#19244 = ORIENTED_EDGE('',*,*,#19238,.F.);
#19245 = CYLINDRICAL_SURFACE('',#19246,0.85);
#19246 = AXIS2_PLACEMENT_3D('',#19247,#19248,#19249);
#19247 = CARTESIAN_POINT('',(111.276012,-84.75,-8.1E-02));
#19248 = DIRECTION('',(-0.,-0.,-1.));
#19249 = DIRECTION('',(-1.671865260612E-14,-1.,0.));
#19250 = ADVANCED_FACE('',(#19251),#19262,.F.);
#19251 = FACE_BOUND('',#19252,.T.);
#19252 = EDGE_LOOP('',(#19253,#19254,#19260,#19261));
#19253 = ORIENTED_EDGE('',*,*,#17141,.T.);
#19254 = ORIENTED_EDGE('',*,*,#19255,.T.);
#19255 = EDGE_CURVE('',#17142,#18052,#19256,.T.);
#19256 = LINE('',#19257,#19258);
#19257 = CARTESIAN_POINT('',(115.236012,-85.6,-8.1E-02));
#19258 = VECTOR('',#19259,1.);
#19259 = DIRECTION('',(0.,0.,1.));
#19260 = ORIENTED_EDGE('',*,*,#18051,.F.);
#19261 = ORIENTED_EDGE('',*,*,#19255,.F.);
#19262 = CYLINDRICAL_SURFACE('',#19263,0.85);
#19263 = AXIS2_PLACEMENT_3D('',#19264,#19265,#19266);
#19264 = CARTESIAN_POINT('',(115.236012,-84.75,-8.1E-02));
#19265 = DIRECTION('',(-0.,0.,-1.));
#19266 = DIRECTION('',(1.671865260612E-14,-1.,-0.));
#19267 = ADVANCED_FACE('',(#19268),#19279,.F.);
#19268 = FACE_BOUND('',#19269,.T.);
#19269 = EDGE_LOOP('',(#19270,#19271,#19277,#19278));
#19270 = ORIENTED_EDGE('',*,*,#17152,.T.);
#19271 = ORIENTED_EDGE('',*,*,#19272,.T.);
#19272 = EDGE_CURVE('',#17153,#18063,#19273,.T.);
#19273 = LINE('',#19274,#19275);
#19274 = CARTESIAN_POINT('',(112.006012,-75.,-8.1E-02));
#19275 = VECTOR('',#19276,1.);
#19276 = DIRECTION('',(0.,0.,1.));
#19277 = ORIENTED_EDGE('',*,*,#18062,.F.);
#19278 = ORIENTED_EDGE('',*,*,#19272,.F.);
#19279 = CYLINDRICAL_SURFACE('',#19280,0.7);
#19280 = AXIS2_PLACEMENT_3D('',#19281,#19282,#19283);
#19281 = CARTESIAN_POINT('',(112.006012,-74.3,-8.1E-02));
#19282 = DIRECTION('',(-0.,-0.,-1.));
#19283 = DIRECTION('',(-0.,-1.,0.));
#19284 = ADVANCED_FACE('',(#19285),#19296,.F.);
#19285 = FACE_BOUND('',#19286,.T.);
#19286 = EDGE_LOOP('',(#19287,#19288,#19294,#19295));
#19287 = ORIENTED_EDGE('',*,*,#17163,.T.);
#19288 = ORIENTED_EDGE('',*,*,#19289,.T.);
#19289 = EDGE_CURVE('',#17164,#18074,#19290,.T.);
#19290 = LINE('',#19291,#19292);
#19291 = CARTESIAN_POINT('',(114.506012,-75.,-8.1E-02));
#19292 = VECTOR('',#19293,1.);
#19293 = DIRECTION('',(0.,0.,1.));
#19294 = ORIENTED_EDGE('',*,*,#18073,.F.);
#19295 = ORIENTED_EDGE('',*,*,#19289,.F.);
#19296 = CYLINDRICAL_SURFACE('',#19297,0.7);
#19297 = AXIS2_PLACEMENT_3D('',#19298,#19299,#19300);
#19298 = CARTESIAN_POINT('',(114.506012,-74.3,-8.1E-02));
#19299 = DIRECTION('',(-0.,-0.,-1.));
#19300 = DIRECTION('',(-0.,-1.,0.));
#19301 = ADVANCED_FACE('',(#19302),#19313,.F.);
#19302 = FACE_BOUND('',#19303,.T.);
#19303 = EDGE_LOOP('',(#19304,#19305,#19311,#19312));
#19304 = ORIENTED_EDGE('',*,*,#17174,.T.);
#19305 = ORIENTED_EDGE('',*,*,#19306,.T.);
#19306 = EDGE_CURVE('',#17175,#18085,#19307,.T.);
#19307 = LINE('',#19308,#19309);
#19308 = CARTESIAN_POINT('',(93.216981,-71.5,-8.1E-02));
#19309 = VECTOR('',#19310,1.);
#19310 = DIRECTION('',(0.,0.,1.));
#19311 = ORIENTED_EDGE('',*,*,#18084,.F.);
#19312 = ORIENTED_EDGE('',*,*,#19306,.F.);
#19313 = CYLINDRICAL_SURFACE('',#19314,0.7);
#19314 = AXIS2_PLACEMENT_3D('',#19315,#19316,#19317);
#19315 = CARTESIAN_POINT('',(93.216981,-70.8,-8.1E-02));
#19316 = DIRECTION('',(-0.,-0.,-1.));
#19317 = DIRECTION('',(-0.,-1.,0.));
#19318 = ADVANCED_FACE('',(#19319),#19330,.F.);
#19319 = FACE_BOUND('',#19320,.T.);
#19320 = EDGE_LOOP('',(#19321,#19322,#19328,#19329));
#19321 = ORIENTED_EDGE('',*,*,#17185,.T.);
#19322 = ORIENTED_EDGE('',*,*,#19323,.T.);
#19323 = EDGE_CURVE('',#17186,#18096,#19324,.T.);
#19324 = LINE('',#19325,#19326);
#19325 = CARTESIAN_POINT('',(94.466981,-69.1,-8.1E-02));
#19326 = VECTOR('',#19327,1.);
#19327 = DIRECTION('',(0.,0.,1.));
#19328 = ORIENTED_EDGE('',*,*,#18095,.F.);
#19329 = ORIENTED_EDGE('',*,*,#19323,.F.);
#19330 = CYLINDRICAL_SURFACE('',#19331,1.2);
#19331 = AXIS2_PLACEMENT_3D('',#19332,#19333,#19334);
#19332 = CARTESIAN_POINT('',(94.466981,-67.9,-8.1E-02));
#19333 = DIRECTION('',(-0.,-0.,-1.));
#19334 = DIRECTION('',(-0.,-1.,0.));
#19335 = ADVANCED_FACE('',(#19336),#19347,.F.);
#19336 = FACE_BOUND('',#19337,.T.);
#19337 = EDGE_LOOP('',(#19338,#19339,#19345,#19346));
#19338 = ORIENTED_EDGE('',*,*,#17196,.T.);
#19339 = ORIENTED_EDGE('',*,*,#19340,.T.);
#19340 = EDGE_CURVE('',#17197,#18107,#19341,.T.);
#19341 = LINE('',#19342,#19343);
#19342 = CARTESIAN_POINT('',(93.216981,-65.7,-8.1E-02));
#19343 = VECTOR('',#19344,1.);
#19344 = DIRECTION('',(0.,0.,1.));
#19345 = ORIENTED_EDGE('',*,*,#18106,.F.);
#19346 = ORIENTED_EDGE('',*,*,#19340,.F.);
#19347 = CYLINDRICAL_SURFACE('',#19348,0.7);
#19348 = AXIS2_PLACEMENT_3D('',#19349,#19350,#19351);
#19349 = CARTESIAN_POINT('',(93.216981,-65.,-8.1E-02));
#19350 = DIRECTION('',(-0.,-0.,-1.));
#19351 = DIRECTION('',(-0.,-1.,0.));
#19352 = ADVANCED_FACE('',(#19353),#19364,.F.);
#19353 = FACE_BOUND('',#19354,.T.);
#19354 = EDGE_LOOP('',(#19355,#19356,#19362,#19363));
#19355 = ORIENTED_EDGE('',*,*,#17207,.T.);
#19356 = ORIENTED_EDGE('',*,*,#19357,.T.);
#19357 = EDGE_CURVE('',#17208,#18118,#19358,.T.);
#19358 = LINE('',#19359,#19360);
#19359 = CARTESIAN_POINT('',(95.716981,-71.5,-8.1E-02));
#19360 = VECTOR('',#19361,1.);
#19361 = DIRECTION('',(0.,0.,1.));
#19362 = ORIENTED_EDGE('',*,*,#18117,.F.);
#19363 = ORIENTED_EDGE('',*,*,#19357,.F.);
#19364 = CYLINDRICAL_SURFACE('',#19365,0.7);
#19365 = AXIS2_PLACEMENT_3D('',#19366,#19367,#19368);
#19366 = CARTESIAN_POINT('',(95.716981,-70.8,-8.1E-02));
#19367 = DIRECTION('',(-0.,-0.,-1.));
#19368 = DIRECTION('',(-0.,-1.,0.));
#19369 = ADVANCED_FACE('',(#19370),#19381,.F.);
#19370 = FACE_BOUND('',#19371,.T.);
#19371 = EDGE_LOOP('',(#19372,#19373,#19379,#19380));
#19372 = ORIENTED_EDGE('',*,*,#17218,.T.);
#19373 = ORIENTED_EDGE('',*,*,#19374,.T.);
#19374 = EDGE_CURVE('',#17219,#18129,#19375,.T.);
#19375 = LINE('',#19376,#19377);
#19376 = CARTESIAN_POINT('',(102.845731,-71.5,-8.1E-02));
#19377 = VECTOR('',#19378,1.);
#19378 = DIRECTION('',(0.,0.,1.));
#19379 = ORIENTED_EDGE('',*,*,#18128,.F.);
#19380 = ORIENTED_EDGE('',*,*,#19374,.F.);
#19381 = CYLINDRICAL_SURFACE('',#19382,0.7);
#19382 = AXIS2_PLACEMENT_3D('',#19383,#19384,#19385);
#19383 = CARTESIAN_POINT('',(102.845731,-70.8,-8.1E-02));
#19384 = DIRECTION('',(-0.,-0.,-1.));
#19385 = DIRECTION('',(-0.,-1.,0.));
#19386 = ADVANCED_FACE('',(#19387),#19398,.F.);
#19387 = FACE_BOUND('',#19388,.T.);
#19388 = EDGE_LOOP('',(#19389,#19390,#19396,#19397));
#19389 = ORIENTED_EDGE('',*,*,#17229,.T.);
#19390 = ORIENTED_EDGE('',*,*,#19391,.T.);
#19391 = EDGE_CURVE('',#17230,#18140,#19392,.T.);
#19392 = LINE('',#19393,#19394);
#19393 = CARTESIAN_POINT('',(105.345731,-71.5,-8.1E-02));
#19394 = VECTOR('',#19395,1.);
#19395 = DIRECTION('',(0.,0.,1.));
#19396 = ORIENTED_EDGE('',*,*,#18139,.F.);
#19397 = ORIENTED_EDGE('',*,*,#19391,.F.);
#19398 = CYLINDRICAL_SURFACE('',#19399,0.7);
#19399 = AXIS2_PLACEMENT_3D('',#19400,#19401,#19402);
#19400 = CARTESIAN_POINT('',(105.345731,-70.8,-8.1E-02));
#19401 = DIRECTION('',(-0.,-0.,-1.));
#19402 = DIRECTION('',(-0.,-1.,0.));
#19403 = ADVANCED_FACE('',(#19404),#19415,.F.);
#19404 = FACE_BOUND('',#19405,.T.);
#19405 = EDGE_LOOP('',(#19406,#19407,#19413,#19414));
#19406 = ORIENTED_EDGE('',*,*,#17240,.T.);
#19407 = ORIENTED_EDGE('',*,*,#19408,.T.);
#19408 = EDGE_CURVE('',#17241,#18151,#19409,.T.);
#19409 = LINE('',#19410,#19411);
#19410 = CARTESIAN_POINT('',(104.095731,-69.1,-8.1E-02));
#19411 = VECTOR('',#19412,1.);
#19412 = DIRECTION('',(0.,0.,1.));
#19413 = ORIENTED_EDGE('',*,*,#18150,.F.);
#19414 = ORIENTED_EDGE('',*,*,#19408,.F.);
#19415 = CYLINDRICAL_SURFACE('',#19416,1.2);
#19416 = AXIS2_PLACEMENT_3D('',#19417,#19418,#19419);
#19417 = CARTESIAN_POINT('',(104.095731,-67.9,-8.1E-02));
#19418 = DIRECTION('',(-0.,-0.,-1.));
#19419 = DIRECTION('',(-0.,-1.,0.));
#19420 = ADVANCED_FACE('',(#19421),#19432,.F.);
#19421 = FACE_BOUND('',#19422,.T.);
#19422 = EDGE_LOOP('',(#19423,#19424,#19430,#19431));
#19423 = ORIENTED_EDGE('',*,*,#17251,.T.);
#19424 = ORIENTED_EDGE('',*,*,#19425,.T.);
#19425 = EDGE_CURVE('',#17252,#18162,#19426,.T.);
#19426 = LINE('',#19427,#19428);
#19427 = CARTESIAN_POINT('',(95.716981,-65.7,-8.1E-02));
#19428 = VECTOR('',#19429,1.);
#19429 = DIRECTION('',(0.,0.,1.));
#19430 = ORIENTED_EDGE('',*,*,#18161,.F.);
#19431 = ORIENTED_EDGE('',*,*,#19425,.F.);
#19432 = CYLINDRICAL_SURFACE('',#19433,0.7);
#19433 = AXIS2_PLACEMENT_3D('',#19434,#19435,#19436);
#19434 = CARTESIAN_POINT('',(95.716981,-65.,-8.1E-02));
#19435 = DIRECTION('',(-0.,-0.,-1.));
#19436 = DIRECTION('',(-0.,-1.,0.));
#19437 = ADVANCED_FACE('',(#19438),#19449,.F.);
#19438 = FACE_BOUND('',#19439,.T.);
#19439 = EDGE_LOOP('',(#19440,#19441,#19447,#19448));
#19440 = ORIENTED_EDGE('',*,*,#17262,.T.);
#19441 = ORIENTED_EDGE('',*,*,#19442,.T.);
#19442 = EDGE_CURVE('',#17263,#18173,#19443,.T.);
#19443 = LINE('',#19444,#19445);
#19444 = CARTESIAN_POINT('',(102.845731,-65.7,-8.1E-02));
#19445 = VECTOR('',#19446,1.);
#19446 = DIRECTION('',(0.,0.,1.));
#19447 = ORIENTED_EDGE('',*,*,#18172,.F.);
#19448 = ORIENTED_EDGE('',*,*,#19442,.F.);
#19449 = CYLINDRICAL_SURFACE('',#19450,0.7);
#19450 = AXIS2_PLACEMENT_3D('',#19451,#19452,#19453);
#19451 = CARTESIAN_POINT('',(102.845731,-65.,-8.1E-02));
#19452 = DIRECTION('',(-0.,-0.,-1.));
#19453 = DIRECTION('',(-0.,-1.,0.));
#19454 = ADVANCED_FACE('',(#19455),#19466,.F.);
#19455 = FACE_BOUND('',#19456,.T.);
#19456 = EDGE_LOOP('',(#19457,#19458,#19464,#19465));
#19457 = ORIENTED_EDGE('',*,*,#17273,.T.);
#19458 = ORIENTED_EDGE('',*,*,#19459,.T.);
#19459 = EDGE_CURVE('',#17274,#18184,#19460,.T.);
#19460 = LINE('',#19461,#19462);
#19461 = CARTESIAN_POINT('',(105.345731,-65.7,-8.1E-02));
#19462 = VECTOR('',#19463,1.);
#19463 = DIRECTION('',(0.,0.,1.));
#19464 = ORIENTED_EDGE('',*,*,#18183,.F.);
#19465 = ORIENTED_EDGE('',*,*,#19459,.F.);
#19466 = CYLINDRICAL_SURFACE('',#19467,0.7);
#19467 = AXIS2_PLACEMENT_3D('',#19468,#19469,#19470);
#19468 = CARTESIAN_POINT('',(105.345731,-65.,-8.1E-02));
#19469 = DIRECTION('',(-0.,-0.,-1.));
#19470 = DIRECTION('',(-0.,-1.,0.));
#19471 = ADVANCED_FACE('',(#19472),#19483,.F.);
#19472 = FACE_BOUND('',#19473,.T.);
#19473 = EDGE_LOOP('',(#19474,#19475,#19481,#19482));
#19474 = ORIENTED_EDGE('',*,*,#17284,.T.);
#19475 = ORIENTED_EDGE('',*,*,#19476,.T.);
#19476 = EDGE_CURVE('',#17285,#18195,#19477,.T.);
#19477 = LINE('',#19478,#19479);
#19478 = CARTESIAN_POINT('',(93.216981,-62.2,-8.1E-02));
#19479 = VECTOR('',#19480,1.);
#19480 = DIRECTION('',(0.,0.,1.));
#19481 = ORIENTED_EDGE('',*,*,#18194,.F.);
#19482 = ORIENTED_EDGE('',*,*,#19476,.F.);
#19483 = CYLINDRICAL_SURFACE('',#19484,0.7);
#19484 = AXIS2_PLACEMENT_3D('',#19485,#19486,#19487);
#19485 = CARTESIAN_POINT('',(93.216981,-61.5,-8.1E-02));
#19486 = DIRECTION('',(-0.,-0.,-1.));
#19487 = DIRECTION('',(-0.,-1.,0.));
#19488 = ADVANCED_FACE('',(#19489),#19500,.F.);
#19489 = FACE_BOUND('',#19490,.T.);
#19490 = EDGE_LOOP('',(#19491,#19492,#19498,#19499));
#19491 = ORIENTED_EDGE('',*,*,#17295,.T.);
#19492 = ORIENTED_EDGE('',*,*,#19493,.T.);
#19493 = EDGE_CURVE('',#17296,#18206,#19494,.T.);
#19494 = LINE('',#19495,#19496);
#19495 = CARTESIAN_POINT('',(95.716981,-62.2,-8.1E-02));
#19496 = VECTOR('',#19497,1.);
#19497 = DIRECTION('',(0.,0.,1.));
#19498 = ORIENTED_EDGE('',*,*,#18205,.F.);
#19499 = ORIENTED_EDGE('',*,*,#19493,.F.);
#19500 = CYLINDRICAL_SURFACE('',#19501,0.7);
#19501 = AXIS2_PLACEMENT_3D('',#19502,#19503,#19504);
#19502 = CARTESIAN_POINT('',(95.716981,-61.5,-8.1E-02));
#19503 = DIRECTION('',(-0.,-0.,-1.));
#19504 = DIRECTION('',(-0.,-1.,0.));
#19505 = ADVANCED_FACE('',(#19506),#19517,.F.);
#19506 = FACE_BOUND('',#19507,.T.);
#19507 = EDGE_LOOP('',(#19508,#19509,#19515,#19516));
#19508 = ORIENTED_EDGE('',*,*,#17306,.T.);
#19509 = ORIENTED_EDGE('',*,*,#19510,.T.);
#19510 = EDGE_CURVE('',#17307,#18217,#19511,.T.);
#19511 = LINE('',#19512,#19513);
#19512 = CARTESIAN_POINT('',(102.845731,-62.2,-8.1E-02));
#19513 = VECTOR('',#19514,1.);
#19514 = DIRECTION('',(0.,0.,1.));
#19515 = ORIENTED_EDGE('',*,*,#18216,.F.);
#19516 = ORIENTED_EDGE('',*,*,#19510,.F.);
#19517 = CYLINDRICAL_SURFACE('',#19518,0.7);
#19518 = AXIS2_PLACEMENT_3D('',#19519,#19520,#19521);
#19519 = CARTESIAN_POINT('',(102.845731,-61.5,-8.1E-02));
#19520 = DIRECTION('',(-0.,-0.,-1.));
#19521 = DIRECTION('',(-0.,-1.,0.));
#19522 = ADVANCED_FACE('',(#19523),#19534,.F.);
#19523 = FACE_BOUND('',#19524,.T.);
#19524 = EDGE_LOOP('',(#19525,#19526,#19532,#19533));
#19525 = ORIENTED_EDGE('',*,*,#17317,.T.);
#19526 = ORIENTED_EDGE('',*,*,#19527,.T.);
#19527 = EDGE_CURVE('',#17318,#18228,#19528,.T.);
#19528 = LINE('',#19529,#19530);
#19529 = CARTESIAN_POINT('',(105.345731,-62.2,-8.1E-02));
#19530 = VECTOR('',#19531,1.);
#19531 = DIRECTION('',(0.,0.,1.));
#19532 = ORIENTED_EDGE('',*,*,#18227,.F.);
#19533 = ORIENTED_EDGE('',*,*,#19527,.F.);
#19534 = CYLINDRICAL_SURFACE('',#19535,0.7);
#19535 = AXIS2_PLACEMENT_3D('',#19536,#19537,#19538);
#19536 = CARTESIAN_POINT('',(105.345731,-61.5,-8.1E-02));
#19537 = DIRECTION('',(-0.,-0.,-1.));
#19538 = DIRECTION('',(-0.,-1.,0.));
#19539 = ADVANCED_FACE('',(#19540),#19551,.F.);
#19540 = FACE_BOUND('',#19541,.T.);
#19541 = EDGE_LOOP('',(#19542,#19543,#19549,#19550));
#19542 = ORIENTED_EDGE('',*,*,#17328,.T.);
#19543 = ORIENTED_EDGE('',*,*,#19544,.T.);
#19544 = EDGE_CURVE('',#17329,#18239,#19545,.T.);
#19545 = LINE('',#19546,#19547);
#19546 = CARTESIAN_POINT('',(112.006012,-71.5,-8.1E-02));
#19547 = VECTOR('',#19548,1.);
#19548 = DIRECTION('',(0.,0.,1.));
#19549 = ORIENTED_EDGE('',*,*,#18238,.F.);
#19550 = ORIENTED_EDGE('',*,*,#19544,.F.);
#19551 = CYLINDRICAL_SURFACE('',#19552,0.7);
#19552 = AXIS2_PLACEMENT_3D('',#19553,#19554,#19555);
#19553 = CARTESIAN_POINT('',(112.006012,-70.8,-8.1E-02));
#19554 = DIRECTION('',(-0.,-0.,-1.));
#19555 = DIRECTION('',(-0.,-1.,0.));
#19556 = ADVANCED_FACE('',(#19557),#19568,.F.);
#19557 = FACE_BOUND('',#19558,.T.);
#19558 = EDGE_LOOP('',(#19559,#19560,#19566,#19567));
#19559 = ORIENTED_EDGE('',*,*,#17339,.T.);
#19560 = ORIENTED_EDGE('',*,*,#19561,.T.);
#19561 = EDGE_CURVE('',#17340,#18250,#19562,.T.);
#19562 = LINE('',#19563,#19564);
#19563 = CARTESIAN_POINT('',(114.506012,-71.5,-8.1E-02));
#19564 = VECTOR('',#19565,1.);
#19565 = DIRECTION('',(0.,0.,1.));
#19566 = ORIENTED_EDGE('',*,*,#18249,.F.);
#19567 = ORIENTED_EDGE('',*,*,#19561,.F.);
#19568 = CYLINDRICAL_SURFACE('',#19569,0.7);
#19569 = AXIS2_PLACEMENT_3D('',#19570,#19571,#19572);
#19570 = CARTESIAN_POINT('',(114.506012,-70.8,-8.1E-02));
#19571 = DIRECTION('',(-0.,-0.,-1.));
#19572 = DIRECTION('',(-0.,-1.,0.));
#19573 = ADVANCED_FACE('',(#19574),#19585,.F.);
#19574 = FACE_BOUND('',#19575,.T.);
#19575 = EDGE_LOOP('',(#19576,#19577,#19583,#19584));
#19576 = ORIENTED_EDGE('',*,*,#17350,.T.);
#19577 = ORIENTED_EDGE('',*,*,#19578,.T.);
#19578 = EDGE_CURVE('',#17351,#18261,#19579,.T.);
#19579 = LINE('',#19580,#19581);
#19580 = CARTESIAN_POINT('',(113.256012,-69.1,-8.1E-02));
#19581 = VECTOR('',#19582,1.);
#19582 = DIRECTION('',(0.,0.,1.));
#19583 = ORIENTED_EDGE('',*,*,#18260,.F.);
#19584 = ORIENTED_EDGE('',*,*,#19578,.F.);
#19585 = CYLINDRICAL_SURFACE('',#19586,1.2);
#19586 = AXIS2_PLACEMENT_3D('',#19587,#19588,#19589);
#19587 = CARTESIAN_POINT('',(113.256012,-67.9,-8.1E-02));
#19588 = DIRECTION('',(-0.,-0.,-1.));
#19589 = DIRECTION('',(-0.,-1.,0.));
#19590 = ADVANCED_FACE('',(#19591),#19602,.F.);
#19591 = FACE_BOUND('',#19592,.T.);
#19592 = EDGE_LOOP('',(#19593,#19594,#19600,#19601));
#19593 = ORIENTED_EDGE('',*,*,#17361,.T.);
#19594 = ORIENTED_EDGE('',*,*,#19595,.T.);
#19595 = EDGE_CURVE('',#17362,#18272,#19596,.T.);
#19596 = LINE('',#19597,#19598);
#19597 = CARTESIAN_POINT('',(112.006012,-65.7,-8.1E-02));
#19598 = VECTOR('',#19599,1.);
#19599 = DIRECTION('',(0.,0.,1.));
#19600 = ORIENTED_EDGE('',*,*,#18271,.F.);
#19601 = ORIENTED_EDGE('',*,*,#19595,.F.);
#19602 = CYLINDRICAL_SURFACE('',#19603,0.7);
#19603 = AXIS2_PLACEMENT_3D('',#19604,#19605,#19606);
#19604 = CARTESIAN_POINT('',(112.006012,-65.,-8.1E-02));
#19605 = DIRECTION('',(-0.,-0.,-1.));
#19606 = DIRECTION('',(-0.,-1.,0.));
#19607 = ADVANCED_FACE('',(#19608),#19619,.F.);
#19608 = FACE_BOUND('',#19609,.T.);
#19609 = EDGE_LOOP('',(#19610,#19611,#19617,#19618));
#19610 = ORIENTED_EDGE('',*,*,#17372,.T.);
#19611 = ORIENTED_EDGE('',*,*,#19612,.T.);
#19612 = EDGE_CURVE('',#17373,#18283,#19613,.T.);
#19613 = LINE('',#19614,#19615);
#19614 = CARTESIAN_POINT('',(114.506012,-65.7,-8.1E-02));
#19615 = VECTOR('',#19616,1.);
#19616 = DIRECTION('',(0.,0.,1.));
#19617 = ORIENTED_EDGE('',*,*,#18282,.F.);
#19618 = ORIENTED_EDGE('',*,*,#19612,.F.);
#19619 = CYLINDRICAL_SURFACE('',#19620,0.7);
#19620 = AXIS2_PLACEMENT_3D('',#19621,#19622,#19623);
#19621 = CARTESIAN_POINT('',(114.506012,-65.,-8.1E-02));
#19622 = DIRECTION('',(-0.,-0.,-1.));
#19623 = DIRECTION('',(-0.,-1.,0.));
#19624 = ADVANCED_FACE('',(#19625),#19636,.F.);
#19625 = FACE_BOUND('',#19626,.T.);
#19626 = EDGE_LOOP('',(#19627,#19628,#19634,#19635));
#19627 = ORIENTED_EDGE('',*,*,#17383,.T.);
#19628 = ORIENTED_EDGE('',*,*,#19629,.T.);
#19629 = EDGE_CURVE('',#17384,#18294,#19630,.T.);
#19630 = LINE('',#19631,#19632);
#19631 = CARTESIAN_POINT('',(112.006012,-62.2,-8.1E-02));
#19632 = VECTOR('',#19633,1.);
#19633 = DIRECTION('',(0.,0.,1.));
#19634 = ORIENTED_EDGE('',*,*,#18293,.F.);
#19635 = ORIENTED_EDGE('',*,*,#19629,.F.);
#19636 = CYLINDRICAL_SURFACE('',#19637,0.7);
#19637 = AXIS2_PLACEMENT_3D('',#19638,#19639,#19640);
#19638 = CARTESIAN_POINT('',(112.006012,-61.5,-8.1E-02));
#19639 = DIRECTION('',(-0.,-0.,-1.));
#19640 = DIRECTION('',(-0.,-1.,0.));
#19641 = ADVANCED_FACE('',(#19642),#19653,.F.);
#19642 = FACE_BOUND('',#19643,.T.);
#19643 = EDGE_LOOP('',(#19644,#19645,#19651,#19652));
#19644 = ORIENTED_EDGE('',*,*,#17394,.T.);
#19645 = ORIENTED_EDGE('',*,*,#19646,.T.);
#19646 = EDGE_CURVE('',#17395,#18305,#19647,.T.);
#19647 = LINE('',#19648,#19649);
#19648 = CARTESIAN_POINT('',(114.506012,-62.2,-8.1E-02));
#19649 = VECTOR('',#19650,1.);
#19650 = DIRECTION('',(0.,0.,1.));
#19651 = ORIENTED_EDGE('',*,*,#18304,.F.);
#19652 = ORIENTED_EDGE('',*,*,#19646,.F.);
#19653 = CYLINDRICAL_SURFACE('',#19654,0.7);
#19654 = AXIS2_PLACEMENT_3D('',#19655,#19656,#19657);
#19655 = CARTESIAN_POINT('',(114.506012,-61.5,-8.1E-02));
#19656 = DIRECTION('',(-0.,-0.,-1.));
#19657 = DIRECTION('',(-0.,-1.,0.));
#19658 = ADVANCED_FACE('',(#19659),#19670,.F.);
#19659 = FACE_BOUND('',#19660,.T.);
#19660 = EDGE_LOOP('',(#19661,#19662,#19668,#19669));
#19661 = ORIENTED_EDGE('',*,*,#17405,.T.);
#19662 = ORIENTED_EDGE('',*,*,#19663,.T.);
#19663 = EDGE_CURVE('',#17406,#18316,#19664,.T.);
#19664 = LINE('',#19665,#19666);
#19665 = CARTESIAN_POINT('',(120.6,-60.881981,-8.1E-02));
#19666 = VECTOR('',#19667,1.);
#19667 = DIRECTION('',(0.,0.,1.));
#19668 = ORIENTED_EDGE('',*,*,#18315,.F.);
#19669 = ORIENTED_EDGE('',*,*,#19663,.F.);
#19670 = CYLINDRICAL_SURFACE('',#19671,1.75);
#19671 = AXIS2_PLACEMENT_3D('',#19672,#19673,#19674);
#19672 = CARTESIAN_POINT('',(120.6,-59.131981,-8.1E-02));
#19673 = DIRECTION('',(-0.,-0.,-1.));
#19674 = DIRECTION('',(-0.,-1.,0.));
#19675 = ADVANCED_FACE('',(#19676),#19687,.F.);
#19676 = FACE_BOUND('',#19677,.T.);
#19677 = EDGE_LOOP('',(#19678,#19679,#19685,#19686));
#19678 = ORIENTED_EDGE('',*,*,#17416,.T.);
#19679 = ORIENTED_EDGE('',*,*,#19680,.T.);
#19680 = EDGE_CURVE('',#17417,#18327,#19681,.T.);
#19681 = LINE('',#19682,#19683);
#19682 = CARTESIAN_POINT('',(169.4125,-85.6,-8.1E-02));
#19683 = VECTOR('',#19684,1.);
#19684 = DIRECTION('',(0.,0.,1.));
#19685 = ORIENTED_EDGE('',*,*,#18326,.F.);
#19686 = ORIENTED_EDGE('',*,*,#19680,.F.);
#19687 = CYLINDRICAL_SURFACE('',#19688,0.85);
#19688 = AXIS2_PLACEMENT_3D('',#19689,#19690,#19691);
#19689 = CARTESIAN_POINT('',(169.4125,-84.75,-8.1E-02));
#19690 = DIRECTION('',(-0.,-0.,-1.));
#19691 = DIRECTION('',(-0.,-1.,0.));
#19692 = ADVANCED_FACE('',(#19693),#19704,.F.);
#19693 = FACE_BOUND('',#19694,.T.);
#19694 = EDGE_LOOP('',(#19695,#19696,#19702,#19703));
#19695 = ORIENTED_EDGE('',*,*,#17427,.T.);
#19696 = ORIENTED_EDGE('',*,*,#19697,.T.);
#19697 = EDGE_CURVE('',#17428,#18338,#19698,.T.);
#19698 = LINE('',#19699,#19700);
#19699 = CARTESIAN_POINT('',(173.3725,-85.6,-8.1E-02));
#19700 = VECTOR('',#19701,1.);
#19701 = DIRECTION('',(0.,0.,1.));
#19702 = ORIENTED_EDGE('',*,*,#18337,.F.);
#19703 = ORIENTED_EDGE('',*,*,#19697,.F.);
#19704 = CYLINDRICAL_SURFACE('',#19705,0.85);
#19705 = AXIS2_PLACEMENT_3D('',#19706,#19707,#19708);
#19706 = CARTESIAN_POINT('',(173.3725,-84.75,-8.1E-02));
#19707 = DIRECTION('',(-0.,-0.,-1.));
#19708 = DIRECTION('',(-0.,-1.,0.));
#19709 = ADVANCED_FACE('',(#19710),#19721,.F.);
#19710 = FACE_BOUND('',#19711,.T.);
#19711 = EDGE_LOOP('',(#19712,#19713,#19719,#19720));
#19712 = ORIENTED_EDGE('',*,*,#17438,.T.);
#19713 = ORIENTED_EDGE('',*,*,#19714,.T.);
#19714 = EDGE_CURVE('',#17439,#18349,#19715,.T.);
#19715 = LINE('',#19716,#19717);
#19716 = CARTESIAN_POINT('',(180.82,-85.6,-8.1E-02));
#19717 = VECTOR('',#19718,1.);
#19718 = DIRECTION('',(0.,0.,1.));
#19719 = ORIENTED_EDGE('',*,*,#18348,.F.);
#19720 = ORIENTED_EDGE('',*,*,#19714,.F.);
#19721 = CYLINDRICAL_SURFACE('',#19722,0.85);
#19722 = AXIS2_PLACEMENT_3D('',#19723,#19724,#19725);
#19723 = CARTESIAN_POINT('',(180.82,-84.75,-8.1E-02));
#19724 = DIRECTION('',(-0.,-0.,-1.));
#19725 = DIRECTION('',(-0.,-1.,0.));
#19726 = ADVANCED_FACE('',(#19727),#19738,.F.);
#19727 = FACE_BOUND('',#19728,.T.);
#19728 = EDGE_LOOP('',(#19729,#19730,#19736,#19737));
#19729 = ORIENTED_EDGE('',*,*,#17449,.T.);
#19730 = ORIENTED_EDGE('',*,*,#19731,.T.);
#19731 = EDGE_CURVE('',#17450,#18360,#19732,.T.);
#19732 = LINE('',#19733,#19734);
#19733 = CARTESIAN_POINT('',(184.78,-85.6,-8.1E-02));
#19734 = VECTOR('',#19735,1.);
#19735 = DIRECTION('',(0.,0.,1.));
#19736 = ORIENTED_EDGE('',*,*,#18359,.F.);
#19737 = ORIENTED_EDGE('',*,*,#19731,.F.);
#19738 = CYLINDRICAL_SURFACE('',#19739,0.85);
#19739 = AXIS2_PLACEMENT_3D('',#19740,#19741,#19742);
#19740 = CARTESIAN_POINT('',(184.78,-84.75,-8.1E-02));
#19741 = DIRECTION('',(-0.,-0.,-1.));
#19742 = DIRECTION('',(-0.,-1.,0.));
#19743 = ADVANCED_FACE('',(#19744),#19755,.F.);
#19744 = FACE_BOUND('',#19745,.T.);
#19745 = EDGE_LOOP('',(#19746,#19747,#19753,#19754));
#19746 = ORIENTED_EDGE('',*,*,#17460,.T.);
#19747 = ORIENTED_EDGE('',*,*,#19748,.T.);
#19748 = EDGE_CURVE('',#17461,#18371,#19749,.T.);
#19749 = LINE('',#19750,#19751);
#19750 = CARTESIAN_POINT('',(170.1425,-75.,-8.1E-02));
#19751 = VECTOR('',#19752,1.);
#19752 = DIRECTION('',(0.,0.,1.));
#19753 = ORIENTED_EDGE('',*,*,#18370,.F.);
#19754 = ORIENTED_EDGE('',*,*,#19748,.F.);
#19755 = CYLINDRICAL_SURFACE('',#19756,0.7);
#19756 = AXIS2_PLACEMENT_3D('',#19757,#19758,#19759);
#19757 = CARTESIAN_POINT('',(170.1425,-74.3,-8.1E-02));
#19758 = DIRECTION('',(-0.,0.,-1.));
#19759 = DIRECTION('',(4.060244204343E-14,-1.,-0.));
#19760 = ADVANCED_FACE('',(#19761),#19772,.F.);
#19761 = FACE_BOUND('',#19762,.T.);
#19762 = EDGE_LOOP('',(#19763,#19764,#19770,#19771));
#19763 = ORIENTED_EDGE('',*,*,#17471,.T.);
#19764 = ORIENTED_EDGE('',*,*,#19765,.T.);
#19765 = EDGE_CURVE('',#17472,#18382,#19766,.T.);
#19766 = LINE('',#19767,#19768);
#19767 = CARTESIAN_POINT('',(172.6425,-75.,-8.1E-02));
#19768 = VECTOR('',#19769,1.);
#19769 = DIRECTION('',(0.,0.,1.));
#19770 = ORIENTED_EDGE('',*,*,#18381,.F.);
#19771 = ORIENTED_EDGE('',*,*,#19765,.F.);
#19772 = CYLINDRICAL_SURFACE('',#19773,0.7);
#19773 = AXIS2_PLACEMENT_3D('',#19774,#19775,#19776);
#19774 = CARTESIAN_POINT('',(172.6425,-74.3,-8.1E-02));
#19775 = DIRECTION('',(-0.,0.,-1.));
#19776 = DIRECTION('',(4.060244204343E-14,-1.,-0.));
#19777 = ADVANCED_FACE('',(#19778),#19789,.F.);
#19778 = FACE_BOUND('',#19779,.T.);
#19779 = EDGE_LOOP('',(#19780,#19781,#19787,#19788));
#19780 = ORIENTED_EDGE('',*,*,#17482,.T.);
#19781 = ORIENTED_EDGE('',*,*,#19782,.T.);
#19782 = EDGE_CURVE('',#17483,#18393,#19783,.T.);
#19783 = LINE('',#19784,#19785);
#19784 = CARTESIAN_POINT('',(181.55,-75.,-8.1E-02));
#19785 = VECTOR('',#19786,1.);
#19786 = DIRECTION('',(0.,0.,1.));
#19787 = ORIENTED_EDGE('',*,*,#18392,.F.);
#19788 = ORIENTED_EDGE('',*,*,#19782,.F.);
#19789 = CYLINDRICAL_SURFACE('',#19790,0.7);
#19790 = AXIS2_PLACEMENT_3D('',#19791,#19792,#19793);
#19791 = CARTESIAN_POINT('',(181.55,-74.3,-8.1E-02));
#19792 = DIRECTION('',(-0.,-0.,-1.));
#19793 = DIRECTION('',(-0.,-1.,0.));
#19794 = ADVANCED_FACE('',(#19795),#19806,.F.);
#19795 = FACE_BOUND('',#19796,.T.);
#19796 = EDGE_LOOP('',(#19797,#19798,#19804,#19805));
#19797 = ORIENTED_EDGE('',*,*,#17493,.T.);
#19798 = ORIENTED_EDGE('',*,*,#19799,.T.);
#19799 = EDGE_CURVE('',#17494,#18404,#19800,.T.);
#19800 = LINE('',#19801,#19802);
#19801 = CARTESIAN_POINT('',(196.5,-78.360156,-8.1E-02));
#19802 = VECTOR('',#19803,1.);
#19803 = DIRECTION('',(0.,0.,1.));
#19804 = ORIENTED_EDGE('',*,*,#18403,.F.);
#19805 = ORIENTED_EDGE('',*,*,#19799,.F.);
#19806 = CYLINDRICAL_SURFACE('',#19807,1.75);
#19807 = AXIS2_PLACEMENT_3D('',#19808,#19809,#19810);
#19808 = CARTESIAN_POINT('',(196.5,-76.610156,-8.1E-02));
#19809 = DIRECTION('',(-0.,-0.,-1.));
#19810 = DIRECTION('',(-0.,-1.,0.));
#19811 = ADVANCED_FACE('',(#19812),#19823,.F.);
#19812 = FACE_BOUND('',#19813,.T.);
#19813 = EDGE_LOOP('',(#19814,#19815,#19821,#19822));
#19814 = ORIENTED_EDGE('',*,*,#17504,.T.);
#19815 = ORIENTED_EDGE('',*,*,#19816,.T.);
#19816 = EDGE_CURVE('',#17505,#18415,#19817,.T.);
#19817 = LINE('',#19818,#19819);
#19818 = CARTESIAN_POINT('',(184.05,-75.,-8.1E-02));
#19819 = VECTOR('',#19820,1.);
#19820 = DIRECTION('',(0.,0.,1.));
#19821 = ORIENTED_EDGE('',*,*,#18414,.F.);
#19822 = ORIENTED_EDGE('',*,*,#19816,.F.);
#19823 = CYLINDRICAL_SURFACE('',#19824,0.7);
#19824 = AXIS2_PLACEMENT_3D('',#19825,#19826,#19827);
#19825 = CARTESIAN_POINT('',(184.05,-74.3,-8.1E-02));
#19826 = DIRECTION('',(-0.,-0.,-1.));
#19827 = DIRECTION('',(-0.,-1.,0.));
#19828 = ADVANCED_FACE('',(#19829),#19840,.F.);
#19829 = FACE_BOUND('',#19830,.T.);
#19830 = EDGE_LOOP('',(#19831,#19832,#19838,#19839));
#19831 = ORIENTED_EDGE('',*,*,#17515,.T.);
#19832 = ORIENTED_EDGE('',*,*,#19833,.T.);
#19833 = EDGE_CURVE('',#17516,#18426,#19834,.T.);
#19834 = LINE('',#19835,#19836);
#19835 = CARTESIAN_POINT('',(158.6,-60.881981,-8.1E-02));
#19836 = VECTOR('',#19837,1.);
#19837 = DIRECTION('',(0.,0.,1.));
#19838 = ORIENTED_EDGE('',*,*,#18425,.F.);
#19839 = ORIENTED_EDGE('',*,*,#19833,.F.);
#19840 = CYLINDRICAL_SURFACE('',#19841,1.75);
#19841 = AXIS2_PLACEMENT_3D('',#19842,#19843,#19844);
#19842 = CARTESIAN_POINT('',(158.6,-59.131981,-8.1E-02));
#19843 = DIRECTION('',(-0.,-0.,-1.));
#19844 = DIRECTION('',(-0.,-1.,0.));
#19845 = ADVANCED_FACE('',(#19846),#19857,.F.);
#19846 = FACE_BOUND('',#19847,.T.);
#19847 = EDGE_LOOP('',(#19848,#19849,#19855,#19856));
#19848 = ORIENTED_EDGE('',*,*,#17526,.T.);
#19849 = ORIENTED_EDGE('',*,*,#19850,.T.);
#19850 = EDGE_CURVE('',#17527,#18437,#19851,.T.);
#19851 = LINE('',#19852,#19853);
#19852 = CARTESIAN_POINT('',(170.1425,-71.5,-8.1E-02));
#19853 = VECTOR('',#19854,1.);
#19854 = DIRECTION('',(0.,0.,1.));
#19855 = ORIENTED_EDGE('',*,*,#18436,.F.);
#19856 = ORIENTED_EDGE('',*,*,#19850,.F.);
#19857 = CYLINDRICAL_SURFACE('',#19858,0.7);
#19858 = AXIS2_PLACEMENT_3D('',#19859,#19860,#19861);
#19859 = CARTESIAN_POINT('',(170.1425,-70.8,-8.1E-02));
#19860 = DIRECTION('',(-0.,0.,-1.));
#19861 = DIRECTION('',(4.060244204343E-14,-1.,-0.));
#19862 = ADVANCED_FACE('',(#19863),#19874,.F.);
#19863 = FACE_BOUND('',#19864,.T.);
#19864 = EDGE_LOOP('',(#19865,#19866,#19872,#19873));
#19865 = ORIENTED_EDGE('',*,*,#17537,.T.);
#19866 = ORIENTED_EDGE('',*,*,#19867,.T.);
#19867 = EDGE_CURVE('',#17538,#18448,#19868,.T.);
#19868 = LINE('',#19869,#19870);
#19869 = CARTESIAN_POINT('',(172.6425,-71.5,-8.1E-02));
#19870 = VECTOR('',#19871,1.);
#19871 = DIRECTION('',(0.,0.,1.));
#19872 = ORIENTED_EDGE('',*,*,#18447,.F.);
#19873 = ORIENTED_EDGE('',*,*,#19867,.F.);
#19874 = CYLINDRICAL_SURFACE('',#19875,0.7);
#19875 = AXIS2_PLACEMENT_3D('',#19876,#19877,#19878);
#19876 = CARTESIAN_POINT('',(172.6425,-70.8,-8.1E-02));
#19877 = DIRECTION('',(-0.,0.,-1.));
#19878 = DIRECTION('',(4.060244204343E-14,-1.,-0.));
#19879 = ADVANCED_FACE('',(#19880),#19891,.F.);
#19880 = FACE_BOUND('',#19881,.T.);
#19881 = EDGE_LOOP('',(#19882,#19883,#19889,#19890));
#19882 = ORIENTED_EDGE('',*,*,#17548,.T.);
#19883 = ORIENTED_EDGE('',*,*,#19884,.T.);
#19884 = EDGE_CURVE('',#17549,#18459,#19885,.T.);
#19885 = LINE('',#19886,#19887);
#19886 = CARTESIAN_POINT('',(171.3925,-69.1,-8.1E-02));
#19887 = VECTOR('',#19888,1.);
#19888 = DIRECTION('',(0.,0.,1.));
#19889 = ORIENTED_EDGE('',*,*,#18458,.F.);
#19890 = ORIENTED_EDGE('',*,*,#19884,.F.);
#19891 = CYLINDRICAL_SURFACE('',#19892,1.2);
#19892 = AXIS2_PLACEMENT_3D('',#19893,#19894,#19895);
#19893 = CARTESIAN_POINT('',(171.3925,-67.9,-8.1E-02));
#19894 = DIRECTION('',(-0.,0.,-1.));
#19895 = DIRECTION('',(2.368475785867E-14,-1.,-0.));
#19896 = ADVANCED_FACE('',(#19897),#19908,.F.);
#19897 = FACE_BOUND('',#19898,.T.);
#19898 = EDGE_LOOP('',(#19899,#19900,#19906,#19907));
#19899 = ORIENTED_EDGE('',*,*,#17559,.T.);
#19900 = ORIENTED_EDGE('',*,*,#19901,.T.);
#19901 = EDGE_CURVE('',#17560,#18470,#19902,.T.);
#19902 = LINE('',#19903,#19904);
#19903 = CARTESIAN_POINT('',(181.55,-71.5,-8.1E-02));
#19904 = VECTOR('',#19905,1.);
#19905 = DIRECTION('',(0.,0.,1.));
#19906 = ORIENTED_EDGE('',*,*,#18469,.F.);
#19907 = ORIENTED_EDGE('',*,*,#19901,.F.);
#19908 = CYLINDRICAL_SURFACE('',#19909,0.7);
#19909 = AXIS2_PLACEMENT_3D('',#19910,#19911,#19912);
#19910 = CARTESIAN_POINT('',(181.55,-70.8,-8.1E-02));
#19911 = DIRECTION('',(-0.,-0.,-1.));
#19912 = DIRECTION('',(-0.,-1.,0.));
#19913 = ADVANCED_FACE('',(#19914),#19925,.F.);
#19914 = FACE_BOUND('',#19915,.T.);
#19915 = EDGE_LOOP('',(#19916,#19917,#19923,#19924));
#19916 = ORIENTED_EDGE('',*,*,#17570,.T.);
#19917 = ORIENTED_EDGE('',*,*,#19918,.T.);
#19918 = EDGE_CURVE('',#17571,#18481,#19919,.T.);
#19919 = LINE('',#19920,#19921);
#19920 = CARTESIAN_POINT('',(182.8,-69.1,-8.1E-02));
#19921 = VECTOR('',#19922,1.);
#19922 = DIRECTION('',(0.,0.,1.));
#19923 = ORIENTED_EDGE('',*,*,#18480,.F.);
#19924 = ORIENTED_EDGE('',*,*,#19918,.F.);
#19925 = CYLINDRICAL_SURFACE('',#19926,1.2);
#19926 = AXIS2_PLACEMENT_3D('',#19927,#19928,#19929);
#19927 = CARTESIAN_POINT('',(182.8,-67.9,-8.1E-02));
#19928 = DIRECTION('',(-0.,-0.,-1.));
#19929 = DIRECTION('',(-0.,-1.,0.));
#19930 = ADVANCED_FACE('',(#19931),#19942,.F.);
#19931 = FACE_BOUND('',#19932,.T.);
#19932 = EDGE_LOOP('',(#19933,#19934,#19940,#19941));
#19933 = ORIENTED_EDGE('',*,*,#17581,.T.);
#19934 = ORIENTED_EDGE('',*,*,#19935,.T.);
#19935 = EDGE_CURVE('',#17582,#18492,#19936,.T.);
#19936 = LINE('',#19937,#19938);
#19937 = CARTESIAN_POINT('',(170.1425,-65.7,-8.1E-02));
#19938 = VECTOR('',#19939,1.);
#19939 = DIRECTION('',(0.,0.,1.));
#19940 = ORIENTED_EDGE('',*,*,#18491,.F.);
#19941 = ORIENTED_EDGE('',*,*,#19935,.F.);
#19942 = CYLINDRICAL_SURFACE('',#19943,0.7);
#19943 = AXIS2_PLACEMENT_3D('',#19944,#19945,#19946);
#19944 = CARTESIAN_POINT('',(170.1425,-65.,-8.1E-02));
#19945 = DIRECTION('',(-0.,0.,-1.));
#19946 = DIRECTION('',(4.060244204343E-14,-1.,-0.));
#19947 = ADVANCED_FACE('',(#19948),#19959,.F.);
#19948 = FACE_BOUND('',#19949,.T.);
#19949 = EDGE_LOOP('',(#19950,#19951,#19957,#19958));
#19950 = ORIENTED_EDGE('',*,*,#17592,.T.);
#19951 = ORIENTED_EDGE('',*,*,#19952,.T.);
#19952 = EDGE_CURVE('',#17593,#18503,#19953,.T.);
#19953 = LINE('',#19954,#19955);
#19954 = CARTESIAN_POINT('',(172.6425,-65.7,-8.1E-02));
#19955 = VECTOR('',#19956,1.);
#19956 = DIRECTION('',(0.,0.,1.));
#19957 = ORIENTED_EDGE('',*,*,#18502,.F.);
#19958 = ORIENTED_EDGE('',*,*,#19952,.F.);
#19959 = CYLINDRICAL_SURFACE('',#19960,0.7);
#19960 = AXIS2_PLACEMENT_3D('',#19961,#19962,#19963);
#19961 = CARTESIAN_POINT('',(172.6425,-65.,-8.1E-02));
#19962 = DIRECTION('',(-0.,0.,-1.));
#19963 = DIRECTION('',(4.060244204343E-14,-1.,-0.));
#19964 = ADVANCED_FACE('',(#19965),#19976,.F.);
#19965 = FACE_BOUND('',#19966,.T.);
#19966 = EDGE_LOOP('',(#19967,#19968,#19974,#19975));
#19967 = ORIENTED_EDGE('',*,*,#17603,.T.);
#19968 = ORIENTED_EDGE('',*,*,#19969,.T.);
#19969 = EDGE_CURVE('',#17604,#18514,#19970,.T.);
#19970 = LINE('',#19971,#19972);
#19971 = CARTESIAN_POINT('',(181.55,-65.7,-8.1E-02));
#19972 = VECTOR('',#19973,1.);
#19973 = DIRECTION('',(0.,0.,1.));
#19974 = ORIENTED_EDGE('',*,*,#18513,.F.);
#19975 = ORIENTED_EDGE('',*,*,#19969,.F.);
#19976 = CYLINDRICAL_SURFACE('',#19977,0.7);
#19977 = AXIS2_PLACEMENT_3D('',#19978,#19979,#19980);
#19978 = CARTESIAN_POINT('',(181.55,-65.,-8.1E-02));
#19979 = DIRECTION('',(-0.,-0.,-1.));
#19980 = DIRECTION('',(-0.,-1.,0.));
#19981 = ADVANCED_FACE('',(#19982),#19993,.F.);
#19982 = FACE_BOUND('',#19983,.T.);
#19983 = EDGE_LOOP('',(#19984,#19985,#19991,#19992));
#19984 = ORIENTED_EDGE('',*,*,#17614,.T.);
#19985 = ORIENTED_EDGE('',*,*,#19986,.T.);
#19986 = EDGE_CURVE('',#17615,#18525,#19987,.T.);
#19987 = LINE('',#19988,#19989);
#19988 = CARTESIAN_POINT('',(184.05,-71.5,-8.1E-02));
#19989 = VECTOR('',#19990,1.);
#19990 = DIRECTION('',(0.,0.,1.));
#19991 = ORIENTED_EDGE('',*,*,#18524,.F.);
#19992 = ORIENTED_EDGE('',*,*,#19986,.F.);
#19993 = CYLINDRICAL_SURFACE('',#19994,0.7);
#19994 = AXIS2_PLACEMENT_3D('',#19995,#19996,#19997);
#19995 = CARTESIAN_POINT('',(184.05,-70.8,-8.1E-02));
#19996 = DIRECTION('',(-0.,-0.,-1.));
#19997 = DIRECTION('',(-0.,-1.,0.));
#19998 = ADVANCED_FACE('',(#19999),#20010,.F.);
#19999 = FACE_BOUND('',#20000,.T.);
#20000 = EDGE_LOOP('',(#20001,#20002,#20008,#20009));
#20001 = ORIENTED_EDGE('',*,*,#17625,.T.);
#20002 = ORIENTED_EDGE('',*,*,#20003,.T.);
#20003 = EDGE_CURVE('',#17626,#18536,#20004,.T.);
#20004 = LINE('',#20005,#20006);
#20005 = CARTESIAN_POINT('',(184.05,-65.7,-8.1E-02));
#20006 = VECTOR('',#20007,1.);
#20007 = DIRECTION('',(0.,0.,1.));
#20008 = ORIENTED_EDGE('',*,*,#18535,.F.);
#20009 = ORIENTED_EDGE('',*,*,#20003,.F.);
#20010 = CYLINDRICAL_SURFACE('',#20011,0.7);
#20011 = AXIS2_PLACEMENT_3D('',#20012,#20013,#20014);
#20012 = CARTESIAN_POINT('',(184.05,-65.,-8.1E-02));
#20013 = DIRECTION('',(-0.,-0.,-1.));
#20014 = DIRECTION('',(-0.,-1.,0.));
#20015 = ADVANCED_FACE('',(#20016),#20027,.F.);
#20016 = FACE_BOUND('',#20017,.T.);
#20017 = EDGE_LOOP('',(#20018,#20019,#20025,#20026));
#20018 = ORIENTED_EDGE('',*,*,#17636,.T.);
#20019 = ORIENTED_EDGE('',*,*,#20020,.T.);
#20020 = EDGE_CURVE('',#17637,#18547,#20021,.T.);
#20021 = LINE('',#20022,#20023);
#20022 = CARTESIAN_POINT('',(170.1425,-62.2,-8.1E-02));
#20023 = VECTOR('',#20024,1.);
#20024 = DIRECTION('',(0.,0.,1.));
#20025 = ORIENTED_EDGE('',*,*,#18546,.F.);
#20026 = ORIENTED_EDGE('',*,*,#20020,.F.);
#20027 = CYLINDRICAL_SURFACE('',#20028,0.7);
#20028 = AXIS2_PLACEMENT_3D('',#20029,#20030,#20031);
#20029 = CARTESIAN_POINT('',(170.1425,-61.5,-8.1E-02));
#20030 = DIRECTION('',(-0.,0.,-1.));
#20031 = DIRECTION('',(4.060244204343E-14,-1.,-0.));
#20032 = ADVANCED_FACE('',(#20033),#20044,.F.);
#20033 = FACE_BOUND('',#20034,.T.);
#20034 = EDGE_LOOP('',(#20035,#20036,#20042,#20043));
#20035 = ORIENTED_EDGE('',*,*,#17647,.T.);
#20036 = ORIENTED_EDGE('',*,*,#20037,.T.);
#20037 = EDGE_CURVE('',#17648,#18558,#20038,.T.);
#20038 = LINE('',#20039,#20040);
#20039 = CARTESIAN_POINT('',(172.6425,-62.2,-8.1E-02));
#20040 = VECTOR('',#20041,1.);
#20041 = DIRECTION('',(0.,0.,1.));
#20042 = ORIENTED_EDGE('',*,*,#18557,.F.);
#20043 = ORIENTED_EDGE('',*,*,#20037,.F.);
#20044 = CYLINDRICAL_SURFACE('',#20045,0.7);
#20045 = AXIS2_PLACEMENT_3D('',#20046,#20047,#20048);
#20046 = CARTESIAN_POINT('',(172.6425,-61.5,-8.1E-02));
#20047 = DIRECTION('',(-0.,0.,-1.));
#20048 = DIRECTION('',(4.060244204343E-14,-1.,-0.));
#20049 = ADVANCED_FACE('',(#20050),#20061,.F.);
#20050 = FACE_BOUND('',#20051,.T.);
#20051 = EDGE_LOOP('',(#20052,#20053,#20059,#20060));
#20052 = ORIENTED_EDGE('',*,*,#17658,.T.);
#20053 = ORIENTED_EDGE('',*,*,#20054,.T.);
#20054 = EDGE_CURVE('',#17659,#18569,#20055,.T.);
#20055 = LINE('',#20056,#20057);
#20056 = CARTESIAN_POINT('',(181.55,-62.2,-8.1E-02));
#20057 = VECTOR('',#20058,1.);
#20058 = DIRECTION('',(0.,0.,1.));
#20059 = ORIENTED_EDGE('',*,*,#18568,.F.);
#20060 = ORIENTED_EDGE('',*,*,#20054,.F.);
#20061 = CYLINDRICAL_SURFACE('',#20062,0.7);
#20062 = AXIS2_PLACEMENT_3D('',#20063,#20064,#20065);
#20063 = CARTESIAN_POINT('',(181.55,-61.5,-8.1E-02));
#20064 = DIRECTION('',(-0.,-0.,-1.));
#20065 = DIRECTION('',(-0.,-1.,0.));
#20066 = ADVANCED_FACE('',(#20067),#20078,.F.);
#20067 = FACE_BOUND('',#20068,.T.);
#20068 = EDGE_LOOP('',(#20069,#20070,#20076,#20077));
#20069 = ORIENTED_EDGE('',*,*,#17669,.T.);
#20070 = ORIENTED_EDGE('',*,*,#20071,.T.);
#20071 = EDGE_CURVE('',#17670,#18580,#20072,.T.);
#20072 = LINE('',#20073,#20074);
#20073 = CARTESIAN_POINT('',(184.05,-62.2,-8.1E-02));
#20074 = VECTOR('',#20075,1.);
#20075 = DIRECTION('',(0.,0.,1.));
#20076 = ORIENTED_EDGE('',*,*,#18579,.F.);
#20077 = ORIENTED_EDGE('',*,*,#20071,.F.);
#20078 = CYLINDRICAL_SURFACE('',#20079,0.7);
#20079 = AXIS2_PLACEMENT_3D('',#20080,#20081,#20082);
#20080 = CARTESIAN_POINT('',(184.05,-61.5,-8.1E-02));
#20081 = DIRECTION('',(-0.,-0.,-1.));
#20082 = DIRECTION('',(-0.,-1.,0.));
#20083 = ( GEOMETRIC_REPRESENTATION_CONTEXT(3) 
GLOBAL_UNCERTAINTY_ASSIGNED_CONTEXT((#20087)) 
GLOBAL_UNIT_ASSIGNED_CONTEXT((#20084,#20085,#20086)) 
REPRESENTATION_CONTEXT('Context #1',
  '3D Context with UNIT and UNCERTAINTY') );
#20084 = ( LENGTH_UNIT() NAMED_UNIT(*) SI_UNIT(.MILLI.,.METRE.) );
#20085 = ( NAMED_UNIT(*) PLANE_ANGLE_UNIT() SI_UNIT($,.RADIAN.) );
#20086 = ( NAMED_UNIT(*) SI_UNIT($,.STERADIAN.) SOLID_ANGLE_UNIT() );
#20087 = UNCERTAINTY_MEASURE_WITH_UNIT(LENGTH_MEASURE(1.E-07),#20084,
  'distance_accuracy_value','confusion accuracy');
#20088 = CONTEXT_DEPENDENT_SHAPE_REPRESENTATION(#20089,#20091);
#20089 = ( REPRESENTATION_RELATIONSHIP('','',#16665,#10) 
REPRESENTATION_RELATIONSHIP_WITH_TRANSFORMATION(#20090) 
SHAPE_REPRESENTATION_RELATIONSHIP() );
#20090 = ITEM_DEFINED_TRANSFORMATION('','',#11,#19);
#20091 = PRODUCT_DEFINITION_SHAPE('Placement','Placement of an item',
  #20092);
#20092 = NEXT_ASSEMBLY_USAGE_OCCURRENCE('2','=>[0:1:1:3]','',#5,#16660,$
  );
#20093 = PRODUCT_RELATED_PRODUCT_CATEGORY('part',$,(#16662));
#20094 = MECHANICAL_DESIGN_GEOMETRIC_PRESENTATION_REPRESENTATION('',(
    #20095),#20083);
#20095 = STYLED_ITEM('color',(#20096),#16666);
#20096 = PRESENTATION_STYLE_ASSIGNMENT((#20097));
#20097 = SURFACE_STYLE_USAGE(.BOTH.,#20098);
#20098 = SURFACE_SIDE_STYLE('',(#20099));
#20099 = SURFACE_STYLE_FILL_AREA(#20100);
#20100 = FILL_AREA_STYLE('',(#20101));
#20101 = FILL_AREA_STYLE_COLOUR('',#20102);
#20102 = COLOUR_RGB('',0.313304153717,0.484529207832,0.410020903123);
#20103 = MECHANICAL_DESIGN_GEOMETRIC_PRESENTATION_REPRESENTATION('',(
    #20104,#20112,#20119,#20126,#20133,#20140,#20147,#20154,#20161,
    #20168,#20175,#20182,#20189,#20196,#20203,#20210,#20217,#20224,
    #20231,#20238,#20245,#20252,#20259,#20266,#20273,#20280,#20287,
    #20294,#20301,#20308,#20315,#20322,#20329,#20336,#20343,#20350,
    #20357,#20364,#20371,#20378,#20385,#20392,#20399,#20406,#20413,
    #20420,#20427,#20434,#20441,#20448,#20455,#20462,#20469,#20476,
    #20483,#20490,#20497,#20504,#20511,#20518,#20525,#20532,#20539,
    #20546,#20553,#20560,#20567,#20574,#20581,#20588,#20595,#20602,
    #20609,#20616,#20623,#20630,#20637,#20644,#20651,#20658,#20665,
    #20672,#20679,#20686,#20693,#20700,#20707,#20714,#20721,#20728,
    #20735,#20742,#20749,#20756,#20763,#20770,#20777,#20784,#20791,
    #20798,#20805,#20812,#20819,#20826,#20833,#20840,#20847,#20854,
    #20861,#20868,#20875,#20882,#20889,#20896,#20903,#20910,#20917,
    #20924,#20931,#20938,#20945,#20952,#20959,#20966,#20973,#20980,
    #20987,#20994,#21001,#21008,#21015,#21022,#21029,#21036,#21043,
    #21050,#21057,#21064,#21071,#21078,#21085,#21092,#21099,#21106,
    #21113,#21120,#21127,#21134,#21141,#21148,#21155,#21162),#16647);
#20104 = STYLED_ITEM('color',(#20105),#37);
#20105 = PRESENTATION_STYLE_ASSIGNMENT((#20106));
#20106 = SURFACE_STYLE_USAGE(.BOTH.,#20107);
#20107 = SURFACE_SIDE_STYLE('',(#20108));
#20108 = SURFACE_STYLE_FILL_AREA(#20109);
#20109 = FILL_AREA_STYLE('',(#20110));
#20110 = FILL_AREA_STYLE_COLOUR('',#20111);
#20111 = COLOUR_RGB('',0.735356983052,0.735356983052,0.735356983052);
#20112 = STYLED_ITEM('color',(#20113),#187);
#20113 = PRESENTATION_STYLE_ASSIGNMENT((#20114));
#20114 = SURFACE_STYLE_USAGE(.BOTH.,#20115);
#20115 = SURFACE_SIDE_STYLE('',(#20116));
#20116 = SURFACE_STYLE_FILL_AREA(#20117);
#20117 = FILL_AREA_STYLE('',(#20118));
#20118 = FILL_AREA_STYLE_COLOUR('',#20111);
#20119 = STYLED_ITEM('color',(#20120),#279);
#20120 = PRESENTATION_STYLE_ASSIGNMENT((#20121));
#20121 = SURFACE_STYLE_USAGE(.BOTH.,#20122);
#20122 = SURFACE_SIDE_STYLE('',(#20123));
#20123 = SURFACE_STYLE_FILL_AREA(#20124);
#20124 = FILL_AREA_STYLE('',(#20125));
#20125 = FILL_AREA_STYLE_COLOUR('',#20111);
#20126 = STYLED_ITEM('color',(#20127),#371);
#20127 = PRESENTATION_STYLE_ASSIGNMENT((#20128));
#20128 = SURFACE_STYLE_USAGE(.BOTH.,#20129);
#20129 = SURFACE_SIDE_STYLE('',(#20130));
#20130 = SURFACE_STYLE_FILL_AREA(#20131);
#20131 = FILL_AREA_STYLE('',(#20132));
#20132 = FILL_AREA_STYLE_COLOUR('',#20111);
#20133 = STYLED_ITEM('color',(#20134),#463);
#20134 = PRESENTATION_STYLE_ASSIGNMENT((#20135));
#20135 = SURFACE_STYLE_USAGE(.BOTH.,#20136);
#20136 = SURFACE_SIDE_STYLE('',(#20137));
#20137 = SURFACE_STYLE_FILL_AREA(#20138);
#20138 = FILL_AREA_STYLE('',(#20139));
#20139 = FILL_AREA_STYLE_COLOUR('',#20111);
#20140 = STYLED_ITEM('color',(#20141),#555);
#20141 = PRESENTATION_STYLE_ASSIGNMENT((#20142));
#20142 = SURFACE_STYLE_USAGE(.BOTH.,#20143);
#20143 = SURFACE_SIDE_STYLE('',(#20144));
#20144 = SURFACE_STYLE_FILL_AREA(#20145);
#20145 = FILL_AREA_STYLE('',(#20146));
#20146 = FILL_AREA_STYLE_COLOUR('',#20111);
#20147 = STYLED_ITEM('color',(#20148),#647);
#20148 = PRESENTATION_STYLE_ASSIGNMENT((#20149));
#20149 = SURFACE_STYLE_USAGE(.BOTH.,#20150);
#20150 = SURFACE_SIDE_STYLE('',(#20151));
#20151 = SURFACE_STYLE_FILL_AREA(#20152);
#20152 = FILL_AREA_STYLE('',(#20153));
#20153 = FILL_AREA_STYLE_COLOUR('',#20111);
#20154 = STYLED_ITEM('color',(#20155),#739);
#20155 = PRESENTATION_STYLE_ASSIGNMENT((#20156));
#20156 = SURFACE_STYLE_USAGE(.BOTH.,#20157);
#20157 = SURFACE_SIDE_STYLE('',(#20158));
#20158 = SURFACE_STYLE_FILL_AREA(#20159);
#20159 = FILL_AREA_STYLE('',(#20160));
#20160 = FILL_AREA_STYLE_COLOUR('',#20111);
#20161 = STYLED_ITEM('color',(#20162),#831);
#20162 = PRESENTATION_STYLE_ASSIGNMENT((#20163));
#20163 = SURFACE_STYLE_USAGE(.BOTH.,#20164);
#20164 = SURFACE_SIDE_STYLE('',(#20165));
#20165 = SURFACE_STYLE_FILL_AREA(#20166);
#20166 = FILL_AREA_STYLE('',(#20167));
#20167 = FILL_AREA_STYLE_COLOUR('',#20111);
#20168 = STYLED_ITEM('color',(#20169),#923);
#20169 = PRESENTATION_STYLE_ASSIGNMENT((#20170));
#20170 = SURFACE_STYLE_USAGE(.BOTH.,#20171);
#20171 = SURFACE_SIDE_STYLE('',(#20172));
#20172 = SURFACE_STYLE_FILL_AREA(#20173);
#20173 = FILL_AREA_STYLE('',(#20174));
#20174 = FILL_AREA_STYLE_COLOUR('',#20111);
#20175 = STYLED_ITEM('color',(#20176),#1015);
#20176 = PRESENTATION_STYLE_ASSIGNMENT((#20177));
#20177 = SURFACE_STYLE_USAGE(.BOTH.,#20178);
#20178 = SURFACE_SIDE_STYLE('',(#20179));
#20179 = SURFACE_STYLE_FILL_AREA(#20180);
#20180 = FILL_AREA_STYLE('',(#20181));
#20181 = FILL_AREA_STYLE_COLOUR('',#20111);
#20182 = STYLED_ITEM('color',(#20183),#1107);
#20183 = PRESENTATION_STYLE_ASSIGNMENT((#20184));
#20184 = SURFACE_STYLE_USAGE(.BOTH.,#20185);
#20185 = SURFACE_SIDE_STYLE('',(#20186));
#20186 = SURFACE_STYLE_FILL_AREA(#20187);
#20187 = FILL_AREA_STYLE('',(#20188));
#20188 = FILL_AREA_STYLE_COLOUR('',#20111);
#20189 = STYLED_ITEM('color',(#20190),#1199);
#20190 = PRESENTATION_STYLE_ASSIGNMENT((#20191));
#20191 = SURFACE_STYLE_USAGE(.BOTH.,#20192);
#20192 = SURFACE_SIDE_STYLE('',(#20193));
#20193 = SURFACE_STYLE_FILL_AREA(#20194);
#20194 = FILL_AREA_STYLE('',(#20195));
#20195 = FILL_AREA_STYLE_COLOUR('',#20111);
#20196 = STYLED_ITEM('color',(#20197),#1291);
#20197 = PRESENTATION_STYLE_ASSIGNMENT((#20198));
#20198 = SURFACE_STYLE_USAGE(.BOTH.,#20199);
#20199 = SURFACE_SIDE_STYLE('',(#20200));
#20200 = SURFACE_STYLE_FILL_AREA(#20201);
#20201 = FILL_AREA_STYLE('',(#20202));
#20202 = FILL_AREA_STYLE_COLOUR('',#20111);
#20203 = STYLED_ITEM('color',(#20204),#1383);
#20204 = PRESENTATION_STYLE_ASSIGNMENT((#20205));
#20205 = SURFACE_STYLE_USAGE(.BOTH.,#20206);
#20206 = SURFACE_SIDE_STYLE('',(#20207));
#20207 = SURFACE_STYLE_FILL_AREA(#20208);
#20208 = FILL_AREA_STYLE('',(#20209));
#20209 = FILL_AREA_STYLE_COLOUR('',#20111);
#20210 = STYLED_ITEM('color',(#20211),#1475);
#20211 = PRESENTATION_STYLE_ASSIGNMENT((#20212));
#20212 = SURFACE_STYLE_USAGE(.BOTH.,#20213);
#20213 = SURFACE_SIDE_STYLE('',(#20214));
#20214 = SURFACE_STYLE_FILL_AREA(#20215);
#20215 = FILL_AREA_STYLE('',(#20216));
#20216 = FILL_AREA_STYLE_COLOUR('',#20111);
#20217 = STYLED_ITEM('color',(#20218),#1567);
#20218 = PRESENTATION_STYLE_ASSIGNMENT((#20219));
#20219 = SURFACE_STYLE_USAGE(.BOTH.,#20220);
#20220 = SURFACE_SIDE_STYLE('',(#20221));
#20221 = SURFACE_STYLE_FILL_AREA(#20222);
#20222 = FILL_AREA_STYLE('',(#20223));
#20223 = FILL_AREA_STYLE_COLOUR('',#20111);
#20224 = STYLED_ITEM('color',(#20225),#1659);
#20225 = PRESENTATION_STYLE_ASSIGNMENT((#20226));
#20226 = SURFACE_STYLE_USAGE(.BOTH.,#20227);
#20227 = SURFACE_SIDE_STYLE('',(#20228));
#20228 = SURFACE_STYLE_FILL_AREA(#20229);
#20229 = FILL_AREA_STYLE('',(#20230));
#20230 = FILL_AREA_STYLE_COLOUR('',#20111);
#20231 = STYLED_ITEM('color',(#20232),#1751);
#20232 = PRESENTATION_STYLE_ASSIGNMENT((#20233));
#20233 = SURFACE_STYLE_USAGE(.BOTH.,#20234);
#20234 = SURFACE_SIDE_STYLE('',(#20235));
#20235 = SURFACE_STYLE_FILL_AREA(#20236);
#20236 = FILL_AREA_STYLE('',(#20237));
#20237 = FILL_AREA_STYLE_COLOUR('',#20111);
#20238 = STYLED_ITEM('color',(#20239),#1843);
#20239 = PRESENTATION_STYLE_ASSIGNMENT((#20240));
#20240 = SURFACE_STYLE_USAGE(.BOTH.,#20241);
#20241 = SURFACE_SIDE_STYLE('',(#20242));
#20242 = SURFACE_STYLE_FILL_AREA(#20243);
#20243 = FILL_AREA_STYLE('',(#20244));
#20244 = FILL_AREA_STYLE_COLOUR('',#20111);
#20245 = STYLED_ITEM('color',(#20246),#1935);
#20246 = PRESENTATION_STYLE_ASSIGNMENT((#20247));
#20247 = SURFACE_STYLE_USAGE(.BOTH.,#20248);
#20248 = SURFACE_SIDE_STYLE('',(#20249));
#20249 = SURFACE_STYLE_FILL_AREA(#20250);
#20250 = FILL_AREA_STYLE('',(#20251));
#20251 = FILL_AREA_STYLE_COLOUR('',#20111);
#20252 = STYLED_ITEM('color',(#20253),#2027);
#20253 = PRESENTATION_STYLE_ASSIGNMENT((#20254));
#20254 = SURFACE_STYLE_USAGE(.BOTH.,#20255);
#20255 = SURFACE_SIDE_STYLE('',(#20256));
#20256 = SURFACE_STYLE_FILL_AREA(#20257);
#20257 = FILL_AREA_STYLE('',(#20258));
#20258 = FILL_AREA_STYLE_COLOUR('',#20111);
#20259 = STYLED_ITEM('color',(#20260),#2119);
#20260 = PRESENTATION_STYLE_ASSIGNMENT((#20261));
#20261 = SURFACE_STYLE_USAGE(.BOTH.,#20262);
#20262 = SURFACE_SIDE_STYLE('',(#20263));
#20263 = SURFACE_STYLE_FILL_AREA(#20264);
#20264 = FILL_AREA_STYLE('',(#20265));
#20265 = FILL_AREA_STYLE_COLOUR('',#20111);
#20266 = STYLED_ITEM('color',(#20267),#2211);
#20267 = PRESENTATION_STYLE_ASSIGNMENT((#20268));
#20268 = SURFACE_STYLE_USAGE(.BOTH.,#20269);
#20269 = SURFACE_SIDE_STYLE('',(#20270));
#20270 = SURFACE_STYLE_FILL_AREA(#20271);
#20271 = FILL_AREA_STYLE('',(#20272));
#20272 = FILL_AREA_STYLE_COLOUR('',#20111);
#20273 = STYLED_ITEM('color',(#20274),#2303);
#20274 = PRESENTATION_STYLE_ASSIGNMENT((#20275));
#20275 = SURFACE_STYLE_USAGE(.BOTH.,#20276);
#20276 = SURFACE_SIDE_STYLE('',(#20277));
#20277 = SURFACE_STYLE_FILL_AREA(#20278);
#20278 = FILL_AREA_STYLE('',(#20279));
#20279 = FILL_AREA_STYLE_COLOUR('',#20111);
#20280 = STYLED_ITEM('color',(#20281),#2395);
#20281 = PRESENTATION_STYLE_ASSIGNMENT((#20282));
#20282 = SURFACE_STYLE_USAGE(.BOTH.,#20283);
#20283 = SURFACE_SIDE_STYLE('',(#20284));
#20284 = SURFACE_STYLE_FILL_AREA(#20285);
#20285 = FILL_AREA_STYLE('',(#20286));
#20286 = FILL_AREA_STYLE_COLOUR('',#20111);
#20287 = STYLED_ITEM('color',(#20288),#2487);
#20288 = PRESENTATION_STYLE_ASSIGNMENT((#20289));
#20289 = SURFACE_STYLE_USAGE(.BOTH.,#20290);
#20290 = SURFACE_SIDE_STYLE('',(#20291));
#20291 = SURFACE_STYLE_FILL_AREA(#20292);
#20292 = FILL_AREA_STYLE('',(#20293));
#20293 = FILL_AREA_STYLE_COLOUR('',#20111);
#20294 = STYLED_ITEM('color',(#20295),#2579);
#20295 = PRESENTATION_STYLE_ASSIGNMENT((#20296));
#20296 = SURFACE_STYLE_USAGE(.BOTH.,#20297);
#20297 = SURFACE_SIDE_STYLE('',(#20298));
#20298 = SURFACE_STYLE_FILL_AREA(#20299);
#20299 = FILL_AREA_STYLE('',(#20300));
#20300 = FILL_AREA_STYLE_COLOUR('',#20111);
#20301 = STYLED_ITEM('color',(#20302),#2671);
#20302 = PRESENTATION_STYLE_ASSIGNMENT((#20303));
#20303 = SURFACE_STYLE_USAGE(.BOTH.,#20304);
#20304 = SURFACE_SIDE_STYLE('',(#20305));
#20305 = SURFACE_STYLE_FILL_AREA(#20306);
#20306 = FILL_AREA_STYLE('',(#20307));
#20307 = FILL_AREA_STYLE_COLOUR('',#20111);
#20308 = STYLED_ITEM('color',(#20309),#2763);
#20309 = PRESENTATION_STYLE_ASSIGNMENT((#20310));
#20310 = SURFACE_STYLE_USAGE(.BOTH.,#20311);
#20311 = SURFACE_SIDE_STYLE('',(#20312));
#20312 = SURFACE_STYLE_FILL_AREA(#20313);
#20313 = FILL_AREA_STYLE('',(#20314));
#20314 = FILL_AREA_STYLE_COLOUR('',#20111);
#20315 = STYLED_ITEM('color',(#20316),#2855);
#20316 = PRESENTATION_STYLE_ASSIGNMENT((#20317));
#20317 = SURFACE_STYLE_USAGE(.BOTH.,#20318);
#20318 = SURFACE_SIDE_STYLE('',(#20319));
#20319 = SURFACE_STYLE_FILL_AREA(#20320);
#20320 = FILL_AREA_STYLE('',(#20321));
#20321 = FILL_AREA_STYLE_COLOUR('',#20111);
#20322 = STYLED_ITEM('color',(#20323),#2947);
#20323 = PRESENTATION_STYLE_ASSIGNMENT((#20324));
#20324 = SURFACE_STYLE_USAGE(.BOTH.,#20325);
#20325 = SURFACE_SIDE_STYLE('',(#20326));
#20326 = SURFACE_STYLE_FILL_AREA(#20327);
#20327 = FILL_AREA_STYLE('',(#20328));
#20328 = FILL_AREA_STYLE_COLOUR('',#20111);
#20329 = STYLED_ITEM('color',(#20330),#3039);
#20330 = PRESENTATION_STYLE_ASSIGNMENT((#20331));
#20331 = SURFACE_STYLE_USAGE(.BOTH.,#20332);
#20332 = SURFACE_SIDE_STYLE('',(#20333));
#20333 = SURFACE_STYLE_FILL_AREA(#20334);
#20334 = FILL_AREA_STYLE('',(#20335));
#20335 = FILL_AREA_STYLE_COLOUR('',#20111);
#20336 = STYLED_ITEM('color',(#20337),#3131);
#20337 = PRESENTATION_STYLE_ASSIGNMENT((#20338));
#20338 = SURFACE_STYLE_USAGE(.BOTH.,#20339);
#20339 = SURFACE_SIDE_STYLE('',(#20340));
#20340 = SURFACE_STYLE_FILL_AREA(#20341);
#20341 = FILL_AREA_STYLE('',(#20342));
#20342 = FILL_AREA_STYLE_COLOUR('',#20111);
#20343 = STYLED_ITEM('color',(#20344),#3223);
#20344 = PRESENTATION_STYLE_ASSIGNMENT((#20345));
#20345 = SURFACE_STYLE_USAGE(.BOTH.,#20346);
#20346 = SURFACE_SIDE_STYLE('',(#20347));
#20347 = SURFACE_STYLE_FILL_AREA(#20348);
#20348 = FILL_AREA_STYLE('',(#20349));
#20349 = FILL_AREA_STYLE_COLOUR('',#20111);
#20350 = STYLED_ITEM('color',(#20351),#3315);
#20351 = PRESENTATION_STYLE_ASSIGNMENT((#20352));
#20352 = SURFACE_STYLE_USAGE(.BOTH.,#20353);
#20353 = SURFACE_SIDE_STYLE('',(#20354));
#20354 = SURFACE_STYLE_FILL_AREA(#20355);
#20355 = FILL_AREA_STYLE('',(#20356));
#20356 = FILL_AREA_STYLE_COLOUR('',#20111);
#20357 = STYLED_ITEM('color',(#20358),#3407);
#20358 = PRESENTATION_STYLE_ASSIGNMENT((#20359));
#20359 = SURFACE_STYLE_USAGE(.BOTH.,#20360);
#20360 = SURFACE_SIDE_STYLE('',(#20361));
#20361 = SURFACE_STYLE_FILL_AREA(#20362);
#20362 = FILL_AREA_STYLE('',(#20363));
#20363 = FILL_AREA_STYLE_COLOUR('',#20111);
#20364 = STYLED_ITEM('color',(#20365),#3499);
#20365 = PRESENTATION_STYLE_ASSIGNMENT((#20366));
#20366 = SURFACE_STYLE_USAGE(.BOTH.,#20367);
#20367 = SURFACE_SIDE_STYLE('',(#20368));
#20368 = SURFACE_STYLE_FILL_AREA(#20369);
#20369 = FILL_AREA_STYLE('',(#20370));
#20370 = FILL_AREA_STYLE_COLOUR('',#20111);
#20371 = STYLED_ITEM('color',(#20372),#3591);
#20372 = PRESENTATION_STYLE_ASSIGNMENT((#20373));
#20373 = SURFACE_STYLE_USAGE(.BOTH.,#20374);
#20374 = SURFACE_SIDE_STYLE('',(#20375));
#20375 = SURFACE_STYLE_FILL_AREA(#20376);
#20376 = FILL_AREA_STYLE('',(#20377));
#20377 = FILL_AREA_STYLE_COLOUR('',#20111);
#20378 = STYLED_ITEM('color',(#20379),#3683);
#20379 = PRESENTATION_STYLE_ASSIGNMENT((#20380));
#20380 = SURFACE_STYLE_USAGE(.BOTH.,#20381);
#20381 = SURFACE_SIDE_STYLE('',(#20382));
#20382 = SURFACE_STYLE_FILL_AREA(#20383);
#20383 = FILL_AREA_STYLE('',(#20384));
#20384 = FILL_AREA_STYLE_COLOUR('',#20111);
#20385 = STYLED_ITEM('color',(#20386),#3775);
#20386 = PRESENTATION_STYLE_ASSIGNMENT((#20387));
#20387 = SURFACE_STYLE_USAGE(.BOTH.,#20388);
#20388 = SURFACE_SIDE_STYLE('',(#20389));
#20389 = SURFACE_STYLE_FILL_AREA(#20390);
#20390 = FILL_AREA_STYLE('',(#20391));
#20391 = FILL_AREA_STYLE_COLOUR('',#20111);
#20392 = STYLED_ITEM('color',(#20393),#3867);
#20393 = PRESENTATION_STYLE_ASSIGNMENT((#20394));
#20394 = SURFACE_STYLE_USAGE(.BOTH.,#20395);
#20395 = SURFACE_SIDE_STYLE('',(#20396));
#20396 = SURFACE_STYLE_FILL_AREA(#20397);
#20397 = FILL_AREA_STYLE('',(#20398));
#20398 = FILL_AREA_STYLE_COLOUR('',#20111);
#20399 = STYLED_ITEM('color',(#20400),#3959);
#20400 = PRESENTATION_STYLE_ASSIGNMENT((#20401));
#20401 = SURFACE_STYLE_USAGE(.BOTH.,#20402);
#20402 = SURFACE_SIDE_STYLE('',(#20403));
#20403 = SURFACE_STYLE_FILL_AREA(#20404);
#20404 = FILL_AREA_STYLE('',(#20405));
#20405 = FILL_AREA_STYLE_COLOUR('',#20111);
#20406 = STYLED_ITEM('color',(#20407),#4051);
#20407 = PRESENTATION_STYLE_ASSIGNMENT((#20408));
#20408 = SURFACE_STYLE_USAGE(.BOTH.,#20409);
#20409 = SURFACE_SIDE_STYLE('',(#20410));
#20410 = SURFACE_STYLE_FILL_AREA(#20411);
#20411 = FILL_AREA_STYLE('',(#20412));
#20412 = FILL_AREA_STYLE_COLOUR('',#20111);
#20413 = STYLED_ITEM('color',(#20414),#4143);
#20414 = PRESENTATION_STYLE_ASSIGNMENT((#20415));
#20415 = SURFACE_STYLE_USAGE(.BOTH.,#20416);
#20416 = SURFACE_SIDE_STYLE('',(#20417));
#20417 = SURFACE_STYLE_FILL_AREA(#20418);
#20418 = FILL_AREA_STYLE('',(#20419));
#20419 = FILL_AREA_STYLE_COLOUR('',#20111);
#20420 = STYLED_ITEM('color',(#20421),#4235);
#20421 = PRESENTATION_STYLE_ASSIGNMENT((#20422));
#20422 = SURFACE_STYLE_USAGE(.BOTH.,#20423);
#20423 = SURFACE_SIDE_STYLE('',(#20424));
#20424 = SURFACE_STYLE_FILL_AREA(#20425);
#20425 = FILL_AREA_STYLE('',(#20426));
#20426 = FILL_AREA_STYLE_COLOUR('',#20111);
#20427 = STYLED_ITEM('color',(#20428),#4327);
#20428 = PRESENTATION_STYLE_ASSIGNMENT((#20429));
#20429 = SURFACE_STYLE_USAGE(.BOTH.,#20430);
#20430 = SURFACE_SIDE_STYLE('',(#20431));
#20431 = SURFACE_STYLE_FILL_AREA(#20432);
#20432 = FILL_AREA_STYLE('',(#20433));
#20433 = FILL_AREA_STYLE_COLOUR('',#20111);
#20434 = STYLED_ITEM('color',(#20435),#4419);
#20435 = PRESENTATION_STYLE_ASSIGNMENT((#20436));
#20436 = SURFACE_STYLE_USAGE(.BOTH.,#20437);
#20437 = SURFACE_SIDE_STYLE('',(#20438));
#20438 = SURFACE_STYLE_FILL_AREA(#20439);
#20439 = FILL_AREA_STYLE('',(#20440));
#20440 = FILL_AREA_STYLE_COLOUR('',#20111);
#20441 = STYLED_ITEM('color',(#20442),#4511);
#20442 = PRESENTATION_STYLE_ASSIGNMENT((#20443));
#20443 = SURFACE_STYLE_USAGE(.BOTH.,#20444);
#20444 = SURFACE_SIDE_STYLE('',(#20445));
#20445 = SURFACE_STYLE_FILL_AREA(#20446);
#20446 = FILL_AREA_STYLE('',(#20447));
#20447 = FILL_AREA_STYLE_COLOUR('',#20111);
#20448 = STYLED_ITEM('color',(#20449),#4603);
#20449 = PRESENTATION_STYLE_ASSIGNMENT((#20450));
#20450 = SURFACE_STYLE_USAGE(.BOTH.,#20451);
#20451 = SURFACE_SIDE_STYLE('',(#20452));
#20452 = SURFACE_STYLE_FILL_AREA(#20453);
#20453 = FILL_AREA_STYLE('',(#20454));
#20454 = FILL_AREA_STYLE_COLOUR('',#20111);
#20455 = STYLED_ITEM('color',(#20456),#4695);
#20456 = PRESENTATION_STYLE_ASSIGNMENT((#20457));
#20457 = SURFACE_STYLE_USAGE(.BOTH.,#20458);
#20458 = SURFACE_SIDE_STYLE('',(#20459));
#20459 = SURFACE_STYLE_FILL_AREA(#20460);
#20460 = FILL_AREA_STYLE('',(#20461));
#20461 = FILL_AREA_STYLE_COLOUR('',#20111);
#20462 = STYLED_ITEM('color',(#20463),#4787);
#20463 = PRESENTATION_STYLE_ASSIGNMENT((#20464));
#20464 = SURFACE_STYLE_USAGE(.BOTH.,#20465);
#20465 = SURFACE_SIDE_STYLE('',(#20466));
#20466 = SURFACE_STYLE_FILL_AREA(#20467);
#20467 = FILL_AREA_STYLE('',(#20468));
#20468 = FILL_AREA_STYLE_COLOUR('',#20111);
#20469 = STYLED_ITEM('color',(#20470),#4879);
#20470 = PRESENTATION_STYLE_ASSIGNMENT((#20471));
#20471 = SURFACE_STYLE_USAGE(.BOTH.,#20472);
#20472 = SURFACE_SIDE_STYLE('',(#20473));
#20473 = SURFACE_STYLE_FILL_AREA(#20474);
#20474 = FILL_AREA_STYLE('',(#20475));
#20475 = FILL_AREA_STYLE_COLOUR('',#20111);
#20476 = STYLED_ITEM('color',(#20477),#4971);
#20477 = PRESENTATION_STYLE_ASSIGNMENT((#20478));
#20478 = SURFACE_STYLE_USAGE(.BOTH.,#20479);
#20479 = SURFACE_SIDE_STYLE('',(#20480));
#20480 = SURFACE_STYLE_FILL_AREA(#20481);
#20481 = FILL_AREA_STYLE('',(#20482));
#20482 = FILL_AREA_STYLE_COLOUR('',#20111);
#20483 = STYLED_ITEM('color',(#20484),#5063);
#20484 = PRESENTATION_STYLE_ASSIGNMENT((#20485));
#20485 = SURFACE_STYLE_USAGE(.BOTH.,#20486);
#20486 = SURFACE_SIDE_STYLE('',(#20487));
#20487 = SURFACE_STYLE_FILL_AREA(#20488);
#20488 = FILL_AREA_STYLE('',(#20489));
#20489 = FILL_AREA_STYLE_COLOUR('',#20111);
#20490 = STYLED_ITEM('color',(#20491),#5155);
#20491 = PRESENTATION_STYLE_ASSIGNMENT((#20492));
#20492 = SURFACE_STYLE_USAGE(.BOTH.,#20493);
#20493 = SURFACE_SIDE_STYLE('',(#20494));
#20494 = SURFACE_STYLE_FILL_AREA(#20495);
#20495 = FILL_AREA_STYLE('',(#20496));
#20496 = FILL_AREA_STYLE_COLOUR('',#20111);
#20497 = STYLED_ITEM('color',(#20498),#5247);
#20498 = PRESENTATION_STYLE_ASSIGNMENT((#20499));
#20499 = SURFACE_STYLE_USAGE(.BOTH.,#20500);
#20500 = SURFACE_SIDE_STYLE('',(#20501));
#20501 = SURFACE_STYLE_FILL_AREA(#20502);
#20502 = FILL_AREA_STYLE('',(#20503));
#20503 = FILL_AREA_STYLE_COLOUR('',#20111);
#20504 = STYLED_ITEM('color',(#20505),#5339);
#20505 = PRESENTATION_STYLE_ASSIGNMENT((#20506));
#20506 = SURFACE_STYLE_USAGE(.BOTH.,#20507);
#20507 = SURFACE_SIDE_STYLE('',(#20508));
#20508 = SURFACE_STYLE_FILL_AREA(#20509);
#20509 = FILL_AREA_STYLE('',(#20510));
#20510 = FILL_AREA_STYLE_COLOUR('',#20111);
#20511 = STYLED_ITEM('color',(#20512),#5431);
#20512 = PRESENTATION_STYLE_ASSIGNMENT((#20513));
#20513 = SURFACE_STYLE_USAGE(.BOTH.,#20514);
#20514 = SURFACE_SIDE_STYLE('',(#20515));
#20515 = SURFACE_STYLE_FILL_AREA(#20516);
#20516 = FILL_AREA_STYLE('',(#20517));
#20517 = FILL_AREA_STYLE_COLOUR('',#20111);
#20518 = STYLED_ITEM('color',(#20519),#5523);
#20519 = PRESENTATION_STYLE_ASSIGNMENT((#20520));
#20520 = SURFACE_STYLE_USAGE(.BOTH.,#20521);
#20521 = SURFACE_SIDE_STYLE('',(#20522));
#20522 = SURFACE_STYLE_FILL_AREA(#20523);
#20523 = FILL_AREA_STYLE('',(#20524));
#20524 = FILL_AREA_STYLE_COLOUR('',#20111);
#20525 = STYLED_ITEM('color',(#20526),#5615);
#20526 = PRESENTATION_STYLE_ASSIGNMENT((#20527));
#20527 = SURFACE_STYLE_USAGE(.BOTH.,#20528);
#20528 = SURFACE_SIDE_STYLE('',(#20529));
#20529 = SURFACE_STYLE_FILL_AREA(#20530);
#20530 = FILL_AREA_STYLE('',(#20531));
#20531 = FILL_AREA_STYLE_COLOUR('',#20111);
#20532 = STYLED_ITEM('color',(#20533),#5707);
#20533 = PRESENTATION_STYLE_ASSIGNMENT((#20534));
#20534 = SURFACE_STYLE_USAGE(.BOTH.,#20535);
#20535 = SURFACE_SIDE_STYLE('',(#20536));
#20536 = SURFACE_STYLE_FILL_AREA(#20537);
#20537 = FILL_AREA_STYLE('',(#20538));
#20538 = FILL_AREA_STYLE_COLOUR('',#20111);
#20539 = STYLED_ITEM('color',(#20540),#6036);
#20540 = PRESENTATION_STYLE_ASSIGNMENT((#20541));
#20541 = SURFACE_STYLE_USAGE(.BOTH.,#20542);
#20542 = SURFACE_SIDE_STYLE('',(#20543));
#20543 = SURFACE_STYLE_FILL_AREA(#20544);
#20544 = FILL_AREA_STYLE('',(#20545));
#20545 = FILL_AREA_STYLE_COLOUR('',#20111);
#20546 = STYLED_ITEM('color',(#20547),#6365);
#20547 = PRESENTATION_STYLE_ASSIGNMENT((#20548));
#20548 = SURFACE_STYLE_USAGE(.BOTH.,#20549);
#20549 = SURFACE_SIDE_STYLE('',(#20550));
#20550 = SURFACE_STYLE_FILL_AREA(#20551);
#20551 = FILL_AREA_STYLE('',(#20552));
#20552 = FILL_AREA_STYLE_COLOUR('',#20111);
#20553 = STYLED_ITEM('color',(#20554),#6457);
#20554 = PRESENTATION_STYLE_ASSIGNMENT((#20555));
#20555 = SURFACE_STYLE_USAGE(.BOTH.,#20556);
#20556 = SURFACE_SIDE_STYLE('',(#20557));
#20557 = SURFACE_STYLE_FILL_AREA(#20558);
#20558 = FILL_AREA_STYLE('',(#20559));
#20559 = FILL_AREA_STYLE_COLOUR('',#20111);
#20560 = STYLED_ITEM('color',(#20561),#6549);
#20561 = PRESENTATION_STYLE_ASSIGNMENT((#20562));
#20562 = SURFACE_STYLE_USAGE(.BOTH.,#20563);
#20563 = SURFACE_SIDE_STYLE('',(#20564));
#20564 = SURFACE_STYLE_FILL_AREA(#20565);
#20565 = FILL_AREA_STYLE('',(#20566));
#20566 = FILL_AREA_STYLE_COLOUR('',#20111);
#20567 = STYLED_ITEM('color',(#20568),#6641);
#20568 = PRESENTATION_STYLE_ASSIGNMENT((#20569));
#20569 = SURFACE_STYLE_USAGE(.BOTH.,#20570);
#20570 = SURFACE_SIDE_STYLE('',(#20571));
#20571 = SURFACE_STYLE_FILL_AREA(#20572);
#20572 = FILL_AREA_STYLE('',(#20573));
#20573 = FILL_AREA_STYLE_COLOUR('',#20111);
#20574 = STYLED_ITEM('color',(#20575),#6733);
#20575 = PRESENTATION_STYLE_ASSIGNMENT((#20576));
#20576 = SURFACE_STYLE_USAGE(.BOTH.,#20577);
#20577 = SURFACE_SIDE_STYLE('',(#20578));
#20578 = SURFACE_STYLE_FILL_AREA(#20579);
#20579 = FILL_AREA_STYLE('',(#20580));
#20580 = FILL_AREA_STYLE_COLOUR('',#20111);
#20581 = STYLED_ITEM('color',(#20582),#6825);
#20582 = PRESENTATION_STYLE_ASSIGNMENT((#20583));
#20583 = SURFACE_STYLE_USAGE(.BOTH.,#20584);
#20584 = SURFACE_SIDE_STYLE('',(#20585));
#20585 = SURFACE_STYLE_FILL_AREA(#20586);
#20586 = FILL_AREA_STYLE('',(#20587));
#20587 = FILL_AREA_STYLE_COLOUR('',#20111);
#20588 = STYLED_ITEM('color',(#20589),#6917);
#20589 = PRESENTATION_STYLE_ASSIGNMENT((#20590));
#20590 = SURFACE_STYLE_USAGE(.BOTH.,#20591);
#20591 = SURFACE_SIDE_STYLE('',(#20592));
#20592 = SURFACE_STYLE_FILL_AREA(#20593);
#20593 = FILL_AREA_STYLE('',(#20594));
#20594 = FILL_AREA_STYLE_COLOUR('',#20111);
#20595 = STYLED_ITEM('color',(#20596),#7009);
#20596 = PRESENTATION_STYLE_ASSIGNMENT((#20597));
#20597 = SURFACE_STYLE_USAGE(.BOTH.,#20598);
#20598 = SURFACE_SIDE_STYLE('',(#20599));
#20599 = SURFACE_STYLE_FILL_AREA(#20600);
#20600 = FILL_AREA_STYLE('',(#20601));
#20601 = FILL_AREA_STYLE_COLOUR('',#20111);
#20602 = STYLED_ITEM('color',(#20603),#7101);
#20603 = PRESENTATION_STYLE_ASSIGNMENT((#20604));
#20604 = SURFACE_STYLE_USAGE(.BOTH.,#20605);
#20605 = SURFACE_SIDE_STYLE('',(#20606));
#20606 = SURFACE_STYLE_FILL_AREA(#20607);
#20607 = FILL_AREA_STYLE('',(#20608));
#20608 = FILL_AREA_STYLE_COLOUR('',#20111);
#20609 = STYLED_ITEM('color',(#20610),#7193);
#20610 = PRESENTATION_STYLE_ASSIGNMENT((#20611));
#20611 = SURFACE_STYLE_USAGE(.BOTH.,#20612);
#20612 = SURFACE_SIDE_STYLE('',(#20613));
#20613 = SURFACE_STYLE_FILL_AREA(#20614);
#20614 = FILL_AREA_STYLE('',(#20615));
#20615 = FILL_AREA_STYLE_COLOUR('',#20111);
#20616 = STYLED_ITEM('color',(#20617),#7285);
#20617 = PRESENTATION_STYLE_ASSIGNMENT((#20618));
#20618 = SURFACE_STYLE_USAGE(.BOTH.,#20619);
#20619 = SURFACE_SIDE_STYLE('',(#20620));
#20620 = SURFACE_STYLE_FILL_AREA(#20621);
#20621 = FILL_AREA_STYLE('',(#20622));
#20622 = FILL_AREA_STYLE_COLOUR('',#20111);
#20623 = STYLED_ITEM('color',(#20624),#7377);
#20624 = PRESENTATION_STYLE_ASSIGNMENT((#20625));
#20625 = SURFACE_STYLE_USAGE(.BOTH.,#20626);
#20626 = SURFACE_SIDE_STYLE('',(#20627));
#20627 = SURFACE_STYLE_FILL_AREA(#20628);
#20628 = FILL_AREA_STYLE('',(#20629));
#20629 = FILL_AREA_STYLE_COLOUR('',#20111);
#20630 = STYLED_ITEM('color',(#20631),#7469);
#20631 = PRESENTATION_STYLE_ASSIGNMENT((#20632));
#20632 = SURFACE_STYLE_USAGE(.BOTH.,#20633);
#20633 = SURFACE_SIDE_STYLE('',(#20634));
#20634 = SURFACE_STYLE_FILL_AREA(#20635);
#20635 = FILL_AREA_STYLE('',(#20636));
#20636 = FILL_AREA_STYLE_COLOUR('',#20111);
#20637 = STYLED_ITEM('color',(#20638),#7561);
#20638 = PRESENTATION_STYLE_ASSIGNMENT((#20639));
#20639 = SURFACE_STYLE_USAGE(.BOTH.,#20640);
#20640 = SURFACE_SIDE_STYLE('',(#20641));
#20641 = SURFACE_STYLE_FILL_AREA(#20642);
#20642 = FILL_AREA_STYLE('',(#20643));
#20643 = FILL_AREA_STYLE_COLOUR('',#20111);
#20644 = STYLED_ITEM('color',(#20645),#7890);
#20645 = PRESENTATION_STYLE_ASSIGNMENT((#20646));
#20646 = SURFACE_STYLE_USAGE(.BOTH.,#20647);
#20647 = SURFACE_SIDE_STYLE('',(#20648));
#20648 = SURFACE_STYLE_FILL_AREA(#20649);
#20649 = FILL_AREA_STYLE('',(#20650));
#20650 = FILL_AREA_STYLE_COLOUR('',#20111);
#20651 = STYLED_ITEM('color',(#20652),#8219);
#20652 = PRESENTATION_STYLE_ASSIGNMENT((#20653));
#20653 = SURFACE_STYLE_USAGE(.BOTH.,#20654);
#20654 = SURFACE_SIDE_STYLE('',(#20655));
#20655 = SURFACE_STYLE_FILL_AREA(#20656);
#20656 = FILL_AREA_STYLE('',(#20657));
#20657 = FILL_AREA_STYLE_COLOUR('',#20111);
#20658 = STYLED_ITEM('color',(#20659),#8311);
#20659 = PRESENTATION_STYLE_ASSIGNMENT((#20660));
#20660 = SURFACE_STYLE_USAGE(.BOTH.,#20661);
#20661 = SURFACE_SIDE_STYLE('',(#20662));
#20662 = SURFACE_STYLE_FILL_AREA(#20663);
#20663 = FILL_AREA_STYLE('',(#20664));
#20664 = FILL_AREA_STYLE_COLOUR('',#20111);
#20665 = STYLED_ITEM('color',(#20666),#8403);
#20666 = PRESENTATION_STYLE_ASSIGNMENT((#20667));
#20667 = SURFACE_STYLE_USAGE(.BOTH.,#20668);
#20668 = SURFACE_SIDE_STYLE('',(#20669));
#20669 = SURFACE_STYLE_FILL_AREA(#20670);
#20670 = FILL_AREA_STYLE('',(#20671));
#20671 = FILL_AREA_STYLE_COLOUR('',#20111);
#20672 = STYLED_ITEM('color',(#20673),#8495);
#20673 = PRESENTATION_STYLE_ASSIGNMENT((#20674));
#20674 = SURFACE_STYLE_USAGE(.BOTH.,#20675);
#20675 = SURFACE_SIDE_STYLE('',(#20676));
#20676 = SURFACE_STYLE_FILL_AREA(#20677);
#20677 = FILL_AREA_STYLE('',(#20678));
#20678 = FILL_AREA_STYLE_COLOUR('',#20111);
#20679 = STYLED_ITEM('color',(#20680),#8587);
#20680 = PRESENTATION_STYLE_ASSIGNMENT((#20681));
#20681 = SURFACE_STYLE_USAGE(.BOTH.,#20682);
#20682 = SURFACE_SIDE_STYLE('',(#20683));
#20683 = SURFACE_STYLE_FILL_AREA(#20684);
#20684 = FILL_AREA_STYLE('',(#20685));
#20685 = FILL_AREA_STYLE_COLOUR('',#20111);
#20686 = STYLED_ITEM('color',(#20687),#8679);
#20687 = PRESENTATION_STYLE_ASSIGNMENT((#20688));
#20688 = SURFACE_STYLE_USAGE(.BOTH.,#20689);
#20689 = SURFACE_SIDE_STYLE('',(#20690));
#20690 = SURFACE_STYLE_FILL_AREA(#20691);
#20691 = FILL_AREA_STYLE('',(#20692));
#20692 = FILL_AREA_STYLE_COLOUR('',#20111);
#20693 = STYLED_ITEM('color',(#20694),#8771);
#20694 = PRESENTATION_STYLE_ASSIGNMENT((#20695));
#20695 = SURFACE_STYLE_USAGE(.BOTH.,#20696);
#20696 = SURFACE_SIDE_STYLE('',(#20697));
#20697 = SURFACE_STYLE_FILL_AREA(#20698);
#20698 = FILL_AREA_STYLE('',(#20699));
#20699 = FILL_AREA_STYLE_COLOUR('',#20111);
#20700 = STYLED_ITEM('color',(#20701),#8863);
#20701 = PRESENTATION_STYLE_ASSIGNMENT((#20702));
#20702 = SURFACE_STYLE_USAGE(.BOTH.,#20703);
#20703 = SURFACE_SIDE_STYLE('',(#20704));
#20704 = SURFACE_STYLE_FILL_AREA(#20705);
#20705 = FILL_AREA_STYLE('',(#20706));
#20706 = FILL_AREA_STYLE_COLOUR('',#20111);
#20707 = STYLED_ITEM('color',(#20708),#8955);
#20708 = PRESENTATION_STYLE_ASSIGNMENT((#20709));
#20709 = SURFACE_STYLE_USAGE(.BOTH.,#20710);
#20710 = SURFACE_SIDE_STYLE('',(#20711));
#20711 = SURFACE_STYLE_FILL_AREA(#20712);
#20712 = FILL_AREA_STYLE('',(#20713));
#20713 = FILL_AREA_STYLE_COLOUR('',#20111);
#20714 = STYLED_ITEM('color',(#20715),#9047);
#20715 = PRESENTATION_STYLE_ASSIGNMENT((#20716));
#20716 = SURFACE_STYLE_USAGE(.BOTH.,#20717);
#20717 = SURFACE_SIDE_STYLE('',(#20718));
#20718 = SURFACE_STYLE_FILL_AREA(#20719);
#20719 = FILL_AREA_STYLE('',(#20720));
#20720 = FILL_AREA_STYLE_COLOUR('',#20111);
#20721 = STYLED_ITEM('color',(#20722),#9139);
#20722 = PRESENTATION_STYLE_ASSIGNMENT((#20723));
#20723 = SURFACE_STYLE_USAGE(.BOTH.,#20724);
#20724 = SURFACE_SIDE_STYLE('',(#20725));
#20725 = SURFACE_STYLE_FILL_AREA(#20726);
#20726 = FILL_AREA_STYLE('',(#20727));
#20727 = FILL_AREA_STYLE_COLOUR('',#20111);
#20728 = STYLED_ITEM('color',(#20729),#9231);
#20729 = PRESENTATION_STYLE_ASSIGNMENT((#20730));
#20730 = SURFACE_STYLE_USAGE(.BOTH.,#20731);
#20731 = SURFACE_SIDE_STYLE('',(#20732));
#20732 = SURFACE_STYLE_FILL_AREA(#20733);
#20733 = FILL_AREA_STYLE('',(#20734));
#20734 = FILL_AREA_STYLE_COLOUR('',#20111);
#20735 = STYLED_ITEM('color',(#20736),#9323);
#20736 = PRESENTATION_STYLE_ASSIGNMENT((#20737));
#20737 = SURFACE_STYLE_USAGE(.BOTH.,#20738);
#20738 = SURFACE_SIDE_STYLE('',(#20739));
#20739 = SURFACE_STYLE_FILL_AREA(#20740);
#20740 = FILL_AREA_STYLE('',(#20741));
#20741 = FILL_AREA_STYLE_COLOUR('',#20111);
#20742 = STYLED_ITEM('color',(#20743),#9415);
#20743 = PRESENTATION_STYLE_ASSIGNMENT((#20744));
#20744 = SURFACE_STYLE_USAGE(.BOTH.,#20745);
#20745 = SURFACE_SIDE_STYLE('',(#20746));
#20746 = SURFACE_STYLE_FILL_AREA(#20747);
#20747 = FILL_AREA_STYLE('',(#20748));
#20748 = FILL_AREA_STYLE_COLOUR('',#20111);
#20749 = STYLED_ITEM('color',(#20750),#9705);
#20750 = PRESENTATION_STYLE_ASSIGNMENT((#20751));
#20751 = SURFACE_STYLE_USAGE(.BOTH.,#20752);
#20752 = SURFACE_SIDE_STYLE('',(#20753));
#20753 = SURFACE_STYLE_FILL_AREA(#20754);
#20754 = FILL_AREA_STYLE('',(#20755));
#20755 = FILL_AREA_STYLE_COLOUR('',#20111);
#20756 = STYLED_ITEM('color',(#20757),#9797);
#20757 = PRESENTATION_STYLE_ASSIGNMENT((#20758));
#20758 = SURFACE_STYLE_USAGE(.BOTH.,#20759);
#20759 = SURFACE_SIDE_STYLE('',(#20760));
#20760 = SURFACE_STYLE_FILL_AREA(#20761);
#20761 = FILL_AREA_STYLE('',(#20762));
#20762 = FILL_AREA_STYLE_COLOUR('',#20111);
#20763 = STYLED_ITEM('color',(#20764),#9889);
#20764 = PRESENTATION_STYLE_ASSIGNMENT((#20765));
#20765 = SURFACE_STYLE_USAGE(.BOTH.,#20766);
#20766 = SURFACE_SIDE_STYLE('',(#20767));
#20767 = SURFACE_STYLE_FILL_AREA(#20768);
#20768 = FILL_AREA_STYLE('',(#20769));
#20769 = FILL_AREA_STYLE_COLOUR('',#20111);
#20770 = STYLED_ITEM('color',(#20771),#9981);
#20771 = PRESENTATION_STYLE_ASSIGNMENT((#20772));
#20772 = SURFACE_STYLE_USAGE(.BOTH.,#20773);
#20773 = SURFACE_SIDE_STYLE('',(#20774));
#20774 = SURFACE_STYLE_FILL_AREA(#20775);
#20775 = FILL_AREA_STYLE('',(#20776));
#20776 = FILL_AREA_STYLE_COLOUR('',#20111);
#20777 = STYLED_ITEM('color',(#20778),#10073);
#20778 = PRESENTATION_STYLE_ASSIGNMENT((#20779));
#20779 = SURFACE_STYLE_USAGE(.BOTH.,#20780);
#20780 = SURFACE_SIDE_STYLE('',(#20781));
#20781 = SURFACE_STYLE_FILL_AREA(#20782);
#20782 = FILL_AREA_STYLE('',(#20783));
#20783 = FILL_AREA_STYLE_COLOUR('',#20111);
#20784 = STYLED_ITEM('color',(#20785),#10165);
#20785 = PRESENTATION_STYLE_ASSIGNMENT((#20786));
#20786 = SURFACE_STYLE_USAGE(.BOTH.,#20787);
#20787 = SURFACE_SIDE_STYLE('',(#20788));
#20788 = SURFACE_STYLE_FILL_AREA(#20789);
#20789 = FILL_AREA_STYLE('',(#20790));
#20790 = FILL_AREA_STYLE_COLOUR('',#20111);
#20791 = STYLED_ITEM('color',(#20792),#10257);
#20792 = PRESENTATION_STYLE_ASSIGNMENT((#20793));
#20793 = SURFACE_STYLE_USAGE(.BOTH.,#20794);
#20794 = SURFACE_SIDE_STYLE('',(#20795));
#20795 = SURFACE_STYLE_FILL_AREA(#20796);
#20796 = FILL_AREA_STYLE('',(#20797));
#20797 = FILL_AREA_STYLE_COLOUR('',#20111);
#20798 = STYLED_ITEM('color',(#20799),#10349);
#20799 = PRESENTATION_STYLE_ASSIGNMENT((#20800));
#20800 = SURFACE_STYLE_USAGE(.BOTH.,#20801);
#20801 = SURFACE_SIDE_STYLE('',(#20802));
#20802 = SURFACE_STYLE_FILL_AREA(#20803);
#20803 = FILL_AREA_STYLE('',(#20804));
#20804 = FILL_AREA_STYLE_COLOUR('',#20111);
#20805 = STYLED_ITEM('color',(#20806),#10441);
#20806 = PRESENTATION_STYLE_ASSIGNMENT((#20807));
#20807 = SURFACE_STYLE_USAGE(.BOTH.,#20808);
#20808 = SURFACE_SIDE_STYLE('',(#20809));
#20809 = SURFACE_STYLE_FILL_AREA(#20810);
#20810 = FILL_AREA_STYLE('',(#20811));
#20811 = FILL_AREA_STYLE_COLOUR('',#20111);
#20812 = STYLED_ITEM('color',(#20813),#10533);
#20813 = PRESENTATION_STYLE_ASSIGNMENT((#20814));
#20814 = SURFACE_STYLE_USAGE(.BOTH.,#20815);
#20815 = SURFACE_SIDE_STYLE('',(#20816));
#20816 = SURFACE_STYLE_FILL_AREA(#20817);
#20817 = FILL_AREA_STYLE('',(#20818));
#20818 = FILL_AREA_STYLE_COLOUR('',#20111);
#20819 = STYLED_ITEM('color',(#20820),#10625);
#20820 = PRESENTATION_STYLE_ASSIGNMENT((#20821));
#20821 = SURFACE_STYLE_USAGE(.BOTH.,#20822);
#20822 = SURFACE_SIDE_STYLE('',(#20823));
#20823 = SURFACE_STYLE_FILL_AREA(#20824);
#20824 = FILL_AREA_STYLE('',(#20825));
#20825 = FILL_AREA_STYLE_COLOUR('',#20111);
#20826 = STYLED_ITEM('color',(#20827),#10717);
#20827 = PRESENTATION_STYLE_ASSIGNMENT((#20828));
#20828 = SURFACE_STYLE_USAGE(.BOTH.,#20829);
#20829 = SURFACE_SIDE_STYLE('',(#20830));
#20830 = SURFACE_STYLE_FILL_AREA(#20831);
#20831 = FILL_AREA_STYLE('',(#20832));
#20832 = FILL_AREA_STYLE_COLOUR('',#20111);
#20833 = STYLED_ITEM('color',(#20834),#10809);
#20834 = PRESENTATION_STYLE_ASSIGNMENT((#20835));
#20835 = SURFACE_STYLE_USAGE(.BOTH.,#20836);
#20836 = SURFACE_SIDE_STYLE('',(#20837));
#20837 = SURFACE_STYLE_FILL_AREA(#20838);
#20838 = FILL_AREA_STYLE('',(#20839));
#20839 = FILL_AREA_STYLE_COLOUR('',#20111);
#20840 = STYLED_ITEM('color',(#20841),#10901);
#20841 = PRESENTATION_STYLE_ASSIGNMENT((#20842));
#20842 = SURFACE_STYLE_USAGE(.BOTH.,#20843);
#20843 = SURFACE_SIDE_STYLE('',(#20844));
#20844 = SURFACE_STYLE_FILL_AREA(#20845);
#20845 = FILL_AREA_STYLE('',(#20846));
#20846 = FILL_AREA_STYLE_COLOUR('',#20111);
#20847 = STYLED_ITEM('color',(#20848),#10993);
#20848 = PRESENTATION_STYLE_ASSIGNMENT((#20849));
#20849 = SURFACE_STYLE_USAGE(.BOTH.,#20850);
#20850 = SURFACE_SIDE_STYLE('',(#20851));
#20851 = SURFACE_STYLE_FILL_AREA(#20852);
#20852 = FILL_AREA_STYLE('',(#20853));
#20853 = FILL_AREA_STYLE_COLOUR('',#20111);
#20854 = STYLED_ITEM('color',(#20855),#11085);
#20855 = PRESENTATION_STYLE_ASSIGNMENT((#20856));
#20856 = SURFACE_STYLE_USAGE(.BOTH.,#20857);
#20857 = SURFACE_SIDE_STYLE('',(#20858));
#20858 = SURFACE_STYLE_FILL_AREA(#20859);
#20859 = FILL_AREA_STYLE('',(#20860));
#20860 = FILL_AREA_STYLE_COLOUR('',#20111);
#20861 = STYLED_ITEM('color',(#20862),#11414);
#20862 = PRESENTATION_STYLE_ASSIGNMENT((#20863));
#20863 = SURFACE_STYLE_USAGE(.BOTH.,#20864);
#20864 = SURFACE_SIDE_STYLE('',(#20865));
#20865 = SURFACE_STYLE_FILL_AREA(#20866);
#20866 = FILL_AREA_STYLE('',(#20867));
#20867 = FILL_AREA_STYLE_COLOUR('',#20111);
#20868 = STYLED_ITEM('color',(#20869),#11743);
#20869 = PRESENTATION_STYLE_ASSIGNMENT((#20870));
#20870 = SURFACE_STYLE_USAGE(.BOTH.,#20871);
#20871 = SURFACE_SIDE_STYLE('',(#20872));
#20872 = SURFACE_STYLE_FILL_AREA(#20873);
#20873 = FILL_AREA_STYLE('',(#20874));
#20874 = FILL_AREA_STYLE_COLOUR('',#20111);
#20875 = STYLED_ITEM('color',(#20876),#11835);
#20876 = PRESENTATION_STYLE_ASSIGNMENT((#20877));
#20877 = SURFACE_STYLE_USAGE(.BOTH.,#20878);
#20878 = SURFACE_SIDE_STYLE('',(#20879));
#20879 = SURFACE_STYLE_FILL_AREA(#20880);
#20880 = FILL_AREA_STYLE('',(#20881));
#20881 = FILL_AREA_STYLE_COLOUR('',#20111);
#20882 = STYLED_ITEM('color',(#20883),#11927);
#20883 = PRESENTATION_STYLE_ASSIGNMENT((#20884));
#20884 = SURFACE_STYLE_USAGE(.BOTH.,#20885);
#20885 = SURFACE_SIDE_STYLE('',(#20886));
#20886 = SURFACE_STYLE_FILL_AREA(#20887);
#20887 = FILL_AREA_STYLE('',(#20888));
#20888 = FILL_AREA_STYLE_COLOUR('',#20111);
#20889 = STYLED_ITEM('color',(#20890),#12019);
#20890 = PRESENTATION_STYLE_ASSIGNMENT((#20891));
#20891 = SURFACE_STYLE_USAGE(.BOTH.,#20892);
#20892 = SURFACE_SIDE_STYLE('',(#20893));
#20893 = SURFACE_STYLE_FILL_AREA(#20894);
#20894 = FILL_AREA_STYLE('',(#20895));
#20895 = FILL_AREA_STYLE_COLOUR('',#20111);
#20896 = STYLED_ITEM('color',(#20897),#12111);
#20897 = PRESENTATION_STYLE_ASSIGNMENT((#20898));
#20898 = SURFACE_STYLE_USAGE(.BOTH.,#20899);
#20899 = SURFACE_SIDE_STYLE('',(#20900));
#20900 = SURFACE_STYLE_FILL_AREA(#20901);
#20901 = FILL_AREA_STYLE('',(#20902));
#20902 = FILL_AREA_STYLE_COLOUR('',#20111);
#20903 = STYLED_ITEM('color',(#20904),#12203);
#20904 = PRESENTATION_STYLE_ASSIGNMENT((#20905));
#20905 = SURFACE_STYLE_USAGE(.BOTH.,#20906);
#20906 = SURFACE_SIDE_STYLE('',(#20907));
#20907 = SURFACE_STYLE_FILL_AREA(#20908);
#20908 = FILL_AREA_STYLE('',(#20909));
#20909 = FILL_AREA_STYLE_COLOUR('',#20111);
#20910 = STYLED_ITEM('color',(#20911),#12295);
#20911 = PRESENTATION_STYLE_ASSIGNMENT((#20912));
#20912 = SURFACE_STYLE_USAGE(.BOTH.,#20913);
#20913 = SURFACE_SIDE_STYLE('',(#20914));
#20914 = SURFACE_STYLE_FILL_AREA(#20915);
#20915 = FILL_AREA_STYLE('',(#20916));
#20916 = FILL_AREA_STYLE_COLOUR('',#20111);
#20917 = STYLED_ITEM('color',(#20918),#12387);
#20918 = PRESENTATION_STYLE_ASSIGNMENT((#20919));
#20919 = SURFACE_STYLE_USAGE(.BOTH.,#20920);
#20920 = SURFACE_SIDE_STYLE('',(#20921));
#20921 = SURFACE_STYLE_FILL_AREA(#20922);
#20922 = FILL_AREA_STYLE('',(#20923));
#20923 = FILL_AREA_STYLE_COLOUR('',#20111);
#20924 = STYLED_ITEM('color',(#20925),#12479);
#20925 = PRESENTATION_STYLE_ASSIGNMENT((#20926));
#20926 = SURFACE_STYLE_USAGE(.BOTH.,#20927);
#20927 = SURFACE_SIDE_STYLE('',(#20928));
#20928 = SURFACE_STYLE_FILL_AREA(#20929);
#20929 = FILL_AREA_STYLE('',(#20930));
#20930 = FILL_AREA_STYLE_COLOUR('',#20111);
#20931 = STYLED_ITEM('color',(#20932),#12571);
#20932 = PRESENTATION_STYLE_ASSIGNMENT((#20933));
#20933 = SURFACE_STYLE_USAGE(.BOTH.,#20934);
#20934 = SURFACE_SIDE_STYLE('',(#20935));
#20935 = SURFACE_STYLE_FILL_AREA(#20936);
#20936 = FILL_AREA_STYLE('',(#20937));
#20937 = FILL_AREA_STYLE_COLOUR('',#20111);
#20938 = STYLED_ITEM('color',(#20939),#12663);
#20939 = PRESENTATION_STYLE_ASSIGNMENT((#20940));
#20940 = SURFACE_STYLE_USAGE(.BOTH.,#20941);
#20941 = SURFACE_SIDE_STYLE('',(#20942));
#20942 = SURFACE_STYLE_FILL_AREA(#20943);
#20943 = FILL_AREA_STYLE('',(#20944));
#20944 = FILL_AREA_STYLE_COLOUR('',#20111);
#20945 = STYLED_ITEM('color',(#20946),#12755);
#20946 = PRESENTATION_STYLE_ASSIGNMENT((#20947));
#20947 = SURFACE_STYLE_USAGE(.BOTH.,#20948);
#20948 = SURFACE_SIDE_STYLE('',(#20949));
#20949 = SURFACE_STYLE_FILL_AREA(#20950);
#20950 = FILL_AREA_STYLE('',(#20951));
#20951 = FILL_AREA_STYLE_COLOUR('',#20111);
#20952 = STYLED_ITEM('color',(#20953),#12847);
#20953 = PRESENTATION_STYLE_ASSIGNMENT((#20954));
#20954 = SURFACE_STYLE_USAGE(.BOTH.,#20955);
#20955 = SURFACE_SIDE_STYLE('',(#20956));
#20956 = SURFACE_STYLE_FILL_AREA(#20957);
#20957 = FILL_AREA_STYLE('',(#20958));
#20958 = FILL_AREA_STYLE_COLOUR('',#20111);
#20959 = STYLED_ITEM('color',(#20960),#12939);
#20960 = PRESENTATION_STYLE_ASSIGNMENT((#20961));
#20961 = SURFACE_STYLE_USAGE(.BOTH.,#20962);
#20962 = SURFACE_SIDE_STYLE('',(#20963));
#20963 = SURFACE_STYLE_FILL_AREA(#20964);
#20964 = FILL_AREA_STYLE('',(#20965));
#20965 = FILL_AREA_STYLE_COLOUR('',#20111);
#20966 = STYLED_ITEM('color',(#20967),#13268);
#20967 = PRESENTATION_STYLE_ASSIGNMENT((#20968));
#20968 = SURFACE_STYLE_USAGE(.BOTH.,#20969);
#20969 = SURFACE_SIDE_STYLE('',(#20970));
#20970 = SURFACE_STYLE_FILL_AREA(#20971);
#20971 = FILL_AREA_STYLE('',(#20972));
#20972 = FILL_AREA_STYLE_COLOUR('',#20111);
#20973 = STYLED_ITEM('color',(#20974),#13597);
#20974 = PRESENTATION_STYLE_ASSIGNMENT((#20975));
#20975 = SURFACE_STYLE_USAGE(.BOTH.,#20976);
#20976 = SURFACE_SIDE_STYLE('',(#20977));
#20977 = SURFACE_STYLE_FILL_AREA(#20978);
#20978 = FILL_AREA_STYLE('',(#20979));
#20979 = FILL_AREA_STYLE_COLOUR('',#20111);
#20980 = STYLED_ITEM('color',(#20981),#13689);
#20981 = PRESENTATION_STYLE_ASSIGNMENT((#20982));
#20982 = SURFACE_STYLE_USAGE(.BOTH.,#20983);
#20983 = SURFACE_SIDE_STYLE('',(#20984));
#20984 = SURFACE_STYLE_FILL_AREA(#20985);
#20985 = FILL_AREA_STYLE('',(#20986));
#20986 = FILL_AREA_STYLE_COLOUR('',#20111);
#20987 = STYLED_ITEM('color',(#20988),#13781);
#20988 = PRESENTATION_STYLE_ASSIGNMENT((#20989));
#20989 = SURFACE_STYLE_USAGE(.BOTH.,#20990);
#20990 = SURFACE_SIDE_STYLE('',(#20991));
#20991 = SURFACE_STYLE_FILL_AREA(#20992);
#20992 = FILL_AREA_STYLE('',(#20993));
#20993 = FILL_AREA_STYLE_COLOUR('',#20111);
#20994 = STYLED_ITEM('color',(#20995),#13873);
#20995 = PRESENTATION_STYLE_ASSIGNMENT((#20996));
#20996 = SURFACE_STYLE_USAGE(.BOTH.,#20997);
#20997 = SURFACE_SIDE_STYLE('',(#20998));
#20998 = SURFACE_STYLE_FILL_AREA(#20999);
#20999 = FILL_AREA_STYLE('',(#21000));
#21000 = FILL_AREA_STYLE_COLOUR('',#20111);
#21001 = STYLED_ITEM('color',(#21002),#13965);
#21002 = PRESENTATION_STYLE_ASSIGNMENT((#21003));
#21003 = SURFACE_STYLE_USAGE(.BOTH.,#21004);
#21004 = SURFACE_SIDE_STYLE('',(#21005));
#21005 = SURFACE_STYLE_FILL_AREA(#21006);
#21006 = FILL_AREA_STYLE('',(#21007));
#21007 = FILL_AREA_STYLE_COLOUR('',#20111);
#21008 = STYLED_ITEM('color',(#21009),#14057);
#21009 = PRESENTATION_STYLE_ASSIGNMENT((#21010));
#21010 = SURFACE_STYLE_USAGE(.BOTH.,#21011);
#21011 = SURFACE_SIDE_STYLE('',(#21012));
#21012 = SURFACE_STYLE_FILL_AREA(#21013);
#21013 = FILL_AREA_STYLE('',(#21014));
#21014 = FILL_AREA_STYLE_COLOUR('',#20111);
#21015 = STYLED_ITEM('color',(#21016),#14149);
#21016 = PRESENTATION_STYLE_ASSIGNMENT((#21017));
#21017 = SURFACE_STYLE_USAGE(.BOTH.,#21018);
#21018 = SURFACE_SIDE_STYLE('',(#21019));
#21019 = SURFACE_STYLE_FILL_AREA(#21020);
#21020 = FILL_AREA_STYLE('',(#21021));
#21021 = FILL_AREA_STYLE_COLOUR('',#20111);
#21022 = STYLED_ITEM('color',(#21023),#14241);
#21023 = PRESENTATION_STYLE_ASSIGNMENT((#21024));
#21024 = SURFACE_STYLE_USAGE(.BOTH.,#21025);
#21025 = SURFACE_SIDE_STYLE('',(#21026));
#21026 = SURFACE_STYLE_FILL_AREA(#21027);
#21027 = FILL_AREA_STYLE('',(#21028));
#21028 = FILL_AREA_STYLE_COLOUR('',#20111);
#21029 = STYLED_ITEM('color',(#21030),#14333);
#21030 = PRESENTATION_STYLE_ASSIGNMENT((#21031));
#21031 = SURFACE_STYLE_USAGE(.BOTH.,#21032);
#21032 = SURFACE_SIDE_STYLE('',(#21033));
#21033 = SURFACE_STYLE_FILL_AREA(#21034);
#21034 = FILL_AREA_STYLE('',(#21035));
#21035 = FILL_AREA_STYLE_COLOUR('',#20111);
#21036 = STYLED_ITEM('color',(#21037),#14425);
#21037 = PRESENTATION_STYLE_ASSIGNMENT((#21038));
#21038 = SURFACE_STYLE_USAGE(.BOTH.,#21039);
#21039 = SURFACE_SIDE_STYLE('',(#21040));
#21040 = SURFACE_STYLE_FILL_AREA(#21041);
#21041 = FILL_AREA_STYLE('',(#21042));
#21042 = FILL_AREA_STYLE_COLOUR('',#20111);
#21043 = STYLED_ITEM('color',(#21044),#14517);
#21044 = PRESENTATION_STYLE_ASSIGNMENT((#21045));
#21045 = SURFACE_STYLE_USAGE(.BOTH.,#21046);
#21046 = SURFACE_SIDE_STYLE('',(#21047));
#21047 = SURFACE_STYLE_FILL_AREA(#21048);
#21048 = FILL_AREA_STYLE('',(#21049));
#21049 = FILL_AREA_STYLE_COLOUR('',#20111);
#21050 = STYLED_ITEM('color',(#21051),#14609);
#21051 = PRESENTATION_STYLE_ASSIGNMENT((#21052));
#21052 = SURFACE_STYLE_USAGE(.BOTH.,#21053);
#21053 = SURFACE_SIDE_STYLE('',(#21054));
#21054 = SURFACE_STYLE_FILL_AREA(#21055);
#21055 = FILL_AREA_STYLE('',(#21056));
#21056 = FILL_AREA_STYLE_COLOUR('',#20111);
#21057 = STYLED_ITEM('color',(#21058),#14701);
#21058 = PRESENTATION_STYLE_ASSIGNMENT((#21059));
#21059 = SURFACE_STYLE_USAGE(.BOTH.,#21060);
#21060 = SURFACE_SIDE_STYLE('',(#21061));
#21061 = SURFACE_STYLE_FILL_AREA(#21062);
#21062 = FILL_AREA_STYLE('',(#21063));
#21063 = FILL_AREA_STYLE_COLOUR('',#20111);
#21064 = STYLED_ITEM('color',(#21065),#14793);
#21065 = PRESENTATION_STYLE_ASSIGNMENT((#21066));
#21066 = SURFACE_STYLE_USAGE(.BOTH.,#21067);
#21067 = SURFACE_SIDE_STYLE('',(#21068));
#21068 = SURFACE_STYLE_FILL_AREA(#21069);
#21069 = FILL_AREA_STYLE('',(#21070));
#21070 = FILL_AREA_STYLE_COLOUR('',#20111);
#21071 = STYLED_ITEM('color',(#21072),#15122);
#21072 = PRESENTATION_STYLE_ASSIGNMENT((#21073));
#21073 = SURFACE_STYLE_USAGE(.BOTH.,#21074);
#21074 = SURFACE_SIDE_STYLE('',(#21075));
#21075 = SURFACE_STYLE_FILL_AREA(#21076);
#21076 = FILL_AREA_STYLE('',(#21077));
#21077 = FILL_AREA_STYLE_COLOUR('',#20111);
#21078 = STYLED_ITEM('color',(#21079),#15451);
#21079 = PRESENTATION_STYLE_ASSIGNMENT((#21080));
#21080 = SURFACE_STYLE_USAGE(.BOTH.,#21081);
#21081 = SURFACE_SIDE_STYLE('',(#21082));
#21082 = SURFACE_STYLE_FILL_AREA(#21083);
#21083 = FILL_AREA_STYLE('',(#21084));
#21084 = FILL_AREA_STYLE_COLOUR('',#20111);
#21085 = STYLED_ITEM('color',(#21086),#15543);
#21086 = PRESENTATION_STYLE_ASSIGNMENT((#21087));
#21087 = SURFACE_STYLE_USAGE(.BOTH.,#21088);
#21088 = SURFACE_SIDE_STYLE('',(#21089));
#21089 = SURFACE_STYLE_FILL_AREA(#21090);
#21090 = FILL_AREA_STYLE('',(#21091));
#21091 = FILL_AREA_STYLE_COLOUR('',#20111);
#21092 = STYLED_ITEM('color',(#21093),#15635);
#21093 = PRESENTATION_STYLE_ASSIGNMENT((#21094));
#21094 = SURFACE_STYLE_USAGE(.BOTH.,#21095);
#21095 = SURFACE_SIDE_STYLE('',(#21096));
#21096 = SURFACE_STYLE_FILL_AREA(#21097);
#21097 = FILL_AREA_STYLE('',(#21098));
#21098 = FILL_AREA_STYLE_COLOUR('',#20111);
#21099 = STYLED_ITEM('color',(#21100),#15727);
#21100 = PRESENTATION_STYLE_ASSIGNMENT((#21101));
#21101 = SURFACE_STYLE_USAGE(.BOTH.,#21102);
#21102 = SURFACE_SIDE_STYLE('',(#21103));
#21103 = SURFACE_STYLE_FILL_AREA(#21104);
#21104 = FILL_AREA_STYLE('',(#21105));
#21105 = FILL_AREA_STYLE_COLOUR('',#20111);
#21106 = STYLED_ITEM('color',(#21107),#15819);
#21107 = PRESENTATION_STYLE_ASSIGNMENT((#21108));
#21108 = SURFACE_STYLE_USAGE(.BOTH.,#21109);
#21109 = SURFACE_SIDE_STYLE('',(#21110));
#21110 = SURFACE_STYLE_FILL_AREA(#21111);
#21111 = FILL_AREA_STYLE('',(#21112));
#21112 = FILL_AREA_STYLE_COLOUR('',#20111);
#21113 = STYLED_ITEM('color',(#21114),#15911);
#21114 = PRESENTATION_STYLE_ASSIGNMENT((#21115));
#21115 = SURFACE_STYLE_USAGE(.BOTH.,#21116);
#21116 = SURFACE_SIDE_STYLE('',(#21117));
#21117 = SURFACE_STYLE_FILL_AREA(#21118);
#21118 = FILL_AREA_STYLE('',(#21119));
#21119 = FILL_AREA_STYLE_COLOUR('',#20111);
#21120 = STYLED_ITEM('color',(#21121),#16003);
#21121 = PRESENTATION_STYLE_ASSIGNMENT((#21122));
#21122 = SURFACE_STYLE_USAGE(.BOTH.,#21123);
#21123 = SURFACE_SIDE_STYLE('',(#21124));
#21124 = SURFACE_STYLE_FILL_AREA(#21125);
#21125 = FILL_AREA_STYLE('',(#21126));
#21126 = FILL_AREA_STYLE_COLOUR('',#20111);
#21127 = STYLED_ITEM('color',(#21128),#16095);
#21128 = PRESENTATION_STYLE_ASSIGNMENT((#21129));
#21129 = SURFACE_STYLE_USAGE(.BOTH.,#21130);
#21130 = SURFACE_SIDE_STYLE('',(#21131));
#21131 = SURFACE_STYLE_FILL_AREA(#21132);
#21132 = FILL_AREA_STYLE('',(#21133));
#21133 = FILL_AREA_STYLE_COLOUR('',#20111);
#21134 = STYLED_ITEM('color',(#21135),#16187);
#21135 = PRESENTATION_STYLE_ASSIGNMENT((#21136));
#21136 = SURFACE_STYLE_USAGE(.BOTH.,#21137);
#21137 = SURFACE_SIDE_STYLE('',(#21138));
#21138 = SURFACE_STYLE_FILL_AREA(#21139);
#21139 = FILL_AREA_STYLE('',(#21140));
#21140 = FILL_AREA_STYLE_COLOUR('',#20111);
#21141 = STYLED_ITEM('color',(#21142),#16279);
#21142 = PRESENTATION_STYLE_ASSIGNMENT((#21143));
#21143 = SURFACE_STYLE_USAGE(.BOTH.,#21144);
#21144 = SURFACE_SIDE_STYLE('',(#21145));
#21145 = SURFACE_STYLE_FILL_AREA(#21146);
#21146 = FILL_AREA_STYLE('',(#21147));
#21147 = FILL_AREA_STYLE_COLOUR('',#20111);
#21148 = STYLED_ITEM('color',(#21149),#16371);
#21149 = PRESENTATION_STYLE_ASSIGNMENT((#21150));
#21150 = SURFACE_STYLE_USAGE(.BOTH.,#21151);
#21151 = SURFACE_SIDE_STYLE('',(#21152));
#21152 = SURFACE_STYLE_FILL_AREA(#21153);
#21153 = FILL_AREA_STYLE('',(#21154));
#21154 = FILL_AREA_STYLE_COLOUR('',#20111);
#21155 = STYLED_ITEM('color',(#21156),#16463);
#21156 = PRESENTATION_STYLE_ASSIGNMENT((#21157));
#21157 = SURFACE_STYLE_USAGE(.BOTH.,#21158);
#21158 = SURFACE_SIDE_STYLE('',(#21159));
#21159 = SURFACE_STYLE_FILL_AREA(#21160);
#21160 = FILL_AREA_STYLE('',(#21161));
#21161 = FILL_AREA_STYLE_COLOUR('',#20111);
#21162 = STYLED_ITEM('color',(#21163),#16555);
#21163 = PRESENTATION_STYLE_ASSIGNMENT((#21164));
#21164 = SURFACE_STYLE_USAGE(.BOTH.,#21165);
#21165 = SURFACE_SIDE_STYLE('',(#21166));
#21166 = SURFACE_STYLE_FILL_AREA(#21167);
#21167 = FILL_AREA_STYLE('',(#21168));
#21168 = FILL_AREA_STYLE_COLOUR('',#20111);
ENDSEC;
END-ISO-10303-21;
