ISO-10303-21;
HEADER;
FILE_DESCRIPTION(('Open CASCADE Model'),'2;1');
FILE_NAME('Open CASCADE Shape Model','2026-09-27T12:05:15',('Author'),(
    'Open CASCADE'),'Open CASCADE STEP processor 8.0','Open CASCADE 8.0'
  ,'Unknown');
FILE_SCHEMA(('AUTOMOTIVE_DESIGN { 1 0 10303 214 1 1 1 1 }'));
ENDSEC;
DATA;
#1 = APPLICATION_PROTOCOL_DEFINITION('international standard',
  'automotive_design',2000,#2);
#2 = APPLICATION_CONTEXT(
  'core data for automotive mechanical design processes');
#3 = SHAPE_DEFINITION_REPRESENTATION(#4,#10);
#4 = PRODUCT_DEFINITION_SHAPE('','',#5);
#5 = PRODUCT_DEFINITION('design','',#6,#9);
#6 = PRODUCT_DEFINITION_FORMATION('','',#7);
#7 = PRODUCT('Open CASCADE STEP translator 8.0 2',
  'Open CASCADE STEP translator 8.0 2','',(#8));
#8 = PRODUCT_CONTEXT('',#2,'mechanical');
#9 = PRODUCT_DEFINITION_CONTEXT('part definition',#2,'design');
#10 = SHAPE_REPRESENTATION('',(#11,#15,#19,#23,#27,#31,#35,#39,#43,#47,
    #51,#55,#59,#63,#67,#71,#75,#79),#83);
#11 = AXIS2_PLACEMENT_3D('',#12,#13,#14);
#12 = CARTESIAN_POINT('',(0.,0.,0.));
#13 = DIRECTION('',(0.,0.,1.));
#14 = DIRECTION('',(1.,0.,-0.));
#15 = AXIS2_PLACEMENT_3D('',#16,#17,#18);
#16 = CARTESIAN_POINT('',(0.,0.,0.));
#17 = DIRECTION('',(0.,0.,1.));
#18 = DIRECTION('',(1.,0.,-0.));
#19 = AXIS2_PLACEMENT_3D('',#20,#21,#22);
#20 = CARTESIAN_POINT('',(0.,0.,0.));
#21 = DIRECTION('',(0.,0.,1.));
#22 = DIRECTION('',(1.,0.,-0.));
#23 = AXIS2_PLACEMENT_3D('',#24,#25,#26);
#24 = CARTESIAN_POINT('',(0.,0.,0.));
#25 = DIRECTION('',(0.,0.,1.));
#26 = DIRECTION('',(1.,0.,-0.));
#27 = AXIS2_PLACEMENT_3D('',#28,#29,#30);
#28 = CARTESIAN_POINT('',(0.,0.,0.));
#29 = DIRECTION('',(0.,0.,1.));
#30 = DIRECTION('',(1.,0.,-0.));
#31 = AXIS2_PLACEMENT_3D('',#32,#33,#34);
#32 = CARTESIAN_POINT('',(0.,0.,0.));
#33 = DIRECTION('',(0.,0.,1.));
#34 = DIRECTION('',(1.,0.,-0.));
#35 = AXIS2_PLACEMENT_3D('',#36,#37,#38);
#36 = CARTESIAN_POINT('',(0.,0.,0.));
#37 = DIRECTION('',(0.,0.,1.));
#38 = DIRECTION('',(1.,0.,-0.));
#39 = AXIS2_PLACEMENT_3D('',#40,#41,#42);
#40 = CARTESIAN_POINT('',(0.,0.,0.));
#41 = DIRECTION('',(0.,0.,1.));
#42 = DIRECTION('',(1.,0.,-0.));
#43 = AXIS2_PLACEMENT_3D('',#44,#45,#46);
#44 = CARTESIAN_POINT('',(0.,0.,0.));
#45 = DIRECTION('',(0.,0.,1.));
#46 = DIRECTION('',(1.,0.,-0.));
#47 = AXIS2_PLACEMENT_3D('',#48,#49,#50);
#48 = CARTESIAN_POINT('',(0.,0.,0.));
#49 = DIRECTION('',(0.,0.,1.));
#50 = DIRECTION('',(1.,0.,-0.));
#51 = AXIS2_PLACEMENT_3D('',#52,#53,#54);
#52 = CARTESIAN_POINT('',(0.,0.,0.));
#53 = DIRECTION('',(0.,0.,1.));
#54 = DIRECTION('',(1.,0.,-0.));
#55 = AXIS2_PLACEMENT_3D('',#56,#57,#58);
#56 = CARTESIAN_POINT('',(0.,0.,0.));
#57 = DIRECTION('',(0.,0.,1.));
#58 = DIRECTION('',(1.,0.,-0.));
#59 = AXIS2_PLACEMENT_3D('',#60,#61,#62);
#60 = CARTESIAN_POINT('',(0.,0.,0.));
#61 = DIRECTION('',(0.,0.,1.));
#62 = DIRECTION('',(1.,0.,-0.));
#63 = AXIS2_PLACEMENT_3D('',#64,#65,#66);
#64 = CARTESIAN_POINT('',(0.,0.,0.));
#65 = DIRECTION('',(0.,0.,1.));
#66 = DIRECTION('',(1.,0.,-0.));
#67 = AXIS2_PLACEMENT_3D('',#68,#69,#70);
#68 = CARTESIAN_POINT('',(0.,0.,0.));
#69 = DIRECTION('',(0.,0.,1.));
#70 = DIRECTION('',(1.,0.,-0.));
#71 = AXIS2_PLACEMENT_3D('',#72,#73,#74);
#72 = CARTESIAN_POINT('',(0.,0.,0.));
#73 = DIRECTION('',(0.,0.,1.));
#74 = DIRECTION('',(1.,0.,-0.));
#75 = AXIS2_PLACEMENT_3D('',#76,#77,#78);
#76 = CARTESIAN_POINT('',(0.,0.,0.));
#77 = DIRECTION('',(0.,0.,1.));
#78 = DIRECTION('',(1.,0.,-0.));
#79 = AXIS2_PLACEMENT_3D('',#80,#81,#82);
#80 = CARTESIAN_POINT('',(0.,0.,0.));
#81 = DIRECTION('',(0.,0.,1.));
#82 = DIRECTION('',(1.,0.,-0.));
#83 = ( GEOMETRIC_REPRESENTATION_CONTEXT(3) 
GLOBAL_UNCERTAINTY_ASSIGNED_CONTEXT((#87)) GLOBAL_UNIT_ASSIGNED_CONTEXT(
(#84,#85,#86)) REPRESENTATION_CONTEXT('Context #1',
  '3D Context with UNIT and UNCERTAINTY') );
#84 = ( LENGTH_UNIT() NAMED_UNIT(*) SI_UNIT(.MILLI.,.METRE.) );
#85 = ( NAMED_UNIT(*) PLANE_ANGLE_UNIT() SI_UNIT($,.RADIAN.) );
#86 = ( NAMED_UNIT(*) SI_UNIT($,.STERADIAN.) SOLID_ANGLE_UNIT() );
#87 = UNCERTAINTY_MEASURE_WITH_UNIT(LENGTH_MEASURE(1.E-07),#84,
  'distance_accuracy_value','confusion accuracy');
#88 = PRODUCT_RELATED_PRODUCT_CATEGORY('part',$,(#7));
#89 = SHAPE_DEFINITION_REPRESENTATION(#90,#96);
#90 = PRODUCT_DEFINITION_SHAPE('','',#91);
#91 = PRODUCT_DEFINITION('design','',#92,#95);
#92 = PRODUCT_DEFINITION_FORMATION('','',#93);
#93 = PRODUCT('Open CASCADE STEP translator 8.0 2.1',
  'Open CASCADE STEP translator 8.0 2.1','',(#94));
#94 = PRODUCT_CONTEXT('',#2,'mechanical');
#95 = PRODUCT_DEFINITION_CONTEXT('part definition',#2,'design');
#96 = ADVANCED_BREP_SHAPE_REPRESENTATION('',(#11,#97),#7952);
#97 = MANIFOLD_SOLID_BREP('',#98);
#98 = CLOSED_SHELL('',(#99,#217,#287,#357,#3763,#6207,#6232,#6257,#6282,
    #6307,#6314,#6340,#6366,#6392,#6418,#6444,#6470,#6496,#6522,#6548,
    #6574,#6600,#6626,#6652,#6678,#6704,#6730,#6756,#6782,#6808,#6834,
    #6860,#6886,#6912,#6938,#6964,#6990,#7016,#7042,#7068,#7094,#7120,
    #7146,#7172,#7198,#7224,#7250,#7276,#7302,#7328,#7354,#7380,#7406,
    #7432,#7458,#7484,#7510,#7536,#7562,#7588,#7614,#7640,#7666,#7692,
    #7718,#7744,#7770,#7796,#7822,#7848,#7874,#7900,#7926));
#99 = ADVANCED_FACE('',(#100),#113,.T.);
#100 = FACE_BOUND('',#101,.T.);
#101 = EDGE_LOOP('',(#102,#137,#165,#191));
#102 = ORIENTED_EDGE('',*,*,#103,.T.);
#103 = EDGE_CURVE('',#104,#106,#108,.T.);
#104 = VERTEX_POINT('',#105);
#105 = CARTESIAN_POINT('',(65.,100.263962,0.));
#106 = VERTEX_POINT('',#107);
#107 = CARTESIAN_POINT('',(65.,100.263962,1.2));
#108 = SURFACE_CURVE('',#109,(#112,#126),.PCURVE_S1.);
#109 = B_SPLINE_CURVE_WITH_KNOTS('',1,(#110,#111),.UNSPECIFIED.,.F.,.F.,
  (2,2),(0.,1.04),.PIECEWISE_BEZIER_KNOTS.);
#110 = CARTESIAN_POINT('',(65.,100.263962,0.));
#111 = CARTESIAN_POINT('',(65.,100.263962,1.2));
#112 = PCURVE('',#113,#120);
#113 = ( BOUNDED_SURFACE() B_SPLINE_SURFACE(2,1,(
    (#114,#115)
    ,(#116,#117)
,(#118,#119
    )),.UNSPECIFIED.,.F.,.F.,.F.) B_SPLINE_SURFACE_WITH_KNOTS((3,3),(2,2
    ),(0.,1.570795544804),(-1.04,0.),.PIECEWISE_BEZIER_KNOTS.) 
GEOMETRIC_REPRESENTATION_ITEM() RATIONAL_B_SPLINE_SURFACE((
    (1.,1.)
    ,(0.707107057662,0.707107057662)
,(1.,1.))) REPRESENTATION_ITEM('') SURFACE() );
#114 = CARTESIAN_POINT('',(65.,100.263962,1.2));
#115 = CARTESIAN_POINT('',(65.,100.263962,0.));
#116 = CARTESIAN_POINT('',(67.999998827014,100.26396082701,1.2));
#117 = CARTESIAN_POINT('',(67.999998827014,100.26396082701,0.));
#118 = CARTESIAN_POINT('',(68.,97.263962,1.2));
#119 = CARTESIAN_POINT('',(68.,97.263962,0.));
#120 = DEFINITIONAL_REPRESENTATION('',(#121),#125);
#121 = B_SPLINE_CURVE_WITH_KNOTS('',2,(#122,#123,#124),.UNSPECIFIED.,.F.
  ,.F.,(3,3),(0.,1.04),.PIECEWISE_BEZIER_KNOTS.);
#122 = CARTESIAN_POINT('',(1.631042219784E-13,5.764023944841E-30));
#123 = CARTESIAN_POINT('',(1.631042219784E-13,-0.52));
#124 = CARTESIAN_POINT('',(1.631042219784E-13,-1.04));
#125 = ( GEOMETRIC_REPRESENTATION_CONTEXT(2) 
PARAMETRIC_REPRESENTATION_CONTEXT() REPRESENTATION_CONTEXT('2D SPACE',''
  ) );
#126 = PCURVE('',#127,#132);
#127 = B_SPLINE_SURFACE_WITH_KNOTS('',1,1,(
    (#128,#129)
    ,(#130,#131
    )),.UNSPECIFIED.,.F.,.F.,.F.,(2,2),(2,2),(0.,62.),(-1.04,0.),
  .PIECEWISE_BEZIER_KNOTS.);
#128 = CARTESIAN_POINT('',(3.,100.263962,1.2));
#129 = CARTESIAN_POINT('',(3.,100.263962,0.));
#130 = CARTESIAN_POINT('',(65.,100.263962,1.2));
#131 = CARTESIAN_POINT('',(65.,100.263962,0.));
#132 = DEFINITIONAL_REPRESENTATION('',(#133),#136);
#133 = B_SPLINE_CURVE_WITH_KNOTS('',1,(#134,#135),.UNSPECIFIED.,.F.,.F.,
  (2,2),(0.,1.04),.PIECEWISE_BEZIER_KNOTS.);
#134 = CARTESIAN_POINT('',(62.,0.));
#135 = CARTESIAN_POINT('',(62.,-1.04));
#136 = ( GEOMETRIC_REPRESENTATION_CONTEXT(2) 
PARAMETRIC_REPRESENTATION_CONTEXT() REPRESENTATION_CONTEXT('2D SPACE',''
  ) );
#137 = ORIENTED_EDGE('',*,*,#138,.T.);
#138 = EDGE_CURVE('',#106,#139,#141,.T.);
#139 = VERTEX_POINT('',#140);
#140 = CARTESIAN_POINT('',(68.,97.263962,1.2));
#141 = SURFACE_CURVE('',#142,(#146,#153),.PCURVE_S1.);
#142 = ( BOUNDED_CURVE() B_SPLINE_CURVE(2,(#143,#144,#145),
.UNSPECIFIED.,.F.,.F.) B_SPLINE_CURVE_WITH_KNOTS((3,3),(0.,
1.570795544804),.PIECEWISE_BEZIER_KNOTS.) CURVE() 
GEOMETRIC_REPRESENTATION_ITEM() RATIONAL_B_SPLINE_CURVE((1.,
0.707107057662,1.)) REPRESENTATION_ITEM('') );
#143 = CARTESIAN_POINT('',(65.,100.263962,1.2));
#144 = CARTESIAN_POINT('',(67.999998827014,100.26396082701,1.2));
#145 = CARTESIAN_POINT('',(68.,97.263962,1.2));
#146 = PCURVE('',#113,#147);
#147 = DEFINITIONAL_REPRESENTATION('',(#148),#152);
#148 = B_SPLINE_CURVE_WITH_KNOTS('',2,(#149,#150,#151),.UNSPECIFIED.,.F.
  ,.F.,(3,3),(1.631042240356E-13,1.570795544804),
  .PIECEWISE_BEZIER_KNOTS.);
#149 = CARTESIAN_POINT('',(1.683656517455E-13,-1.04));
#150 = CARTESIAN_POINT('',(0.785397772402,-1.04));
#151 = CARTESIAN_POINT('',(1.570795544804,-1.04));
#152 = ( GEOMETRIC_REPRESENTATION_CONTEXT(2) 
PARAMETRIC_REPRESENTATION_CONTEXT() REPRESENTATION_CONTEXT('2D SPACE',''
  ) );
#153 = PCURVE('',#154,#159);
#154 = B_SPLINE_SURFACE_WITH_KNOTS('',1,1,(
    (#155,#156)
    ,(#157,#158
    )),.UNSPECIFIED.,.F.,.F.,.F.,(2,2),(2,2),(0.,68.),(0.,100.263962),
  .PIECEWISE_BEZIER_KNOTS.);
#155 = CARTESIAN_POINT('',(0.,0.,1.2));
#156 = CARTESIAN_POINT('',(0.,100.263962,1.2));
#157 = CARTESIAN_POINT('',(68.,0.,1.2));
#158 = CARTESIAN_POINT('',(68.,100.263962,1.2));
#159 = DEFINITIONAL_REPRESENTATION('',(#160),#164);
#160 = ( BOUNDED_CURVE() B_SPLINE_CURVE(2,(#161,#162,#163),
.UNSPECIFIED.,.F.,.F.) B_SPLINE_CURVE_WITH_KNOTS((3,3),(0.,
1.570795544804),.PIECEWISE_BEZIER_KNOTS.) CURVE() 
GEOMETRIC_REPRESENTATION_ITEM() RATIONAL_B_SPLINE_CURVE((1.,
0.707107057662,1.)) REPRESENTATION_ITEM('') );
#161 = CARTESIAN_POINT('',(65.,100.263962));
#162 = CARTESIAN_POINT('',(67.999998827014,100.26396082701));
#163 = CARTESIAN_POINT('',(68.,97.263962));
#164 = ( GEOMETRIC_REPRESENTATION_CONTEXT(2) 
PARAMETRIC_REPRESENTATION_CONTEXT() REPRESENTATION_CONTEXT('2D SPACE',''
  ) );
#165 = ORIENTED_EDGE('',*,*,#166,.F.);
#166 = EDGE_CURVE('',#167,#139,#169,.T.);
#167 = VERTEX_POINT('',#168);
#168 = CARTESIAN_POINT('',(68.,97.263962,0.));
#169 = SURFACE_CURVE('',#170,(#173,#180),.PCURVE_S1.);
#170 = B_SPLINE_CURVE_WITH_KNOTS('',1,(#171,#172),.UNSPECIFIED.,.F.,.F.,
  (2,2),(0.,1.04),.PIECEWISE_BEZIER_KNOTS.);
#171 = CARTESIAN_POINT('',(68.,97.263962,0.));
#172 = CARTESIAN_POINT('',(68.,97.263962,1.2));
#173 = PCURVE('',#113,#174);
#174 = DEFINITIONAL_REPRESENTATION('',(#175),#179);
#175 = B_SPLINE_CURVE_WITH_KNOTS('',2,(#176,#177,#178),.UNSPECIFIED.,.F.
  ,.F.,(3,3),(0.,1.04),.PIECEWISE_BEZIER_KNOTS.);
#176 = CARTESIAN_POINT('',(1.570795544804,0.));
#177 = CARTESIAN_POINT('',(1.570795544804,-0.52));
#178 = CARTESIAN_POINT('',(1.570795544804,-1.04));
#179 = ( GEOMETRIC_REPRESENTATION_CONTEXT(2) 
PARAMETRIC_REPRESENTATION_CONTEXT() REPRESENTATION_CONTEXT('2D SPACE',''
  ) );
#180 = PCURVE('',#181,#186);
#181 = B_SPLINE_SURFACE_WITH_KNOTS('',1,1,(
    (#182,#183)
    ,(#184,#185
    )),.UNSPECIFIED.,.F.,.F.,.F.,(2,2),(2,2),(0.,94.263962),(-1.04,0.),
  .PIECEWISE_BEZIER_KNOTS.);
#182 = CARTESIAN_POINT('',(68.,97.263962,1.2));
#183 = CARTESIAN_POINT('',(68.,97.263962,0.));
#184 = CARTESIAN_POINT('',(68.,3.,1.2));
#185 = CARTESIAN_POINT('',(68.,3.,0.));
#186 = DEFINITIONAL_REPRESENTATION('',(#187),#190);
#187 = B_SPLINE_CURVE_WITH_KNOTS('',1,(#188,#189),.UNSPECIFIED.,.F.,.F.,
  (2,2),(0.,1.04),.PIECEWISE_BEZIER_KNOTS.);
#188 = CARTESIAN_POINT('',(0.,0.));
#189 = CARTESIAN_POINT('',(0.,-1.04));
#190 = ( GEOMETRIC_REPRESENTATION_CONTEXT(2) 
PARAMETRIC_REPRESENTATION_CONTEXT() REPRESENTATION_CONTEXT('2D SPACE',''
  ) );
#191 = ORIENTED_EDGE('',*,*,#192,.F.);
#192 = EDGE_CURVE('',#104,#167,#193,.T.);
#193 = SURFACE_CURVE('',#194,(#198,#205),.PCURVE_S1.);
#194 = ( BOUNDED_CURVE() B_SPLINE_CURVE(2,(#195,#196,#197),
.UNSPECIFIED.,.F.,.F.) B_SPLINE_CURVE_WITH_KNOTS((3,3),(0.,
1.570795544804),.PIECEWISE_BEZIER_KNOTS.) CURVE() 
GEOMETRIC_REPRESENTATION_ITEM() RATIONAL_B_SPLINE_CURVE((1.,
0.707107057662,1.)) REPRESENTATION_ITEM('') );
#195 = CARTESIAN_POINT('',(65.,100.263962,0.));
#196 = CARTESIAN_POINT('',(67.999998827014,100.26396082701,0.));
#197 = CARTESIAN_POINT('',(68.,97.263962,0.));
#198 = PCURVE('',#113,#199);
#199 = DEFINITIONAL_REPRESENTATION('',(#200),#204);
#200 = B_SPLINE_CURVE_WITH_KNOTS('',2,(#201,#202,#203),.UNSPECIFIED.,.F.
  ,.F.,(3,3),(1.631042240356E-13,1.570795544804),
  .PIECEWISE_BEZIER_KNOTS.);
#201 = CARTESIAN_POINT('',(1.683656517455E-13,1.859362984982E-31));
#202 = CARTESIAN_POINT('',(0.785397772402,5.712909046798E-17));
#203 = CARTESIAN_POINT('',(1.570795544804,0.));
#204 = ( GEOMETRIC_REPRESENTATION_CONTEXT(2) 
PARAMETRIC_REPRESENTATION_CONTEXT() REPRESENTATION_CONTEXT('2D SPACE',''
  ) );
#205 = PCURVE('',#206,#211);
#206 = B_SPLINE_SURFACE_WITH_KNOTS('',1,1,(
    (#207,#208)
    ,(#209,#210
    )),.UNSPECIFIED.,.F.,.F.,.F.,(2,2),(2,2),(0.,68.),(0.,100.263962),
  .PIECEWISE_BEZIER_KNOTS.);
#207 = CARTESIAN_POINT('',(0.,0.,0.));
#208 = CARTESIAN_POINT('',(0.,100.263962,0.));
#209 = CARTESIAN_POINT('',(68.,0.,0.));
#210 = CARTESIAN_POINT('',(68.,100.263962,0.));
#211 = DEFINITIONAL_REPRESENTATION('',(#212),#216);
#212 = ( BOUNDED_CURVE() B_SPLINE_CURVE(2,(#213,#214,#215),
.UNSPECIFIED.,.F.,.F.) B_SPLINE_CURVE_WITH_KNOTS((3,3),(0.,
1.570795544804),.PIECEWISE_BEZIER_KNOTS.) CURVE() 
GEOMETRIC_REPRESENTATION_ITEM() RATIONAL_B_SPLINE_CURVE((1.,
0.707107057662,1.)) REPRESENTATION_ITEM('') );
#213 = CARTESIAN_POINT('',(65.,100.263962));
#214 = CARTESIAN_POINT('',(67.999998827014,100.26396082701));
#215 = CARTESIAN_POINT('',(68.,97.263962));
#216 = ( GEOMETRIC_REPRESENTATION_CONTEXT(2) 
PARAMETRIC_REPRESENTATION_CONTEXT() REPRESENTATION_CONTEXT('2D SPACE',''
  ) );
#217 = ADVANCED_FACE('',(#218),#127,.T.);
#218 = FACE_BOUND('',#219,.T.);
#219 = EDGE_LOOP('',(#220,#250,#268,#269));
#220 = ORIENTED_EDGE('',*,*,#221,.T.);
#221 = EDGE_CURVE('',#222,#224,#226,.T.);
#222 = VERTEX_POINT('',#223);
#223 = CARTESIAN_POINT('',(3.,100.263962,0.));
#224 = VERTEX_POINT('',#225);
#225 = CARTESIAN_POINT('',(3.,100.263962,1.2));
#226 = SURFACE_CURVE('',#227,(#230,#236),.PCURVE_S1.);
#227 = B_SPLINE_CURVE_WITH_KNOTS('',1,(#228,#229),.UNSPECIFIED.,.F.,.F.,
  (2,2),(0.,1.04),.PIECEWISE_BEZIER_KNOTS.);
#228 = CARTESIAN_POINT('',(3.,100.263962,0.));
#229 = CARTESIAN_POINT('',(3.,100.263962,1.2));
#230 = PCURVE('',#127,#231);
#231 = DEFINITIONAL_REPRESENTATION('',(#232),#235);
#232 = B_SPLINE_CURVE_WITH_KNOTS('',1,(#233,#234),.UNSPECIFIED.,.F.,.F.,
  (2,2),(0.,1.04),.PIECEWISE_BEZIER_KNOTS.);
#233 = CARTESIAN_POINT('',(0.,0.));
#234 = CARTESIAN_POINT('',(0.,-1.04));
#235 = ( GEOMETRIC_REPRESENTATION_CONTEXT(2) 
PARAMETRIC_REPRESENTATION_CONTEXT() REPRESENTATION_CONTEXT('2D SPACE',''
  ) );
#236 = PCURVE('',#237,#244);
#237 = ( BOUNDED_SURFACE() B_SPLINE_SURFACE(2,1,(
    (#238,#239)
    ,(#240,#241)
,(#242,#243
    )),.UNSPECIFIED.,.F.,.F.,.F.) B_SPLINE_SURFACE_WITH_KNOTS((3,3),(2,2
    ),(0.,1.570795544804),(-1.04,0.),.PIECEWISE_BEZIER_KNOTS.) 
GEOMETRIC_REPRESENTATION_ITEM() RATIONAL_B_SPLINE_SURFACE((
    (1.,1.)
    ,(0.707107057662,0.707107057662)
,(1.,1.))) REPRESENTATION_ITEM('') SURFACE() );
#238 = CARTESIAN_POINT('',(2.291500322826E-13,97.263962,1.2));
#239 = CARTESIAN_POINT('',(2.291500322826E-13,97.263962,0.));
#240 = CARTESIAN_POINT('',(1.172985869768E-06,100.26396082701,1.2));
#241 = CARTESIAN_POINT('',(1.172985869768E-06,100.26396082701,0.));
#242 = CARTESIAN_POINT('',(3.,100.263962,1.2));
#243 = CARTESIAN_POINT('',(3.,100.263962,0.));
#244 = DEFINITIONAL_REPRESENTATION('',(#245),#249);
#245 = B_SPLINE_CURVE_WITH_KNOTS('',2,(#246,#247,#248),.UNSPECIFIED.,.F.
  ,.F.,(3,3),(0.,1.04),.PIECEWISE_BEZIER_KNOTS.);
#246 = CARTESIAN_POINT('',(1.570795544804,0.));
#247 = CARTESIAN_POINT('',(1.570795544804,-0.52));
#248 = CARTESIAN_POINT('',(1.570795544804,-1.04));
#249 = ( GEOMETRIC_REPRESENTATION_CONTEXT(2) 
PARAMETRIC_REPRESENTATION_CONTEXT() REPRESENTATION_CONTEXT('2D SPACE',''
  ) );
#250 = ORIENTED_EDGE('',*,*,#251,.T.);
#251 = EDGE_CURVE('',#224,#106,#252,.T.);
#252 = SURFACE_CURVE('',#253,(#256,#262),.PCURVE_S1.);
#253 = B_SPLINE_CURVE_WITH_KNOTS('',1,(#254,#255),.UNSPECIFIED.,.F.,.F.,
  (2,2),(0.,62.),.PIECEWISE_BEZIER_KNOTS.);
#254 = CARTESIAN_POINT('',(3.,100.263962,1.2));
#255 = CARTESIAN_POINT('',(65.,100.263962,1.2));
#256 = PCURVE('',#127,#257);
#257 = DEFINITIONAL_REPRESENTATION('',(#258),#261);
#258 = B_SPLINE_CURVE_WITH_KNOTS('',1,(#259,#260),.UNSPECIFIED.,.F.,.F.,
  (2,2),(0.,62.),.PIECEWISE_BEZIER_KNOTS.);
#259 = CARTESIAN_POINT('',(0.,-1.04));
#260 = CARTESIAN_POINT('',(62.,-1.04));
#261 = ( GEOMETRIC_REPRESENTATION_CONTEXT(2) 
PARAMETRIC_REPRESENTATION_CONTEXT() REPRESENTATION_CONTEXT('2D SPACE',''
  ) );
#262 = PCURVE('',#154,#263);
#263 = DEFINITIONAL_REPRESENTATION('',(#264),#267);
#264 = B_SPLINE_CURVE_WITH_KNOTS('',1,(#265,#266),.UNSPECIFIED.,.F.,.F.,
  (2,2),(0.,62.),.PIECEWISE_BEZIER_KNOTS.);
#265 = CARTESIAN_POINT('',(3.,100.263962));
#266 = CARTESIAN_POINT('',(65.,100.263962));
#267 = ( GEOMETRIC_REPRESENTATION_CONTEXT(2) 
PARAMETRIC_REPRESENTATION_CONTEXT() REPRESENTATION_CONTEXT('2D SPACE',''
  ) );
#268 = ORIENTED_EDGE('',*,*,#103,.F.);
#269 = ORIENTED_EDGE('',*,*,#270,.F.);
#270 = EDGE_CURVE('',#222,#104,#271,.T.);
#271 = SURFACE_CURVE('',#272,(#275,#281),.PCURVE_S1.);
#272 = B_SPLINE_CURVE_WITH_KNOTS('',1,(#273,#274),.UNSPECIFIED.,.F.,.F.,
  (2,2),(0.,62.),.PIECEWISE_BEZIER_KNOTS.);
#273 = CARTESIAN_POINT('',(3.,100.263962,0.));
#274 = CARTESIAN_POINT('',(65.,100.263962,0.));
#275 = PCURVE('',#127,#276);
#276 = DEFINITIONAL_REPRESENTATION('',(#277),#280);
#277 = B_SPLINE_CURVE_WITH_KNOTS('',1,(#278,#279),.UNSPECIFIED.,.F.,.F.,
  (2,2),(0.,62.),.PIECEWISE_BEZIER_KNOTS.);
#278 = CARTESIAN_POINT('',(0.,0.));
#279 = CARTESIAN_POINT('',(62.,0.));
#280 = ( GEOMETRIC_REPRESENTATION_CONTEXT(2) 
PARAMETRIC_REPRESENTATION_CONTEXT() REPRESENTATION_CONTEXT('2D SPACE',''
  ) );
#281 = PCURVE('',#206,#282);
#282 = DEFINITIONAL_REPRESENTATION('',(#283),#286);
#283 = B_SPLINE_CURVE_WITH_KNOTS('',1,(#284,#285),.UNSPECIFIED.,.F.,.F.,
  (2,2),(0.,62.),.PIECEWISE_BEZIER_KNOTS.);
#284 = CARTESIAN_POINT('',(3.,100.263962));
#285 = CARTESIAN_POINT('',(65.,100.263962));
#286 = ( GEOMETRIC_REPRESENTATION_CONTEXT(2) 
PARAMETRIC_REPRESENTATION_CONTEXT() REPRESENTATION_CONTEXT('2D SPACE',''
  ) );
#287 = ADVANCED_FACE('',(#288),#181,.T.);
#288 = FACE_BOUND('',#289,.T.);
#289 = EDGE_LOOP('',(#290,#291,#311,#339));
#290 = ORIENTED_EDGE('',*,*,#166,.T.);
#291 = ORIENTED_EDGE('',*,*,#292,.T.);
#292 = EDGE_CURVE('',#139,#293,#295,.T.);
#293 = VERTEX_POINT('',#294);
#294 = CARTESIAN_POINT('',(68.,3.,1.2));
#295 = SURFACE_CURVE('',#296,(#299,#305),.PCURVE_S1.);
#296 = B_SPLINE_CURVE_WITH_KNOTS('',1,(#297,#298),.UNSPECIFIED.,.F.,.F.,
  (2,2),(0.,94.263962),.PIECEWISE_BEZIER_KNOTS.);
#297 = CARTESIAN_POINT('',(68.,97.263962,1.2));
#298 = CARTESIAN_POINT('',(68.,3.,1.2));
#299 = PCURVE('',#181,#300);
#300 = DEFINITIONAL_REPRESENTATION('',(#301),#304);
#301 = B_SPLINE_CURVE_WITH_KNOTS('',1,(#302,#303),.UNSPECIFIED.,.F.,.F.,
  (2,2),(0.,94.263962),.PIECEWISE_BEZIER_KNOTS.);
#302 = CARTESIAN_POINT('',(0.,-1.04));
#303 = CARTESIAN_POINT('',(94.263962,-1.04));
#304 = ( GEOMETRIC_REPRESENTATION_CONTEXT(2) 
PARAMETRIC_REPRESENTATION_CONTEXT() REPRESENTATION_CONTEXT('2D SPACE',''
  ) );
#305 = PCURVE('',#154,#306);
#306 = DEFINITIONAL_REPRESENTATION('',(#307),#310);
#307 = B_SPLINE_CURVE_WITH_KNOTS('',1,(#308,#309),.UNSPECIFIED.,.F.,.F.,
  (2,2),(0.,94.263962),.PIECEWISE_BEZIER_KNOTS.);
#308 = CARTESIAN_POINT('',(68.,97.263962));
#309 = CARTESIAN_POINT('',(68.,3.));
#310 = ( GEOMETRIC_REPRESENTATION_CONTEXT(2) 
PARAMETRIC_REPRESENTATION_CONTEXT() REPRESENTATION_CONTEXT('2D SPACE',''
  ) );
#311 = ORIENTED_EDGE('',*,*,#312,.F.);
#312 = EDGE_CURVE('',#313,#293,#315,.T.);
#313 = VERTEX_POINT('',#314);
#314 = CARTESIAN_POINT('',(68.,3.,0.));
#315 = SURFACE_CURVE('',#316,(#319,#325),.PCURVE_S1.);
#316 = B_SPLINE_CURVE_WITH_KNOTS('',1,(#317,#318),.UNSPECIFIED.,.F.,.F.,
  (2,2),(0.,1.04),.PIECEWISE_BEZIER_KNOTS.);
#317 = CARTESIAN_POINT('',(68.,3.,0.));
#318 = CARTESIAN_POINT('',(68.,3.,1.2));
#319 = PCURVE('',#181,#320);
#320 = DEFINITIONAL_REPRESENTATION('',(#321),#324);
#321 = B_SPLINE_CURVE_WITH_KNOTS('',1,(#322,#323),.UNSPECIFIED.,.F.,.F.,
  (2,2),(0.,1.04),.PIECEWISE_BEZIER_KNOTS.);
#322 = CARTESIAN_POINT('',(94.263962,0.));
#323 = CARTESIAN_POINT('',(94.263962,-1.04));
#324 = ( GEOMETRIC_REPRESENTATION_CONTEXT(2) 
PARAMETRIC_REPRESENTATION_CONTEXT() REPRESENTATION_CONTEXT('2D SPACE',''
  ) );
#325 = PCURVE('',#326,#333);
#326 = ( BOUNDED_SURFACE() B_SPLINE_SURFACE(2,1,(
    (#327,#328)
    ,(#329,#330)
,(#331,#332
    )),.UNSPECIFIED.,.F.,.F.,.F.) B_SPLINE_SURFACE_WITH_KNOTS((3,3),(2,2
    ),(0.,1.570795544804),(-1.04,0.),.PIECEWISE_BEZIER_KNOTS.) 
GEOMETRIC_REPRESENTATION_ITEM() RATIONAL_B_SPLINE_SURFACE((
    (1.,1.)
    ,(0.707107057662,0.707107057662)
,(1.,1.))) REPRESENTATION_ITEM('') SURFACE() );
#327 = CARTESIAN_POINT('',(68.,3.,1.2));
#328 = CARTESIAN_POINT('',(68.,3.,0.));
#329 = CARTESIAN_POINT('',(67.999998827014,1.172986303644E-06,1.2));
#330 = CARTESIAN_POINT('',(67.999998827014,1.172986303644E-06,0.));
#331 = CARTESIAN_POINT('',(65.,2.295941214925E-13,1.2));
#332 = CARTESIAN_POINT('',(65.,2.295941214925E-13,0.));
#333 = DEFINITIONAL_REPRESENTATION('',(#334),#338);
#334 = B_SPLINE_CURVE_WITH_KNOTS('',2,(#335,#336,#337),.UNSPECIFIED.,.F.
  ,.F.,(3,3),(0.,1.04),.PIECEWISE_BEZIER_KNOTS.);
#335 = CARTESIAN_POINT('',(1.667214576434E-13,2.356742118184E-29));
#336 = CARTESIAN_POINT('',(1.667214576434E-13,-0.52));
#337 = CARTESIAN_POINT('',(1.667214576434E-13,-1.04));
#338 = ( GEOMETRIC_REPRESENTATION_CONTEXT(2) 
PARAMETRIC_REPRESENTATION_CONTEXT() REPRESENTATION_CONTEXT('2D SPACE',''
  ) );
#339 = ORIENTED_EDGE('',*,*,#340,.F.);
#340 = EDGE_CURVE('',#167,#313,#341,.T.);
#341 = SURFACE_CURVE('',#342,(#345,#351),.PCURVE_S1.);
#342 = B_SPLINE_CURVE_WITH_KNOTS('',1,(#343,#344),.UNSPECIFIED.,.F.,.F.,
  (2,2),(0.,94.263962),.PIECEWISE_BEZIER_KNOTS.);
#343 = CARTESIAN_POINT('',(68.,97.263962,0.));
#344 = CARTESIAN_POINT('',(68.,3.,0.));
#345 = PCURVE('',#181,#346);
#346 = DEFINITIONAL_REPRESENTATION('',(#347),#350);
#347 = B_SPLINE_CURVE_WITH_KNOTS('',1,(#348,#349),.UNSPECIFIED.,.F.,.F.,
  (2,2),(0.,94.263962),.PIECEWISE_BEZIER_KNOTS.);
#348 = CARTESIAN_POINT('',(0.,0.));
#349 = CARTESIAN_POINT('',(94.263962,0.));
#350 = ( GEOMETRIC_REPRESENTATION_CONTEXT(2) 
PARAMETRIC_REPRESENTATION_CONTEXT() REPRESENTATION_CONTEXT('2D SPACE',''
  ) );
#351 = PCURVE('',#206,#352);
#352 = DEFINITIONAL_REPRESENTATION('',(#353),#356);
#353 = B_SPLINE_CURVE_WITH_KNOTS('',1,(#354,#355),.UNSPECIFIED.,.F.,.F.,
  (2,2),(0.,94.263962),.PIECEWISE_BEZIER_KNOTS.);
#354 = CARTESIAN_POINT('',(68.,97.263962));
#355 = CARTESIAN_POINT('',(68.,3.));
#356 = ( GEOMETRIC_REPRESENTATION_CONTEXT(2) 
PARAMETRIC_REPRESENTATION_CONTEXT() REPRESENTATION_CONTEXT('2D SPACE',''
  ) );
#357 = ADVANCED_FACE('',(#358,#487,#539,#591,#643,#695,#747,#799,#851,
    #903,#955,#1007,#1059,#1111,#1163,#1215,#1267,#1319,#1371,#1423,
    #1475,#1527,#1579,#1631,#1683,#1735,#1787,#1839,#1891,#1943,#1995,
    #2047,#2099,#2151,#2203,#2255,#2307,#2359,#2411,#2463,#2515,#2567,
    #2619,#2671,#2723,#2775,#2827,#2879,#2931,#2983,#3035,#3087,#3139,
    #3191,#3243,#3295,#3347,#3399,#3451,#3503,#3555,#3607,#3659,#3711),
  #206,.F.);
#358 = FACE_BOUND('',#359,.F.);
#359 = EDGE_LOOP('',(#360,#361,#362,#385,#410,#440,#465,#486));
#360 = ORIENTED_EDGE('',*,*,#192,.F.);
#361 = ORIENTED_EDGE('',*,*,#270,.F.);
#362 = ORIENTED_EDGE('',*,*,#363,.F.);
#363 = EDGE_CURVE('',#364,#222,#366,.T.);
#364 = VERTEX_POINT('',#365);
#365 = CARTESIAN_POINT('',(-2.442490654175E-15,97.263962,0.));
#366 = SURFACE_CURVE('',#367,(#371,#378),.PCURVE_S1.);
#367 = ( BOUNDED_CURVE() B_SPLINE_CURVE(2,(#368,#369,#370),
.UNSPECIFIED.,.F.,.F.) B_SPLINE_CURVE_WITH_KNOTS((3,3),(0.,
1.570795544804),.PIECEWISE_BEZIER_KNOTS.) CURVE() 
GEOMETRIC_REPRESENTATION_ITEM() RATIONAL_B_SPLINE_CURVE((1.,
0.707107057662,1.)) REPRESENTATION_ITEM('') );
#368 = CARTESIAN_POINT('',(2.291500322826E-13,97.263962,0.));
#369 = CARTESIAN_POINT('',(1.172985869768E-06,100.26396082701,0.));
#370 = CARTESIAN_POINT('',(3.,100.263962,0.));
#371 = PCURVE('',#206,#372);
#372 = DEFINITIONAL_REPRESENTATION('',(#373),#377);
#373 = ( BOUNDED_CURVE() B_SPLINE_CURVE(2,(#374,#375,#376),
.UNSPECIFIED.,.F.,.F.) B_SPLINE_CURVE_WITH_KNOTS((3,3),(0.,
1.570795544804),.PIECEWISE_BEZIER_KNOTS.) CURVE() 
GEOMETRIC_REPRESENTATION_ITEM() RATIONAL_B_SPLINE_CURVE((1.,
0.707107057662,1.)) REPRESENTATION_ITEM('') );
#374 = CARTESIAN_POINT('',(2.291500322826E-13,97.263962));
#375 = CARTESIAN_POINT('',(1.172985869768E-06,100.26396082701));
#376 = CARTESIAN_POINT('',(3.,100.263962));
#377 = ( GEOMETRIC_REPRESENTATION_CONTEXT(2) 
PARAMETRIC_REPRESENTATION_CONTEXT() REPRESENTATION_CONTEXT('2D SPACE',''
  ) );
#378 = PCURVE('',#237,#379);
#379 = DEFINITIONAL_REPRESENTATION('',(#380),#384);
#380 = B_SPLINE_CURVE_WITH_KNOTS('',2,(#381,#382,#383),.UNSPECIFIED.,.F.
  ,.F.,(3,3),(1.68365653192E-13,1.570795544804),
  .PIECEWISE_BEZIER_KNOTS.);
#381 = CARTESIAN_POINT('',(1.68365653192E-13,0.));
#382 = CARTESIAN_POINT('',(0.785397772402,-1.74652201202E-16));
#383 = CARTESIAN_POINT('',(1.570795544804,0.));
#384 = ( GEOMETRIC_REPRESENTATION_CONTEXT(2) 
PARAMETRIC_REPRESENTATION_CONTEXT() REPRESENTATION_CONTEXT('2D SPACE',''
  ) );
#385 = ORIENTED_EDGE('',*,*,#386,.F.);
#386 = EDGE_CURVE('',#387,#364,#389,.T.);
#387 = VERTEX_POINT('',#388);
#388 = CARTESIAN_POINT('',(0.,3.,0.));
#389 = SURFACE_CURVE('',#390,(#393,#399),.PCURVE_S1.);
#390 = B_SPLINE_CURVE_WITH_KNOTS('',1,(#391,#392),.UNSPECIFIED.,.F.,.F.,
  (2,2),(0.,94.263962),.PIECEWISE_BEZIER_KNOTS.);
#391 = CARTESIAN_POINT('',(0.,3.,0.));
#392 = CARTESIAN_POINT('',(0.,97.263962,0.));
#393 = PCURVE('',#206,#394);
#394 = DEFINITIONAL_REPRESENTATION('',(#395),#398);
#395 = B_SPLINE_CURVE_WITH_KNOTS('',1,(#396,#397),.UNSPECIFIED.,.F.,.F.,
  (2,2),(0.,94.263962),.PIECEWISE_BEZIER_KNOTS.);
#396 = CARTESIAN_POINT('',(0.,3.));
#397 = CARTESIAN_POINT('',(0.,97.263962));
#398 = ( GEOMETRIC_REPRESENTATION_CONTEXT(2) 
PARAMETRIC_REPRESENTATION_CONTEXT() REPRESENTATION_CONTEXT('2D SPACE',''
  ) );
#399 = PCURVE('',#400,#405);
#400 = B_SPLINE_SURFACE_WITH_KNOTS('',1,1,(
    (#401,#402)
    ,(#403,#404
    )),.UNSPECIFIED.,.F.,.F.,.F.,(2,2),(2,2),(0.,94.263962),(-1.04,0.),
  .PIECEWISE_BEZIER_KNOTS.);
#401 = CARTESIAN_POINT('',(0.,3.,1.2));
#402 = CARTESIAN_POINT('',(0.,3.,0.));
#403 = CARTESIAN_POINT('',(0.,97.263962,1.2));
#404 = CARTESIAN_POINT('',(0.,97.263962,0.));
#405 = DEFINITIONAL_REPRESENTATION('',(#406),#409);
#406 = B_SPLINE_CURVE_WITH_KNOTS('',1,(#407,#408),.UNSPECIFIED.,.F.,.F.,
  (2,2),(0.,94.263962),.PIECEWISE_BEZIER_KNOTS.);
#407 = CARTESIAN_POINT('',(0.,0.));
#408 = CARTESIAN_POINT('',(94.263962,0.));
#409 = ( GEOMETRIC_REPRESENTATION_CONTEXT(2) 
PARAMETRIC_REPRESENTATION_CONTEXT() REPRESENTATION_CONTEXT('2D SPACE',''
  ) );
#410 = ORIENTED_EDGE('',*,*,#411,.F.);
#411 = EDGE_CURVE('',#412,#387,#414,.T.);
#412 = VERTEX_POINT('',#413);
#413 = CARTESIAN_POINT('',(3.,-2.22044604925E-16,0.));
#414 = SURFACE_CURVE('',#415,(#419,#426),.PCURVE_S1.);
#415 = ( BOUNDED_CURVE() B_SPLINE_CURVE(2,(#416,#417,#418),
.UNSPECIFIED.,.F.,.F.) B_SPLINE_CURVE_WITH_KNOTS((3,3),(0.,
1.570795544804),.PIECEWISE_BEZIER_KNOTS.) CURVE() 
GEOMETRIC_REPRESENTATION_ITEM() RATIONAL_B_SPLINE_CURVE((1.,
0.707107057662,1.)) REPRESENTATION_ITEM('') );
#416 = CARTESIAN_POINT('',(3.,2.291500322826E-13,0.));
#417 = CARTESIAN_POINT('',(1.172986312081E-06,1.172985858222E-06,0.));
#418 = CARTESIAN_POINT('',(2.295941214925E-13,3.,0.));
#419 = PCURVE('',#206,#420);
#420 = DEFINITIONAL_REPRESENTATION('',(#421),#425);
#421 = ( BOUNDED_CURVE() B_SPLINE_CURVE(2,(#422,#423,#424),
.UNSPECIFIED.,.F.,.F.) B_SPLINE_CURVE_WITH_KNOTS((3,3),(0.,
1.570795544804),.PIECEWISE_BEZIER_KNOTS.) CURVE() 
GEOMETRIC_REPRESENTATION_ITEM() RATIONAL_B_SPLINE_CURVE((1.,
0.707107057662,1.)) REPRESENTATION_ITEM('') );
#422 = CARTESIAN_POINT('',(3.,2.291500322826E-13));
#423 = CARTESIAN_POINT('',(1.172986312081E-06,1.172985858222E-06));
#424 = CARTESIAN_POINT('',(2.295941214925E-13,3.));
#425 = ( GEOMETRIC_REPRESENTATION_CONTEXT(2) 
PARAMETRIC_REPRESENTATION_CONTEXT() REPRESENTATION_CONTEXT('2D SPACE',''
  ) );
#426 = PCURVE('',#427,#434);
#427 = ( BOUNDED_SURFACE() B_SPLINE_SURFACE(2,1,(
    (#428,#429)
    ,(#430,#431)
,(#432,#433
    )),.UNSPECIFIED.,.F.,.F.,.F.) B_SPLINE_SURFACE_WITH_KNOTS((3,3),(2,2
    ),(0.,1.570795544804),(-1.04,0.),.PIECEWISE_BEZIER_KNOTS.) 
GEOMETRIC_REPRESENTATION_ITEM() RATIONAL_B_SPLINE_SURFACE((
    (1.,1.)
    ,(0.707107057662,0.707107057662)
,(1.,1.))) REPRESENTATION_ITEM('') SURFACE() );
#428 = CARTESIAN_POINT('',(3.,2.291500322826E-13,1.2));
#429 = CARTESIAN_POINT('',(3.,2.291500322826E-13,0.));
#430 = CARTESIAN_POINT('',(1.172986312081E-06,1.172985858222E-06,1.2));
#431 = CARTESIAN_POINT('',(1.172986312081E-06,1.172985858222E-06,0.));
#432 = CARTESIAN_POINT('',(2.295941214925E-13,3.,1.2));
#433 = CARTESIAN_POINT('',(2.295941214925E-13,3.,0.));
#434 = DEFINITIONAL_REPRESENTATION('',(#435),#439);
#435 = B_SPLINE_CURVE_WITH_KNOTS('',2,(#436,#437,#438),.UNSPECIFIED.,.F.
  ,.F.,(3,3),(1.680368142815E-13,1.570795544804),
  .PIECEWISE_BEZIER_KNOTS.);
#436 = CARTESIAN_POINT('',(1.680368142815E-13,0.));
#437 = CARTESIAN_POINT('',(0.785397772402,-4.38906026711E-17));
#438 = CARTESIAN_POINT('',(1.570795544804,0.));
#439 = ( GEOMETRIC_REPRESENTATION_CONTEXT(2) 
PARAMETRIC_REPRESENTATION_CONTEXT() REPRESENTATION_CONTEXT('2D SPACE',''
  ) );
#440 = ORIENTED_EDGE('',*,*,#441,.F.);
#441 = EDGE_CURVE('',#442,#412,#444,.T.);
#442 = VERTEX_POINT('',#443);
#443 = CARTESIAN_POINT('',(65.,1.7763568394E-15,0.));
#444 = SURFACE_CURVE('',#445,(#448,#454),.PCURVE_S1.);
#445 = B_SPLINE_CURVE_WITH_KNOTS('',1,(#446,#447),.UNSPECIFIED.,.F.,.F.,
  (2,2),(0.,62.),.PIECEWISE_BEZIER_KNOTS.);
#446 = CARTESIAN_POINT('',(65.,0.,0.));
#447 = CARTESIAN_POINT('',(3.,0.,0.));
#448 = PCURVE('',#206,#449);
#449 = DEFINITIONAL_REPRESENTATION('',(#450),#453);
#450 = B_SPLINE_CURVE_WITH_KNOTS('',1,(#451,#452),.UNSPECIFIED.,.F.,.F.,
  (2,2),(0.,62.),.PIECEWISE_BEZIER_KNOTS.);
#451 = CARTESIAN_POINT('',(65.,0.));
#452 = CARTESIAN_POINT('',(3.,0.));
#453 = ( GEOMETRIC_REPRESENTATION_CONTEXT(2) 
PARAMETRIC_REPRESENTATION_CONTEXT() REPRESENTATION_CONTEXT('2D SPACE',''
  ) );
#454 = PCURVE('',#455,#460);
#455 = B_SPLINE_SURFACE_WITH_KNOTS('',1,1,(
    (#456,#457)
    ,(#458,#459
    )),.UNSPECIFIED.,.F.,.F.,.F.,(2,2),(2,2),(0.,62.),(-1.04,0.),
  .PIECEWISE_BEZIER_KNOTS.);
#456 = CARTESIAN_POINT('',(65.,0.,1.2));
#457 = CARTESIAN_POINT('',(65.,0.,0.));
#458 = CARTESIAN_POINT('',(3.,0.,1.2));
#459 = CARTESIAN_POINT('',(3.,0.,0.));
#460 = DEFINITIONAL_REPRESENTATION('',(#461),#464);
#461 = B_SPLINE_CURVE_WITH_KNOTS('',1,(#462,#463),.UNSPECIFIED.,.F.,.F.,
  (2,2),(0.,62.),.PIECEWISE_BEZIER_KNOTS.);
#462 = CARTESIAN_POINT('',(0.,-0.));
#463 = CARTESIAN_POINT('',(62.,0.));
#464 = ( GEOMETRIC_REPRESENTATION_CONTEXT(2) 
PARAMETRIC_REPRESENTATION_CONTEXT() REPRESENTATION_CONTEXT('2D SPACE',''
  ) );
#465 = ORIENTED_EDGE('',*,*,#466,.F.);
#466 = EDGE_CURVE('',#313,#442,#467,.T.);
#467 = SURFACE_CURVE('',#468,(#472,#479),.PCURVE_S1.);
#468 = ( BOUNDED_CURVE() B_SPLINE_CURVE(2,(#469,#470,#471),
.UNSPECIFIED.,.F.,.F.) B_SPLINE_CURVE_WITH_KNOTS((3,3),(0.,
1.570795544804),.PIECEWISE_BEZIER_KNOTS.) CURVE() 
GEOMETRIC_REPRESENTATION_ITEM() RATIONAL_B_SPLINE_CURVE((1.,
0.707107057662,1.)) REPRESENTATION_ITEM('') );
#469 = CARTESIAN_POINT('',(68.,3.,0.));
#470 = CARTESIAN_POINT('',(67.999998827014,1.172986309861E-06,0.));
#471 = CARTESIAN_POINT('',(65.,2.295941214925E-13,0.));
#472 = PCURVE('',#206,#473);
#473 = DEFINITIONAL_REPRESENTATION('',(#474),#478);
#474 = ( BOUNDED_CURVE() B_SPLINE_CURVE(2,(#475,#476,#477),
.UNSPECIFIED.,.F.,.F.) B_SPLINE_CURVE_WITH_KNOTS((3,3),(0.,
1.570795544804),.PIECEWISE_BEZIER_KNOTS.) CURVE() 
GEOMETRIC_REPRESENTATION_ITEM() RATIONAL_B_SPLINE_CURVE((1.,
0.707107057662,1.)) REPRESENTATION_ITEM('') );
#475 = CARTESIAN_POINT('',(68.,3.));
#476 = CARTESIAN_POINT('',(67.999998827014,1.172986309861E-06));
#477 = CARTESIAN_POINT('',(65.,2.295941214925E-13));
#478 = ( GEOMETRIC_REPRESENTATION_CONTEXT(2) 
PARAMETRIC_REPRESENTATION_CONTEXT() REPRESENTATION_CONTEXT('2D SPACE',''
  ) );
#479 = PCURVE('',#326,#480);
#480 = DEFINITIONAL_REPRESENTATION('',(#481),#485);
#481 = B_SPLINE_CURVE_WITH_KNOTS('',2,(#482,#483,#484),.UNSPECIFIED.,.F.
  ,.F.,(3,3),(1.667214576434E-13,1.570795544804),
  .PIECEWISE_BEZIER_KNOTS.);
#482 = CARTESIAN_POINT('',(1.667214576434E-13,0.));
#483 = CARTESIAN_POINT('',(0.785397772402,1.010196931391E-16));
#484 = CARTESIAN_POINT('',(1.570795544804,0.));
#485 = ( GEOMETRIC_REPRESENTATION_CONTEXT(2) 
PARAMETRIC_REPRESENTATION_CONTEXT() REPRESENTATION_CONTEXT('2D SPACE',''
  ) );
#486 = ORIENTED_EDGE('',*,*,#340,.F.);
#487 = FACE_BOUND('',#488,.F.);
#488 = EDGE_LOOP('',(#489));
#489 = ORIENTED_EDGE('',*,*,#490,.T.);
#490 = EDGE_CURVE('',#491,#491,#493,.T.);
#491 = VERTEX_POINT('',#492);
#492 = CARTESIAN_POINT('',(8.,5.75,0.));
#493 = SURFACE_CURVE('',#494,(#502,#513),.PCURVE_S1.);
#494 = ( BOUNDED_CURVE() B_SPLINE_CURVE(2,(#495,#496,#497,#498,#499,#500
,#501),.UNSPECIFIED.,.T.,.F.) B_SPLINE_CURVE_WITH_KNOTS((1,2,2,2,2,1),(
    -2.094395102393,0.,2.094395102393,4.188790204786,6.28318530718,
8.377580409573),.UNSPECIFIED.) CURVE() GEOMETRIC_REPRESENTATION_ITEM() 
RATIONAL_B_SPLINE_CURVE((1.,0.5,1.,0.5,1.,0.5,1.)) REPRESENTATION_ITEM(
  '') );
#495 = CARTESIAN_POINT('',(8.,5.75,0.));
#496 = CARTESIAN_POINT('',(4.10288568297,5.75,0.));
#497 = CARTESIAN_POINT('',(6.051442841485,9.125,0.));
#498 = CARTESIAN_POINT('',(8.,12.5,0.));
#499 = CARTESIAN_POINT('',(9.948557158515,9.125,0.));
#500 = CARTESIAN_POINT('',(11.89711431703,5.75,0.));
#501 = CARTESIAN_POINT('',(8.,5.75,0.));
#502 = PCURVE('',#206,#503);
#503 = DEFINITIONAL_REPRESENTATION('',(#504),#512);
#504 = ( BOUNDED_CURVE() B_SPLINE_CURVE(2,(#505,#506,#507,#508,#509,#510
,#511),.UNSPECIFIED.,.T.,.F.) B_SPLINE_CURVE_WITH_KNOTS((3,2,2,3),(0.,
    2.094395102393,4.188790204786,6.28318530718),
.PIECEWISE_BEZIER_KNOTS.) CURVE() GEOMETRIC_REPRESENTATION_ITEM() 
RATIONAL_B_SPLINE_CURVE((1.,0.5,1.,0.5,1.,0.5,1.)) REPRESENTATION_ITEM(
  '') );
#505 = CARTESIAN_POINT('',(8.,5.75));
#506 = CARTESIAN_POINT('',(4.10288568297,5.75));
#507 = CARTESIAN_POINT('',(6.051442841485,9.125));
#508 = CARTESIAN_POINT('',(8.,12.5));
#509 = CARTESIAN_POINT('',(9.948557158515,9.125));
#510 = CARTESIAN_POINT('',(11.89711431703,5.75));
#511 = CARTESIAN_POINT('',(8.,5.75));
#512 = ( GEOMETRIC_REPRESENTATION_CONTEXT(2) 
PARAMETRIC_REPRESENTATION_CONTEXT() REPRESENTATION_CONTEXT('2D SPACE',''
  ) );
#513 = PCURVE('',#514,#529);
#514 = ( BOUNDED_SURFACE() B_SPLINE_SURFACE(2,1,(
    (#515,#516)
    ,(#517,#518)
    ,(#519,#520)
    ,(#521,#522)
    ,(#523,#524)
    ,(#525,#526)
,(#527,#528
    )),.UNSPECIFIED.,.T.,.F.,.F.) B_SPLINE_SURFACE_WITH_KNOTS((1,2,2,2,2
    ,1),(2,2),(-2.094395102393,0.,2.094395102393,4.188790204786,
    6.28318530718,8.377580409573),(-1.121,-8.1E-02),.UNSPECIFIED.) 
GEOMETRIC_REPRESENTATION_ITEM() RATIONAL_B_SPLINE_SURFACE((
    (1.,1.)
    ,(0.5,0.5)
    ,(1.,1.)
    ,(0.5,0.5)
    ,(1.,1.)
    ,(0.5,0.5)
,(1.,1.))) REPRESENTATION_ITEM('') SURFACE() );
#515 = CARTESIAN_POINT('',(8.,5.75,1.2));
#516 = CARTESIAN_POINT('',(8.,5.75,0.));
#517 = CARTESIAN_POINT('',(4.10288568297,5.75,1.2));
#518 = CARTESIAN_POINT('',(4.10288568297,5.75,0.));
#519 = CARTESIAN_POINT('',(6.051442841485,9.125,1.2));
#520 = CARTESIAN_POINT('',(6.051442841485,9.125,0.));
#521 = CARTESIAN_POINT('',(8.,12.5,1.2));
#522 = CARTESIAN_POINT('',(8.,12.5,0.));
#523 = CARTESIAN_POINT('',(9.948557158515,9.125,1.2));
#524 = CARTESIAN_POINT('',(9.948557158515,9.125,0.));
#525 = CARTESIAN_POINT('',(11.89711431703,5.75,1.2));
#526 = CARTESIAN_POINT('',(11.89711431703,5.75,0.));
#527 = CARTESIAN_POINT('',(8.,5.75,1.2));
#528 = CARTESIAN_POINT('',(8.,5.75,0.));
#529 = DEFINITIONAL_REPRESENTATION('',(#530),#538);
#530 = B_SPLINE_CURVE_WITH_KNOTS('',2,(#531,#532,#533,#534,#535,#536,
    #537),.UNSPECIFIED.,.F.,.F.,(3,2,2,3),(0.,2.094395102393,
    4.188790204786,6.28318530718),.PIECEWISE_BEZIER_KNOTS.);
#531 = CARTESIAN_POINT('',(0.,-8.1E-02));
#532 = CARTESIAN_POINT('',(1.047197551197,-8.1E-02));
#533 = CARTESIAN_POINT('',(2.094395102393,-8.1E-02));
#534 = CARTESIAN_POINT('',(3.14159265359,-8.1E-02));
#535 = CARTESIAN_POINT('',(4.188790204786,-8.1E-02));
#536 = CARTESIAN_POINT('',(5.235987755983,-8.1E-02));
#537 = CARTESIAN_POINT('',(6.28318530718,-8.1E-02));
#538 = ( GEOMETRIC_REPRESENTATION_CONTEXT(2) 
PARAMETRIC_REPRESENTATION_CONTEXT() REPRESENTATION_CONTEXT('2D SPACE',''
  ) );
#539 = FACE_BOUND('',#540,.F.);
#540 = EDGE_LOOP('',(#541));
#541 = ORIENTED_EDGE('',*,*,#542,.T.);
#542 = EDGE_CURVE('',#543,#543,#545,.T.);
#543 = VERTEX_POINT('',#544);
#544 = CARTESIAN_POINT('',(32.02,11.413962,0.));
#545 = SURFACE_CURVE('',#546,(#554,#565),.PCURVE_S1.);
#546 = ( BOUNDED_CURVE() B_SPLINE_CURVE(2,(#547,#548,#549,#550,#551,#552
,#553),.UNSPECIFIED.,.T.,.F.) B_SPLINE_CURVE_WITH_KNOTS((1,2,2,2,2,1),(
    -2.094395102393,0.,2.094395102393,4.188790204786,6.28318530718,
8.377580409573),.UNSPECIFIED.) CURVE() GEOMETRIC_REPRESENTATION_ITEM() 
RATIONAL_B_SPLINE_CURVE((1.,0.5,1.,0.5,1.,0.5,1.)) REPRESENTATION_ITEM(
  '') );
#547 = CARTESIAN_POINT('',(32.02,11.413962,0.));
#548 = CARTESIAN_POINT('',(30.547756813566,11.413962,0.));
#549 = CARTESIAN_POINT('',(31.283878406783,12.688962,0.));
#550 = CARTESIAN_POINT('',(32.02,13.963962,0.));
#551 = CARTESIAN_POINT('',(32.756121593217,12.688962,0.));
#552 = CARTESIAN_POINT('',(33.492243186434,11.413962,0.));
#553 = CARTESIAN_POINT('',(32.02,11.413962,0.));
#554 = PCURVE('',#206,#555);
#555 = DEFINITIONAL_REPRESENTATION('',(#556),#564);
#556 = ( BOUNDED_CURVE() B_SPLINE_CURVE(2,(#557,#558,#559,#560,#561,#562
,#563),.UNSPECIFIED.,.T.,.F.) B_SPLINE_CURVE_WITH_KNOTS((3,2,2,3),(
    1.010809382261E-14,2.094395102393,4.188790204786,6.28318530718),
.UNSPECIFIED.) CURVE() GEOMETRIC_REPRESENTATION_ITEM() 
RATIONAL_B_SPLINE_CURVE((1.,0.5,1.,0.5,1.,0.5,1.)) REPRESENTATION_ITEM(
  '') );
#557 = CARTESIAN_POINT('',(32.02,11.413962));
#558 = CARTESIAN_POINT('',(30.547756813566,11.413962));
#559 = CARTESIAN_POINT('',(31.283878406783,12.688962));
#560 = CARTESIAN_POINT('',(32.02,13.963962));
#561 = CARTESIAN_POINT('',(32.756121593217,12.688962));
#562 = CARTESIAN_POINT('',(33.492243186434,11.413962));
#563 = CARTESIAN_POINT('',(32.02,11.413962));
#564 = ( GEOMETRIC_REPRESENTATION_CONTEXT(2) 
PARAMETRIC_REPRESENTATION_CONTEXT() REPRESENTATION_CONTEXT('2D SPACE',''
  ) );
#565 = PCURVE('',#566,#581);
#566 = ( BOUNDED_SURFACE() B_SPLINE_SURFACE(2,1,(
    (#567,#568)
    ,(#569,#570)
    ,(#571,#572)
    ,(#573,#574)
    ,(#575,#576)
    ,(#577,#578)
,(#579,#580
    )),.UNSPECIFIED.,.T.,.F.,.F.) B_SPLINE_SURFACE_WITH_KNOTS((1,2,2,2,2
    ,1),(2,2),(-2.094395102393,0.,2.094395102393,4.188790204786,
    6.28318530718,8.377580409573),(-1.121,-8.1E-02),.UNSPECIFIED.) 
GEOMETRIC_REPRESENTATION_ITEM() RATIONAL_B_SPLINE_SURFACE((
    (1.,1.)
    ,(0.5,0.5)
    ,(1.,1.)
    ,(0.5,0.5)
    ,(1.,1.)
    ,(0.5,0.5)
,(1.,1.))) REPRESENTATION_ITEM('') SURFACE() );
#567 = CARTESIAN_POINT('',(32.02,11.413962,1.2));
#568 = CARTESIAN_POINT('',(32.02,11.413962,0.));
#569 = CARTESIAN_POINT('',(30.547756813566,11.413962,1.2));
#570 = CARTESIAN_POINT('',(30.547756813566,11.413962,0.));
#571 = CARTESIAN_POINT('',(31.283878406783,12.688962,1.2));
#572 = CARTESIAN_POINT('',(31.283878406783,12.688962,0.));
#573 = CARTESIAN_POINT('',(32.02,13.963962,1.2));
#574 = CARTESIAN_POINT('',(32.02,13.963962,0.));
#575 = CARTESIAN_POINT('',(32.756121593217,12.688962,1.2));
#576 = CARTESIAN_POINT('',(32.756121593217,12.688962,0.));
#577 = CARTESIAN_POINT('',(33.492243186434,11.413962,1.2));
#578 = CARTESIAN_POINT('',(33.492243186434,11.413962,0.));
#579 = CARTESIAN_POINT('',(32.02,11.413962,1.2));
#580 = CARTESIAN_POINT('',(32.02,11.413962,0.));
#581 = DEFINITIONAL_REPRESENTATION('',(#582),#590);
#582 = B_SPLINE_CURVE_WITH_KNOTS('',2,(#583,#584,#585,#586,#587,#588,
    #589),.UNSPECIFIED.,.F.,.F.,(3,2,2,3),(1.010809382261E-14,
    2.094395102393,4.188790204786,6.28318530718),.UNSPECIFIED.);
#583 = CARTESIAN_POINT('',(8.046381233254E-29,-8.1E-02));
#584 = CARTESIAN_POINT('',(1.047197551197,-8.1E-02));
#585 = CARTESIAN_POINT('',(2.094395102393,-8.1E-02));
#586 = CARTESIAN_POINT('',(3.14159265359,-8.1E-02));
#587 = CARTESIAN_POINT('',(4.188790204786,-8.1E-02));
#588 = CARTESIAN_POINT('',(5.235987755983,-8.1E-02));
#589 = CARTESIAN_POINT('',(6.28318530718,-8.1E-02));
#590 = ( GEOMETRIC_REPRESENTATION_CONTEXT(2) 
PARAMETRIC_REPRESENTATION_CONTEXT() REPRESENTATION_CONTEXT('2D SPACE',''
  ) );
#591 = FACE_BOUND('',#592,.F.);
#592 = EDGE_LOOP('',(#593));
#593 = ORIENTED_EDGE('',*,*,#594,.T.);
#594 = EDGE_CURVE('',#595,#595,#597,.T.);
#595 = VERTEX_POINT('',#596);
#596 = CARTESIAN_POINT('',(27.6,19.063962,0.));
#597 = SURFACE_CURVE('',#598,(#606,#617),.PCURVE_S1.);
#598 = ( BOUNDED_CURVE() B_SPLINE_CURVE(2,(#599,#600,#601,#602,#603,#604
,#605),.UNSPECIFIED.,.T.,.F.) B_SPLINE_CURVE_WITH_KNOTS((1,2,2,2,2,1),(
    -2.094395102393,0.,2.094395102393,4.188790204786,6.28318530718,
8.377580409573),.UNSPECIFIED.) CURVE() GEOMETRIC_REPRESENTATION_ITEM() 
RATIONAL_B_SPLINE_CURVE((1.,0.5,1.,0.5,1.,0.5,1.)) REPRESENTATION_ITEM(
  '') );
#599 = CARTESIAN_POINT('',(27.6,19.063962,0.));
#600 = CARTESIAN_POINT('',(26.387564434702,19.063962,0.));
#601 = CARTESIAN_POINT('',(26.993782217351,20.113962,0.));
#602 = CARTESIAN_POINT('',(27.6,21.163962,0.));
#603 = CARTESIAN_POINT('',(28.206217782649,20.113962,0.));
#604 = CARTESIAN_POINT('',(28.812435565298,19.063962,0.));
#605 = CARTESIAN_POINT('',(27.6,19.063962,0.));
#606 = PCURVE('',#206,#607);
#607 = DEFINITIONAL_REPRESENTATION('',(#608),#616);
#608 = ( BOUNDED_CURVE() B_SPLINE_CURVE(2,(#609,#610,#611,#612,#613,#614
,#615),.UNSPECIFIED.,.T.,.F.) B_SPLINE_CURVE_WITH_KNOTS((3,2,2,3),(0.,
    2.094395102393,4.188790204786,6.28318530718),
.PIECEWISE_BEZIER_KNOTS.) CURVE() GEOMETRIC_REPRESENTATION_ITEM() 
RATIONAL_B_SPLINE_CURVE((1.,0.5,1.,0.5,1.,0.5,1.)) REPRESENTATION_ITEM(
  '') );
#609 = CARTESIAN_POINT('',(27.6,19.063962));
#610 = CARTESIAN_POINT('',(26.387564434702,19.063962));
#611 = CARTESIAN_POINT('',(26.993782217351,20.113962));
#612 = CARTESIAN_POINT('',(27.6,21.163962));
#613 = CARTESIAN_POINT('',(28.206217782649,20.113962));
#614 = CARTESIAN_POINT('',(28.812435565298,19.063962));
#615 = CARTESIAN_POINT('',(27.6,19.063962));
#616 = ( GEOMETRIC_REPRESENTATION_CONTEXT(2) 
PARAMETRIC_REPRESENTATION_CONTEXT() REPRESENTATION_CONTEXT('2D SPACE',''
  ) );
#617 = PCURVE('',#618,#633);
#618 = ( BOUNDED_SURFACE() B_SPLINE_SURFACE(2,1,(
    (#619,#620)
    ,(#621,#622)
    ,(#623,#624)
    ,(#625,#626)
    ,(#627,#628)
    ,(#629,#630)
,(#631,#632
    )),.UNSPECIFIED.,.T.,.F.,.F.) B_SPLINE_SURFACE_WITH_KNOTS((1,2,2,2,2
    ,1),(2,2),(-2.094395102393,0.,2.094395102393,4.188790204786,
    6.28318530718,8.377580409573),(-1.121,-8.1E-02),.UNSPECIFIED.) 
GEOMETRIC_REPRESENTATION_ITEM() RATIONAL_B_SPLINE_SURFACE((
    (1.,1.)
    ,(0.5,0.5)
    ,(1.,1.)
    ,(0.5,0.5)
    ,(1.,1.)
    ,(0.5,0.5)
,(1.,1.))) REPRESENTATION_ITEM('') SURFACE() );
#619 = CARTESIAN_POINT('',(27.6,19.063962,1.2));
#620 = CARTESIAN_POINT('',(27.6,19.063962,0.));
#621 = CARTESIAN_POINT('',(26.387564434702,19.063962,1.2));
#622 = CARTESIAN_POINT('',(26.387564434702,19.063962,0.));
#623 = CARTESIAN_POINT('',(26.993782217351,20.113962,1.2));
#624 = CARTESIAN_POINT('',(26.993782217351,20.113962,0.));
#625 = CARTESIAN_POINT('',(27.6,21.163962,1.2));
#626 = CARTESIAN_POINT('',(27.6,21.163962,0.));
#627 = CARTESIAN_POINT('',(28.206217782649,20.113962,1.2));
#628 = CARTESIAN_POINT('',(28.206217782649,20.113962,0.));
#629 = CARTESIAN_POINT('',(28.812435565298,19.063962,1.2));
#630 = CARTESIAN_POINT('',(28.812435565298,19.063962,0.));
#631 = CARTESIAN_POINT('',(27.6,19.063962,1.2));
#632 = CARTESIAN_POINT('',(27.6,19.063962,0.));
#633 = DEFINITIONAL_REPRESENTATION('',(#634),#642);
#634 = B_SPLINE_CURVE_WITH_KNOTS('',2,(#635,#636,#637,#638,#639,#640,
    #641),.UNSPECIFIED.,.F.,.F.,(3,2,2,3),(0.,2.094395102393,
    4.188790204786,6.28318530718),.PIECEWISE_BEZIER_KNOTS.);
#635 = CARTESIAN_POINT('',(0.,-8.1E-02));
#636 = CARTESIAN_POINT('',(1.047197551197,-8.1E-02));
#637 = CARTESIAN_POINT('',(2.094395102393,-8.1E-02));
#638 = CARTESIAN_POINT('',(3.14159265359,-8.1E-02));
#639 = CARTESIAN_POINT('',(4.188790204786,-8.1E-02));
#640 = CARTESIAN_POINT('',(5.235987755983,-8.1E-02));
#641 = CARTESIAN_POINT('',(6.28318530718,-8.1E-02));
#642 = ( GEOMETRIC_REPRESENTATION_CONTEXT(2) 
PARAMETRIC_REPRESENTATION_CONTEXT() REPRESENTATION_CONTEXT('2D SPACE',''
  ) );
#643 = FACE_BOUND('',#644,.F.);
#644 = EDGE_LOOP('',(#645));
#645 = ORIENTED_EDGE('',*,*,#646,.T.);
#646 = EDGE_CURVE('',#647,#647,#649,.T.);
#647 = VERTEX_POINT('',#648);
#648 = CARTESIAN_POINT('',(27.6,21.563962,0.));
#649 = SURFACE_CURVE('',#650,(#658,#669),.PCURVE_S1.);
#650 = ( BOUNDED_CURVE() B_SPLINE_CURVE(2,(#651,#652,#653,#654,#655,#656
,#657),.UNSPECIFIED.,.T.,.F.) B_SPLINE_CURVE_WITH_KNOTS((1,2,2,2,2,1),(
    -2.094395102393,0.,2.094395102393,4.188790204786,6.28318530718,
8.377580409573),.UNSPECIFIED.) CURVE() GEOMETRIC_REPRESENTATION_ITEM() 
RATIONAL_B_SPLINE_CURVE((1.,0.5,1.,0.5,1.,0.5,1.)) REPRESENTATION_ITEM(
  '') );
#651 = CARTESIAN_POINT('',(27.6,21.563962,0.));
#652 = CARTESIAN_POINT('',(26.387564434702,21.563962,0.));
#653 = CARTESIAN_POINT('',(26.993782217351,22.613962,0.));
#654 = CARTESIAN_POINT('',(27.6,23.663962,0.));
#655 = CARTESIAN_POINT('',(28.206217782649,22.613962,0.));
#656 = CARTESIAN_POINT('',(28.812435565298,21.563962,0.));
#657 = CARTESIAN_POINT('',(27.6,21.563962,0.));
#658 = PCURVE('',#206,#659);
#659 = DEFINITIONAL_REPRESENTATION('',(#660),#668);
#660 = ( BOUNDED_CURVE() B_SPLINE_CURVE(2,(#661,#662,#663,#664,#665,#666
,#667),.UNSPECIFIED.,.T.,.F.) B_SPLINE_CURVE_WITH_KNOTS((3,2,2,3),(0.,
    2.094395102393,4.188790204786,6.28318530718),
.PIECEWISE_BEZIER_KNOTS.) CURVE() GEOMETRIC_REPRESENTATION_ITEM() 
RATIONAL_B_SPLINE_CURVE((1.,0.5,1.,0.5,1.,0.5,1.)) REPRESENTATION_ITEM(
  '') );
#661 = CARTESIAN_POINT('',(27.6,21.563962));
#662 = CARTESIAN_POINT('',(26.387564434702,21.563962));
#663 = CARTESIAN_POINT('',(26.993782217351,22.613962));
#664 = CARTESIAN_POINT('',(27.6,23.663962));
#665 = CARTESIAN_POINT('',(28.206217782649,22.613962));
#666 = CARTESIAN_POINT('',(28.812435565298,21.563962));
#667 = CARTESIAN_POINT('',(27.6,21.563962));
#668 = ( GEOMETRIC_REPRESENTATION_CONTEXT(2) 
PARAMETRIC_REPRESENTATION_CONTEXT() REPRESENTATION_CONTEXT('2D SPACE',''
  ) );
#669 = PCURVE('',#670,#685);
#670 = ( BOUNDED_SURFACE() B_SPLINE_SURFACE(2,1,(
    (#671,#672)
    ,(#673,#674)
    ,(#675,#676)
    ,(#677,#678)
    ,(#679,#680)
    ,(#681,#682)
,(#683,#684
    )),.UNSPECIFIED.,.T.,.F.,.F.) B_SPLINE_SURFACE_WITH_KNOTS((1,2,2,2,2
    ,1),(2,2),(-2.094395102393,0.,2.094395102393,4.188790204786,
    6.28318530718,8.377580409573),(-1.121,-8.1E-02),.UNSPECIFIED.) 
GEOMETRIC_REPRESENTATION_ITEM() RATIONAL_B_SPLINE_SURFACE((
    (1.,1.)
    ,(0.5,0.5)
    ,(1.,1.)
    ,(0.5,0.5)
    ,(1.,1.)
    ,(0.5,0.5)
,(1.,1.))) REPRESENTATION_ITEM('') SURFACE() );
#671 = CARTESIAN_POINT('',(27.6,21.563962,1.2));
#672 = CARTESIAN_POINT('',(27.6,21.563962,0.));
#673 = CARTESIAN_POINT('',(26.387564434702,21.563962,1.2));
#674 = CARTESIAN_POINT('',(26.387564434702,21.563962,0.));
#675 = CARTESIAN_POINT('',(26.993782217351,22.613962,1.2));
#676 = CARTESIAN_POINT('',(26.993782217351,22.613962,0.));
#677 = CARTESIAN_POINT('',(27.6,23.663962,1.2));
#678 = CARTESIAN_POINT('',(27.6,23.663962,0.));
#679 = CARTESIAN_POINT('',(28.206217782649,22.613962,1.2));
#680 = CARTESIAN_POINT('',(28.206217782649,22.613962,0.));
#681 = CARTESIAN_POINT('',(28.812435565298,21.563962,1.2));
#682 = CARTESIAN_POINT('',(28.812435565298,21.563962,0.));
#683 = CARTESIAN_POINT('',(27.6,21.563962,1.2));
#684 = CARTESIAN_POINT('',(27.6,21.563962,0.));
#685 = DEFINITIONAL_REPRESENTATION('',(#686),#694);
#686 = B_SPLINE_CURVE_WITH_KNOTS('',2,(#687,#688,#689,#690,#691,#692,
    #693),.UNSPECIFIED.,.F.,.F.,(3,2,2,3),(0.,2.094395102393,
    4.188790204786,6.28318530718),.PIECEWISE_BEZIER_KNOTS.);
#687 = CARTESIAN_POINT('',(0.,-8.1E-02));
#688 = CARTESIAN_POINT('',(1.047197551197,-8.1E-02));
#689 = CARTESIAN_POINT('',(2.094395102393,-8.1E-02));
#690 = CARTESIAN_POINT('',(3.14159265359,-8.1E-02));
#691 = CARTESIAN_POINT('',(4.188790204786,-8.1E-02));
#692 = CARTESIAN_POINT('',(5.235987755983,-8.1E-02));
#693 = CARTESIAN_POINT('',(6.28318530718,-8.1E-02));
#694 = ( GEOMETRIC_REPRESENTATION_CONTEXT(2) 
PARAMETRIC_REPRESENTATION_CONTEXT() REPRESENTATION_CONTEXT('2D SPACE',''
  ) );
#695 = FACE_BOUND('',#696,.F.);
#696 = EDGE_LOOP('',(#697));
#697 = ORIENTED_EDGE('',*,*,#698,.T.);
#698 = EDGE_CURVE('',#699,#699,#701,.T.);
#699 = VERTEX_POINT('',#700);
#700 = CARTESIAN_POINT('',(31.1,19.063962,0.));
#701 = SURFACE_CURVE('',#702,(#710,#721),.PCURVE_S1.);
#702 = ( BOUNDED_CURVE() B_SPLINE_CURVE(2,(#703,#704,#705,#706,#707,#708
,#709),.UNSPECIFIED.,.T.,.F.) B_SPLINE_CURVE_WITH_KNOTS((1,2,2,2,2,1),(
    -2.094395102393,0.,2.094395102393,4.188790204786,6.28318530718,
8.377580409573),.UNSPECIFIED.) CURVE() GEOMETRIC_REPRESENTATION_ITEM() 
RATIONAL_B_SPLINE_CURVE((1.,0.5,1.,0.5,1.,0.5,1.)) REPRESENTATION_ITEM(
  '') );
#703 = CARTESIAN_POINT('',(31.1,19.063962,0.));
#704 = CARTESIAN_POINT('',(29.887564434702,19.063962,0.));
#705 = CARTESIAN_POINT('',(30.493782217351,20.113962,0.));
#706 = CARTESIAN_POINT('',(31.1,21.163962,0.));
#707 = CARTESIAN_POINT('',(31.706217782649,20.113962,0.));
#708 = CARTESIAN_POINT('',(32.312435565298,19.063962,0.));
#709 = CARTESIAN_POINT('',(31.1,19.063962,0.));
#710 = PCURVE('',#206,#711);
#711 = DEFINITIONAL_REPRESENTATION('',(#712),#720);
#712 = ( BOUNDED_CURVE() B_SPLINE_CURVE(2,(#713,#714,#715,#716,#717,#718
,#719),.UNSPECIFIED.,.T.,.F.) B_SPLINE_CURVE_WITH_KNOTS((3,2,2,3),(0.,
    2.094395102393,4.188790204786,6.28318530718),
.PIECEWISE_BEZIER_KNOTS.) CURVE() GEOMETRIC_REPRESENTATION_ITEM() 
RATIONAL_B_SPLINE_CURVE((1.,0.5,1.,0.5,1.,0.5,1.)) REPRESENTATION_ITEM(
  '') );
#713 = CARTESIAN_POINT('',(31.1,19.063962));
#714 = CARTESIAN_POINT('',(29.887564434702,19.063962));
#715 = CARTESIAN_POINT('',(30.493782217351,20.113962));
#716 = CARTESIAN_POINT('',(31.1,21.163962));
#717 = CARTESIAN_POINT('',(31.706217782649,20.113962));
#718 = CARTESIAN_POINT('',(32.312435565298,19.063962));
#719 = CARTESIAN_POINT('',(31.1,19.063962));
#720 = ( GEOMETRIC_REPRESENTATION_CONTEXT(2) 
PARAMETRIC_REPRESENTATION_CONTEXT() REPRESENTATION_CONTEXT('2D SPACE',''
  ) );
#721 = PCURVE('',#722,#737);
#722 = ( BOUNDED_SURFACE() B_SPLINE_SURFACE(2,1,(
    (#723,#724)
    ,(#725,#726)
    ,(#727,#728)
    ,(#729,#730)
    ,(#731,#732)
    ,(#733,#734)
,(#735,#736
    )),.UNSPECIFIED.,.T.,.F.,.F.) B_SPLINE_SURFACE_WITH_KNOTS((1,2,2,2,2
    ,1),(2,2),(-2.094395102393,0.,2.094395102393,4.188790204786,
    6.28318530718,8.377580409573),(-1.121,-8.1E-02),.UNSPECIFIED.) 
GEOMETRIC_REPRESENTATION_ITEM() RATIONAL_B_SPLINE_SURFACE((
    (1.,1.)
    ,(0.5,0.5)
    ,(1.,1.)
    ,(0.5,0.5)
    ,(1.,1.)
    ,(0.5,0.5)
,(1.,1.))) REPRESENTATION_ITEM('') SURFACE() );
#723 = CARTESIAN_POINT('',(31.1,19.063962,1.2));
#724 = CARTESIAN_POINT('',(31.1,19.063962,0.));
#725 = CARTESIAN_POINT('',(29.887564434702,19.063962,1.2));
#726 = CARTESIAN_POINT('',(29.887564434702,19.063962,0.));
#727 = CARTESIAN_POINT('',(30.493782217351,20.113962,1.2));
#728 = CARTESIAN_POINT('',(30.493782217351,20.113962,0.));
#729 = CARTESIAN_POINT('',(31.1,21.163962,1.2));
#730 = CARTESIAN_POINT('',(31.1,21.163962,0.));
#731 = CARTESIAN_POINT('',(31.706217782649,20.113962,1.2));
#732 = CARTESIAN_POINT('',(31.706217782649,20.113962,0.));
#733 = CARTESIAN_POINT('',(32.312435565298,19.063962,1.2));
#734 = CARTESIAN_POINT('',(32.312435565298,19.063962,0.));
#735 = CARTESIAN_POINT('',(31.1,19.063962,1.2));
#736 = CARTESIAN_POINT('',(31.1,19.063962,0.));
#737 = DEFINITIONAL_REPRESENTATION('',(#738),#746);
#738 = B_SPLINE_CURVE_WITH_KNOTS('',2,(#739,#740,#741,#742,#743,#744,
    #745),.UNSPECIFIED.,.F.,.F.,(3,2,2,3),(0.,2.094395102393,
    4.188790204786,6.28318530718),.PIECEWISE_BEZIER_KNOTS.);
#739 = CARTESIAN_POINT('',(0.,-8.1E-02));
#740 = CARTESIAN_POINT('',(1.047197551197,-8.1E-02));
#741 = CARTESIAN_POINT('',(2.094395102393,-8.1E-02));
#742 = CARTESIAN_POINT('',(3.14159265359,-8.1E-02));
#743 = CARTESIAN_POINT('',(4.188790204786,-8.1E-02));
#744 = CARTESIAN_POINT('',(5.235987755983,-8.1E-02));
#745 = CARTESIAN_POINT('',(6.28318530718,-8.1E-02));
#746 = ( GEOMETRIC_REPRESENTATION_CONTEXT(2) 
PARAMETRIC_REPRESENTATION_CONTEXT() REPRESENTATION_CONTEXT('2D SPACE',''
  ) );
#747 = FACE_BOUND('',#748,.F.);
#748 = EDGE_LOOP('',(#749));
#749 = ORIENTED_EDGE('',*,*,#750,.T.);
#750 = EDGE_CURVE('',#751,#751,#753,.T.);
#751 = VERTEX_POINT('',#752);
#752 = CARTESIAN_POINT('',(31.1,21.563962,0.));
#753 = SURFACE_CURVE('',#754,(#762,#773),.PCURVE_S1.);
#754 = ( BOUNDED_CURVE() B_SPLINE_CURVE(2,(#755,#756,#757,#758,#759,#760
,#761),.UNSPECIFIED.,.T.,.F.) B_SPLINE_CURVE_WITH_KNOTS((1,2,2,2,2,1),(
    -2.094395102393,0.,2.094395102393,4.188790204786,6.28318530718,
8.377580409573),.UNSPECIFIED.) CURVE() GEOMETRIC_REPRESENTATION_ITEM() 
RATIONAL_B_SPLINE_CURVE((1.,0.5,1.,0.5,1.,0.5,1.)) REPRESENTATION_ITEM(
  '') );
#755 = CARTESIAN_POINT('',(31.1,21.563962,0.));
#756 = CARTESIAN_POINT('',(29.887564434702,21.563962,0.));
#757 = CARTESIAN_POINT('',(30.493782217351,22.613962,0.));
#758 = CARTESIAN_POINT('',(31.1,23.663962,0.));
#759 = CARTESIAN_POINT('',(31.706217782649,22.613962,0.));
#760 = CARTESIAN_POINT('',(32.312435565298,21.563962,0.));
#761 = CARTESIAN_POINT('',(31.1,21.563962,0.));
#762 = PCURVE('',#206,#763);
#763 = DEFINITIONAL_REPRESENTATION('',(#764),#772);
#764 = ( BOUNDED_CURVE() B_SPLINE_CURVE(2,(#765,#766,#767,#768,#769,#770
,#771),.UNSPECIFIED.,.T.,.F.) B_SPLINE_CURVE_WITH_KNOTS((3,2,2,3),(0.,
    2.094395102393,4.188790204786,6.28318530718),
.PIECEWISE_BEZIER_KNOTS.) CURVE() GEOMETRIC_REPRESENTATION_ITEM() 
RATIONAL_B_SPLINE_CURVE((1.,0.5,1.,0.5,1.,0.5,1.)) REPRESENTATION_ITEM(
  '') );
#765 = CARTESIAN_POINT('',(31.1,21.563962));
#766 = CARTESIAN_POINT('',(29.887564434702,21.563962));
#767 = CARTESIAN_POINT('',(30.493782217351,22.613962));
#768 = CARTESIAN_POINT('',(31.1,23.663962));
#769 = CARTESIAN_POINT('',(31.706217782649,22.613962));
#770 = CARTESIAN_POINT('',(32.312435565298,21.563962));
#771 = CARTESIAN_POINT('',(31.1,21.563962));
#772 = ( GEOMETRIC_REPRESENTATION_CONTEXT(2) 
PARAMETRIC_REPRESENTATION_CONTEXT() REPRESENTATION_CONTEXT('2D SPACE',''
  ) );
#773 = PCURVE('',#774,#789);
#774 = ( BOUNDED_SURFACE() B_SPLINE_SURFACE(2,1,(
    (#775,#776)
    ,(#777,#778)
    ,(#779,#780)
    ,(#781,#782)
    ,(#783,#784)
    ,(#785,#786)
,(#787,#788
    )),.UNSPECIFIED.,.T.,.F.,.F.) B_SPLINE_SURFACE_WITH_KNOTS((1,2,2,2,2
    ,1),(2,2),(-2.094395102393,0.,2.094395102393,4.188790204786,
    6.28318530718,8.377580409573),(-1.121,-8.1E-02),.UNSPECIFIED.) 
GEOMETRIC_REPRESENTATION_ITEM() RATIONAL_B_SPLINE_SURFACE((
    (1.,1.)
    ,(0.5,0.5)
    ,(1.,1.)
    ,(0.5,0.5)
    ,(1.,1.)
    ,(0.5,0.5)
,(1.,1.))) REPRESENTATION_ITEM('') SURFACE() );
#775 = CARTESIAN_POINT('',(31.1,21.563962,1.2));
#776 = CARTESIAN_POINT('',(31.1,21.563962,0.));
#777 = CARTESIAN_POINT('',(29.887564434702,21.563962,1.2));
#778 = CARTESIAN_POINT('',(29.887564434702,21.563962,0.));
#779 = CARTESIAN_POINT('',(30.493782217351,22.613962,1.2));
#780 = CARTESIAN_POINT('',(30.493782217351,22.613962,0.));
#781 = CARTESIAN_POINT('',(31.1,23.663962,1.2));
#782 = CARTESIAN_POINT('',(31.1,23.663962,0.));
#783 = CARTESIAN_POINT('',(31.706217782649,22.613962,1.2));
#784 = CARTESIAN_POINT('',(31.706217782649,22.613962,0.));
#785 = CARTESIAN_POINT('',(32.312435565298,21.563962,1.2));
#786 = CARTESIAN_POINT('',(32.312435565298,21.563962,0.));
#787 = CARTESIAN_POINT('',(31.1,21.563962,1.2));
#788 = CARTESIAN_POINT('',(31.1,21.563962,0.));
#789 = DEFINITIONAL_REPRESENTATION('',(#790),#798);
#790 = B_SPLINE_CURVE_WITH_KNOTS('',2,(#791,#792,#793,#794,#795,#796,
    #797),.UNSPECIFIED.,.F.,.F.,(3,2,2,3),(0.,2.094395102393,
    4.188790204786,6.28318530718),.PIECEWISE_BEZIER_KNOTS.);
#791 = CARTESIAN_POINT('',(0.,-8.1E-02));
#792 = CARTESIAN_POINT('',(1.047197551197,-8.1E-02));
#793 = CARTESIAN_POINT('',(2.094395102393,-8.1E-02));
#794 = CARTESIAN_POINT('',(3.14159265359,-8.1E-02));
#795 = CARTESIAN_POINT('',(4.188790204786,-8.1E-02));
#796 = CARTESIAN_POINT('',(5.235987755983,-8.1E-02));
#797 = CARTESIAN_POINT('',(6.28318530718,-8.1E-02));
#798 = ( GEOMETRIC_REPRESENTATION_CONTEXT(2) 
PARAMETRIC_REPRESENTATION_CONTEXT() REPRESENTATION_CONTEXT('2D SPACE',''
  ) );
#799 = FACE_BOUND('',#800,.F.);
#800 = EDGE_LOOP('',(#801));
#801 = ORIENTED_EDGE('',*,*,#802,.T.);
#802 = EDGE_CURVE('',#803,#803,#805,.T.);
#803 = VERTEX_POINT('',#804);
#804 = CARTESIAN_POINT('',(11.,32.413962,0.));
#805 = SURFACE_CURVE('',#806,(#814,#825),.PCURVE_S1.);
#806 = ( BOUNDED_CURVE() B_SPLINE_CURVE(2,(#807,#808,#809,#810,#811,#812
,#813),.UNSPECIFIED.,.T.,.F.) B_SPLINE_CURVE_WITH_KNOTS((1,2,2,2,2,1),(
    -2.094395102393,0.,2.094395102393,4.188790204786,6.28318530718,
8.377580409573),.UNSPECIFIED.) CURVE() GEOMETRIC_REPRESENTATION_ITEM() 
RATIONAL_B_SPLINE_CURVE((1.,0.5,1.,0.5,1.,0.5,1.)) REPRESENTATION_ITEM(
  '') );
#807 = CARTESIAN_POINT('',(11.,32.413962,0.));
#808 = CARTESIAN_POINT('',(9.527756813566,32.413962,0.));
#809 = CARTESIAN_POINT('',(10.263878406783,33.688962,0.));
#810 = CARTESIAN_POINT('',(11.,34.963962,0.));
#811 = CARTESIAN_POINT('',(11.736121593217,33.688962,0.));
#812 = CARTESIAN_POINT('',(12.472243186434,32.413962,0.));
#813 = CARTESIAN_POINT('',(11.,32.413962,0.));
#814 = PCURVE('',#206,#815);
#815 = DEFINITIONAL_REPRESENTATION('',(#816),#824);
#816 = ( BOUNDED_CURVE() B_SPLINE_CURVE(2,(#817,#818,#819,#820,#821,#822
,#823),.UNSPECIFIED.,.T.,.F.) B_SPLINE_CURVE_WITH_KNOTS((3,2,2,3),(0.,
    2.094395102393,4.188790204786,6.28318530718),
.PIECEWISE_BEZIER_KNOTS.) CURVE() GEOMETRIC_REPRESENTATION_ITEM() 
RATIONAL_B_SPLINE_CURVE((1.,0.5,1.,0.5,1.,0.5,1.)) REPRESENTATION_ITEM(
  '') );
#817 = CARTESIAN_POINT('',(11.,32.413962));
#818 = CARTESIAN_POINT('',(9.527756813566,32.413962));
#819 = CARTESIAN_POINT('',(10.263878406783,33.688962));
#820 = CARTESIAN_POINT('',(11.,34.963962));
#821 = CARTESIAN_POINT('',(11.736121593217,33.688962));
#822 = CARTESIAN_POINT('',(12.472243186434,32.413962));
#823 = CARTESIAN_POINT('',(11.,32.413962));
#824 = ( GEOMETRIC_REPRESENTATION_CONTEXT(2) 
PARAMETRIC_REPRESENTATION_CONTEXT() REPRESENTATION_CONTEXT('2D SPACE',''
  ) );
#825 = PCURVE('',#826,#841);
#826 = ( BOUNDED_SURFACE() B_SPLINE_SURFACE(2,1,(
    (#827,#828)
    ,(#829,#830)
    ,(#831,#832)
    ,(#833,#834)
    ,(#835,#836)
    ,(#837,#838)
,(#839,#840
    )),.UNSPECIFIED.,.T.,.F.,.F.) B_SPLINE_SURFACE_WITH_KNOTS((1,2,2,2,2
    ,1),(2,2),(-2.094395102393,0.,2.094395102393,4.188790204786,
    6.28318530718,8.377580409573),(-1.121,-8.1E-02),.UNSPECIFIED.) 
GEOMETRIC_REPRESENTATION_ITEM() RATIONAL_B_SPLINE_SURFACE((
    (1.,1.)
    ,(0.5,0.5)
    ,(1.,1.)
    ,(0.5,0.5)
    ,(1.,1.)
    ,(0.5,0.5)
,(1.,1.))) REPRESENTATION_ITEM('') SURFACE() );
#827 = CARTESIAN_POINT('',(11.,32.413962,1.2));
#828 = CARTESIAN_POINT('',(11.,32.413962,0.));
#829 = CARTESIAN_POINT('',(9.527756813566,32.413962,1.2));
#830 = CARTESIAN_POINT('',(9.527756813566,32.413962,0.));
#831 = CARTESIAN_POINT('',(10.263878406783,33.688962,1.2));
#832 = CARTESIAN_POINT('',(10.263878406783,33.688962,0.));
#833 = CARTESIAN_POINT('',(11.,34.963962,1.2));
#834 = CARTESIAN_POINT('',(11.,34.963962,0.));
#835 = CARTESIAN_POINT('',(11.736121593217,33.688962,1.2));
#836 = CARTESIAN_POINT('',(11.736121593217,33.688962,0.));
#837 = CARTESIAN_POINT('',(12.472243186434,32.413962,1.2));
#838 = CARTESIAN_POINT('',(12.472243186434,32.413962,0.));
#839 = CARTESIAN_POINT('',(11.,32.413962,1.2));
#840 = CARTESIAN_POINT('',(11.,32.413962,0.));
#841 = DEFINITIONAL_REPRESENTATION('',(#842),#850);
#842 = B_SPLINE_CURVE_WITH_KNOTS('',2,(#843,#844,#845,#846,#847,#848,
    #849),.UNSPECIFIED.,.F.,.F.,(3,2,2,3),(0.,2.094395102393,
    4.188790204786,6.28318530718),.PIECEWISE_BEZIER_KNOTS.);
#843 = CARTESIAN_POINT('',(0.,-8.1E-02));
#844 = CARTESIAN_POINT('',(1.047197551197,-8.1E-02));
#845 = CARTESIAN_POINT('',(2.094395102393,-8.1E-02));
#846 = CARTESIAN_POINT('',(3.14159265359,-8.1E-02));
#847 = CARTESIAN_POINT('',(4.188790204786,-8.1E-02));
#848 = CARTESIAN_POINT('',(5.235987755983,-8.1E-02));
#849 = CARTESIAN_POINT('',(6.28318530718,-8.1E-02));
#850 = ( GEOMETRIC_REPRESENTATION_CONTEXT(2) 
PARAMETRIC_REPRESENTATION_CONTEXT() REPRESENTATION_CONTEXT('2D SPACE',''
  ) );
#851 = FACE_BOUND('',#852,.F.);
#852 = EDGE_LOOP('',(#853));
#853 = ORIENTED_EDGE('',*,*,#854,.T.);
#854 = EDGE_CURVE('',#855,#855,#857,.T.);
#855 = VERTEX_POINT('',#856);
#856 = CARTESIAN_POINT('',(14.96,32.413962,0.));
#857 = SURFACE_CURVE('',#858,(#866,#877),.PCURVE_S1.);
#858 = ( BOUNDED_CURVE() B_SPLINE_CURVE(2,(#859,#860,#861,#862,#863,#864
,#865),.UNSPECIFIED.,.T.,.F.) B_SPLINE_CURVE_WITH_KNOTS((1,2,2,2,2,1),(
    -2.094395102393,0.,2.094395102393,4.188790204786,6.28318530718,
8.377580409573),.UNSPECIFIED.) CURVE() GEOMETRIC_REPRESENTATION_ITEM() 
RATIONAL_B_SPLINE_CURVE((1.,0.5,1.,0.5,1.,0.5,1.)) REPRESENTATION_ITEM(
  '') );
#859 = CARTESIAN_POINT('',(14.96,32.413962,0.));
#860 = CARTESIAN_POINT('',(13.487756813566,32.413962,0.));
#861 = CARTESIAN_POINT('',(14.223878406783,33.688962,0.));
#862 = CARTESIAN_POINT('',(14.96,34.963962,0.));
#863 = CARTESIAN_POINT('',(15.696121593217,33.688962,0.));
#864 = CARTESIAN_POINT('',(16.432243186434,32.413962,0.));
#865 = CARTESIAN_POINT('',(14.96,32.413962,0.));
#866 = PCURVE('',#206,#867);
#867 = DEFINITIONAL_REPRESENTATION('',(#868),#876);
#868 = ( BOUNDED_CURVE() B_SPLINE_CURVE(2,(#869,#870,#871,#872,#873,#874
,#875),.UNSPECIFIED.,.T.,.F.) B_SPLINE_CURVE_WITH_KNOTS((3,2,2,3),(0.,
    2.094395102393,4.188790204786,6.28318530718),
.PIECEWISE_BEZIER_KNOTS.) CURVE() GEOMETRIC_REPRESENTATION_ITEM() 
RATIONAL_B_SPLINE_CURVE((1.,0.5,1.,0.5,1.,0.5,1.)) REPRESENTATION_ITEM(
  '') );
#869 = CARTESIAN_POINT('',(14.96,32.413962));
#870 = CARTESIAN_POINT('',(13.487756813566,32.413962));
#871 = CARTESIAN_POINT('',(14.223878406783,33.688962));
#872 = CARTESIAN_POINT('',(14.96,34.963962));
#873 = CARTESIAN_POINT('',(15.696121593217,33.688962));
#874 = CARTESIAN_POINT('',(16.432243186434,32.413962));
#875 = CARTESIAN_POINT('',(14.96,32.413962));
#876 = ( GEOMETRIC_REPRESENTATION_CONTEXT(2) 
PARAMETRIC_REPRESENTATION_CONTEXT() REPRESENTATION_CONTEXT('2D SPACE',''
  ) );
#877 = PCURVE('',#878,#893);
#878 = ( BOUNDED_SURFACE() B_SPLINE_SURFACE(2,1,(
    (#879,#880)
    ,(#881,#882)
    ,(#883,#884)
    ,(#885,#886)
    ,(#887,#888)
    ,(#889,#890)
,(#891,#892
    )),.UNSPECIFIED.,.T.,.F.,.F.) B_SPLINE_SURFACE_WITH_KNOTS((1,2,2,2,2
    ,1),(2,2),(-2.094395102393,0.,2.094395102393,4.188790204786,
    6.28318530718,8.377580409573),(-1.121,-8.1E-02),.UNSPECIFIED.) 
GEOMETRIC_REPRESENTATION_ITEM() RATIONAL_B_SPLINE_SURFACE((
    (1.,1.)
    ,(0.5,0.5)
    ,(1.,1.)
    ,(0.5,0.5)
    ,(1.,1.)
    ,(0.5,0.5)
,(1.,1.))) REPRESENTATION_ITEM('') SURFACE() );
#879 = CARTESIAN_POINT('',(14.96,32.413962,1.2));
#880 = CARTESIAN_POINT('',(14.96,32.413962,0.));
#881 = CARTESIAN_POINT('',(13.487756813566,32.413962,1.2));
#882 = CARTESIAN_POINT('',(13.487756813566,32.413962,0.));
#883 = CARTESIAN_POINT('',(14.223878406783,33.688962,1.2));
#884 = CARTESIAN_POINT('',(14.223878406783,33.688962,0.));
#885 = CARTESIAN_POINT('',(14.96,34.963962,1.2));
#886 = CARTESIAN_POINT('',(14.96,34.963962,0.));
#887 = CARTESIAN_POINT('',(15.696121593217,33.688962,1.2));
#888 = CARTESIAN_POINT('',(15.696121593217,33.688962,0.));
#889 = CARTESIAN_POINT('',(16.432243186434,32.413962,1.2));
#890 = CARTESIAN_POINT('',(16.432243186434,32.413962,0.));
#891 = CARTESIAN_POINT('',(14.96,32.413962,1.2));
#892 = CARTESIAN_POINT('',(14.96,32.413962,0.));
#893 = DEFINITIONAL_REPRESENTATION('',(#894),#902);
#894 = B_SPLINE_CURVE_WITH_KNOTS('',2,(#895,#896,#897,#898,#899,#900,
    #901),.UNSPECIFIED.,.F.,.F.,(3,2,2,3),(0.,2.094395102393,
    4.188790204786,6.28318530718),.PIECEWISE_BEZIER_KNOTS.);
#895 = CARTESIAN_POINT('',(0.,-8.1E-02));
#896 = CARTESIAN_POINT('',(1.047197551197,-8.1E-02));
#897 = CARTESIAN_POINT('',(2.094395102393,-8.1E-02));
#898 = CARTESIAN_POINT('',(3.14159265359,-8.1E-02));
#899 = CARTESIAN_POINT('',(4.188790204786,-8.1E-02));
#900 = CARTESIAN_POINT('',(5.235987755983,-8.1E-02));
#901 = CARTESIAN_POINT('',(6.28318530718,-8.1E-02));
#902 = ( GEOMETRIC_REPRESENTATION_CONTEXT(2) 
PARAMETRIC_REPRESENTATION_CONTEXT() REPRESENTATION_CONTEXT('2D SPACE',''
  ) );
#903 = FACE_BOUND('',#904,.F.);
#904 = EDGE_LOOP('',(#905));
#905 = ORIENTED_EDGE('',*,*,#906,.T.);
#906 = EDGE_CURVE('',#907,#907,#909,.T.);
#907 = VERTEX_POINT('',#908);
#908 = CARTESIAN_POINT('',(7.,40.063962,0.));
#909 = SURFACE_CURVE('',#910,(#918,#929),.PCURVE_S1.);
#910 = ( BOUNDED_CURVE() B_SPLINE_CURVE(2,(#911,#912,#913,#914,#915,#916
,#917),.UNSPECIFIED.,.T.,.F.) B_SPLINE_CURVE_WITH_KNOTS((1,2,2,2,2,1),(
    -2.094395102393,0.,2.094395102393,4.188790204786,6.28318530718,
8.377580409573),.UNSPECIFIED.) CURVE() GEOMETRIC_REPRESENTATION_ITEM() 
RATIONAL_B_SPLINE_CURVE((1.,0.5,1.,0.5,1.,0.5,1.)) REPRESENTATION_ITEM(
  '') );
#911 = CARTESIAN_POINT('',(7.,40.063962,0.));
#912 = CARTESIAN_POINT('',(5.787564434702,40.063962,0.));
#913 = CARTESIAN_POINT('',(6.393782217351,41.113962,0.));
#914 = CARTESIAN_POINT('',(7.,42.163962,0.));
#915 = CARTESIAN_POINT('',(7.606217782649,41.113962,0.));
#916 = CARTESIAN_POINT('',(8.212435565298,40.063962,0.));
#917 = CARTESIAN_POINT('',(7.,40.063962,0.));
#918 = PCURVE('',#206,#919);
#919 = DEFINITIONAL_REPRESENTATION('',(#920),#928);
#920 = ( BOUNDED_CURVE() B_SPLINE_CURVE(2,(#921,#922,#923,#924,#925,#926
,#927),.UNSPECIFIED.,.T.,.F.) B_SPLINE_CURVE_WITH_KNOTS((3,2,2,3),(0.,
    2.094395102393,4.188790204786,6.28318530718),
.PIECEWISE_BEZIER_KNOTS.) CURVE() GEOMETRIC_REPRESENTATION_ITEM() 
RATIONAL_B_SPLINE_CURVE((1.,0.5,1.,0.5,1.,0.5,1.)) REPRESENTATION_ITEM(
  '') );
#921 = CARTESIAN_POINT('',(7.,40.063962));
#922 = CARTESIAN_POINT('',(5.787564434702,40.063962));
#923 = CARTESIAN_POINT('',(6.393782217351,41.113962));
#924 = CARTESIAN_POINT('',(7.,42.163962));
#925 = CARTESIAN_POINT('',(7.606217782649,41.113962));
#926 = CARTESIAN_POINT('',(8.212435565298,40.063962));
#927 = CARTESIAN_POINT('',(7.,40.063962));
#928 = ( GEOMETRIC_REPRESENTATION_CONTEXT(2) 
PARAMETRIC_REPRESENTATION_CONTEXT() REPRESENTATION_CONTEXT('2D SPACE',''
  ) );
#929 = PCURVE('',#930,#945);
#930 = ( BOUNDED_SURFACE() B_SPLINE_SURFACE(2,1,(
    (#931,#932)
    ,(#933,#934)
    ,(#935,#936)
    ,(#937,#938)
    ,(#939,#940)
    ,(#941,#942)
,(#943,#944
    )),.UNSPECIFIED.,.T.,.F.,.F.) B_SPLINE_SURFACE_WITH_KNOTS((1,2,2,2,2
    ,1),(2,2),(-2.094395102393,0.,2.094395102393,4.188790204786,
    6.28318530718,8.377580409573),(-1.121,-8.1E-02),.UNSPECIFIED.) 
GEOMETRIC_REPRESENTATION_ITEM() RATIONAL_B_SPLINE_SURFACE((
    (1.,1.)
    ,(0.5,0.5)
    ,(1.,1.)
    ,(0.5,0.5)
    ,(1.,1.)
    ,(0.5,0.5)
,(1.,1.))) REPRESENTATION_ITEM('') SURFACE() );
#931 = CARTESIAN_POINT('',(7.,40.063962,1.2));
#932 = CARTESIAN_POINT('',(7.,40.063962,0.));
#933 = CARTESIAN_POINT('',(5.787564434702,40.063962,1.2));
#934 = CARTESIAN_POINT('',(5.787564434702,40.063962,0.));
#935 = CARTESIAN_POINT('',(6.393782217351,41.113962,1.2));
#936 = CARTESIAN_POINT('',(6.393782217351,41.113962,0.));
#937 = CARTESIAN_POINT('',(7.,42.163962,1.2));
#938 = CARTESIAN_POINT('',(7.,42.163962,0.));
#939 = CARTESIAN_POINT('',(7.606217782649,41.113962,1.2));
#940 = CARTESIAN_POINT('',(7.606217782649,41.113962,0.));
#941 = CARTESIAN_POINT('',(8.212435565298,40.063962,1.2));
#942 = CARTESIAN_POINT('',(8.212435565298,40.063962,0.));
#943 = CARTESIAN_POINT('',(7.,40.063962,1.2));
#944 = CARTESIAN_POINT('',(7.,40.063962,0.));
#945 = DEFINITIONAL_REPRESENTATION('',(#946),#954);
#946 = B_SPLINE_CURVE_WITH_KNOTS('',2,(#947,#948,#949,#950,#951,#952,
    #953),.UNSPECIFIED.,.F.,.F.,(3,2,2,3),(0.,2.094395102393,
    4.188790204786,6.28318530718),.PIECEWISE_BEZIER_KNOTS.);
#947 = CARTESIAN_POINT('',(0.,-8.1E-02));
#948 = CARTESIAN_POINT('',(1.047197551197,-8.1E-02));
#949 = CARTESIAN_POINT('',(2.094395102393,-8.1E-02));
#950 = CARTESIAN_POINT('',(3.14159265359,-8.1E-02));
#951 = CARTESIAN_POINT('',(4.188790204786,-8.1E-02));
#952 = CARTESIAN_POINT('',(5.235987755983,-8.1E-02));
#953 = CARTESIAN_POINT('',(6.28318530718,-8.1E-02));
#954 = ( GEOMETRIC_REPRESENTATION_CONTEXT(2) 
PARAMETRIC_REPRESENTATION_CONTEXT() REPRESENTATION_CONTEXT('2D SPACE',''
  ) );
#955 = FACE_BOUND('',#956,.F.);
#956 = EDGE_LOOP('',(#957));
#957 = ORIENTED_EDGE('',*,*,#958,.T.);
#958 = EDGE_CURVE('',#959,#959,#961,.T.);
#959 = VERTEX_POINT('',#960);
#960 = CARTESIAN_POINT('',(7.,42.563962,0.));
#961 = SURFACE_CURVE('',#962,(#970,#981),.PCURVE_S1.);
#962 = ( BOUNDED_CURVE() B_SPLINE_CURVE(2,(#963,#964,#965,#966,#967,#968
,#969),.UNSPECIFIED.,.T.,.F.) B_SPLINE_CURVE_WITH_KNOTS((1,2,2,2,2,1),(
    -2.094395102393,0.,2.094395102393,4.188790204786,6.28318530718,
8.377580409573),.UNSPECIFIED.) CURVE() GEOMETRIC_REPRESENTATION_ITEM() 
RATIONAL_B_SPLINE_CURVE((1.,0.5,1.,0.5,1.,0.5,1.)) REPRESENTATION_ITEM(
  '') );
#963 = CARTESIAN_POINT('',(7.,42.563962,0.));
#964 = CARTESIAN_POINT('',(5.787564434702,42.563962,0.));
#965 = CARTESIAN_POINT('',(6.393782217351,43.613962,0.));
#966 = CARTESIAN_POINT('',(7.,44.663962,0.));
#967 = CARTESIAN_POINT('',(7.606217782649,43.613962,0.));
#968 = CARTESIAN_POINT('',(8.212435565298,42.563962,0.));
#969 = CARTESIAN_POINT('',(7.,42.563962,0.));
#970 = PCURVE('',#206,#971);
#971 = DEFINITIONAL_REPRESENTATION('',(#972),#980);
#972 = ( BOUNDED_CURVE() B_SPLINE_CURVE(2,(#973,#974,#975,#976,#977,#978
,#979),.UNSPECIFIED.,.T.,.F.) B_SPLINE_CURVE_WITH_KNOTS((3,2,2,3),(0.,
    2.094395102393,4.188790204786,6.28318530718),
.PIECEWISE_BEZIER_KNOTS.) CURVE() GEOMETRIC_REPRESENTATION_ITEM() 
RATIONAL_B_SPLINE_CURVE((1.,0.5,1.,0.5,1.,0.5,1.)) REPRESENTATION_ITEM(
  '') );
#973 = CARTESIAN_POINT('',(7.,42.563962));
#974 = CARTESIAN_POINT('',(5.787564434702,42.563962));
#975 = CARTESIAN_POINT('',(6.393782217351,43.613962));
#976 = CARTESIAN_POINT('',(7.,44.663962));
#977 = CARTESIAN_POINT('',(7.606217782649,43.613962));
#978 = CARTESIAN_POINT('',(8.212435565298,42.563962));
#979 = CARTESIAN_POINT('',(7.,42.563962));
#980 = ( GEOMETRIC_REPRESENTATION_CONTEXT(2) 
PARAMETRIC_REPRESENTATION_CONTEXT() REPRESENTATION_CONTEXT('2D SPACE',''
  ) );
#981 = PCURVE('',#982,#997);
#982 = ( BOUNDED_SURFACE() B_SPLINE_SURFACE(2,1,(
    (#983,#984)
    ,(#985,#986)
    ,(#987,#988)
    ,(#989,#990)
    ,(#991,#992)
    ,(#993,#994)
,(#995,#996
    )),.UNSPECIFIED.,.T.,.F.,.F.) B_SPLINE_SURFACE_WITH_KNOTS((1,2,2,2,2
    ,1),(2,2),(-2.094395102393,0.,2.094395102393,4.188790204786,
    6.28318530718,8.377580409573),(-1.121,-8.1E-02),.UNSPECIFIED.) 
GEOMETRIC_REPRESENTATION_ITEM() RATIONAL_B_SPLINE_SURFACE((
    (1.,1.)
    ,(0.5,0.5)
    ,(1.,1.)
    ,(0.5,0.5)
    ,(1.,1.)
    ,(0.5,0.5)
,(1.,1.))) REPRESENTATION_ITEM('') SURFACE() );
#983 = CARTESIAN_POINT('',(7.,42.563962,1.2));
#984 = CARTESIAN_POINT('',(7.,42.563962,0.));
#985 = CARTESIAN_POINT('',(5.787564434702,42.563962,1.2));
#986 = CARTESIAN_POINT('',(5.787564434702,42.563962,0.));
#987 = CARTESIAN_POINT('',(6.393782217351,43.613962,1.2));
#988 = CARTESIAN_POINT('',(6.393782217351,43.613962,0.));
#989 = CARTESIAN_POINT('',(7.,44.663962,1.2));
#990 = CARTESIAN_POINT('',(7.,44.663962,0.));
#991 = CARTESIAN_POINT('',(7.606217782649,43.613962,1.2));
#992 = CARTESIAN_POINT('',(7.606217782649,43.613962,0.));
#993 = CARTESIAN_POINT('',(8.212435565298,42.563962,1.2));
#994 = CARTESIAN_POINT('',(8.212435565298,42.563962,0.));
#995 = CARTESIAN_POINT('',(7.,42.563962,1.2));
#996 = CARTESIAN_POINT('',(7.,42.563962,0.));
#997 = DEFINITIONAL_REPRESENTATION('',(#998),#1006);
#998 = B_SPLINE_CURVE_WITH_KNOTS('',2,(#999,#1000,#1001,#1002,#1003,
    #1004,#1005),.UNSPECIFIED.,.F.,.F.,(3,2,2,3),(0.,2.094395102393,
    4.188790204786,6.28318530718),.PIECEWISE_BEZIER_KNOTS.);
#999 = CARTESIAN_POINT('',(0.,-8.1E-02));
#1000 = CARTESIAN_POINT('',(1.047197551197,-8.1E-02));
#1001 = CARTESIAN_POINT('',(2.094395102393,-8.1E-02));
#1002 = CARTESIAN_POINT('',(3.14159265359,-8.1E-02));
#1003 = CARTESIAN_POINT('',(4.188790204786,-8.1E-02));
#1004 = CARTESIAN_POINT('',(5.235987755983,-8.1E-02));
#1005 = CARTESIAN_POINT('',(6.28318530718,-8.1E-02));
#1006 = ( GEOMETRIC_REPRESENTATION_CONTEXT(2) 
PARAMETRIC_REPRESENTATION_CONTEXT() REPRESENTATION_CONTEXT('2D SPACE',''
  ) );
#1007 = FACE_BOUND('',#1008,.F.);
#1008 = EDGE_LOOP('',(#1009));
#1009 = ORIENTED_EDGE('',*,*,#1010,.T.);
#1010 = EDGE_CURVE('',#1011,#1011,#1013,.T.);
#1011 = VERTEX_POINT('',#1012);
#1012 = CARTESIAN_POINT('',(10.5,40.063962,0.));
#1013 = SURFACE_CURVE('',#1014,(#1022,#1033),.PCURVE_S1.);
#1014 = ( BOUNDED_CURVE() B_SPLINE_CURVE(2,(#1015,#1016,#1017,#1018,
#1019,#1020,#1021),.UNSPECIFIED.,.T.,.F.) B_SPLINE_CURVE_WITH_KNOTS((1,2
    ,2,2,2,1),(-2.094395102393,0.,2.094395102393,4.188790204786,
6.28318530718,8.377580409573),.UNSPECIFIED.) CURVE() 
GEOMETRIC_REPRESENTATION_ITEM() RATIONAL_B_SPLINE_CURVE((1.,0.5,1.,0.5,
1.,0.5,1.)) REPRESENTATION_ITEM('') );
#1015 = CARTESIAN_POINT('',(10.5,40.063962,0.));
#1016 = CARTESIAN_POINT('',(9.287564434702,40.063962,0.));
#1017 = CARTESIAN_POINT('',(9.893782217351,41.113962,0.));
#1018 = CARTESIAN_POINT('',(10.5,42.163962,0.));
#1019 = CARTESIAN_POINT('',(11.106217782649,41.113962,0.));
#1020 = CARTESIAN_POINT('',(11.712435565298,40.063962,0.));
#1021 = CARTESIAN_POINT('',(10.5,40.063962,0.));
#1022 = PCURVE('',#206,#1023);
#1023 = DEFINITIONAL_REPRESENTATION('',(#1024),#1032);
#1024 = ( BOUNDED_CURVE() B_SPLINE_CURVE(2,(#1025,#1026,#1027,#1028,
#1029,#1030,#1031),.UNSPECIFIED.,.T.,.F.) B_SPLINE_CURVE_WITH_KNOTS((3,2
    ,2,3),(0.,2.094395102393,4.188790204786,6.28318530718),
.PIECEWISE_BEZIER_KNOTS.) CURVE() GEOMETRIC_REPRESENTATION_ITEM() 
RATIONAL_B_SPLINE_CURVE((1.,0.5,1.,0.5,1.,0.5,1.)) REPRESENTATION_ITEM(
  '') );
#1025 = CARTESIAN_POINT('',(10.5,40.063962));
#1026 = CARTESIAN_POINT('',(9.287564434702,40.063962));
#1027 = CARTESIAN_POINT('',(9.893782217351,41.113962));
#1028 = CARTESIAN_POINT('',(10.5,42.163962));
#1029 = CARTESIAN_POINT('',(11.106217782649,41.113962));
#1030 = CARTESIAN_POINT('',(11.712435565298,40.063962));
#1031 = CARTESIAN_POINT('',(10.5,40.063962));
#1032 = ( GEOMETRIC_REPRESENTATION_CONTEXT(2) 
PARAMETRIC_REPRESENTATION_CONTEXT() REPRESENTATION_CONTEXT('2D SPACE',''
  ) );
#1033 = PCURVE('',#1034,#1049);
#1034 = ( BOUNDED_SURFACE() B_SPLINE_SURFACE(2,1,(
    (#1035,#1036)
    ,(#1037,#1038)
    ,(#1039,#1040)
    ,(#1041,#1042)
    ,(#1043,#1044)
    ,(#1045,#1046)
    ,(#1047,#1048
)),.UNSPECIFIED.,.T.,.F.,.F.) B_SPLINE_SURFACE_WITH_KNOTS((1,2,2,2,2,1),
  (2,2),(-2.094395102393,0.,2.094395102393,4.188790204786,6.28318530718,
    8.377580409573),(-1.121,-8.1E-02),.UNSPECIFIED.) 
GEOMETRIC_REPRESENTATION_ITEM() RATIONAL_B_SPLINE_SURFACE((
    (1.,1.)
    ,(0.5,0.5)
    ,(1.,1.)
    ,(0.5,0.5)
    ,(1.,1.)
    ,(0.5,0.5)
,(1.,1.))) REPRESENTATION_ITEM('') SURFACE() );
#1035 = CARTESIAN_POINT('',(10.5,40.063962,1.2));
#1036 = CARTESIAN_POINT('',(10.5,40.063962,0.));
#1037 = CARTESIAN_POINT('',(9.287564434702,40.063962,1.2));
#1038 = CARTESIAN_POINT('',(9.287564434702,40.063962,0.));
#1039 = CARTESIAN_POINT('',(9.893782217351,41.113962,1.2));
#1040 = CARTESIAN_POINT('',(9.893782217351,41.113962,0.));
#1041 = CARTESIAN_POINT('',(10.5,42.163962,1.2));
#1042 = CARTESIAN_POINT('',(10.5,42.163962,0.));
#1043 = CARTESIAN_POINT('',(11.106217782649,41.113962,1.2));
#1044 = CARTESIAN_POINT('',(11.106217782649,41.113962,0.));
#1045 = CARTESIAN_POINT('',(11.712435565298,40.063962,1.2));
#1046 = CARTESIAN_POINT('',(11.712435565298,40.063962,0.));
#1047 = CARTESIAN_POINT('',(10.5,40.063962,1.2));
#1048 = CARTESIAN_POINT('',(10.5,40.063962,0.));
#1049 = DEFINITIONAL_REPRESENTATION('',(#1050),#1058);
#1050 = B_SPLINE_CURVE_WITH_KNOTS('',2,(#1051,#1052,#1053,#1054,#1055,
    #1056,#1057),.UNSPECIFIED.,.F.,.F.,(3,2,2,3),(0.,2.094395102393,
    4.188790204786,6.28318530718),.PIECEWISE_BEZIER_KNOTS.);
#1051 = CARTESIAN_POINT('',(0.,-8.1E-02));
#1052 = CARTESIAN_POINT('',(1.047197551197,-8.1E-02));
#1053 = CARTESIAN_POINT('',(2.094395102393,-8.1E-02));
#1054 = CARTESIAN_POINT('',(3.14159265359,-8.1E-02));
#1055 = CARTESIAN_POINT('',(4.188790204786,-8.1E-02));
#1056 = CARTESIAN_POINT('',(5.235987755983,-8.1E-02));
#1057 = CARTESIAN_POINT('',(6.28318530718,-8.1E-02));
#1058 = ( GEOMETRIC_REPRESENTATION_CONTEXT(2) 
PARAMETRIC_REPRESENTATION_CONTEXT() REPRESENTATION_CONTEXT('2D SPACE',''
  ) );
#1059 = FACE_BOUND('',#1060,.F.);
#1060 = EDGE_LOOP('',(#1061));
#1061 = ORIENTED_EDGE('',*,*,#1062,.T.);
#1062 = EDGE_CURVE('',#1063,#1063,#1065,.T.);
#1063 = VERTEX_POINT('',#1064);
#1064 = CARTESIAN_POINT('',(10.5,42.563962,0.));
#1065 = SURFACE_CURVE('',#1066,(#1074,#1085),.PCURVE_S1.);
#1066 = ( BOUNDED_CURVE() B_SPLINE_CURVE(2,(#1067,#1068,#1069,#1070,
#1071,#1072,#1073),.UNSPECIFIED.,.T.,.F.) B_SPLINE_CURVE_WITH_KNOTS((1,2
    ,2,2,2,1),(-2.094395102393,0.,2.094395102393,4.188790204786,
6.28318530718,8.377580409573),.UNSPECIFIED.) CURVE() 
GEOMETRIC_REPRESENTATION_ITEM() RATIONAL_B_SPLINE_CURVE((1.,0.5,1.,0.5,
1.,0.5,1.)) REPRESENTATION_ITEM('') );
#1067 = CARTESIAN_POINT('',(10.5,42.563962,0.));
#1068 = CARTESIAN_POINT('',(9.287564434702,42.563962,0.));
#1069 = CARTESIAN_POINT('',(9.893782217351,43.613962,0.));
#1070 = CARTESIAN_POINT('',(10.5,44.663962,0.));
#1071 = CARTESIAN_POINT('',(11.106217782649,43.613962,0.));
#1072 = CARTESIAN_POINT('',(11.712435565298,42.563962,0.));
#1073 = CARTESIAN_POINT('',(10.5,42.563962,0.));
#1074 = PCURVE('',#206,#1075);
#1075 = DEFINITIONAL_REPRESENTATION('',(#1076),#1084);
#1076 = ( BOUNDED_CURVE() B_SPLINE_CURVE(2,(#1077,#1078,#1079,#1080,
#1081,#1082,#1083),.UNSPECIFIED.,.T.,.F.) B_SPLINE_CURVE_WITH_KNOTS((3,2
    ,2,3),(0.,2.094395102393,4.188790204786,6.28318530718),
.PIECEWISE_BEZIER_KNOTS.) CURVE() GEOMETRIC_REPRESENTATION_ITEM() 
RATIONAL_B_SPLINE_CURVE((1.,0.5,1.,0.5,1.,0.5,1.)) REPRESENTATION_ITEM(
  '') );
#1077 = CARTESIAN_POINT('',(10.5,42.563962));
#1078 = CARTESIAN_POINT('',(9.287564434702,42.563962));
#1079 = CARTESIAN_POINT('',(9.893782217351,43.613962));
#1080 = CARTESIAN_POINT('',(10.5,44.663962));
#1081 = CARTESIAN_POINT('',(11.106217782649,43.613962));
#1082 = CARTESIAN_POINT('',(11.712435565298,42.563962));
#1083 = CARTESIAN_POINT('',(10.5,42.563962));
#1084 = ( GEOMETRIC_REPRESENTATION_CONTEXT(2) 
PARAMETRIC_REPRESENTATION_CONTEXT() REPRESENTATION_CONTEXT('2D SPACE',''
  ) );
#1085 = PCURVE('',#1086,#1101);
#1086 = ( BOUNDED_SURFACE() B_SPLINE_SURFACE(2,1,(
    (#1087,#1088)
    ,(#1089,#1090)
    ,(#1091,#1092)
    ,(#1093,#1094)
    ,(#1095,#1096)
    ,(#1097,#1098)
    ,(#1099,#1100
)),.UNSPECIFIED.,.T.,.F.,.F.) B_SPLINE_SURFACE_WITH_KNOTS((1,2,2,2,2,1),
  (2,2),(-2.094395102393,0.,2.094395102393,4.188790204786,6.28318530718,
    8.377580409573),(-1.121,-8.1E-02),.UNSPECIFIED.) 
GEOMETRIC_REPRESENTATION_ITEM() RATIONAL_B_SPLINE_SURFACE((
    (1.,1.)
    ,(0.5,0.5)
    ,(1.,1.)
    ,(0.5,0.5)
    ,(1.,1.)
    ,(0.5,0.5)
,(1.,1.))) REPRESENTATION_ITEM('') SURFACE() );
#1087 = CARTESIAN_POINT('',(10.5,42.563962,1.2));
#1088 = CARTESIAN_POINT('',(10.5,42.563962,0.));
#1089 = CARTESIAN_POINT('',(9.287564434702,42.563962,1.2));
#1090 = CARTESIAN_POINT('',(9.287564434702,42.563962,0.));
#1091 = CARTESIAN_POINT('',(9.893782217351,43.613962,1.2));
#1092 = CARTESIAN_POINT('',(9.893782217351,43.613962,0.));
#1093 = CARTESIAN_POINT('',(10.5,44.663962,1.2));
#1094 = CARTESIAN_POINT('',(10.5,44.663962,0.));
#1095 = CARTESIAN_POINT('',(11.106217782649,43.613962,1.2));
#1096 = CARTESIAN_POINT('',(11.106217782649,43.613962,0.));
#1097 = CARTESIAN_POINT('',(11.712435565298,42.563962,1.2));
#1098 = CARTESIAN_POINT('',(11.712435565298,42.563962,0.));
#1099 = CARTESIAN_POINT('',(10.5,42.563962,1.2));
#1100 = CARTESIAN_POINT('',(10.5,42.563962,0.));
#1101 = DEFINITIONAL_REPRESENTATION('',(#1102),#1110);
#1102 = B_SPLINE_CURVE_WITH_KNOTS('',2,(#1103,#1104,#1105,#1106,#1107,
    #1108,#1109),.UNSPECIFIED.,.F.,.F.,(3,2,2,3),(0.,2.094395102393,
    4.188790204786,6.28318530718),.PIECEWISE_BEZIER_KNOTS.);
#1103 = CARTESIAN_POINT('',(0.,-8.1E-02));
#1104 = CARTESIAN_POINT('',(1.047197551197,-8.1E-02));
#1105 = CARTESIAN_POINT('',(2.094395102393,-8.1E-02));
#1106 = CARTESIAN_POINT('',(3.14159265359,-8.1E-02));
#1107 = CARTESIAN_POINT('',(4.188790204786,-8.1E-02));
#1108 = CARTESIAN_POINT('',(5.235987755983,-8.1E-02));
#1109 = CARTESIAN_POINT('',(6.28318530718,-8.1E-02));
#1110 = ( GEOMETRIC_REPRESENTATION_CONTEXT(2) 
PARAMETRIC_REPRESENTATION_CONTEXT() REPRESENTATION_CONTEXT('2D SPACE',''
  ) );
#1111 = FACE_BOUND('',#1112,.F.);
#1112 = EDGE_LOOP('',(#1113));
#1113 = ORIENTED_EDGE('',*,*,#1114,.T.);
#1114 = EDGE_CURVE('',#1115,#1115,#1117,.T.);
#1115 = VERTEX_POINT('',#1116);
#1116 = CARTESIAN_POINT('',(16.3,40.063962,0.));
#1117 = SURFACE_CURVE('',#1118,(#1126,#1137),.PCURVE_S1.);
#1118 = ( BOUNDED_CURVE() B_SPLINE_CURVE(2,(#1119,#1120,#1121,#1122,
#1123,#1124,#1125),.UNSPECIFIED.,.T.,.F.) B_SPLINE_CURVE_WITH_KNOTS((1,2
    ,2,2,2,1),(-2.094395102393,0.,2.094395102393,4.188790204786,
6.28318530718,8.377580409573),.UNSPECIFIED.) CURVE() 
GEOMETRIC_REPRESENTATION_ITEM() RATIONAL_B_SPLINE_CURVE((1.,0.5,1.,0.5,
1.,0.5,1.)) REPRESENTATION_ITEM('') );
#1119 = CARTESIAN_POINT('',(16.3,40.063962,0.));
#1120 = CARTESIAN_POINT('',(15.087564434702,40.063962,0.));
#1121 = CARTESIAN_POINT('',(15.693782217351,41.113962,0.));
#1122 = CARTESIAN_POINT('',(16.3,42.163962,0.));
#1123 = CARTESIAN_POINT('',(16.906217782649,41.113962,0.));
#1124 = CARTESIAN_POINT('',(17.512435565298,40.063962,0.));
#1125 = CARTESIAN_POINT('',(16.3,40.063962,0.));
#1126 = PCURVE('',#206,#1127);
#1127 = DEFINITIONAL_REPRESENTATION('',(#1128),#1136);
#1128 = ( BOUNDED_CURVE() B_SPLINE_CURVE(2,(#1129,#1130,#1131,#1132,
#1133,#1134,#1135),.UNSPECIFIED.,.T.,.F.) B_SPLINE_CURVE_WITH_KNOTS((3,2
    ,2,3),(0.,2.094395102393,4.188790204786,6.28318530718),
.PIECEWISE_BEZIER_KNOTS.) CURVE() GEOMETRIC_REPRESENTATION_ITEM() 
RATIONAL_B_SPLINE_CURVE((1.,0.5,1.,0.5,1.,0.5,1.)) REPRESENTATION_ITEM(
  '') );
#1129 = CARTESIAN_POINT('',(16.3,40.063962));
#1130 = CARTESIAN_POINT('',(15.087564434702,40.063962));
#1131 = CARTESIAN_POINT('',(15.693782217351,41.113962));
#1132 = CARTESIAN_POINT('',(16.3,42.163962));
#1133 = CARTESIAN_POINT('',(16.906217782649,41.113962));
#1134 = CARTESIAN_POINT('',(17.512435565298,40.063962));
#1135 = CARTESIAN_POINT('',(16.3,40.063962));
#1136 = ( GEOMETRIC_REPRESENTATION_CONTEXT(2) 
PARAMETRIC_REPRESENTATION_CONTEXT() REPRESENTATION_CONTEXT('2D SPACE',''
  ) );
#1137 = PCURVE('',#1138,#1153);
#1138 = ( BOUNDED_SURFACE() B_SPLINE_SURFACE(2,1,(
    (#1139,#1140)
    ,(#1141,#1142)
    ,(#1143,#1144)
    ,(#1145,#1146)
    ,(#1147,#1148)
    ,(#1149,#1150)
    ,(#1151,#1152
)),.UNSPECIFIED.,.T.,.F.,.F.) B_SPLINE_SURFACE_WITH_KNOTS((1,2,2,2,2,1),
  (2,2),(-2.094395102393,0.,2.094395102393,4.188790204786,6.28318530718,
    8.377580409573),(-1.121,-8.1E-02),.UNSPECIFIED.) 
GEOMETRIC_REPRESENTATION_ITEM() RATIONAL_B_SPLINE_SURFACE((
    (1.,1.)
    ,(0.5,0.5)
    ,(1.,1.)
    ,(0.5,0.5)
    ,(1.,1.)
    ,(0.5,0.5)
,(1.,1.))) REPRESENTATION_ITEM('') SURFACE() );
#1139 = CARTESIAN_POINT('',(16.3,40.063962,1.2));
#1140 = CARTESIAN_POINT('',(16.3,40.063962,0.));
#1141 = CARTESIAN_POINT('',(15.087564434702,40.063962,1.2));
#1142 = CARTESIAN_POINT('',(15.087564434702,40.063962,0.));
#1143 = CARTESIAN_POINT('',(15.693782217351,41.113962,1.2));
#1144 = CARTESIAN_POINT('',(15.693782217351,41.113962,0.));
#1145 = CARTESIAN_POINT('',(16.3,42.163962,1.2));
#1146 = CARTESIAN_POINT('',(16.3,42.163962,0.));
#1147 = CARTESIAN_POINT('',(16.906217782649,41.113962,1.2));
#1148 = CARTESIAN_POINT('',(16.906217782649,41.113962,0.));
#1149 = CARTESIAN_POINT('',(17.512435565298,40.063962,1.2));
#1150 = CARTESIAN_POINT('',(17.512435565298,40.063962,0.));
#1151 = CARTESIAN_POINT('',(16.3,40.063962,1.2));
#1152 = CARTESIAN_POINT('',(16.3,40.063962,0.));
#1153 = DEFINITIONAL_REPRESENTATION('',(#1154),#1162);
#1154 = B_SPLINE_CURVE_WITH_KNOTS('',2,(#1155,#1156,#1157,#1158,#1159,
    #1160,#1161),.UNSPECIFIED.,.F.,.F.,(3,2,2,3),(0.,2.094395102393,
    4.188790204786,6.28318530718),.PIECEWISE_BEZIER_KNOTS.);
#1155 = CARTESIAN_POINT('',(0.,-8.1E-02));
#1156 = CARTESIAN_POINT('',(1.047197551197,-8.1E-02));
#1157 = CARTESIAN_POINT('',(2.094395102393,-8.1E-02));
#1158 = CARTESIAN_POINT('',(3.14159265359,-8.1E-02));
#1159 = CARTESIAN_POINT('',(4.188790204786,-8.1E-02));
#1160 = CARTESIAN_POINT('',(5.235987755983,-8.1E-02));
#1161 = CARTESIAN_POINT('',(6.28318530718,-8.1E-02));
#1162 = ( GEOMETRIC_REPRESENTATION_CONTEXT(2) 
PARAMETRIC_REPRESENTATION_CONTEXT() REPRESENTATION_CONTEXT('2D SPACE',''
  ) );
#1163 = FACE_BOUND('',#1164,.F.);
#1164 = EDGE_LOOP('',(#1165));
#1165 = ORIENTED_EDGE('',*,*,#1166,.T.);
#1166 = EDGE_CURVE('',#1167,#1167,#1169,.T.);
#1167 = VERTEX_POINT('',#1168);
#1168 = CARTESIAN_POINT('',(13.4,40.813962,0.));
#1169 = SURFACE_CURVE('',#1170,(#1178,#1189),.PCURVE_S1.);
#1170 = ( BOUNDED_CURVE() B_SPLINE_CURVE(2,(#1171,#1172,#1173,#1174,
#1175,#1176,#1177),.UNSPECIFIED.,.T.,.F.) B_SPLINE_CURVE_WITH_KNOTS((1,2
    ,2,2,2,1),(-2.094395102393,0.,2.094395102393,4.188790204786,
6.28318530718,8.377580409573),.UNSPECIFIED.) CURVE() 
GEOMETRIC_REPRESENTATION_ITEM() RATIONAL_B_SPLINE_CURVE((1.,0.5,1.,0.5,
1.,0.5,1.)) REPRESENTATION_ITEM('') );
#1171 = CARTESIAN_POINT('',(13.4,40.813962,0.));
#1172 = CARTESIAN_POINT('',(11.321539030917,40.813962,0.));
#1173 = CARTESIAN_POINT('',(12.360769515459,42.613962,0.));
#1174 = CARTESIAN_POINT('',(13.4,44.413962,0.));
#1175 = CARTESIAN_POINT('',(14.439230484541,42.613962,0.));
#1176 = CARTESIAN_POINT('',(15.478460969083,40.813962,0.));
#1177 = CARTESIAN_POINT('',(13.4,40.813962,0.));
#1178 = PCURVE('',#206,#1179);
#1179 = DEFINITIONAL_REPRESENTATION('',(#1180),#1188);
#1180 = ( BOUNDED_CURVE() B_SPLINE_CURVE(2,(#1181,#1182,#1183,#1184,
#1185,#1186,#1187),.UNSPECIFIED.,.T.,.F.) B_SPLINE_CURVE_WITH_KNOTS((3,2
    ,2,3),(0.,2.094395102393,4.188790204786,6.28318530718),
.PIECEWISE_BEZIER_KNOTS.) CURVE() GEOMETRIC_REPRESENTATION_ITEM() 
RATIONAL_B_SPLINE_CURVE((1.,0.5,1.,0.5,1.,0.5,1.)) REPRESENTATION_ITEM(
  '') );
#1181 = CARTESIAN_POINT('',(13.4,40.813962));
#1182 = CARTESIAN_POINT('',(11.321539030917,40.813962));
#1183 = CARTESIAN_POINT('',(12.360769515459,42.613962));
#1184 = CARTESIAN_POINT('',(13.4,44.413962));
#1185 = CARTESIAN_POINT('',(14.439230484541,42.613962));
#1186 = CARTESIAN_POINT('',(15.478460969083,40.813962));
#1187 = CARTESIAN_POINT('',(13.4,40.813962));
#1188 = ( GEOMETRIC_REPRESENTATION_CONTEXT(2) 
PARAMETRIC_REPRESENTATION_CONTEXT() REPRESENTATION_CONTEXT('2D SPACE',''
  ) );
#1189 = PCURVE('',#1190,#1205);
#1190 = ( BOUNDED_SURFACE() B_SPLINE_SURFACE(2,1,(
    (#1191,#1192)
    ,(#1193,#1194)
    ,(#1195,#1196)
    ,(#1197,#1198)
    ,(#1199,#1200)
    ,(#1201,#1202)
    ,(#1203,#1204
)),.UNSPECIFIED.,.T.,.F.,.F.) B_SPLINE_SURFACE_WITH_KNOTS((1,2,2,2,2,1),
  (2,2),(-2.094395102393,0.,2.094395102393,4.188790204786,6.28318530718,
    8.377580409573),(-1.121,-8.1E-02),.UNSPECIFIED.) 
GEOMETRIC_REPRESENTATION_ITEM() RATIONAL_B_SPLINE_SURFACE((
    (1.,1.)
    ,(0.5,0.5)
    ,(1.,1.)
    ,(0.5,0.5)
    ,(1.,1.)
    ,(0.5,0.5)
,(1.,1.))) REPRESENTATION_ITEM('') SURFACE() );
#1191 = CARTESIAN_POINT('',(13.4,40.813962,1.2));
#1192 = CARTESIAN_POINT('',(13.4,40.813962,0.));
#1193 = CARTESIAN_POINT('',(11.321539030917,40.813962,1.2));
#1194 = CARTESIAN_POINT('',(11.321539030917,40.813962,0.));
#1195 = CARTESIAN_POINT('',(12.360769515459,42.613962,1.2));
#1196 = CARTESIAN_POINT('',(12.360769515459,42.613962,0.));
#1197 = CARTESIAN_POINT('',(13.4,44.413962,1.2));
#1198 = CARTESIAN_POINT('',(13.4,44.413962,0.));
#1199 = CARTESIAN_POINT('',(14.439230484541,42.613962,1.2));
#1200 = CARTESIAN_POINT('',(14.439230484541,42.613962,0.));
#1201 = CARTESIAN_POINT('',(15.478460969083,40.813962,1.2));
#1202 = CARTESIAN_POINT('',(15.478460969083,40.813962,0.));
#1203 = CARTESIAN_POINT('',(13.4,40.813962,1.2));
#1204 = CARTESIAN_POINT('',(13.4,40.813962,0.));
#1205 = DEFINITIONAL_REPRESENTATION('',(#1206),#1214);
#1206 = B_SPLINE_CURVE_WITH_KNOTS('',2,(#1207,#1208,#1209,#1210,#1211,
    #1212,#1213),.UNSPECIFIED.,.F.,.F.,(3,2,2,3),(0.,2.094395102393,
    4.188790204786,6.28318530718),.PIECEWISE_BEZIER_KNOTS.);
#1207 = CARTESIAN_POINT('',(0.,-8.1E-02));
#1208 = CARTESIAN_POINT('',(1.047197551197,-8.1E-02));
#1209 = CARTESIAN_POINT('',(2.094395102393,-8.1E-02));
#1210 = CARTESIAN_POINT('',(3.14159265359,-8.1E-02));
#1211 = CARTESIAN_POINT('',(4.188790204786,-8.1E-02));
#1212 = CARTESIAN_POINT('',(5.235987755983,-8.1E-02));
#1213 = CARTESIAN_POINT('',(6.28318530718,-8.1E-02));
#1214 = ( GEOMETRIC_REPRESENTATION_CONTEXT(2) 
PARAMETRIC_REPRESENTATION_CONTEXT() REPRESENTATION_CONTEXT('2D SPACE',''
  ) );
#1215 = FACE_BOUND('',#1216,.F.);
#1216 = EDGE_LOOP('',(#1217));
#1217 = ORIENTED_EDGE('',*,*,#1218,.T.);
#1218 = EDGE_CURVE('',#1219,#1219,#1221,.T.);
#1219 = VERTEX_POINT('',#1220);
#1220 = CARTESIAN_POINT('',(16.3,42.563962,0.));
#1221 = SURFACE_CURVE('',#1222,(#1230,#1241),.PCURVE_S1.);
#1222 = ( BOUNDED_CURVE() B_SPLINE_CURVE(2,(#1223,#1224,#1225,#1226,
#1227,#1228,#1229),.UNSPECIFIED.,.T.,.F.) B_SPLINE_CURVE_WITH_KNOTS((1,2
    ,2,2,2,1),(-2.094395102393,0.,2.094395102393,4.188790204786,
6.28318530718,8.377580409573),.UNSPECIFIED.) CURVE() 
GEOMETRIC_REPRESENTATION_ITEM() RATIONAL_B_SPLINE_CURVE((1.,0.5,1.,0.5,
1.,0.5,1.)) REPRESENTATION_ITEM('') );
#1223 = CARTESIAN_POINT('',(16.3,42.563962,0.));
#1224 = CARTESIAN_POINT('',(15.087564434702,42.563962,0.));
#1225 = CARTESIAN_POINT('',(15.693782217351,43.613962,0.));
#1226 = CARTESIAN_POINT('',(16.3,44.663962,0.));
#1227 = CARTESIAN_POINT('',(16.906217782649,43.613962,0.));
#1228 = CARTESIAN_POINT('',(17.512435565298,42.563962,0.));
#1229 = CARTESIAN_POINT('',(16.3,42.563962,0.));
#1230 = PCURVE('',#206,#1231);
#1231 = DEFINITIONAL_REPRESENTATION('',(#1232),#1240);
#1232 = ( BOUNDED_CURVE() B_SPLINE_CURVE(2,(#1233,#1234,#1235,#1236,
#1237,#1238,#1239),.UNSPECIFIED.,.T.,.F.) B_SPLINE_CURVE_WITH_KNOTS((3,2
    ,2,3),(0.,2.094395102393,4.188790204786,6.28318530718),
.PIECEWISE_BEZIER_KNOTS.) CURVE() GEOMETRIC_REPRESENTATION_ITEM() 
RATIONAL_B_SPLINE_CURVE((1.,0.5,1.,0.5,1.,0.5,1.)) REPRESENTATION_ITEM(
  '') );
#1233 = CARTESIAN_POINT('',(16.3,42.563962));
#1234 = CARTESIAN_POINT('',(15.087564434702,42.563962));
#1235 = CARTESIAN_POINT('',(15.693782217351,43.613962));
#1236 = CARTESIAN_POINT('',(16.3,44.663962));
#1237 = CARTESIAN_POINT('',(16.906217782649,43.613962));
#1238 = CARTESIAN_POINT('',(17.512435565298,42.563962));
#1239 = CARTESIAN_POINT('',(16.3,42.563962));
#1240 = ( GEOMETRIC_REPRESENTATION_CONTEXT(2) 
PARAMETRIC_REPRESENTATION_CONTEXT() REPRESENTATION_CONTEXT('2D SPACE',''
  ) );
#1241 = PCURVE('',#1242,#1257);
#1242 = ( BOUNDED_SURFACE() B_SPLINE_SURFACE(2,1,(
    (#1243,#1244)
    ,(#1245,#1246)
    ,(#1247,#1248)
    ,(#1249,#1250)
    ,(#1251,#1252)
    ,(#1253,#1254)
    ,(#1255,#1256
)),.UNSPECIFIED.,.T.,.F.,.F.) B_SPLINE_SURFACE_WITH_KNOTS((1,2,2,2,2,1),
  (2,2),(-2.094395102393,0.,2.094395102393,4.188790204786,6.28318530718,
    8.377580409573),(-1.121,-8.1E-02),.UNSPECIFIED.) 
GEOMETRIC_REPRESENTATION_ITEM() RATIONAL_B_SPLINE_SURFACE((
    (1.,1.)
    ,(0.5,0.5)
    ,(1.,1.)
    ,(0.5,0.5)
    ,(1.,1.)
    ,(0.5,0.5)
,(1.,1.))) REPRESENTATION_ITEM('') SURFACE() );
#1243 = CARTESIAN_POINT('',(16.3,42.563962,1.2));
#1244 = CARTESIAN_POINT('',(16.3,42.563962,0.));
#1245 = CARTESIAN_POINT('',(15.087564434702,42.563962,1.2));
#1246 = CARTESIAN_POINT('',(15.087564434702,42.563962,0.));
#1247 = CARTESIAN_POINT('',(15.693782217351,43.613962,1.2));
#1248 = CARTESIAN_POINT('',(15.693782217351,43.613962,0.));
#1249 = CARTESIAN_POINT('',(16.3,44.663962,1.2));
#1250 = CARTESIAN_POINT('',(16.3,44.663962,0.));
#1251 = CARTESIAN_POINT('',(16.906217782649,43.613962,1.2));
#1252 = CARTESIAN_POINT('',(16.906217782649,43.613962,0.));
#1253 = CARTESIAN_POINT('',(17.512435565298,42.563962,1.2));
#1254 = CARTESIAN_POINT('',(17.512435565298,42.563962,0.));
#1255 = CARTESIAN_POINT('',(16.3,42.563962,1.2));
#1256 = CARTESIAN_POINT('',(16.3,42.563962,0.));
#1257 = DEFINITIONAL_REPRESENTATION('',(#1258),#1266);
#1258 = B_SPLINE_CURVE_WITH_KNOTS('',2,(#1259,#1260,#1261,#1262,#1263,
    #1264,#1265),.UNSPECIFIED.,.F.,.F.,(3,2,2,3),(0.,2.094395102393,
    4.188790204786,6.28318530718),.PIECEWISE_BEZIER_KNOTS.);
#1259 = CARTESIAN_POINT('',(0.,-8.1E-02));
#1260 = CARTESIAN_POINT('',(1.047197551197,-8.1E-02));
#1261 = CARTESIAN_POINT('',(2.094395102393,-8.1E-02));
#1262 = CARTESIAN_POINT('',(3.14159265359,-8.1E-02));
#1263 = CARTESIAN_POINT('',(4.188790204786,-8.1E-02));
#1264 = CARTESIAN_POINT('',(5.235987755983,-8.1E-02));
#1265 = CARTESIAN_POINT('',(6.28318530718,-8.1E-02));
#1266 = ( GEOMETRIC_REPRESENTATION_CONTEXT(2) 
PARAMETRIC_REPRESENTATION_CONTEXT() REPRESENTATION_CONTEXT('2D SPACE',''
  ) );
#1267 = FACE_BOUND('',#1268,.F.);
#1268 = EDGE_LOOP('',(#1269));
#1269 = ORIENTED_EDGE('',*,*,#1270,.T.);
#1270 = EDGE_CURVE('',#1271,#1271,#1273,.T.);
#1271 = VERTEX_POINT('',#1272);
#1272 = CARTESIAN_POINT('',(19.8,40.063962,0.));
#1273 = SURFACE_CURVE('',#1274,(#1282,#1293),.PCURVE_S1.);
#1274 = ( BOUNDED_CURVE() B_SPLINE_CURVE(2,(#1275,#1276,#1277,#1278,
#1279,#1280,#1281),.UNSPECIFIED.,.T.,.F.) B_SPLINE_CURVE_WITH_KNOTS((1,2
    ,2,2,2,1),(-2.094395102393,0.,2.094395102393,4.188790204786,
6.28318530718,8.377580409573),.UNSPECIFIED.) CURVE() 
GEOMETRIC_REPRESENTATION_ITEM() RATIONAL_B_SPLINE_CURVE((1.,0.5,1.,0.5,
1.,0.5,1.)) REPRESENTATION_ITEM('') );
#1275 = CARTESIAN_POINT('',(19.8,40.063962,0.));
#1276 = CARTESIAN_POINT('',(18.587564434702,40.063962,0.));
#1277 = CARTESIAN_POINT('',(19.193782217351,41.113962,0.));
#1278 = CARTESIAN_POINT('',(19.8,42.163962,0.));
#1279 = CARTESIAN_POINT('',(20.406217782649,41.113962,0.));
#1280 = CARTESIAN_POINT('',(21.012435565298,40.063962,0.));
#1281 = CARTESIAN_POINT('',(19.8,40.063962,0.));
#1282 = PCURVE('',#206,#1283);
#1283 = DEFINITIONAL_REPRESENTATION('',(#1284),#1292);
#1284 = ( BOUNDED_CURVE() B_SPLINE_CURVE(2,(#1285,#1286,#1287,#1288,
#1289,#1290,#1291),.UNSPECIFIED.,.T.,.F.) B_SPLINE_CURVE_WITH_KNOTS((3,2
    ,2,3),(0.,2.094395102393,4.188790204786,6.28318530718),
.PIECEWISE_BEZIER_KNOTS.) CURVE() GEOMETRIC_REPRESENTATION_ITEM() 
RATIONAL_B_SPLINE_CURVE((1.,0.5,1.,0.5,1.,0.5,1.)) REPRESENTATION_ITEM(
  '') );
#1285 = CARTESIAN_POINT('',(19.8,40.063962));
#1286 = CARTESIAN_POINT('',(18.587564434702,40.063962));
#1287 = CARTESIAN_POINT('',(19.193782217351,41.113962));
#1288 = CARTESIAN_POINT('',(19.8,42.163962));
#1289 = CARTESIAN_POINT('',(20.406217782649,41.113962));
#1290 = CARTESIAN_POINT('',(21.012435565298,40.063962));
#1291 = CARTESIAN_POINT('',(19.8,40.063962));
#1292 = ( GEOMETRIC_REPRESENTATION_CONTEXT(2) 
PARAMETRIC_REPRESENTATION_CONTEXT() REPRESENTATION_CONTEXT('2D SPACE',''
  ) );
#1293 = PCURVE('',#1294,#1309);
#1294 = ( BOUNDED_SURFACE() B_SPLINE_SURFACE(2,1,(
    (#1295,#1296)
    ,(#1297,#1298)
    ,(#1299,#1300)
    ,(#1301,#1302)
    ,(#1303,#1304)
    ,(#1305,#1306)
    ,(#1307,#1308
)),.UNSPECIFIED.,.T.,.F.,.F.) B_SPLINE_SURFACE_WITH_KNOTS((1,2,2,2,2,1),
  (2,2),(-2.094395102393,0.,2.094395102393,4.188790204786,6.28318530718,
    8.377580409573),(-1.121,-8.1E-02),.UNSPECIFIED.) 
GEOMETRIC_REPRESENTATION_ITEM() RATIONAL_B_SPLINE_SURFACE((
    (1.,1.)
    ,(0.5,0.5)
    ,(1.,1.)
    ,(0.5,0.5)
    ,(1.,1.)
    ,(0.5,0.5)
,(1.,1.))) REPRESENTATION_ITEM('') SURFACE() );
#1295 = CARTESIAN_POINT('',(19.8,40.063962,1.2));
#1296 = CARTESIAN_POINT('',(19.8,40.063962,0.));
#1297 = CARTESIAN_POINT('',(18.587564434702,40.063962,1.2));
#1298 = CARTESIAN_POINT('',(18.587564434702,40.063962,0.));
#1299 = CARTESIAN_POINT('',(19.193782217351,41.113962,1.2));
#1300 = CARTESIAN_POINT('',(19.193782217351,41.113962,0.));
#1301 = CARTESIAN_POINT('',(19.8,42.163962,1.2));
#1302 = CARTESIAN_POINT('',(19.8,42.163962,0.));
#1303 = CARTESIAN_POINT('',(20.406217782649,41.113962,1.2));
#1304 = CARTESIAN_POINT('',(20.406217782649,41.113962,0.));
#1305 = CARTESIAN_POINT('',(21.012435565298,40.063962,1.2));
#1306 = CARTESIAN_POINT('',(21.012435565298,40.063962,0.));
#1307 = CARTESIAN_POINT('',(19.8,40.063962,1.2));
#1308 = CARTESIAN_POINT('',(19.8,40.063962,0.));
#1309 = DEFINITIONAL_REPRESENTATION('',(#1310),#1318);
#1310 = B_SPLINE_CURVE_WITH_KNOTS('',2,(#1311,#1312,#1313,#1314,#1315,
    #1316,#1317),.UNSPECIFIED.,.F.,.F.,(3,2,2,3),(0.,2.094395102393,
    4.188790204786,6.28318530718),.PIECEWISE_BEZIER_KNOTS.);
#1311 = CARTESIAN_POINT('',(0.,-8.1E-02));
#1312 = CARTESIAN_POINT('',(1.047197551197,-8.1E-02));
#1313 = CARTESIAN_POINT('',(2.094395102393,-8.1E-02));
#1314 = CARTESIAN_POINT('',(3.14159265359,-8.1E-02));
#1315 = CARTESIAN_POINT('',(4.188790204786,-8.1E-02));
#1316 = CARTESIAN_POINT('',(5.235987755983,-8.1E-02));
#1317 = CARTESIAN_POINT('',(6.28318530718,-8.1E-02));
#1318 = ( GEOMETRIC_REPRESENTATION_CONTEXT(2) 
PARAMETRIC_REPRESENTATION_CONTEXT() REPRESENTATION_CONTEXT('2D SPACE',''
  ) );
#1319 = FACE_BOUND('',#1320,.F.);
#1320 = EDGE_LOOP('',(#1321));
#1321 = ORIENTED_EDGE('',*,*,#1322,.T.);
#1322 = EDGE_CURVE('',#1323,#1323,#1325,.T.);
#1323 = VERTEX_POINT('',#1324);
#1324 = CARTESIAN_POINT('',(19.8,42.563962,0.));
#1325 = SURFACE_CURVE('',#1326,(#1334,#1345),.PCURVE_S1.);
#1326 = ( BOUNDED_CURVE() B_SPLINE_CURVE(2,(#1327,#1328,#1329,#1330,
#1331,#1332,#1333),.UNSPECIFIED.,.T.,.F.) B_SPLINE_CURVE_WITH_KNOTS((1,2
    ,2,2,2,1),(-2.094395102393,0.,2.094395102393,4.188790204786,
6.28318530718,8.377580409573),.UNSPECIFIED.) CURVE() 
GEOMETRIC_REPRESENTATION_ITEM() RATIONAL_B_SPLINE_CURVE((1.,0.5,1.,0.5,
1.,0.5,1.)) REPRESENTATION_ITEM('') );
#1327 = CARTESIAN_POINT('',(19.8,42.563962,0.));
#1328 = CARTESIAN_POINT('',(18.587564434702,42.563962,0.));
#1329 = CARTESIAN_POINT('',(19.193782217351,43.613962,0.));
#1330 = CARTESIAN_POINT('',(19.8,44.663962,0.));
#1331 = CARTESIAN_POINT('',(20.406217782649,43.613962,0.));
#1332 = CARTESIAN_POINT('',(21.012435565298,42.563962,0.));
#1333 = CARTESIAN_POINT('',(19.8,42.563962,0.));
#1334 = PCURVE('',#206,#1335);
#1335 = DEFINITIONAL_REPRESENTATION('',(#1336),#1344);
#1336 = ( BOUNDED_CURVE() B_SPLINE_CURVE(2,(#1337,#1338,#1339,#1340,
#1341,#1342,#1343),.UNSPECIFIED.,.T.,.F.) B_SPLINE_CURVE_WITH_KNOTS((3,2
    ,2,3),(0.,2.094395102393,4.188790204786,6.28318530718),
.PIECEWISE_BEZIER_KNOTS.) CURVE() GEOMETRIC_REPRESENTATION_ITEM() 
RATIONAL_B_SPLINE_CURVE((1.,0.5,1.,0.5,1.,0.5,1.)) REPRESENTATION_ITEM(
  '') );
#1337 = CARTESIAN_POINT('',(19.8,42.563962));
#1338 = CARTESIAN_POINT('',(18.587564434702,42.563962));
#1339 = CARTESIAN_POINT('',(19.193782217351,43.613962));
#1340 = CARTESIAN_POINT('',(19.8,44.663962));
#1341 = CARTESIAN_POINT('',(20.406217782649,43.613962));
#1342 = CARTESIAN_POINT('',(21.012435565298,42.563962));
#1343 = CARTESIAN_POINT('',(19.8,42.563962));
#1344 = ( GEOMETRIC_REPRESENTATION_CONTEXT(2) 
PARAMETRIC_REPRESENTATION_CONTEXT() REPRESENTATION_CONTEXT('2D SPACE',''
  ) );
#1345 = PCURVE('',#1346,#1361);
#1346 = ( BOUNDED_SURFACE() B_SPLINE_SURFACE(2,1,(
    (#1347,#1348)
    ,(#1349,#1350)
    ,(#1351,#1352)
    ,(#1353,#1354)
    ,(#1355,#1356)
    ,(#1357,#1358)
    ,(#1359,#1360
)),.UNSPECIFIED.,.T.,.F.,.F.) B_SPLINE_SURFACE_WITH_KNOTS((1,2,2,2,2,1),
  (2,2),(-2.094395102393,0.,2.094395102393,4.188790204786,6.28318530718,
    8.377580409573),(-1.121,-8.1E-02),.UNSPECIFIED.) 
GEOMETRIC_REPRESENTATION_ITEM() RATIONAL_B_SPLINE_SURFACE((
    (1.,1.)
    ,(0.5,0.5)
    ,(1.,1.)
    ,(0.5,0.5)
    ,(1.,1.)
    ,(0.5,0.5)
,(1.,1.))) REPRESENTATION_ITEM('') SURFACE() );
#1347 = CARTESIAN_POINT('',(19.8,42.563962,1.2));
#1348 = CARTESIAN_POINT('',(19.8,42.563962,0.));
#1349 = CARTESIAN_POINT('',(18.587564434702,42.563962,1.2));
#1350 = CARTESIAN_POINT('',(18.587564434702,42.563962,0.));
#1351 = CARTESIAN_POINT('',(19.193782217351,43.613962,1.2));
#1352 = CARTESIAN_POINT('',(19.193782217351,43.613962,0.));
#1353 = CARTESIAN_POINT('',(19.8,44.663962,1.2));
#1354 = CARTESIAN_POINT('',(19.8,44.663962,0.));
#1355 = CARTESIAN_POINT('',(20.406217782649,43.613962,1.2));
#1356 = CARTESIAN_POINT('',(20.406217782649,43.613962,0.));
#1357 = CARTESIAN_POINT('',(21.012435565298,42.563962,1.2));
#1358 = CARTESIAN_POINT('',(21.012435565298,42.563962,0.));
#1359 = CARTESIAN_POINT('',(19.8,42.563962,1.2));
#1360 = CARTESIAN_POINT('',(19.8,42.563962,0.));
#1361 = DEFINITIONAL_REPRESENTATION('',(#1362),#1370);
#1362 = B_SPLINE_CURVE_WITH_KNOTS('',2,(#1363,#1364,#1365,#1366,#1367,
    #1368,#1369),.UNSPECIFIED.,.F.,.F.,(3,2,2,3),(0.,2.094395102393,
    4.188790204786,6.28318530718),.PIECEWISE_BEZIER_KNOTS.);
#1363 = CARTESIAN_POINT('',(0.,-8.1E-02));
#1364 = CARTESIAN_POINT('',(1.047197551197,-8.1E-02));
#1365 = CARTESIAN_POINT('',(2.094395102393,-8.1E-02));
#1366 = CARTESIAN_POINT('',(3.14159265359,-8.1E-02));
#1367 = CARTESIAN_POINT('',(4.188790204786,-8.1E-02));
#1368 = CARTESIAN_POINT('',(5.235987755983,-8.1E-02));
#1369 = CARTESIAN_POINT('',(6.28318530718,-8.1E-02));
#1370 = ( GEOMETRIC_REPRESENTATION_CONTEXT(2) 
PARAMETRIC_REPRESENTATION_CONTEXT() REPRESENTATION_CONTEXT('2D SPACE',''
  ) );
#1371 = FACE_BOUND('',#1372,.F.);
#1372 = EDGE_LOOP('',(#1373));
#1373 = ORIENTED_EDGE('',*,*,#1374,.T.);
#1374 = EDGE_CURVE('',#1375,#1375,#1377,.T.);
#1375 = VERTEX_POINT('',#1376);
#1376 = CARTESIAN_POINT('',(35.98,11.413962,0.));
#1377 = SURFACE_CURVE('',#1378,(#1386,#1397),.PCURVE_S1.);
#1378 = ( BOUNDED_CURVE() B_SPLINE_CURVE(2,(#1379,#1380,#1381,#1382,
#1383,#1384,#1385),.UNSPECIFIED.,.T.,.F.) B_SPLINE_CURVE_WITH_KNOTS((1,2
    ,2,2,2,1),(-2.094395102393,0.,2.094395102393,4.188790204786,
6.28318530718,8.377580409573),.UNSPECIFIED.) CURVE() 
GEOMETRIC_REPRESENTATION_ITEM() RATIONAL_B_SPLINE_CURVE((1.,0.5,1.,0.5,
1.,0.5,1.)) REPRESENTATION_ITEM('') );
#1379 = CARTESIAN_POINT('',(35.98,11.413962,0.));
#1380 = CARTESIAN_POINT('',(34.507756813566,11.413962,0.));
#1381 = CARTESIAN_POINT('',(35.243878406783,12.688962,0.));
#1382 = CARTESIAN_POINT('',(35.98,13.963962,0.));
#1383 = CARTESIAN_POINT('',(36.716121593217,12.688962,0.));
#1384 = CARTESIAN_POINT('',(37.452243186434,11.413962,0.));
#1385 = CARTESIAN_POINT('',(35.98,11.413962,0.));
#1386 = PCURVE('',#206,#1387);
#1387 = DEFINITIONAL_REPRESENTATION('',(#1388),#1396);
#1388 = ( BOUNDED_CURVE() B_SPLINE_CURVE(2,(#1389,#1390,#1391,#1392,
#1393,#1394,#1395),.UNSPECIFIED.,.T.,.F.) B_SPLINE_CURVE_WITH_KNOTS((3,2
    ,2,3),(0.,2.094395102393,4.188790204786,6.28318530718),
.PIECEWISE_BEZIER_KNOTS.) CURVE() GEOMETRIC_REPRESENTATION_ITEM() 
RATIONAL_B_SPLINE_CURVE((1.,0.5,1.,0.5,1.,0.5,1.)) REPRESENTATION_ITEM(
  '') );
#1389 = CARTESIAN_POINT('',(35.98,11.413962));
#1390 = CARTESIAN_POINT('',(34.507756813566,11.413962));
#1391 = CARTESIAN_POINT('',(35.243878406783,12.688962));
#1392 = CARTESIAN_POINT('',(35.98,13.963962));
#1393 = CARTESIAN_POINT('',(36.716121593217,12.688962));
#1394 = CARTESIAN_POINT('',(37.452243186434,11.413962));
#1395 = CARTESIAN_POINT('',(35.98,11.413962));
#1396 = ( GEOMETRIC_REPRESENTATION_CONTEXT(2) 
PARAMETRIC_REPRESENTATION_CONTEXT() REPRESENTATION_CONTEXT('2D SPACE',''
  ) );
#1397 = PCURVE('',#1398,#1413);
#1398 = ( BOUNDED_SURFACE() B_SPLINE_SURFACE(2,1,(
    (#1399,#1400)
    ,(#1401,#1402)
    ,(#1403,#1404)
    ,(#1405,#1406)
    ,(#1407,#1408)
    ,(#1409,#1410)
    ,(#1411,#1412
)),.UNSPECIFIED.,.T.,.F.,.F.) B_SPLINE_SURFACE_WITH_KNOTS((1,2,2,2,2,1),
  (2,2),(-2.094395102393,0.,2.094395102393,4.188790204786,6.28318530718,
    8.377580409573),(-1.121,-8.1E-02),.UNSPECIFIED.) 
GEOMETRIC_REPRESENTATION_ITEM() RATIONAL_B_SPLINE_SURFACE((
    (1.,1.)
    ,(0.5,0.5)
    ,(1.,1.)
    ,(0.5,0.5)
    ,(1.,1.)
    ,(0.5,0.5)
,(1.,1.))) REPRESENTATION_ITEM('') SURFACE() );
#1399 = CARTESIAN_POINT('',(35.98,11.413962,1.2));
#1400 = CARTESIAN_POINT('',(35.98,11.413962,0.));
#1401 = CARTESIAN_POINT('',(34.507756813566,11.413962,1.2));
#1402 = CARTESIAN_POINT('',(34.507756813566,11.413962,0.));
#1403 = CARTESIAN_POINT('',(35.243878406783,12.688962,1.2));
#1404 = CARTESIAN_POINT('',(35.243878406783,12.688962,0.));
#1405 = CARTESIAN_POINT('',(35.98,13.963962,1.2));
#1406 = CARTESIAN_POINT('',(35.98,13.963962,0.));
#1407 = CARTESIAN_POINT('',(36.716121593217,12.688962,1.2));
#1408 = CARTESIAN_POINT('',(36.716121593217,12.688962,0.));
#1409 = CARTESIAN_POINT('',(37.452243186434,11.413962,1.2));
#1410 = CARTESIAN_POINT('',(37.452243186434,11.413962,0.));
#1411 = CARTESIAN_POINT('',(35.98,11.413962,1.2));
#1412 = CARTESIAN_POINT('',(35.98,11.413962,0.));
#1413 = DEFINITIONAL_REPRESENTATION('',(#1414),#1422);
#1414 = B_SPLINE_CURVE_WITH_KNOTS('',2,(#1415,#1416,#1417,#1418,#1419,
    #1420,#1421),.UNSPECIFIED.,.F.,.F.,(3,2,2,3),(0.,2.094395102393,
    4.188790204786,6.28318530718),.UNSPECIFIED.);
#1415 = CARTESIAN_POINT('',(0.,-8.1E-02));
#1416 = CARTESIAN_POINT('',(1.047197551197,-8.1E-02));
#1417 = CARTESIAN_POINT('',(2.094395102393,-8.1E-02));
#1418 = CARTESIAN_POINT('',(3.14159265359,-8.1E-02));
#1419 = CARTESIAN_POINT('',(4.188790204786,-8.1E-02));
#1420 = CARTESIAN_POINT('',(5.235987755983,-8.1E-02));
#1421 = CARTESIAN_POINT('',(6.28318530718,-8.1E-02));
#1422 = ( GEOMETRIC_REPRESENTATION_CONTEXT(2) 
PARAMETRIC_REPRESENTATION_CONTEXT() REPRESENTATION_CONTEXT('2D SPACE',''
  ) );
#1423 = FACE_BOUND('',#1424,.F.);
#1424 = EDGE_LOOP('',(#1425));
#1425 = ORIENTED_EDGE('',*,*,#1426,.T.);
#1426 = EDGE_CURVE('',#1427,#1427,#1429,.T.);
#1427 = VERTEX_POINT('',#1428);
#1428 = CARTESIAN_POINT('',(34.,19.813962,0.));
#1429 = SURFACE_CURVE('',#1430,(#1438,#1449),.PCURVE_S1.);
#1430 = ( BOUNDED_CURVE() B_SPLINE_CURVE(2,(#1431,#1432,#1433,#1434,
#1435,#1436,#1437),.UNSPECIFIED.,.T.,.F.) B_SPLINE_CURVE_WITH_KNOTS((1,2
    ,2,2,2,1),(-2.094395102393,0.,2.094395102393,4.188790204786,
6.28318530718,8.377580409573),.UNSPECIFIED.) CURVE() 
GEOMETRIC_REPRESENTATION_ITEM() RATIONAL_B_SPLINE_CURVE((1.,0.5,1.,0.5,
1.,0.5,1.)) REPRESENTATION_ITEM('') );
#1431 = CARTESIAN_POINT('',(34.,19.813962,0.));
#1432 = CARTESIAN_POINT('',(31.921539030917,19.813962,0.));
#1433 = CARTESIAN_POINT('',(32.960769515459,21.613962,0.));
#1434 = CARTESIAN_POINT('',(34.,23.413962,0.));
#1435 = CARTESIAN_POINT('',(35.039230484541,21.613962,0.));
#1436 = CARTESIAN_POINT('',(36.078460969083,19.813962,0.));
#1437 = CARTESIAN_POINT('',(34.,19.813962,0.));
#1438 = PCURVE('',#206,#1439);
#1439 = DEFINITIONAL_REPRESENTATION('',(#1440),#1448);
#1440 = ( BOUNDED_CURVE() B_SPLINE_CURVE(2,(#1441,#1442,#1443,#1444,
#1445,#1446,#1447),.UNSPECIFIED.,.T.,.F.) B_SPLINE_CURVE_WITH_KNOTS((3,2
    ,2,3),(0.,2.094395102393,4.188790204786,6.28318530718),
.PIECEWISE_BEZIER_KNOTS.) CURVE() GEOMETRIC_REPRESENTATION_ITEM() 
RATIONAL_B_SPLINE_CURVE((1.,0.5,1.,0.5,1.,0.5,1.)) REPRESENTATION_ITEM(
  '') );
#1441 = CARTESIAN_POINT('',(34.,19.813962));
#1442 = CARTESIAN_POINT('',(31.921539030917,19.813962));
#1443 = CARTESIAN_POINT('',(32.960769515459,21.613962));
#1444 = CARTESIAN_POINT('',(34.,23.413962));
#1445 = CARTESIAN_POINT('',(35.039230484541,21.613962));
#1446 = CARTESIAN_POINT('',(36.078460969083,19.813962));
#1447 = CARTESIAN_POINT('',(34.,19.813962));
#1448 = ( GEOMETRIC_REPRESENTATION_CONTEXT(2) 
PARAMETRIC_REPRESENTATION_CONTEXT() REPRESENTATION_CONTEXT('2D SPACE',''
  ) );
#1449 = PCURVE('',#1450,#1465);
#1450 = ( BOUNDED_SURFACE() B_SPLINE_SURFACE(2,1,(
    (#1451,#1452)
    ,(#1453,#1454)
    ,(#1455,#1456)
    ,(#1457,#1458)
    ,(#1459,#1460)
    ,(#1461,#1462)
    ,(#1463,#1464
)),.UNSPECIFIED.,.T.,.F.,.F.) B_SPLINE_SURFACE_WITH_KNOTS((1,2,2,2,2,1),
  (2,2),(-2.094395102393,0.,2.094395102393,4.188790204786,6.28318530718,
    8.377580409573),(-1.121,-8.1E-02),.UNSPECIFIED.) 
GEOMETRIC_REPRESENTATION_ITEM() RATIONAL_B_SPLINE_SURFACE((
    (1.,1.)
    ,(0.5,0.5)
    ,(1.,1.)
    ,(0.5,0.5)
    ,(1.,1.)
    ,(0.5,0.5)
,(1.,1.))) REPRESENTATION_ITEM('') SURFACE() );
#1451 = CARTESIAN_POINT('',(34.,19.813962,1.2));
#1452 = CARTESIAN_POINT('',(34.,19.813962,0.));
#1453 = CARTESIAN_POINT('',(31.921539030917,19.813962,1.2));
#1454 = CARTESIAN_POINT('',(31.921539030917,19.813962,0.));
#1455 = CARTESIAN_POINT('',(32.960769515459,21.613962,1.2));
#1456 = CARTESIAN_POINT('',(32.960769515459,21.613962,0.));
#1457 = CARTESIAN_POINT('',(34.,23.413962,1.2));
#1458 = CARTESIAN_POINT('',(34.,23.413962,0.));
#1459 = CARTESIAN_POINT('',(35.039230484541,21.613962,1.2));
#1460 = CARTESIAN_POINT('',(35.039230484541,21.613962,0.));
#1461 = CARTESIAN_POINT('',(36.078460969083,19.813962,1.2));
#1462 = CARTESIAN_POINT('',(36.078460969083,19.813962,0.));
#1463 = CARTESIAN_POINT('',(34.,19.813962,1.2));
#1464 = CARTESIAN_POINT('',(34.,19.813962,0.));
#1465 = DEFINITIONAL_REPRESENTATION('',(#1466),#1474);
#1466 = B_SPLINE_CURVE_WITH_KNOTS('',2,(#1467,#1468,#1469,#1470,#1471,
    #1472,#1473),.UNSPECIFIED.,.F.,.F.,(3,2,2,3),(0.,2.094395102393,
    4.188790204786,6.28318530718),.PIECEWISE_BEZIER_KNOTS.);
#1467 = CARTESIAN_POINT('',(0.,-8.1E-02));
#1468 = CARTESIAN_POINT('',(1.047197551197,-8.1E-02));
#1469 = CARTESIAN_POINT('',(2.094395102393,-8.1E-02));
#1470 = CARTESIAN_POINT('',(3.14159265359,-8.1E-02));
#1471 = CARTESIAN_POINT('',(4.188790204786,-8.1E-02));
#1472 = CARTESIAN_POINT('',(5.235987755983,-8.1E-02));
#1473 = CARTESIAN_POINT('',(6.28318530718,-8.1E-02));
#1474 = ( GEOMETRIC_REPRESENTATION_CONTEXT(2) 
PARAMETRIC_REPRESENTATION_CONTEXT() REPRESENTATION_CONTEXT('2D SPACE',''
  ) );
#1475 = FACE_BOUND('',#1476,.F.);
#1476 = EDGE_LOOP('',(#1477));
#1477 = ORIENTED_EDGE('',*,*,#1478,.T.);
#1478 = EDGE_CURVE('',#1479,#1479,#1481,.T.);
#1479 = VERTEX_POINT('',#1480);
#1480 = CARTESIAN_POINT('',(36.9,19.063962,0.));
#1481 = SURFACE_CURVE('',#1482,(#1490,#1501),.PCURVE_S1.);
#1482 = ( BOUNDED_CURVE() B_SPLINE_CURVE(2,(#1483,#1484,#1485,#1486,
#1487,#1488,#1489),.UNSPECIFIED.,.T.,.F.) B_SPLINE_CURVE_WITH_KNOTS((1,2
    ,2,2,2,1),(-2.094395102393,0.,2.094395102393,4.188790204786,
6.28318530718,8.377580409573),.UNSPECIFIED.) CURVE() 
GEOMETRIC_REPRESENTATION_ITEM() RATIONAL_B_SPLINE_CURVE((1.,0.5,1.,0.5,
1.,0.5,1.)) REPRESENTATION_ITEM('') );
#1483 = CARTESIAN_POINT('',(36.9,19.063962,0.));
#1484 = CARTESIAN_POINT('',(35.687564434702,19.063962,0.));
#1485 = CARTESIAN_POINT('',(36.293782217351,20.113962,0.));
#1486 = CARTESIAN_POINT('',(36.9,21.163962,0.));
#1487 = CARTESIAN_POINT('',(37.506217782649,20.113962,0.));
#1488 = CARTESIAN_POINT('',(38.112435565298,19.063962,0.));
#1489 = CARTESIAN_POINT('',(36.9,19.063962,0.));
#1490 = PCURVE('',#206,#1491);
#1491 = DEFINITIONAL_REPRESENTATION('',(#1492),#1500);
#1492 = ( BOUNDED_CURVE() B_SPLINE_CURVE(2,(#1493,#1494,#1495,#1496,
#1497,#1498,#1499),.UNSPECIFIED.,.T.,.F.) B_SPLINE_CURVE_WITH_KNOTS((3,2
    ,2,3),(0.,2.094395102393,4.188790204786,6.28318530718),
.PIECEWISE_BEZIER_KNOTS.) CURVE() GEOMETRIC_REPRESENTATION_ITEM() 
RATIONAL_B_SPLINE_CURVE((1.,0.5,1.,0.5,1.,0.5,1.)) REPRESENTATION_ITEM(
  '') );
#1493 = CARTESIAN_POINT('',(36.9,19.063962));
#1494 = CARTESIAN_POINT('',(35.687564434702,19.063962));
#1495 = CARTESIAN_POINT('',(36.293782217351,20.113962));
#1496 = CARTESIAN_POINT('',(36.9,21.163962));
#1497 = CARTESIAN_POINT('',(37.506217782649,20.113962));
#1498 = CARTESIAN_POINT('',(38.112435565298,19.063962));
#1499 = CARTESIAN_POINT('',(36.9,19.063962));
#1500 = ( GEOMETRIC_REPRESENTATION_CONTEXT(2) 
PARAMETRIC_REPRESENTATION_CONTEXT() REPRESENTATION_CONTEXT('2D SPACE',''
  ) );
#1501 = PCURVE('',#1502,#1517);
#1502 = ( BOUNDED_SURFACE() B_SPLINE_SURFACE(2,1,(
    (#1503,#1504)
    ,(#1505,#1506)
    ,(#1507,#1508)
    ,(#1509,#1510)
    ,(#1511,#1512)
    ,(#1513,#1514)
    ,(#1515,#1516
)),.UNSPECIFIED.,.T.,.F.,.F.) B_SPLINE_SURFACE_WITH_KNOTS((1,2,2,2,2,1),
  (2,2),(-2.094395102393,0.,2.094395102393,4.188790204786,6.28318530718,
    8.377580409573),(-1.121,-8.1E-02),.UNSPECIFIED.) 
GEOMETRIC_REPRESENTATION_ITEM() RATIONAL_B_SPLINE_SURFACE((
    (1.,1.)
    ,(0.5,0.5)
    ,(1.,1.)
    ,(0.5,0.5)
    ,(1.,1.)
    ,(0.5,0.5)
,(1.,1.))) REPRESENTATION_ITEM('') SURFACE() );
#1503 = CARTESIAN_POINT('',(36.9,19.063962,1.2));
#1504 = CARTESIAN_POINT('',(36.9,19.063962,0.));
#1505 = CARTESIAN_POINT('',(35.687564434702,19.063962,1.2));
#1506 = CARTESIAN_POINT('',(35.687564434702,19.063962,0.));
#1507 = CARTESIAN_POINT('',(36.293782217351,20.113962,1.2));
#1508 = CARTESIAN_POINT('',(36.293782217351,20.113962,0.));
#1509 = CARTESIAN_POINT('',(36.9,21.163962,1.2));
#1510 = CARTESIAN_POINT('',(36.9,21.163962,0.));
#1511 = CARTESIAN_POINT('',(37.506217782649,20.113962,1.2));
#1512 = CARTESIAN_POINT('',(37.506217782649,20.113962,0.));
#1513 = CARTESIAN_POINT('',(38.112435565298,19.063962,1.2));
#1514 = CARTESIAN_POINT('',(38.112435565298,19.063962,0.));
#1515 = CARTESIAN_POINT('',(36.9,19.063962,1.2));
#1516 = CARTESIAN_POINT('',(36.9,19.063962,0.));
#1517 = DEFINITIONAL_REPRESENTATION('',(#1518),#1526);
#1518 = B_SPLINE_CURVE_WITH_KNOTS('',2,(#1519,#1520,#1521,#1522,#1523,
    #1524,#1525),.UNSPECIFIED.,.F.,.F.,(3,2,2,3),(0.,2.094395102393,
    4.188790204786,6.28318530718),.PIECEWISE_BEZIER_KNOTS.);
#1519 = CARTESIAN_POINT('',(0.,-8.1E-02));
#1520 = CARTESIAN_POINT('',(1.047197551197,-8.1E-02));
#1521 = CARTESIAN_POINT('',(2.094395102393,-8.1E-02));
#1522 = CARTESIAN_POINT('',(3.14159265359,-8.1E-02));
#1523 = CARTESIAN_POINT('',(4.188790204786,-8.1E-02));
#1524 = CARTESIAN_POINT('',(5.235987755983,-8.1E-02));
#1525 = CARTESIAN_POINT('',(6.28318530718,-8.1E-02));
#1526 = ( GEOMETRIC_REPRESENTATION_CONTEXT(2) 
PARAMETRIC_REPRESENTATION_CONTEXT() REPRESENTATION_CONTEXT('2D SPACE',''
  ) );
#1527 = FACE_BOUND('',#1528,.F.);
#1528 = EDGE_LOOP('',(#1529));
#1529 = ORIENTED_EDGE('',*,*,#1530,.T.);
#1530 = EDGE_CURVE('',#1531,#1531,#1533,.T.);
#1531 = VERTEX_POINT('',#1532);
#1532 = CARTESIAN_POINT('',(36.9,21.563962,0.));
#1533 = SURFACE_CURVE('',#1534,(#1542,#1553),.PCURVE_S1.);
#1534 = ( BOUNDED_CURVE() B_SPLINE_CURVE(2,(#1535,#1536,#1537,#1538,
#1539,#1540,#1541),.UNSPECIFIED.,.T.,.F.) B_SPLINE_CURVE_WITH_KNOTS((1,2
    ,2,2,2,1),(-2.094395102393,0.,2.094395102393,4.188790204786,
6.28318530718,8.377580409573),.UNSPECIFIED.) CURVE() 
GEOMETRIC_REPRESENTATION_ITEM() RATIONAL_B_SPLINE_CURVE((1.,0.5,1.,0.5,
1.,0.5,1.)) REPRESENTATION_ITEM('') );
#1535 = CARTESIAN_POINT('',(36.9,21.563962,0.));
#1536 = CARTESIAN_POINT('',(35.687564434702,21.563962,0.));
#1537 = CARTESIAN_POINT('',(36.293782217351,22.613962,0.));
#1538 = CARTESIAN_POINT('',(36.9,23.663962,0.));
#1539 = CARTESIAN_POINT('',(37.506217782649,22.613962,0.));
#1540 = CARTESIAN_POINT('',(38.112435565298,21.563962,0.));
#1541 = CARTESIAN_POINT('',(36.9,21.563962,0.));
#1542 = PCURVE('',#206,#1543);
#1543 = DEFINITIONAL_REPRESENTATION('',(#1544),#1552);
#1544 = ( BOUNDED_CURVE() B_SPLINE_CURVE(2,(#1545,#1546,#1547,#1548,
#1549,#1550,#1551),.UNSPECIFIED.,.T.,.F.) B_SPLINE_CURVE_WITH_KNOTS((3,2
    ,2,3),(0.,2.094395102393,4.188790204786,6.28318530718),
.PIECEWISE_BEZIER_KNOTS.) CURVE() GEOMETRIC_REPRESENTATION_ITEM() 
RATIONAL_B_SPLINE_CURVE((1.,0.5,1.,0.5,1.,0.5,1.)) REPRESENTATION_ITEM(
  '') );
#1545 = CARTESIAN_POINT('',(36.9,21.563962));
#1546 = CARTESIAN_POINT('',(35.687564434702,21.563962));
#1547 = CARTESIAN_POINT('',(36.293782217351,22.613962));
#1548 = CARTESIAN_POINT('',(36.9,23.663962));
#1549 = CARTESIAN_POINT('',(37.506217782649,22.613962));
#1550 = CARTESIAN_POINT('',(38.112435565298,21.563962));
#1551 = CARTESIAN_POINT('',(36.9,21.563962));
#1552 = ( GEOMETRIC_REPRESENTATION_CONTEXT(2) 
PARAMETRIC_REPRESENTATION_CONTEXT() REPRESENTATION_CONTEXT('2D SPACE',''
  ) );
#1553 = PCURVE('',#1554,#1569);
#1554 = ( BOUNDED_SURFACE() B_SPLINE_SURFACE(2,1,(
    (#1555,#1556)
    ,(#1557,#1558)
    ,(#1559,#1560)
    ,(#1561,#1562)
    ,(#1563,#1564)
    ,(#1565,#1566)
    ,(#1567,#1568
)),.UNSPECIFIED.,.T.,.F.,.F.) B_SPLINE_SURFACE_WITH_KNOTS((1,2,2,2,2,1),
  (2,2),(-2.094395102393,0.,2.094395102393,4.188790204786,6.28318530718,
    8.377580409573),(-1.121,-8.1E-02),.UNSPECIFIED.) 
GEOMETRIC_REPRESENTATION_ITEM() RATIONAL_B_SPLINE_SURFACE((
    (1.,1.)
    ,(0.5,0.5)
    ,(1.,1.)
    ,(0.5,0.5)
    ,(1.,1.)
    ,(0.5,0.5)
,(1.,1.))) REPRESENTATION_ITEM('') SURFACE() );
#1555 = CARTESIAN_POINT('',(36.9,21.563962,1.2));
#1556 = CARTESIAN_POINT('',(36.9,21.563962,0.));
#1557 = CARTESIAN_POINT('',(35.687564434702,21.563962,1.2));
#1558 = CARTESIAN_POINT('',(35.687564434702,21.563962,0.));
#1559 = CARTESIAN_POINT('',(36.293782217351,22.613962,1.2));
#1560 = CARTESIAN_POINT('',(36.293782217351,22.613962,0.));
#1561 = CARTESIAN_POINT('',(36.9,23.663962,1.2));
#1562 = CARTESIAN_POINT('',(36.9,23.663962,0.));
#1563 = CARTESIAN_POINT('',(37.506217782649,22.613962,1.2));
#1564 = CARTESIAN_POINT('',(37.506217782649,22.613962,0.));
#1565 = CARTESIAN_POINT('',(38.112435565298,21.563962,1.2));
#1566 = CARTESIAN_POINT('',(38.112435565298,21.563962,0.));
#1567 = CARTESIAN_POINT('',(36.9,21.563962,1.2));
#1568 = CARTESIAN_POINT('',(36.9,21.563962,0.));
#1569 = DEFINITIONAL_REPRESENTATION('',(#1570),#1578);
#1570 = B_SPLINE_CURVE_WITH_KNOTS('',2,(#1571,#1572,#1573,#1574,#1575,
    #1576,#1577),.UNSPECIFIED.,.F.,.F.,(3,2,2,3),(0.,2.094395102393,
    4.188790204786,6.28318530718),.PIECEWISE_BEZIER_KNOTS.);
#1571 = CARTESIAN_POINT('',(0.,-8.1E-02));
#1572 = CARTESIAN_POINT('',(1.047197551197,-8.1E-02));
#1573 = CARTESIAN_POINT('',(2.094395102393,-8.1E-02));
#1574 = CARTESIAN_POINT('',(3.14159265359,-8.1E-02));
#1575 = CARTESIAN_POINT('',(4.188790204786,-8.1E-02));
#1576 = CARTESIAN_POINT('',(5.235987755983,-8.1E-02));
#1577 = CARTESIAN_POINT('',(6.28318530718,-8.1E-02));
#1578 = ( GEOMETRIC_REPRESENTATION_CONTEXT(2) 
PARAMETRIC_REPRESENTATION_CONTEXT() REPRESENTATION_CONTEXT('2D SPACE',''
  ) );
#1579 = FACE_BOUND('',#1580,.F.);
#1580 = EDGE_LOOP('',(#1581));
#1581 = ORIENTED_EDGE('',*,*,#1582,.T.);
#1582 = EDGE_CURVE('',#1583,#1583,#1585,.T.);
#1583 = VERTEX_POINT('',#1584);
#1584 = CARTESIAN_POINT('',(40.4,19.063962,0.));
#1585 = SURFACE_CURVE('',#1586,(#1594,#1605),.PCURVE_S1.);
#1586 = ( BOUNDED_CURVE() B_SPLINE_CURVE(2,(#1587,#1588,#1589,#1590,
#1591,#1592,#1593),.UNSPECIFIED.,.T.,.F.) B_SPLINE_CURVE_WITH_KNOTS((1,2
    ,2,2,2,1),(-2.094395102393,0.,2.094395102393,4.188790204786,
6.28318530718,8.377580409573),.UNSPECIFIED.) CURVE() 
GEOMETRIC_REPRESENTATION_ITEM() RATIONAL_B_SPLINE_CURVE((1.,0.5,1.,0.5,
1.,0.5,1.)) REPRESENTATION_ITEM('') );
#1587 = CARTESIAN_POINT('',(40.4,19.063962,0.));
#1588 = CARTESIAN_POINT('',(39.187564434702,19.063962,0.));
#1589 = CARTESIAN_POINT('',(39.793782217351,20.113962,0.));
#1590 = CARTESIAN_POINT('',(40.4,21.163962,0.));
#1591 = CARTESIAN_POINT('',(41.006217782649,20.113962,0.));
#1592 = CARTESIAN_POINT('',(41.612435565298,19.063962,0.));
#1593 = CARTESIAN_POINT('',(40.4,19.063962,0.));
#1594 = PCURVE('',#206,#1595);
#1595 = DEFINITIONAL_REPRESENTATION('',(#1596),#1604);
#1596 = ( BOUNDED_CURVE() B_SPLINE_CURVE(2,(#1597,#1598,#1599,#1600,
#1601,#1602,#1603),.UNSPECIFIED.,.T.,.F.) B_SPLINE_CURVE_WITH_KNOTS((3,2
    ,2,3),(0.,2.094395102393,4.188790204786,6.28318530718),
.PIECEWISE_BEZIER_KNOTS.) CURVE() GEOMETRIC_REPRESENTATION_ITEM() 
RATIONAL_B_SPLINE_CURVE((1.,0.5,1.,0.5,1.,0.5,1.)) REPRESENTATION_ITEM(
  '') );
#1597 = CARTESIAN_POINT('',(40.4,19.063962));
#1598 = CARTESIAN_POINT('',(39.187564434702,19.063962));
#1599 = CARTESIAN_POINT('',(39.793782217351,20.113962));
#1600 = CARTESIAN_POINT('',(40.4,21.163962));
#1601 = CARTESIAN_POINT('',(41.006217782649,20.113962));
#1602 = CARTESIAN_POINT('',(41.612435565298,19.063962));
#1603 = CARTESIAN_POINT('',(40.4,19.063962));
#1604 = ( GEOMETRIC_REPRESENTATION_CONTEXT(2) 
PARAMETRIC_REPRESENTATION_CONTEXT() REPRESENTATION_CONTEXT('2D SPACE',''
  ) );
#1605 = PCURVE('',#1606,#1621);
#1606 = ( BOUNDED_SURFACE() B_SPLINE_SURFACE(2,1,(
    (#1607,#1608)
    ,(#1609,#1610)
    ,(#1611,#1612)
    ,(#1613,#1614)
    ,(#1615,#1616)
    ,(#1617,#1618)
    ,(#1619,#1620
)),.UNSPECIFIED.,.T.,.F.,.F.) B_SPLINE_SURFACE_WITH_KNOTS((1,2,2,2,2,1),
  (2,2),(-2.094395102393,0.,2.094395102393,4.188790204786,6.28318530718,
    8.377580409573),(-1.121,-8.1E-02),.UNSPECIFIED.) 
GEOMETRIC_REPRESENTATION_ITEM() RATIONAL_B_SPLINE_SURFACE((
    (1.,1.)
    ,(0.5,0.5)
    ,(1.,1.)
    ,(0.5,0.5)
    ,(1.,1.)
    ,(0.5,0.5)
,(1.,1.))) REPRESENTATION_ITEM('') SURFACE() );
#1607 = CARTESIAN_POINT('',(40.4,19.063962,1.2));
#1608 = CARTESIAN_POINT('',(40.4,19.063962,0.));
#1609 = CARTESIAN_POINT('',(39.187564434702,19.063962,1.2));
#1610 = CARTESIAN_POINT('',(39.187564434702,19.063962,0.));
#1611 = CARTESIAN_POINT('',(39.793782217351,20.113962,1.2));
#1612 = CARTESIAN_POINT('',(39.793782217351,20.113962,0.));
#1613 = CARTESIAN_POINT('',(40.4,21.163962,1.2));
#1614 = CARTESIAN_POINT('',(40.4,21.163962,0.));
#1615 = CARTESIAN_POINT('',(41.006217782649,20.113962,1.2));
#1616 = CARTESIAN_POINT('',(41.006217782649,20.113962,0.));
#1617 = CARTESIAN_POINT('',(41.612435565298,19.063962,1.2));
#1618 = CARTESIAN_POINT('',(41.612435565298,19.063962,0.));
#1619 = CARTESIAN_POINT('',(40.4,19.063962,1.2));
#1620 = CARTESIAN_POINT('',(40.4,19.063962,0.));
#1621 = DEFINITIONAL_REPRESENTATION('',(#1622),#1630);
#1622 = B_SPLINE_CURVE_WITH_KNOTS('',2,(#1623,#1624,#1625,#1626,#1627,
    #1628,#1629),.UNSPECIFIED.,.F.,.F.,(3,2,2,3),(0.,2.094395102393,
    4.188790204786,6.28318530718),.PIECEWISE_BEZIER_KNOTS.);
#1623 = CARTESIAN_POINT('',(0.,-8.1E-02));
#1624 = CARTESIAN_POINT('',(1.047197551197,-8.1E-02));
#1625 = CARTESIAN_POINT('',(2.094395102393,-8.1E-02));
#1626 = CARTESIAN_POINT('',(3.14159265359,-8.1E-02));
#1627 = CARTESIAN_POINT('',(4.188790204786,-8.1E-02));
#1628 = CARTESIAN_POINT('',(5.235987755983,-8.1E-02));
#1629 = CARTESIAN_POINT('',(6.28318530718,-8.1E-02));
#1630 = ( GEOMETRIC_REPRESENTATION_CONTEXT(2) 
PARAMETRIC_REPRESENTATION_CONTEXT() REPRESENTATION_CONTEXT('2D SPACE',''
  ) );
#1631 = FACE_BOUND('',#1632,.F.);
#1632 = EDGE_LOOP('',(#1633));
#1633 = ORIENTED_EDGE('',*,*,#1634,.T.);
#1634 = EDGE_CURVE('',#1635,#1635,#1637,.T.);
#1635 = VERTEX_POINT('',#1636);
#1636 = CARTESIAN_POINT('',(40.4,21.563962,0.));
#1637 = SURFACE_CURVE('',#1638,(#1646,#1657),.PCURVE_S1.);
#1638 = ( BOUNDED_CURVE() B_SPLINE_CURVE(2,(#1639,#1640,#1641,#1642,
#1643,#1644,#1645),.UNSPECIFIED.,.T.,.F.) B_SPLINE_CURVE_WITH_KNOTS((1,2
    ,2,2,2,1),(-2.094395102393,0.,2.094395102393,4.188790204786,
6.28318530718,8.377580409573),.UNSPECIFIED.) CURVE() 
GEOMETRIC_REPRESENTATION_ITEM() RATIONAL_B_SPLINE_CURVE((1.,0.5,1.,0.5,
1.,0.5,1.)) REPRESENTATION_ITEM('') );
#1639 = CARTESIAN_POINT('',(40.4,21.563962,0.));
#1640 = CARTESIAN_POINT('',(39.187564434702,21.563962,0.));
#1641 = CARTESIAN_POINT('',(39.793782217351,22.613962,0.));
#1642 = CARTESIAN_POINT('',(40.4,23.663962,0.));
#1643 = CARTESIAN_POINT('',(41.006217782649,22.613962,0.));
#1644 = CARTESIAN_POINT('',(41.612435565298,21.563962,0.));
#1645 = CARTESIAN_POINT('',(40.4,21.563962,0.));
#1646 = PCURVE('',#206,#1647);
#1647 = DEFINITIONAL_REPRESENTATION('',(#1648),#1656);
#1648 = ( BOUNDED_CURVE() B_SPLINE_CURVE(2,(#1649,#1650,#1651,#1652,
#1653,#1654,#1655),.UNSPECIFIED.,.T.,.F.) B_SPLINE_CURVE_WITH_KNOTS((3,2
    ,2,3),(0.,2.094395102393,4.188790204786,6.28318530718),
.PIECEWISE_BEZIER_KNOTS.) CURVE() GEOMETRIC_REPRESENTATION_ITEM() 
RATIONAL_B_SPLINE_CURVE((1.,0.5,1.,0.5,1.,0.5,1.)) REPRESENTATION_ITEM(
  '') );
#1649 = CARTESIAN_POINT('',(40.4,21.563962));
#1650 = CARTESIAN_POINT('',(39.187564434702,21.563962));
#1651 = CARTESIAN_POINT('',(39.793782217351,22.613962));
#1652 = CARTESIAN_POINT('',(40.4,23.663962));
#1653 = CARTESIAN_POINT('',(41.006217782649,22.613962));
#1654 = CARTESIAN_POINT('',(41.612435565298,21.563962));
#1655 = CARTESIAN_POINT('',(40.4,21.563962));
#1656 = ( GEOMETRIC_REPRESENTATION_CONTEXT(2) 
PARAMETRIC_REPRESENTATION_CONTEXT() REPRESENTATION_CONTEXT('2D SPACE',''
  ) );
#1657 = PCURVE('',#1658,#1673);
#1658 = ( BOUNDED_SURFACE() B_SPLINE_SURFACE(2,1,(
    (#1659,#1660)
    ,(#1661,#1662)
    ,(#1663,#1664)
    ,(#1665,#1666)
    ,(#1667,#1668)
    ,(#1669,#1670)
    ,(#1671,#1672
)),.UNSPECIFIED.,.T.,.F.,.F.) B_SPLINE_SURFACE_WITH_KNOTS((1,2,2,2,2,1),
  (2,2),(-2.094395102393,0.,2.094395102393,4.188790204786,6.28318530718,
    8.377580409573),(-1.121,-8.1E-02),.UNSPECIFIED.) 
GEOMETRIC_REPRESENTATION_ITEM() RATIONAL_B_SPLINE_SURFACE((
    (1.,1.)
    ,(0.5,0.5)
    ,(1.,1.)
    ,(0.5,0.5)
    ,(1.,1.)
    ,(0.5,0.5)
,(1.,1.))) REPRESENTATION_ITEM('') SURFACE() );
#1659 = CARTESIAN_POINT('',(40.4,21.563962,1.2));
#1660 = CARTESIAN_POINT('',(40.4,21.563962,0.));
#1661 = CARTESIAN_POINT('',(39.187564434702,21.563962,1.2));
#1662 = CARTESIAN_POINT('',(39.187564434702,21.563962,0.));
#1663 = CARTESIAN_POINT('',(39.793782217351,22.613962,1.2));
#1664 = CARTESIAN_POINT('',(39.793782217351,22.613962,0.));
#1665 = CARTESIAN_POINT('',(40.4,23.663962,1.2));
#1666 = CARTESIAN_POINT('',(40.4,23.663962,0.));
#1667 = CARTESIAN_POINT('',(41.006217782649,22.613962,1.2));
#1668 = CARTESIAN_POINT('',(41.006217782649,22.613962,0.));
#1669 = CARTESIAN_POINT('',(41.612435565298,21.563962,1.2));
#1670 = CARTESIAN_POINT('',(41.612435565298,21.563962,0.));
#1671 = CARTESIAN_POINT('',(40.4,21.563962,1.2));
#1672 = CARTESIAN_POINT('',(40.4,21.563962,0.));
#1673 = DEFINITIONAL_REPRESENTATION('',(#1674),#1682);
#1674 = B_SPLINE_CURVE_WITH_KNOTS('',2,(#1675,#1676,#1677,#1678,#1679,
    #1680,#1681),.UNSPECIFIED.,.F.,.F.,(3,2,2,3),(0.,2.094395102393,
    4.188790204786,6.28318530718),.UNSPECIFIED.);
#1675 = CARTESIAN_POINT('',(0.,-8.1E-02));
#1676 = CARTESIAN_POINT('',(1.047197551197,-8.1E-02));
#1677 = CARTESIAN_POINT('',(2.094395102393,-8.1E-02));
#1678 = CARTESIAN_POINT('',(3.14159265359,-8.1E-02));
#1679 = CARTESIAN_POINT('',(4.188790204786,-8.1E-02));
#1680 = CARTESIAN_POINT('',(5.235987755983,-8.1E-02));
#1681 = CARTESIAN_POINT('',(6.28318530718,-8.1E-02));
#1682 = ( GEOMETRIC_REPRESENTATION_CONTEXT(2) 
PARAMETRIC_REPRESENTATION_CONTEXT() REPRESENTATION_CONTEXT('2D SPACE',''
  ) );
#1683 = FACE_BOUND('',#1684,.F.);
#1684 = EDGE_LOOP('',(#1685));
#1685 = ORIENTED_EDGE('',*,*,#1686,.T.);
#1686 = EDGE_CURVE('',#1687,#1687,#1689,.T.);
#1687 = VERTEX_POINT('',#1688);
#1688 = CARTESIAN_POINT('',(60.,5.75,0.));
#1689 = SURFACE_CURVE('',#1690,(#1698,#1709),.PCURVE_S1.);
#1690 = ( BOUNDED_CURVE() B_SPLINE_CURVE(2,(#1691,#1692,#1693,#1694,
#1695,#1696,#1697),.UNSPECIFIED.,.T.,.F.) B_SPLINE_CURVE_WITH_KNOTS((1,2
    ,2,2,2,1),(-2.094395102393,0.,2.094395102393,4.188790204786,
6.28318530718,8.377580409573),.UNSPECIFIED.) CURVE() 
GEOMETRIC_REPRESENTATION_ITEM() RATIONAL_B_SPLINE_CURVE((1.,0.5,1.,0.5,
1.,0.5,1.)) REPRESENTATION_ITEM('') );
#1691 = CARTESIAN_POINT('',(60.,5.75,0.));
#1692 = CARTESIAN_POINT('',(56.10288568297,5.75,0.));
#1693 = CARTESIAN_POINT('',(58.051442841485,9.125,0.));
#1694 = CARTESIAN_POINT('',(60.,12.5,0.));
#1695 = CARTESIAN_POINT('',(61.948557158515,9.125,0.));
#1696 = CARTESIAN_POINT('',(63.89711431703,5.75,0.));
#1697 = CARTESIAN_POINT('',(60.,5.75,0.));
#1698 = PCURVE('',#206,#1699);
#1699 = DEFINITIONAL_REPRESENTATION('',(#1700),#1708);
#1700 = ( BOUNDED_CURVE() B_SPLINE_CURVE(2,(#1701,#1702,#1703,#1704,
#1705,#1706,#1707),.UNSPECIFIED.,.T.,.F.) B_SPLINE_CURVE_WITH_KNOTS((3,2
    ,2,3),(0.,2.094395102393,4.188790204786,6.28318530718),
.PIECEWISE_BEZIER_KNOTS.) CURVE() GEOMETRIC_REPRESENTATION_ITEM() 
RATIONAL_B_SPLINE_CURVE((1.,0.5,1.,0.5,1.,0.5,1.)) REPRESENTATION_ITEM(
  '') );
#1701 = CARTESIAN_POINT('',(60.,5.75));
#1702 = CARTESIAN_POINT('',(56.10288568297,5.75));
#1703 = CARTESIAN_POINT('',(58.051442841485,9.125));
#1704 = CARTESIAN_POINT('',(60.,12.5));
#1705 = CARTESIAN_POINT('',(61.948557158515,9.125));
#1706 = CARTESIAN_POINT('',(63.89711431703,5.75));
#1707 = CARTESIAN_POINT('',(60.,5.75));
#1708 = ( GEOMETRIC_REPRESENTATION_CONTEXT(2) 
PARAMETRIC_REPRESENTATION_CONTEXT() REPRESENTATION_CONTEXT('2D SPACE',''
  ) );
#1709 = PCURVE('',#1710,#1725);
#1710 = ( BOUNDED_SURFACE() B_SPLINE_SURFACE(2,1,(
    (#1711,#1712)
    ,(#1713,#1714)
    ,(#1715,#1716)
    ,(#1717,#1718)
    ,(#1719,#1720)
    ,(#1721,#1722)
    ,(#1723,#1724
)),.UNSPECIFIED.,.T.,.F.,.F.) B_SPLINE_SURFACE_WITH_KNOTS((1,2,2,2,2,1),
  (2,2),(-2.094395102393,0.,2.094395102393,4.188790204786,6.28318530718,
    8.377580409573),(-1.121,-8.1E-02),.UNSPECIFIED.) 
GEOMETRIC_REPRESENTATION_ITEM() RATIONAL_B_SPLINE_SURFACE((
    (1.,1.)
    ,(0.5,0.5)
    ,(1.,1.)
    ,(0.5,0.5)
    ,(1.,1.)
    ,(0.5,0.5)
,(1.,1.))) REPRESENTATION_ITEM('') SURFACE() );
#1711 = CARTESIAN_POINT('',(60.,5.75,1.2));
#1712 = CARTESIAN_POINT('',(60.,5.75,0.));
#1713 = CARTESIAN_POINT('',(56.10288568297,5.75,1.2));
#1714 = CARTESIAN_POINT('',(56.10288568297,5.75,0.));
#1715 = CARTESIAN_POINT('',(58.051442841485,9.125,1.2));
#1716 = CARTESIAN_POINT('',(58.051442841485,9.125,0.));
#1717 = CARTESIAN_POINT('',(60.,12.5,1.2));
#1718 = CARTESIAN_POINT('',(60.,12.5,0.));
#1719 = CARTESIAN_POINT('',(61.948557158515,9.125,1.2));
#1720 = CARTESIAN_POINT('',(61.948557158515,9.125,0.));
#1721 = CARTESIAN_POINT('',(63.89711431703,5.75,1.2));
#1722 = CARTESIAN_POINT('',(63.89711431703,5.75,0.));
#1723 = CARTESIAN_POINT('',(60.,5.75,1.2));
#1724 = CARTESIAN_POINT('',(60.,5.75,0.));
#1725 = DEFINITIONAL_REPRESENTATION('',(#1726),#1734);
#1726 = B_SPLINE_CURVE_WITH_KNOTS('',2,(#1727,#1728,#1729,#1730,#1731,
    #1732,#1733),.UNSPECIFIED.,.F.,.F.,(3,2,2,3),(0.,2.094395102393,
    4.188790204786,6.28318530718),.UNSPECIFIED.);
#1727 = CARTESIAN_POINT('',(0.,-8.1E-02));
#1728 = CARTESIAN_POINT('',(1.047197551197,-8.1E-02));
#1729 = CARTESIAN_POINT('',(2.094395102393,-8.1E-02));
#1730 = CARTESIAN_POINT('',(3.14159265359,-8.1E-02));
#1731 = CARTESIAN_POINT('',(4.188790204786,-8.1E-02));
#1732 = CARTESIAN_POINT('',(5.235987755983,-8.1E-02));
#1733 = CARTESIAN_POINT('',(6.28318530718,-8.1E-02));
#1734 = ( GEOMETRIC_REPRESENTATION_CONTEXT(2) 
PARAMETRIC_REPRESENTATION_CONTEXT() REPRESENTATION_CONTEXT('2D SPACE',''
  ) );
#1735 = FACE_BOUND('',#1736,.F.);
#1736 = EDGE_LOOP('',(#1737));
#1737 = ORIENTED_EDGE('',*,*,#1738,.T.);
#1738 = EDGE_CURVE('',#1739,#1739,#1741,.T.);
#1739 = VERTEX_POINT('',#1740);
#1740 = CARTESIAN_POINT('',(44.,32.413962,0.));
#1741 = SURFACE_CURVE('',#1742,(#1750,#1761),.PCURVE_S1.);
#1742 = ( BOUNDED_CURVE() B_SPLINE_CURVE(2,(#1743,#1744,#1745,#1746,
#1747,#1748,#1749),.UNSPECIFIED.,.T.,.F.) B_SPLINE_CURVE_WITH_KNOTS((1,2
    ,2,2,2,1),(-2.094395102393,0.,2.094395102393,4.188790204786,
6.28318530718,8.377580409573),.UNSPECIFIED.) CURVE() 
GEOMETRIC_REPRESENTATION_ITEM() RATIONAL_B_SPLINE_CURVE((1.,0.5,1.,0.5,
1.,0.5,1.)) REPRESENTATION_ITEM('') );
#1743 = CARTESIAN_POINT('',(44.,32.413962,0.));
#1744 = CARTESIAN_POINT('',(42.527756813566,32.413962,0.));
#1745 = CARTESIAN_POINT('',(43.263878406783,33.688962,0.));
#1746 = CARTESIAN_POINT('',(44.,34.963962,0.));
#1747 = CARTESIAN_POINT('',(44.736121593217,33.688962,0.));
#1748 = CARTESIAN_POINT('',(45.472243186434,32.413962,0.));
#1749 = CARTESIAN_POINT('',(44.,32.413962,0.));
#1750 = PCURVE('',#206,#1751);
#1751 = DEFINITIONAL_REPRESENTATION('',(#1752),#1760);
#1752 = ( BOUNDED_CURVE() B_SPLINE_CURVE(2,(#1753,#1754,#1755,#1756,
#1757,#1758,#1759),.UNSPECIFIED.,.T.,.F.) B_SPLINE_CURVE_WITH_KNOTS((3,2
    ,2,3),(0.,2.094395102393,4.188790204786,6.28318530718),
.PIECEWISE_BEZIER_KNOTS.) CURVE() GEOMETRIC_REPRESENTATION_ITEM() 
RATIONAL_B_SPLINE_CURVE((1.,0.5,1.,0.5,1.,0.5,1.)) REPRESENTATION_ITEM(
  '') );
#1753 = CARTESIAN_POINT('',(44.,32.413962));
#1754 = CARTESIAN_POINT('',(42.527756813566,32.413962));
#1755 = CARTESIAN_POINT('',(43.263878406783,33.688962));
#1756 = CARTESIAN_POINT('',(44.,34.963962));
#1757 = CARTESIAN_POINT('',(44.736121593217,33.688962));
#1758 = CARTESIAN_POINT('',(45.472243186434,32.413962));
#1759 = CARTESIAN_POINT('',(44.,32.413962));
#1760 = ( GEOMETRIC_REPRESENTATION_CONTEXT(2) 
PARAMETRIC_REPRESENTATION_CONTEXT() REPRESENTATION_CONTEXT('2D SPACE',''
  ) );
#1761 = PCURVE('',#1762,#1777);
#1762 = ( BOUNDED_SURFACE() B_SPLINE_SURFACE(2,1,(
    (#1763,#1764)
    ,(#1765,#1766)
    ,(#1767,#1768)
    ,(#1769,#1770)
    ,(#1771,#1772)
    ,(#1773,#1774)
    ,(#1775,#1776
)),.UNSPECIFIED.,.T.,.F.,.F.) B_SPLINE_SURFACE_WITH_KNOTS((1,2,2,2,2,1),
  (2,2),(-2.094395102393,0.,2.094395102393,4.188790204786,6.28318530718,
    8.377580409573),(-1.121,-8.1E-02),.UNSPECIFIED.) 
GEOMETRIC_REPRESENTATION_ITEM() RATIONAL_B_SPLINE_SURFACE((
    (1.,1.)
    ,(0.5,0.5)
    ,(1.,1.)
    ,(0.5,0.5)
    ,(1.,1.)
    ,(0.5,0.5)
,(1.,1.))) REPRESENTATION_ITEM('') SURFACE() );
#1763 = CARTESIAN_POINT('',(44.,32.413962,1.2));
#1764 = CARTESIAN_POINT('',(44.,32.413962,0.));
#1765 = CARTESIAN_POINT('',(42.527756813566,32.413962,1.2));
#1766 = CARTESIAN_POINT('',(42.527756813566,32.413962,0.));
#1767 = CARTESIAN_POINT('',(43.263878406783,33.688962,1.2));
#1768 = CARTESIAN_POINT('',(43.263878406783,33.688962,0.));
#1769 = CARTESIAN_POINT('',(44.,34.963962,1.2));
#1770 = CARTESIAN_POINT('',(44.,34.963962,0.));
#1771 = CARTESIAN_POINT('',(44.736121593217,33.688962,1.2));
#1772 = CARTESIAN_POINT('',(44.736121593217,33.688962,0.));
#1773 = CARTESIAN_POINT('',(45.472243186434,32.413962,1.2));
#1774 = CARTESIAN_POINT('',(45.472243186434,32.413962,0.));
#1775 = CARTESIAN_POINT('',(44.,32.413962,1.2));
#1776 = CARTESIAN_POINT('',(44.,32.413962,0.));
#1777 = DEFINITIONAL_REPRESENTATION('',(#1778),#1786);
#1778 = B_SPLINE_CURVE_WITH_KNOTS('',2,(#1779,#1780,#1781,#1782,#1783,
    #1784,#1785),.UNSPECIFIED.,.F.,.F.,(3,2,2,3),(0.,2.094395102393,
    4.188790204786,6.28318530718),.UNSPECIFIED.);
#1779 = CARTESIAN_POINT('',(0.,-8.1E-02));
#1780 = CARTESIAN_POINT('',(1.047197551197,-8.1E-02));
#1781 = CARTESIAN_POINT('',(2.094395102393,-8.1E-02));
#1782 = CARTESIAN_POINT('',(3.14159265359,-8.1E-02));
#1783 = CARTESIAN_POINT('',(4.188790204786,-8.1E-02));
#1784 = CARTESIAN_POINT('',(5.235987755983,-8.1E-02));
#1785 = CARTESIAN_POINT('',(6.28318530718,-8.1E-02));
#1786 = ( GEOMETRIC_REPRESENTATION_CONTEXT(2) 
PARAMETRIC_REPRESENTATION_CONTEXT() REPRESENTATION_CONTEXT('2D SPACE',''
  ) );
#1787 = FACE_BOUND('',#1788,.F.);
#1788 = EDGE_LOOP('',(#1789));
#1789 = ORIENTED_EDGE('',*,*,#1790,.T.);
#1790 = EDGE_CURVE('',#1791,#1791,#1793,.T.);
#1791 = VERTEX_POINT('',#1792);
#1792 = CARTESIAN_POINT('',(47.96,32.413962,0.));
#1793 = SURFACE_CURVE('',#1794,(#1802,#1813),.PCURVE_S1.);
#1794 = ( BOUNDED_CURVE() B_SPLINE_CURVE(2,(#1795,#1796,#1797,#1798,
#1799,#1800,#1801),.UNSPECIFIED.,.T.,.F.) B_SPLINE_CURVE_WITH_KNOTS((1,2
    ,2,2,2,1),(-2.094395102393,0.,2.094395102393,4.188790204786,
6.28318530718,8.377580409573),.UNSPECIFIED.) CURVE() 
GEOMETRIC_REPRESENTATION_ITEM() RATIONAL_B_SPLINE_CURVE((1.,0.5,1.,0.5,
1.,0.5,1.)) REPRESENTATION_ITEM('') );
#1795 = CARTESIAN_POINT('',(47.96,32.413962,0.));
#1796 = CARTESIAN_POINT('',(46.487756813566,32.413962,0.));
#1797 = CARTESIAN_POINT('',(47.223878406783,33.688962,0.));
#1798 = CARTESIAN_POINT('',(47.96,34.963962,0.));
#1799 = CARTESIAN_POINT('',(48.696121593217,33.688962,0.));
#1800 = CARTESIAN_POINT('',(49.432243186434,32.413962,0.));
#1801 = CARTESIAN_POINT('',(47.96,32.413962,0.));
#1802 = PCURVE('',#206,#1803);
#1803 = DEFINITIONAL_REPRESENTATION('',(#1804),#1812);
#1804 = ( BOUNDED_CURVE() B_SPLINE_CURVE(2,(#1805,#1806,#1807,#1808,
#1809,#1810,#1811),.UNSPECIFIED.,.T.,.F.) B_SPLINE_CURVE_WITH_KNOTS((3,2
    ,2,3),(0.,2.094395102393,4.188790204786,6.28318530718),
.PIECEWISE_BEZIER_KNOTS.) CURVE() GEOMETRIC_REPRESENTATION_ITEM() 
RATIONAL_B_SPLINE_CURVE((1.,0.5,1.,0.5,1.,0.5,1.)) REPRESENTATION_ITEM(
  '') );
#1805 = CARTESIAN_POINT('',(47.96,32.413962));
#1806 = CARTESIAN_POINT('',(46.487756813566,32.413962));
#1807 = CARTESIAN_POINT('',(47.223878406783,33.688962));
#1808 = CARTESIAN_POINT('',(47.96,34.963962));
#1809 = CARTESIAN_POINT('',(48.696121593217,33.688962));
#1810 = CARTESIAN_POINT('',(49.432243186434,32.413962));
#1811 = CARTESIAN_POINT('',(47.96,32.413962));
#1812 = ( GEOMETRIC_REPRESENTATION_CONTEXT(2) 
PARAMETRIC_REPRESENTATION_CONTEXT() REPRESENTATION_CONTEXT('2D SPACE',''
  ) );
#1813 = PCURVE('',#1814,#1829);
#1814 = ( BOUNDED_SURFACE() B_SPLINE_SURFACE(2,1,(
    (#1815,#1816)
    ,(#1817,#1818)
    ,(#1819,#1820)
    ,(#1821,#1822)
    ,(#1823,#1824)
    ,(#1825,#1826)
    ,(#1827,#1828
)),.UNSPECIFIED.,.T.,.F.,.F.) B_SPLINE_SURFACE_WITH_KNOTS((1,2,2,2,2,1),
  (2,2),(-2.094395102393,0.,2.094395102393,4.188790204786,6.28318530718,
    8.377580409573),(-1.121,-8.1E-02),.UNSPECIFIED.) 
GEOMETRIC_REPRESENTATION_ITEM() RATIONAL_B_SPLINE_SURFACE((
    (1.,1.)
    ,(0.5,0.5)
    ,(1.,1.)
    ,(0.5,0.5)
    ,(1.,1.)
    ,(0.5,0.5)
,(1.,1.))) REPRESENTATION_ITEM('') SURFACE() );
#1815 = CARTESIAN_POINT('',(47.96,32.413962,1.2));
#1816 = CARTESIAN_POINT('',(47.96,32.413962,0.));
#1817 = CARTESIAN_POINT('',(46.487756813566,32.413962,1.2));
#1818 = CARTESIAN_POINT('',(46.487756813566,32.413962,0.));
#1819 = CARTESIAN_POINT('',(47.223878406783,33.688962,1.2));
#1820 = CARTESIAN_POINT('',(47.223878406783,33.688962,0.));
#1821 = CARTESIAN_POINT('',(47.96,34.963962,1.2));
#1822 = CARTESIAN_POINT('',(47.96,34.963962,0.));
#1823 = CARTESIAN_POINT('',(48.696121593217,33.688962,1.2));
#1824 = CARTESIAN_POINT('',(48.696121593217,33.688962,0.));
#1825 = CARTESIAN_POINT('',(49.432243186434,32.413962,1.2));
#1826 = CARTESIAN_POINT('',(49.432243186434,32.413962,0.));
#1827 = CARTESIAN_POINT('',(47.96,32.413962,1.2));
#1828 = CARTESIAN_POINT('',(47.96,32.413962,0.));
#1829 = DEFINITIONAL_REPRESENTATION('',(#1830),#1838);
#1830 = B_SPLINE_CURVE_WITH_KNOTS('',2,(#1831,#1832,#1833,#1834,#1835,
    #1836,#1837),.UNSPECIFIED.,.F.,.F.,(3,2,2,3),(0.,2.094395102393,
    4.188790204786,6.28318530718),.UNSPECIFIED.);
#1831 = CARTESIAN_POINT('',(0.,-8.1E-02));
#1832 = CARTESIAN_POINT('',(1.047197551197,-8.1E-02));
#1833 = CARTESIAN_POINT('',(2.094395102393,-8.1E-02));
#1834 = CARTESIAN_POINT('',(3.14159265359,-8.1E-02));
#1835 = CARTESIAN_POINT('',(4.188790204786,-8.1E-02));
#1836 = CARTESIAN_POINT('',(5.235987755983,-8.1E-02));
#1837 = CARTESIAN_POINT('',(6.28318530718,-8.1E-02));
#1838 = ( GEOMETRIC_REPRESENTATION_CONTEXT(2) 
PARAMETRIC_REPRESENTATION_CONTEXT() REPRESENTATION_CONTEXT('2D SPACE',''
  ) );
#1839 = FACE_BOUND('',#1840,.F.);
#1840 = EDGE_LOOP('',(#1841));
#1841 = ORIENTED_EDGE('',*,*,#1842,.T.);
#1842 = EDGE_CURVE('',#1843,#1843,#1845,.T.);
#1843 = VERTEX_POINT('',#1844);
#1844 = CARTESIAN_POINT('',(40.,40.063962,0.));
#1845 = SURFACE_CURVE('',#1846,(#1854,#1865),.PCURVE_S1.);
#1846 = ( BOUNDED_CURVE() B_SPLINE_CURVE(2,(#1847,#1848,#1849,#1850,
#1851,#1852,#1853),.UNSPECIFIED.,.T.,.F.) B_SPLINE_CURVE_WITH_KNOTS((1,2
    ,2,2,2,1),(-2.094395102393,0.,2.094395102393,4.188790204786,
6.28318530718,8.377580409573),.UNSPECIFIED.) CURVE() 
GEOMETRIC_REPRESENTATION_ITEM() RATIONAL_B_SPLINE_CURVE((1.,0.5,1.,0.5,
1.,0.5,1.)) REPRESENTATION_ITEM('') );
#1847 = CARTESIAN_POINT('',(40.,40.063962,0.));
#1848 = CARTESIAN_POINT('',(38.787564434702,40.063962,0.));
#1849 = CARTESIAN_POINT('',(39.393782217351,41.113962,0.));
#1850 = CARTESIAN_POINT('',(40.,42.163962,0.));
#1851 = CARTESIAN_POINT('',(40.606217782649,41.113962,0.));
#1852 = CARTESIAN_POINT('',(41.212435565298,40.063962,0.));
#1853 = CARTESIAN_POINT('',(40.,40.063962,0.));
#1854 = PCURVE('',#206,#1855);
#1855 = DEFINITIONAL_REPRESENTATION('',(#1856),#1864);
#1856 = ( BOUNDED_CURVE() B_SPLINE_CURVE(2,(#1857,#1858,#1859,#1860,
#1861,#1862,#1863),.UNSPECIFIED.,.T.,.F.) B_SPLINE_CURVE_WITH_KNOTS((3,2
    ,2,3),(0.,2.094395102393,4.188790204786,6.28318530718),
.PIECEWISE_BEZIER_KNOTS.) CURVE() GEOMETRIC_REPRESENTATION_ITEM() 
RATIONAL_B_SPLINE_CURVE((1.,0.5,1.,0.5,1.,0.5,1.)) REPRESENTATION_ITEM(
  '') );
#1857 = CARTESIAN_POINT('',(40.,40.063962));
#1858 = CARTESIAN_POINT('',(38.787564434702,40.063962));
#1859 = CARTESIAN_POINT('',(39.393782217351,41.113962));
#1860 = CARTESIAN_POINT('',(40.,42.163962));
#1861 = CARTESIAN_POINT('',(40.606217782649,41.113962));
#1862 = CARTESIAN_POINT('',(41.212435565298,40.063962));
#1863 = CARTESIAN_POINT('',(40.,40.063962));
#1864 = ( GEOMETRIC_REPRESENTATION_CONTEXT(2) 
PARAMETRIC_REPRESENTATION_CONTEXT() REPRESENTATION_CONTEXT('2D SPACE',''
  ) );
#1865 = PCURVE('',#1866,#1881);
#1866 = ( BOUNDED_SURFACE() B_SPLINE_SURFACE(2,1,(
    (#1867,#1868)
    ,(#1869,#1870)
    ,(#1871,#1872)
    ,(#1873,#1874)
    ,(#1875,#1876)
    ,(#1877,#1878)
    ,(#1879,#1880
)),.UNSPECIFIED.,.T.,.F.,.F.) B_SPLINE_SURFACE_WITH_KNOTS((1,2,2,2,2,1),
  (2,2),(-2.094395102393,0.,2.094395102393,4.188790204786,6.28318530718,
    8.377580409573),(-1.121,-8.1E-02),.UNSPECIFIED.) 
GEOMETRIC_REPRESENTATION_ITEM() RATIONAL_B_SPLINE_SURFACE((
    (1.,1.)
    ,(0.5,0.5)
    ,(1.,1.)
    ,(0.5,0.5)
    ,(1.,1.)
    ,(0.5,0.5)
,(1.,1.))) REPRESENTATION_ITEM('') SURFACE() );
#1867 = CARTESIAN_POINT('',(40.,40.063962,1.2));
#1868 = CARTESIAN_POINT('',(40.,40.063962,0.));
#1869 = CARTESIAN_POINT('',(38.787564434702,40.063962,1.2));
#1870 = CARTESIAN_POINT('',(38.787564434702,40.063962,0.));
#1871 = CARTESIAN_POINT('',(39.393782217351,41.113962,1.2));
#1872 = CARTESIAN_POINT('',(39.393782217351,41.113962,0.));
#1873 = CARTESIAN_POINT('',(40.,42.163962,1.2));
#1874 = CARTESIAN_POINT('',(40.,42.163962,0.));
#1875 = CARTESIAN_POINT('',(40.606217782649,41.113962,1.2));
#1876 = CARTESIAN_POINT('',(40.606217782649,41.113962,0.));
#1877 = CARTESIAN_POINT('',(41.212435565298,40.063962,1.2));
#1878 = CARTESIAN_POINT('',(41.212435565298,40.063962,0.));
#1879 = CARTESIAN_POINT('',(40.,40.063962,1.2));
#1880 = CARTESIAN_POINT('',(40.,40.063962,0.));
#1881 = DEFINITIONAL_REPRESENTATION('',(#1882),#1890);
#1882 = B_SPLINE_CURVE_WITH_KNOTS('',2,(#1883,#1884,#1885,#1886,#1887,
    #1888,#1889),.UNSPECIFIED.,.F.,.F.,(3,2,2,3),(0.,2.094395102393,
    4.188790204786,6.28318530718),.PIECEWISE_BEZIER_KNOTS.);
#1883 = CARTESIAN_POINT('',(0.,-8.1E-02));
#1884 = CARTESIAN_POINT('',(1.047197551197,-8.1E-02));
#1885 = CARTESIAN_POINT('',(2.094395102393,-8.1E-02));
#1886 = CARTESIAN_POINT('',(3.14159265359,-8.1E-02));
#1887 = CARTESIAN_POINT('',(4.188790204786,-8.1E-02));
#1888 = CARTESIAN_POINT('',(5.235987755983,-8.1E-02));
#1889 = CARTESIAN_POINT('',(6.28318530718,-8.1E-02));
#1890 = ( GEOMETRIC_REPRESENTATION_CONTEXT(2) 
PARAMETRIC_REPRESENTATION_CONTEXT() REPRESENTATION_CONTEXT('2D SPACE',''
  ) );
#1891 = FACE_BOUND('',#1892,.F.);
#1892 = EDGE_LOOP('',(#1893));
#1893 = ORIENTED_EDGE('',*,*,#1894,.T.);
#1894 = EDGE_CURVE('',#1895,#1895,#1897,.T.);
#1895 = VERTEX_POINT('',#1896);
#1896 = CARTESIAN_POINT('',(40.,42.563962,0.));
#1897 = SURFACE_CURVE('',#1898,(#1906,#1917),.PCURVE_S1.);
#1898 = ( BOUNDED_CURVE() B_SPLINE_CURVE(2,(#1899,#1900,#1901,#1902,
#1903,#1904,#1905),.UNSPECIFIED.,.T.,.F.) B_SPLINE_CURVE_WITH_KNOTS((1,2
    ,2,2,2,1),(-2.094395102393,0.,2.094395102393,4.188790204786,
6.28318530718,8.377580409573),.UNSPECIFIED.) CURVE() 
GEOMETRIC_REPRESENTATION_ITEM() RATIONAL_B_SPLINE_CURVE((1.,0.5,1.,0.5,
1.,0.5,1.)) REPRESENTATION_ITEM('') );
#1899 = CARTESIAN_POINT('',(40.,42.563962,0.));
#1900 = CARTESIAN_POINT('',(38.787564434702,42.563962,0.));
#1901 = CARTESIAN_POINT('',(39.393782217351,43.613962,0.));
#1902 = CARTESIAN_POINT('',(40.,44.663962,0.));
#1903 = CARTESIAN_POINT('',(40.606217782649,43.613962,0.));
#1904 = CARTESIAN_POINT('',(41.212435565298,42.563962,0.));
#1905 = CARTESIAN_POINT('',(40.,42.563962,0.));
#1906 = PCURVE('',#206,#1907);
#1907 = DEFINITIONAL_REPRESENTATION('',(#1908),#1916);
#1908 = ( BOUNDED_CURVE() B_SPLINE_CURVE(2,(#1909,#1910,#1911,#1912,
#1913,#1914,#1915),.UNSPECIFIED.,.T.,.F.) B_SPLINE_CURVE_WITH_KNOTS((3,2
    ,2,3),(0.,2.094395102393,4.188790204786,6.28318530718),
.PIECEWISE_BEZIER_KNOTS.) CURVE() GEOMETRIC_REPRESENTATION_ITEM() 
RATIONAL_B_SPLINE_CURVE((1.,0.5,1.,0.5,1.,0.5,1.)) REPRESENTATION_ITEM(
  '') );
#1909 = CARTESIAN_POINT('',(40.,42.563962));
#1910 = CARTESIAN_POINT('',(38.787564434702,42.563962));
#1911 = CARTESIAN_POINT('',(39.393782217351,43.613962));
#1912 = CARTESIAN_POINT('',(40.,44.663962));
#1913 = CARTESIAN_POINT('',(40.606217782649,43.613962));
#1914 = CARTESIAN_POINT('',(41.212435565298,42.563962));
#1915 = CARTESIAN_POINT('',(40.,42.563962));
#1916 = ( GEOMETRIC_REPRESENTATION_CONTEXT(2) 
PARAMETRIC_REPRESENTATION_CONTEXT() REPRESENTATION_CONTEXT('2D SPACE',''
  ) );
#1917 = PCURVE('',#1918,#1933);
#1918 = ( BOUNDED_SURFACE() B_SPLINE_SURFACE(2,1,(
    (#1919,#1920)
    ,(#1921,#1922)
    ,(#1923,#1924)
    ,(#1925,#1926)
    ,(#1927,#1928)
    ,(#1929,#1930)
    ,(#1931,#1932
)),.UNSPECIFIED.,.T.,.F.,.F.) B_SPLINE_SURFACE_WITH_KNOTS((1,2,2,2,2,1),
  (2,2),(-2.094395102393,0.,2.094395102393,4.188790204786,6.28318530718,
    8.377580409573),(-1.121,-8.1E-02),.UNSPECIFIED.) 
GEOMETRIC_REPRESENTATION_ITEM() RATIONAL_B_SPLINE_SURFACE((
    (1.,1.)
    ,(0.5,0.5)
    ,(1.,1.)
    ,(0.5,0.5)
    ,(1.,1.)
    ,(0.5,0.5)
,(1.,1.))) REPRESENTATION_ITEM('') SURFACE() );
#1919 = CARTESIAN_POINT('',(40.,42.563962,1.2));
#1920 = CARTESIAN_POINT('',(40.,42.563962,0.));
#1921 = CARTESIAN_POINT('',(38.787564434702,42.563962,1.2));
#1922 = CARTESIAN_POINT('',(38.787564434702,42.563962,0.));
#1923 = CARTESIAN_POINT('',(39.393782217351,43.613962,1.2));
#1924 = CARTESIAN_POINT('',(39.393782217351,43.613962,0.));
#1925 = CARTESIAN_POINT('',(40.,44.663962,1.2));
#1926 = CARTESIAN_POINT('',(40.,44.663962,0.));
#1927 = CARTESIAN_POINT('',(40.606217782649,43.613962,1.2));
#1928 = CARTESIAN_POINT('',(40.606217782649,43.613962,0.));
#1929 = CARTESIAN_POINT('',(41.212435565298,42.563962,1.2));
#1930 = CARTESIAN_POINT('',(41.212435565298,42.563962,0.));
#1931 = CARTESIAN_POINT('',(40.,42.563962,1.2));
#1932 = CARTESIAN_POINT('',(40.,42.563962,0.));
#1933 = DEFINITIONAL_REPRESENTATION('',(#1934),#1942);
#1934 = B_SPLINE_CURVE_WITH_KNOTS('',2,(#1935,#1936,#1937,#1938,#1939,
    #1940,#1941),.UNSPECIFIED.,.F.,.F.,(3,2,2,3),(0.,2.094395102393,
    4.188790204786,6.28318530718),.PIECEWISE_BEZIER_KNOTS.);
#1935 = CARTESIAN_POINT('',(0.,-8.1E-02));
#1936 = CARTESIAN_POINT('',(1.047197551197,-8.1E-02));
#1937 = CARTESIAN_POINT('',(2.094395102393,-8.1E-02));
#1938 = CARTESIAN_POINT('',(3.14159265359,-8.1E-02));
#1939 = CARTESIAN_POINT('',(4.188790204786,-8.1E-02));
#1940 = CARTESIAN_POINT('',(5.235987755983,-8.1E-02));
#1941 = CARTESIAN_POINT('',(6.28318530718,-8.1E-02));
#1942 = ( GEOMETRIC_REPRESENTATION_CONTEXT(2) 
PARAMETRIC_REPRESENTATION_CONTEXT() REPRESENTATION_CONTEXT('2D SPACE',''
  ) );
#1943 = FACE_BOUND('',#1944,.F.);
#1944 = EDGE_LOOP('',(#1945));
#1945 = ORIENTED_EDGE('',*,*,#1946,.T.);
#1946 = EDGE_CURVE('',#1947,#1947,#1949,.T.);
#1947 = VERTEX_POINT('',#1948);
#1948 = CARTESIAN_POINT('',(43.5,40.063962,0.));
#1949 = SURFACE_CURVE('',#1950,(#1958,#1969),.PCURVE_S1.);
#1950 = ( BOUNDED_CURVE() B_SPLINE_CURVE(2,(#1951,#1952,#1953,#1954,
#1955,#1956,#1957),.UNSPECIFIED.,.T.,.F.) B_SPLINE_CURVE_WITH_KNOTS((1,2
    ,2,2,2,1),(-2.094395102393,0.,2.094395102393,4.188790204786,
6.28318530718,8.377580409573),.UNSPECIFIED.) CURVE() 
GEOMETRIC_REPRESENTATION_ITEM() RATIONAL_B_SPLINE_CURVE((1.,0.5,1.,0.5,
1.,0.5,1.)) REPRESENTATION_ITEM('') );
#1951 = CARTESIAN_POINT('',(43.5,40.063962,0.));
#1952 = CARTESIAN_POINT('',(42.287564434702,40.063962,0.));
#1953 = CARTESIAN_POINT('',(42.893782217351,41.113962,0.));
#1954 = CARTESIAN_POINT('',(43.5,42.163962,0.));
#1955 = CARTESIAN_POINT('',(44.106217782649,41.113962,0.));
#1956 = CARTESIAN_POINT('',(44.712435565298,40.063962,0.));
#1957 = CARTESIAN_POINT('',(43.5,40.063962,0.));
#1958 = PCURVE('',#206,#1959);
#1959 = DEFINITIONAL_REPRESENTATION('',(#1960),#1968);
#1960 = ( BOUNDED_CURVE() B_SPLINE_CURVE(2,(#1961,#1962,#1963,#1964,
#1965,#1966,#1967),.UNSPECIFIED.,.T.,.F.) B_SPLINE_CURVE_WITH_KNOTS((3,2
    ,2,3),(0.,2.094395102393,4.188790204786,6.28318530718),
.PIECEWISE_BEZIER_KNOTS.) CURVE() GEOMETRIC_REPRESENTATION_ITEM() 
RATIONAL_B_SPLINE_CURVE((1.,0.5,1.,0.5,1.,0.5,1.)) REPRESENTATION_ITEM(
  '') );
#1961 = CARTESIAN_POINT('',(43.5,40.063962));
#1962 = CARTESIAN_POINT('',(42.287564434702,40.063962));
#1963 = CARTESIAN_POINT('',(42.893782217351,41.113962));
#1964 = CARTESIAN_POINT('',(43.5,42.163962));
#1965 = CARTESIAN_POINT('',(44.106217782649,41.113962));
#1966 = CARTESIAN_POINT('',(44.712435565298,40.063962));
#1967 = CARTESIAN_POINT('',(43.5,40.063962));
#1968 = ( GEOMETRIC_REPRESENTATION_CONTEXT(2) 
PARAMETRIC_REPRESENTATION_CONTEXT() REPRESENTATION_CONTEXT('2D SPACE',''
  ) );
#1969 = PCURVE('',#1970,#1985);
#1970 = ( BOUNDED_SURFACE() B_SPLINE_SURFACE(2,1,(
    (#1971,#1972)
    ,(#1973,#1974)
    ,(#1975,#1976)
    ,(#1977,#1978)
    ,(#1979,#1980)
    ,(#1981,#1982)
    ,(#1983,#1984
)),.UNSPECIFIED.,.T.,.F.,.F.) B_SPLINE_SURFACE_WITH_KNOTS((1,2,2,2,2,1),
  (2,2),(-2.094395102393,0.,2.094395102393,4.188790204786,6.28318530718,
    8.377580409573),(-1.121,-8.1E-02),.UNSPECIFIED.) 
GEOMETRIC_REPRESENTATION_ITEM() RATIONAL_B_SPLINE_SURFACE((
    (1.,1.)
    ,(0.5,0.5)
    ,(1.,1.)
    ,(0.5,0.5)
    ,(1.,1.)
    ,(0.5,0.5)
,(1.,1.))) REPRESENTATION_ITEM('') SURFACE() );
#1971 = CARTESIAN_POINT('',(43.5,40.063962,1.2));
#1972 = CARTESIAN_POINT('',(43.5,40.063962,0.));
#1973 = CARTESIAN_POINT('',(42.287564434702,40.063962,1.2));
#1974 = CARTESIAN_POINT('',(42.287564434702,40.063962,0.));
#1975 = CARTESIAN_POINT('',(42.893782217351,41.113962,1.2));
#1976 = CARTESIAN_POINT('',(42.893782217351,41.113962,0.));
#1977 = CARTESIAN_POINT('',(43.5,42.163962,1.2));
#1978 = CARTESIAN_POINT('',(43.5,42.163962,0.));
#1979 = CARTESIAN_POINT('',(44.106217782649,41.113962,1.2));
#1980 = CARTESIAN_POINT('',(44.106217782649,41.113962,0.));
#1981 = CARTESIAN_POINT('',(44.712435565298,40.063962,1.2));
#1982 = CARTESIAN_POINT('',(44.712435565298,40.063962,0.));
#1983 = CARTESIAN_POINT('',(43.5,40.063962,1.2));
#1984 = CARTESIAN_POINT('',(43.5,40.063962,0.));
#1985 = DEFINITIONAL_REPRESENTATION('',(#1986),#1994);
#1986 = B_SPLINE_CURVE_WITH_KNOTS('',2,(#1987,#1988,#1989,#1990,#1991,
    #1992,#1993),.UNSPECIFIED.,.F.,.F.,(3,2,2,3),(0.,2.094395102393,
    4.188790204786,6.28318530718),.PIECEWISE_BEZIER_KNOTS.);
#1987 = CARTESIAN_POINT('',(0.,-8.1E-02));
#1988 = CARTESIAN_POINT('',(1.047197551197,-8.1E-02));
#1989 = CARTESIAN_POINT('',(2.094395102393,-8.1E-02));
#1990 = CARTESIAN_POINT('',(3.14159265359,-8.1E-02));
#1991 = CARTESIAN_POINT('',(4.188790204786,-8.1E-02));
#1992 = CARTESIAN_POINT('',(5.235987755983,-8.1E-02));
#1993 = CARTESIAN_POINT('',(6.28318530718,-8.1E-02));
#1994 = ( GEOMETRIC_REPRESENTATION_CONTEXT(2) 
PARAMETRIC_REPRESENTATION_CONTEXT() REPRESENTATION_CONTEXT('2D SPACE',''
  ) );
#1995 = FACE_BOUND('',#1996,.F.);
#1996 = EDGE_LOOP('',(#1997));
#1997 = ORIENTED_EDGE('',*,*,#1998,.T.);
#1998 = EDGE_CURVE('',#1999,#1999,#2001,.T.);
#1999 = VERTEX_POINT('',#2000);
#2000 = CARTESIAN_POINT('',(43.5,42.563962,0.));
#2001 = SURFACE_CURVE('',#2002,(#2010,#2021),.PCURVE_S1.);
#2002 = ( BOUNDED_CURVE() B_SPLINE_CURVE(2,(#2003,#2004,#2005,#2006,
#2007,#2008,#2009),.UNSPECIFIED.,.T.,.F.) B_SPLINE_CURVE_WITH_KNOTS((1,2
    ,2,2,2,1),(-2.094395102393,0.,2.094395102393,4.188790204786,
6.28318530718,8.377580409573),.UNSPECIFIED.) CURVE() 
GEOMETRIC_REPRESENTATION_ITEM() RATIONAL_B_SPLINE_CURVE((1.,0.5,1.,0.5,
1.,0.5,1.)) REPRESENTATION_ITEM('') );
#2003 = CARTESIAN_POINT('',(43.5,42.563962,0.));
#2004 = CARTESIAN_POINT('',(42.287564434702,42.563962,0.));
#2005 = CARTESIAN_POINT('',(42.893782217351,43.613962,0.));
#2006 = CARTESIAN_POINT('',(43.5,44.663962,0.));
#2007 = CARTESIAN_POINT('',(44.106217782649,43.613962,0.));
#2008 = CARTESIAN_POINT('',(44.712435565298,42.563962,0.));
#2009 = CARTESIAN_POINT('',(43.5,42.563962,0.));
#2010 = PCURVE('',#206,#2011);
#2011 = DEFINITIONAL_REPRESENTATION('',(#2012),#2020);
#2012 = ( BOUNDED_CURVE() B_SPLINE_CURVE(2,(#2013,#2014,#2015,#2016,
#2017,#2018,#2019),.UNSPECIFIED.,.T.,.F.) B_SPLINE_CURVE_WITH_KNOTS((3,2
    ,2,3),(0.,2.094395102393,4.188790204786,6.28318530718),
.PIECEWISE_BEZIER_KNOTS.) CURVE() GEOMETRIC_REPRESENTATION_ITEM() 
RATIONAL_B_SPLINE_CURVE((1.,0.5,1.,0.5,1.,0.5,1.)) REPRESENTATION_ITEM(
  '') );
#2013 = CARTESIAN_POINT('',(43.5,42.563962));
#2014 = CARTESIAN_POINT('',(42.287564434702,42.563962));
#2015 = CARTESIAN_POINT('',(42.893782217351,43.613962));
#2016 = CARTESIAN_POINT('',(43.5,44.663962));
#2017 = CARTESIAN_POINT('',(44.106217782649,43.613962));
#2018 = CARTESIAN_POINT('',(44.712435565298,42.563962));
#2019 = CARTESIAN_POINT('',(43.5,42.563962));
#2020 = ( GEOMETRIC_REPRESENTATION_CONTEXT(2) 
PARAMETRIC_REPRESENTATION_CONTEXT() REPRESENTATION_CONTEXT('2D SPACE',''
  ) );
#2021 = PCURVE('',#2022,#2037);
#2022 = ( BOUNDED_SURFACE() B_SPLINE_SURFACE(2,1,(
    (#2023,#2024)
    ,(#2025,#2026)
    ,(#2027,#2028)
    ,(#2029,#2030)
    ,(#2031,#2032)
    ,(#2033,#2034)
    ,(#2035,#2036
)),.UNSPECIFIED.,.T.,.F.,.F.) B_SPLINE_SURFACE_WITH_KNOTS((1,2,2,2,2,1),
  (2,2),(-2.094395102393,0.,2.094395102393,4.188790204786,6.28318530718,
    8.377580409573),(-1.121,-8.1E-02),.UNSPECIFIED.) 
GEOMETRIC_REPRESENTATION_ITEM() RATIONAL_B_SPLINE_SURFACE((
    (1.,1.)
    ,(0.5,0.5)
    ,(1.,1.)
    ,(0.5,0.5)
    ,(1.,1.)
    ,(0.5,0.5)
,(1.,1.))) REPRESENTATION_ITEM('') SURFACE() );
#2023 = CARTESIAN_POINT('',(43.5,42.563962,1.2));
#2024 = CARTESIAN_POINT('',(43.5,42.563962,0.));
#2025 = CARTESIAN_POINT('',(42.287564434702,42.563962,1.2));
#2026 = CARTESIAN_POINT('',(42.287564434702,42.563962,0.));
#2027 = CARTESIAN_POINT('',(42.893782217351,43.613962,1.2));
#2028 = CARTESIAN_POINT('',(42.893782217351,43.613962,0.));
#2029 = CARTESIAN_POINT('',(43.5,44.663962,1.2));
#2030 = CARTESIAN_POINT('',(43.5,44.663962,0.));
#2031 = CARTESIAN_POINT('',(44.106217782649,43.613962,1.2));
#2032 = CARTESIAN_POINT('',(44.106217782649,43.613962,0.));
#2033 = CARTESIAN_POINT('',(44.712435565298,42.563962,1.2));
#2034 = CARTESIAN_POINT('',(44.712435565298,42.563962,0.));
#2035 = CARTESIAN_POINT('',(43.5,42.563962,1.2));
#2036 = CARTESIAN_POINT('',(43.5,42.563962,0.));
#2037 = DEFINITIONAL_REPRESENTATION('',(#2038),#2046);
#2038 = B_SPLINE_CURVE_WITH_KNOTS('',2,(#2039,#2040,#2041,#2042,#2043,
    #2044,#2045),.UNSPECIFIED.,.F.,.F.,(3,2,2,3),(0.,2.094395102393,
    4.188790204786,6.28318530718),.PIECEWISE_BEZIER_KNOTS.);
#2039 = CARTESIAN_POINT('',(0.,-8.1E-02));
#2040 = CARTESIAN_POINT('',(1.047197551197,-8.1E-02));
#2041 = CARTESIAN_POINT('',(2.094395102393,-8.1E-02));
#2042 = CARTESIAN_POINT('',(3.14159265359,-8.1E-02));
#2043 = CARTESIAN_POINT('',(4.188790204786,-8.1E-02));
#2044 = CARTESIAN_POINT('',(5.235987755983,-8.1E-02));
#2045 = CARTESIAN_POINT('',(6.28318530718,-8.1E-02));
#2046 = ( GEOMETRIC_REPRESENTATION_CONTEXT(2) 
PARAMETRIC_REPRESENTATION_CONTEXT() REPRESENTATION_CONTEXT('2D SPACE',''
  ) );
#2047 = FACE_BOUND('',#2048,.F.);
#2048 = EDGE_LOOP('',(#2049));
#2049 = ORIENTED_EDGE('',*,*,#2050,.T.);
#2050 = EDGE_CURVE('',#2051,#2051,#2053,.T.);
#2051 = VERTEX_POINT('',#2052);
#2052 = CARTESIAN_POINT('',(46.4,40.813962,0.));
#2053 = SURFACE_CURVE('',#2054,(#2062,#2073),.PCURVE_S1.);
#2054 = ( BOUNDED_CURVE() B_SPLINE_CURVE(2,(#2055,#2056,#2057,#2058,
#2059,#2060,#2061),.UNSPECIFIED.,.T.,.F.) B_SPLINE_CURVE_WITH_KNOTS((1,2
    ,2,2,2,1),(-2.094395102393,0.,2.094395102393,4.188790204786,
6.28318530718,8.377580409573),.UNSPECIFIED.) CURVE() 
GEOMETRIC_REPRESENTATION_ITEM() RATIONAL_B_SPLINE_CURVE((1.,0.5,1.,0.5,
1.,0.5,1.)) REPRESENTATION_ITEM('') );
#2055 = CARTESIAN_POINT('',(46.4,40.813962,0.));
#2056 = CARTESIAN_POINT('',(44.321539030917,40.813962,0.));
#2057 = CARTESIAN_POINT('',(45.360769515459,42.613962,0.));
#2058 = CARTESIAN_POINT('',(46.4,44.413962,0.));
#2059 = CARTESIAN_POINT('',(47.439230484541,42.613962,0.));
#2060 = CARTESIAN_POINT('',(48.478460969083,40.813962,0.));
#2061 = CARTESIAN_POINT('',(46.4,40.813962,0.));
#2062 = PCURVE('',#206,#2063);
#2063 = DEFINITIONAL_REPRESENTATION('',(#2064),#2072);
#2064 = ( BOUNDED_CURVE() B_SPLINE_CURVE(2,(#2065,#2066,#2067,#2068,
#2069,#2070,#2071),.UNSPECIFIED.,.T.,.F.) B_SPLINE_CURVE_WITH_KNOTS((3,2
    ,2,3),(0.,2.094395102393,4.188790204786,6.28318530718),
.PIECEWISE_BEZIER_KNOTS.) CURVE() GEOMETRIC_REPRESENTATION_ITEM() 
RATIONAL_B_SPLINE_CURVE((1.,0.5,1.,0.5,1.,0.5,1.)) REPRESENTATION_ITEM(
  '') );
#2065 = CARTESIAN_POINT('',(46.4,40.813962));
#2066 = CARTESIAN_POINT('',(44.321539030917,40.813962));
#2067 = CARTESIAN_POINT('',(45.360769515459,42.613962));
#2068 = CARTESIAN_POINT('',(46.4,44.413962));
#2069 = CARTESIAN_POINT('',(47.439230484541,42.613962));
#2070 = CARTESIAN_POINT('',(48.478460969083,40.813962));
#2071 = CARTESIAN_POINT('',(46.4,40.813962));
#2072 = ( GEOMETRIC_REPRESENTATION_CONTEXT(2) 
PARAMETRIC_REPRESENTATION_CONTEXT() REPRESENTATION_CONTEXT('2D SPACE',''
  ) );
#2073 = PCURVE('',#2074,#2089);
#2074 = ( BOUNDED_SURFACE() B_SPLINE_SURFACE(2,1,(
    (#2075,#2076)
    ,(#2077,#2078)
    ,(#2079,#2080)
    ,(#2081,#2082)
    ,(#2083,#2084)
    ,(#2085,#2086)
    ,(#2087,#2088
)),.UNSPECIFIED.,.T.,.F.,.F.) B_SPLINE_SURFACE_WITH_KNOTS((1,2,2,2,2,1),
  (2,2),(-2.094395102393,0.,2.094395102393,4.188790204786,6.28318530718,
    8.377580409573),(-1.121,-8.1E-02),.UNSPECIFIED.) 
GEOMETRIC_REPRESENTATION_ITEM() RATIONAL_B_SPLINE_SURFACE((
    (1.,1.)
    ,(0.5,0.5)
    ,(1.,1.)
    ,(0.5,0.5)
    ,(1.,1.)
    ,(0.5,0.5)
,(1.,1.))) REPRESENTATION_ITEM('') SURFACE() );
#2075 = CARTESIAN_POINT('',(46.4,40.813962,1.2));
#2076 = CARTESIAN_POINT('',(46.4,40.813962,0.));
#2077 = CARTESIAN_POINT('',(44.321539030917,40.813962,1.2));
#2078 = CARTESIAN_POINT('',(44.321539030917,40.813962,0.));
#2079 = CARTESIAN_POINT('',(45.360769515459,42.613962,1.2));
#2080 = CARTESIAN_POINT('',(45.360769515459,42.613962,0.));
#2081 = CARTESIAN_POINT('',(46.4,44.413962,1.2));
#2082 = CARTESIAN_POINT('',(46.4,44.413962,0.));
#2083 = CARTESIAN_POINT('',(47.439230484541,42.613962,1.2));
#2084 = CARTESIAN_POINT('',(47.439230484541,42.613962,0.));
#2085 = CARTESIAN_POINT('',(48.478460969083,40.813962,1.2));
#2086 = CARTESIAN_POINT('',(48.478460969083,40.813962,0.));
#2087 = CARTESIAN_POINT('',(46.4,40.813962,1.2));
#2088 = CARTESIAN_POINT('',(46.4,40.813962,0.));
#2089 = DEFINITIONAL_REPRESENTATION('',(#2090),#2098);
#2090 = B_SPLINE_CURVE_WITH_KNOTS('',2,(#2091,#2092,#2093,#2094,#2095,
    #2096,#2097),.UNSPECIFIED.,.F.,.F.,(3,2,2,3),(0.,2.094395102393,
    4.188790204786,6.28318530718),.UNSPECIFIED.);
#2091 = CARTESIAN_POINT('',(0.,-8.1E-02));
#2092 = CARTESIAN_POINT('',(1.047197551197,-8.1E-02));
#2093 = CARTESIAN_POINT('',(2.094395102393,-8.1E-02));
#2094 = CARTESIAN_POINT('',(3.14159265359,-8.1E-02));
#2095 = CARTESIAN_POINT('',(4.188790204786,-8.1E-02));
#2096 = CARTESIAN_POINT('',(5.235987755983,-8.1E-02));
#2097 = CARTESIAN_POINT('',(6.28318530718,-8.1E-02));
#2098 = ( GEOMETRIC_REPRESENTATION_CONTEXT(2) 
PARAMETRIC_REPRESENTATION_CONTEXT() REPRESENTATION_CONTEXT('2D SPACE',''
  ) );
#2099 = FACE_BOUND('',#2100,.F.);
#2100 = EDGE_LOOP('',(#2101));
#2101 = ORIENTED_EDGE('',*,*,#2102,.T.);
#2102 = EDGE_CURVE('',#2103,#2103,#2105,.T.);
#2103 = VERTEX_POINT('',#2104);
#2104 = CARTESIAN_POINT('',(49.3,40.063962,0.));
#2105 = SURFACE_CURVE('',#2106,(#2114,#2125),.PCURVE_S1.);
#2106 = ( BOUNDED_CURVE() B_SPLINE_CURVE(2,(#2107,#2108,#2109,#2110,
#2111,#2112,#2113),.UNSPECIFIED.,.T.,.F.) B_SPLINE_CURVE_WITH_KNOTS((1,2
    ,2,2,2,1),(-2.094395102393,0.,2.094395102393,4.188790204786,
6.28318530718,8.377580409573),.UNSPECIFIED.) CURVE() 
GEOMETRIC_REPRESENTATION_ITEM() RATIONAL_B_SPLINE_CURVE((1.,0.5,1.,0.5,
1.,0.5,1.)) REPRESENTATION_ITEM('') );
#2107 = CARTESIAN_POINT('',(49.3,40.063962,0.));
#2108 = CARTESIAN_POINT('',(48.087564434702,40.063962,0.));
#2109 = CARTESIAN_POINT('',(48.693782217351,41.113962,0.));
#2110 = CARTESIAN_POINT('',(49.3,42.163962,0.));
#2111 = CARTESIAN_POINT('',(49.906217782649,41.113962,0.));
#2112 = CARTESIAN_POINT('',(50.512435565298,40.063962,0.));
#2113 = CARTESIAN_POINT('',(49.3,40.063962,0.));
#2114 = PCURVE('',#206,#2115);
#2115 = DEFINITIONAL_REPRESENTATION('',(#2116),#2124);
#2116 = ( BOUNDED_CURVE() B_SPLINE_CURVE(2,(#2117,#2118,#2119,#2120,
#2121,#2122,#2123),.UNSPECIFIED.,.T.,.F.) B_SPLINE_CURVE_WITH_KNOTS((3,2
    ,2,3),(0.,2.094395102393,4.188790204786,6.28318530718),
.PIECEWISE_BEZIER_KNOTS.) CURVE() GEOMETRIC_REPRESENTATION_ITEM() 
RATIONAL_B_SPLINE_CURVE((1.,0.5,1.,0.5,1.,0.5,1.)) REPRESENTATION_ITEM(
  '') );
#2117 = CARTESIAN_POINT('',(49.3,40.063962));
#2118 = CARTESIAN_POINT('',(48.087564434702,40.063962));
#2119 = CARTESIAN_POINT('',(48.693782217351,41.113962));
#2120 = CARTESIAN_POINT('',(49.3,42.163962));
#2121 = CARTESIAN_POINT('',(49.906217782649,41.113962));
#2122 = CARTESIAN_POINT('',(50.512435565298,40.063962));
#2123 = CARTESIAN_POINT('',(49.3,40.063962));
#2124 = ( GEOMETRIC_REPRESENTATION_CONTEXT(2) 
PARAMETRIC_REPRESENTATION_CONTEXT() REPRESENTATION_CONTEXT('2D SPACE',''
  ) );
#2125 = PCURVE('',#2126,#2141);
#2126 = ( BOUNDED_SURFACE() B_SPLINE_SURFACE(2,1,(
    (#2127,#2128)
    ,(#2129,#2130)
    ,(#2131,#2132)
    ,(#2133,#2134)
    ,(#2135,#2136)
    ,(#2137,#2138)
    ,(#2139,#2140
)),.UNSPECIFIED.,.T.,.F.,.F.) B_SPLINE_SURFACE_WITH_KNOTS((1,2,2,2,2,1),
  (2,2),(-2.094395102393,0.,2.094395102393,4.188790204786,6.28318530718,
    8.377580409573),(-1.121,-8.1E-02),.UNSPECIFIED.) 
GEOMETRIC_REPRESENTATION_ITEM() RATIONAL_B_SPLINE_SURFACE((
    (1.,1.)
    ,(0.5,0.5)
    ,(1.,1.)
    ,(0.5,0.5)
    ,(1.,1.)
    ,(0.5,0.5)
,(1.,1.))) REPRESENTATION_ITEM('') SURFACE() );
#2127 = CARTESIAN_POINT('',(49.3,40.063962,1.2));
#2128 = CARTESIAN_POINT('',(49.3,40.063962,0.));
#2129 = CARTESIAN_POINT('',(48.087564434702,40.063962,1.2));
#2130 = CARTESIAN_POINT('',(48.087564434702,40.063962,0.));
#2131 = CARTESIAN_POINT('',(48.693782217351,41.113962,1.2));
#2132 = CARTESIAN_POINT('',(48.693782217351,41.113962,0.));
#2133 = CARTESIAN_POINT('',(49.3,42.163962,1.2));
#2134 = CARTESIAN_POINT('',(49.3,42.163962,0.));
#2135 = CARTESIAN_POINT('',(49.906217782649,41.113962,1.2));
#2136 = CARTESIAN_POINT('',(49.906217782649,41.113962,0.));
#2137 = CARTESIAN_POINT('',(50.512435565298,40.063962,1.2));
#2138 = CARTESIAN_POINT('',(50.512435565298,40.063962,0.));
#2139 = CARTESIAN_POINT('',(49.3,40.063962,1.2));
#2140 = CARTESIAN_POINT('',(49.3,40.063962,0.));
#2141 = DEFINITIONAL_REPRESENTATION('',(#2142),#2150);
#2142 = B_SPLINE_CURVE_WITH_KNOTS('',2,(#2143,#2144,#2145,#2146,#2147,
    #2148,#2149),.UNSPECIFIED.,.F.,.F.,(3,2,2,3),(0.,2.094395102393,
    4.188790204786,6.28318530718),.PIECEWISE_BEZIER_KNOTS.);
#2143 = CARTESIAN_POINT('',(0.,-8.1E-02));
#2144 = CARTESIAN_POINT('',(1.047197551197,-8.1E-02));
#2145 = CARTESIAN_POINT('',(2.094395102393,-8.1E-02));
#2146 = CARTESIAN_POINT('',(3.14159265359,-8.1E-02));
#2147 = CARTESIAN_POINT('',(4.188790204786,-8.1E-02));
#2148 = CARTESIAN_POINT('',(5.235987755983,-8.1E-02));
#2149 = CARTESIAN_POINT('',(6.28318530718,-8.1E-02));
#2150 = ( GEOMETRIC_REPRESENTATION_CONTEXT(2) 
PARAMETRIC_REPRESENTATION_CONTEXT() REPRESENTATION_CONTEXT('2D SPACE',''
  ) );
#2151 = FACE_BOUND('',#2152,.F.);
#2152 = EDGE_LOOP('',(#2153));
#2153 = ORIENTED_EDGE('',*,*,#2154,.T.);
#2154 = EDGE_CURVE('',#2155,#2155,#2157,.T.);
#2155 = VERTEX_POINT('',#2156);
#2156 = CARTESIAN_POINT('',(49.3,42.563962,0.));
#2157 = SURFACE_CURVE('',#2158,(#2166,#2177),.PCURVE_S1.);
#2158 = ( BOUNDED_CURVE() B_SPLINE_CURVE(2,(#2159,#2160,#2161,#2162,
#2163,#2164,#2165),.UNSPECIFIED.,.T.,.F.) B_SPLINE_CURVE_WITH_KNOTS((1,2
    ,2,2,2,1),(-2.094395102393,0.,2.094395102393,4.188790204786,
6.28318530718,8.377580409573),.UNSPECIFIED.) CURVE() 
GEOMETRIC_REPRESENTATION_ITEM() RATIONAL_B_SPLINE_CURVE((1.,0.5,1.,0.5,
1.,0.5,1.)) REPRESENTATION_ITEM('') );
#2159 = CARTESIAN_POINT('',(49.3,42.563962,0.));
#2160 = CARTESIAN_POINT('',(48.087564434702,42.563962,0.));
#2161 = CARTESIAN_POINT('',(48.693782217351,43.613962,0.));
#2162 = CARTESIAN_POINT('',(49.3,44.663962,0.));
#2163 = CARTESIAN_POINT('',(49.906217782649,43.613962,0.));
#2164 = CARTESIAN_POINT('',(50.512435565298,42.563962,0.));
#2165 = CARTESIAN_POINT('',(49.3,42.563962,0.));
#2166 = PCURVE('',#206,#2167);
#2167 = DEFINITIONAL_REPRESENTATION('',(#2168),#2176);
#2168 = ( BOUNDED_CURVE() B_SPLINE_CURVE(2,(#2169,#2170,#2171,#2172,
#2173,#2174,#2175),.UNSPECIFIED.,.T.,.F.) B_SPLINE_CURVE_WITH_KNOTS((3,2
    ,2,3),(0.,2.094395102393,4.188790204786,6.28318530718),
.PIECEWISE_BEZIER_KNOTS.) CURVE() GEOMETRIC_REPRESENTATION_ITEM() 
RATIONAL_B_SPLINE_CURVE((1.,0.5,1.,0.5,1.,0.5,1.)) REPRESENTATION_ITEM(
  '') );
#2169 = CARTESIAN_POINT('',(49.3,42.563962));
#2170 = CARTESIAN_POINT('',(48.087564434702,42.563962));
#2171 = CARTESIAN_POINT('',(48.693782217351,43.613962));
#2172 = CARTESIAN_POINT('',(49.3,44.663962));
#2173 = CARTESIAN_POINT('',(49.906217782649,43.613962));
#2174 = CARTESIAN_POINT('',(50.512435565298,42.563962));
#2175 = CARTESIAN_POINT('',(49.3,42.563962));
#2176 = ( GEOMETRIC_REPRESENTATION_CONTEXT(2) 
PARAMETRIC_REPRESENTATION_CONTEXT() REPRESENTATION_CONTEXT('2D SPACE',''
  ) );
#2177 = PCURVE('',#2178,#2193);
#2178 = ( BOUNDED_SURFACE() B_SPLINE_SURFACE(2,1,(
    (#2179,#2180)
    ,(#2181,#2182)
    ,(#2183,#2184)
    ,(#2185,#2186)
    ,(#2187,#2188)
    ,(#2189,#2190)
    ,(#2191,#2192
)),.UNSPECIFIED.,.T.,.F.,.F.) B_SPLINE_SURFACE_WITH_KNOTS((1,2,2,2,2,1),
  (2,2),(-2.094395102393,0.,2.094395102393,4.188790204786,6.28318530718,
    8.377580409573),(-1.121,-8.1E-02),.UNSPECIFIED.) 
GEOMETRIC_REPRESENTATION_ITEM() RATIONAL_B_SPLINE_SURFACE((
    (1.,1.)
    ,(0.5,0.5)
    ,(1.,1.)
    ,(0.5,0.5)
    ,(1.,1.)
    ,(0.5,0.5)
,(1.,1.))) REPRESENTATION_ITEM('') SURFACE() );
#2179 = CARTESIAN_POINT('',(49.3,42.563962,1.2));
#2180 = CARTESIAN_POINT('',(49.3,42.563962,0.));
#2181 = CARTESIAN_POINT('',(48.087564434702,42.563962,1.2));
#2182 = CARTESIAN_POINT('',(48.087564434702,42.563962,0.));
#2183 = CARTESIAN_POINT('',(48.693782217351,43.613962,1.2));
#2184 = CARTESIAN_POINT('',(48.693782217351,43.613962,0.));
#2185 = CARTESIAN_POINT('',(49.3,44.663962,1.2));
#2186 = CARTESIAN_POINT('',(49.3,44.663962,0.));
#2187 = CARTESIAN_POINT('',(49.906217782649,43.613962,1.2));
#2188 = CARTESIAN_POINT('',(49.906217782649,43.613962,0.));
#2189 = CARTESIAN_POINT('',(50.512435565298,42.563962,1.2));
#2190 = CARTESIAN_POINT('',(50.512435565298,42.563962,0.));
#2191 = CARTESIAN_POINT('',(49.3,42.563962,1.2));
#2192 = CARTESIAN_POINT('',(49.3,42.563962,0.));
#2193 = DEFINITIONAL_REPRESENTATION('',(#2194),#2202);
#2194 = B_SPLINE_CURVE_WITH_KNOTS('',2,(#2195,#2196,#2197,#2198,#2199,
    #2200,#2201),.UNSPECIFIED.,.F.,.F.,(3,2,2,3),(0.,2.094395102393,
    4.188790204786,6.28318530718),.PIECEWISE_BEZIER_KNOTS.);
#2195 = CARTESIAN_POINT('',(0.,-8.1E-02));
#2196 = CARTESIAN_POINT('',(1.047197551197,-8.1E-02));
#2197 = CARTESIAN_POINT('',(2.094395102393,-8.1E-02));
#2198 = CARTESIAN_POINT('',(3.14159265359,-8.1E-02));
#2199 = CARTESIAN_POINT('',(4.188790204786,-8.1E-02));
#2200 = CARTESIAN_POINT('',(5.235987755983,-8.1E-02));
#2201 = CARTESIAN_POINT('',(6.28318530718,-8.1E-02));
#2202 = ( GEOMETRIC_REPRESENTATION_CONTEXT(2) 
PARAMETRIC_REPRESENTATION_CONTEXT() REPRESENTATION_CONTEXT('2D SPACE',''
  ) );
#2203 = FACE_BOUND('',#2204,.F.);
#2204 = EDGE_LOOP('',(#2205));
#2205 = ORIENTED_EDGE('',*,*,#2206,.T.);
#2206 = EDGE_CURVE('',#2207,#2207,#2209,.T.);
#2207 = VERTEX_POINT('',#2208);
#2208 = CARTESIAN_POINT('',(52.8,40.063962,0.));
#2209 = SURFACE_CURVE('',#2210,(#2218,#2229),.PCURVE_S1.);
#2210 = ( BOUNDED_CURVE() B_SPLINE_CURVE(2,(#2211,#2212,#2213,#2214,
#2215,#2216,#2217),.UNSPECIFIED.,.T.,.F.) B_SPLINE_CURVE_WITH_KNOTS((1,2
    ,2,2,2,1),(-2.094395102393,0.,2.094395102393,4.188790204786,
6.28318530718,8.377580409573),.UNSPECIFIED.) CURVE() 
GEOMETRIC_REPRESENTATION_ITEM() RATIONAL_B_SPLINE_CURVE((1.,0.5,1.,0.5,
1.,0.5,1.)) REPRESENTATION_ITEM('') );
#2211 = CARTESIAN_POINT('',(52.8,40.063962,0.));
#2212 = CARTESIAN_POINT('',(51.587564434702,40.063962,0.));
#2213 = CARTESIAN_POINT('',(52.193782217351,41.113962,0.));
#2214 = CARTESIAN_POINT('',(52.8,42.163962,0.));
#2215 = CARTESIAN_POINT('',(53.406217782649,41.113962,0.));
#2216 = CARTESIAN_POINT('',(54.012435565298,40.063962,0.));
#2217 = CARTESIAN_POINT('',(52.8,40.063962,0.));
#2218 = PCURVE('',#206,#2219);
#2219 = DEFINITIONAL_REPRESENTATION('',(#2220),#2228);
#2220 = ( BOUNDED_CURVE() B_SPLINE_CURVE(2,(#2221,#2222,#2223,#2224,
#2225,#2226,#2227),.UNSPECIFIED.,.T.,.F.) B_SPLINE_CURVE_WITH_KNOTS((3,2
    ,2,3),(0.,2.094395102393,4.188790204786,6.28318530718),
.PIECEWISE_BEZIER_KNOTS.) CURVE() GEOMETRIC_REPRESENTATION_ITEM() 
RATIONAL_B_SPLINE_CURVE((1.,0.5,1.,0.5,1.,0.5,1.)) REPRESENTATION_ITEM(
  '') );
#2221 = CARTESIAN_POINT('',(52.8,40.063962));
#2222 = CARTESIAN_POINT('',(51.587564434702,40.063962));
#2223 = CARTESIAN_POINT('',(52.193782217351,41.113962));
#2224 = CARTESIAN_POINT('',(52.8,42.163962));
#2225 = CARTESIAN_POINT('',(53.406217782649,41.113962));
#2226 = CARTESIAN_POINT('',(54.012435565298,40.063962));
#2227 = CARTESIAN_POINT('',(52.8,40.063962));
#2228 = ( GEOMETRIC_REPRESENTATION_CONTEXT(2) 
PARAMETRIC_REPRESENTATION_CONTEXT() REPRESENTATION_CONTEXT('2D SPACE',''
  ) );
#2229 = PCURVE('',#2230,#2245);
#2230 = ( BOUNDED_SURFACE() B_SPLINE_SURFACE(2,1,(
    (#2231,#2232)
    ,(#2233,#2234)
    ,(#2235,#2236)
    ,(#2237,#2238)
    ,(#2239,#2240)
    ,(#2241,#2242)
    ,(#2243,#2244
)),.UNSPECIFIED.,.T.,.F.,.F.) B_SPLINE_SURFACE_WITH_KNOTS((1,2,2,2,2,1),
  (2,2),(-2.094395102393,0.,2.094395102393,4.188790204786,6.28318530718,
    8.377580409573),(-1.121,-8.1E-02),.UNSPECIFIED.) 
GEOMETRIC_REPRESENTATION_ITEM() RATIONAL_B_SPLINE_SURFACE((
    (1.,1.)
    ,(0.5,0.5)
    ,(1.,1.)
    ,(0.5,0.5)
    ,(1.,1.)
    ,(0.5,0.5)
,(1.,1.))) REPRESENTATION_ITEM('') SURFACE() );
#2231 = CARTESIAN_POINT('',(52.8,40.063962,1.2));
#2232 = CARTESIAN_POINT('',(52.8,40.063962,0.));
#2233 = CARTESIAN_POINT('',(51.587564434702,40.063962,1.2));
#2234 = CARTESIAN_POINT('',(51.587564434702,40.063962,0.));
#2235 = CARTESIAN_POINT('',(52.193782217351,41.113962,1.2));
#2236 = CARTESIAN_POINT('',(52.193782217351,41.113962,0.));
#2237 = CARTESIAN_POINT('',(52.8,42.163962,1.2));
#2238 = CARTESIAN_POINT('',(52.8,42.163962,0.));
#2239 = CARTESIAN_POINT('',(53.406217782649,41.113962,1.2));
#2240 = CARTESIAN_POINT('',(53.406217782649,41.113962,0.));
#2241 = CARTESIAN_POINT('',(54.012435565298,40.063962,1.2));
#2242 = CARTESIAN_POINT('',(54.012435565298,40.063962,0.));
#2243 = CARTESIAN_POINT('',(52.8,40.063962,1.2));
#2244 = CARTESIAN_POINT('',(52.8,40.063962,0.));
#2245 = DEFINITIONAL_REPRESENTATION('',(#2246),#2254);
#2246 = B_SPLINE_CURVE_WITH_KNOTS('',2,(#2247,#2248,#2249,#2250,#2251,
    #2252,#2253),.UNSPECIFIED.,.F.,.F.,(3,2,2,3),(0.,2.094395102393,
    4.188790204786,6.28318530718),.PIECEWISE_BEZIER_KNOTS.);
#2247 = CARTESIAN_POINT('',(0.,-8.1E-02));
#2248 = CARTESIAN_POINT('',(1.047197551197,-8.1E-02));
#2249 = CARTESIAN_POINT('',(2.094395102393,-8.1E-02));
#2250 = CARTESIAN_POINT('',(3.14159265359,-8.1E-02));
#2251 = CARTESIAN_POINT('',(4.188790204786,-8.1E-02));
#2252 = CARTESIAN_POINT('',(5.235987755983,-8.1E-02));
#2253 = CARTESIAN_POINT('',(6.28318530718,-8.1E-02));
#2254 = ( GEOMETRIC_REPRESENTATION_CONTEXT(2) 
PARAMETRIC_REPRESENTATION_CONTEXT() REPRESENTATION_CONTEXT('2D SPACE',''
  ) );
#2255 = FACE_BOUND('',#2256,.F.);
#2256 = EDGE_LOOP('',(#2257));
#2257 = ORIENTED_EDGE('',*,*,#2258,.T.);
#2258 = EDGE_CURVE('',#2259,#2259,#2261,.T.);
#2259 = VERTEX_POINT('',#2260);
#2260 = CARTESIAN_POINT('',(52.8,42.563962,0.));
#2261 = SURFACE_CURVE('',#2262,(#2270,#2281),.PCURVE_S1.);
#2262 = ( BOUNDED_CURVE() B_SPLINE_CURVE(2,(#2263,#2264,#2265,#2266,
#2267,#2268,#2269),.UNSPECIFIED.,.T.,.F.) B_SPLINE_CURVE_WITH_KNOTS((1,2
    ,2,2,2,1),(-2.094395102393,0.,2.094395102393,4.188790204786,
6.28318530718,8.377580409573),.UNSPECIFIED.) CURVE() 
GEOMETRIC_REPRESENTATION_ITEM() RATIONAL_B_SPLINE_CURVE((1.,0.5,1.,0.5,
1.,0.5,1.)) REPRESENTATION_ITEM('') );
#2263 = CARTESIAN_POINT('',(52.8,42.563962,0.));
#2264 = CARTESIAN_POINT('',(51.587564434702,42.563962,0.));
#2265 = CARTESIAN_POINT('',(52.193782217351,43.613962,0.));
#2266 = CARTESIAN_POINT('',(52.8,44.663962,0.));
#2267 = CARTESIAN_POINT('',(53.406217782649,43.613962,0.));
#2268 = CARTESIAN_POINT('',(54.012435565298,42.563962,0.));
#2269 = CARTESIAN_POINT('',(52.8,42.563962,0.));
#2270 = PCURVE('',#206,#2271);
#2271 = DEFINITIONAL_REPRESENTATION('',(#2272),#2280);
#2272 = ( BOUNDED_CURVE() B_SPLINE_CURVE(2,(#2273,#2274,#2275,#2276,
#2277,#2278,#2279),.UNSPECIFIED.,.T.,.F.) B_SPLINE_CURVE_WITH_KNOTS((3,2
    ,2,3),(0.,2.094395102393,4.188790204786,6.28318530718),
.PIECEWISE_BEZIER_KNOTS.) CURVE() GEOMETRIC_REPRESENTATION_ITEM() 
RATIONAL_B_SPLINE_CURVE((1.,0.5,1.,0.5,1.,0.5,1.)) REPRESENTATION_ITEM(
  '') );
#2273 = CARTESIAN_POINT('',(52.8,42.563962));
#2274 = CARTESIAN_POINT('',(51.587564434702,42.563962));
#2275 = CARTESIAN_POINT('',(52.193782217351,43.613962));
#2276 = CARTESIAN_POINT('',(52.8,44.663962));
#2277 = CARTESIAN_POINT('',(53.406217782649,43.613962));
#2278 = CARTESIAN_POINT('',(54.012435565298,42.563962));
#2279 = CARTESIAN_POINT('',(52.8,42.563962));
#2280 = ( GEOMETRIC_REPRESENTATION_CONTEXT(2) 
PARAMETRIC_REPRESENTATION_CONTEXT() REPRESENTATION_CONTEXT('2D SPACE',''
  ) );
#2281 = PCURVE('',#2282,#2297);
#2282 = ( BOUNDED_SURFACE() B_SPLINE_SURFACE(2,1,(
    (#2283,#2284)
    ,(#2285,#2286)
    ,(#2287,#2288)
    ,(#2289,#2290)
    ,(#2291,#2292)
    ,(#2293,#2294)
    ,(#2295,#2296
)),.UNSPECIFIED.,.T.,.F.,.F.) B_SPLINE_SURFACE_WITH_KNOTS((1,2,2,2,2,1),
  (2,2),(-2.094395102393,0.,2.094395102393,4.188790204786,6.28318530718,
    8.377580409573),(-1.121,-8.1E-02),.UNSPECIFIED.) 
GEOMETRIC_REPRESENTATION_ITEM() RATIONAL_B_SPLINE_SURFACE((
    (1.,1.)
    ,(0.5,0.5)
    ,(1.,1.)
    ,(0.5,0.5)
    ,(1.,1.)
    ,(0.5,0.5)
,(1.,1.))) REPRESENTATION_ITEM('') SURFACE() );
#2283 = CARTESIAN_POINT('',(52.8,42.563962,1.2));
#2284 = CARTESIAN_POINT('',(52.8,42.563962,0.));
#2285 = CARTESIAN_POINT('',(51.587564434702,42.563962,1.2));
#2286 = CARTESIAN_POINT('',(51.587564434702,42.563962,0.));
#2287 = CARTESIAN_POINT('',(52.193782217351,43.613962,1.2));
#2288 = CARTESIAN_POINT('',(52.193782217351,43.613962,0.));
#2289 = CARTESIAN_POINT('',(52.8,44.663962,1.2));
#2290 = CARTESIAN_POINT('',(52.8,44.663962,0.));
#2291 = CARTESIAN_POINT('',(53.406217782649,43.613962,1.2));
#2292 = CARTESIAN_POINT('',(53.406217782649,43.613962,0.));
#2293 = CARTESIAN_POINT('',(54.012435565298,42.563962,1.2));
#2294 = CARTESIAN_POINT('',(54.012435565298,42.563962,0.));
#2295 = CARTESIAN_POINT('',(52.8,42.563962,1.2));
#2296 = CARTESIAN_POINT('',(52.8,42.563962,0.));
#2297 = DEFINITIONAL_REPRESENTATION('',(#2298),#2306);
#2298 = B_SPLINE_CURVE_WITH_KNOTS('',2,(#2299,#2300,#2301,#2302,#2303,
    #2304,#2305),.UNSPECIFIED.,.F.,.F.,(3,2,2,3),(0.,2.094395102393,
    4.188790204786,6.28318530718),.PIECEWISE_BEZIER_KNOTS.);
#2299 = CARTESIAN_POINT('',(0.,-8.1E-02));
#2300 = CARTESIAN_POINT('',(1.047197551197,-8.1E-02));
#2301 = CARTESIAN_POINT('',(2.094395102393,-8.1E-02));
#2302 = CARTESIAN_POINT('',(3.14159265359,-8.1E-02));
#2303 = CARTESIAN_POINT('',(4.188790204786,-8.1E-02));
#2304 = CARTESIAN_POINT('',(5.235987755983,-8.1E-02));
#2305 = CARTESIAN_POINT('',(6.28318530718,-8.1E-02));
#2306 = ( GEOMETRIC_REPRESENTATION_CONTEXT(2) 
PARAMETRIC_REPRESENTATION_CONTEXT() REPRESENTATION_CONTEXT('2D SPACE',''
  ) );
#2307 = FACE_BOUND('',#2308,.F.);
#2308 = EDGE_LOOP('',(#2309));
#2309 = ORIENTED_EDGE('',*,*,#2310,.T.);
#2310 = EDGE_CURVE('',#2311,#2311,#2313,.T.);
#2311 = VERTEX_POINT('',#2312);
#2312 = CARTESIAN_POINT('',(11.,53.413962,0.));
#2313 = SURFACE_CURVE('',#2314,(#2322,#2333),.PCURVE_S1.);
#2314 = ( BOUNDED_CURVE() B_SPLINE_CURVE(2,(#2315,#2316,#2317,#2318,
#2319,#2320,#2321),.UNSPECIFIED.,.T.,.F.) B_SPLINE_CURVE_WITH_KNOTS((1,2
    ,2,2,2,1),(-2.094395102393,0.,2.094395102393,4.188790204786,
6.28318530718,8.377580409573),.UNSPECIFIED.) CURVE() 
GEOMETRIC_REPRESENTATION_ITEM() RATIONAL_B_SPLINE_CURVE((1.,0.5,1.,0.5,
1.,0.5,1.)) REPRESENTATION_ITEM('') );
#2315 = CARTESIAN_POINT('',(11.,53.413962,0.));
#2316 = CARTESIAN_POINT('',(9.527756813566,53.413962,0.));
#2317 = CARTESIAN_POINT('',(10.263878406783,54.688962,0.));
#2318 = CARTESIAN_POINT('',(11.,55.963962,0.));
#2319 = CARTESIAN_POINT('',(11.736121593217,54.688962,0.));
#2320 = CARTESIAN_POINT('',(12.472243186434,53.413962,0.));
#2321 = CARTESIAN_POINT('',(11.,53.413962,0.));
#2322 = PCURVE('',#206,#2323);
#2323 = DEFINITIONAL_REPRESENTATION('',(#2324),#2332);
#2324 = ( BOUNDED_CURVE() B_SPLINE_CURVE(2,(#2325,#2326,#2327,#2328,
#2329,#2330,#2331),.UNSPECIFIED.,.T.,.F.) B_SPLINE_CURVE_WITH_KNOTS((3,2
    ,2,3),(0.,2.094395102393,4.188790204786,6.28318530718),
.PIECEWISE_BEZIER_KNOTS.) CURVE() GEOMETRIC_REPRESENTATION_ITEM() 
RATIONAL_B_SPLINE_CURVE((1.,0.5,1.,0.5,1.,0.5,1.)) REPRESENTATION_ITEM(
  '') );
#2325 = CARTESIAN_POINT('',(11.,53.413962));
#2326 = CARTESIAN_POINT('',(9.527756813566,53.413962));
#2327 = CARTESIAN_POINT('',(10.263878406783,54.688962));
#2328 = CARTESIAN_POINT('',(11.,55.963962));
#2329 = CARTESIAN_POINT('',(11.736121593217,54.688962));
#2330 = CARTESIAN_POINT('',(12.472243186434,53.413962));
#2331 = CARTESIAN_POINT('',(11.,53.413962));
#2332 = ( GEOMETRIC_REPRESENTATION_CONTEXT(2) 
PARAMETRIC_REPRESENTATION_CONTEXT() REPRESENTATION_CONTEXT('2D SPACE',''
  ) );
#2333 = PCURVE('',#2334,#2349);
#2334 = ( BOUNDED_SURFACE() B_SPLINE_SURFACE(2,1,(
    (#2335,#2336)
    ,(#2337,#2338)
    ,(#2339,#2340)
    ,(#2341,#2342)
    ,(#2343,#2344)
    ,(#2345,#2346)
    ,(#2347,#2348
)),.UNSPECIFIED.,.T.,.F.,.F.) B_SPLINE_SURFACE_WITH_KNOTS((1,2,2,2,2,1),
  (2,2),(-2.094395102393,0.,2.094395102393,4.188790204786,6.28318530718,
    8.377580409573),(-1.121,-8.1E-02),.UNSPECIFIED.) 
GEOMETRIC_REPRESENTATION_ITEM() RATIONAL_B_SPLINE_SURFACE((
    (1.,1.)
    ,(0.5,0.5)
    ,(1.,1.)
    ,(0.5,0.5)
    ,(1.,1.)
    ,(0.5,0.5)
,(1.,1.))) REPRESENTATION_ITEM('') SURFACE() );
#2335 = CARTESIAN_POINT('',(11.,53.413962,1.2));
#2336 = CARTESIAN_POINT('',(11.,53.413962,0.));
#2337 = CARTESIAN_POINT('',(9.527756813566,53.413962,1.2));
#2338 = CARTESIAN_POINT('',(9.527756813566,53.413962,0.));
#2339 = CARTESIAN_POINT('',(10.263878406783,54.688962,1.2));
#2340 = CARTESIAN_POINT('',(10.263878406783,54.688962,0.));
#2341 = CARTESIAN_POINT('',(11.,55.963962,1.2));
#2342 = CARTESIAN_POINT('',(11.,55.963962,0.));
#2343 = CARTESIAN_POINT('',(11.736121593217,54.688962,1.2));
#2344 = CARTESIAN_POINT('',(11.736121593217,54.688962,0.));
#2345 = CARTESIAN_POINT('',(12.472243186434,53.413962,1.2));
#2346 = CARTESIAN_POINT('',(12.472243186434,53.413962,0.));
#2347 = CARTESIAN_POINT('',(11.,53.413962,1.2));
#2348 = CARTESIAN_POINT('',(11.,53.413962,0.));
#2349 = DEFINITIONAL_REPRESENTATION('',(#2350),#2358);
#2350 = B_SPLINE_CURVE_WITH_KNOTS('',2,(#2351,#2352,#2353,#2354,#2355,
    #2356,#2357),.UNSPECIFIED.,.F.,.F.,(3,2,2,3),(0.,2.094395102393,
    4.188790204786,6.28318530718),.PIECEWISE_BEZIER_KNOTS.);
#2351 = CARTESIAN_POINT('',(0.,-8.1E-02));
#2352 = CARTESIAN_POINT('',(1.047197551197,-8.1E-02));
#2353 = CARTESIAN_POINT('',(2.094395102393,-8.1E-02));
#2354 = CARTESIAN_POINT('',(3.14159265359,-8.1E-02));
#2355 = CARTESIAN_POINT('',(4.188790204786,-8.1E-02));
#2356 = CARTESIAN_POINT('',(5.235987755983,-8.1E-02));
#2357 = CARTESIAN_POINT('',(6.28318530718,-8.1E-02));
#2358 = ( GEOMETRIC_REPRESENTATION_CONTEXT(2) 
PARAMETRIC_REPRESENTATION_CONTEXT() REPRESENTATION_CONTEXT('2D SPACE',''
  ) );
#2359 = FACE_BOUND('',#2360,.F.);
#2360 = EDGE_LOOP('',(#2361));
#2361 = ORIENTED_EDGE('',*,*,#2362,.T.);
#2362 = EDGE_CURVE('',#2363,#2363,#2365,.T.);
#2363 = VERTEX_POINT('',#2364);
#2364 = CARTESIAN_POINT('',(14.96,53.413962,0.));
#2365 = SURFACE_CURVE('',#2366,(#2374,#2385),.PCURVE_S1.);
#2366 = ( BOUNDED_CURVE() B_SPLINE_CURVE(2,(#2367,#2368,#2369,#2370,
#2371,#2372,#2373),.UNSPECIFIED.,.T.,.F.) B_SPLINE_CURVE_WITH_KNOTS((1,2
    ,2,2,2,1),(-2.094395102393,0.,2.094395102393,4.188790204786,
6.28318530718,8.377580409573),.UNSPECIFIED.) CURVE() 
GEOMETRIC_REPRESENTATION_ITEM() RATIONAL_B_SPLINE_CURVE((1.,0.5,1.,0.5,
1.,0.5,1.)) REPRESENTATION_ITEM('') );
#2367 = CARTESIAN_POINT('',(14.96,53.413962,0.));
#2368 = CARTESIAN_POINT('',(13.487756813566,53.413962,0.));
#2369 = CARTESIAN_POINT('',(14.223878406783,54.688962,0.));
#2370 = CARTESIAN_POINT('',(14.96,55.963962,0.));
#2371 = CARTESIAN_POINT('',(15.696121593217,54.688962,0.));
#2372 = CARTESIAN_POINT('',(16.432243186434,53.413962,0.));
#2373 = CARTESIAN_POINT('',(14.96,53.413962,0.));
#2374 = PCURVE('',#206,#2375);
#2375 = DEFINITIONAL_REPRESENTATION('',(#2376),#2384);
#2376 = ( BOUNDED_CURVE() B_SPLINE_CURVE(2,(#2377,#2378,#2379,#2380,
#2381,#2382,#2383),.UNSPECIFIED.,.T.,.F.) B_SPLINE_CURVE_WITH_KNOTS((3,2
    ,2,3),(0.,2.094395102393,4.188790204786,6.28318530718),
.PIECEWISE_BEZIER_KNOTS.) CURVE() GEOMETRIC_REPRESENTATION_ITEM() 
RATIONAL_B_SPLINE_CURVE((1.,0.5,1.,0.5,1.,0.5,1.)) REPRESENTATION_ITEM(
  '') );
#2377 = CARTESIAN_POINT('',(14.96,53.413962));
#2378 = CARTESIAN_POINT('',(13.487756813566,53.413962));
#2379 = CARTESIAN_POINT('',(14.223878406783,54.688962));
#2380 = CARTESIAN_POINT('',(14.96,55.963962));
#2381 = CARTESIAN_POINT('',(15.696121593217,54.688962));
#2382 = CARTESIAN_POINT('',(16.432243186434,53.413962));
#2383 = CARTESIAN_POINT('',(14.96,53.413962));
#2384 = ( GEOMETRIC_REPRESENTATION_CONTEXT(2) 
PARAMETRIC_REPRESENTATION_CONTEXT() REPRESENTATION_CONTEXT('2D SPACE',''
  ) );
#2385 = PCURVE('',#2386,#2401);
#2386 = ( BOUNDED_SURFACE() B_SPLINE_SURFACE(2,1,(
    (#2387,#2388)
    ,(#2389,#2390)
    ,(#2391,#2392)
    ,(#2393,#2394)
    ,(#2395,#2396)
    ,(#2397,#2398)
    ,(#2399,#2400
)),.UNSPECIFIED.,.T.,.F.,.F.) B_SPLINE_SURFACE_WITH_KNOTS((1,2,2,2,2,1),
  (2,2),(-2.094395102393,0.,2.094395102393,4.188790204786,6.28318530718,
    8.377580409573),(-1.121,-8.1E-02),.UNSPECIFIED.) 
GEOMETRIC_REPRESENTATION_ITEM() RATIONAL_B_SPLINE_SURFACE((
    (1.,1.)
    ,(0.5,0.5)
    ,(1.,1.)
    ,(0.5,0.5)
    ,(1.,1.)
    ,(0.5,0.5)
,(1.,1.))) REPRESENTATION_ITEM('') SURFACE() );
#2387 = CARTESIAN_POINT('',(14.96,53.413962,1.2));
#2388 = CARTESIAN_POINT('',(14.96,53.413962,0.));
#2389 = CARTESIAN_POINT('',(13.487756813566,53.413962,1.2));
#2390 = CARTESIAN_POINT('',(13.487756813566,53.413962,0.));
#2391 = CARTESIAN_POINT('',(14.223878406783,54.688962,1.2));
#2392 = CARTESIAN_POINT('',(14.223878406783,54.688962,0.));
#2393 = CARTESIAN_POINT('',(14.96,55.963962,1.2));
#2394 = CARTESIAN_POINT('',(14.96,55.963962,0.));
#2395 = CARTESIAN_POINT('',(15.696121593217,54.688962,1.2));
#2396 = CARTESIAN_POINT('',(15.696121593217,54.688962,0.));
#2397 = CARTESIAN_POINT('',(16.432243186434,53.413962,1.2));
#2398 = CARTESIAN_POINT('',(16.432243186434,53.413962,0.));
#2399 = CARTESIAN_POINT('',(14.96,53.413962,1.2));
#2400 = CARTESIAN_POINT('',(14.96,53.413962,0.));
#2401 = DEFINITIONAL_REPRESENTATION('',(#2402),#2410);
#2402 = B_SPLINE_CURVE_WITH_KNOTS('',2,(#2403,#2404,#2405,#2406,#2407,
    #2408,#2409),.UNSPECIFIED.,.F.,.F.,(3,2,2,3),(0.,2.094395102393,
    4.188790204786,6.28318530718),.PIECEWISE_BEZIER_KNOTS.);
#2403 = CARTESIAN_POINT('',(0.,-8.1E-02));
#2404 = CARTESIAN_POINT('',(1.047197551197,-8.1E-02));
#2405 = CARTESIAN_POINT('',(2.094395102393,-8.1E-02));
#2406 = CARTESIAN_POINT('',(3.14159265359,-8.1E-02));
#2407 = CARTESIAN_POINT('',(4.188790204786,-8.1E-02));
#2408 = CARTESIAN_POINT('',(5.235987755983,-8.1E-02));
#2409 = CARTESIAN_POINT('',(6.28318530718,-8.1E-02));
#2410 = ( GEOMETRIC_REPRESENTATION_CONTEXT(2) 
PARAMETRIC_REPRESENTATION_CONTEXT() REPRESENTATION_CONTEXT('2D SPACE',''
  ) );
#2411 = FACE_BOUND('',#2412,.F.);
#2412 = EDGE_LOOP('',(#2413));
#2413 = ORIENTED_EDGE('',*,*,#2414,.T.);
#2414 = EDGE_CURVE('',#2415,#2415,#2417,.T.);
#2415 = VERTEX_POINT('',#2416);
#2416 = CARTESIAN_POINT('',(7.,61.063962,0.));
#2417 = SURFACE_CURVE('',#2418,(#2426,#2437),.PCURVE_S1.);
#2418 = ( BOUNDED_CURVE() B_SPLINE_CURVE(2,(#2419,#2420,#2421,#2422,
#2423,#2424,#2425),.UNSPECIFIED.,.T.,.F.) B_SPLINE_CURVE_WITH_KNOTS((1,2
    ,2,2,2,1),(-2.094395102393,0.,2.094395102393,4.188790204786,
6.28318530718,8.377580409573),.UNSPECIFIED.) CURVE() 
GEOMETRIC_REPRESENTATION_ITEM() RATIONAL_B_SPLINE_CURVE((1.,0.5,1.,0.5,
1.,0.5,1.)) REPRESENTATION_ITEM('') );
#2419 = CARTESIAN_POINT('',(7.,61.063962,0.));
#2420 = CARTESIAN_POINT('',(5.787564434702,61.063962,0.));
#2421 = CARTESIAN_POINT('',(6.393782217351,62.113962,0.));
#2422 = CARTESIAN_POINT('',(7.,63.163962,0.));
#2423 = CARTESIAN_POINT('',(7.606217782649,62.113962,0.));
#2424 = CARTESIAN_POINT('',(8.212435565298,61.063962,0.));
#2425 = CARTESIAN_POINT('',(7.,61.063962,0.));
#2426 = PCURVE('',#206,#2427);
#2427 = DEFINITIONAL_REPRESENTATION('',(#2428),#2436);
#2428 = ( BOUNDED_CURVE() B_SPLINE_CURVE(2,(#2429,#2430,#2431,#2432,
#2433,#2434,#2435),.UNSPECIFIED.,.T.,.F.) B_SPLINE_CURVE_WITH_KNOTS((3,2
    ,2,3),(0.,2.094395102393,4.188790204786,6.28318530718),
.PIECEWISE_BEZIER_KNOTS.) CURVE() GEOMETRIC_REPRESENTATION_ITEM() 
RATIONAL_B_SPLINE_CURVE((1.,0.5,1.,0.5,1.,0.5,1.)) REPRESENTATION_ITEM(
  '') );
#2429 = CARTESIAN_POINT('',(7.,61.063962));
#2430 = CARTESIAN_POINT('',(5.787564434702,61.063962));
#2431 = CARTESIAN_POINT('',(6.393782217351,62.113962));
#2432 = CARTESIAN_POINT('',(7.,63.163962));
#2433 = CARTESIAN_POINT('',(7.606217782649,62.113962));
#2434 = CARTESIAN_POINT('',(8.212435565298,61.063962));
#2435 = CARTESIAN_POINT('',(7.,61.063962));
#2436 = ( GEOMETRIC_REPRESENTATION_CONTEXT(2) 
PARAMETRIC_REPRESENTATION_CONTEXT() REPRESENTATION_CONTEXT('2D SPACE',''
  ) );
#2437 = PCURVE('',#2438,#2453);
#2438 = ( BOUNDED_SURFACE() B_SPLINE_SURFACE(2,1,(
    (#2439,#2440)
    ,(#2441,#2442)
    ,(#2443,#2444)
    ,(#2445,#2446)
    ,(#2447,#2448)
    ,(#2449,#2450)
    ,(#2451,#2452
)),.UNSPECIFIED.,.T.,.F.,.F.) B_SPLINE_SURFACE_WITH_KNOTS((1,2,2,2,2,1),
  (2,2),(-2.094395102393,0.,2.094395102393,4.188790204786,6.28318530718,
    8.377580409573),(-1.121,-8.1E-02),.UNSPECIFIED.) 
GEOMETRIC_REPRESENTATION_ITEM() RATIONAL_B_SPLINE_SURFACE((
    (1.,1.)
    ,(0.5,0.5)
    ,(1.,1.)
    ,(0.5,0.5)
    ,(1.,1.)
    ,(0.5,0.5)
,(1.,1.))) REPRESENTATION_ITEM('') SURFACE() );
#2439 = CARTESIAN_POINT('',(7.,61.063962,1.2));
#2440 = CARTESIAN_POINT('',(7.,61.063962,0.));
#2441 = CARTESIAN_POINT('',(5.787564434702,61.063962,1.2));
#2442 = CARTESIAN_POINT('',(5.787564434702,61.063962,0.));
#2443 = CARTESIAN_POINT('',(6.393782217351,62.113962,1.2));
#2444 = CARTESIAN_POINT('',(6.393782217351,62.113962,0.));
#2445 = CARTESIAN_POINT('',(7.,63.163962,1.2));
#2446 = CARTESIAN_POINT('',(7.,63.163962,0.));
#2447 = CARTESIAN_POINT('',(7.606217782649,62.113962,1.2));
#2448 = CARTESIAN_POINT('',(7.606217782649,62.113962,0.));
#2449 = CARTESIAN_POINT('',(8.212435565298,61.063962,1.2));
#2450 = CARTESIAN_POINT('',(8.212435565298,61.063962,0.));
#2451 = CARTESIAN_POINT('',(7.,61.063962,1.2));
#2452 = CARTESIAN_POINT('',(7.,61.063962,0.));
#2453 = DEFINITIONAL_REPRESENTATION('',(#2454),#2462);
#2454 = B_SPLINE_CURVE_WITH_KNOTS('',2,(#2455,#2456,#2457,#2458,#2459,
    #2460,#2461),.UNSPECIFIED.,.F.,.F.,(3,2,2,3),(0.,2.094395102393,
    4.188790204786,6.28318530718),.PIECEWISE_BEZIER_KNOTS.);
#2455 = CARTESIAN_POINT('',(0.,-8.1E-02));
#2456 = CARTESIAN_POINT('',(1.047197551197,-8.1E-02));
#2457 = CARTESIAN_POINT('',(2.094395102393,-8.1E-02));
#2458 = CARTESIAN_POINT('',(3.14159265359,-8.1E-02));
#2459 = CARTESIAN_POINT('',(4.188790204786,-8.1E-02));
#2460 = CARTESIAN_POINT('',(5.235987755983,-8.1E-02));
#2461 = CARTESIAN_POINT('',(6.28318530718,-8.1E-02));
#2462 = ( GEOMETRIC_REPRESENTATION_CONTEXT(2) 
PARAMETRIC_REPRESENTATION_CONTEXT() REPRESENTATION_CONTEXT('2D SPACE',''
  ) );
#2463 = FACE_BOUND('',#2464,.F.);
#2464 = EDGE_LOOP('',(#2465));
#2465 = ORIENTED_EDGE('',*,*,#2466,.T.);
#2466 = EDGE_CURVE('',#2467,#2467,#2469,.T.);
#2467 = VERTEX_POINT('',#2468);
#2468 = CARTESIAN_POINT('',(7.,63.563962,0.));
#2469 = SURFACE_CURVE('',#2470,(#2478,#2489),.PCURVE_S1.);
#2470 = ( BOUNDED_CURVE() B_SPLINE_CURVE(2,(#2471,#2472,#2473,#2474,
#2475,#2476,#2477),.UNSPECIFIED.,.T.,.F.) B_SPLINE_CURVE_WITH_KNOTS((1,2
    ,2,2,2,1),(-2.094395102393,0.,2.094395102393,4.188790204786,
6.28318530718,8.377580409573),.UNSPECIFIED.) CURVE() 
GEOMETRIC_REPRESENTATION_ITEM() RATIONAL_B_SPLINE_CURVE((1.,0.5,1.,0.5,
1.,0.5,1.)) REPRESENTATION_ITEM('') );
#2471 = CARTESIAN_POINT('',(7.,63.563962,0.));
#2472 = CARTESIAN_POINT('',(5.787564434702,63.563962,0.));
#2473 = CARTESIAN_POINT('',(6.393782217351,64.613962,0.));
#2474 = CARTESIAN_POINT('',(7.,65.663962,0.));
#2475 = CARTESIAN_POINT('',(7.606217782649,64.613962,0.));
#2476 = CARTESIAN_POINT('',(8.212435565298,63.563962,0.));
#2477 = CARTESIAN_POINT('',(7.,63.563962,0.));
#2478 = PCURVE('',#206,#2479);
#2479 = DEFINITIONAL_REPRESENTATION('',(#2480),#2488);
#2480 = ( BOUNDED_CURVE() B_SPLINE_CURVE(2,(#2481,#2482,#2483,#2484,
#2485,#2486,#2487),.UNSPECIFIED.,.T.,.F.) B_SPLINE_CURVE_WITH_KNOTS((3,2
    ,2,3),(0.,2.094395102393,4.188790204786,6.28318530718),
.PIECEWISE_BEZIER_KNOTS.) CURVE() GEOMETRIC_REPRESENTATION_ITEM() 
RATIONAL_B_SPLINE_CURVE((1.,0.5,1.,0.5,1.,0.5,1.)) REPRESENTATION_ITEM(
  '') );
#2481 = CARTESIAN_POINT('',(7.,63.563962));
#2482 = CARTESIAN_POINT('',(5.787564434702,63.563962));
#2483 = CARTESIAN_POINT('',(6.393782217351,64.613962));
#2484 = CARTESIAN_POINT('',(7.,65.663962));
#2485 = CARTESIAN_POINT('',(7.606217782649,64.613962));
#2486 = CARTESIAN_POINT('',(8.212435565298,63.563962));
#2487 = CARTESIAN_POINT('',(7.,63.563962));
#2488 = ( GEOMETRIC_REPRESENTATION_CONTEXT(2) 
PARAMETRIC_REPRESENTATION_CONTEXT() REPRESENTATION_CONTEXT('2D SPACE',''
  ) );
#2489 = PCURVE('',#2490,#2505);
#2490 = ( BOUNDED_SURFACE() B_SPLINE_SURFACE(2,1,(
    (#2491,#2492)
    ,(#2493,#2494)
    ,(#2495,#2496)
    ,(#2497,#2498)
    ,(#2499,#2500)
    ,(#2501,#2502)
    ,(#2503,#2504
)),.UNSPECIFIED.,.T.,.F.,.F.) B_SPLINE_SURFACE_WITH_KNOTS((1,2,2,2,2,1),
  (2,2),(-2.094395102393,0.,2.094395102393,4.188790204786,6.28318530718,
    8.377580409573),(-1.121,-8.1E-02),.UNSPECIFIED.) 
GEOMETRIC_REPRESENTATION_ITEM() RATIONAL_B_SPLINE_SURFACE((
    (1.,1.)
    ,(0.5,0.5)
    ,(1.,1.)
    ,(0.5,0.5)
    ,(1.,1.)
    ,(0.5,0.5)
,(1.,1.))) REPRESENTATION_ITEM('') SURFACE() );
#2491 = CARTESIAN_POINT('',(7.,63.563962,1.2));
#2492 = CARTESIAN_POINT('',(7.,63.563962,0.));
#2493 = CARTESIAN_POINT('',(5.787564434702,63.563962,1.2));
#2494 = CARTESIAN_POINT('',(5.787564434702,63.563962,0.));
#2495 = CARTESIAN_POINT('',(6.393782217351,64.613962,1.2));
#2496 = CARTESIAN_POINT('',(6.393782217351,64.613962,0.));
#2497 = CARTESIAN_POINT('',(7.,65.663962,1.2));
#2498 = CARTESIAN_POINT('',(7.,65.663962,0.));
#2499 = CARTESIAN_POINT('',(7.606217782649,64.613962,1.2));
#2500 = CARTESIAN_POINT('',(7.606217782649,64.613962,0.));
#2501 = CARTESIAN_POINT('',(8.212435565298,63.563962,1.2));
#2502 = CARTESIAN_POINT('',(8.212435565298,63.563962,0.));
#2503 = CARTESIAN_POINT('',(7.,63.563962,1.2));
#2504 = CARTESIAN_POINT('',(7.,63.563962,0.));
#2505 = DEFINITIONAL_REPRESENTATION('',(#2506),#2514);
#2506 = B_SPLINE_CURVE_WITH_KNOTS('',2,(#2507,#2508,#2509,#2510,#2511,
    #2512,#2513),.UNSPECIFIED.,.F.,.F.,(3,2,2,3),(0.,2.094395102393,
    4.188790204786,6.28318530718),.PIECEWISE_BEZIER_KNOTS.);
#2507 = CARTESIAN_POINT('',(0.,-8.1E-02));
#2508 = CARTESIAN_POINT('',(1.047197551197,-8.1E-02));
#2509 = CARTESIAN_POINT('',(2.094395102393,-8.1E-02));
#2510 = CARTESIAN_POINT('',(3.14159265359,-8.1E-02));
#2511 = CARTESIAN_POINT('',(4.188790204786,-8.1E-02));
#2512 = CARTESIAN_POINT('',(5.235987755983,-8.1E-02));
#2513 = CARTESIAN_POINT('',(6.28318530718,-8.1E-02));
#2514 = ( GEOMETRIC_REPRESENTATION_CONTEXT(2) 
PARAMETRIC_REPRESENTATION_CONTEXT() REPRESENTATION_CONTEXT('2D SPACE',''
  ) );
#2515 = FACE_BOUND('',#2516,.F.);
#2516 = EDGE_LOOP('',(#2517));
#2517 = ORIENTED_EDGE('',*,*,#2518,.T.);
#2518 = EDGE_CURVE('',#2519,#2519,#2521,.T.);
#2519 = VERTEX_POINT('',#2520);
#2520 = CARTESIAN_POINT('',(10.5,61.063962,0.));
#2521 = SURFACE_CURVE('',#2522,(#2530,#2541),.PCURVE_S1.);
#2522 = ( BOUNDED_CURVE() B_SPLINE_CURVE(2,(#2523,#2524,#2525,#2526,
#2527,#2528,#2529),.UNSPECIFIED.,.T.,.F.) B_SPLINE_CURVE_WITH_KNOTS((1,2
    ,2,2,2,1),(-2.094395102393,0.,2.094395102393,4.188790204786,
6.28318530718,8.377580409573),.UNSPECIFIED.) CURVE() 
GEOMETRIC_REPRESENTATION_ITEM() RATIONAL_B_SPLINE_CURVE((1.,0.5,1.,0.5,
1.,0.5,1.)) REPRESENTATION_ITEM('') );
#2523 = CARTESIAN_POINT('',(10.5,61.063962,0.));
#2524 = CARTESIAN_POINT('',(9.287564434702,61.063962,0.));
#2525 = CARTESIAN_POINT('',(9.893782217351,62.113962,0.));
#2526 = CARTESIAN_POINT('',(10.5,63.163962,0.));
#2527 = CARTESIAN_POINT('',(11.106217782649,62.113962,0.));
#2528 = CARTESIAN_POINT('',(11.712435565298,61.063962,0.));
#2529 = CARTESIAN_POINT('',(10.5,61.063962,0.));
#2530 = PCURVE('',#206,#2531);
#2531 = DEFINITIONAL_REPRESENTATION('',(#2532),#2540);
#2532 = ( BOUNDED_CURVE() B_SPLINE_CURVE(2,(#2533,#2534,#2535,#2536,
#2537,#2538,#2539),.UNSPECIFIED.,.T.,.F.) B_SPLINE_CURVE_WITH_KNOTS((3,2
    ,2,3),(0.,2.094395102393,4.188790204786,6.28318530718),
.PIECEWISE_BEZIER_KNOTS.) CURVE() GEOMETRIC_REPRESENTATION_ITEM() 
RATIONAL_B_SPLINE_CURVE((1.,0.5,1.,0.5,1.,0.5,1.)) REPRESENTATION_ITEM(
  '') );
#2533 = CARTESIAN_POINT('',(10.5,61.063962));
#2534 = CARTESIAN_POINT('',(9.287564434702,61.063962));
#2535 = CARTESIAN_POINT('',(9.893782217351,62.113962));
#2536 = CARTESIAN_POINT('',(10.5,63.163962));
#2537 = CARTESIAN_POINT('',(11.106217782649,62.113962));
#2538 = CARTESIAN_POINT('',(11.712435565298,61.063962));
#2539 = CARTESIAN_POINT('',(10.5,61.063962));
#2540 = ( GEOMETRIC_REPRESENTATION_CONTEXT(2) 
PARAMETRIC_REPRESENTATION_CONTEXT() REPRESENTATION_CONTEXT('2D SPACE',''
  ) );
#2541 = PCURVE('',#2542,#2557);
#2542 = ( BOUNDED_SURFACE() B_SPLINE_SURFACE(2,1,(
    (#2543,#2544)
    ,(#2545,#2546)
    ,(#2547,#2548)
    ,(#2549,#2550)
    ,(#2551,#2552)
    ,(#2553,#2554)
    ,(#2555,#2556
)),.UNSPECIFIED.,.T.,.F.,.F.) B_SPLINE_SURFACE_WITH_KNOTS((1,2,2,2,2,1),
  (2,2),(-2.094395102393,0.,2.094395102393,4.188790204786,6.28318530718,
    8.377580409573),(-1.121,-8.1E-02),.UNSPECIFIED.) 
GEOMETRIC_REPRESENTATION_ITEM() RATIONAL_B_SPLINE_SURFACE((
    (1.,1.)
    ,(0.5,0.5)
    ,(1.,1.)
    ,(0.5,0.5)
    ,(1.,1.)
    ,(0.5,0.5)
,(1.,1.))) REPRESENTATION_ITEM('') SURFACE() );
#2543 = CARTESIAN_POINT('',(10.5,61.063962,1.2));
#2544 = CARTESIAN_POINT('',(10.5,61.063962,0.));
#2545 = CARTESIAN_POINT('',(9.287564434702,61.063962,1.2));
#2546 = CARTESIAN_POINT('',(9.287564434702,61.063962,0.));
#2547 = CARTESIAN_POINT('',(9.893782217351,62.113962,1.2));
#2548 = CARTESIAN_POINT('',(9.893782217351,62.113962,0.));
#2549 = CARTESIAN_POINT('',(10.5,63.163962,1.2));
#2550 = CARTESIAN_POINT('',(10.5,63.163962,0.));
#2551 = CARTESIAN_POINT('',(11.106217782649,62.113962,1.2));
#2552 = CARTESIAN_POINT('',(11.106217782649,62.113962,0.));
#2553 = CARTESIAN_POINT('',(11.712435565298,61.063962,1.2));
#2554 = CARTESIAN_POINT('',(11.712435565298,61.063962,0.));
#2555 = CARTESIAN_POINT('',(10.5,61.063962,1.2));
#2556 = CARTESIAN_POINT('',(10.5,61.063962,0.));
#2557 = DEFINITIONAL_REPRESENTATION('',(#2558),#2566);
#2558 = B_SPLINE_CURVE_WITH_KNOTS('',2,(#2559,#2560,#2561,#2562,#2563,
    #2564,#2565),.UNSPECIFIED.,.F.,.F.,(3,2,2,3),(0.,2.094395102393,
    4.188790204786,6.28318530718),.PIECEWISE_BEZIER_KNOTS.);
#2559 = CARTESIAN_POINT('',(0.,-8.1E-02));
#2560 = CARTESIAN_POINT('',(1.047197551197,-8.1E-02));
#2561 = CARTESIAN_POINT('',(2.094395102393,-8.1E-02));
#2562 = CARTESIAN_POINT('',(3.14159265359,-8.1E-02));
#2563 = CARTESIAN_POINT('',(4.188790204786,-8.1E-02));
#2564 = CARTESIAN_POINT('',(5.235987755983,-8.1E-02));
#2565 = CARTESIAN_POINT('',(6.28318530718,-8.1E-02));
#2566 = ( GEOMETRIC_REPRESENTATION_CONTEXT(2) 
PARAMETRIC_REPRESENTATION_CONTEXT() REPRESENTATION_CONTEXT('2D SPACE',''
  ) );
#2567 = FACE_BOUND('',#2568,.F.);
#2568 = EDGE_LOOP('',(#2569));
#2569 = ORIENTED_EDGE('',*,*,#2570,.T.);
#2570 = EDGE_CURVE('',#2571,#2571,#2573,.T.);
#2571 = VERTEX_POINT('',#2572);
#2572 = CARTESIAN_POINT('',(10.5,63.563962,0.));
#2573 = SURFACE_CURVE('',#2574,(#2582,#2593),.PCURVE_S1.);
#2574 = ( BOUNDED_CURVE() B_SPLINE_CURVE(2,(#2575,#2576,#2577,#2578,
#2579,#2580,#2581),.UNSPECIFIED.,.T.,.F.) B_SPLINE_CURVE_WITH_KNOTS((1,2
    ,2,2,2,1),(-2.094395102393,0.,2.094395102393,4.188790204786,
6.28318530718,8.377580409573),.UNSPECIFIED.) CURVE() 
GEOMETRIC_REPRESENTATION_ITEM() RATIONAL_B_SPLINE_CURVE((1.,0.5,1.,0.5,
1.,0.5,1.)) REPRESENTATION_ITEM('') );
#2575 = CARTESIAN_POINT('',(10.5,63.563962,0.));
#2576 = CARTESIAN_POINT('',(9.287564434702,63.563962,0.));
#2577 = CARTESIAN_POINT('',(9.893782217351,64.613962,0.));
#2578 = CARTESIAN_POINT('',(10.5,65.663962,0.));
#2579 = CARTESIAN_POINT('',(11.106217782649,64.613962,0.));
#2580 = CARTESIAN_POINT('',(11.712435565298,63.563962,0.));
#2581 = CARTESIAN_POINT('',(10.5,63.563962,0.));
#2582 = PCURVE('',#206,#2583);
#2583 = DEFINITIONAL_REPRESENTATION('',(#2584),#2592);
#2584 = ( BOUNDED_CURVE() B_SPLINE_CURVE(2,(#2585,#2586,#2587,#2588,
#2589,#2590,#2591),.UNSPECIFIED.,.T.,.F.) B_SPLINE_CURVE_WITH_KNOTS((3,2
    ,2,3),(0.,2.094395102393,4.188790204786,6.28318530718),
.PIECEWISE_BEZIER_KNOTS.) CURVE() GEOMETRIC_REPRESENTATION_ITEM() 
RATIONAL_B_SPLINE_CURVE((1.,0.5,1.,0.5,1.,0.5,1.)) REPRESENTATION_ITEM(
  '') );
#2585 = CARTESIAN_POINT('',(10.5,63.563962));
#2586 = CARTESIAN_POINT('',(9.287564434702,63.563962));
#2587 = CARTESIAN_POINT('',(9.893782217351,64.613962));
#2588 = CARTESIAN_POINT('',(10.5,65.663962));
#2589 = CARTESIAN_POINT('',(11.106217782649,64.613962));
#2590 = CARTESIAN_POINT('',(11.712435565298,63.563962));
#2591 = CARTESIAN_POINT('',(10.5,63.563962));
#2592 = ( GEOMETRIC_REPRESENTATION_CONTEXT(2) 
PARAMETRIC_REPRESENTATION_CONTEXT() REPRESENTATION_CONTEXT('2D SPACE',''
  ) );
#2593 = PCURVE('',#2594,#2609);
#2594 = ( BOUNDED_SURFACE() B_SPLINE_SURFACE(2,1,(
    (#2595,#2596)
    ,(#2597,#2598)
    ,(#2599,#2600)
    ,(#2601,#2602)
    ,(#2603,#2604)
    ,(#2605,#2606)
    ,(#2607,#2608
)),.UNSPECIFIED.,.T.,.F.,.F.) B_SPLINE_SURFACE_WITH_KNOTS((1,2,2,2,2,1),
  (2,2),(-2.094395102393,0.,2.094395102393,4.188790204786,6.28318530718,
    8.377580409573),(-1.121,-8.1E-02),.UNSPECIFIED.) 
GEOMETRIC_REPRESENTATION_ITEM() RATIONAL_B_SPLINE_SURFACE((
    (1.,1.)
    ,(0.5,0.5)
    ,(1.,1.)
    ,(0.5,0.5)
    ,(1.,1.)
    ,(0.5,0.5)
,(1.,1.))) REPRESENTATION_ITEM('') SURFACE() );
#2595 = CARTESIAN_POINT('',(10.5,63.563962,1.2));
#2596 = CARTESIAN_POINT('',(10.5,63.563962,0.));
#2597 = CARTESIAN_POINT('',(9.287564434702,63.563962,1.2));
#2598 = CARTESIAN_POINT('',(9.287564434702,63.563962,0.));
#2599 = CARTESIAN_POINT('',(9.893782217351,64.613962,1.2));
#2600 = CARTESIAN_POINT('',(9.893782217351,64.613962,0.));
#2601 = CARTESIAN_POINT('',(10.5,65.663962,1.2));
#2602 = CARTESIAN_POINT('',(10.5,65.663962,0.));
#2603 = CARTESIAN_POINT('',(11.106217782649,64.613962,1.2));
#2604 = CARTESIAN_POINT('',(11.106217782649,64.613962,0.));
#2605 = CARTESIAN_POINT('',(11.712435565298,63.563962,1.2));
#2606 = CARTESIAN_POINT('',(11.712435565298,63.563962,0.));
#2607 = CARTESIAN_POINT('',(10.5,63.563962,1.2));
#2608 = CARTESIAN_POINT('',(10.5,63.563962,0.));
#2609 = DEFINITIONAL_REPRESENTATION('',(#2610),#2618);
#2610 = B_SPLINE_CURVE_WITH_KNOTS('',2,(#2611,#2612,#2613,#2614,#2615,
    #2616,#2617),.UNSPECIFIED.,.F.,.F.,(3,2,2,3),(0.,2.094395102393,
    4.188790204786,6.28318530718),.PIECEWISE_BEZIER_KNOTS.);
#2611 = CARTESIAN_POINT('',(0.,-8.1E-02));
#2612 = CARTESIAN_POINT('',(1.047197551197,-8.1E-02));
#2613 = CARTESIAN_POINT('',(2.094395102393,-8.1E-02));
#2614 = CARTESIAN_POINT('',(3.14159265359,-8.1E-02));
#2615 = CARTESIAN_POINT('',(4.188790204786,-8.1E-02));
#2616 = CARTESIAN_POINT('',(5.235987755983,-8.1E-02));
#2617 = CARTESIAN_POINT('',(6.28318530718,-8.1E-02));
#2618 = ( GEOMETRIC_REPRESENTATION_CONTEXT(2) 
PARAMETRIC_REPRESENTATION_CONTEXT() REPRESENTATION_CONTEXT('2D SPACE',''
  ) );
#2619 = FACE_BOUND('',#2620,.F.);
#2620 = EDGE_LOOP('',(#2621));
#2621 = ORIENTED_EDGE('',*,*,#2622,.T.);
#2622 = EDGE_CURVE('',#2623,#2623,#2625,.T.);
#2623 = VERTEX_POINT('',#2624);
#2624 = CARTESIAN_POINT('',(13.4,61.813962,0.));
#2625 = SURFACE_CURVE('',#2626,(#2634,#2645),.PCURVE_S1.);
#2626 = ( BOUNDED_CURVE() B_SPLINE_CURVE(2,(#2627,#2628,#2629,#2630,
#2631,#2632,#2633),.UNSPECIFIED.,.T.,.F.) B_SPLINE_CURVE_WITH_KNOTS((1,2
    ,2,2,2,1),(-2.094395102393,0.,2.094395102393,4.188790204786,
6.28318530718,8.377580409573),.UNSPECIFIED.) CURVE() 
GEOMETRIC_REPRESENTATION_ITEM() RATIONAL_B_SPLINE_CURVE((1.,0.5,1.,0.5,
1.,0.5,1.)) REPRESENTATION_ITEM('') );
#2627 = CARTESIAN_POINT('',(13.4,61.813962,0.));
#2628 = CARTESIAN_POINT('',(11.321539030917,61.813962,0.));
#2629 = CARTESIAN_POINT('',(12.360769515459,63.613962,0.));
#2630 = CARTESIAN_POINT('',(13.4,65.413962,0.));
#2631 = CARTESIAN_POINT('',(14.439230484541,63.613962,0.));
#2632 = CARTESIAN_POINT('',(15.478460969083,61.813962,0.));
#2633 = CARTESIAN_POINT('',(13.4,61.813962,0.));
#2634 = PCURVE('',#206,#2635);
#2635 = DEFINITIONAL_REPRESENTATION('',(#2636),#2644);
#2636 = ( BOUNDED_CURVE() B_SPLINE_CURVE(2,(#2637,#2638,#2639,#2640,
#2641,#2642,#2643),.UNSPECIFIED.,.T.,.F.) B_SPLINE_CURVE_WITH_KNOTS((3,2
    ,2,3),(1.789974947754E-15,2.094395102393,4.188790204786,
6.28318530718),.UNSPECIFIED.) CURVE() GEOMETRIC_REPRESENTATION_ITEM() 
RATIONAL_B_SPLINE_CURVE((1.,0.5,1.,0.5,1.,0.5,1.)) REPRESENTATION_ITEM(
  '') );
#2637 = CARTESIAN_POINT('',(13.4,61.813962));
#2638 = CARTESIAN_POINT('',(11.321539030917,61.813962));
#2639 = CARTESIAN_POINT('',(12.360769515459,63.613962));
#2640 = CARTESIAN_POINT('',(13.4,65.413962));
#2641 = CARTESIAN_POINT('',(14.439230484541,63.613962));
#2642 = CARTESIAN_POINT('',(15.478460969083,61.813962));
#2643 = CARTESIAN_POINT('',(13.4,61.813962));
#2644 = ( GEOMETRIC_REPRESENTATION_CONTEXT(2) 
PARAMETRIC_REPRESENTATION_CONTEXT() REPRESENTATION_CONTEXT('2D SPACE',''
  ) );
#2645 = PCURVE('',#2646,#2661);
#2646 = ( BOUNDED_SURFACE() B_SPLINE_SURFACE(2,1,(
    (#2647,#2648)
    ,(#2649,#2650)
    ,(#2651,#2652)
    ,(#2653,#2654)
    ,(#2655,#2656)
    ,(#2657,#2658)
    ,(#2659,#2660
)),.UNSPECIFIED.,.T.,.F.,.F.) B_SPLINE_SURFACE_WITH_KNOTS((1,2,2,2,2,1),
  (2,2),(-2.094395102393,0.,2.094395102393,4.188790204786,6.28318530718,
    8.377580409573),(-1.121,-8.1E-02),.UNSPECIFIED.) 
GEOMETRIC_REPRESENTATION_ITEM() RATIONAL_B_SPLINE_SURFACE((
    (1.,1.)
    ,(0.5,0.5)
    ,(1.,1.)
    ,(0.5,0.5)
    ,(1.,1.)
    ,(0.5,0.5)
,(1.,1.))) REPRESENTATION_ITEM('') SURFACE() );
#2647 = CARTESIAN_POINT('',(13.4,61.813962,1.2));
#2648 = CARTESIAN_POINT('',(13.4,61.813962,0.));
#2649 = CARTESIAN_POINT('',(11.321539030917,61.813962,1.2));
#2650 = CARTESIAN_POINT('',(11.321539030917,61.813962,0.));
#2651 = CARTESIAN_POINT('',(12.360769515459,63.613962,1.2));
#2652 = CARTESIAN_POINT('',(12.360769515459,63.613962,0.));
#2653 = CARTESIAN_POINT('',(13.4,65.413962,1.2));
#2654 = CARTESIAN_POINT('',(13.4,65.413962,0.));
#2655 = CARTESIAN_POINT('',(14.439230484541,63.613962,1.2));
#2656 = CARTESIAN_POINT('',(14.439230484541,63.613962,0.));
#2657 = CARTESIAN_POINT('',(15.478460969083,61.813962,1.2));
#2658 = CARTESIAN_POINT('',(15.478460969083,61.813962,0.));
#2659 = CARTESIAN_POINT('',(13.4,61.813962,1.2));
#2660 = CARTESIAN_POINT('',(13.4,61.813962,0.));
#2661 = DEFINITIONAL_REPRESENTATION('',(#2662),#2670);
#2662 = B_SPLINE_CURVE_WITH_KNOTS('',2,(#2663,#2664,#2665,#2666,#2667,
    #2668,#2669),.UNSPECIFIED.,.F.,.F.,(3,2,2,3),(1.789974947754E-15,
    2.094395102393,4.188790204786,6.28318530718),.UNSPECIFIED.);
#2663 = CARTESIAN_POINT('',(3.579949895508E-15,-8.1E-02));
#2664 = CARTESIAN_POINT('',(1.047197551197,-8.1E-02));
#2665 = CARTESIAN_POINT('',(2.094395102393,-8.1E-02));
#2666 = CARTESIAN_POINT('',(3.14159265359,-8.1E-02));
#2667 = CARTESIAN_POINT('',(4.188790204786,-8.1E-02));
#2668 = CARTESIAN_POINT('',(5.235987755983,-8.1E-02));
#2669 = CARTESIAN_POINT('',(6.28318530718,-8.1E-02));
#2670 = ( GEOMETRIC_REPRESENTATION_CONTEXT(2) 
PARAMETRIC_REPRESENTATION_CONTEXT() REPRESENTATION_CONTEXT('2D SPACE',''
  ) );
#2671 = FACE_BOUND('',#2672,.F.);
#2672 = EDGE_LOOP('',(#2673));
#2673 = ORIENTED_EDGE('',*,*,#2674,.T.);
#2674 = EDGE_CURVE('',#2675,#2675,#2677,.T.);
#2675 = VERTEX_POINT('',#2676);
#2676 = CARTESIAN_POINT('',(16.3,61.063962,0.));
#2677 = SURFACE_CURVE('',#2678,(#2686,#2697),.PCURVE_S1.);
#2678 = ( BOUNDED_CURVE() B_SPLINE_CURVE(2,(#2679,#2680,#2681,#2682,
#2683,#2684,#2685),.UNSPECIFIED.,.T.,.F.) B_SPLINE_CURVE_WITH_KNOTS((1,2
    ,2,2,2,1),(-2.094395102393,0.,2.094395102393,4.188790204786,
6.28318530718,8.377580409573),.UNSPECIFIED.) CURVE() 
GEOMETRIC_REPRESENTATION_ITEM() RATIONAL_B_SPLINE_CURVE((1.,0.5,1.,0.5,
1.,0.5,1.)) REPRESENTATION_ITEM('') );
#2679 = CARTESIAN_POINT('',(16.3,61.063962,0.));
#2680 = CARTESIAN_POINT('',(15.087564434702,61.063962,0.));
#2681 = CARTESIAN_POINT('',(15.693782217351,62.113962,0.));
#2682 = CARTESIAN_POINT('',(16.3,63.163962,0.));
#2683 = CARTESIAN_POINT('',(16.906217782649,62.113962,0.));
#2684 = CARTESIAN_POINT('',(17.512435565298,61.063962,0.));
#2685 = CARTESIAN_POINT('',(16.3,61.063962,0.));
#2686 = PCURVE('',#206,#2687);
#2687 = DEFINITIONAL_REPRESENTATION('',(#2688),#2696);
#2688 = ( BOUNDED_CURVE() B_SPLINE_CURVE(2,(#2689,#2690,#2691,#2692,
#2693,#2694,#2695),.UNSPECIFIED.,.T.,.F.) B_SPLINE_CURVE_WITH_KNOTS((3,2
    ,2,3),(0.,2.094395102393,4.188790204786,6.28318530718),
.PIECEWISE_BEZIER_KNOTS.) CURVE() GEOMETRIC_REPRESENTATION_ITEM() 
RATIONAL_B_SPLINE_CURVE((1.,0.5,1.,0.5,1.,0.5,1.)) REPRESENTATION_ITEM(
  '') );
#2689 = CARTESIAN_POINT('',(16.3,61.063962));
#2690 = CARTESIAN_POINT('',(15.087564434702,61.063962));
#2691 = CARTESIAN_POINT('',(15.693782217351,62.113962));
#2692 = CARTESIAN_POINT('',(16.3,63.163962));
#2693 = CARTESIAN_POINT('',(16.906217782649,62.113962));
#2694 = CARTESIAN_POINT('',(17.512435565298,61.063962));
#2695 = CARTESIAN_POINT('',(16.3,61.063962));
#2696 = ( GEOMETRIC_REPRESENTATION_CONTEXT(2) 
PARAMETRIC_REPRESENTATION_CONTEXT() REPRESENTATION_CONTEXT('2D SPACE',''
  ) );
#2697 = PCURVE('',#2698,#2713);
#2698 = ( BOUNDED_SURFACE() B_SPLINE_SURFACE(2,1,(
    (#2699,#2700)
    ,(#2701,#2702)
    ,(#2703,#2704)
    ,(#2705,#2706)
    ,(#2707,#2708)
    ,(#2709,#2710)
    ,(#2711,#2712
)),.UNSPECIFIED.,.T.,.F.,.F.) B_SPLINE_SURFACE_WITH_KNOTS((1,2,2,2,2,1),
  (2,2),(-2.094395102393,0.,2.094395102393,4.188790204786,6.28318530718,
    8.377580409573),(-1.121,-8.1E-02),.UNSPECIFIED.) 
GEOMETRIC_REPRESENTATION_ITEM() RATIONAL_B_SPLINE_SURFACE((
    (1.,1.)
    ,(0.5,0.5)
    ,(1.,1.)
    ,(0.5,0.5)
    ,(1.,1.)
    ,(0.5,0.5)
,(1.,1.))) REPRESENTATION_ITEM('') SURFACE() );
#2699 = CARTESIAN_POINT('',(16.3,61.063962,1.2));
#2700 = CARTESIAN_POINT('',(16.3,61.063962,0.));
#2701 = CARTESIAN_POINT('',(15.087564434702,61.063962,1.2));
#2702 = CARTESIAN_POINT('',(15.087564434702,61.063962,0.));
#2703 = CARTESIAN_POINT('',(15.693782217351,62.113962,1.2));
#2704 = CARTESIAN_POINT('',(15.693782217351,62.113962,0.));
#2705 = CARTESIAN_POINT('',(16.3,63.163962,1.2));
#2706 = CARTESIAN_POINT('',(16.3,63.163962,0.));
#2707 = CARTESIAN_POINT('',(16.906217782649,62.113962,1.2));
#2708 = CARTESIAN_POINT('',(16.906217782649,62.113962,0.));
#2709 = CARTESIAN_POINT('',(17.512435565298,61.063962,1.2));
#2710 = CARTESIAN_POINT('',(17.512435565298,61.063962,0.));
#2711 = CARTESIAN_POINT('',(16.3,61.063962,1.2));
#2712 = CARTESIAN_POINT('',(16.3,61.063962,0.));
#2713 = DEFINITIONAL_REPRESENTATION('',(#2714),#2722);
#2714 = B_SPLINE_CURVE_WITH_KNOTS('',2,(#2715,#2716,#2717,#2718,#2719,
    #2720,#2721),.UNSPECIFIED.,.F.,.F.,(3,2,2,3),(0.,2.094395102393,
    4.188790204786,6.28318530718),.PIECEWISE_BEZIER_KNOTS.);
#2715 = CARTESIAN_POINT('',(0.,-8.1E-02));
#2716 = CARTESIAN_POINT('',(1.047197551197,-8.1E-02));
#2717 = CARTESIAN_POINT('',(2.094395102393,-8.1E-02));
#2718 = CARTESIAN_POINT('',(3.14159265359,-8.1E-02));
#2719 = CARTESIAN_POINT('',(4.188790204786,-8.1E-02));
#2720 = CARTESIAN_POINT('',(5.235987755983,-8.1E-02));
#2721 = CARTESIAN_POINT('',(6.28318530718,-8.1E-02));
#2722 = ( GEOMETRIC_REPRESENTATION_CONTEXT(2) 
PARAMETRIC_REPRESENTATION_CONTEXT() REPRESENTATION_CONTEXT('2D SPACE',''
  ) );
#2723 = FACE_BOUND('',#2724,.F.);
#2724 = EDGE_LOOP('',(#2725));
#2725 = ORIENTED_EDGE('',*,*,#2726,.T.);
#2726 = EDGE_CURVE('',#2727,#2727,#2729,.T.);
#2727 = VERTEX_POINT('',#2728);
#2728 = CARTESIAN_POINT('',(16.3,63.563962,0.));
#2729 = SURFACE_CURVE('',#2730,(#2738,#2749),.PCURVE_S1.);
#2730 = ( BOUNDED_CURVE() B_SPLINE_CURVE(2,(#2731,#2732,#2733,#2734,
#2735,#2736,#2737),.UNSPECIFIED.,.T.,.F.) B_SPLINE_CURVE_WITH_KNOTS((1,2
    ,2,2,2,1),(-2.094395102393,0.,2.094395102393,4.188790204786,
6.28318530718,8.377580409573),.UNSPECIFIED.) CURVE() 
GEOMETRIC_REPRESENTATION_ITEM() RATIONAL_B_SPLINE_CURVE((1.,0.5,1.,0.5,
1.,0.5,1.)) REPRESENTATION_ITEM('') );
#2731 = CARTESIAN_POINT('',(16.3,63.563962,0.));
#2732 = CARTESIAN_POINT('',(15.087564434702,63.563962,0.));
#2733 = CARTESIAN_POINT('',(15.693782217351,64.613962,0.));
#2734 = CARTESIAN_POINT('',(16.3,65.663962,0.));
#2735 = CARTESIAN_POINT('',(16.906217782649,64.613962,0.));
#2736 = CARTESIAN_POINT('',(17.512435565298,63.563962,0.));
#2737 = CARTESIAN_POINT('',(16.3,63.563962,0.));
#2738 = PCURVE('',#206,#2739);
#2739 = DEFINITIONAL_REPRESENTATION('',(#2740),#2748);
#2740 = ( BOUNDED_CURVE() B_SPLINE_CURVE(2,(#2741,#2742,#2743,#2744,
#2745,#2746,#2747),.UNSPECIFIED.,.T.,.F.) B_SPLINE_CURVE_WITH_KNOTS((3,2
    ,2,3),(0.,2.094395102393,4.188790204786,6.28318530718),
.PIECEWISE_BEZIER_KNOTS.) CURVE() GEOMETRIC_REPRESENTATION_ITEM() 
RATIONAL_B_SPLINE_CURVE((1.,0.5,1.,0.5,1.,0.5,1.)) REPRESENTATION_ITEM(
  '') );
#2741 = CARTESIAN_POINT('',(16.3,63.563962));
#2742 = CARTESIAN_POINT('',(15.087564434702,63.563962));
#2743 = CARTESIAN_POINT('',(15.693782217351,64.613962));
#2744 = CARTESIAN_POINT('',(16.3,65.663962));
#2745 = CARTESIAN_POINT('',(16.906217782649,64.613962));
#2746 = CARTESIAN_POINT('',(17.512435565298,63.563962));
#2747 = CARTESIAN_POINT('',(16.3,63.563962));
#2748 = ( GEOMETRIC_REPRESENTATION_CONTEXT(2) 
PARAMETRIC_REPRESENTATION_CONTEXT() REPRESENTATION_CONTEXT('2D SPACE',''
  ) );
#2749 = PCURVE('',#2750,#2765);
#2750 = ( BOUNDED_SURFACE() B_SPLINE_SURFACE(2,1,(
    (#2751,#2752)
    ,(#2753,#2754)
    ,(#2755,#2756)
    ,(#2757,#2758)
    ,(#2759,#2760)
    ,(#2761,#2762)
    ,(#2763,#2764
)),.UNSPECIFIED.,.T.,.F.,.F.) B_SPLINE_SURFACE_WITH_KNOTS((1,2,2,2,2,1),
  (2,2),(-2.094395102393,0.,2.094395102393,4.188790204786,6.28318530718,
    8.377580409573),(-1.121,-8.1E-02),.UNSPECIFIED.) 
GEOMETRIC_REPRESENTATION_ITEM() RATIONAL_B_SPLINE_SURFACE((
    (1.,1.)
    ,(0.5,0.5)
    ,(1.,1.)
    ,(0.5,0.5)
    ,(1.,1.)
    ,(0.5,0.5)
,(1.,1.))) REPRESENTATION_ITEM('') SURFACE() );
#2751 = CARTESIAN_POINT('',(16.3,63.563962,1.2));
#2752 = CARTESIAN_POINT('',(16.3,63.563962,0.));
#2753 = CARTESIAN_POINT('',(15.087564434702,63.563962,1.2));
#2754 = CARTESIAN_POINT('',(15.087564434702,63.563962,0.));
#2755 = CARTESIAN_POINT('',(15.693782217351,64.613962,1.2));
#2756 = CARTESIAN_POINT('',(15.693782217351,64.613962,0.));
#2757 = CARTESIAN_POINT('',(16.3,65.663962,1.2));
#2758 = CARTESIAN_POINT('',(16.3,65.663962,0.));
#2759 = CARTESIAN_POINT('',(16.906217782649,64.613962,1.2));
#2760 = CARTESIAN_POINT('',(16.906217782649,64.613962,0.));
#2761 = CARTESIAN_POINT('',(17.512435565298,63.563962,1.2));
#2762 = CARTESIAN_POINT('',(17.512435565298,63.563962,0.));
#2763 = CARTESIAN_POINT('',(16.3,63.563962,1.2));
#2764 = CARTESIAN_POINT('',(16.3,63.563962,0.));
#2765 = DEFINITIONAL_REPRESENTATION('',(#2766),#2774);
#2766 = B_SPLINE_CURVE_WITH_KNOTS('',2,(#2767,#2768,#2769,#2770,#2771,
    #2772,#2773),.UNSPECIFIED.,.F.,.F.,(3,2,2,3),(0.,2.094395102393,
    4.188790204786,6.28318530718),.PIECEWISE_BEZIER_KNOTS.);
#2767 = CARTESIAN_POINT('',(0.,-8.1E-02));
#2768 = CARTESIAN_POINT('',(1.047197551197,-8.1E-02));
#2769 = CARTESIAN_POINT('',(2.094395102393,-8.1E-02));
#2770 = CARTESIAN_POINT('',(3.14159265359,-8.1E-02));
#2771 = CARTESIAN_POINT('',(4.188790204786,-8.1E-02));
#2772 = CARTESIAN_POINT('',(5.235987755983,-8.1E-02));
#2773 = CARTESIAN_POINT('',(6.28318530718,-8.1E-02));
#2774 = ( GEOMETRIC_REPRESENTATION_CONTEXT(2) 
PARAMETRIC_REPRESENTATION_CONTEXT() REPRESENTATION_CONTEXT('2D SPACE',''
  ) );
#2775 = FACE_BOUND('',#2776,.F.);
#2776 = EDGE_LOOP('',(#2777));
#2777 = ORIENTED_EDGE('',*,*,#2778,.T.);
#2778 = EDGE_CURVE('',#2779,#2779,#2781,.T.);
#2779 = VERTEX_POINT('',#2780);
#2780 = CARTESIAN_POINT('',(19.8,61.063962,0.));
#2781 = SURFACE_CURVE('',#2782,(#2790,#2801),.PCURVE_S1.);
#2782 = ( BOUNDED_CURVE() B_SPLINE_CURVE(2,(#2783,#2784,#2785,#2786,
#2787,#2788,#2789),.UNSPECIFIED.,.T.,.F.) B_SPLINE_CURVE_WITH_KNOTS((1,2
    ,2,2,2,1),(-2.094395102393,0.,2.094395102393,4.188790204786,
6.28318530718,8.377580409573),.UNSPECIFIED.) CURVE() 
GEOMETRIC_REPRESENTATION_ITEM() RATIONAL_B_SPLINE_CURVE((1.,0.5,1.,0.5,
1.,0.5,1.)) REPRESENTATION_ITEM('') );
#2783 = CARTESIAN_POINT('',(19.8,61.063962,0.));
#2784 = CARTESIAN_POINT('',(18.587564434702,61.063962,0.));
#2785 = CARTESIAN_POINT('',(19.193782217351,62.113962,0.));
#2786 = CARTESIAN_POINT('',(19.8,63.163962,0.));
#2787 = CARTESIAN_POINT('',(20.406217782649,62.113962,0.));
#2788 = CARTESIAN_POINT('',(21.012435565298,61.063962,0.));
#2789 = CARTESIAN_POINT('',(19.8,61.063962,0.));
#2790 = PCURVE('',#206,#2791);
#2791 = DEFINITIONAL_REPRESENTATION('',(#2792),#2800);
#2792 = ( BOUNDED_CURVE() B_SPLINE_CURVE(2,(#2793,#2794,#2795,#2796,
#2797,#2798,#2799),.UNSPECIFIED.,.T.,.F.) B_SPLINE_CURVE_WITH_KNOTS((3,2
    ,2,3),(0.,2.094395102393,4.188790204786,6.28318530718),
.PIECEWISE_BEZIER_KNOTS.) CURVE() GEOMETRIC_REPRESENTATION_ITEM() 
RATIONAL_B_SPLINE_CURVE((1.,0.5,1.,0.5,1.,0.5,1.)) REPRESENTATION_ITEM(
  '') );
#2793 = CARTESIAN_POINT('',(19.8,61.063962));
#2794 = CARTESIAN_POINT('',(18.587564434702,61.063962));
#2795 = CARTESIAN_POINT('',(19.193782217351,62.113962));
#2796 = CARTESIAN_POINT('',(19.8,63.163962));
#2797 = CARTESIAN_POINT('',(20.406217782649,62.113962));
#2798 = CARTESIAN_POINT('',(21.012435565298,61.063962));
#2799 = CARTESIAN_POINT('',(19.8,61.063962));
#2800 = ( GEOMETRIC_REPRESENTATION_CONTEXT(2) 
PARAMETRIC_REPRESENTATION_CONTEXT() REPRESENTATION_CONTEXT('2D SPACE',''
  ) );
#2801 = PCURVE('',#2802,#2817);
#2802 = ( BOUNDED_SURFACE() B_SPLINE_SURFACE(2,1,(
    (#2803,#2804)
    ,(#2805,#2806)
    ,(#2807,#2808)
    ,(#2809,#2810)
    ,(#2811,#2812)
    ,(#2813,#2814)
    ,(#2815,#2816
)),.UNSPECIFIED.,.T.,.F.,.F.) B_SPLINE_SURFACE_WITH_KNOTS((1,2,2,2,2,1),
  (2,2),(-2.094395102393,0.,2.094395102393,4.188790204786,6.28318530718,
    8.377580409573),(-1.121,-8.1E-02),.UNSPECIFIED.) 
GEOMETRIC_REPRESENTATION_ITEM() RATIONAL_B_SPLINE_SURFACE((
    (1.,1.)
    ,(0.5,0.5)
    ,(1.,1.)
    ,(0.5,0.5)
    ,(1.,1.)
    ,(0.5,0.5)
,(1.,1.))) REPRESENTATION_ITEM('') SURFACE() );
#2803 = CARTESIAN_POINT('',(19.8,61.063962,1.2));
#2804 = CARTESIAN_POINT('',(19.8,61.063962,0.));
#2805 = CARTESIAN_POINT('',(18.587564434702,61.063962,1.2));
#2806 = CARTESIAN_POINT('',(18.587564434702,61.063962,0.));
#2807 = CARTESIAN_POINT('',(19.193782217351,62.113962,1.2));
#2808 = CARTESIAN_POINT('',(19.193782217351,62.113962,0.));
#2809 = CARTESIAN_POINT('',(19.8,63.163962,1.2));
#2810 = CARTESIAN_POINT('',(19.8,63.163962,0.));
#2811 = CARTESIAN_POINT('',(20.406217782649,62.113962,1.2));
#2812 = CARTESIAN_POINT('',(20.406217782649,62.113962,0.));
#2813 = CARTESIAN_POINT('',(21.012435565298,61.063962,1.2));
#2814 = CARTESIAN_POINT('',(21.012435565298,61.063962,0.));
#2815 = CARTESIAN_POINT('',(19.8,61.063962,1.2));
#2816 = CARTESIAN_POINT('',(19.8,61.063962,0.));
#2817 = DEFINITIONAL_REPRESENTATION('',(#2818),#2826);
#2818 = B_SPLINE_CURVE_WITH_KNOTS('',2,(#2819,#2820,#2821,#2822,#2823,
    #2824,#2825),.UNSPECIFIED.,.F.,.F.,(3,2,2,3),(0.,2.094395102393,
    4.188790204786,6.28318530718),.PIECEWISE_BEZIER_KNOTS.);
#2819 = CARTESIAN_POINT('',(0.,-8.1E-02));
#2820 = CARTESIAN_POINT('',(1.047197551197,-8.1E-02));
#2821 = CARTESIAN_POINT('',(2.094395102393,-8.1E-02));
#2822 = CARTESIAN_POINT('',(3.14159265359,-8.1E-02));
#2823 = CARTESIAN_POINT('',(4.188790204786,-8.1E-02));
#2824 = CARTESIAN_POINT('',(5.235987755983,-8.1E-02));
#2825 = CARTESIAN_POINT('',(6.28318530718,-8.1E-02));
#2826 = ( GEOMETRIC_REPRESENTATION_CONTEXT(2) 
PARAMETRIC_REPRESENTATION_CONTEXT() REPRESENTATION_CONTEXT('2D SPACE',''
  ) );
#2827 = FACE_BOUND('',#2828,.F.);
#2828 = EDGE_LOOP('',(#2829));
#2829 = ORIENTED_EDGE('',*,*,#2830,.T.);
#2830 = EDGE_CURVE('',#2831,#2831,#2833,.T.);
#2831 = VERTEX_POINT('',#2832);
#2832 = CARTESIAN_POINT('',(19.8,63.563962,0.));
#2833 = SURFACE_CURVE('',#2834,(#2842,#2853),.PCURVE_S1.);
#2834 = ( BOUNDED_CURVE() B_SPLINE_CURVE(2,(#2835,#2836,#2837,#2838,
#2839,#2840,#2841),.UNSPECIFIED.,.T.,.F.) B_SPLINE_CURVE_WITH_KNOTS((1,2
    ,2,2,2,1),(-2.094395102393,0.,2.094395102393,4.188790204786,
6.28318530718,8.377580409573),.UNSPECIFIED.) CURVE() 
GEOMETRIC_REPRESENTATION_ITEM() RATIONAL_B_SPLINE_CURVE((1.,0.5,1.,0.5,
1.,0.5,1.)) REPRESENTATION_ITEM('') );
#2835 = CARTESIAN_POINT('',(19.8,63.563962,0.));
#2836 = CARTESIAN_POINT('',(18.587564434702,63.563962,0.));
#2837 = CARTESIAN_POINT('',(19.193782217351,64.613962,0.));
#2838 = CARTESIAN_POINT('',(19.8,65.663962,0.));
#2839 = CARTESIAN_POINT('',(20.406217782649,64.613962,0.));
#2840 = CARTESIAN_POINT('',(21.012435565298,63.563962,0.));
#2841 = CARTESIAN_POINT('',(19.8,63.563962,0.));
#2842 = PCURVE('',#206,#2843);
#2843 = DEFINITIONAL_REPRESENTATION('',(#2844),#2852);
#2844 = ( BOUNDED_CURVE() B_SPLINE_CURVE(2,(#2845,#2846,#2847,#2848,
#2849,#2850,#2851),.UNSPECIFIED.,.T.,.F.) B_SPLINE_CURVE_WITH_KNOTS((3,2
    ,2,3),(0.,2.094395102393,4.188790204786,6.28318530718),
.PIECEWISE_BEZIER_KNOTS.) CURVE() GEOMETRIC_REPRESENTATION_ITEM() 
RATIONAL_B_SPLINE_CURVE((1.,0.5,1.,0.5,1.,0.5,1.)) REPRESENTATION_ITEM(
  '') );
#2845 = CARTESIAN_POINT('',(19.8,63.563962));
#2846 = CARTESIAN_POINT('',(18.587564434702,63.563962));
#2847 = CARTESIAN_POINT('',(19.193782217351,64.613962));
#2848 = CARTESIAN_POINT('',(19.8,65.663962));
#2849 = CARTESIAN_POINT('',(20.406217782649,64.613962));
#2850 = CARTESIAN_POINT('',(21.012435565298,63.563962));
#2851 = CARTESIAN_POINT('',(19.8,63.563962));
#2852 = ( GEOMETRIC_REPRESENTATION_CONTEXT(2) 
PARAMETRIC_REPRESENTATION_CONTEXT() REPRESENTATION_CONTEXT('2D SPACE',''
  ) );
#2853 = PCURVE('',#2854,#2869);
#2854 = ( BOUNDED_SURFACE() B_SPLINE_SURFACE(2,1,(
    (#2855,#2856)
    ,(#2857,#2858)
    ,(#2859,#2860)
    ,(#2861,#2862)
    ,(#2863,#2864)
    ,(#2865,#2866)
    ,(#2867,#2868
)),.UNSPECIFIED.,.T.,.F.,.F.) B_SPLINE_SURFACE_WITH_KNOTS((1,2,2,2,2,1),
  (2,2),(-2.094395102393,0.,2.094395102393,4.188790204786,6.28318530718,
    8.377580409573),(-1.121,-8.1E-02),.UNSPECIFIED.) 
GEOMETRIC_REPRESENTATION_ITEM() RATIONAL_B_SPLINE_SURFACE((
    (1.,1.)
    ,(0.5,0.5)
    ,(1.,1.)
    ,(0.5,0.5)
    ,(1.,1.)
    ,(0.5,0.5)
,(1.,1.))) REPRESENTATION_ITEM('') SURFACE() );
#2855 = CARTESIAN_POINT('',(19.8,63.563962,1.2));
#2856 = CARTESIAN_POINT('',(19.8,63.563962,0.));
#2857 = CARTESIAN_POINT('',(18.587564434702,63.563962,1.2));
#2858 = CARTESIAN_POINT('',(18.587564434702,63.563962,0.));
#2859 = CARTESIAN_POINT('',(19.193782217351,64.613962,1.2));
#2860 = CARTESIAN_POINT('',(19.193782217351,64.613962,0.));
#2861 = CARTESIAN_POINT('',(19.8,65.663962,1.2));
#2862 = CARTESIAN_POINT('',(19.8,65.663962,0.));
#2863 = CARTESIAN_POINT('',(20.406217782649,64.613962,1.2));
#2864 = CARTESIAN_POINT('',(20.406217782649,64.613962,0.));
#2865 = CARTESIAN_POINT('',(21.012435565298,63.563962,1.2));
#2866 = CARTESIAN_POINT('',(21.012435565298,63.563962,0.));
#2867 = CARTESIAN_POINT('',(19.8,63.563962,1.2));
#2868 = CARTESIAN_POINT('',(19.8,63.563962,0.));
#2869 = DEFINITIONAL_REPRESENTATION('',(#2870),#2878);
#2870 = B_SPLINE_CURVE_WITH_KNOTS('',2,(#2871,#2872,#2873,#2874,#2875,
    #2876,#2877),.UNSPECIFIED.,.F.,.F.,(3,2,2,3),(0.,2.094395102393,
    4.188790204786,6.28318530718),.PIECEWISE_BEZIER_KNOTS.);
#2871 = CARTESIAN_POINT('',(0.,-8.1E-02));
#2872 = CARTESIAN_POINT('',(1.047197551197,-8.1E-02));
#2873 = CARTESIAN_POINT('',(2.094395102393,-8.1E-02));
#2874 = CARTESIAN_POINT('',(3.14159265359,-8.1E-02));
#2875 = CARTESIAN_POINT('',(4.188790204786,-8.1E-02));
#2876 = CARTESIAN_POINT('',(5.235987755983,-8.1E-02));
#2877 = CARTESIAN_POINT('',(6.28318530718,-8.1E-02));
#2878 = ( GEOMETRIC_REPRESENTATION_CONTEXT(2) 
PARAMETRIC_REPRESENTATION_CONTEXT() REPRESENTATION_CONTEXT('2D SPACE',''
  ) );
#2879 = FACE_BOUND('',#2880,.F.);
#2880 = EDGE_LOOP('',(#2881));
#2881 = ORIENTED_EDGE('',*,*,#2882,.T.);
#2882 = EDGE_CURVE('',#2883,#2883,#2885,.T.);
#2883 = VERTEX_POINT('',#2884);
#2884 = CARTESIAN_POINT('',(8.,90.013962,0.));
#2885 = SURFACE_CURVE('',#2886,(#2894,#2905),.PCURVE_S1.);
#2886 = ( BOUNDED_CURVE() B_SPLINE_CURVE(2,(#2887,#2888,#2889,#2890,
#2891,#2892,#2893),.UNSPECIFIED.,.T.,.F.) B_SPLINE_CURVE_WITH_KNOTS((1,2
    ,2,2,2,1),(-2.094395102393,0.,2.094395102393,4.188790204786,
6.28318530718,8.377580409573),.UNSPECIFIED.) CURVE() 
GEOMETRIC_REPRESENTATION_ITEM() RATIONAL_B_SPLINE_CURVE((1.,0.5,1.,0.5,
1.,0.5,1.)) REPRESENTATION_ITEM('') );
#2887 = CARTESIAN_POINT('',(8.,90.013962,0.));
#2888 = CARTESIAN_POINT('',(4.10288568297,90.013962,0.));
#2889 = CARTESIAN_POINT('',(6.051442841485,93.388962,0.));
#2890 = CARTESIAN_POINT('',(8.,96.763962,0.));
#2891 = CARTESIAN_POINT('',(9.948557158515,93.388962,0.));
#2892 = CARTESIAN_POINT('',(11.89711431703,90.013962,0.));
#2893 = CARTESIAN_POINT('',(8.,90.013962,0.));
#2894 = PCURVE('',#206,#2895);
#2895 = DEFINITIONAL_REPRESENTATION('',(#2896),#2904);
#2896 = ( BOUNDED_CURVE() B_SPLINE_CURVE(2,(#2897,#2898,#2899,#2900,
#2901,#2902,#2903),.UNSPECIFIED.,.T.,.F.) B_SPLINE_CURVE_WITH_KNOTS((3,2
    ,2,3),(0.,2.094395102393,4.188790204786,6.28318530718),
.PIECEWISE_BEZIER_KNOTS.) CURVE() GEOMETRIC_REPRESENTATION_ITEM() 
RATIONAL_B_SPLINE_CURVE((1.,0.5,1.,0.5,1.,0.5,1.)) REPRESENTATION_ITEM(
  '') );
#2897 = CARTESIAN_POINT('',(8.,90.013962));
#2898 = CARTESIAN_POINT('',(4.10288568297,90.013962));
#2899 = CARTESIAN_POINT('',(6.051442841485,93.388962));
#2900 = CARTESIAN_POINT('',(8.,96.763962));
#2901 = CARTESIAN_POINT('',(9.948557158515,93.388962));
#2902 = CARTESIAN_POINT('',(11.89711431703,90.013962));
#2903 = CARTESIAN_POINT('',(8.,90.013962));
#2904 = ( GEOMETRIC_REPRESENTATION_CONTEXT(2) 
PARAMETRIC_REPRESENTATION_CONTEXT() REPRESENTATION_CONTEXT('2D SPACE',''
  ) );
#2905 = PCURVE('',#2906,#2921);
#2906 = ( BOUNDED_SURFACE() B_SPLINE_SURFACE(2,1,(
    (#2907,#2908)
    ,(#2909,#2910)
    ,(#2911,#2912)
    ,(#2913,#2914)
    ,(#2915,#2916)
    ,(#2917,#2918)
    ,(#2919,#2920
)),.UNSPECIFIED.,.T.,.F.,.F.) B_SPLINE_SURFACE_WITH_KNOTS((1,2,2,2,2,1),
  (2,2),(-2.094395102393,0.,2.094395102393,4.188790204786,6.28318530718,
    8.377580409573),(-1.121,-8.1E-02),.UNSPECIFIED.) 
GEOMETRIC_REPRESENTATION_ITEM() RATIONAL_B_SPLINE_SURFACE((
    (1.,1.)
    ,(0.5,0.5)
    ,(1.,1.)
    ,(0.5,0.5)
    ,(1.,1.)
    ,(0.5,0.5)
,(1.,1.))) REPRESENTATION_ITEM('') SURFACE() );
#2907 = CARTESIAN_POINT('',(8.,90.013962,1.2));
#2908 = CARTESIAN_POINT('',(8.,90.013962,0.));
#2909 = CARTESIAN_POINT('',(4.10288568297,90.013962,1.2));
#2910 = CARTESIAN_POINT('',(4.10288568297,90.013962,0.));
#2911 = CARTESIAN_POINT('',(6.051442841485,93.388962,1.2));
#2912 = CARTESIAN_POINT('',(6.051442841485,93.388962,0.));
#2913 = CARTESIAN_POINT('',(8.,96.763962,1.2));
#2914 = CARTESIAN_POINT('',(8.,96.763962,0.));
#2915 = CARTESIAN_POINT('',(9.948557158515,93.388962,1.2));
#2916 = CARTESIAN_POINT('',(9.948557158515,93.388962,0.));
#2917 = CARTESIAN_POINT('',(11.89711431703,90.013962,1.2));
#2918 = CARTESIAN_POINT('',(11.89711431703,90.013962,0.));
#2919 = CARTESIAN_POINT('',(8.,90.013962,1.2));
#2920 = CARTESIAN_POINT('',(8.,90.013962,0.));
#2921 = DEFINITIONAL_REPRESENTATION('',(#2922),#2930);
#2922 = B_SPLINE_CURVE_WITH_KNOTS('',2,(#2923,#2924,#2925,#2926,#2927,
    #2928,#2929),.UNSPECIFIED.,.F.,.F.,(3,2,2,3),(0.,2.094395102393,
    4.188790204786,6.28318530718),.PIECEWISE_BEZIER_KNOTS.);
#2923 = CARTESIAN_POINT('',(0.,-8.1E-02));
#2924 = CARTESIAN_POINT('',(1.047197551197,-8.1E-02));
#2925 = CARTESIAN_POINT('',(2.094395102393,-8.1E-02));
#2926 = CARTESIAN_POINT('',(3.14159265359,-8.1E-02));
#2927 = CARTESIAN_POINT('',(4.188790204786,-8.1E-02));
#2928 = CARTESIAN_POINT('',(5.235987755983,-8.1E-02));
#2929 = CARTESIAN_POINT('',(6.28318530718,-8.1E-02));
#2930 = ( GEOMETRIC_REPRESENTATION_CONTEXT(2) 
PARAMETRIC_REPRESENTATION_CONTEXT() REPRESENTATION_CONTEXT('2D SPACE',''
  ) );
#2931 = FACE_BOUND('',#2932,.F.);
#2932 = EDGE_LOOP('',(#2933));
#2933 = ORIENTED_EDGE('',*,*,#2934,.T.);
#2934 = EDGE_CURVE('',#2935,#2935,#2937,.T.);
#2935 = VERTEX_POINT('',#2936);
#2936 = CARTESIAN_POINT('',(26.82,86.553962,0.));
#2937 = SURFACE_CURVE('',#2938,(#2946,#2957),.PCURVE_S1.);
#2938 = ( BOUNDED_CURVE() B_SPLINE_CURVE(2,(#2939,#2940,#2941,#2942,
#2943,#2944,#2945),.UNSPECIFIED.,.T.,.F.) B_SPLINE_CURVE_WITH_KNOTS((1,2
    ,2,2,2,1),(-2.094395102393,0.,2.094395102393,4.188790204786,
6.28318530718,8.377580409573),.UNSPECIFIED.) CURVE() 
GEOMETRIC_REPRESENTATION_ITEM() RATIONAL_B_SPLINE_CURVE((1.,0.5,1.,0.5,
1.,0.5,1.)) REPRESENTATION_ITEM('') );
#2939 = CARTESIAN_POINT('',(26.82,86.553962,0.));
#2940 = CARTESIAN_POINT('',(25.520961894323,86.553962,0.));
#2941 = CARTESIAN_POINT('',(26.170480947162,87.678962,0.));
#2942 = CARTESIAN_POINT('',(26.82,88.803962,0.));
#2943 = CARTESIAN_POINT('',(27.469519052838,87.678962,0.));
#2944 = CARTESIAN_POINT('',(28.119038105677,86.553962,0.));
#2945 = CARTESIAN_POINT('',(26.82,86.553962,0.));
#2946 = PCURVE('',#206,#2947);
#2947 = DEFINITIONAL_REPRESENTATION('',(#2948),#2956);
#2948 = ( BOUNDED_CURVE() B_SPLINE_CURVE(2,(#2949,#2950,#2951,#2952,
#2953,#2954,#2955),.UNSPECIFIED.,.T.,.F.) B_SPLINE_CURVE_WITH_KNOTS((3,2
    ,2,3),(0.,2.094395102393,4.188790204786,6.28318530718),
.PIECEWISE_BEZIER_KNOTS.) CURVE() GEOMETRIC_REPRESENTATION_ITEM() 
RATIONAL_B_SPLINE_CURVE((1.,0.5,1.,0.5,1.,0.5,1.)) REPRESENTATION_ITEM(
  '') );
#2949 = CARTESIAN_POINT('',(26.82,86.553962));
#2950 = CARTESIAN_POINT('',(25.520961894323,86.553962));
#2951 = CARTESIAN_POINT('',(26.170480947162,87.678962));
#2952 = CARTESIAN_POINT('',(26.82,88.803962));
#2953 = CARTESIAN_POINT('',(27.469519052838,87.678962));
#2954 = CARTESIAN_POINT('',(28.119038105677,86.553962));
#2955 = CARTESIAN_POINT('',(26.82,86.553962));
#2956 = ( GEOMETRIC_REPRESENTATION_CONTEXT(2) 
PARAMETRIC_REPRESENTATION_CONTEXT() REPRESENTATION_CONTEXT('2D SPACE',''
  ) );
#2957 = PCURVE('',#2958,#2973);
#2958 = ( BOUNDED_SURFACE() B_SPLINE_SURFACE(2,1,(
    (#2959,#2960)
    ,(#2961,#2962)
    ,(#2963,#2964)
    ,(#2965,#2966)
    ,(#2967,#2968)
    ,(#2969,#2970)
    ,(#2971,#2972
)),.UNSPECIFIED.,.T.,.F.,.F.) B_SPLINE_SURFACE_WITH_KNOTS((1,2,2,2,2,1),
  (2,2),(-2.094395102393,0.,2.094395102393,4.188790204786,6.28318530718,
    8.377580409573),(-1.121,-8.1E-02),.UNSPECIFIED.) 
GEOMETRIC_REPRESENTATION_ITEM() RATIONAL_B_SPLINE_SURFACE((
    (1.,1.)
    ,(0.5,0.5)
    ,(1.,1.)
    ,(0.5,0.5)
    ,(1.,1.)
    ,(0.5,0.5)
,(1.,1.))) REPRESENTATION_ITEM('') SURFACE() );
#2959 = CARTESIAN_POINT('',(26.82,86.553962,1.2));
#2960 = CARTESIAN_POINT('',(26.82,86.553962,0.));
#2961 = CARTESIAN_POINT('',(25.520961894323,86.553962,1.2));
#2962 = CARTESIAN_POINT('',(25.520961894323,86.553962,0.));
#2963 = CARTESIAN_POINT('',(26.170480947162,87.678962,1.2));
#2964 = CARTESIAN_POINT('',(26.170480947162,87.678962,0.));
#2965 = CARTESIAN_POINT('',(26.82,88.803962,1.2));
#2966 = CARTESIAN_POINT('',(26.82,88.803962,0.));
#2967 = CARTESIAN_POINT('',(27.469519052838,87.678962,1.2));
#2968 = CARTESIAN_POINT('',(27.469519052838,87.678962,0.));
#2969 = CARTESIAN_POINT('',(28.119038105677,86.553962,1.2));
#2970 = CARTESIAN_POINT('',(28.119038105677,86.553962,0.));
#2971 = CARTESIAN_POINT('',(26.82,86.553962,1.2));
#2972 = CARTESIAN_POINT('',(26.82,86.553962,0.));
#2973 = DEFINITIONAL_REPRESENTATION('',(#2974),#2982);
#2974 = B_SPLINE_CURVE_WITH_KNOTS('',2,(#2975,#2976,#2977,#2978,#2979,
    #2980,#2981),.UNSPECIFIED.,.F.,.F.,(3,2,2,3),(0.,2.094395102393,
    4.188790204786,6.28318530718),.PIECEWISE_BEZIER_KNOTS.);
#2975 = CARTESIAN_POINT('',(0.,-8.1E-02));
#2976 = CARTESIAN_POINT('',(1.047197551197,-8.1E-02));
#2977 = CARTESIAN_POINT('',(2.094395102393,-8.1E-02));
#2978 = CARTESIAN_POINT('',(3.14159265359,-8.1E-02));
#2979 = CARTESIAN_POINT('',(4.188790204786,-8.1E-02));
#2980 = CARTESIAN_POINT('',(5.235987755983,-8.1E-02));
#2981 = CARTESIAN_POINT('',(6.28318530718,-8.1E-02));
#2982 = ( GEOMETRIC_REPRESENTATION_CONTEXT(2) 
PARAMETRIC_REPRESENTATION_CONTEXT() REPRESENTATION_CONTEXT('2D SPACE',''
  ) );
#2983 = FACE_BOUND('',#2984,.F.);
#2984 = EDGE_LOOP('',(#2985));
#2985 = ORIENTED_EDGE('',*,*,#2986,.T.);
#2986 = EDGE_CURVE('',#2987,#2987,#2989,.T.);
#2987 = VERTEX_POINT('',#2988);
#2988 = CARTESIAN_POINT('',(30.82,86.553962,0.));
#2989 = SURFACE_CURVE('',#2990,(#2998,#3009),.PCURVE_S1.);
#2990 = ( BOUNDED_CURVE() B_SPLINE_CURVE(2,(#2991,#2992,#2993,#2994,
#2995,#2996,#2997),.UNSPECIFIED.,.T.,.F.) B_SPLINE_CURVE_WITH_KNOTS((1,2
    ,2,2,2,1),(-2.094395102393,0.,2.094395102393,4.188790204786,
6.28318530718,8.377580409573),.UNSPECIFIED.) CURVE() 
GEOMETRIC_REPRESENTATION_ITEM() RATIONAL_B_SPLINE_CURVE((1.,0.5,1.,0.5,
1.,0.5,1.)) REPRESENTATION_ITEM('') );
#2991 = CARTESIAN_POINT('',(30.82,86.553962,0.));
#2992 = CARTESIAN_POINT('',(29.520961894323,86.553962,0.));
#2993 = CARTESIAN_POINT('',(30.170480947162,87.678962,0.));
#2994 = CARTESIAN_POINT('',(30.82,88.803962,0.));
#2995 = CARTESIAN_POINT('',(31.469519052838,87.678962,0.));
#2996 = CARTESIAN_POINT('',(32.119038105677,86.553962,0.));
#2997 = CARTESIAN_POINT('',(30.82,86.553962,0.));
#2998 = PCURVE('',#206,#2999);
#2999 = DEFINITIONAL_REPRESENTATION('',(#3000),#3008);
#3000 = ( BOUNDED_CURVE() B_SPLINE_CURVE(2,(#3001,#3002,#3003,#3004,
#3005,#3006,#3007),.UNSPECIFIED.,.T.,.F.) B_SPLINE_CURVE_WITH_KNOTS((3,2
    ,2,3),(0.,2.094395102393,4.188790204786,6.28318530718),
.PIECEWISE_BEZIER_KNOTS.) CURVE() GEOMETRIC_REPRESENTATION_ITEM() 
RATIONAL_B_SPLINE_CURVE((1.,0.5,1.,0.5,1.,0.5,1.)) REPRESENTATION_ITEM(
  '') );
#3001 = CARTESIAN_POINT('',(30.82,86.553962));
#3002 = CARTESIAN_POINT('',(29.520961894323,86.553962));
#3003 = CARTESIAN_POINT('',(30.170480947162,87.678962));
#3004 = CARTESIAN_POINT('',(30.82,88.803962));
#3005 = CARTESIAN_POINT('',(31.469519052838,87.678962));
#3006 = CARTESIAN_POINT('',(32.119038105677,86.553962));
#3007 = CARTESIAN_POINT('',(30.82,86.553962));
#3008 = ( GEOMETRIC_REPRESENTATION_CONTEXT(2) 
PARAMETRIC_REPRESENTATION_CONTEXT() REPRESENTATION_CONTEXT('2D SPACE',''
  ) );
#3009 = PCURVE('',#3010,#3025);
#3010 = ( BOUNDED_SURFACE() B_SPLINE_SURFACE(2,1,(
    (#3011,#3012)
    ,(#3013,#3014)
    ,(#3015,#3016)
    ,(#3017,#3018)
    ,(#3019,#3020)
    ,(#3021,#3022)
    ,(#3023,#3024
)),.UNSPECIFIED.,.T.,.F.,.F.) B_SPLINE_SURFACE_WITH_KNOTS((1,2,2,2,2,1),
  (2,2),(-2.094395102393,0.,2.094395102393,4.188790204786,6.28318530718,
    8.377580409573),(-1.121,-8.1E-02),.UNSPECIFIED.) 
GEOMETRIC_REPRESENTATION_ITEM() RATIONAL_B_SPLINE_SURFACE((
    (1.,1.)
    ,(0.5,0.5)
    ,(1.,1.)
    ,(0.5,0.5)
    ,(1.,1.)
    ,(0.5,0.5)
,(1.,1.))) REPRESENTATION_ITEM('') SURFACE() );
#3011 = CARTESIAN_POINT('',(30.82,86.553962,1.2));
#3012 = CARTESIAN_POINT('',(30.82,86.553962,0.));
#3013 = CARTESIAN_POINT('',(29.520961894323,86.553962,1.2));
#3014 = CARTESIAN_POINT('',(29.520961894323,86.553962,0.));
#3015 = CARTESIAN_POINT('',(30.170480947162,87.678962,1.2));
#3016 = CARTESIAN_POINT('',(30.170480947162,87.678962,0.));
#3017 = CARTESIAN_POINT('',(30.82,88.803962,1.2));
#3018 = CARTESIAN_POINT('',(30.82,88.803962,0.));
#3019 = CARTESIAN_POINT('',(31.469519052838,87.678962,1.2));
#3020 = CARTESIAN_POINT('',(31.469519052838,87.678962,0.));
#3021 = CARTESIAN_POINT('',(32.119038105677,86.553962,1.2));
#3022 = CARTESIAN_POINT('',(32.119038105677,86.553962,0.));
#3023 = CARTESIAN_POINT('',(30.82,86.553962,1.2));
#3024 = CARTESIAN_POINT('',(30.82,86.553962,0.));
#3025 = DEFINITIONAL_REPRESENTATION('',(#3026),#3034);
#3026 = B_SPLINE_CURVE_WITH_KNOTS('',2,(#3027,#3028,#3029,#3030,#3031,
    #3032,#3033),.UNSPECIFIED.,.F.,.F.,(3,2,2,3),(0.,2.094395102393,
    4.188790204786,6.28318530718),.PIECEWISE_BEZIER_KNOTS.);
#3027 = CARTESIAN_POINT('',(0.,-8.1E-02));
#3028 = CARTESIAN_POINT('',(1.047197551197,-8.1E-02));
#3029 = CARTESIAN_POINT('',(2.094395102393,-8.1E-02));
#3030 = CARTESIAN_POINT('',(3.14159265359,-8.1E-02));
#3031 = CARTESIAN_POINT('',(4.188790204786,-8.1E-02));
#3032 = CARTESIAN_POINT('',(5.235987755983,-8.1E-02));
#3033 = CARTESIAN_POINT('',(6.28318530718,-8.1E-02));
#3034 = ( GEOMETRIC_REPRESENTATION_CONTEXT(2) 
PARAMETRIC_REPRESENTATION_CONTEXT() REPRESENTATION_CONTEXT('2D SPACE',''
  ) );
#3035 = FACE_BOUND('',#3036,.F.);
#3036 = EDGE_LOOP('',(#3037));
#3037 = ORIENTED_EDGE('',*,*,#3038,.T.);
#3038 = EDGE_CURVE('',#3039,#3039,#3041,.T.);
#3039 = VERTEX_POINT('',#3040);
#3040 = CARTESIAN_POINT('',(44.,53.413962,0.));
#3041 = SURFACE_CURVE('',#3042,(#3050,#3061),.PCURVE_S1.);
#3042 = ( BOUNDED_CURVE() B_SPLINE_CURVE(2,(#3043,#3044,#3045,#3046,
#3047,#3048,#3049),.UNSPECIFIED.,.T.,.F.) B_SPLINE_CURVE_WITH_KNOTS((1,2
    ,2,2,2,1),(-2.094395102393,0.,2.094395102393,4.188790204786,
6.28318530718,8.377580409573),.UNSPECIFIED.) CURVE() 
GEOMETRIC_REPRESENTATION_ITEM() RATIONAL_B_SPLINE_CURVE((1.,0.5,1.,0.5,
1.,0.5,1.)) REPRESENTATION_ITEM('') );
#3043 = CARTESIAN_POINT('',(44.,53.413962,0.));
#3044 = CARTESIAN_POINT('',(42.527756813566,53.413962,0.));
#3045 = CARTESIAN_POINT('',(43.263878406783,54.688962,0.));
#3046 = CARTESIAN_POINT('',(44.,55.963962,0.));
#3047 = CARTESIAN_POINT('',(44.736121593217,54.688962,0.));
#3048 = CARTESIAN_POINT('',(45.472243186434,53.413962,0.));
#3049 = CARTESIAN_POINT('',(44.,53.413962,0.));
#3050 = PCURVE('',#206,#3051);
#3051 = DEFINITIONAL_REPRESENTATION('',(#3052),#3060);
#3052 = ( BOUNDED_CURVE() B_SPLINE_CURVE(2,(#3053,#3054,#3055,#3056,
#3057,#3058,#3059),.UNSPECIFIED.,.T.,.F.) B_SPLINE_CURVE_WITH_KNOTS((3,2
    ,2,3),(0.,2.094395102393,4.188790204786,6.28318530718),
.PIECEWISE_BEZIER_KNOTS.) CURVE() GEOMETRIC_REPRESENTATION_ITEM() 
RATIONAL_B_SPLINE_CURVE((1.,0.5,1.,0.5,1.,0.5,1.)) REPRESENTATION_ITEM(
  '') );
#3053 = CARTESIAN_POINT('',(44.,53.413962));
#3054 = CARTESIAN_POINT('',(42.527756813566,53.413962));
#3055 = CARTESIAN_POINT('',(43.263878406783,54.688962));
#3056 = CARTESIAN_POINT('',(44.,55.963962));
#3057 = CARTESIAN_POINT('',(44.736121593217,54.688962));
#3058 = CARTESIAN_POINT('',(45.472243186434,53.413962));
#3059 = CARTESIAN_POINT('',(44.,53.413962));
#3060 = ( GEOMETRIC_REPRESENTATION_CONTEXT(2) 
PARAMETRIC_REPRESENTATION_CONTEXT() REPRESENTATION_CONTEXT('2D SPACE',''
  ) );
#3061 = PCURVE('',#3062,#3077);
#3062 = ( BOUNDED_SURFACE() B_SPLINE_SURFACE(2,1,(
    (#3063,#3064)
    ,(#3065,#3066)
    ,(#3067,#3068)
    ,(#3069,#3070)
    ,(#3071,#3072)
    ,(#3073,#3074)
    ,(#3075,#3076
)),.UNSPECIFIED.,.T.,.F.,.F.) B_SPLINE_SURFACE_WITH_KNOTS((1,2,2,2,2,1),
  (2,2),(-2.094395102393,0.,2.094395102393,4.188790204786,6.28318530718,
    8.377580409573),(-1.121,-8.1E-02),.UNSPECIFIED.) 
GEOMETRIC_REPRESENTATION_ITEM() RATIONAL_B_SPLINE_SURFACE((
    (1.,1.)
    ,(0.5,0.5)
    ,(1.,1.)
    ,(0.5,0.5)
    ,(1.,1.)
    ,(0.5,0.5)
,(1.,1.))) REPRESENTATION_ITEM('') SURFACE() );
#3063 = CARTESIAN_POINT('',(44.,53.413962,1.2));
#3064 = CARTESIAN_POINT('',(44.,53.413962,0.));
#3065 = CARTESIAN_POINT('',(42.527756813566,53.413962,1.2));
#3066 = CARTESIAN_POINT('',(42.527756813566,53.413962,0.));
#3067 = CARTESIAN_POINT('',(43.263878406783,54.688962,1.2));
#3068 = CARTESIAN_POINT('',(43.263878406783,54.688962,0.));
#3069 = CARTESIAN_POINT('',(44.,55.963962,1.2));
#3070 = CARTESIAN_POINT('',(44.,55.963962,0.));
#3071 = CARTESIAN_POINT('',(44.736121593217,54.688962,1.2));
#3072 = CARTESIAN_POINT('',(44.736121593217,54.688962,0.));
#3073 = CARTESIAN_POINT('',(45.472243186434,53.413962,1.2));
#3074 = CARTESIAN_POINT('',(45.472243186434,53.413962,0.));
#3075 = CARTESIAN_POINT('',(44.,53.413962,1.2));
#3076 = CARTESIAN_POINT('',(44.,53.413962,0.));
#3077 = DEFINITIONAL_REPRESENTATION('',(#3078),#3086);
#3078 = B_SPLINE_CURVE_WITH_KNOTS('',2,(#3079,#3080,#3081,#3082,#3083,
    #3084,#3085),.UNSPECIFIED.,.F.,.F.,(3,2,2,3),(0.,2.094395102393,
    4.188790204786,6.28318530718),.UNSPECIFIED.);
#3079 = CARTESIAN_POINT('',(0.,-8.1E-02));
#3080 = CARTESIAN_POINT('',(1.047197551197,-8.1E-02));
#3081 = CARTESIAN_POINT('',(2.094395102393,-8.1E-02));
#3082 = CARTESIAN_POINT('',(3.14159265359,-8.1E-02));
#3083 = CARTESIAN_POINT('',(4.188790204786,-8.1E-02));
#3084 = CARTESIAN_POINT('',(5.235987755983,-8.1E-02));
#3085 = CARTESIAN_POINT('',(6.28318530718,-8.1E-02));
#3086 = ( GEOMETRIC_REPRESENTATION_CONTEXT(2) 
PARAMETRIC_REPRESENTATION_CONTEXT() REPRESENTATION_CONTEXT('2D SPACE',''
  ) );
#3087 = FACE_BOUND('',#3088,.F.);
#3088 = EDGE_LOOP('',(#3089));
#3089 = ORIENTED_EDGE('',*,*,#3090,.T.);
#3090 = EDGE_CURVE('',#3091,#3091,#3093,.T.);
#3091 = VERTEX_POINT('',#3092);
#3092 = CARTESIAN_POINT('',(47.96,53.413962,0.));
#3093 = SURFACE_CURVE('',#3094,(#3102,#3113),.PCURVE_S1.);
#3094 = ( BOUNDED_CURVE() B_SPLINE_CURVE(2,(#3095,#3096,#3097,#3098,
#3099,#3100,#3101),.UNSPECIFIED.,.T.,.F.) B_SPLINE_CURVE_WITH_KNOTS((1,2
    ,2,2,2,1),(-2.094395102393,0.,2.094395102393,4.188790204786,
6.28318530718,8.377580409573),.UNSPECIFIED.) CURVE() 
GEOMETRIC_REPRESENTATION_ITEM() RATIONAL_B_SPLINE_CURVE((1.,0.5,1.,0.5,
1.,0.5,1.)) REPRESENTATION_ITEM('') );
#3095 = CARTESIAN_POINT('',(47.96,53.413962,0.));
#3096 = CARTESIAN_POINT('',(46.487756813566,53.413962,0.));
#3097 = CARTESIAN_POINT('',(47.223878406783,54.688962,0.));
#3098 = CARTESIAN_POINT('',(47.96,55.963962,0.));
#3099 = CARTESIAN_POINT('',(48.696121593217,54.688962,0.));
#3100 = CARTESIAN_POINT('',(49.432243186434,53.413962,0.));
#3101 = CARTESIAN_POINT('',(47.96,53.413962,0.));
#3102 = PCURVE('',#206,#3103);
#3103 = DEFINITIONAL_REPRESENTATION('',(#3104),#3112);
#3104 = ( BOUNDED_CURVE() B_SPLINE_CURVE(2,(#3105,#3106,#3107,#3108,
#3109,#3110,#3111),.UNSPECIFIED.,.T.,.F.) B_SPLINE_CURVE_WITH_KNOTS((3,2
    ,2,3),(0.,2.094395102393,4.188790204786,6.28318530718),
.PIECEWISE_BEZIER_KNOTS.) CURVE() GEOMETRIC_REPRESENTATION_ITEM() 
RATIONAL_B_SPLINE_CURVE((1.,0.5,1.,0.5,1.,0.5,1.)) REPRESENTATION_ITEM(
  '') );
#3105 = CARTESIAN_POINT('',(47.96,53.413962));
#3106 = CARTESIAN_POINT('',(46.487756813566,53.413962));
#3107 = CARTESIAN_POINT('',(47.223878406783,54.688962));
#3108 = CARTESIAN_POINT('',(47.96,55.963962));
#3109 = CARTESIAN_POINT('',(48.696121593217,54.688962));
#3110 = CARTESIAN_POINT('',(49.432243186434,53.413962));
#3111 = CARTESIAN_POINT('',(47.96,53.413962));
#3112 = ( GEOMETRIC_REPRESENTATION_CONTEXT(2) 
PARAMETRIC_REPRESENTATION_CONTEXT() REPRESENTATION_CONTEXT('2D SPACE',''
  ) );
#3113 = PCURVE('',#3114,#3129);
#3114 = ( BOUNDED_SURFACE() B_SPLINE_SURFACE(2,1,(
    (#3115,#3116)
    ,(#3117,#3118)
    ,(#3119,#3120)
    ,(#3121,#3122)
    ,(#3123,#3124)
    ,(#3125,#3126)
    ,(#3127,#3128
)),.UNSPECIFIED.,.T.,.F.,.F.) B_SPLINE_SURFACE_WITH_KNOTS((1,2,2,2,2,1),
  (2,2),(-2.094395102393,0.,2.094395102393,4.188790204786,6.28318530718,
    8.377580409573),(-1.121,-8.1E-02),.UNSPECIFIED.) 
GEOMETRIC_REPRESENTATION_ITEM() RATIONAL_B_SPLINE_SURFACE((
    (1.,1.)
    ,(0.5,0.5)
    ,(1.,1.)
    ,(0.5,0.5)
    ,(1.,1.)
    ,(0.5,0.5)
,(1.,1.))) REPRESENTATION_ITEM('') SURFACE() );
#3115 = CARTESIAN_POINT('',(47.96,53.413962,1.2));
#3116 = CARTESIAN_POINT('',(47.96,53.413962,0.));
#3117 = CARTESIAN_POINT('',(46.487756813566,53.413962,1.2));
#3118 = CARTESIAN_POINT('',(46.487756813566,53.413962,0.));
#3119 = CARTESIAN_POINT('',(47.223878406783,54.688962,1.2));
#3120 = CARTESIAN_POINT('',(47.223878406783,54.688962,0.));
#3121 = CARTESIAN_POINT('',(47.96,55.963962,1.2));
#3122 = CARTESIAN_POINT('',(47.96,55.963962,0.));
#3123 = CARTESIAN_POINT('',(48.696121593217,54.688962,1.2));
#3124 = CARTESIAN_POINT('',(48.696121593217,54.688962,0.));
#3125 = CARTESIAN_POINT('',(49.432243186434,53.413962,1.2));
#3126 = CARTESIAN_POINT('',(49.432243186434,53.413962,0.));
#3127 = CARTESIAN_POINT('',(47.96,53.413962,1.2));
#3128 = CARTESIAN_POINT('',(47.96,53.413962,0.));
#3129 = DEFINITIONAL_REPRESENTATION('',(#3130),#3138);
#3130 = B_SPLINE_CURVE_WITH_KNOTS('',2,(#3131,#3132,#3133,#3134,#3135,
    #3136,#3137),.UNSPECIFIED.,.F.,.F.,(3,2,2,3),(0.,2.094395102393,
    4.188790204786,6.28318530718),.UNSPECIFIED.);
#3131 = CARTESIAN_POINT('',(0.,-8.1E-02));
#3132 = CARTESIAN_POINT('',(1.047197551197,-8.1E-02));
#3133 = CARTESIAN_POINT('',(2.094395102393,-8.1E-02));
#3134 = CARTESIAN_POINT('',(3.14159265359,-8.1E-02));
#3135 = CARTESIAN_POINT('',(4.188790204786,-8.1E-02));
#3136 = CARTESIAN_POINT('',(5.235987755983,-8.1E-02));
#3137 = CARTESIAN_POINT('',(6.28318530718,-8.1E-02));
#3138 = ( GEOMETRIC_REPRESENTATION_CONTEXT(2) 
PARAMETRIC_REPRESENTATION_CONTEXT() REPRESENTATION_CONTEXT('2D SPACE',''
  ) );
#3139 = FACE_BOUND('',#3140,.F.);
#3140 = EDGE_LOOP('',(#3141));
#3141 = ORIENTED_EDGE('',*,*,#3142,.T.);
#3142 = EDGE_CURVE('',#3143,#3143,#3145,.T.);
#3143 = VERTEX_POINT('',#3144);
#3144 = CARTESIAN_POINT('',(40.,61.063962,0.));
#3145 = SURFACE_CURVE('',#3146,(#3154,#3165),.PCURVE_S1.);
#3146 = ( BOUNDED_CURVE() B_SPLINE_CURVE(2,(#3147,#3148,#3149,#3150,
#3151,#3152,#3153),.UNSPECIFIED.,.T.,.F.) B_SPLINE_CURVE_WITH_KNOTS((1,2
    ,2,2,2,1),(-2.094395102393,0.,2.094395102393,4.188790204786,
6.28318530718,8.377580409573),.UNSPECIFIED.) CURVE() 
GEOMETRIC_REPRESENTATION_ITEM() RATIONAL_B_SPLINE_CURVE((1.,0.5,1.,0.5,
1.,0.5,1.)) REPRESENTATION_ITEM('') );
#3147 = CARTESIAN_POINT('',(40.,61.063962,0.));
#3148 = CARTESIAN_POINT('',(38.787564434702,61.063962,0.));
#3149 = CARTESIAN_POINT('',(39.393782217351,62.113962,0.));
#3150 = CARTESIAN_POINT('',(40.,63.163962,0.));
#3151 = CARTESIAN_POINT('',(40.606217782649,62.113962,0.));
#3152 = CARTESIAN_POINT('',(41.212435565298,61.063962,0.));
#3153 = CARTESIAN_POINT('',(40.,61.063962,0.));
#3154 = PCURVE('',#206,#3155);
#3155 = DEFINITIONAL_REPRESENTATION('',(#3156),#3164);
#3156 = ( BOUNDED_CURVE() B_SPLINE_CURVE(2,(#3157,#3158,#3159,#3160,
#3161,#3162,#3163),.UNSPECIFIED.,.T.,.F.) B_SPLINE_CURVE_WITH_KNOTS((3,2
    ,2,3),(0.,2.094395102393,4.188790204786,6.28318530718),
.PIECEWISE_BEZIER_KNOTS.) CURVE() GEOMETRIC_REPRESENTATION_ITEM() 
RATIONAL_B_SPLINE_CURVE((1.,0.5,1.,0.5,1.,0.5,1.)) REPRESENTATION_ITEM(
  '') );
#3157 = CARTESIAN_POINT('',(40.,61.063962));
#3158 = CARTESIAN_POINT('',(38.787564434702,61.063962));
#3159 = CARTESIAN_POINT('',(39.393782217351,62.113962));
#3160 = CARTESIAN_POINT('',(40.,63.163962));
#3161 = CARTESIAN_POINT('',(40.606217782649,62.113962));
#3162 = CARTESIAN_POINT('',(41.212435565298,61.063962));
#3163 = CARTESIAN_POINT('',(40.,61.063962));
#3164 = ( GEOMETRIC_REPRESENTATION_CONTEXT(2) 
PARAMETRIC_REPRESENTATION_CONTEXT() REPRESENTATION_CONTEXT('2D SPACE',''
  ) );
#3165 = PCURVE('',#3166,#3181);
#3166 = ( BOUNDED_SURFACE() B_SPLINE_SURFACE(2,1,(
    (#3167,#3168)
    ,(#3169,#3170)
    ,(#3171,#3172)
    ,(#3173,#3174)
    ,(#3175,#3176)
    ,(#3177,#3178)
    ,(#3179,#3180
)),.UNSPECIFIED.,.T.,.F.,.F.) B_SPLINE_SURFACE_WITH_KNOTS((1,2,2,2,2,1),
  (2,2),(-2.094395102393,0.,2.094395102393,4.188790204786,6.28318530718,
    8.377580409573),(-1.121,-8.1E-02),.UNSPECIFIED.) 
GEOMETRIC_REPRESENTATION_ITEM() RATIONAL_B_SPLINE_SURFACE((
    (1.,1.)
    ,(0.5,0.5)
    ,(1.,1.)
    ,(0.5,0.5)
    ,(1.,1.)
    ,(0.5,0.5)
,(1.,1.))) REPRESENTATION_ITEM('') SURFACE() );
#3167 = CARTESIAN_POINT('',(40.,61.063962,1.2));
#3168 = CARTESIAN_POINT('',(40.,61.063962,0.));
#3169 = CARTESIAN_POINT('',(38.787564434702,61.063962,1.2));
#3170 = CARTESIAN_POINT('',(38.787564434702,61.063962,0.));
#3171 = CARTESIAN_POINT('',(39.393782217351,62.113962,1.2));
#3172 = CARTESIAN_POINT('',(39.393782217351,62.113962,0.));
#3173 = CARTESIAN_POINT('',(40.,63.163962,1.2));
#3174 = CARTESIAN_POINT('',(40.,63.163962,0.));
#3175 = CARTESIAN_POINT('',(40.606217782649,62.113962,1.2));
#3176 = CARTESIAN_POINT('',(40.606217782649,62.113962,0.));
#3177 = CARTESIAN_POINT('',(41.212435565298,61.063962,1.2));
#3178 = CARTESIAN_POINT('',(41.212435565298,61.063962,0.));
#3179 = CARTESIAN_POINT('',(40.,61.063962,1.2));
#3180 = CARTESIAN_POINT('',(40.,61.063962,0.));
#3181 = DEFINITIONAL_REPRESENTATION('',(#3182),#3190);
#3182 = B_SPLINE_CURVE_WITH_KNOTS('',2,(#3183,#3184,#3185,#3186,#3187,
    #3188,#3189),.UNSPECIFIED.,.F.,.F.,(3,2,2,3),(0.,2.094395102393,
    4.188790204786,6.28318530718),.PIECEWISE_BEZIER_KNOTS.);
#3183 = CARTESIAN_POINT('',(0.,-8.1E-02));
#3184 = CARTESIAN_POINT('',(1.047197551197,-8.1E-02));
#3185 = CARTESIAN_POINT('',(2.094395102393,-8.1E-02));
#3186 = CARTESIAN_POINT('',(3.14159265359,-8.1E-02));
#3187 = CARTESIAN_POINT('',(4.188790204786,-8.1E-02));
#3188 = CARTESIAN_POINT('',(5.235987755983,-8.1E-02));
#3189 = CARTESIAN_POINT('',(6.28318530718,-8.1E-02));
#3190 = ( GEOMETRIC_REPRESENTATION_CONTEXT(2) 
PARAMETRIC_REPRESENTATION_CONTEXT() REPRESENTATION_CONTEXT('2D SPACE',''
  ) );
#3191 = FACE_BOUND('',#3192,.F.);
#3192 = EDGE_LOOP('',(#3193));
#3193 = ORIENTED_EDGE('',*,*,#3194,.T.);
#3194 = EDGE_CURVE('',#3195,#3195,#3197,.T.);
#3195 = VERTEX_POINT('',#3196);
#3196 = CARTESIAN_POINT('',(40.,63.563962,0.));
#3197 = SURFACE_CURVE('',#3198,(#3206,#3217),.PCURVE_S1.);
#3198 = ( BOUNDED_CURVE() B_SPLINE_CURVE(2,(#3199,#3200,#3201,#3202,
#3203,#3204,#3205),.UNSPECIFIED.,.T.,.F.) B_SPLINE_CURVE_WITH_KNOTS((1,2
    ,2,2,2,1),(-2.094395102393,0.,2.094395102393,4.188790204786,
6.28318530718,8.377580409573),.UNSPECIFIED.) CURVE() 
GEOMETRIC_REPRESENTATION_ITEM() RATIONAL_B_SPLINE_CURVE((1.,0.5,1.,0.5,
1.,0.5,1.)) REPRESENTATION_ITEM('') );
#3199 = CARTESIAN_POINT('',(40.,63.563962,0.));
#3200 = CARTESIAN_POINT('',(38.787564434702,63.563962,0.));
#3201 = CARTESIAN_POINT('',(39.393782217351,64.613962,0.));
#3202 = CARTESIAN_POINT('',(40.,65.663962,0.));
#3203 = CARTESIAN_POINT('',(40.606217782649,64.613962,0.));
#3204 = CARTESIAN_POINT('',(41.212435565298,63.563962,0.));
#3205 = CARTESIAN_POINT('',(40.,63.563962,0.));
#3206 = PCURVE('',#206,#3207);
#3207 = DEFINITIONAL_REPRESENTATION('',(#3208),#3216);
#3208 = ( BOUNDED_CURVE() B_SPLINE_CURVE(2,(#3209,#3210,#3211,#3212,
#3213,#3214,#3215),.UNSPECIFIED.,.T.,.F.) B_SPLINE_CURVE_WITH_KNOTS((3,2
    ,2,3),(0.,2.094395102393,4.188790204786,6.28318530718),
.PIECEWISE_BEZIER_KNOTS.) CURVE() GEOMETRIC_REPRESENTATION_ITEM() 
RATIONAL_B_SPLINE_CURVE((1.,0.5,1.,0.5,1.,0.5,1.)) REPRESENTATION_ITEM(
  '') );
#3209 = CARTESIAN_POINT('',(40.,63.563962));
#3210 = CARTESIAN_POINT('',(38.787564434702,63.563962));
#3211 = CARTESIAN_POINT('',(39.393782217351,64.613962));
#3212 = CARTESIAN_POINT('',(40.,65.663962));
#3213 = CARTESIAN_POINT('',(40.606217782649,64.613962));
#3214 = CARTESIAN_POINT('',(41.212435565298,63.563962));
#3215 = CARTESIAN_POINT('',(40.,63.563962));
#3216 = ( GEOMETRIC_REPRESENTATION_CONTEXT(2) 
PARAMETRIC_REPRESENTATION_CONTEXT() REPRESENTATION_CONTEXT('2D SPACE',''
  ) );
#3217 = PCURVE('',#3218,#3233);
#3218 = ( BOUNDED_SURFACE() B_SPLINE_SURFACE(2,1,(
    (#3219,#3220)
    ,(#3221,#3222)
    ,(#3223,#3224)
    ,(#3225,#3226)
    ,(#3227,#3228)
    ,(#3229,#3230)
    ,(#3231,#3232
)),.UNSPECIFIED.,.T.,.F.,.F.) B_SPLINE_SURFACE_WITH_KNOTS((1,2,2,2,2,1),
  (2,2),(-2.094395102393,0.,2.094395102393,4.188790204786,6.28318530718,
    8.377580409573),(-1.121,-8.1E-02),.UNSPECIFIED.) 
GEOMETRIC_REPRESENTATION_ITEM() RATIONAL_B_SPLINE_SURFACE((
    (1.,1.)
    ,(0.5,0.5)
    ,(1.,1.)
    ,(0.5,0.5)
    ,(1.,1.)
    ,(0.5,0.5)
,(1.,1.))) REPRESENTATION_ITEM('') SURFACE() );
#3219 = CARTESIAN_POINT('',(40.,63.563962,1.2));
#3220 = CARTESIAN_POINT('',(40.,63.563962,0.));
#3221 = CARTESIAN_POINT('',(38.787564434702,63.563962,1.2));
#3222 = CARTESIAN_POINT('',(38.787564434702,63.563962,0.));
#3223 = CARTESIAN_POINT('',(39.393782217351,64.613962,1.2));
#3224 = CARTESIAN_POINT('',(39.393782217351,64.613962,0.));
#3225 = CARTESIAN_POINT('',(40.,65.663962,1.2));
#3226 = CARTESIAN_POINT('',(40.,65.663962,0.));
#3227 = CARTESIAN_POINT('',(40.606217782649,64.613962,1.2));
#3228 = CARTESIAN_POINT('',(40.606217782649,64.613962,0.));
#3229 = CARTESIAN_POINT('',(41.212435565298,63.563962,1.2));
#3230 = CARTESIAN_POINT('',(41.212435565298,63.563962,0.));
#3231 = CARTESIAN_POINT('',(40.,63.563962,1.2));
#3232 = CARTESIAN_POINT('',(40.,63.563962,0.));
#3233 = DEFINITIONAL_REPRESENTATION('',(#3234),#3242);
#3234 = B_SPLINE_CURVE_WITH_KNOTS('',2,(#3235,#3236,#3237,#3238,#3239,
    #3240,#3241),.UNSPECIFIED.,.F.,.F.,(3,2,2,3),(0.,2.094395102393,
    4.188790204786,6.28318530718),.PIECEWISE_BEZIER_KNOTS.);
#3235 = CARTESIAN_POINT('',(0.,-8.1E-02));
#3236 = CARTESIAN_POINT('',(1.047197551197,-8.1E-02));
#3237 = CARTESIAN_POINT('',(2.094395102393,-8.1E-02));
#3238 = CARTESIAN_POINT('',(3.14159265359,-8.1E-02));
#3239 = CARTESIAN_POINT('',(4.188790204786,-8.1E-02));
#3240 = CARTESIAN_POINT('',(5.235987755983,-8.1E-02));
#3241 = CARTESIAN_POINT('',(6.28318530718,-8.1E-02));
#3242 = ( GEOMETRIC_REPRESENTATION_CONTEXT(2) 
PARAMETRIC_REPRESENTATION_CONTEXT() REPRESENTATION_CONTEXT('2D SPACE',''
  ) );
#3243 = FACE_BOUND('',#3244,.F.);
#3244 = EDGE_LOOP('',(#3245));
#3245 = ORIENTED_EDGE('',*,*,#3246,.T.);
#3246 = EDGE_CURVE('',#3247,#3247,#3249,.T.);
#3247 = VERTEX_POINT('',#3248);
#3248 = CARTESIAN_POINT('',(43.5,61.063962,0.));
#3249 = SURFACE_CURVE('',#3250,(#3258,#3269),.PCURVE_S1.);
#3250 = ( BOUNDED_CURVE() B_SPLINE_CURVE(2,(#3251,#3252,#3253,#3254,
#3255,#3256,#3257),.UNSPECIFIED.,.T.,.F.) B_SPLINE_CURVE_WITH_KNOTS((1,2
    ,2,2,2,1),(-2.094395102393,0.,2.094395102393,4.188790204786,
6.28318530718,8.377580409573),.UNSPECIFIED.) CURVE() 
GEOMETRIC_REPRESENTATION_ITEM() RATIONAL_B_SPLINE_CURVE((1.,0.5,1.,0.5,
1.,0.5,1.)) REPRESENTATION_ITEM('') );
#3251 = CARTESIAN_POINT('',(43.5,61.063962,0.));
#3252 = CARTESIAN_POINT('',(42.287564434702,61.063962,0.));
#3253 = CARTESIAN_POINT('',(42.893782217351,62.113962,0.));
#3254 = CARTESIAN_POINT('',(43.5,63.163962,0.));
#3255 = CARTESIAN_POINT('',(44.106217782649,62.113962,0.));
#3256 = CARTESIAN_POINT('',(44.712435565298,61.063962,0.));
#3257 = CARTESIAN_POINT('',(43.5,61.063962,0.));
#3258 = PCURVE('',#206,#3259);
#3259 = DEFINITIONAL_REPRESENTATION('',(#3260),#3268);
#3260 = ( BOUNDED_CURVE() B_SPLINE_CURVE(2,(#3261,#3262,#3263,#3264,
#3265,#3266,#3267),.UNSPECIFIED.,.T.,.F.) B_SPLINE_CURVE_WITH_KNOTS((3,2
    ,2,3),(0.,2.094395102393,4.188790204786,6.28318530718),
.PIECEWISE_BEZIER_KNOTS.) CURVE() GEOMETRIC_REPRESENTATION_ITEM() 
RATIONAL_B_SPLINE_CURVE((1.,0.5,1.,0.5,1.,0.5,1.)) REPRESENTATION_ITEM(
  '') );
#3261 = CARTESIAN_POINT('',(43.5,61.063962));
#3262 = CARTESIAN_POINT('',(42.287564434702,61.063962));
#3263 = CARTESIAN_POINT('',(42.893782217351,62.113962));
#3264 = CARTESIAN_POINT('',(43.5,63.163962));
#3265 = CARTESIAN_POINT('',(44.106217782649,62.113962));
#3266 = CARTESIAN_POINT('',(44.712435565298,61.063962));
#3267 = CARTESIAN_POINT('',(43.5,61.063962));
#3268 = ( GEOMETRIC_REPRESENTATION_CONTEXT(2) 
PARAMETRIC_REPRESENTATION_CONTEXT() REPRESENTATION_CONTEXT('2D SPACE',''
  ) );
#3269 = PCURVE('',#3270,#3285);
#3270 = ( BOUNDED_SURFACE() B_SPLINE_SURFACE(2,1,(
    (#3271,#3272)
    ,(#3273,#3274)
    ,(#3275,#3276)
    ,(#3277,#3278)
    ,(#3279,#3280)
    ,(#3281,#3282)
    ,(#3283,#3284
)),.UNSPECIFIED.,.T.,.F.,.F.) B_SPLINE_SURFACE_WITH_KNOTS((1,2,2,2,2,1),
  (2,2),(-2.094395102393,0.,2.094395102393,4.188790204786,6.28318530718,
    8.377580409573),(-1.121,-8.1E-02),.UNSPECIFIED.) 
GEOMETRIC_REPRESENTATION_ITEM() RATIONAL_B_SPLINE_SURFACE((
    (1.,1.)
    ,(0.5,0.5)
    ,(1.,1.)
    ,(0.5,0.5)
    ,(1.,1.)
    ,(0.5,0.5)
,(1.,1.))) REPRESENTATION_ITEM('') SURFACE() );
#3271 = CARTESIAN_POINT('',(43.5,61.063962,1.2));
#3272 = CARTESIAN_POINT('',(43.5,61.063962,0.));
#3273 = CARTESIAN_POINT('',(42.287564434702,61.063962,1.2));
#3274 = CARTESIAN_POINT('',(42.287564434702,61.063962,0.));
#3275 = CARTESIAN_POINT('',(42.893782217351,62.113962,1.2));
#3276 = CARTESIAN_POINT('',(42.893782217351,62.113962,0.));
#3277 = CARTESIAN_POINT('',(43.5,63.163962,1.2));
#3278 = CARTESIAN_POINT('',(43.5,63.163962,0.));
#3279 = CARTESIAN_POINT('',(44.106217782649,62.113962,1.2));
#3280 = CARTESIAN_POINT('',(44.106217782649,62.113962,0.));
#3281 = CARTESIAN_POINT('',(44.712435565298,61.063962,1.2));
#3282 = CARTESIAN_POINT('',(44.712435565298,61.063962,0.));
#3283 = CARTESIAN_POINT('',(43.5,61.063962,1.2));
#3284 = CARTESIAN_POINT('',(43.5,61.063962,0.));
#3285 = DEFINITIONAL_REPRESENTATION('',(#3286),#3294);
#3286 = B_SPLINE_CURVE_WITH_KNOTS('',2,(#3287,#3288,#3289,#3290,#3291,
    #3292,#3293),.UNSPECIFIED.,.F.,.F.,(3,2,2,3),(0.,2.094395102393,
    4.188790204786,6.28318530718),.PIECEWISE_BEZIER_KNOTS.);
#3287 = CARTESIAN_POINT('',(0.,-8.1E-02));
#3288 = CARTESIAN_POINT('',(1.047197551197,-8.1E-02));
#3289 = CARTESIAN_POINT('',(2.094395102393,-8.1E-02));
#3290 = CARTESIAN_POINT('',(3.14159265359,-8.1E-02));
#3291 = CARTESIAN_POINT('',(4.188790204786,-8.1E-02));
#3292 = CARTESIAN_POINT('',(5.235987755983,-8.1E-02));
#3293 = CARTESIAN_POINT('',(6.28318530718,-8.1E-02));
#3294 = ( GEOMETRIC_REPRESENTATION_CONTEXT(2) 
PARAMETRIC_REPRESENTATION_CONTEXT() REPRESENTATION_CONTEXT('2D SPACE',''
  ) );
#3295 = FACE_BOUND('',#3296,.F.);
#3296 = EDGE_LOOP('',(#3297));
#3297 = ORIENTED_EDGE('',*,*,#3298,.T.);
#3298 = EDGE_CURVE('',#3299,#3299,#3301,.T.);
#3299 = VERTEX_POINT('',#3300);
#3300 = CARTESIAN_POINT('',(43.5,63.563962,0.));
#3301 = SURFACE_CURVE('',#3302,(#3310,#3321),.PCURVE_S1.);
#3302 = ( BOUNDED_CURVE() B_SPLINE_CURVE(2,(#3303,#3304,#3305,#3306,
#3307,#3308,#3309),.UNSPECIFIED.,.T.,.F.) B_SPLINE_CURVE_WITH_KNOTS((1,2
    ,2,2,2,1),(-2.094395102393,0.,2.094395102393,4.188790204786,
6.28318530718,8.377580409573),.UNSPECIFIED.) CURVE() 
GEOMETRIC_REPRESENTATION_ITEM() RATIONAL_B_SPLINE_CURVE((1.,0.5,1.,0.5,
1.,0.5,1.)) REPRESENTATION_ITEM('') );
#3303 = CARTESIAN_POINT('',(43.5,63.563962,0.));
#3304 = CARTESIAN_POINT('',(42.287564434702,63.563962,0.));
#3305 = CARTESIAN_POINT('',(42.893782217351,64.613962,0.));
#3306 = CARTESIAN_POINT('',(43.5,65.663962,0.));
#3307 = CARTESIAN_POINT('',(44.106217782649,64.613962,0.));
#3308 = CARTESIAN_POINT('',(44.712435565298,63.563962,0.));
#3309 = CARTESIAN_POINT('',(43.5,63.563962,0.));
#3310 = PCURVE('',#206,#3311);
#3311 = DEFINITIONAL_REPRESENTATION('',(#3312),#3320);
#3312 = ( BOUNDED_CURVE() B_SPLINE_CURVE(2,(#3313,#3314,#3315,#3316,
#3317,#3318,#3319),.UNSPECIFIED.,.T.,.F.) B_SPLINE_CURVE_WITH_KNOTS((3,2
    ,2,3),(0.,2.094395102393,4.188790204786,6.28318530718),
.PIECEWISE_BEZIER_KNOTS.) CURVE() GEOMETRIC_REPRESENTATION_ITEM() 
RATIONAL_B_SPLINE_CURVE((1.,0.5,1.,0.5,1.,0.5,1.)) REPRESENTATION_ITEM(
  '') );
#3313 = CARTESIAN_POINT('',(43.5,63.563962));
#3314 = CARTESIAN_POINT('',(42.287564434702,63.563962));
#3315 = CARTESIAN_POINT('',(42.893782217351,64.613962));
#3316 = CARTESIAN_POINT('',(43.5,65.663962));
#3317 = CARTESIAN_POINT('',(44.106217782649,64.613962));
#3318 = CARTESIAN_POINT('',(44.712435565298,63.563962));
#3319 = CARTESIAN_POINT('',(43.5,63.563962));
#3320 = ( GEOMETRIC_REPRESENTATION_CONTEXT(2) 
PARAMETRIC_REPRESENTATION_CONTEXT() REPRESENTATION_CONTEXT('2D SPACE',''
  ) );
#3321 = PCURVE('',#3322,#3337);
#3322 = ( BOUNDED_SURFACE() B_SPLINE_SURFACE(2,1,(
    (#3323,#3324)
    ,(#3325,#3326)
    ,(#3327,#3328)
    ,(#3329,#3330)
    ,(#3331,#3332)
    ,(#3333,#3334)
    ,(#3335,#3336
)),.UNSPECIFIED.,.T.,.F.,.F.) B_SPLINE_SURFACE_WITH_KNOTS((1,2,2,2,2,1),
  (2,2),(-2.094395102393,0.,2.094395102393,4.188790204786,6.28318530718,
    8.377580409573),(-1.121,-8.1E-02),.UNSPECIFIED.) 
GEOMETRIC_REPRESENTATION_ITEM() RATIONAL_B_SPLINE_SURFACE((
    (1.,1.)
    ,(0.5,0.5)
    ,(1.,1.)
    ,(0.5,0.5)
    ,(1.,1.)
    ,(0.5,0.5)
,(1.,1.))) REPRESENTATION_ITEM('') SURFACE() );
#3323 = CARTESIAN_POINT('',(43.5,63.563962,1.2));
#3324 = CARTESIAN_POINT('',(43.5,63.563962,0.));
#3325 = CARTESIAN_POINT('',(42.287564434702,63.563962,1.2));
#3326 = CARTESIAN_POINT('',(42.287564434702,63.563962,0.));
#3327 = CARTESIAN_POINT('',(42.893782217351,64.613962,1.2));
#3328 = CARTESIAN_POINT('',(42.893782217351,64.613962,0.));
#3329 = CARTESIAN_POINT('',(43.5,65.663962,1.2));
#3330 = CARTESIAN_POINT('',(43.5,65.663962,0.));
#3331 = CARTESIAN_POINT('',(44.106217782649,64.613962,1.2));
#3332 = CARTESIAN_POINT('',(44.106217782649,64.613962,0.));
#3333 = CARTESIAN_POINT('',(44.712435565298,63.563962,1.2));
#3334 = CARTESIAN_POINT('',(44.712435565298,63.563962,0.));
#3335 = CARTESIAN_POINT('',(43.5,63.563962,1.2));
#3336 = CARTESIAN_POINT('',(43.5,63.563962,0.));
#3337 = DEFINITIONAL_REPRESENTATION('',(#3338),#3346);
#3338 = B_SPLINE_CURVE_WITH_KNOTS('',2,(#3339,#3340,#3341,#3342,#3343,
    #3344,#3345),.UNSPECIFIED.,.F.,.F.,(3,2,2,3),(0.,2.094395102393,
    4.188790204786,6.28318530718),.PIECEWISE_BEZIER_KNOTS.);
#3339 = CARTESIAN_POINT('',(0.,-8.1E-02));
#3340 = CARTESIAN_POINT('',(1.047197551197,-8.1E-02));
#3341 = CARTESIAN_POINT('',(2.094395102393,-8.1E-02));
#3342 = CARTESIAN_POINT('',(3.14159265359,-8.1E-02));
#3343 = CARTESIAN_POINT('',(4.188790204786,-8.1E-02));
#3344 = CARTESIAN_POINT('',(5.235987755983,-8.1E-02));
#3345 = CARTESIAN_POINT('',(6.28318530718,-8.1E-02));
#3346 = ( GEOMETRIC_REPRESENTATION_CONTEXT(2) 
PARAMETRIC_REPRESENTATION_CONTEXT() REPRESENTATION_CONTEXT('2D SPACE',''
  ) );
#3347 = FACE_BOUND('',#3348,.F.);
#3348 = EDGE_LOOP('',(#3349));
#3349 = ORIENTED_EDGE('',*,*,#3350,.T.);
#3350 = EDGE_CURVE('',#3351,#3351,#3353,.T.);
#3351 = VERTEX_POINT('',#3352);
#3352 = CARTESIAN_POINT('',(46.4,61.813962,0.));
#3353 = SURFACE_CURVE('',#3354,(#3362,#3373),.PCURVE_S1.);
#3354 = ( BOUNDED_CURVE() B_SPLINE_CURVE(2,(#3355,#3356,#3357,#3358,
#3359,#3360,#3361),.UNSPECIFIED.,.T.,.F.) B_SPLINE_CURVE_WITH_KNOTS((1,2
    ,2,2,2,1),(-2.094395102393,0.,2.094395102393,4.188790204786,
6.28318530718,8.377580409573),.UNSPECIFIED.) CURVE() 
GEOMETRIC_REPRESENTATION_ITEM() RATIONAL_B_SPLINE_CURVE((1.,0.5,1.,0.5,
1.,0.5,1.)) REPRESENTATION_ITEM('') );
#3355 = CARTESIAN_POINT('',(46.4,61.813962,0.));
#3356 = CARTESIAN_POINT('',(44.321539030917,61.813962,0.));
#3357 = CARTESIAN_POINT('',(45.360769515459,63.613962,0.));
#3358 = CARTESIAN_POINT('',(46.4,65.413962,0.));
#3359 = CARTESIAN_POINT('',(47.439230484541,63.613962,0.));
#3360 = CARTESIAN_POINT('',(48.478460969083,61.813962,0.));
#3361 = CARTESIAN_POINT('',(46.4,61.813962,0.));
#3362 = PCURVE('',#206,#3363);
#3363 = DEFINITIONAL_REPRESENTATION('',(#3364),#3372);
#3364 = ( BOUNDED_CURVE() B_SPLINE_CURVE(2,(#3365,#3366,#3367,#3368,
#3369,#3370,#3371),.UNSPECIFIED.,.T.,.F.) B_SPLINE_CURVE_WITH_KNOTS((3,2
    ,2,3),(0.,2.094395102393,4.188790204786,6.28318530718),
.PIECEWISE_BEZIER_KNOTS.) CURVE() GEOMETRIC_REPRESENTATION_ITEM() 
RATIONAL_B_SPLINE_CURVE((1.,0.5,1.,0.5,1.,0.5,1.)) REPRESENTATION_ITEM(
  '') );
#3365 = CARTESIAN_POINT('',(46.4,61.813962));
#3366 = CARTESIAN_POINT('',(44.321539030917,61.813962));
#3367 = CARTESIAN_POINT('',(45.360769515459,63.613962));
#3368 = CARTESIAN_POINT('',(46.4,65.413962));
#3369 = CARTESIAN_POINT('',(47.439230484541,63.613962));
#3370 = CARTESIAN_POINT('',(48.478460969083,61.813962));
#3371 = CARTESIAN_POINT('',(46.4,61.813962));
#3372 = ( GEOMETRIC_REPRESENTATION_CONTEXT(2) 
PARAMETRIC_REPRESENTATION_CONTEXT() REPRESENTATION_CONTEXT('2D SPACE',''
  ) );
#3373 = PCURVE('',#3374,#3389);
#3374 = ( BOUNDED_SURFACE() B_SPLINE_SURFACE(2,1,(
    (#3375,#3376)
    ,(#3377,#3378)
    ,(#3379,#3380)
    ,(#3381,#3382)
    ,(#3383,#3384)
    ,(#3385,#3386)
    ,(#3387,#3388
)),.UNSPECIFIED.,.T.,.F.,.F.) B_SPLINE_SURFACE_WITH_KNOTS((1,2,2,2,2,1),
  (2,2),(-2.094395102393,0.,2.094395102393,4.188790204786,6.28318530718,
    8.377580409573),(-1.121,-8.1E-02),.UNSPECIFIED.) 
GEOMETRIC_REPRESENTATION_ITEM() RATIONAL_B_SPLINE_SURFACE((
    (1.,1.)
    ,(0.5,0.5)
    ,(1.,1.)
    ,(0.5,0.5)
    ,(1.,1.)
    ,(0.5,0.5)
,(1.,1.))) REPRESENTATION_ITEM('') SURFACE() );
#3375 = CARTESIAN_POINT('',(46.4,61.813962,1.2));
#3376 = CARTESIAN_POINT('',(46.4,61.813962,0.));
#3377 = CARTESIAN_POINT('',(44.321539030917,61.813962,1.2));
#3378 = CARTESIAN_POINT('',(44.321539030917,61.813962,0.));
#3379 = CARTESIAN_POINT('',(45.360769515459,63.613962,1.2));
#3380 = CARTESIAN_POINT('',(45.360769515459,63.613962,0.));
#3381 = CARTESIAN_POINT('',(46.4,65.413962,1.2));
#3382 = CARTESIAN_POINT('',(46.4,65.413962,0.));
#3383 = CARTESIAN_POINT('',(47.439230484541,63.613962,1.2));
#3384 = CARTESIAN_POINT('',(47.439230484541,63.613962,0.));
#3385 = CARTESIAN_POINT('',(48.478460969083,61.813962,1.2));
#3386 = CARTESIAN_POINT('',(48.478460969083,61.813962,0.));
#3387 = CARTESIAN_POINT('',(46.4,61.813962,1.2));
#3388 = CARTESIAN_POINT('',(46.4,61.813962,0.));
#3389 = DEFINITIONAL_REPRESENTATION('',(#3390),#3398);
#3390 = B_SPLINE_CURVE_WITH_KNOTS('',2,(#3391,#3392,#3393,#3394,#3395,
    #3396,#3397),.UNSPECIFIED.,.F.,.F.,(3,2,2,3),(0.,2.094395102393,
    4.188790204786,6.28318530718),.UNSPECIFIED.);
#3391 = CARTESIAN_POINT('',(0.,-8.1E-02));
#3392 = CARTESIAN_POINT('',(1.047197551197,-8.1E-02));
#3393 = CARTESIAN_POINT('',(2.094395102393,-8.1E-02));
#3394 = CARTESIAN_POINT('',(3.14159265359,-8.1E-02));
#3395 = CARTESIAN_POINT('',(4.188790204786,-8.1E-02));
#3396 = CARTESIAN_POINT('',(5.235987755983,-8.1E-02));
#3397 = CARTESIAN_POINT('',(6.28318530718,-8.1E-02));
#3398 = ( GEOMETRIC_REPRESENTATION_CONTEXT(2) 
PARAMETRIC_REPRESENTATION_CONTEXT() REPRESENTATION_CONTEXT('2D SPACE',''
  ) );
#3399 = FACE_BOUND('',#3400,.F.);
#3400 = EDGE_LOOP('',(#3401));
#3401 = ORIENTED_EDGE('',*,*,#3402,.T.);
#3402 = EDGE_CURVE('',#3403,#3403,#3405,.T.);
#3403 = VERTEX_POINT('',#3404);
#3404 = CARTESIAN_POINT('',(49.3,61.063962,0.));
#3405 = SURFACE_CURVE('',#3406,(#3414,#3425),.PCURVE_S1.);
#3406 = ( BOUNDED_CURVE() B_SPLINE_CURVE(2,(#3407,#3408,#3409,#3410,
#3411,#3412,#3413),.UNSPECIFIED.,.T.,.F.) B_SPLINE_CURVE_WITH_KNOTS((1,2
    ,2,2,2,1),(-2.094395102393,0.,2.094395102393,4.188790204786,
6.28318530718,8.377580409573),.UNSPECIFIED.) CURVE() 
GEOMETRIC_REPRESENTATION_ITEM() RATIONAL_B_SPLINE_CURVE((1.,0.5,1.,0.5,
1.,0.5,1.)) REPRESENTATION_ITEM('') );
#3407 = CARTESIAN_POINT('',(49.3,61.063962,0.));
#3408 = CARTESIAN_POINT('',(48.087564434702,61.063962,0.));
#3409 = CARTESIAN_POINT('',(48.693782217351,62.113962,0.));
#3410 = CARTESIAN_POINT('',(49.3,63.163962,0.));
#3411 = CARTESIAN_POINT('',(49.906217782649,62.113962,0.));
#3412 = CARTESIAN_POINT('',(50.512435565298,61.063962,0.));
#3413 = CARTESIAN_POINT('',(49.3,61.063962,0.));
#3414 = PCURVE('',#206,#3415);
#3415 = DEFINITIONAL_REPRESENTATION('',(#3416),#3424);
#3416 = ( BOUNDED_CURVE() B_SPLINE_CURVE(2,(#3417,#3418,#3419,#3420,
#3421,#3422,#3423),.UNSPECIFIED.,.T.,.F.) B_SPLINE_CURVE_WITH_KNOTS((3,2
    ,2,3),(0.,2.094395102393,4.188790204786,6.28318530718),
.PIECEWISE_BEZIER_KNOTS.) CURVE() GEOMETRIC_REPRESENTATION_ITEM() 
RATIONAL_B_SPLINE_CURVE((1.,0.5,1.,0.5,1.,0.5,1.)) REPRESENTATION_ITEM(
  '') );
#3417 = CARTESIAN_POINT('',(49.3,61.063962));
#3418 = CARTESIAN_POINT('',(48.087564434702,61.063962));
#3419 = CARTESIAN_POINT('',(48.693782217351,62.113962));
#3420 = CARTESIAN_POINT('',(49.3,63.163962));
#3421 = CARTESIAN_POINT('',(49.906217782649,62.113962));
#3422 = CARTESIAN_POINT('',(50.512435565298,61.063962));
#3423 = CARTESIAN_POINT('',(49.3,61.063962));
#3424 = ( GEOMETRIC_REPRESENTATION_CONTEXT(2) 
PARAMETRIC_REPRESENTATION_CONTEXT() REPRESENTATION_CONTEXT('2D SPACE',''
  ) );
#3425 = PCURVE('',#3426,#3441);
#3426 = ( BOUNDED_SURFACE() B_SPLINE_SURFACE(2,1,(
    (#3427,#3428)
    ,(#3429,#3430)
    ,(#3431,#3432)
    ,(#3433,#3434)
    ,(#3435,#3436)
    ,(#3437,#3438)
    ,(#3439,#3440
)),.UNSPECIFIED.,.T.,.F.,.F.) B_SPLINE_SURFACE_WITH_KNOTS((1,2,2,2,2,1),
  (2,2),(-2.094395102393,0.,2.094395102393,4.188790204786,6.28318530718,
    8.377580409573),(-1.121,-8.1E-02),.UNSPECIFIED.) 
GEOMETRIC_REPRESENTATION_ITEM() RATIONAL_B_SPLINE_SURFACE((
    (1.,1.)
    ,(0.5,0.5)
    ,(1.,1.)
    ,(0.5,0.5)
    ,(1.,1.)
    ,(0.5,0.5)
,(1.,1.))) REPRESENTATION_ITEM('') SURFACE() );
#3427 = CARTESIAN_POINT('',(49.3,61.063962,1.2));
#3428 = CARTESIAN_POINT('',(49.3,61.063962,0.));
#3429 = CARTESIAN_POINT('',(48.087564434702,61.063962,1.2));
#3430 = CARTESIAN_POINT('',(48.087564434702,61.063962,0.));
#3431 = CARTESIAN_POINT('',(48.693782217351,62.113962,1.2));
#3432 = CARTESIAN_POINT('',(48.693782217351,62.113962,0.));
#3433 = CARTESIAN_POINT('',(49.3,63.163962,1.2));
#3434 = CARTESIAN_POINT('',(49.3,63.163962,0.));
#3435 = CARTESIAN_POINT('',(49.906217782649,62.113962,1.2));
#3436 = CARTESIAN_POINT('',(49.906217782649,62.113962,0.));
#3437 = CARTESIAN_POINT('',(50.512435565298,61.063962,1.2));
#3438 = CARTESIAN_POINT('',(50.512435565298,61.063962,0.));
#3439 = CARTESIAN_POINT('',(49.3,61.063962,1.2));
#3440 = CARTESIAN_POINT('',(49.3,61.063962,0.));
#3441 = DEFINITIONAL_REPRESENTATION('',(#3442),#3450);
#3442 = B_SPLINE_CURVE_WITH_KNOTS('',2,(#3443,#3444,#3445,#3446,#3447,
    #3448,#3449),.UNSPECIFIED.,.F.,.F.,(3,2,2,3),(0.,2.094395102393,
    4.188790204786,6.28318530718),.PIECEWISE_BEZIER_KNOTS.);
#3443 = CARTESIAN_POINT('',(0.,-8.1E-02));
#3444 = CARTESIAN_POINT('',(1.047197551197,-8.1E-02));
#3445 = CARTESIAN_POINT('',(2.094395102393,-8.1E-02));
#3446 = CARTESIAN_POINT('',(3.14159265359,-8.1E-02));
#3447 = CARTESIAN_POINT('',(4.188790204786,-8.1E-02));
#3448 = CARTESIAN_POINT('',(5.235987755983,-8.1E-02));
#3449 = CARTESIAN_POINT('',(6.28318530718,-8.1E-02));
#3450 = ( GEOMETRIC_REPRESENTATION_CONTEXT(2) 
PARAMETRIC_REPRESENTATION_CONTEXT() REPRESENTATION_CONTEXT('2D SPACE',''
  ) );
#3451 = FACE_BOUND('',#3452,.F.);
#3452 = EDGE_LOOP('',(#3453));
#3453 = ORIENTED_EDGE('',*,*,#3454,.T.);
#3454 = EDGE_CURVE('',#3455,#3455,#3457,.T.);
#3455 = VERTEX_POINT('',#3456);
#3456 = CARTESIAN_POINT('',(49.3,63.563962,0.));
#3457 = SURFACE_CURVE('',#3458,(#3466,#3477),.PCURVE_S1.);
#3458 = ( BOUNDED_CURVE() B_SPLINE_CURVE(2,(#3459,#3460,#3461,#3462,
#3463,#3464,#3465),.UNSPECIFIED.,.T.,.F.) B_SPLINE_CURVE_WITH_KNOTS((1,2
    ,2,2,2,1),(-2.094395102393,0.,2.094395102393,4.188790204786,
6.28318530718,8.377580409573),.UNSPECIFIED.) CURVE() 
GEOMETRIC_REPRESENTATION_ITEM() RATIONAL_B_SPLINE_CURVE((1.,0.5,1.,0.5,
1.,0.5,1.)) REPRESENTATION_ITEM('') );
#3459 = CARTESIAN_POINT('',(49.3,63.563962,0.));
#3460 = CARTESIAN_POINT('',(48.087564434702,63.563962,0.));
#3461 = CARTESIAN_POINT('',(48.693782217351,64.613962,0.));
#3462 = CARTESIAN_POINT('',(49.3,65.663962,0.));
#3463 = CARTESIAN_POINT('',(49.906217782649,64.613962,0.));
#3464 = CARTESIAN_POINT('',(50.512435565298,63.563962,0.));
#3465 = CARTESIAN_POINT('',(49.3,63.563962,0.));
#3466 = PCURVE('',#206,#3467);
#3467 = DEFINITIONAL_REPRESENTATION('',(#3468),#3476);
#3468 = ( BOUNDED_CURVE() B_SPLINE_CURVE(2,(#3469,#3470,#3471,#3472,
#3473,#3474,#3475),.UNSPECIFIED.,.T.,.F.) B_SPLINE_CURVE_WITH_KNOTS((3,2
    ,2,3),(0.,2.094395102393,4.188790204786,6.28318530718),
.PIECEWISE_BEZIER_KNOTS.) CURVE() GEOMETRIC_REPRESENTATION_ITEM() 
RATIONAL_B_SPLINE_CURVE((1.,0.5,1.,0.5,1.,0.5,1.)) REPRESENTATION_ITEM(
  '') );
#3469 = CARTESIAN_POINT('',(49.3,63.563962));
#3470 = CARTESIAN_POINT('',(48.087564434702,63.563962));
#3471 = CARTESIAN_POINT('',(48.693782217351,64.613962));
#3472 = CARTESIAN_POINT('',(49.3,65.663962));
#3473 = CARTESIAN_POINT('',(49.906217782649,64.613962));
#3474 = CARTESIAN_POINT('',(50.512435565298,63.563962));
#3475 = CARTESIAN_POINT('',(49.3,63.563962));
#3476 = ( GEOMETRIC_REPRESENTATION_CONTEXT(2) 
PARAMETRIC_REPRESENTATION_CONTEXT() REPRESENTATION_CONTEXT('2D SPACE',''
  ) );
#3477 = PCURVE('',#3478,#3493);
#3478 = ( BOUNDED_SURFACE() B_SPLINE_SURFACE(2,1,(
    (#3479,#3480)
    ,(#3481,#3482)
    ,(#3483,#3484)
    ,(#3485,#3486)
    ,(#3487,#3488)
    ,(#3489,#3490)
    ,(#3491,#3492
)),.UNSPECIFIED.,.T.,.F.,.F.) B_SPLINE_SURFACE_WITH_KNOTS((1,2,2,2,2,1),
  (2,2),(-2.094395102393,0.,2.094395102393,4.188790204786,6.28318530718,
    8.377580409573),(-1.121,-8.1E-02),.UNSPECIFIED.) 
GEOMETRIC_REPRESENTATION_ITEM() RATIONAL_B_SPLINE_SURFACE((
    (1.,1.)
    ,(0.5,0.5)
    ,(1.,1.)
    ,(0.5,0.5)
    ,(1.,1.)
    ,(0.5,0.5)
,(1.,1.))) REPRESENTATION_ITEM('') SURFACE() );
#3479 = CARTESIAN_POINT('',(49.3,63.563962,1.2));
#3480 = CARTESIAN_POINT('',(49.3,63.563962,0.));
#3481 = CARTESIAN_POINT('',(48.087564434702,63.563962,1.2));
#3482 = CARTESIAN_POINT('',(48.087564434702,63.563962,0.));
#3483 = CARTESIAN_POINT('',(48.693782217351,64.613962,1.2));
#3484 = CARTESIAN_POINT('',(48.693782217351,64.613962,0.));
#3485 = CARTESIAN_POINT('',(49.3,65.663962,1.2));
#3486 = CARTESIAN_POINT('',(49.3,65.663962,0.));
#3487 = CARTESIAN_POINT('',(49.906217782649,64.613962,1.2));
#3488 = CARTESIAN_POINT('',(49.906217782649,64.613962,0.));
#3489 = CARTESIAN_POINT('',(50.512435565298,63.563962,1.2));
#3490 = CARTESIAN_POINT('',(50.512435565298,63.563962,0.));
#3491 = CARTESIAN_POINT('',(49.3,63.563962,1.2));
#3492 = CARTESIAN_POINT('',(49.3,63.563962,0.));
#3493 = DEFINITIONAL_REPRESENTATION('',(#3494),#3502);
#3494 = B_SPLINE_CURVE_WITH_KNOTS('',2,(#3495,#3496,#3497,#3498,#3499,
    #3500,#3501),.UNSPECIFIED.,.F.,.F.,(3,2,2,3),(0.,2.094395102393,
    4.188790204786,6.28318530718),.PIECEWISE_BEZIER_KNOTS.);
#3495 = CARTESIAN_POINT('',(0.,-8.1E-02));
#3496 = CARTESIAN_POINT('',(1.047197551197,-8.1E-02));
#3497 = CARTESIAN_POINT('',(2.094395102393,-8.1E-02));
#3498 = CARTESIAN_POINT('',(3.14159265359,-8.1E-02));
#3499 = CARTESIAN_POINT('',(4.188790204786,-8.1E-02));
#3500 = CARTESIAN_POINT('',(5.235987755983,-8.1E-02));
#3501 = CARTESIAN_POINT('',(6.28318530718,-8.1E-02));
#3502 = ( GEOMETRIC_REPRESENTATION_CONTEXT(2) 
PARAMETRIC_REPRESENTATION_CONTEXT() REPRESENTATION_CONTEXT('2D SPACE',''
  ) );
#3503 = FACE_BOUND('',#3504,.F.);
#3504 = EDGE_LOOP('',(#3505));
#3505 = ORIENTED_EDGE('',*,*,#3506,.T.);
#3506 = EDGE_CURVE('',#3507,#3507,#3509,.T.);
#3507 = VERTEX_POINT('',#3508);
#3508 = CARTESIAN_POINT('',(52.8,61.063962,0.));
#3509 = SURFACE_CURVE('',#3510,(#3518,#3529),.PCURVE_S1.);
#3510 = ( BOUNDED_CURVE() B_SPLINE_CURVE(2,(#3511,#3512,#3513,#3514,
#3515,#3516,#3517),.UNSPECIFIED.,.T.,.F.) B_SPLINE_CURVE_WITH_KNOTS((1,2
    ,2,2,2,1),(-2.094395102393,0.,2.094395102393,4.188790204786,
6.28318530718,8.377580409573),.UNSPECIFIED.) CURVE() 
GEOMETRIC_REPRESENTATION_ITEM() RATIONAL_B_SPLINE_CURVE((1.,0.5,1.,0.5,
1.,0.5,1.)) REPRESENTATION_ITEM('') );
#3511 = CARTESIAN_POINT('',(52.8,61.063962,0.));
#3512 = CARTESIAN_POINT('',(51.587564434702,61.063962,0.));
#3513 = CARTESIAN_POINT('',(52.193782217351,62.113962,0.));
#3514 = CARTESIAN_POINT('',(52.8,63.163962,0.));
#3515 = CARTESIAN_POINT('',(53.406217782649,62.113962,0.));
#3516 = CARTESIAN_POINT('',(54.012435565298,61.063962,0.));
#3517 = CARTESIAN_POINT('',(52.8,61.063962,0.));
#3518 = PCURVE('',#206,#3519);
#3519 = DEFINITIONAL_REPRESENTATION('',(#3520),#3528);
#3520 = ( BOUNDED_CURVE() B_SPLINE_CURVE(2,(#3521,#3522,#3523,#3524,
#3525,#3526,#3527),.UNSPECIFIED.,.T.,.F.) B_SPLINE_CURVE_WITH_KNOTS((3,2
    ,2,3),(0.,2.094395102393,4.188790204786,6.28318530718),
.PIECEWISE_BEZIER_KNOTS.) CURVE() GEOMETRIC_REPRESENTATION_ITEM() 
RATIONAL_B_SPLINE_CURVE((1.,0.5,1.,0.5,1.,0.5,1.)) REPRESENTATION_ITEM(
  '') );
#3521 = CARTESIAN_POINT('',(52.8,61.063962));
#3522 = CARTESIAN_POINT('',(51.587564434702,61.063962));
#3523 = CARTESIAN_POINT('',(52.193782217351,62.113962));
#3524 = CARTESIAN_POINT('',(52.8,63.163962));
#3525 = CARTESIAN_POINT('',(53.406217782649,62.113962));
#3526 = CARTESIAN_POINT('',(54.012435565298,61.063962));
#3527 = CARTESIAN_POINT('',(52.8,61.063962));
#3528 = ( GEOMETRIC_REPRESENTATION_CONTEXT(2) 
PARAMETRIC_REPRESENTATION_CONTEXT() REPRESENTATION_CONTEXT('2D SPACE',''
  ) );
#3529 = PCURVE('',#3530,#3545);
#3530 = ( BOUNDED_SURFACE() B_SPLINE_SURFACE(2,1,(
    (#3531,#3532)
    ,(#3533,#3534)
    ,(#3535,#3536)
    ,(#3537,#3538)
    ,(#3539,#3540)
    ,(#3541,#3542)
    ,(#3543,#3544
)),.UNSPECIFIED.,.T.,.F.,.F.) B_SPLINE_SURFACE_WITH_KNOTS((1,2,2,2,2,1),
  (2,2),(-2.094395102393,0.,2.094395102393,4.188790204786,6.28318530718,
    8.377580409573),(-1.121,-8.1E-02),.UNSPECIFIED.) 
GEOMETRIC_REPRESENTATION_ITEM() RATIONAL_B_SPLINE_SURFACE((
    (1.,1.)
    ,(0.5,0.5)
    ,(1.,1.)
    ,(0.5,0.5)
    ,(1.,1.)
    ,(0.5,0.5)
,(1.,1.))) REPRESENTATION_ITEM('') SURFACE() );
#3531 = CARTESIAN_POINT('',(52.8,61.063962,1.2));
#3532 = CARTESIAN_POINT('',(52.8,61.063962,0.));
#3533 = CARTESIAN_POINT('',(51.587564434702,61.063962,1.2));
#3534 = CARTESIAN_POINT('',(51.587564434702,61.063962,0.));
#3535 = CARTESIAN_POINT('',(52.193782217351,62.113962,1.2));
#3536 = CARTESIAN_POINT('',(52.193782217351,62.113962,0.));
#3537 = CARTESIAN_POINT('',(52.8,63.163962,1.2));
#3538 = CARTESIAN_POINT('',(52.8,63.163962,0.));
#3539 = CARTESIAN_POINT('',(53.406217782649,62.113962,1.2));
#3540 = CARTESIAN_POINT('',(53.406217782649,62.113962,0.));
#3541 = CARTESIAN_POINT('',(54.012435565298,61.063962,1.2));
#3542 = CARTESIAN_POINT('',(54.012435565298,61.063962,0.));
#3543 = CARTESIAN_POINT('',(52.8,61.063962,1.2));
#3544 = CARTESIAN_POINT('',(52.8,61.063962,0.));
#3545 = DEFINITIONAL_REPRESENTATION('',(#3546),#3554);
#3546 = B_SPLINE_CURVE_WITH_KNOTS('',2,(#3547,#3548,#3549,#3550,#3551,
    #3552,#3553),.UNSPECIFIED.,.F.,.F.,(3,2,2,3),(0.,2.094395102393,
    4.188790204786,6.28318530718),.PIECEWISE_BEZIER_KNOTS.);
#3547 = CARTESIAN_POINT('',(0.,-8.1E-02));
#3548 = CARTESIAN_POINT('',(1.047197551197,-8.1E-02));
#3549 = CARTESIAN_POINT('',(2.094395102393,-8.1E-02));
#3550 = CARTESIAN_POINT('',(3.14159265359,-8.1E-02));
#3551 = CARTESIAN_POINT('',(4.188790204786,-8.1E-02));
#3552 = CARTESIAN_POINT('',(5.235987755983,-8.1E-02));
#3553 = CARTESIAN_POINT('',(6.28318530718,-8.1E-02));
#3554 = ( GEOMETRIC_REPRESENTATION_CONTEXT(2) 
PARAMETRIC_REPRESENTATION_CONTEXT() REPRESENTATION_CONTEXT('2D SPACE',''
  ) );
#3555 = FACE_BOUND('',#3556,.F.);
#3556 = EDGE_LOOP('',(#3557));
#3557 = ORIENTED_EDGE('',*,*,#3558,.T.);
#3558 = EDGE_CURVE('',#3559,#3559,#3561,.T.);
#3559 = VERTEX_POINT('',#3560);
#3560 = CARTESIAN_POINT('',(52.8,63.563962,0.));
#3561 = SURFACE_CURVE('',#3562,(#3570,#3581),.PCURVE_S1.);
#3562 = ( BOUNDED_CURVE() B_SPLINE_CURVE(2,(#3563,#3564,#3565,#3566,
#3567,#3568,#3569),.UNSPECIFIED.,.T.,.F.) B_SPLINE_CURVE_WITH_KNOTS((1,2
    ,2,2,2,1),(-2.094395102393,0.,2.094395102393,4.188790204786,
6.28318530718,8.377580409573),.UNSPECIFIED.) CURVE() 
GEOMETRIC_REPRESENTATION_ITEM() RATIONAL_B_SPLINE_CURVE((1.,0.5,1.,0.5,
1.,0.5,1.)) REPRESENTATION_ITEM('') );
#3563 = CARTESIAN_POINT('',(52.8,63.563962,0.));
#3564 = CARTESIAN_POINT('',(51.587564434702,63.563962,0.));
#3565 = CARTESIAN_POINT('',(52.193782217351,64.613962,0.));
#3566 = CARTESIAN_POINT('',(52.8,65.663962,0.));
#3567 = CARTESIAN_POINT('',(53.406217782649,64.613962,0.));
#3568 = CARTESIAN_POINT('',(54.012435565298,63.563962,0.));
#3569 = CARTESIAN_POINT('',(52.8,63.563962,0.));
#3570 = PCURVE('',#206,#3571);
#3571 = DEFINITIONAL_REPRESENTATION('',(#3572),#3580);
#3572 = ( BOUNDED_CURVE() B_SPLINE_CURVE(2,(#3573,#3574,#3575,#3576,
#3577,#3578,#3579),.UNSPECIFIED.,.T.,.F.) B_SPLINE_CURVE_WITH_KNOTS((3,2
    ,2,3),(0.,2.094395102393,4.188790204786,6.28318530718),
.PIECEWISE_BEZIER_KNOTS.) CURVE() GEOMETRIC_REPRESENTATION_ITEM() 
RATIONAL_B_SPLINE_CURVE((1.,0.5,1.,0.5,1.,0.5,1.)) REPRESENTATION_ITEM(
  '') );
#3573 = CARTESIAN_POINT('',(52.8,63.563962));
#3574 = CARTESIAN_POINT('',(51.587564434702,63.563962));
#3575 = CARTESIAN_POINT('',(52.193782217351,64.613962));
#3576 = CARTESIAN_POINT('',(52.8,65.663962));
#3577 = CARTESIAN_POINT('',(53.406217782649,64.613962));
#3578 = CARTESIAN_POINT('',(54.012435565298,63.563962));
#3579 = CARTESIAN_POINT('',(52.8,63.563962));
#3580 = ( GEOMETRIC_REPRESENTATION_CONTEXT(2) 
PARAMETRIC_REPRESENTATION_CONTEXT() REPRESENTATION_CONTEXT('2D SPACE',''
  ) );
#3581 = PCURVE('',#3582,#3597);
#3582 = ( BOUNDED_SURFACE() B_SPLINE_SURFACE(2,1,(
    (#3583,#3584)
    ,(#3585,#3586)
    ,(#3587,#3588)
    ,(#3589,#3590)
    ,(#3591,#3592)
    ,(#3593,#3594)
    ,(#3595,#3596
)),.UNSPECIFIED.,.T.,.F.,.F.) B_SPLINE_SURFACE_WITH_KNOTS((1,2,2,2,2,1),
  (2,2),(-2.094395102393,0.,2.094395102393,4.188790204786,6.28318530718,
    8.377580409573),(-1.121,-8.1E-02),.UNSPECIFIED.) 
GEOMETRIC_REPRESENTATION_ITEM() RATIONAL_B_SPLINE_SURFACE((
    (1.,1.)
    ,(0.5,0.5)
    ,(1.,1.)
    ,(0.5,0.5)
    ,(1.,1.)
    ,(0.5,0.5)
,(1.,1.))) REPRESENTATION_ITEM('') SURFACE() );
#3583 = CARTESIAN_POINT('',(52.8,63.563962,1.2));
#3584 = CARTESIAN_POINT('',(52.8,63.563962,0.));
#3585 = CARTESIAN_POINT('',(51.587564434702,63.563962,1.2));
#3586 = CARTESIAN_POINT('',(51.587564434702,63.563962,0.));
#3587 = CARTESIAN_POINT('',(52.193782217351,64.613962,1.2));
#3588 = CARTESIAN_POINT('',(52.193782217351,64.613962,0.));
#3589 = CARTESIAN_POINT('',(52.8,65.663962,1.2));
#3590 = CARTESIAN_POINT('',(52.8,65.663962,0.));
#3591 = CARTESIAN_POINT('',(53.406217782649,64.613962,1.2));
#3592 = CARTESIAN_POINT('',(53.406217782649,64.613962,0.));
#3593 = CARTESIAN_POINT('',(54.012435565298,63.563962,1.2));
#3594 = CARTESIAN_POINT('',(54.012435565298,63.563962,0.));
#3595 = CARTESIAN_POINT('',(52.8,63.563962,1.2));
#3596 = CARTESIAN_POINT('',(52.8,63.563962,0.));
#3597 = DEFINITIONAL_REPRESENTATION('',(#3598),#3606);
#3598 = B_SPLINE_CURVE_WITH_KNOTS('',2,(#3599,#3600,#3601,#3602,#3603,
    #3604,#3605),.UNSPECIFIED.,.F.,.F.,(3,2,2,3),(0.,2.094395102393,
    4.188790204786,6.28318530718),.PIECEWISE_BEZIER_KNOTS.);
#3599 = CARTESIAN_POINT('',(0.,-8.1E-02));
#3600 = CARTESIAN_POINT('',(1.047197551197,-8.1E-02));
#3601 = CARTESIAN_POINT('',(2.094395102393,-8.1E-02));
#3602 = CARTESIAN_POINT('',(3.14159265359,-8.1E-02));
#3603 = CARTESIAN_POINT('',(4.188790204786,-8.1E-02));
#3604 = CARTESIAN_POINT('',(5.235987755983,-8.1E-02));
#3605 = CARTESIAN_POINT('',(6.28318530718,-8.1E-02));
#3606 = ( GEOMETRIC_REPRESENTATION_CONTEXT(2) 
PARAMETRIC_REPRESENTATION_CONTEXT() REPRESENTATION_CONTEXT('2D SPACE',''
  ) );
#3607 = FACE_BOUND('',#3608,.F.);
#3608 = EDGE_LOOP('',(#3609));
#3609 = ORIENTED_EDGE('',*,*,#3610,.T.);
#3610 = EDGE_CURVE('',#3611,#3611,#3613,.T.);
#3611 = VERTEX_POINT('',#3612);
#3612 = CARTESIAN_POINT('',(36.98,76.393962,0.));
#3613 = SURFACE_CURVE('',#3614,(#3622,#3633),.PCURVE_S1.);
#3614 = ( BOUNDED_CURVE() B_SPLINE_CURVE(2,(#3615,#3616,#3617,#3618,
#3619,#3620,#3621),.UNSPECIFIED.,.T.,.F.) B_SPLINE_CURVE_WITH_KNOTS((1,2
    ,2,2,2,1),(-2.094395102393,0.,2.094395102393,4.188790204786,
6.28318530718,8.377580409573),.UNSPECIFIED.) CURVE() 
GEOMETRIC_REPRESENTATION_ITEM() RATIONAL_B_SPLINE_CURVE((1.,0.5,1.,0.5,
1.,0.5,1.)) REPRESENTATION_ITEM('') );
#3615 = CARTESIAN_POINT('',(36.98,76.393962,0.));
#3616 = CARTESIAN_POINT('',(35.680961894323,76.393962,0.));
#3617 = CARTESIAN_POINT('',(36.330480947162,77.518962,0.));
#3618 = CARTESIAN_POINT('',(36.98,78.643962,0.));
#3619 = CARTESIAN_POINT('',(37.629519052838,77.518962,0.));
#3620 = CARTESIAN_POINT('',(38.279038105677,76.393962,0.));
#3621 = CARTESIAN_POINT('',(36.98,76.393962,0.));
#3622 = PCURVE('',#206,#3623);
#3623 = DEFINITIONAL_REPRESENTATION('',(#3624),#3632);
#3624 = ( BOUNDED_CURVE() B_SPLINE_CURVE(2,(#3625,#3626,#3627,#3628,
#3629,#3630,#3631),.UNSPECIFIED.,.T.,.F.) B_SPLINE_CURVE_WITH_KNOTS((3,2
    ,2,3),(0.,2.094395102393,4.188790204786,6.28318530718),
.PIECEWISE_BEZIER_KNOTS.) CURVE() GEOMETRIC_REPRESENTATION_ITEM() 
RATIONAL_B_SPLINE_CURVE((1.,0.5,1.,0.5,1.,0.5,1.)) REPRESENTATION_ITEM(
  '') );
#3625 = CARTESIAN_POINT('',(36.98,76.393962));
#3626 = CARTESIAN_POINT('',(35.680961894323,76.393962));
#3627 = CARTESIAN_POINT('',(36.330480947162,77.518962));
#3628 = CARTESIAN_POINT('',(36.98,78.643962));
#3629 = CARTESIAN_POINT('',(37.629519052838,77.518962));
#3630 = CARTESIAN_POINT('',(38.279038105677,76.393962));
#3631 = CARTESIAN_POINT('',(36.98,76.393962));
#3632 = ( GEOMETRIC_REPRESENTATION_CONTEXT(2) 
PARAMETRIC_REPRESENTATION_CONTEXT() REPRESENTATION_CONTEXT('2D SPACE',''
  ) );
#3633 = PCURVE('',#3634,#3649);
#3634 = ( BOUNDED_SURFACE() B_SPLINE_SURFACE(2,1,(
    (#3635,#3636)
    ,(#3637,#3638)
    ,(#3639,#3640)
    ,(#3641,#3642)
    ,(#3643,#3644)
    ,(#3645,#3646)
    ,(#3647,#3648
)),.UNSPECIFIED.,.T.,.F.,.F.) B_SPLINE_SURFACE_WITH_KNOTS((1,2,2,2,2,1),
  (2,2),(-2.094395102393,0.,2.094395102393,4.188790204786,6.28318530718,
    8.377580409573),(-1.121,-8.1E-02),.UNSPECIFIED.) 
GEOMETRIC_REPRESENTATION_ITEM() RATIONAL_B_SPLINE_SURFACE((
    (1.,1.)
    ,(0.5,0.5)
    ,(1.,1.)
    ,(0.5,0.5)
    ,(1.,1.)
    ,(0.5,0.5)
,(1.,1.))) REPRESENTATION_ITEM('') SURFACE() );
#3635 = CARTESIAN_POINT('',(36.98,76.393962,1.2));
#3636 = CARTESIAN_POINT('',(36.98,76.393962,0.));
#3637 = CARTESIAN_POINT('',(35.680961894323,76.393962,1.2));
#3638 = CARTESIAN_POINT('',(35.680961894323,76.393962,0.));
#3639 = CARTESIAN_POINT('',(36.330480947162,77.518962,1.2));
#3640 = CARTESIAN_POINT('',(36.330480947162,77.518962,0.));
#3641 = CARTESIAN_POINT('',(36.98,78.643962,1.2));
#3642 = CARTESIAN_POINT('',(36.98,78.643962,0.));
#3643 = CARTESIAN_POINT('',(37.629519052838,77.518962,1.2));
#3644 = CARTESIAN_POINT('',(37.629519052838,77.518962,0.));
#3645 = CARTESIAN_POINT('',(38.279038105677,76.393962,1.2));
#3646 = CARTESIAN_POINT('',(38.279038105677,76.393962,0.));
#3647 = CARTESIAN_POINT('',(36.98,76.393962,1.2));
#3648 = CARTESIAN_POINT('',(36.98,76.393962,0.));
#3649 = DEFINITIONAL_REPRESENTATION('',(#3650),#3658);
#3650 = B_SPLINE_CURVE_WITH_KNOTS('',2,(#3651,#3652,#3653,#3654,#3655,
    #3656,#3657),.UNSPECIFIED.,.F.,.F.,(3,2,2,3),(0.,2.094395102393,
    4.188790204786,6.28318530718),.PIECEWISE_BEZIER_KNOTS.);
#3651 = CARTESIAN_POINT('',(0.,-8.1E-02));
#3652 = CARTESIAN_POINT('',(1.047197551197,-8.1E-02));
#3653 = CARTESIAN_POINT('',(2.094395102393,-8.1E-02));
#3654 = CARTESIAN_POINT('',(3.14159265359,-8.1E-02));
#3655 = CARTESIAN_POINT('',(4.188790204786,-8.1E-02));
#3656 = CARTESIAN_POINT('',(5.235987755983,-8.1E-02));
#3657 = CARTESIAN_POINT('',(6.28318530718,-8.1E-02));
#3658 = ( GEOMETRIC_REPRESENTATION_CONTEXT(2) 
PARAMETRIC_REPRESENTATION_CONTEXT() REPRESENTATION_CONTEXT('2D SPACE',''
  ) );
#3659 = FACE_BOUND('',#3660,.F.);
#3660 = EDGE_LOOP('',(#3661));
#3661 = ORIENTED_EDGE('',*,*,#3662,.T.);
#3662 = EDGE_CURVE('',#3663,#3663,#3665,.T.);
#3663 = VERTEX_POINT('',#3664);
#3664 = CARTESIAN_POINT('',(40.98,76.393962,0.));
#3665 = SURFACE_CURVE('',#3666,(#3674,#3685),.PCURVE_S1.);
#3666 = ( BOUNDED_CURVE() B_SPLINE_CURVE(2,(#3667,#3668,#3669,#3670,
#3671,#3672,#3673),.UNSPECIFIED.,.T.,.F.) B_SPLINE_CURVE_WITH_KNOTS((1,2
    ,2,2,2,1),(-2.094395102393,0.,2.094395102393,4.188790204786,
6.28318530718,8.377580409573),.UNSPECIFIED.) CURVE() 
GEOMETRIC_REPRESENTATION_ITEM() RATIONAL_B_SPLINE_CURVE((1.,0.5,1.,0.5,
1.,0.5,1.)) REPRESENTATION_ITEM('') );
#3667 = CARTESIAN_POINT('',(40.98,76.393962,0.));
#3668 = CARTESIAN_POINT('',(39.680961894323,76.393962,0.));
#3669 = CARTESIAN_POINT('',(40.330480947162,77.518962,0.));
#3670 = CARTESIAN_POINT('',(40.98,78.643962,0.));
#3671 = CARTESIAN_POINT('',(41.629519052838,77.518962,0.));
#3672 = CARTESIAN_POINT('',(42.279038105677,76.393962,0.));
#3673 = CARTESIAN_POINT('',(40.98,76.393962,0.));
#3674 = PCURVE('',#206,#3675);
#3675 = DEFINITIONAL_REPRESENTATION('',(#3676),#3684);
#3676 = ( BOUNDED_CURVE() B_SPLINE_CURVE(2,(#3677,#3678,#3679,#3680,
#3681,#3682,#3683),.UNSPECIFIED.,.T.,.F.) B_SPLINE_CURVE_WITH_KNOTS((3,2
    ,2,3),(0.,2.094395102393,4.188790204786,6.28318530718),
.PIECEWISE_BEZIER_KNOTS.) CURVE() GEOMETRIC_REPRESENTATION_ITEM() 
RATIONAL_B_SPLINE_CURVE((1.,0.5,1.,0.5,1.,0.5,1.)) REPRESENTATION_ITEM(
  '') );
#3677 = CARTESIAN_POINT('',(40.98,76.393962));
#3678 = CARTESIAN_POINT('',(39.680961894323,76.393962));
#3679 = CARTESIAN_POINT('',(40.330480947162,77.518962));
#3680 = CARTESIAN_POINT('',(40.98,78.643962));
#3681 = CARTESIAN_POINT('',(41.629519052838,77.518962));
#3682 = CARTESIAN_POINT('',(42.279038105677,76.393962));
#3683 = CARTESIAN_POINT('',(40.98,76.393962));
#3684 = ( GEOMETRIC_REPRESENTATION_CONTEXT(2) 
PARAMETRIC_REPRESENTATION_CONTEXT() REPRESENTATION_CONTEXT('2D SPACE',''
  ) );
#3685 = PCURVE('',#3686,#3701);
#3686 = ( BOUNDED_SURFACE() B_SPLINE_SURFACE(2,1,(
    (#3687,#3688)
    ,(#3689,#3690)
    ,(#3691,#3692)
    ,(#3693,#3694)
    ,(#3695,#3696)
    ,(#3697,#3698)
    ,(#3699,#3700
)),.UNSPECIFIED.,.T.,.F.,.F.) B_SPLINE_SURFACE_WITH_KNOTS((1,2,2,2,2,1),
  (2,2),(-2.094395102393,0.,2.094395102393,4.188790204786,6.28318530718,
    8.377580409573),(-1.121,-8.1E-02),.UNSPECIFIED.) 
GEOMETRIC_REPRESENTATION_ITEM() RATIONAL_B_SPLINE_SURFACE((
    (1.,1.)
    ,(0.5,0.5)
    ,(1.,1.)
    ,(0.5,0.5)
    ,(1.,1.)
    ,(0.5,0.5)
,(1.,1.))) REPRESENTATION_ITEM('') SURFACE() );
#3687 = CARTESIAN_POINT('',(40.98,76.393962,1.2));
#3688 = CARTESIAN_POINT('',(40.98,76.393962,0.));
#3689 = CARTESIAN_POINT('',(39.680961894323,76.393962,1.2));
#3690 = CARTESIAN_POINT('',(39.680961894323,76.393962,0.));
#3691 = CARTESIAN_POINT('',(40.330480947162,77.518962,1.2));
#3692 = CARTESIAN_POINT('',(40.330480947162,77.518962,0.));
#3693 = CARTESIAN_POINT('',(40.98,78.643962,1.2));
#3694 = CARTESIAN_POINT('',(40.98,78.643962,0.));
#3695 = CARTESIAN_POINT('',(41.629519052838,77.518962,1.2));
#3696 = CARTESIAN_POINT('',(41.629519052838,77.518962,0.));
#3697 = CARTESIAN_POINT('',(42.279038105677,76.393962,1.2));
#3698 = CARTESIAN_POINT('',(42.279038105677,76.393962,0.));
#3699 = CARTESIAN_POINT('',(40.98,76.393962,1.2));
#3700 = CARTESIAN_POINT('',(40.98,76.393962,0.));
#3701 = DEFINITIONAL_REPRESENTATION('',(#3702),#3710);
#3702 = B_SPLINE_CURVE_WITH_KNOTS('',2,(#3703,#3704,#3705,#3706,#3707,
    #3708,#3709),.UNSPECIFIED.,.F.,.F.,(3,2,2,3),(0.,2.094395102393,
    4.188790204786,6.28318530718),.PIECEWISE_BEZIER_KNOTS.);
#3703 = CARTESIAN_POINT('',(0.,-8.1E-02));
#3704 = CARTESIAN_POINT('',(1.047197551197,-8.1E-02));
#3705 = CARTESIAN_POINT('',(2.094395102393,-8.1E-02));
#3706 = CARTESIAN_POINT('',(3.14159265359,-8.1E-02));
#3707 = CARTESIAN_POINT('',(4.188790204786,-8.1E-02));
#3708 = CARTESIAN_POINT('',(5.235987755983,-8.1E-02));
#3709 = CARTESIAN_POINT('',(6.28318530718,-8.1E-02));
#3710 = ( GEOMETRIC_REPRESENTATION_CONTEXT(2) 
PARAMETRIC_REPRESENTATION_CONTEXT() REPRESENTATION_CONTEXT('2D SPACE',''
  ) );
#3711 = FACE_BOUND('',#3712,.F.);
#3712 = EDGE_LOOP('',(#3713));
#3713 = ORIENTED_EDGE('',*,*,#3714,.T.);
#3714 = EDGE_CURVE('',#3715,#3715,#3717,.T.);
#3715 = VERTEX_POINT('',#3716);
#3716 = CARTESIAN_POINT('',(60.,90.013962,0.));
#3717 = SURFACE_CURVE('',#3718,(#3726,#3737),.PCURVE_S1.);
#3718 = ( BOUNDED_CURVE() B_SPLINE_CURVE(2,(#3719,#3720,#3721,#3722,
#3723,#3724,#3725),.UNSPECIFIED.,.T.,.F.) B_SPLINE_CURVE_WITH_KNOTS((1,2
    ,2,2,2,1),(-2.094395102393,0.,2.094395102393,4.188790204786,
6.28318530718,8.377580409573),.UNSPECIFIED.) CURVE() 
GEOMETRIC_REPRESENTATION_ITEM() RATIONAL_B_SPLINE_CURVE((1.,0.5,1.,0.5,
1.,0.5,1.)) REPRESENTATION_ITEM('') );
#3719 = CARTESIAN_POINT('',(60.,90.013962,0.));
#3720 = CARTESIAN_POINT('',(56.10288568297,90.013962,0.));
#3721 = CARTESIAN_POINT('',(58.051442841485,93.388962,0.));
#3722 = CARTESIAN_POINT('',(60.,96.763962,0.));
#3723 = CARTESIAN_POINT('',(61.948557158515,93.388962,0.));
#3724 = CARTESIAN_POINT('',(63.89711431703,90.013962,0.));
#3725 = CARTESIAN_POINT('',(60.,90.013962,0.));
#3726 = PCURVE('',#206,#3727);
#3727 = DEFINITIONAL_REPRESENTATION('',(#3728),#3736);
#3728 = ( BOUNDED_CURVE() B_SPLINE_CURVE(2,(#3729,#3730,#3731,#3732,
#3733,#3734,#3735),.UNSPECIFIED.,.T.,.F.) B_SPLINE_CURVE_WITH_KNOTS((3,2
    ,2,3),(0.,2.094395102393,4.188790204786,6.28318530718),
.PIECEWISE_BEZIER_KNOTS.) CURVE() GEOMETRIC_REPRESENTATION_ITEM() 
RATIONAL_B_SPLINE_CURVE((1.,0.5,1.,0.5,1.,0.5,1.)) REPRESENTATION_ITEM(
  '') );
#3729 = CARTESIAN_POINT('',(60.,90.013962));
#3730 = CARTESIAN_POINT('',(56.10288568297,90.013962));
#3731 = CARTESIAN_POINT('',(58.051442841485,93.388962));
#3732 = CARTESIAN_POINT('',(60.,96.763962));
#3733 = CARTESIAN_POINT('',(61.948557158515,93.388962));
#3734 = CARTESIAN_POINT('',(63.89711431703,90.013962));
#3735 = CARTESIAN_POINT('',(60.,90.013962));
#3736 = ( GEOMETRIC_REPRESENTATION_CONTEXT(2) 
PARAMETRIC_REPRESENTATION_CONTEXT() REPRESENTATION_CONTEXT('2D SPACE',''
  ) );
#3737 = PCURVE('',#3738,#3753);
#3738 = ( BOUNDED_SURFACE() B_SPLINE_SURFACE(2,1,(
    (#3739,#3740)
    ,(#3741,#3742)
    ,(#3743,#3744)
    ,(#3745,#3746)
    ,(#3747,#3748)
    ,(#3749,#3750)
    ,(#3751,#3752
)),.UNSPECIFIED.,.T.,.F.,.F.) B_SPLINE_SURFACE_WITH_KNOTS((1,2,2,2,2,1),
  (2,2),(-2.094395102393,0.,2.094395102393,4.188790204786,6.28318530718,
    8.377580409573),(-1.121,-8.1E-02),.UNSPECIFIED.) 
GEOMETRIC_REPRESENTATION_ITEM() RATIONAL_B_SPLINE_SURFACE((
    (1.,1.)
    ,(0.5,0.5)
    ,(1.,1.)
    ,(0.5,0.5)
    ,(1.,1.)
    ,(0.5,0.5)
,(1.,1.))) REPRESENTATION_ITEM('') SURFACE() );
#3739 = CARTESIAN_POINT('',(60.,90.013962,1.2));
#3740 = CARTESIAN_POINT('',(60.,90.013962,0.));
#3741 = CARTESIAN_POINT('',(56.10288568297,90.013962,1.2));
#3742 = CARTESIAN_POINT('',(56.10288568297,90.013962,0.));
#3743 = CARTESIAN_POINT('',(58.051442841485,93.388962,1.2));
#3744 = CARTESIAN_POINT('',(58.051442841485,93.388962,0.));
#3745 = CARTESIAN_POINT('',(60.,96.763962,1.2));
#3746 = CARTESIAN_POINT('',(60.,96.763962,0.));
#3747 = CARTESIAN_POINT('',(61.948557158515,93.388962,1.2));
#3748 = CARTESIAN_POINT('',(61.948557158515,93.388962,0.));
#3749 = CARTESIAN_POINT('',(63.89711431703,90.013962,1.2));
#3750 = CARTESIAN_POINT('',(63.89711431703,90.013962,0.));
#3751 = CARTESIAN_POINT('',(60.,90.013962,1.2));
#3752 = CARTESIAN_POINT('',(60.,90.013962,0.));
#3753 = DEFINITIONAL_REPRESENTATION('',(#3754),#3762);
#3754 = B_SPLINE_CURVE_WITH_KNOTS('',2,(#3755,#3756,#3757,#3758,#3759,
    #3760,#3761),.UNSPECIFIED.,.F.,.F.,(3,2,2,3),(0.,2.094395102393,
    4.188790204786,6.28318530718),.UNSPECIFIED.);
#3755 = CARTESIAN_POINT('',(0.,-8.1E-02));
#3756 = CARTESIAN_POINT('',(1.047197551197,-8.1E-02));
#3757 = CARTESIAN_POINT('',(2.094395102393,-8.1E-02));
#3758 = CARTESIAN_POINT('',(3.14159265359,-8.1E-02));
#3759 = CARTESIAN_POINT('',(4.188790204786,-8.1E-02));
#3760 = CARTESIAN_POINT('',(5.235987755983,-8.1E-02));
#3761 = CARTESIAN_POINT('',(6.28318530718,-8.1E-02));
#3762 = ( GEOMETRIC_REPRESENTATION_CONTEXT(2) 
PARAMETRIC_REPRESENTATION_CONTEXT() REPRESENTATION_CONTEXT('2D SPACE',''
  ) );
#3763 = ADVANCED_FACE('',(#3764,#3876,#3913,#3950,#3987,#4024,#4061,
    #4098,#4135,#4172,#4209,#4246,#4283,#4320,#4357,#4394,#4431,#4468,
    #4505,#4542,#4579,#4616,#4653,#4690,#4727,#4764,#4801,#4838,#4875,
    #4912,#4949,#4986,#5023,#5060,#5097,#5134,#5171,#5208,#5245,#5282,
    #5319,#5356,#5393,#5430,#5467,#5504,#5541,#5578,#5615,#5652,#5689,
    #5726,#5763,#5800,#5837,#5874,#5911,#5948,#5985,#6022,#6059,#6096,
    #6133,#6170),#154,.T.);
#3764 = FACE_BOUND('',#3765,.T.);
#3765 = EDGE_LOOP('',(#3766,#3767,#3768,#3791,#3811,#3834,#3854,#3875));
#3766 = ORIENTED_EDGE('',*,*,#138,.F.);
#3767 = ORIENTED_EDGE('',*,*,#251,.F.);
#3768 = ORIENTED_EDGE('',*,*,#3769,.F.);
#3769 = EDGE_CURVE('',#3770,#224,#3772,.T.);
#3770 = VERTEX_POINT('',#3771);
#3771 = CARTESIAN_POINT('',(-2.442490654175E-15,97.263962,1.2));
#3772 = SURFACE_CURVE('',#3773,(#3777,#3784),.PCURVE_S1.);
#3773 = ( BOUNDED_CURVE() B_SPLINE_CURVE(2,(#3774,#3775,#3776),
.UNSPECIFIED.,.F.,.F.) B_SPLINE_CURVE_WITH_KNOTS((3,3),(0.,
1.570795544804),.PIECEWISE_BEZIER_KNOTS.) CURVE() 
GEOMETRIC_REPRESENTATION_ITEM() RATIONAL_B_SPLINE_CURVE((1.,
0.707107057662,1.)) REPRESENTATION_ITEM('') );
#3774 = CARTESIAN_POINT('',(2.291500322826E-13,97.263962,1.2));
#3775 = CARTESIAN_POINT('',(1.172985869768E-06,100.26396082701,1.2));
#3776 = CARTESIAN_POINT('',(3.,100.263962,1.2));
#3777 = PCURVE('',#154,#3778);
#3778 = DEFINITIONAL_REPRESENTATION('',(#3779),#3783);
#3779 = ( BOUNDED_CURVE() B_SPLINE_CURVE(2,(#3780,#3781,#3782),
.UNSPECIFIED.,.F.,.F.) B_SPLINE_CURVE_WITH_KNOTS((3,3),(0.,
1.570795544804),.PIECEWISE_BEZIER_KNOTS.) CURVE() 
GEOMETRIC_REPRESENTATION_ITEM() RATIONAL_B_SPLINE_CURVE((1.,
0.707107057662,1.)) REPRESENTATION_ITEM('') );
#3780 = CARTESIAN_POINT('',(2.291500322826E-13,97.263962));
#3781 = CARTESIAN_POINT('',(1.172985869768E-06,100.26396082701));
#3782 = CARTESIAN_POINT('',(3.,100.263962));
#3783 = ( GEOMETRIC_REPRESENTATION_CONTEXT(2) 
PARAMETRIC_REPRESENTATION_CONTEXT() REPRESENTATION_CONTEXT('2D SPACE',''
  ) );
#3784 = PCURVE('',#237,#3785);
#3785 = DEFINITIONAL_REPRESENTATION('',(#3786),#3790);
#3786 = B_SPLINE_CURVE_WITH_KNOTS('',2,(#3787,#3788,#3789),
  .UNSPECIFIED.,.F.,.F.,(3,3),(1.68365653192E-13,1.570795544804),
  .PIECEWISE_BEZIER_KNOTS.);
#3787 = CARTESIAN_POINT('',(1.68365653192E-13,-1.04));
#3788 = CARTESIAN_POINT('',(0.785397772402,-1.04));
#3789 = CARTESIAN_POINT('',(1.570795544804,-1.04));
#3790 = ( GEOMETRIC_REPRESENTATION_CONTEXT(2) 
PARAMETRIC_REPRESENTATION_CONTEXT() REPRESENTATION_CONTEXT('2D SPACE',''
  ) );
#3791 = ORIENTED_EDGE('',*,*,#3792,.F.);
#3792 = EDGE_CURVE('',#3793,#3770,#3795,.T.);
#3793 = VERTEX_POINT('',#3794);
#3794 = CARTESIAN_POINT('',(0.,3.,1.2));
#3795 = SURFACE_CURVE('',#3796,(#3799,#3805),.PCURVE_S1.);
#3796 = B_SPLINE_CURVE_WITH_KNOTS('',1,(#3797,#3798),.UNSPECIFIED.,.F.,
  .F.,(2,2),(0.,94.263962),.PIECEWISE_BEZIER_KNOTS.);
#3797 = CARTESIAN_POINT('',(0.,3.,1.2));
#3798 = CARTESIAN_POINT('',(0.,97.263962,1.2));
#3799 = PCURVE('',#154,#3800);
#3800 = DEFINITIONAL_REPRESENTATION('',(#3801),#3804);
#3801 = B_SPLINE_CURVE_WITH_KNOTS('',1,(#3802,#3803),.UNSPECIFIED.,.F.,
  .F.,(2,2),(0.,94.263962),.PIECEWISE_BEZIER_KNOTS.);
#3802 = CARTESIAN_POINT('',(0.,3.));
#3803 = CARTESIAN_POINT('',(0.,97.263962));
#3804 = ( GEOMETRIC_REPRESENTATION_CONTEXT(2) 
PARAMETRIC_REPRESENTATION_CONTEXT() REPRESENTATION_CONTEXT('2D SPACE',''
  ) );
#3805 = PCURVE('',#400,#3806);
#3806 = DEFINITIONAL_REPRESENTATION('',(#3807),#3810);
#3807 = B_SPLINE_CURVE_WITH_KNOTS('',1,(#3808,#3809),.UNSPECIFIED.,.F.,
  .F.,(2,2),(0.,94.263962),.PIECEWISE_BEZIER_KNOTS.);
#3808 = CARTESIAN_POINT('',(0.,-1.04));
#3809 = CARTESIAN_POINT('',(94.263962,-1.04));
#3810 = ( GEOMETRIC_REPRESENTATION_CONTEXT(2) 
PARAMETRIC_REPRESENTATION_CONTEXT() REPRESENTATION_CONTEXT('2D SPACE',''
  ) );
#3811 = ORIENTED_EDGE('',*,*,#3812,.F.);
#3812 = EDGE_CURVE('',#3813,#3793,#3815,.T.);
#3813 = VERTEX_POINT('',#3814);
#3814 = CARTESIAN_POINT('',(3.,-2.22044604925E-16,1.2));
#3815 = SURFACE_CURVE('',#3816,(#3820,#3827),.PCURVE_S1.);
#3816 = ( BOUNDED_CURVE() B_SPLINE_CURVE(2,(#3817,#3818,#3819),
.UNSPECIFIED.,.F.,.F.) B_SPLINE_CURVE_WITH_KNOTS((3,3),(0.,
1.570795544804),.PIECEWISE_BEZIER_KNOTS.) CURVE() 
GEOMETRIC_REPRESENTATION_ITEM() RATIONAL_B_SPLINE_CURVE((1.,
0.707107057662,1.)) REPRESENTATION_ITEM('') );
#3817 = CARTESIAN_POINT('',(3.,2.291500322826E-13,1.2));
#3818 = CARTESIAN_POINT('',(1.172986312081E-06,1.172985858222E-06,1.2));
#3819 = CARTESIAN_POINT('',(2.295941214925E-13,3.,1.2));
#3820 = PCURVE('',#154,#3821);
#3821 = DEFINITIONAL_REPRESENTATION('',(#3822),#3826);
#3822 = ( BOUNDED_CURVE() B_SPLINE_CURVE(2,(#3823,#3824,#3825),
.UNSPECIFIED.,.F.,.F.) B_SPLINE_CURVE_WITH_KNOTS((3,3),(0.,
1.570795544804),.PIECEWISE_BEZIER_KNOTS.) CURVE() 
GEOMETRIC_REPRESENTATION_ITEM() RATIONAL_B_SPLINE_CURVE((1.,
0.707107057662,1.)) REPRESENTATION_ITEM('') );
#3823 = CARTESIAN_POINT('',(3.,2.291500322826E-13));
#3824 = CARTESIAN_POINT('',(1.172986312081E-06,1.172985858222E-06));
#3825 = CARTESIAN_POINT('',(2.295941214925E-13,3.));
#3826 = ( GEOMETRIC_REPRESENTATION_CONTEXT(2) 
PARAMETRIC_REPRESENTATION_CONTEXT() REPRESENTATION_CONTEXT('2D SPACE',''
  ) );
#3827 = PCURVE('',#427,#3828);
#3828 = DEFINITIONAL_REPRESENTATION('',(#3829),#3833);
#3829 = B_SPLINE_CURVE_WITH_KNOTS('',2,(#3830,#3831,#3832),
  .UNSPECIFIED.,.F.,.F.,(3,3),(1.680368142815E-13,1.570795544804),
  .PIECEWISE_BEZIER_KNOTS.);
#3830 = CARTESIAN_POINT('',(1.680368142815E-13,-1.04));
#3831 = CARTESIAN_POINT('',(0.785397772402,-1.04));
#3832 = CARTESIAN_POINT('',(1.570795544804,-1.04));
#3833 = ( GEOMETRIC_REPRESENTATION_CONTEXT(2) 
PARAMETRIC_REPRESENTATION_CONTEXT() REPRESENTATION_CONTEXT('2D SPACE',''
  ) );
#3834 = ORIENTED_EDGE('',*,*,#3835,.F.);
#3835 = EDGE_CURVE('',#3836,#3813,#3838,.T.);
#3836 = VERTEX_POINT('',#3837);
#3837 = CARTESIAN_POINT('',(65.,1.7763568394E-15,1.2));
#3838 = SURFACE_CURVE('',#3839,(#3842,#3848),.PCURVE_S1.);
#3839 = B_SPLINE_CURVE_WITH_KNOTS('',1,(#3840,#3841),.UNSPECIFIED.,.F.,
  .F.,(2,2),(0.,62.),.PIECEWISE_BEZIER_KNOTS.);
#3840 = CARTESIAN_POINT('',(65.,0.,1.2));
#3841 = CARTESIAN_POINT('',(3.,0.,1.2));
#3842 = PCURVE('',#154,#3843);
#3843 = DEFINITIONAL_REPRESENTATION('',(#3844),#3847);
#3844 = B_SPLINE_CURVE_WITH_KNOTS('',1,(#3845,#3846),.UNSPECIFIED.,.F.,
  .F.,(2,2),(0.,62.),.PIECEWISE_BEZIER_KNOTS.);
#3845 = CARTESIAN_POINT('',(65.,0.));
#3846 = CARTESIAN_POINT('',(3.,0.));
#3847 = ( GEOMETRIC_REPRESENTATION_CONTEXT(2) 
PARAMETRIC_REPRESENTATION_CONTEXT() REPRESENTATION_CONTEXT('2D SPACE',''
  ) );
#3848 = PCURVE('',#455,#3849);
#3849 = DEFINITIONAL_REPRESENTATION('',(#3850),#3853);
#3850 = B_SPLINE_CURVE_WITH_KNOTS('',1,(#3851,#3852),.UNSPECIFIED.,.F.,
  .F.,(2,2),(0.,62.),.PIECEWISE_BEZIER_KNOTS.);
#3851 = CARTESIAN_POINT('',(0.,-1.04));
#3852 = CARTESIAN_POINT('',(62.,-1.04));
#3853 = ( GEOMETRIC_REPRESENTATION_CONTEXT(2) 
PARAMETRIC_REPRESENTATION_CONTEXT() REPRESENTATION_CONTEXT('2D SPACE',''
  ) );
#3854 = ORIENTED_EDGE('',*,*,#3855,.F.);
#3855 = EDGE_CURVE('',#293,#3836,#3856,.T.);
#3856 = SURFACE_CURVE('',#3857,(#3861,#3868),.PCURVE_S1.);
#3857 = ( BOUNDED_CURVE() B_SPLINE_CURVE(2,(#3858,#3859,#3860),
.UNSPECIFIED.,.F.,.F.) B_SPLINE_CURVE_WITH_KNOTS((3,3),(0.,
1.570795544804),.PIECEWISE_BEZIER_KNOTS.) CURVE() 
GEOMETRIC_REPRESENTATION_ITEM() RATIONAL_B_SPLINE_CURVE((1.,
0.707107057662,1.)) REPRESENTATION_ITEM('') );
#3858 = CARTESIAN_POINT('',(68.,3.,1.2));
#3859 = CARTESIAN_POINT('',(67.999998827014,1.172986309861E-06,1.2));
#3860 = CARTESIAN_POINT('',(65.,2.295941214925E-13,1.2));
#3861 = PCURVE('',#154,#3862);
#3862 = DEFINITIONAL_REPRESENTATION('',(#3863),#3867);
#3863 = ( BOUNDED_CURVE() B_SPLINE_CURVE(2,(#3864,#3865,#3866),
.UNSPECIFIED.,.F.,.F.) B_SPLINE_CURVE_WITH_KNOTS((3,3),(0.,
1.570795544804),.PIECEWISE_BEZIER_KNOTS.) CURVE() 
GEOMETRIC_REPRESENTATION_ITEM() RATIONAL_B_SPLINE_CURVE((1.,
0.707107057662,1.)) REPRESENTATION_ITEM('') );
#3864 = CARTESIAN_POINT('',(68.,3.));
#3865 = CARTESIAN_POINT('',(67.999998827014,1.172986309861E-06));
#3866 = CARTESIAN_POINT('',(65.,2.295941214925E-13));
#3867 = ( GEOMETRIC_REPRESENTATION_CONTEXT(2) 
PARAMETRIC_REPRESENTATION_CONTEXT() REPRESENTATION_CONTEXT('2D SPACE',''
  ) );
#3868 = PCURVE('',#326,#3869);
#3869 = DEFINITIONAL_REPRESENTATION('',(#3870),#3874);
#3870 = B_SPLINE_CURVE_WITH_KNOTS('',2,(#3871,#3872,#3873),
  .UNSPECIFIED.,.F.,.F.,(3,3),(1.667214576434E-13,1.570795544804),
  .PIECEWISE_BEZIER_KNOTS.);
#3871 = CARTESIAN_POINT('',(1.667214576434E-13,-1.04));
#3872 = CARTESIAN_POINT('',(0.785397772402,-1.04));
#3873 = CARTESIAN_POINT('',(1.570795544804,-1.04));
#3874 = ( GEOMETRIC_REPRESENTATION_CONTEXT(2) 
PARAMETRIC_REPRESENTATION_CONTEXT() REPRESENTATION_CONTEXT('2D SPACE',''
  ) );
#3875 = ORIENTED_EDGE('',*,*,#292,.F.);
#3876 = FACE_BOUND('',#3877,.T.);
#3877 = EDGE_LOOP('',(#3878));
#3878 = ORIENTED_EDGE('',*,*,#3879,.T.);
#3879 = EDGE_CURVE('',#3880,#3880,#3882,.T.);
#3880 = VERTEX_POINT('',#3881);
#3881 = CARTESIAN_POINT('',(8.,5.75,1.2));
#3882 = SURFACE_CURVE('',#3883,(#3891,#3902),.PCURVE_S1.);
#3883 = ( BOUNDED_CURVE() B_SPLINE_CURVE(2,(#3884,#3885,#3886,#3887,
#3888,#3889,#3890),.UNSPECIFIED.,.T.,.F.) B_SPLINE_CURVE_WITH_KNOTS((1,2
    ,2,2,2,1),(-2.094395102393,0.,2.094395102393,4.188790204786,
6.28318530718,8.377580409573),.UNSPECIFIED.) CURVE() 
GEOMETRIC_REPRESENTATION_ITEM() RATIONAL_B_SPLINE_CURVE((1.,0.5,1.,0.5,
1.,0.5,1.)) REPRESENTATION_ITEM('') );
#3884 = CARTESIAN_POINT('',(8.,5.75,1.2));
#3885 = CARTESIAN_POINT('',(4.10288568297,5.75,1.2));
#3886 = CARTESIAN_POINT('',(6.051442841485,9.125,1.2));
#3887 = CARTESIAN_POINT('',(8.,12.5,1.2));
#3888 = CARTESIAN_POINT('',(9.948557158515,9.125,1.2));
#3889 = CARTESIAN_POINT('',(11.89711431703,5.75,1.2));
#3890 = CARTESIAN_POINT('',(8.,5.75,1.2));
#3891 = PCURVE('',#154,#3892);
#3892 = DEFINITIONAL_REPRESENTATION('',(#3893),#3901);
#3893 = ( BOUNDED_CURVE() B_SPLINE_CURVE(2,(#3894,#3895,#3896,#3897,
#3898,#3899,#3900),.UNSPECIFIED.,.T.,.F.) B_SPLINE_CURVE_WITH_KNOTS((3,2
    ,2,3),(0.,2.094395102393,4.188790204786,6.28318530718),
.PIECEWISE_BEZIER_KNOTS.) CURVE() GEOMETRIC_REPRESENTATION_ITEM() 
RATIONAL_B_SPLINE_CURVE((1.,0.5,1.,0.5,1.,0.5,1.)) REPRESENTATION_ITEM(
  '') );
#3894 = CARTESIAN_POINT('',(8.,5.75));
#3895 = CARTESIAN_POINT('',(4.10288568297,5.75));
#3896 = CARTESIAN_POINT('',(6.051442841485,9.125));
#3897 = CARTESIAN_POINT('',(8.,12.5));
#3898 = CARTESIAN_POINT('',(9.948557158515,9.125));
#3899 = CARTESIAN_POINT('',(11.89711431703,5.75));
#3900 = CARTESIAN_POINT('',(8.,5.75));
#3901 = ( GEOMETRIC_REPRESENTATION_CONTEXT(2) 
PARAMETRIC_REPRESENTATION_CONTEXT() REPRESENTATION_CONTEXT('2D SPACE',''
  ) );
#3902 = PCURVE('',#514,#3903);
#3903 = DEFINITIONAL_REPRESENTATION('',(#3904),#3912);
#3904 = B_SPLINE_CURVE_WITH_KNOTS('',2,(#3905,#3906,#3907,#3908,#3909,
    #3910,#3911),.UNSPECIFIED.,.F.,.F.,(3,2,2,3),(0.,2.094395102393,
    4.188790204786,6.28318530718),.PIECEWISE_BEZIER_KNOTS.);
#3905 = CARTESIAN_POINT('',(0.,-1.121));
#3906 = CARTESIAN_POINT('',(1.047197551197,-1.121));
#3907 = CARTESIAN_POINT('',(2.094395102393,-1.121));
#3908 = CARTESIAN_POINT('',(3.14159265359,-1.121));
#3909 = CARTESIAN_POINT('',(4.188790204786,-1.121));
#3910 = CARTESIAN_POINT('',(5.235987755983,-1.121));
#3911 = CARTESIAN_POINT('',(6.28318530718,-1.121));
#3912 = ( GEOMETRIC_REPRESENTATION_CONTEXT(2) 
PARAMETRIC_REPRESENTATION_CONTEXT() REPRESENTATION_CONTEXT('2D SPACE',''
  ) );
#3913 = FACE_BOUND('',#3914,.T.);
#3914 = EDGE_LOOP('',(#3915));
#3915 = ORIENTED_EDGE('',*,*,#3916,.T.);
#3916 = EDGE_CURVE('',#3917,#3917,#3919,.T.);
#3917 = VERTEX_POINT('',#3918);
#3918 = CARTESIAN_POINT('',(32.02,11.413962,1.2));
#3919 = SURFACE_CURVE('',#3920,(#3928,#3939),.PCURVE_S1.);
#3920 = ( BOUNDED_CURVE() B_SPLINE_CURVE(2,(#3921,#3922,#3923,#3924,
#3925,#3926,#3927),.UNSPECIFIED.,.T.,.F.) B_SPLINE_CURVE_WITH_KNOTS((1,2
    ,2,2,2,1),(-2.094395102393,0.,2.094395102393,4.188790204786,
6.28318530718,8.377580409573),.UNSPECIFIED.) CURVE() 
GEOMETRIC_REPRESENTATION_ITEM() RATIONAL_B_SPLINE_CURVE((1.,0.5,1.,0.5,
1.,0.5,1.)) REPRESENTATION_ITEM('') );
#3921 = CARTESIAN_POINT('',(32.02,11.413962,1.2));
#3922 = CARTESIAN_POINT('',(30.547756813566,11.413962,1.2));
#3923 = CARTESIAN_POINT('',(31.283878406783,12.688962,1.2));
#3924 = CARTESIAN_POINT('',(32.02,13.963962,1.2));
#3925 = CARTESIAN_POINT('',(32.756121593217,12.688962,1.2));
#3926 = CARTESIAN_POINT('',(33.492243186434,11.413962,1.2));
#3927 = CARTESIAN_POINT('',(32.02,11.413962,1.2));
#3928 = PCURVE('',#154,#3929);
#3929 = DEFINITIONAL_REPRESENTATION('',(#3930),#3938);
#3930 = ( BOUNDED_CURVE() B_SPLINE_CURVE(2,(#3931,#3932,#3933,#3934,
#3935,#3936,#3937),.UNSPECIFIED.,.T.,.F.) B_SPLINE_CURVE_WITH_KNOTS((3,2
    ,2,3),(1.010809382261E-14,2.094395102393,4.188790204786,
6.28318530718),.UNSPECIFIED.) CURVE() GEOMETRIC_REPRESENTATION_ITEM() 
RATIONAL_B_SPLINE_CURVE((1.,0.5,1.,0.5,1.,0.5,1.)) REPRESENTATION_ITEM(
  '') );
#3931 = CARTESIAN_POINT('',(32.02,11.413962));
#3932 = CARTESIAN_POINT('',(30.547756813566,11.413962));
#3933 = CARTESIAN_POINT('',(31.283878406783,12.688962));
#3934 = CARTESIAN_POINT('',(32.02,13.963962));
#3935 = CARTESIAN_POINT('',(32.756121593217,12.688962));
#3936 = CARTESIAN_POINT('',(33.492243186434,11.413962));
#3937 = CARTESIAN_POINT('',(32.02,11.413962));
#3938 = ( GEOMETRIC_REPRESENTATION_CONTEXT(2) 
PARAMETRIC_REPRESENTATION_CONTEXT() REPRESENTATION_CONTEXT('2D SPACE',''
  ) );
#3939 = PCURVE('',#566,#3940);
#3940 = DEFINITIONAL_REPRESENTATION('',(#3941),#3949);
#3941 = B_SPLINE_CURVE_WITH_KNOTS('',2,(#3942,#3943,#3944,#3945,#3946,
    #3947,#3948),.UNSPECIFIED.,.F.,.F.,(3,2,2,3),(1.010809382261E-14,
    2.094395102393,4.188790204786,6.28318530718),.UNSPECIFIED.);
#3942 = CARTESIAN_POINT('',(8.046381233254E-29,-1.121));
#3943 = CARTESIAN_POINT('',(1.047197551197,-1.121));
#3944 = CARTESIAN_POINT('',(2.094395102393,-1.121));
#3945 = CARTESIAN_POINT('',(3.14159265359,-1.121));
#3946 = CARTESIAN_POINT('',(4.188790204786,-1.121));
#3947 = CARTESIAN_POINT('',(5.235987755983,-1.121));
#3948 = CARTESIAN_POINT('',(6.28318530718,-1.121));
#3949 = ( GEOMETRIC_REPRESENTATION_CONTEXT(2) 
PARAMETRIC_REPRESENTATION_CONTEXT() REPRESENTATION_CONTEXT('2D SPACE',''
  ) );
#3950 = FACE_BOUND('',#3951,.T.);
#3951 = EDGE_LOOP('',(#3952));
#3952 = ORIENTED_EDGE('',*,*,#3953,.T.);
#3953 = EDGE_CURVE('',#3954,#3954,#3956,.T.);
#3954 = VERTEX_POINT('',#3955);
#3955 = CARTESIAN_POINT('',(27.6,19.063962,1.2));
#3956 = SURFACE_CURVE('',#3957,(#3965,#3976),.PCURVE_S1.);
#3957 = ( BOUNDED_CURVE() B_SPLINE_CURVE(2,(#3958,#3959,#3960,#3961,
#3962,#3963,#3964),.UNSPECIFIED.,.T.,.F.) B_SPLINE_CURVE_WITH_KNOTS((1,2
    ,2,2,2,1),(-2.094395102393,0.,2.094395102393,4.188790204786,
6.28318530718,8.377580409573),.UNSPECIFIED.) CURVE() 
GEOMETRIC_REPRESENTATION_ITEM() RATIONAL_B_SPLINE_CURVE((1.,0.5,1.,0.5,
1.,0.5,1.)) REPRESENTATION_ITEM('') );
#3958 = CARTESIAN_POINT('',(27.6,19.063962,1.2));
#3959 = CARTESIAN_POINT('',(26.387564434702,19.063962,1.2));
#3960 = CARTESIAN_POINT('',(26.993782217351,20.113962,1.2));
#3961 = CARTESIAN_POINT('',(27.6,21.163962,1.2));
#3962 = CARTESIAN_POINT('',(28.206217782649,20.113962,1.2));
#3963 = CARTESIAN_POINT('',(28.812435565298,19.063962,1.2));
#3964 = CARTESIAN_POINT('',(27.6,19.063962,1.2));
#3965 = PCURVE('',#154,#3966);
#3966 = DEFINITIONAL_REPRESENTATION('',(#3967),#3975);
#3967 = ( BOUNDED_CURVE() B_SPLINE_CURVE(2,(#3968,#3969,#3970,#3971,
#3972,#3973,#3974),.UNSPECIFIED.,.T.,.F.) B_SPLINE_CURVE_WITH_KNOTS((3,2
    ,2,3),(0.,2.094395102393,4.188790204786,6.28318530718),
.PIECEWISE_BEZIER_KNOTS.) CURVE() GEOMETRIC_REPRESENTATION_ITEM() 
RATIONAL_B_SPLINE_CURVE((1.,0.5,1.,0.5,1.,0.5,1.)) REPRESENTATION_ITEM(
  '') );
#3968 = CARTESIAN_POINT('',(27.6,19.063962));
#3969 = CARTESIAN_POINT('',(26.387564434702,19.063962));
#3970 = CARTESIAN_POINT('',(26.993782217351,20.113962));
#3971 = CARTESIAN_POINT('',(27.6,21.163962));
#3972 = CARTESIAN_POINT('',(28.206217782649,20.113962));
#3973 = CARTESIAN_POINT('',(28.812435565298,19.063962));
#3974 = CARTESIAN_POINT('',(27.6,19.063962));
#3975 = ( GEOMETRIC_REPRESENTATION_CONTEXT(2) 
PARAMETRIC_REPRESENTATION_CONTEXT() REPRESENTATION_CONTEXT('2D SPACE',''
  ) );
#3976 = PCURVE('',#618,#3977);
#3977 = DEFINITIONAL_REPRESENTATION('',(#3978),#3986);
#3978 = B_SPLINE_CURVE_WITH_KNOTS('',2,(#3979,#3980,#3981,#3982,#3983,
    #3984,#3985),.UNSPECIFIED.,.F.,.F.,(3,2,2,3),(0.,2.094395102393,
    4.188790204786,6.28318530718),.PIECEWISE_BEZIER_KNOTS.);
#3979 = CARTESIAN_POINT('',(0.,-1.121));
#3980 = CARTESIAN_POINT('',(1.047197551197,-1.121));
#3981 = CARTESIAN_POINT('',(2.094395102393,-1.121));
#3982 = CARTESIAN_POINT('',(3.14159265359,-1.121));
#3983 = CARTESIAN_POINT('',(4.188790204786,-1.121));
#3984 = CARTESIAN_POINT('',(5.235987755983,-1.121));
#3985 = CARTESIAN_POINT('',(6.28318530718,-1.121));
#3986 = ( GEOMETRIC_REPRESENTATION_CONTEXT(2) 
PARAMETRIC_REPRESENTATION_CONTEXT() REPRESENTATION_CONTEXT('2D SPACE',''
  ) );
#3987 = FACE_BOUND('',#3988,.T.);
#3988 = EDGE_LOOP('',(#3989));
#3989 = ORIENTED_EDGE('',*,*,#3990,.T.);
#3990 = EDGE_CURVE('',#3991,#3991,#3993,.T.);
#3991 = VERTEX_POINT('',#3992);
#3992 = CARTESIAN_POINT('',(27.6,21.563962,1.2));
#3993 = SURFACE_CURVE('',#3994,(#4002,#4013),.PCURVE_S1.);
#3994 = ( BOUNDED_CURVE() B_SPLINE_CURVE(2,(#3995,#3996,#3997,#3998,
#3999,#4000,#4001),.UNSPECIFIED.,.T.,.F.) B_SPLINE_CURVE_WITH_KNOTS((1,2
    ,2,2,2,1),(-2.094395102393,0.,2.094395102393,4.188790204786,
6.28318530718,8.377580409573),.UNSPECIFIED.) CURVE() 
GEOMETRIC_REPRESENTATION_ITEM() RATIONAL_B_SPLINE_CURVE((1.,0.5,1.,0.5,
1.,0.5,1.)) REPRESENTATION_ITEM('') );
#3995 = CARTESIAN_POINT('',(27.6,21.563962,1.2));
#3996 = CARTESIAN_POINT('',(26.387564434702,21.563962,1.2));
#3997 = CARTESIAN_POINT('',(26.993782217351,22.613962,1.2));
#3998 = CARTESIAN_POINT('',(27.6,23.663962,1.2));
#3999 = CARTESIAN_POINT('',(28.206217782649,22.613962,1.2));
#4000 = CARTESIAN_POINT('',(28.812435565298,21.563962,1.2));
#4001 = CARTESIAN_POINT('',(27.6,21.563962,1.2));
#4002 = PCURVE('',#154,#4003);
#4003 = DEFINITIONAL_REPRESENTATION('',(#4004),#4012);
#4004 = ( BOUNDED_CURVE() B_SPLINE_CURVE(2,(#4005,#4006,#4007,#4008,
#4009,#4010,#4011),.UNSPECIFIED.,.T.,.F.) B_SPLINE_CURVE_WITH_KNOTS((3,2
    ,2,3),(0.,2.094395102393,4.188790204786,6.28318530718),
.PIECEWISE_BEZIER_KNOTS.) CURVE() GEOMETRIC_REPRESENTATION_ITEM() 
RATIONAL_B_SPLINE_CURVE((1.,0.5,1.,0.5,1.,0.5,1.)) REPRESENTATION_ITEM(
  '') );
#4005 = CARTESIAN_POINT('',(27.6,21.563962));
#4006 = CARTESIAN_POINT('',(26.387564434702,21.563962));
#4007 = CARTESIAN_POINT('',(26.993782217351,22.613962));
#4008 = CARTESIAN_POINT('',(27.6,23.663962));
#4009 = CARTESIAN_POINT('',(28.206217782649,22.613962));
#4010 = CARTESIAN_POINT('',(28.812435565298,21.563962));
#4011 = CARTESIAN_POINT('',(27.6,21.563962));
#4012 = ( GEOMETRIC_REPRESENTATION_CONTEXT(2) 
PARAMETRIC_REPRESENTATION_CONTEXT() REPRESENTATION_CONTEXT('2D SPACE',''
  ) );
#4013 = PCURVE('',#670,#4014);
#4014 = DEFINITIONAL_REPRESENTATION('',(#4015),#4023);
#4015 = B_SPLINE_CURVE_WITH_KNOTS('',2,(#4016,#4017,#4018,#4019,#4020,
    #4021,#4022),.UNSPECIFIED.,.F.,.F.,(3,2,2,3),(0.,2.094395102393,
    4.188790204786,6.28318530718),.PIECEWISE_BEZIER_KNOTS.);
#4016 = CARTESIAN_POINT('',(0.,-1.121));
#4017 = CARTESIAN_POINT('',(1.047197551197,-1.121));
#4018 = CARTESIAN_POINT('',(2.094395102393,-1.121));
#4019 = CARTESIAN_POINT('',(3.14159265359,-1.121));
#4020 = CARTESIAN_POINT('',(4.188790204786,-1.121));
#4021 = CARTESIAN_POINT('',(5.235987755983,-1.121));
#4022 = CARTESIAN_POINT('',(6.28318530718,-1.121));
#4023 = ( GEOMETRIC_REPRESENTATION_CONTEXT(2) 
PARAMETRIC_REPRESENTATION_CONTEXT() REPRESENTATION_CONTEXT('2D SPACE',''
  ) );
#4024 = FACE_BOUND('',#4025,.T.);
#4025 = EDGE_LOOP('',(#4026));
#4026 = ORIENTED_EDGE('',*,*,#4027,.T.);
#4027 = EDGE_CURVE('',#4028,#4028,#4030,.T.);
#4028 = VERTEX_POINT('',#4029);
#4029 = CARTESIAN_POINT('',(31.1,19.063962,1.2));
#4030 = SURFACE_CURVE('',#4031,(#4039,#4050),.PCURVE_S1.);
#4031 = ( BOUNDED_CURVE() B_SPLINE_CURVE(2,(#4032,#4033,#4034,#4035,
#4036,#4037,#4038),.UNSPECIFIED.,.T.,.F.) B_SPLINE_CURVE_WITH_KNOTS((1,2
    ,2,2,2,1),(-2.094395102393,0.,2.094395102393,4.188790204786,
6.28318530718,8.377580409573),.UNSPECIFIED.) CURVE() 
GEOMETRIC_REPRESENTATION_ITEM() RATIONAL_B_SPLINE_CURVE((1.,0.5,1.,0.5,
1.,0.5,1.)) REPRESENTATION_ITEM('') );
#4032 = CARTESIAN_POINT('',(31.1,19.063962,1.2));
#4033 = CARTESIAN_POINT('',(29.887564434702,19.063962,1.2));
#4034 = CARTESIAN_POINT('',(30.493782217351,20.113962,1.2));
#4035 = CARTESIAN_POINT('',(31.1,21.163962,1.2));
#4036 = CARTESIAN_POINT('',(31.706217782649,20.113962,1.2));
#4037 = CARTESIAN_POINT('',(32.312435565298,19.063962,1.2));
#4038 = CARTESIAN_POINT('',(31.1,19.063962,1.2));
#4039 = PCURVE('',#154,#4040);
#4040 = DEFINITIONAL_REPRESENTATION('',(#4041),#4049);
#4041 = ( BOUNDED_CURVE() B_SPLINE_CURVE(2,(#4042,#4043,#4044,#4045,
#4046,#4047,#4048),.UNSPECIFIED.,.T.,.F.) B_SPLINE_CURVE_WITH_KNOTS((3,2
    ,2,3),(0.,2.094395102393,4.188790204786,6.28318530718),
.PIECEWISE_BEZIER_KNOTS.) CURVE() GEOMETRIC_REPRESENTATION_ITEM() 
RATIONAL_B_SPLINE_CURVE((1.,0.5,1.,0.5,1.,0.5,1.)) REPRESENTATION_ITEM(
  '') );
#4042 = CARTESIAN_POINT('',(31.1,19.063962));
#4043 = CARTESIAN_POINT('',(29.887564434702,19.063962));
#4044 = CARTESIAN_POINT('',(30.493782217351,20.113962));
#4045 = CARTESIAN_POINT('',(31.1,21.163962));
#4046 = CARTESIAN_POINT('',(31.706217782649,20.113962));
#4047 = CARTESIAN_POINT('',(32.312435565298,19.063962));
#4048 = CARTESIAN_POINT('',(31.1,19.063962));
#4049 = ( GEOMETRIC_REPRESENTATION_CONTEXT(2) 
PARAMETRIC_REPRESENTATION_CONTEXT() REPRESENTATION_CONTEXT('2D SPACE',''
  ) );
#4050 = PCURVE('',#722,#4051);
#4051 = DEFINITIONAL_REPRESENTATION('',(#4052),#4060);
#4052 = B_SPLINE_CURVE_WITH_KNOTS('',2,(#4053,#4054,#4055,#4056,#4057,
    #4058,#4059),.UNSPECIFIED.,.F.,.F.,(3,2,2,3),(0.,2.094395102393,
    4.188790204786,6.28318530718),.PIECEWISE_BEZIER_KNOTS.);
#4053 = CARTESIAN_POINT('',(0.,-1.121));
#4054 = CARTESIAN_POINT('',(1.047197551197,-1.121));
#4055 = CARTESIAN_POINT('',(2.094395102393,-1.121));
#4056 = CARTESIAN_POINT('',(3.14159265359,-1.121));
#4057 = CARTESIAN_POINT('',(4.188790204786,-1.121));
#4058 = CARTESIAN_POINT('',(5.235987755983,-1.121));
#4059 = CARTESIAN_POINT('',(6.28318530718,-1.121));
#4060 = ( GEOMETRIC_REPRESENTATION_CONTEXT(2) 
PARAMETRIC_REPRESENTATION_CONTEXT() REPRESENTATION_CONTEXT('2D SPACE',''
  ) );
#4061 = FACE_BOUND('',#4062,.T.);
#4062 = EDGE_LOOP('',(#4063));
#4063 = ORIENTED_EDGE('',*,*,#4064,.T.);
#4064 = EDGE_CURVE('',#4065,#4065,#4067,.T.);
#4065 = VERTEX_POINT('',#4066);
#4066 = CARTESIAN_POINT('',(31.1,21.563962,1.2));
#4067 = SURFACE_CURVE('',#4068,(#4076,#4087),.PCURVE_S1.);
#4068 = ( BOUNDED_CURVE() B_SPLINE_CURVE(2,(#4069,#4070,#4071,#4072,
#4073,#4074,#4075),.UNSPECIFIED.,.T.,.F.) B_SPLINE_CURVE_WITH_KNOTS((1,2
    ,2,2,2,1),(-2.094395102393,0.,2.094395102393,4.188790204786,
6.28318530718,8.377580409573),.UNSPECIFIED.) CURVE() 
GEOMETRIC_REPRESENTATION_ITEM() RATIONAL_B_SPLINE_CURVE((1.,0.5,1.,0.5,
1.,0.5,1.)) REPRESENTATION_ITEM('') );
#4069 = CARTESIAN_POINT('',(31.1,21.563962,1.2));
#4070 = CARTESIAN_POINT('',(29.887564434702,21.563962,1.2));
#4071 = CARTESIAN_POINT('',(30.493782217351,22.613962,1.2));
#4072 = CARTESIAN_POINT('',(31.1,23.663962,1.2));
#4073 = CARTESIAN_POINT('',(31.706217782649,22.613962,1.2));
#4074 = CARTESIAN_POINT('',(32.312435565298,21.563962,1.2));
#4075 = CARTESIAN_POINT('',(31.1,21.563962,1.2));
#4076 = PCURVE('',#154,#4077);
#4077 = DEFINITIONAL_REPRESENTATION('',(#4078),#4086);
#4078 = ( BOUNDED_CURVE() B_SPLINE_CURVE(2,(#4079,#4080,#4081,#4082,
#4083,#4084,#4085),.UNSPECIFIED.,.T.,.F.) B_SPLINE_CURVE_WITH_KNOTS((3,2
    ,2,3),(0.,2.094395102393,4.188790204786,6.28318530718),
.PIECEWISE_BEZIER_KNOTS.) CURVE() GEOMETRIC_REPRESENTATION_ITEM() 
RATIONAL_B_SPLINE_CURVE((1.,0.5,1.,0.5,1.,0.5,1.)) REPRESENTATION_ITEM(
  '') );
#4079 = CARTESIAN_POINT('',(31.1,21.563962));
#4080 = CARTESIAN_POINT('',(29.887564434702,21.563962));
#4081 = CARTESIAN_POINT('',(30.493782217351,22.613962));
#4082 = CARTESIAN_POINT('',(31.1,23.663962));
#4083 = CARTESIAN_POINT('',(31.706217782649,22.613962));
#4084 = CARTESIAN_POINT('',(32.312435565298,21.563962));
#4085 = CARTESIAN_POINT('',(31.1,21.563962));
#4086 = ( GEOMETRIC_REPRESENTATION_CONTEXT(2) 
PARAMETRIC_REPRESENTATION_CONTEXT() REPRESENTATION_CONTEXT('2D SPACE',''
  ) );
#4087 = PCURVE('',#774,#4088);
#4088 = DEFINITIONAL_REPRESENTATION('',(#4089),#4097);
#4089 = B_SPLINE_CURVE_WITH_KNOTS('',2,(#4090,#4091,#4092,#4093,#4094,
    #4095,#4096),.UNSPECIFIED.,.F.,.F.,(3,2,2,3),(0.,2.094395102393,
    4.188790204786,6.28318530718),.PIECEWISE_BEZIER_KNOTS.);
#4090 = CARTESIAN_POINT('',(0.,-1.121));
#4091 = CARTESIAN_POINT('',(1.047197551197,-1.121));
#4092 = CARTESIAN_POINT('',(2.094395102393,-1.121));
#4093 = CARTESIAN_POINT('',(3.14159265359,-1.121));
#4094 = CARTESIAN_POINT('',(4.188790204786,-1.121));
#4095 = CARTESIAN_POINT('',(5.235987755983,-1.121));
#4096 = CARTESIAN_POINT('',(6.28318530718,-1.121));
#4097 = ( GEOMETRIC_REPRESENTATION_CONTEXT(2) 
PARAMETRIC_REPRESENTATION_CONTEXT() REPRESENTATION_CONTEXT('2D SPACE',''
  ) );
#4098 = FACE_BOUND('',#4099,.T.);
#4099 = EDGE_LOOP('',(#4100));
#4100 = ORIENTED_EDGE('',*,*,#4101,.T.);
#4101 = EDGE_CURVE('',#4102,#4102,#4104,.T.);
#4102 = VERTEX_POINT('',#4103);
#4103 = CARTESIAN_POINT('',(11.,32.413962,1.2));
#4104 = SURFACE_CURVE('',#4105,(#4113,#4124),.PCURVE_S1.);
#4105 = ( BOUNDED_CURVE() B_SPLINE_CURVE(2,(#4106,#4107,#4108,#4109,
#4110,#4111,#4112),.UNSPECIFIED.,.T.,.F.) B_SPLINE_CURVE_WITH_KNOTS((1,2
    ,2,2,2,1),(-2.094395102393,0.,2.094395102393,4.188790204786,
6.28318530718,8.377580409573),.UNSPECIFIED.) CURVE() 
GEOMETRIC_REPRESENTATION_ITEM() RATIONAL_B_SPLINE_CURVE((1.,0.5,1.,0.5,
1.,0.5,1.)) REPRESENTATION_ITEM('') );
#4106 = CARTESIAN_POINT('',(11.,32.413962,1.2));
#4107 = CARTESIAN_POINT('',(9.527756813566,32.413962,1.2));
#4108 = CARTESIAN_POINT('',(10.263878406783,33.688962,1.2));
#4109 = CARTESIAN_POINT('',(11.,34.963962,1.2));
#4110 = CARTESIAN_POINT('',(11.736121593217,33.688962,1.2));
#4111 = CARTESIAN_POINT('',(12.472243186434,32.413962,1.2));
#4112 = CARTESIAN_POINT('',(11.,32.413962,1.2));
#4113 = PCURVE('',#154,#4114);
#4114 = DEFINITIONAL_REPRESENTATION('',(#4115),#4123);
#4115 = ( BOUNDED_CURVE() B_SPLINE_CURVE(2,(#4116,#4117,#4118,#4119,
#4120,#4121,#4122),.UNSPECIFIED.,.T.,.F.) B_SPLINE_CURVE_WITH_KNOTS((3,2
    ,2,3),(0.,2.094395102393,4.188790204786,6.28318530718),
.PIECEWISE_BEZIER_KNOTS.) CURVE() GEOMETRIC_REPRESENTATION_ITEM() 
RATIONAL_B_SPLINE_CURVE((1.,0.5,1.,0.5,1.,0.5,1.)) REPRESENTATION_ITEM(
  '') );
#4116 = CARTESIAN_POINT('',(11.,32.413962));
#4117 = CARTESIAN_POINT('',(9.527756813566,32.413962));
#4118 = CARTESIAN_POINT('',(10.263878406783,33.688962));
#4119 = CARTESIAN_POINT('',(11.,34.963962));
#4120 = CARTESIAN_POINT('',(11.736121593217,33.688962));
#4121 = CARTESIAN_POINT('',(12.472243186434,32.413962));
#4122 = CARTESIAN_POINT('',(11.,32.413962));
#4123 = ( GEOMETRIC_REPRESENTATION_CONTEXT(2) 
PARAMETRIC_REPRESENTATION_CONTEXT() REPRESENTATION_CONTEXT('2D SPACE',''
  ) );
#4124 = PCURVE('',#826,#4125);
#4125 = DEFINITIONAL_REPRESENTATION('',(#4126),#4134);
#4126 = B_SPLINE_CURVE_WITH_KNOTS('',2,(#4127,#4128,#4129,#4130,#4131,
    #4132,#4133),.UNSPECIFIED.,.F.,.F.,(3,2,2,3),(0.,2.094395102393,
    4.188790204786,6.28318530718),.PIECEWISE_BEZIER_KNOTS.);
#4127 = CARTESIAN_POINT('',(0.,-1.121));
#4128 = CARTESIAN_POINT('',(1.047197551197,-1.121));
#4129 = CARTESIAN_POINT('',(2.094395102393,-1.121));
#4130 = CARTESIAN_POINT('',(3.14159265359,-1.121));
#4131 = CARTESIAN_POINT('',(4.188790204786,-1.121));
#4132 = CARTESIAN_POINT('',(5.235987755983,-1.121));
#4133 = CARTESIAN_POINT('',(6.28318530718,-1.121));
#4134 = ( GEOMETRIC_REPRESENTATION_CONTEXT(2) 
PARAMETRIC_REPRESENTATION_CONTEXT() REPRESENTATION_CONTEXT('2D SPACE',''
  ) );
#4135 = FACE_BOUND('',#4136,.T.);
#4136 = EDGE_LOOP('',(#4137));
#4137 = ORIENTED_EDGE('',*,*,#4138,.T.);
#4138 = EDGE_CURVE('',#4139,#4139,#4141,.T.);
#4139 = VERTEX_POINT('',#4140);
#4140 = CARTESIAN_POINT('',(14.96,32.413962,1.2));
#4141 = SURFACE_CURVE('',#4142,(#4150,#4161),.PCURVE_S1.);
#4142 = ( BOUNDED_CURVE() B_SPLINE_CURVE(2,(#4143,#4144,#4145,#4146,
#4147,#4148,#4149),.UNSPECIFIED.,.T.,.F.) B_SPLINE_CURVE_WITH_KNOTS((1,2
    ,2,2,2,1),(-2.094395102393,0.,2.094395102393,4.188790204786,
6.28318530718,8.377580409573),.UNSPECIFIED.) CURVE() 
GEOMETRIC_REPRESENTATION_ITEM() RATIONAL_B_SPLINE_CURVE((1.,0.5,1.,0.5,
1.,0.5,1.)) REPRESENTATION_ITEM('') );
#4143 = CARTESIAN_POINT('',(14.96,32.413962,1.2));
#4144 = CARTESIAN_POINT('',(13.487756813566,32.413962,1.2));
#4145 = CARTESIAN_POINT('',(14.223878406783,33.688962,1.2));
#4146 = CARTESIAN_POINT('',(14.96,34.963962,1.2));
#4147 = CARTESIAN_POINT('',(15.696121593217,33.688962,1.2));
#4148 = CARTESIAN_POINT('',(16.432243186434,32.413962,1.2));
#4149 = CARTESIAN_POINT('',(14.96,32.413962,1.2));
#4150 = PCURVE('',#154,#4151);
#4151 = DEFINITIONAL_REPRESENTATION('',(#4152),#4160);
#4152 = ( BOUNDED_CURVE() B_SPLINE_CURVE(2,(#4153,#4154,#4155,#4156,
#4157,#4158,#4159),.UNSPECIFIED.,.T.,.F.) B_SPLINE_CURVE_WITH_KNOTS((3,2
    ,2,3),(0.,2.094395102393,4.188790204786,6.28318530718),
.PIECEWISE_BEZIER_KNOTS.) CURVE() GEOMETRIC_REPRESENTATION_ITEM() 
RATIONAL_B_SPLINE_CURVE((1.,0.5,1.,0.5,1.,0.5,1.)) REPRESENTATION_ITEM(
  '') );
#4153 = CARTESIAN_POINT('',(14.96,32.413962));
#4154 = CARTESIAN_POINT('',(13.487756813566,32.413962));
#4155 = CARTESIAN_POINT('',(14.223878406783,33.688962));
#4156 = CARTESIAN_POINT('',(14.96,34.963962));
#4157 = CARTESIAN_POINT('',(15.696121593217,33.688962));
#4158 = CARTESIAN_POINT('',(16.432243186434,32.413962));
#4159 = CARTESIAN_POINT('',(14.96,32.413962));
#4160 = ( GEOMETRIC_REPRESENTATION_CONTEXT(2) 
PARAMETRIC_REPRESENTATION_CONTEXT() REPRESENTATION_CONTEXT('2D SPACE',''
  ) );
#4161 = PCURVE('',#878,#4162);
#4162 = DEFINITIONAL_REPRESENTATION('',(#4163),#4171);
#4163 = B_SPLINE_CURVE_WITH_KNOTS('',2,(#4164,#4165,#4166,#4167,#4168,
    #4169,#4170),.UNSPECIFIED.,.F.,.F.,(3,2,2,3),(0.,2.094395102393,
    4.188790204786,6.28318530718),.PIECEWISE_BEZIER_KNOTS.);
#4164 = CARTESIAN_POINT('',(0.,-1.121));
#4165 = CARTESIAN_POINT('',(1.047197551197,-1.121));
#4166 = CARTESIAN_POINT('',(2.094395102393,-1.121));
#4167 = CARTESIAN_POINT('',(3.14159265359,-1.121));
#4168 = CARTESIAN_POINT('',(4.188790204786,-1.121));
#4169 = CARTESIAN_POINT('',(5.235987755983,-1.121));
#4170 = CARTESIAN_POINT('',(6.28318530718,-1.121));
#4171 = ( GEOMETRIC_REPRESENTATION_CONTEXT(2) 
PARAMETRIC_REPRESENTATION_CONTEXT() REPRESENTATION_CONTEXT('2D SPACE',''
  ) );
#4172 = FACE_BOUND('',#4173,.T.);
#4173 = EDGE_LOOP('',(#4174));
#4174 = ORIENTED_EDGE('',*,*,#4175,.T.);
#4175 = EDGE_CURVE('',#4176,#4176,#4178,.T.);
#4176 = VERTEX_POINT('',#4177);
#4177 = CARTESIAN_POINT('',(7.,40.063962,1.2));
#4178 = SURFACE_CURVE('',#4179,(#4187,#4198),.PCURVE_S1.);
#4179 = ( BOUNDED_CURVE() B_SPLINE_CURVE(2,(#4180,#4181,#4182,#4183,
#4184,#4185,#4186),.UNSPECIFIED.,.T.,.F.) B_SPLINE_CURVE_WITH_KNOTS((1,2
    ,2,2,2,1),(-2.094395102393,0.,2.094395102393,4.188790204786,
6.28318530718,8.377580409573),.UNSPECIFIED.) CURVE() 
GEOMETRIC_REPRESENTATION_ITEM() RATIONAL_B_SPLINE_CURVE((1.,0.5,1.,0.5,
1.,0.5,1.)) REPRESENTATION_ITEM('') );
#4180 = CARTESIAN_POINT('',(7.,40.063962,1.2));
#4181 = CARTESIAN_POINT('',(5.787564434702,40.063962,1.2));
#4182 = CARTESIAN_POINT('',(6.393782217351,41.113962,1.2));
#4183 = CARTESIAN_POINT('',(7.,42.163962,1.2));
#4184 = CARTESIAN_POINT('',(7.606217782649,41.113962,1.2));
#4185 = CARTESIAN_POINT('',(8.212435565298,40.063962,1.2));
#4186 = CARTESIAN_POINT('',(7.,40.063962,1.2));
#4187 = PCURVE('',#154,#4188);
#4188 = DEFINITIONAL_REPRESENTATION('',(#4189),#4197);
#4189 = ( BOUNDED_CURVE() B_SPLINE_CURVE(2,(#4190,#4191,#4192,#4193,
#4194,#4195,#4196),.UNSPECIFIED.,.T.,.F.) B_SPLINE_CURVE_WITH_KNOTS((3,2
    ,2,3),(0.,2.094395102393,4.188790204786,6.28318530718),
.PIECEWISE_BEZIER_KNOTS.) CURVE() GEOMETRIC_REPRESENTATION_ITEM() 
RATIONAL_B_SPLINE_CURVE((1.,0.5,1.,0.5,1.,0.5,1.)) REPRESENTATION_ITEM(
  '') );
#4190 = CARTESIAN_POINT('',(7.,40.063962));
#4191 = CARTESIAN_POINT('',(5.787564434702,40.063962));
#4192 = CARTESIAN_POINT('',(6.393782217351,41.113962));
#4193 = CARTESIAN_POINT('',(7.,42.163962));
#4194 = CARTESIAN_POINT('',(7.606217782649,41.113962));
#4195 = CARTESIAN_POINT('',(8.212435565298,40.063962));
#4196 = CARTESIAN_POINT('',(7.,40.063962));
#4197 = ( GEOMETRIC_REPRESENTATION_CONTEXT(2) 
PARAMETRIC_REPRESENTATION_CONTEXT() REPRESENTATION_CONTEXT('2D SPACE',''
  ) );
#4198 = PCURVE('',#930,#4199);
#4199 = DEFINITIONAL_REPRESENTATION('',(#4200),#4208);
#4200 = B_SPLINE_CURVE_WITH_KNOTS('',2,(#4201,#4202,#4203,#4204,#4205,
    #4206,#4207),.UNSPECIFIED.,.F.,.F.,(3,2,2,3),(0.,2.094395102393,
    4.188790204786,6.28318530718),.PIECEWISE_BEZIER_KNOTS.);
#4201 = CARTESIAN_POINT('',(0.,-1.121));
#4202 = CARTESIAN_POINT('',(1.047197551197,-1.121));
#4203 = CARTESIAN_POINT('',(2.094395102393,-1.121));
#4204 = CARTESIAN_POINT('',(3.14159265359,-1.121));
#4205 = CARTESIAN_POINT('',(4.188790204786,-1.121));
#4206 = CARTESIAN_POINT('',(5.235987755983,-1.121));
#4207 = CARTESIAN_POINT('',(6.28318530718,-1.121));
#4208 = ( GEOMETRIC_REPRESENTATION_CONTEXT(2) 
PARAMETRIC_REPRESENTATION_CONTEXT() REPRESENTATION_CONTEXT('2D SPACE',''
  ) );
#4209 = FACE_BOUND('',#4210,.T.);
#4210 = EDGE_LOOP('',(#4211));
#4211 = ORIENTED_EDGE('',*,*,#4212,.T.);
#4212 = EDGE_CURVE('',#4213,#4213,#4215,.T.);
#4213 = VERTEX_POINT('',#4214);
#4214 = CARTESIAN_POINT('',(7.,42.563962,1.2));
#4215 = SURFACE_CURVE('',#4216,(#4224,#4235),.PCURVE_S1.);
#4216 = ( BOUNDED_CURVE() B_SPLINE_CURVE(2,(#4217,#4218,#4219,#4220,
#4221,#4222,#4223),.UNSPECIFIED.,.T.,.F.) B_SPLINE_CURVE_WITH_KNOTS((1,2
    ,2,2,2,1),(-2.094395102393,0.,2.094395102393,4.188790204786,
6.28318530718,8.377580409573),.UNSPECIFIED.) CURVE() 
GEOMETRIC_REPRESENTATION_ITEM() RATIONAL_B_SPLINE_CURVE((1.,0.5,1.,0.5,
1.,0.5,1.)) REPRESENTATION_ITEM('') );
#4217 = CARTESIAN_POINT('',(7.,42.563962,1.2));
#4218 = CARTESIAN_POINT('',(5.787564434702,42.563962,1.2));
#4219 = CARTESIAN_POINT('',(6.393782217351,43.613962,1.2));
#4220 = CARTESIAN_POINT('',(7.,44.663962,1.2));
#4221 = CARTESIAN_POINT('',(7.606217782649,43.613962,1.2));
#4222 = CARTESIAN_POINT('',(8.212435565298,42.563962,1.2));
#4223 = CARTESIAN_POINT('',(7.,42.563962,1.2));
#4224 = PCURVE('',#154,#4225);
#4225 = DEFINITIONAL_REPRESENTATION('',(#4226),#4234);
#4226 = ( BOUNDED_CURVE() B_SPLINE_CURVE(2,(#4227,#4228,#4229,#4230,
#4231,#4232,#4233),.UNSPECIFIED.,.T.,.F.) B_SPLINE_CURVE_WITH_KNOTS((3,2
    ,2,3),(0.,2.094395102393,4.188790204786,6.28318530718),
.PIECEWISE_BEZIER_KNOTS.) CURVE() GEOMETRIC_REPRESENTATION_ITEM() 
RATIONAL_B_SPLINE_CURVE((1.,0.5,1.,0.5,1.,0.5,1.)) REPRESENTATION_ITEM(
  '') );
#4227 = CARTESIAN_POINT('',(7.,42.563962));
#4228 = CARTESIAN_POINT('',(5.787564434702,42.563962));
#4229 = CARTESIAN_POINT('',(6.393782217351,43.613962));
#4230 = CARTESIAN_POINT('',(7.,44.663962));
#4231 = CARTESIAN_POINT('',(7.606217782649,43.613962));
#4232 = CARTESIAN_POINT('',(8.212435565298,42.563962));
#4233 = CARTESIAN_POINT('',(7.,42.563962));
#4234 = ( GEOMETRIC_REPRESENTATION_CONTEXT(2) 
PARAMETRIC_REPRESENTATION_CONTEXT() REPRESENTATION_CONTEXT('2D SPACE',''
  ) );
#4235 = PCURVE('',#982,#4236);
#4236 = DEFINITIONAL_REPRESENTATION('',(#4237),#4245);
#4237 = B_SPLINE_CURVE_WITH_KNOTS('',2,(#4238,#4239,#4240,#4241,#4242,
    #4243,#4244),.UNSPECIFIED.,.F.,.F.,(3,2,2,3),(0.,2.094395102393,
    4.188790204786,6.28318530718),.PIECEWISE_BEZIER_KNOTS.);
#4238 = CARTESIAN_POINT('',(0.,-1.121));
#4239 = CARTESIAN_POINT('',(1.047197551197,-1.121));
#4240 = CARTESIAN_POINT('',(2.094395102393,-1.121));
#4241 = CARTESIAN_POINT('',(3.14159265359,-1.121));
#4242 = CARTESIAN_POINT('',(4.188790204786,-1.121));
#4243 = CARTESIAN_POINT('',(5.235987755983,-1.121));
#4244 = CARTESIAN_POINT('',(6.28318530718,-1.121));
#4245 = ( GEOMETRIC_REPRESENTATION_CONTEXT(2) 
PARAMETRIC_REPRESENTATION_CONTEXT() REPRESENTATION_CONTEXT('2D SPACE',''
  ) );
#4246 = FACE_BOUND('',#4247,.T.);
#4247 = EDGE_LOOP('',(#4248));
#4248 = ORIENTED_EDGE('',*,*,#4249,.T.);
#4249 = EDGE_CURVE('',#4250,#4250,#4252,.T.);
#4250 = VERTEX_POINT('',#4251);
#4251 = CARTESIAN_POINT('',(10.5,40.063962,1.2));
#4252 = SURFACE_CURVE('',#4253,(#4261,#4272),.PCURVE_S1.);
#4253 = ( BOUNDED_CURVE() B_SPLINE_CURVE(2,(#4254,#4255,#4256,#4257,
#4258,#4259,#4260),.UNSPECIFIED.,.T.,.F.) B_SPLINE_CURVE_WITH_KNOTS((1,2
    ,2,2,2,1),(-2.094395102393,0.,2.094395102393,4.188790204786,
6.28318530718,8.377580409573),.UNSPECIFIED.) CURVE() 
GEOMETRIC_REPRESENTATION_ITEM() RATIONAL_B_SPLINE_CURVE((1.,0.5,1.,0.5,
1.,0.5,1.)) REPRESENTATION_ITEM('') );
#4254 = CARTESIAN_POINT('',(10.5,40.063962,1.2));
#4255 = CARTESIAN_POINT('',(9.287564434702,40.063962,1.2));
#4256 = CARTESIAN_POINT('',(9.893782217351,41.113962,1.2));
#4257 = CARTESIAN_POINT('',(10.5,42.163962,1.2));
#4258 = CARTESIAN_POINT('',(11.106217782649,41.113962,1.2));
#4259 = CARTESIAN_POINT('',(11.712435565298,40.063962,1.2));
#4260 = CARTESIAN_POINT('',(10.5,40.063962,1.2));
#4261 = PCURVE('',#154,#4262);
#4262 = DEFINITIONAL_REPRESENTATION('',(#4263),#4271);
#4263 = ( BOUNDED_CURVE() B_SPLINE_CURVE(2,(#4264,#4265,#4266,#4267,
#4268,#4269,#4270),.UNSPECIFIED.,.T.,.F.) B_SPLINE_CURVE_WITH_KNOTS((3,2
    ,2,3),(0.,2.094395102393,4.188790204786,6.28318530718),
.PIECEWISE_BEZIER_KNOTS.) CURVE() GEOMETRIC_REPRESENTATION_ITEM() 
RATIONAL_B_SPLINE_CURVE((1.,0.5,1.,0.5,1.,0.5,1.)) REPRESENTATION_ITEM(
  '') );
#4264 = CARTESIAN_POINT('',(10.5,40.063962));
#4265 = CARTESIAN_POINT('',(9.287564434702,40.063962));
#4266 = CARTESIAN_POINT('',(9.893782217351,41.113962));
#4267 = CARTESIAN_POINT('',(10.5,42.163962));
#4268 = CARTESIAN_POINT('',(11.106217782649,41.113962));
#4269 = CARTESIAN_POINT('',(11.712435565298,40.063962));
#4270 = CARTESIAN_POINT('',(10.5,40.063962));
#4271 = ( GEOMETRIC_REPRESENTATION_CONTEXT(2) 
PARAMETRIC_REPRESENTATION_CONTEXT() REPRESENTATION_CONTEXT('2D SPACE',''
  ) );
#4272 = PCURVE('',#1034,#4273);
#4273 = DEFINITIONAL_REPRESENTATION('',(#4274),#4282);
#4274 = B_SPLINE_CURVE_WITH_KNOTS('',2,(#4275,#4276,#4277,#4278,#4279,
    #4280,#4281),.UNSPECIFIED.,.F.,.F.,(3,2,2,3),(0.,2.094395102393,
    4.188790204786,6.28318530718),.PIECEWISE_BEZIER_KNOTS.);
#4275 = CARTESIAN_POINT('',(0.,-1.121));
#4276 = CARTESIAN_POINT('',(1.047197551197,-1.121));
#4277 = CARTESIAN_POINT('',(2.094395102393,-1.121));
#4278 = CARTESIAN_POINT('',(3.14159265359,-1.121));
#4279 = CARTESIAN_POINT('',(4.188790204786,-1.121));
#4280 = CARTESIAN_POINT('',(5.235987755983,-1.121));
#4281 = CARTESIAN_POINT('',(6.28318530718,-1.121));
#4282 = ( GEOMETRIC_REPRESENTATION_CONTEXT(2) 
PARAMETRIC_REPRESENTATION_CONTEXT() REPRESENTATION_CONTEXT('2D SPACE',''
  ) );
#4283 = FACE_BOUND('',#4284,.T.);
#4284 = EDGE_LOOP('',(#4285));
#4285 = ORIENTED_EDGE('',*,*,#4286,.T.);
#4286 = EDGE_CURVE('',#4287,#4287,#4289,.T.);
#4287 = VERTEX_POINT('',#4288);
#4288 = CARTESIAN_POINT('',(10.5,42.563962,1.2));
#4289 = SURFACE_CURVE('',#4290,(#4298,#4309),.PCURVE_S1.);
#4290 = ( BOUNDED_CURVE() B_SPLINE_CURVE(2,(#4291,#4292,#4293,#4294,
#4295,#4296,#4297),.UNSPECIFIED.,.T.,.F.) B_SPLINE_CURVE_WITH_KNOTS((1,2
    ,2,2,2,1),(-2.094395102393,0.,2.094395102393,4.188790204786,
6.28318530718,8.377580409573),.UNSPECIFIED.) CURVE() 
GEOMETRIC_REPRESENTATION_ITEM() RATIONAL_B_SPLINE_CURVE((1.,0.5,1.,0.5,
1.,0.5,1.)) REPRESENTATION_ITEM('') );
#4291 = CARTESIAN_POINT('',(10.5,42.563962,1.2));
#4292 = CARTESIAN_POINT('',(9.287564434702,42.563962,1.2));
#4293 = CARTESIAN_POINT('',(9.893782217351,43.613962,1.2));
#4294 = CARTESIAN_POINT('',(10.5,44.663962,1.2));
#4295 = CARTESIAN_POINT('',(11.106217782649,43.613962,1.2));
#4296 = CARTESIAN_POINT('',(11.712435565298,42.563962,1.2));
#4297 = CARTESIAN_POINT('',(10.5,42.563962,1.2));
#4298 = PCURVE('',#154,#4299);
#4299 = DEFINITIONAL_REPRESENTATION('',(#4300),#4308);
#4300 = ( BOUNDED_CURVE() B_SPLINE_CURVE(2,(#4301,#4302,#4303,#4304,
#4305,#4306,#4307),.UNSPECIFIED.,.T.,.F.) B_SPLINE_CURVE_WITH_KNOTS((3,2
    ,2,3),(0.,2.094395102393,4.188790204786,6.28318530718),
.PIECEWISE_BEZIER_KNOTS.) CURVE() GEOMETRIC_REPRESENTATION_ITEM() 
RATIONAL_B_SPLINE_CURVE((1.,0.5,1.,0.5,1.,0.5,1.)) REPRESENTATION_ITEM(
  '') );
#4301 = CARTESIAN_POINT('',(10.5,42.563962));
#4302 = CARTESIAN_POINT('',(9.287564434702,42.563962));
#4303 = CARTESIAN_POINT('',(9.893782217351,43.613962));
#4304 = CARTESIAN_POINT('',(10.5,44.663962));
#4305 = CARTESIAN_POINT('',(11.106217782649,43.613962));
#4306 = CARTESIAN_POINT('',(11.712435565298,42.563962));
#4307 = CARTESIAN_POINT('',(10.5,42.563962));
#4308 = ( GEOMETRIC_REPRESENTATION_CONTEXT(2) 
PARAMETRIC_REPRESENTATION_CONTEXT() REPRESENTATION_CONTEXT('2D SPACE',''
  ) );
#4309 = PCURVE('',#1086,#4310);
#4310 = DEFINITIONAL_REPRESENTATION('',(#4311),#4319);
#4311 = B_SPLINE_CURVE_WITH_KNOTS('',2,(#4312,#4313,#4314,#4315,#4316,
    #4317,#4318),.UNSPECIFIED.,.F.,.F.,(3,2,2,3),(0.,2.094395102393,
    4.188790204786,6.28318530718),.PIECEWISE_BEZIER_KNOTS.);
#4312 = CARTESIAN_POINT('',(0.,-1.121));
#4313 = CARTESIAN_POINT('',(1.047197551197,-1.121));
#4314 = CARTESIAN_POINT('',(2.094395102393,-1.121));
#4315 = CARTESIAN_POINT('',(3.14159265359,-1.121));
#4316 = CARTESIAN_POINT('',(4.188790204786,-1.121));
#4317 = CARTESIAN_POINT('',(5.235987755983,-1.121));
#4318 = CARTESIAN_POINT('',(6.28318530718,-1.121));
#4319 = ( GEOMETRIC_REPRESENTATION_CONTEXT(2) 
PARAMETRIC_REPRESENTATION_CONTEXT() REPRESENTATION_CONTEXT('2D SPACE',''
  ) );
#4320 = FACE_BOUND('',#4321,.T.);
#4321 = EDGE_LOOP('',(#4322));
#4322 = ORIENTED_EDGE('',*,*,#4323,.T.);
#4323 = EDGE_CURVE('',#4324,#4324,#4326,.T.);
#4324 = VERTEX_POINT('',#4325);
#4325 = CARTESIAN_POINT('',(16.3,40.063962,1.2));
#4326 = SURFACE_CURVE('',#4327,(#4335,#4346),.PCURVE_S1.);
#4327 = ( BOUNDED_CURVE() B_SPLINE_CURVE(2,(#4328,#4329,#4330,#4331,
#4332,#4333,#4334),.UNSPECIFIED.,.T.,.F.) B_SPLINE_CURVE_WITH_KNOTS((1,2
    ,2,2,2,1),(-2.094395102393,0.,2.094395102393,4.188790204786,
6.28318530718,8.377580409573),.UNSPECIFIED.) CURVE() 
GEOMETRIC_REPRESENTATION_ITEM() RATIONAL_B_SPLINE_CURVE((1.,0.5,1.,0.5,
1.,0.5,1.)) REPRESENTATION_ITEM('') );
#4328 = CARTESIAN_POINT('',(16.3,40.063962,1.2));
#4329 = CARTESIAN_POINT('',(15.087564434702,40.063962,1.2));
#4330 = CARTESIAN_POINT('',(15.693782217351,41.113962,1.2));
#4331 = CARTESIAN_POINT('',(16.3,42.163962,1.2));
#4332 = CARTESIAN_POINT('',(16.906217782649,41.113962,1.2));
#4333 = CARTESIAN_POINT('',(17.512435565298,40.063962,1.2));
#4334 = CARTESIAN_POINT('',(16.3,40.063962,1.2));
#4335 = PCURVE('',#154,#4336);
#4336 = DEFINITIONAL_REPRESENTATION('',(#4337),#4345);
#4337 = ( BOUNDED_CURVE() B_SPLINE_CURVE(2,(#4338,#4339,#4340,#4341,
#4342,#4343,#4344),.UNSPECIFIED.,.T.,.F.) B_SPLINE_CURVE_WITH_KNOTS((3,2
    ,2,3),(0.,2.094395102393,4.188790204786,6.28318530718),
.PIECEWISE_BEZIER_KNOTS.) CURVE() GEOMETRIC_REPRESENTATION_ITEM() 
RATIONAL_B_SPLINE_CURVE((1.,0.5,1.,0.5,1.,0.5,1.)) REPRESENTATION_ITEM(
  '') );
#4338 = CARTESIAN_POINT('',(16.3,40.063962));
#4339 = CARTESIAN_POINT('',(15.087564434702,40.063962));
#4340 = CARTESIAN_POINT('',(15.693782217351,41.113962));
#4341 = CARTESIAN_POINT('',(16.3,42.163962));
#4342 = CARTESIAN_POINT('',(16.906217782649,41.113962));
#4343 = CARTESIAN_POINT('',(17.512435565298,40.063962));
#4344 = CARTESIAN_POINT('',(16.3,40.063962));
#4345 = ( GEOMETRIC_REPRESENTATION_CONTEXT(2) 
PARAMETRIC_REPRESENTATION_CONTEXT() REPRESENTATION_CONTEXT('2D SPACE',''
  ) );
#4346 = PCURVE('',#1138,#4347);
#4347 = DEFINITIONAL_REPRESENTATION('',(#4348),#4356);
#4348 = B_SPLINE_CURVE_WITH_KNOTS('',2,(#4349,#4350,#4351,#4352,#4353,
    #4354,#4355),.UNSPECIFIED.,.F.,.F.,(3,2,2,3),(0.,2.094395102393,
    4.188790204786,6.28318530718),.PIECEWISE_BEZIER_KNOTS.);
#4349 = CARTESIAN_POINT('',(0.,-1.121));
#4350 = CARTESIAN_POINT('',(1.047197551197,-1.121));
#4351 = CARTESIAN_POINT('',(2.094395102393,-1.121));
#4352 = CARTESIAN_POINT('',(3.14159265359,-1.121));
#4353 = CARTESIAN_POINT('',(4.188790204786,-1.121));
#4354 = CARTESIAN_POINT('',(5.235987755983,-1.121));
#4355 = CARTESIAN_POINT('',(6.28318530718,-1.121));
#4356 = ( GEOMETRIC_REPRESENTATION_CONTEXT(2) 
PARAMETRIC_REPRESENTATION_CONTEXT() REPRESENTATION_CONTEXT('2D SPACE',''
  ) );
#4357 = FACE_BOUND('',#4358,.T.);
#4358 = EDGE_LOOP('',(#4359));
#4359 = ORIENTED_EDGE('',*,*,#4360,.T.);
#4360 = EDGE_CURVE('',#4361,#4361,#4363,.T.);
#4361 = VERTEX_POINT('',#4362);
#4362 = CARTESIAN_POINT('',(13.4,40.813962,1.2));
#4363 = SURFACE_CURVE('',#4364,(#4372,#4383),.PCURVE_S1.);
#4364 = ( BOUNDED_CURVE() B_SPLINE_CURVE(2,(#4365,#4366,#4367,#4368,
#4369,#4370,#4371),.UNSPECIFIED.,.T.,.F.) B_SPLINE_CURVE_WITH_KNOTS((1,2
    ,2,2,2,1),(-2.094395102393,0.,2.094395102393,4.188790204786,
6.28318530718,8.377580409573),.UNSPECIFIED.) CURVE() 
GEOMETRIC_REPRESENTATION_ITEM() RATIONAL_B_SPLINE_CURVE((1.,0.5,1.,0.5,
1.,0.5,1.)) REPRESENTATION_ITEM('') );
#4365 = CARTESIAN_POINT('',(13.4,40.813962,1.2));
#4366 = CARTESIAN_POINT('',(11.321539030917,40.813962,1.2));
#4367 = CARTESIAN_POINT('',(12.360769515459,42.613962,1.2));
#4368 = CARTESIAN_POINT('',(13.4,44.413962,1.2));
#4369 = CARTESIAN_POINT('',(14.439230484541,42.613962,1.2));
#4370 = CARTESIAN_POINT('',(15.478460969083,40.813962,1.2));
#4371 = CARTESIAN_POINT('',(13.4,40.813962,1.2));
#4372 = PCURVE('',#154,#4373);
#4373 = DEFINITIONAL_REPRESENTATION('',(#4374),#4382);
#4374 = ( BOUNDED_CURVE() B_SPLINE_CURVE(2,(#4375,#4376,#4377,#4378,
#4379,#4380,#4381),.UNSPECIFIED.,.T.,.F.) B_SPLINE_CURVE_WITH_KNOTS((3,2
    ,2,3),(0.,2.094395102393,4.188790204786,6.28318530718),
.PIECEWISE_BEZIER_KNOTS.) CURVE() GEOMETRIC_REPRESENTATION_ITEM() 
RATIONAL_B_SPLINE_CURVE((1.,0.5,1.,0.5,1.,0.5,1.)) REPRESENTATION_ITEM(
  '') );
#4375 = CARTESIAN_POINT('',(13.4,40.813962));
#4376 = CARTESIAN_POINT('',(11.321539030917,40.813962));
#4377 = CARTESIAN_POINT('',(12.360769515459,42.613962));
#4378 = CARTESIAN_POINT('',(13.4,44.413962));
#4379 = CARTESIAN_POINT('',(14.439230484541,42.613962));
#4380 = CARTESIAN_POINT('',(15.478460969083,40.813962));
#4381 = CARTESIAN_POINT('',(13.4,40.813962));
#4382 = ( GEOMETRIC_REPRESENTATION_CONTEXT(2) 
PARAMETRIC_REPRESENTATION_CONTEXT() REPRESENTATION_CONTEXT('2D SPACE',''
  ) );
#4383 = PCURVE('',#1190,#4384);
#4384 = DEFINITIONAL_REPRESENTATION('',(#4385),#4393);
#4385 = B_SPLINE_CURVE_WITH_KNOTS('',2,(#4386,#4387,#4388,#4389,#4390,
    #4391,#4392),.UNSPECIFIED.,.F.,.F.,(3,2,2,3),(0.,2.094395102393,
    4.188790204786,6.28318530718),.PIECEWISE_BEZIER_KNOTS.);
#4386 = CARTESIAN_POINT('',(0.,-1.121));
#4387 = CARTESIAN_POINT('',(1.047197551197,-1.121));
#4388 = CARTESIAN_POINT('',(2.094395102393,-1.121));
#4389 = CARTESIAN_POINT('',(3.14159265359,-1.121));
#4390 = CARTESIAN_POINT('',(4.188790204786,-1.121));
#4391 = CARTESIAN_POINT('',(5.235987755983,-1.121));
#4392 = CARTESIAN_POINT('',(6.28318530718,-1.121));
#4393 = ( GEOMETRIC_REPRESENTATION_CONTEXT(2) 
PARAMETRIC_REPRESENTATION_CONTEXT() REPRESENTATION_CONTEXT('2D SPACE',''
  ) );
#4394 = FACE_BOUND('',#4395,.T.);
#4395 = EDGE_LOOP('',(#4396));
#4396 = ORIENTED_EDGE('',*,*,#4397,.T.);
#4397 = EDGE_CURVE('',#4398,#4398,#4400,.T.);
#4398 = VERTEX_POINT('',#4399);
#4399 = CARTESIAN_POINT('',(16.3,42.563962,1.2));
#4400 = SURFACE_CURVE('',#4401,(#4409,#4420),.PCURVE_S1.);
#4401 = ( BOUNDED_CURVE() B_SPLINE_CURVE(2,(#4402,#4403,#4404,#4405,
#4406,#4407,#4408),.UNSPECIFIED.,.T.,.F.) B_SPLINE_CURVE_WITH_KNOTS((1,2
    ,2,2,2,1),(-2.094395102393,0.,2.094395102393,4.188790204786,
6.28318530718,8.377580409573),.UNSPECIFIED.) CURVE() 
GEOMETRIC_REPRESENTATION_ITEM() RATIONAL_B_SPLINE_CURVE((1.,0.5,1.,0.5,
1.,0.5,1.)) REPRESENTATION_ITEM('') );
#4402 = CARTESIAN_POINT('',(16.3,42.563962,1.2));
#4403 = CARTESIAN_POINT('',(15.087564434702,42.563962,1.2));
#4404 = CARTESIAN_POINT('',(15.693782217351,43.613962,1.2));
#4405 = CARTESIAN_POINT('',(16.3,44.663962,1.2));
#4406 = CARTESIAN_POINT('',(16.906217782649,43.613962,1.2));
#4407 = CARTESIAN_POINT('',(17.512435565298,42.563962,1.2));
#4408 = CARTESIAN_POINT('',(16.3,42.563962,1.2));
#4409 = PCURVE('',#154,#4410);
#4410 = DEFINITIONAL_REPRESENTATION('',(#4411),#4419);
#4411 = ( BOUNDED_CURVE() B_SPLINE_CURVE(2,(#4412,#4413,#4414,#4415,
#4416,#4417,#4418),.UNSPECIFIED.,.T.,.F.) B_SPLINE_CURVE_WITH_KNOTS((3,2
    ,2,3),(0.,2.094395102393,4.188790204786,6.28318530718),
.PIECEWISE_BEZIER_KNOTS.) CURVE() GEOMETRIC_REPRESENTATION_ITEM() 
RATIONAL_B_SPLINE_CURVE((1.,0.5,1.,0.5,1.,0.5,1.)) REPRESENTATION_ITEM(
  '') );
#4412 = CARTESIAN_POINT('',(16.3,42.563962));
#4413 = CARTESIAN_POINT('',(15.087564434702,42.563962));
#4414 = CARTESIAN_POINT('',(15.693782217351,43.613962));
#4415 = CARTESIAN_POINT('',(16.3,44.663962));
#4416 = CARTESIAN_POINT('',(16.906217782649,43.613962));
#4417 = CARTESIAN_POINT('',(17.512435565298,42.563962));
#4418 = CARTESIAN_POINT('',(16.3,42.563962));
#4419 = ( GEOMETRIC_REPRESENTATION_CONTEXT(2) 
PARAMETRIC_REPRESENTATION_CONTEXT() REPRESENTATION_CONTEXT('2D SPACE',''
  ) );
#4420 = PCURVE('',#1242,#4421);
#4421 = DEFINITIONAL_REPRESENTATION('',(#4422),#4430);
#4422 = B_SPLINE_CURVE_WITH_KNOTS('',2,(#4423,#4424,#4425,#4426,#4427,
    #4428,#4429),.UNSPECIFIED.,.F.,.F.,(3,2,2,3),(0.,2.094395102393,
    4.188790204786,6.28318530718),.PIECEWISE_BEZIER_KNOTS.);
#4423 = CARTESIAN_POINT('',(0.,-1.121));
#4424 = CARTESIAN_POINT('',(1.047197551197,-1.121));
#4425 = CARTESIAN_POINT('',(2.094395102393,-1.121));
#4426 = CARTESIAN_POINT('',(3.14159265359,-1.121));
#4427 = CARTESIAN_POINT('',(4.188790204786,-1.121));
#4428 = CARTESIAN_POINT('',(5.235987755983,-1.121));
#4429 = CARTESIAN_POINT('',(6.28318530718,-1.121));
#4430 = ( GEOMETRIC_REPRESENTATION_CONTEXT(2) 
PARAMETRIC_REPRESENTATION_CONTEXT() REPRESENTATION_CONTEXT('2D SPACE',''
  ) );
#4431 = FACE_BOUND('',#4432,.T.);
#4432 = EDGE_LOOP('',(#4433));
#4433 = ORIENTED_EDGE('',*,*,#4434,.T.);
#4434 = EDGE_CURVE('',#4435,#4435,#4437,.T.);
#4435 = VERTEX_POINT('',#4436);
#4436 = CARTESIAN_POINT('',(19.8,40.063962,1.2));
#4437 = SURFACE_CURVE('',#4438,(#4446,#4457),.PCURVE_S1.);
#4438 = ( BOUNDED_CURVE() B_SPLINE_CURVE(2,(#4439,#4440,#4441,#4442,
#4443,#4444,#4445),.UNSPECIFIED.,.T.,.F.) B_SPLINE_CURVE_WITH_KNOTS((1,2
    ,2,2,2,1),(-2.094395102393,0.,2.094395102393,4.188790204786,
6.28318530718,8.377580409573),.UNSPECIFIED.) CURVE() 
GEOMETRIC_REPRESENTATION_ITEM() RATIONAL_B_SPLINE_CURVE((1.,0.5,1.,0.5,
1.,0.5,1.)) REPRESENTATION_ITEM('') );
#4439 = CARTESIAN_POINT('',(19.8,40.063962,1.2));
#4440 = CARTESIAN_POINT('',(18.587564434702,40.063962,1.2));
#4441 = CARTESIAN_POINT('',(19.193782217351,41.113962,1.2));
#4442 = CARTESIAN_POINT('',(19.8,42.163962,1.2));
#4443 = CARTESIAN_POINT('',(20.406217782649,41.113962,1.2));
#4444 = CARTESIAN_POINT('',(21.012435565298,40.063962,1.2));
#4445 = CARTESIAN_POINT('',(19.8,40.063962,1.2));
#4446 = PCURVE('',#154,#4447);
#4447 = DEFINITIONAL_REPRESENTATION('',(#4448),#4456);
#4448 = ( BOUNDED_CURVE() B_SPLINE_CURVE(2,(#4449,#4450,#4451,#4452,
#4453,#4454,#4455),.UNSPECIFIED.,.T.,.F.) B_SPLINE_CURVE_WITH_KNOTS((3,2
    ,2,3),(0.,2.094395102393,4.188790204786,6.28318530718),
.PIECEWISE_BEZIER_KNOTS.) CURVE() GEOMETRIC_REPRESENTATION_ITEM() 
RATIONAL_B_SPLINE_CURVE((1.,0.5,1.,0.5,1.,0.5,1.)) REPRESENTATION_ITEM(
  '') );
#4449 = CARTESIAN_POINT('',(19.8,40.063962));
#4450 = CARTESIAN_POINT('',(18.587564434702,40.063962));
#4451 = CARTESIAN_POINT('',(19.193782217351,41.113962));
#4452 = CARTESIAN_POINT('',(19.8,42.163962));
#4453 = CARTESIAN_POINT('',(20.406217782649,41.113962));
#4454 = CARTESIAN_POINT('',(21.012435565298,40.063962));
#4455 = CARTESIAN_POINT('',(19.8,40.063962));
#4456 = ( GEOMETRIC_REPRESENTATION_CONTEXT(2) 
PARAMETRIC_REPRESENTATION_CONTEXT() REPRESENTATION_CONTEXT('2D SPACE',''
  ) );
#4457 = PCURVE('',#1294,#4458);
#4458 = DEFINITIONAL_REPRESENTATION('',(#4459),#4467);
#4459 = B_SPLINE_CURVE_WITH_KNOTS('',2,(#4460,#4461,#4462,#4463,#4464,
    #4465,#4466),.UNSPECIFIED.,.F.,.F.,(3,2,2,3),(0.,2.094395102393,
    4.188790204786,6.28318530718),.PIECEWISE_BEZIER_KNOTS.);
#4460 = CARTESIAN_POINT('',(0.,-1.121));
#4461 = CARTESIAN_POINT('',(1.047197551197,-1.121));
#4462 = CARTESIAN_POINT('',(2.094395102393,-1.121));
#4463 = CARTESIAN_POINT('',(3.14159265359,-1.121));
#4464 = CARTESIAN_POINT('',(4.188790204786,-1.121));
#4465 = CARTESIAN_POINT('',(5.235987755983,-1.121));
#4466 = CARTESIAN_POINT('',(6.28318530718,-1.121));
#4467 = ( GEOMETRIC_REPRESENTATION_CONTEXT(2) 
PARAMETRIC_REPRESENTATION_CONTEXT() REPRESENTATION_CONTEXT('2D SPACE',''
  ) );
#4468 = FACE_BOUND('',#4469,.T.);
#4469 = EDGE_LOOP('',(#4470));
#4470 = ORIENTED_EDGE('',*,*,#4471,.T.);
#4471 = EDGE_CURVE('',#4472,#4472,#4474,.T.);
#4472 = VERTEX_POINT('',#4473);
#4473 = CARTESIAN_POINT('',(19.8,42.563962,1.2));
#4474 = SURFACE_CURVE('',#4475,(#4483,#4494),.PCURVE_S1.);
#4475 = ( BOUNDED_CURVE() B_SPLINE_CURVE(2,(#4476,#4477,#4478,#4479,
#4480,#4481,#4482),.UNSPECIFIED.,.T.,.F.) B_SPLINE_CURVE_WITH_KNOTS((1,2
    ,2,2,2,1),(-2.094395102393,0.,2.094395102393,4.188790204786,
6.28318530718,8.377580409573),.UNSPECIFIED.) CURVE() 
GEOMETRIC_REPRESENTATION_ITEM() RATIONAL_B_SPLINE_CURVE((1.,0.5,1.,0.5,
1.,0.5,1.)) REPRESENTATION_ITEM('') );
#4476 = CARTESIAN_POINT('',(19.8,42.563962,1.2));
#4477 = CARTESIAN_POINT('',(18.587564434702,42.563962,1.2));
#4478 = CARTESIAN_POINT('',(19.193782217351,43.613962,1.2));
#4479 = CARTESIAN_POINT('',(19.8,44.663962,1.2));
#4480 = CARTESIAN_POINT('',(20.406217782649,43.613962,1.2));
#4481 = CARTESIAN_POINT('',(21.012435565298,42.563962,1.2));
#4482 = CARTESIAN_POINT('',(19.8,42.563962,1.2));
#4483 = PCURVE('',#154,#4484);
#4484 = DEFINITIONAL_REPRESENTATION('',(#4485),#4493);
#4485 = ( BOUNDED_CURVE() B_SPLINE_CURVE(2,(#4486,#4487,#4488,#4489,
#4490,#4491,#4492),.UNSPECIFIED.,.T.,.F.) B_SPLINE_CURVE_WITH_KNOTS((3,2
    ,2,3),(0.,2.094395102393,4.188790204786,6.28318530718),
.PIECEWISE_BEZIER_KNOTS.) CURVE() GEOMETRIC_REPRESENTATION_ITEM() 
RATIONAL_B_SPLINE_CURVE((1.,0.5,1.,0.5,1.,0.5,1.)) REPRESENTATION_ITEM(
  '') );
#4486 = CARTESIAN_POINT('',(19.8,42.563962));
#4487 = CARTESIAN_POINT('',(18.587564434702,42.563962));
#4488 = CARTESIAN_POINT('',(19.193782217351,43.613962));
#4489 = CARTESIAN_POINT('',(19.8,44.663962));
#4490 = CARTESIAN_POINT('',(20.406217782649,43.613962));
#4491 = CARTESIAN_POINT('',(21.012435565298,42.563962));
#4492 = CARTESIAN_POINT('',(19.8,42.563962));
#4493 = ( GEOMETRIC_REPRESENTATION_CONTEXT(2) 
PARAMETRIC_REPRESENTATION_CONTEXT() REPRESENTATION_CONTEXT('2D SPACE',''
  ) );
#4494 = PCURVE('',#1346,#4495);
#4495 = DEFINITIONAL_REPRESENTATION('',(#4496),#4504);
#4496 = B_SPLINE_CURVE_WITH_KNOTS('',2,(#4497,#4498,#4499,#4500,#4501,
    #4502,#4503),.UNSPECIFIED.,.F.,.F.,(3,2,2,3),(0.,2.094395102393,
    4.188790204786,6.28318530718),.PIECEWISE_BEZIER_KNOTS.);
#4497 = CARTESIAN_POINT('',(0.,-1.121));
#4498 = CARTESIAN_POINT('',(1.047197551197,-1.121));
#4499 = CARTESIAN_POINT('',(2.094395102393,-1.121));
#4500 = CARTESIAN_POINT('',(3.14159265359,-1.121));
#4501 = CARTESIAN_POINT('',(4.188790204786,-1.121));
#4502 = CARTESIAN_POINT('',(5.235987755983,-1.121));
#4503 = CARTESIAN_POINT('',(6.28318530718,-1.121));
#4504 = ( GEOMETRIC_REPRESENTATION_CONTEXT(2) 
PARAMETRIC_REPRESENTATION_CONTEXT() REPRESENTATION_CONTEXT('2D SPACE',''
  ) );
#4505 = FACE_BOUND('',#4506,.T.);
#4506 = EDGE_LOOP('',(#4507));
#4507 = ORIENTED_EDGE('',*,*,#4508,.T.);
#4508 = EDGE_CURVE('',#4509,#4509,#4511,.T.);
#4509 = VERTEX_POINT('',#4510);
#4510 = CARTESIAN_POINT('',(35.98,11.413962,1.2));
#4511 = SURFACE_CURVE('',#4512,(#4520,#4531),.PCURVE_S1.);
#4512 = ( BOUNDED_CURVE() B_SPLINE_CURVE(2,(#4513,#4514,#4515,#4516,
#4517,#4518,#4519),.UNSPECIFIED.,.T.,.F.) B_SPLINE_CURVE_WITH_KNOTS((1,2
    ,2,2,2,1),(-2.094395102393,0.,2.094395102393,4.188790204786,
6.28318530718,8.377580409573),.UNSPECIFIED.) CURVE() 
GEOMETRIC_REPRESENTATION_ITEM() RATIONAL_B_SPLINE_CURVE((1.,0.5,1.,0.5,
1.,0.5,1.)) REPRESENTATION_ITEM('') );
#4513 = CARTESIAN_POINT('',(35.98,11.413962,1.2));
#4514 = CARTESIAN_POINT('',(34.507756813566,11.413962,1.2));
#4515 = CARTESIAN_POINT('',(35.243878406783,12.688962,1.2));
#4516 = CARTESIAN_POINT('',(35.98,13.963962,1.2));
#4517 = CARTESIAN_POINT('',(36.716121593217,12.688962,1.2));
#4518 = CARTESIAN_POINT('',(37.452243186434,11.413962,1.2));
#4519 = CARTESIAN_POINT('',(35.98,11.413962,1.2));
#4520 = PCURVE('',#154,#4521);
#4521 = DEFINITIONAL_REPRESENTATION('',(#4522),#4530);
#4522 = ( BOUNDED_CURVE() B_SPLINE_CURVE(2,(#4523,#4524,#4525,#4526,
#4527,#4528,#4529),.UNSPECIFIED.,.T.,.F.) B_SPLINE_CURVE_WITH_KNOTS((3,2
    ,2,3),(0.,2.094395102393,4.188790204786,6.28318530718),
.PIECEWISE_BEZIER_KNOTS.) CURVE() GEOMETRIC_REPRESENTATION_ITEM() 
RATIONAL_B_SPLINE_CURVE((1.,0.5,1.,0.5,1.,0.5,1.)) REPRESENTATION_ITEM(
  '') );
#4523 = CARTESIAN_POINT('',(35.98,11.413962));
#4524 = CARTESIAN_POINT('',(34.507756813566,11.413962));
#4525 = CARTESIAN_POINT('',(35.243878406783,12.688962));
#4526 = CARTESIAN_POINT('',(35.98,13.963962));
#4527 = CARTESIAN_POINT('',(36.716121593217,12.688962));
#4528 = CARTESIAN_POINT('',(37.452243186434,11.413962));
#4529 = CARTESIAN_POINT('',(35.98,11.413962));
#4530 = ( GEOMETRIC_REPRESENTATION_CONTEXT(2) 
PARAMETRIC_REPRESENTATION_CONTEXT() REPRESENTATION_CONTEXT('2D SPACE',''
  ) );
#4531 = PCURVE('',#1398,#4532);
#4532 = DEFINITIONAL_REPRESENTATION('',(#4533),#4541);
#4533 = B_SPLINE_CURVE_WITH_KNOTS('',2,(#4534,#4535,#4536,#4537,#4538,
    #4539,#4540),.UNSPECIFIED.,.F.,.F.,(3,2,2,3),(0.,2.094395102393,
    4.188790204786,6.28318530718),.UNSPECIFIED.);
#4534 = CARTESIAN_POINT('',(0.,-1.121));
#4535 = CARTESIAN_POINT('',(1.047197551197,-1.121));
#4536 = CARTESIAN_POINT('',(2.094395102393,-1.121));
#4537 = CARTESIAN_POINT('',(3.14159265359,-1.121));
#4538 = CARTESIAN_POINT('',(4.188790204786,-1.121));
#4539 = CARTESIAN_POINT('',(5.235987755983,-1.121));
#4540 = CARTESIAN_POINT('',(6.28318530718,-1.121));
#4541 = ( GEOMETRIC_REPRESENTATION_CONTEXT(2) 
PARAMETRIC_REPRESENTATION_CONTEXT() REPRESENTATION_CONTEXT('2D SPACE',''
  ) );
#4542 = FACE_BOUND('',#4543,.T.);
#4543 = EDGE_LOOP('',(#4544));
#4544 = ORIENTED_EDGE('',*,*,#4545,.T.);
#4545 = EDGE_CURVE('',#4546,#4546,#4548,.T.);
#4546 = VERTEX_POINT('',#4547);
#4547 = CARTESIAN_POINT('',(34.,19.813962,1.2));
#4548 = SURFACE_CURVE('',#4549,(#4557,#4568),.PCURVE_S1.);
#4549 = ( BOUNDED_CURVE() B_SPLINE_CURVE(2,(#4550,#4551,#4552,#4553,
#4554,#4555,#4556),.UNSPECIFIED.,.T.,.F.) B_SPLINE_CURVE_WITH_KNOTS((1,2
    ,2,2,2,1),(-2.094395102393,0.,2.094395102393,4.188790204786,
6.28318530718,8.377580409573),.UNSPECIFIED.) CURVE() 
GEOMETRIC_REPRESENTATION_ITEM() RATIONAL_B_SPLINE_CURVE((1.,0.5,1.,0.5,
1.,0.5,1.)) REPRESENTATION_ITEM('') );
#4550 = CARTESIAN_POINT('',(34.,19.813962,1.2));
#4551 = CARTESIAN_POINT('',(31.921539030917,19.813962,1.2));
#4552 = CARTESIAN_POINT('',(32.960769515459,21.613962,1.2));
#4553 = CARTESIAN_POINT('',(34.,23.413962,1.2));
#4554 = CARTESIAN_POINT('',(35.039230484541,21.613962,1.2));
#4555 = CARTESIAN_POINT('',(36.078460969083,19.813962,1.2));
#4556 = CARTESIAN_POINT('',(34.,19.813962,1.2));
#4557 = PCURVE('',#154,#4558);
#4558 = DEFINITIONAL_REPRESENTATION('',(#4559),#4567);
#4559 = ( BOUNDED_CURVE() B_SPLINE_CURVE(2,(#4560,#4561,#4562,#4563,
#4564,#4565,#4566),.UNSPECIFIED.,.T.,.F.) B_SPLINE_CURVE_WITH_KNOTS((3,2
    ,2,3),(0.,2.094395102393,4.188790204786,6.28318530718),
.PIECEWISE_BEZIER_KNOTS.) CURVE() GEOMETRIC_REPRESENTATION_ITEM() 
RATIONAL_B_SPLINE_CURVE((1.,0.5,1.,0.5,1.,0.5,1.)) REPRESENTATION_ITEM(
  '') );
#4560 = CARTESIAN_POINT('',(34.,19.813962));
#4561 = CARTESIAN_POINT('',(31.921539030917,19.813962));
#4562 = CARTESIAN_POINT('',(32.960769515459,21.613962));
#4563 = CARTESIAN_POINT('',(34.,23.413962));
#4564 = CARTESIAN_POINT('',(35.039230484541,21.613962));
#4565 = CARTESIAN_POINT('',(36.078460969083,19.813962));
#4566 = CARTESIAN_POINT('',(34.,19.813962));
#4567 = ( GEOMETRIC_REPRESENTATION_CONTEXT(2) 
PARAMETRIC_REPRESENTATION_CONTEXT() REPRESENTATION_CONTEXT('2D SPACE',''
  ) );
#4568 = PCURVE('',#1450,#4569);
#4569 = DEFINITIONAL_REPRESENTATION('',(#4570),#4578);
#4570 = B_SPLINE_CURVE_WITH_KNOTS('',2,(#4571,#4572,#4573,#4574,#4575,
    #4576,#4577),.UNSPECIFIED.,.F.,.F.,(3,2,2,3),(0.,2.094395102393,
    4.188790204786,6.28318530718),.PIECEWISE_BEZIER_KNOTS.);
#4571 = CARTESIAN_POINT('',(0.,-1.121));
#4572 = CARTESIAN_POINT('',(1.047197551197,-1.121));
#4573 = CARTESIAN_POINT('',(2.094395102393,-1.121));
#4574 = CARTESIAN_POINT('',(3.14159265359,-1.121));
#4575 = CARTESIAN_POINT('',(4.188790204786,-1.121));
#4576 = CARTESIAN_POINT('',(5.235987755983,-1.121));
#4577 = CARTESIAN_POINT('',(6.28318530718,-1.121));
#4578 = ( GEOMETRIC_REPRESENTATION_CONTEXT(2) 
PARAMETRIC_REPRESENTATION_CONTEXT() REPRESENTATION_CONTEXT('2D SPACE',''
  ) );
#4579 = FACE_BOUND('',#4580,.T.);
#4580 = EDGE_LOOP('',(#4581));
#4581 = ORIENTED_EDGE('',*,*,#4582,.T.);
#4582 = EDGE_CURVE('',#4583,#4583,#4585,.T.);
#4583 = VERTEX_POINT('',#4584);
#4584 = CARTESIAN_POINT('',(36.9,19.063962,1.2));
#4585 = SURFACE_CURVE('',#4586,(#4594,#4605),.PCURVE_S1.);
#4586 = ( BOUNDED_CURVE() B_SPLINE_CURVE(2,(#4587,#4588,#4589,#4590,
#4591,#4592,#4593),.UNSPECIFIED.,.T.,.F.) B_SPLINE_CURVE_WITH_KNOTS((1,2
    ,2,2,2,1),(-2.094395102393,0.,2.094395102393,4.188790204786,
6.28318530718,8.377580409573),.UNSPECIFIED.) CURVE() 
GEOMETRIC_REPRESENTATION_ITEM() RATIONAL_B_SPLINE_CURVE((1.,0.5,1.,0.5,
1.,0.5,1.)) REPRESENTATION_ITEM('') );
#4587 = CARTESIAN_POINT('',(36.9,19.063962,1.2));
#4588 = CARTESIAN_POINT('',(35.687564434702,19.063962,1.2));
#4589 = CARTESIAN_POINT('',(36.293782217351,20.113962,1.2));
#4590 = CARTESIAN_POINT('',(36.9,21.163962,1.2));
#4591 = CARTESIAN_POINT('',(37.506217782649,20.113962,1.2));
#4592 = CARTESIAN_POINT('',(38.112435565298,19.063962,1.2));
#4593 = CARTESIAN_POINT('',(36.9,19.063962,1.2));
#4594 = PCURVE('',#154,#4595);
#4595 = DEFINITIONAL_REPRESENTATION('',(#4596),#4604);
#4596 = ( BOUNDED_CURVE() B_SPLINE_CURVE(2,(#4597,#4598,#4599,#4600,
#4601,#4602,#4603),.UNSPECIFIED.,.T.,.F.) B_SPLINE_CURVE_WITH_KNOTS((3,2
    ,2,3),(0.,2.094395102393,4.188790204786,6.28318530718),
.PIECEWISE_BEZIER_KNOTS.) CURVE() GEOMETRIC_REPRESENTATION_ITEM() 
RATIONAL_B_SPLINE_CURVE((1.,0.5,1.,0.5,1.,0.5,1.)) REPRESENTATION_ITEM(
  '') );
#4597 = CARTESIAN_POINT('',(36.9,19.063962));
#4598 = CARTESIAN_POINT('',(35.687564434702,19.063962));
#4599 = CARTESIAN_POINT('',(36.293782217351,20.113962));
#4600 = CARTESIAN_POINT('',(36.9,21.163962));
#4601 = CARTESIAN_POINT('',(37.506217782649,20.113962));
#4602 = CARTESIAN_POINT('',(38.112435565298,19.063962));
#4603 = CARTESIAN_POINT('',(36.9,19.063962));
#4604 = ( GEOMETRIC_REPRESENTATION_CONTEXT(2) 
PARAMETRIC_REPRESENTATION_CONTEXT() REPRESENTATION_CONTEXT('2D SPACE',''
  ) );
#4605 = PCURVE('',#1502,#4606);
#4606 = DEFINITIONAL_REPRESENTATION('',(#4607),#4615);
#4607 = B_SPLINE_CURVE_WITH_KNOTS('',2,(#4608,#4609,#4610,#4611,#4612,
    #4613,#4614),.UNSPECIFIED.,.F.,.F.,(3,2,2,3),(0.,2.094395102393,
    4.188790204786,6.28318530718),.PIECEWISE_BEZIER_KNOTS.);
#4608 = CARTESIAN_POINT('',(0.,-1.121));
#4609 = CARTESIAN_POINT('',(1.047197551197,-1.121));
#4610 = CARTESIAN_POINT('',(2.094395102393,-1.121));
#4611 = CARTESIAN_POINT('',(3.14159265359,-1.121));
#4612 = CARTESIAN_POINT('',(4.188790204786,-1.121));
#4613 = CARTESIAN_POINT('',(5.235987755983,-1.121));
#4614 = CARTESIAN_POINT('',(6.28318530718,-1.121));
#4615 = ( GEOMETRIC_REPRESENTATION_CONTEXT(2) 
PARAMETRIC_REPRESENTATION_CONTEXT() REPRESENTATION_CONTEXT('2D SPACE',''
  ) );
#4616 = FACE_BOUND('',#4617,.T.);
#4617 = EDGE_LOOP('',(#4618));
#4618 = ORIENTED_EDGE('',*,*,#4619,.T.);
#4619 = EDGE_CURVE('',#4620,#4620,#4622,.T.);
#4620 = VERTEX_POINT('',#4621);
#4621 = CARTESIAN_POINT('',(36.9,21.563962,1.2));
#4622 = SURFACE_CURVE('',#4623,(#4631,#4642),.PCURVE_S1.);
#4623 = ( BOUNDED_CURVE() B_SPLINE_CURVE(2,(#4624,#4625,#4626,#4627,
#4628,#4629,#4630),.UNSPECIFIED.,.T.,.F.) B_SPLINE_CURVE_WITH_KNOTS((1,2
    ,2,2,2,1),(-2.094395102393,0.,2.094395102393,4.188790204786,
6.28318530718,8.377580409573),.UNSPECIFIED.) CURVE() 
GEOMETRIC_REPRESENTATION_ITEM() RATIONAL_B_SPLINE_CURVE((1.,0.5,1.,0.5,
1.,0.5,1.)) REPRESENTATION_ITEM('') );
#4624 = CARTESIAN_POINT('',(36.9,21.563962,1.2));
#4625 = CARTESIAN_POINT('',(35.687564434702,21.563962,1.2));
#4626 = CARTESIAN_POINT('',(36.293782217351,22.613962,1.2));
#4627 = CARTESIAN_POINT('',(36.9,23.663962,1.2));
#4628 = CARTESIAN_POINT('',(37.506217782649,22.613962,1.2));
#4629 = CARTESIAN_POINT('',(38.112435565298,21.563962,1.2));
#4630 = CARTESIAN_POINT('',(36.9,21.563962,1.2));
#4631 = PCURVE('',#154,#4632);
#4632 = DEFINITIONAL_REPRESENTATION('',(#4633),#4641);
#4633 = ( BOUNDED_CURVE() B_SPLINE_CURVE(2,(#4634,#4635,#4636,#4637,
#4638,#4639,#4640),.UNSPECIFIED.,.T.,.F.) B_SPLINE_CURVE_WITH_KNOTS((3,2
    ,2,3),(0.,2.094395102393,4.188790204786,6.28318530718),
.PIECEWISE_BEZIER_KNOTS.) CURVE() GEOMETRIC_REPRESENTATION_ITEM() 
RATIONAL_B_SPLINE_CURVE((1.,0.5,1.,0.5,1.,0.5,1.)) REPRESENTATION_ITEM(
  '') );
#4634 = CARTESIAN_POINT('',(36.9,21.563962));
#4635 = CARTESIAN_POINT('',(35.687564434702,21.563962));
#4636 = CARTESIAN_POINT('',(36.293782217351,22.613962));
#4637 = CARTESIAN_POINT('',(36.9,23.663962));
#4638 = CARTESIAN_POINT('',(37.506217782649,22.613962));
#4639 = CARTESIAN_POINT('',(38.112435565298,21.563962));
#4640 = CARTESIAN_POINT('',(36.9,21.563962));
#4641 = ( GEOMETRIC_REPRESENTATION_CONTEXT(2) 
PARAMETRIC_REPRESENTATION_CONTEXT() REPRESENTATION_CONTEXT('2D SPACE',''
  ) );
#4642 = PCURVE('',#1554,#4643);
#4643 = DEFINITIONAL_REPRESENTATION('',(#4644),#4652);
#4644 = B_SPLINE_CURVE_WITH_KNOTS('',2,(#4645,#4646,#4647,#4648,#4649,
    #4650,#4651),.UNSPECIFIED.,.F.,.F.,(3,2,2,3),(0.,2.094395102393,
    4.188790204786,6.28318530718),.PIECEWISE_BEZIER_KNOTS.);
#4645 = CARTESIAN_POINT('',(0.,-1.121));
#4646 = CARTESIAN_POINT('',(1.047197551197,-1.121));
#4647 = CARTESIAN_POINT('',(2.094395102393,-1.121));
#4648 = CARTESIAN_POINT('',(3.14159265359,-1.121));
#4649 = CARTESIAN_POINT('',(4.188790204786,-1.121));
#4650 = CARTESIAN_POINT('',(5.235987755983,-1.121));
#4651 = CARTESIAN_POINT('',(6.28318530718,-1.121));
#4652 = ( GEOMETRIC_REPRESENTATION_CONTEXT(2) 
PARAMETRIC_REPRESENTATION_CONTEXT() REPRESENTATION_CONTEXT('2D SPACE',''
  ) );
#4653 = FACE_BOUND('',#4654,.T.);
#4654 = EDGE_LOOP('',(#4655));
#4655 = ORIENTED_EDGE('',*,*,#4656,.T.);
#4656 = EDGE_CURVE('',#4657,#4657,#4659,.T.);
#4657 = VERTEX_POINT('',#4658);
#4658 = CARTESIAN_POINT('',(40.4,19.063962,1.2));
#4659 = SURFACE_CURVE('',#4660,(#4668,#4679),.PCURVE_S1.);
#4660 = ( BOUNDED_CURVE() B_SPLINE_CURVE(2,(#4661,#4662,#4663,#4664,
#4665,#4666,#4667),.UNSPECIFIED.,.T.,.F.) B_SPLINE_CURVE_WITH_KNOTS((1,2
    ,2,2,2,1),(-2.094395102393,0.,2.094395102393,4.188790204786,
6.28318530718,8.377580409573),.UNSPECIFIED.) CURVE() 
GEOMETRIC_REPRESENTATION_ITEM() RATIONAL_B_SPLINE_CURVE((1.,0.5,1.,0.5,
1.,0.5,1.)) REPRESENTATION_ITEM('') );
#4661 = CARTESIAN_POINT('',(40.4,19.063962,1.2));
#4662 = CARTESIAN_POINT('',(39.187564434702,19.063962,1.2));
#4663 = CARTESIAN_POINT('',(39.793782217351,20.113962,1.2));
#4664 = CARTESIAN_POINT('',(40.4,21.163962,1.2));
#4665 = CARTESIAN_POINT('',(41.006217782649,20.113962,1.2));
#4666 = CARTESIAN_POINT('',(41.612435565298,19.063962,1.2));
#4667 = CARTESIAN_POINT('',(40.4,19.063962,1.2));
#4668 = PCURVE('',#154,#4669);
#4669 = DEFINITIONAL_REPRESENTATION('',(#4670),#4678);
#4670 = ( BOUNDED_CURVE() B_SPLINE_CURVE(2,(#4671,#4672,#4673,#4674,
#4675,#4676,#4677),.UNSPECIFIED.,.T.,.F.) B_SPLINE_CURVE_WITH_KNOTS((3,2
    ,2,3),(0.,2.094395102393,4.188790204786,6.28318530718),
.PIECEWISE_BEZIER_KNOTS.) CURVE() GEOMETRIC_REPRESENTATION_ITEM() 
RATIONAL_B_SPLINE_CURVE((1.,0.5,1.,0.5,1.,0.5,1.)) REPRESENTATION_ITEM(
  '') );
#4671 = CARTESIAN_POINT('',(40.4,19.063962));
#4672 = CARTESIAN_POINT('',(39.187564434702,19.063962));
#4673 = CARTESIAN_POINT('',(39.793782217351,20.113962));
#4674 = CARTESIAN_POINT('',(40.4,21.163962));
#4675 = CARTESIAN_POINT('',(41.006217782649,20.113962));
#4676 = CARTESIAN_POINT('',(41.612435565298,19.063962));
#4677 = CARTESIAN_POINT('',(40.4,19.063962));
#4678 = ( GEOMETRIC_REPRESENTATION_CONTEXT(2) 
PARAMETRIC_REPRESENTATION_CONTEXT() REPRESENTATION_CONTEXT('2D SPACE',''
  ) );
#4679 = PCURVE('',#1606,#4680);
#4680 = DEFINITIONAL_REPRESENTATION('',(#4681),#4689);
#4681 = B_SPLINE_CURVE_WITH_KNOTS('',2,(#4682,#4683,#4684,#4685,#4686,
    #4687,#4688),.UNSPECIFIED.,.F.,.F.,(3,2,2,3),(0.,2.094395102393,
    4.188790204786,6.28318530718),.PIECEWISE_BEZIER_KNOTS.);
#4682 = CARTESIAN_POINT('',(0.,-1.121));
#4683 = CARTESIAN_POINT('',(1.047197551197,-1.121));
#4684 = CARTESIAN_POINT('',(2.094395102393,-1.121));
#4685 = CARTESIAN_POINT('',(3.14159265359,-1.121));
#4686 = CARTESIAN_POINT('',(4.188790204786,-1.121));
#4687 = CARTESIAN_POINT('',(5.235987755983,-1.121));
#4688 = CARTESIAN_POINT('',(6.28318530718,-1.121));
#4689 = ( GEOMETRIC_REPRESENTATION_CONTEXT(2) 
PARAMETRIC_REPRESENTATION_CONTEXT() REPRESENTATION_CONTEXT('2D SPACE',''
  ) );
#4690 = FACE_BOUND('',#4691,.T.);
#4691 = EDGE_LOOP('',(#4692));
#4692 = ORIENTED_EDGE('',*,*,#4693,.T.);
#4693 = EDGE_CURVE('',#4694,#4694,#4696,.T.);
#4694 = VERTEX_POINT('',#4695);
#4695 = CARTESIAN_POINT('',(40.4,21.563962,1.2));
#4696 = SURFACE_CURVE('',#4697,(#4705,#4716),.PCURVE_S1.);
#4697 = ( BOUNDED_CURVE() B_SPLINE_CURVE(2,(#4698,#4699,#4700,#4701,
#4702,#4703,#4704),.UNSPECIFIED.,.T.,.F.) B_SPLINE_CURVE_WITH_KNOTS((1,2
    ,2,2,2,1),(-2.094395102393,0.,2.094395102393,4.188790204786,
6.28318530718,8.377580409573),.UNSPECIFIED.) CURVE() 
GEOMETRIC_REPRESENTATION_ITEM() RATIONAL_B_SPLINE_CURVE((1.,0.5,1.,0.5,
1.,0.5,1.)) REPRESENTATION_ITEM('') );
#4698 = CARTESIAN_POINT('',(40.4,21.563962,1.2));
#4699 = CARTESIAN_POINT('',(39.187564434702,21.563962,1.2));
#4700 = CARTESIAN_POINT('',(39.793782217351,22.613962,1.2));
#4701 = CARTESIAN_POINT('',(40.4,23.663962,1.2));
#4702 = CARTESIAN_POINT('',(41.006217782649,22.613962,1.2));
#4703 = CARTESIAN_POINT('',(41.612435565298,21.563962,1.2));
#4704 = CARTESIAN_POINT('',(40.4,21.563962,1.2));
#4705 = PCURVE('',#154,#4706);
#4706 = DEFINITIONAL_REPRESENTATION('',(#4707),#4715);
#4707 = ( BOUNDED_CURVE() B_SPLINE_CURVE(2,(#4708,#4709,#4710,#4711,
#4712,#4713,#4714),.UNSPECIFIED.,.T.,.F.) B_SPLINE_CURVE_WITH_KNOTS((3,2
    ,2,3),(0.,2.094395102393,4.188790204786,6.28318530718),
.PIECEWISE_BEZIER_KNOTS.) CURVE() GEOMETRIC_REPRESENTATION_ITEM() 
RATIONAL_B_SPLINE_CURVE((1.,0.5,1.,0.5,1.,0.5,1.)) REPRESENTATION_ITEM(
  '') );
#4708 = CARTESIAN_POINT('',(40.4,21.563962));
#4709 = CARTESIAN_POINT('',(39.187564434702,21.563962));
#4710 = CARTESIAN_POINT('',(39.793782217351,22.613962));
#4711 = CARTESIAN_POINT('',(40.4,23.663962));
#4712 = CARTESIAN_POINT('',(41.006217782649,22.613962));
#4713 = CARTESIAN_POINT('',(41.612435565298,21.563962));
#4714 = CARTESIAN_POINT('',(40.4,21.563962));
#4715 = ( GEOMETRIC_REPRESENTATION_CONTEXT(2) 
PARAMETRIC_REPRESENTATION_CONTEXT() REPRESENTATION_CONTEXT('2D SPACE',''
  ) );
#4716 = PCURVE('',#1658,#4717);
#4717 = DEFINITIONAL_REPRESENTATION('',(#4718),#4726);
#4718 = B_SPLINE_CURVE_WITH_KNOTS('',2,(#4719,#4720,#4721,#4722,#4723,
    #4724,#4725),.UNSPECIFIED.,.F.,.F.,(3,2,2,3),(0.,2.094395102393,
    4.188790204786,6.28318530718),.UNSPECIFIED.);
#4719 = CARTESIAN_POINT('',(0.,-1.121));
#4720 = CARTESIAN_POINT('',(1.047197551197,-1.121));
#4721 = CARTESIAN_POINT('',(2.094395102393,-1.121));
#4722 = CARTESIAN_POINT('',(3.14159265359,-1.121));
#4723 = CARTESIAN_POINT('',(4.188790204786,-1.121));
#4724 = CARTESIAN_POINT('',(5.235987755983,-1.121));
#4725 = CARTESIAN_POINT('',(6.28318530718,-1.121));
#4726 = ( GEOMETRIC_REPRESENTATION_CONTEXT(2) 
PARAMETRIC_REPRESENTATION_CONTEXT() REPRESENTATION_CONTEXT('2D SPACE',''
  ) );
#4727 = FACE_BOUND('',#4728,.T.);
#4728 = EDGE_LOOP('',(#4729));
#4729 = ORIENTED_EDGE('',*,*,#4730,.T.);
#4730 = EDGE_CURVE('',#4731,#4731,#4733,.T.);
#4731 = VERTEX_POINT('',#4732);
#4732 = CARTESIAN_POINT('',(60.,5.75,1.2));
#4733 = SURFACE_CURVE('',#4734,(#4742,#4753),.PCURVE_S1.);
#4734 = ( BOUNDED_CURVE() B_SPLINE_CURVE(2,(#4735,#4736,#4737,#4738,
#4739,#4740,#4741),.UNSPECIFIED.,.T.,.F.) B_SPLINE_CURVE_WITH_KNOTS((1,2
    ,2,2,2,1),(-2.094395102393,0.,2.094395102393,4.188790204786,
6.28318530718,8.377580409573),.UNSPECIFIED.) CURVE() 
GEOMETRIC_REPRESENTATION_ITEM() RATIONAL_B_SPLINE_CURVE((1.,0.5,1.,0.5,
1.,0.5,1.)) REPRESENTATION_ITEM('') );
#4735 = CARTESIAN_POINT('',(60.,5.75,1.2));
#4736 = CARTESIAN_POINT('',(56.10288568297,5.75,1.2));
#4737 = CARTESIAN_POINT('',(58.051442841485,9.125,1.2));
#4738 = CARTESIAN_POINT('',(60.,12.5,1.2));
#4739 = CARTESIAN_POINT('',(61.948557158515,9.125,1.2));
#4740 = CARTESIAN_POINT('',(63.89711431703,5.75,1.2));
#4741 = CARTESIAN_POINT('',(60.,5.75,1.2));
#4742 = PCURVE('',#154,#4743);
#4743 = DEFINITIONAL_REPRESENTATION('',(#4744),#4752);
#4744 = ( BOUNDED_CURVE() B_SPLINE_CURVE(2,(#4745,#4746,#4747,#4748,
#4749,#4750,#4751),.UNSPECIFIED.,.T.,.F.) B_SPLINE_CURVE_WITH_KNOTS((3,2
    ,2,3),(0.,2.094395102393,4.188790204786,6.28318530718),
.PIECEWISE_BEZIER_KNOTS.) CURVE() GEOMETRIC_REPRESENTATION_ITEM() 
RATIONAL_B_SPLINE_CURVE((1.,0.5,1.,0.5,1.,0.5,1.)) REPRESENTATION_ITEM(
  '') );
#4745 = CARTESIAN_POINT('',(60.,5.75));
#4746 = CARTESIAN_POINT('',(56.10288568297,5.75));
#4747 = CARTESIAN_POINT('',(58.051442841485,9.125));
#4748 = CARTESIAN_POINT('',(60.,12.5));
#4749 = CARTESIAN_POINT('',(61.948557158515,9.125));
#4750 = CARTESIAN_POINT('',(63.89711431703,5.75));
#4751 = CARTESIAN_POINT('',(60.,5.75));
#4752 = ( GEOMETRIC_REPRESENTATION_CONTEXT(2) 
PARAMETRIC_REPRESENTATION_CONTEXT() REPRESENTATION_CONTEXT('2D SPACE',''
  ) );
#4753 = PCURVE('',#1710,#4754);
#4754 = DEFINITIONAL_REPRESENTATION('',(#4755),#4763);
#4755 = B_SPLINE_CURVE_WITH_KNOTS('',2,(#4756,#4757,#4758,#4759,#4760,
    #4761,#4762),.UNSPECIFIED.,.F.,.F.,(3,2,2,3),(0.,2.094395102393,
    4.188790204786,6.28318530718),.UNSPECIFIED.);
#4756 = CARTESIAN_POINT('',(0.,-1.121));
#4757 = CARTESIAN_POINT('',(1.047197551197,-1.121));
#4758 = CARTESIAN_POINT('',(2.094395102393,-1.121));
#4759 = CARTESIAN_POINT('',(3.14159265359,-1.121));
#4760 = CARTESIAN_POINT('',(4.188790204786,-1.121));
#4761 = CARTESIAN_POINT('',(5.235987755983,-1.121));
#4762 = CARTESIAN_POINT('',(6.28318530718,-1.121));
#4763 = ( GEOMETRIC_REPRESENTATION_CONTEXT(2) 
PARAMETRIC_REPRESENTATION_CONTEXT() REPRESENTATION_CONTEXT('2D SPACE',''
  ) );
#4764 = FACE_BOUND('',#4765,.T.);
#4765 = EDGE_LOOP('',(#4766));
#4766 = ORIENTED_EDGE('',*,*,#4767,.T.);
#4767 = EDGE_CURVE('',#4768,#4768,#4770,.T.);
#4768 = VERTEX_POINT('',#4769);
#4769 = CARTESIAN_POINT('',(44.,32.413962,1.2));
#4770 = SURFACE_CURVE('',#4771,(#4779,#4790),.PCURVE_S1.);
#4771 = ( BOUNDED_CURVE() B_SPLINE_CURVE(2,(#4772,#4773,#4774,#4775,
#4776,#4777,#4778),.UNSPECIFIED.,.T.,.F.) B_SPLINE_CURVE_WITH_KNOTS((1,2
    ,2,2,2,1),(-2.094395102393,0.,2.094395102393,4.188790204786,
6.28318530718,8.377580409573),.UNSPECIFIED.) CURVE() 
GEOMETRIC_REPRESENTATION_ITEM() RATIONAL_B_SPLINE_CURVE((1.,0.5,1.,0.5,
1.,0.5,1.)) REPRESENTATION_ITEM('') );
#4772 = CARTESIAN_POINT('',(44.,32.413962,1.2));
#4773 = CARTESIAN_POINT('',(42.527756813566,32.413962,1.2));
#4774 = CARTESIAN_POINT('',(43.263878406783,33.688962,1.2));
#4775 = CARTESIAN_POINT('',(44.,34.963962,1.2));
#4776 = CARTESIAN_POINT('',(44.736121593217,33.688962,1.2));
#4777 = CARTESIAN_POINT('',(45.472243186434,32.413962,1.2));
#4778 = CARTESIAN_POINT('',(44.,32.413962,1.2));
#4779 = PCURVE('',#154,#4780);
#4780 = DEFINITIONAL_REPRESENTATION('',(#4781),#4789);
#4781 = ( BOUNDED_CURVE() B_SPLINE_CURVE(2,(#4782,#4783,#4784,#4785,
#4786,#4787,#4788),.UNSPECIFIED.,.T.,.F.) B_SPLINE_CURVE_WITH_KNOTS((3,2
    ,2,3),(0.,2.094395102393,4.188790204786,6.28318530718),
.PIECEWISE_BEZIER_KNOTS.) CURVE() GEOMETRIC_REPRESENTATION_ITEM() 
RATIONAL_B_SPLINE_CURVE((1.,0.5,1.,0.5,1.,0.5,1.)) REPRESENTATION_ITEM(
  '') );
#4782 = CARTESIAN_POINT('',(44.,32.413962));
#4783 = CARTESIAN_POINT('',(42.527756813566,32.413962));
#4784 = CARTESIAN_POINT('',(43.263878406783,33.688962));
#4785 = CARTESIAN_POINT('',(44.,34.963962));
#4786 = CARTESIAN_POINT('',(44.736121593217,33.688962));
#4787 = CARTESIAN_POINT('',(45.472243186434,32.413962));
#4788 = CARTESIAN_POINT('',(44.,32.413962));
#4789 = ( GEOMETRIC_REPRESENTATION_CONTEXT(2) 
PARAMETRIC_REPRESENTATION_CONTEXT() REPRESENTATION_CONTEXT('2D SPACE',''
  ) );
#4790 = PCURVE('',#1762,#4791);
#4791 = DEFINITIONAL_REPRESENTATION('',(#4792),#4800);
#4792 = B_SPLINE_CURVE_WITH_KNOTS('',2,(#4793,#4794,#4795,#4796,#4797,
    #4798,#4799),.UNSPECIFIED.,.F.,.F.,(3,2,2,3),(0.,2.094395102393,
    4.188790204786,6.28318530718),.UNSPECIFIED.);
#4793 = CARTESIAN_POINT('',(0.,-1.121));
#4794 = CARTESIAN_POINT('',(1.047197551197,-1.121));
#4795 = CARTESIAN_POINT('',(2.094395102393,-1.121));
#4796 = CARTESIAN_POINT('',(3.14159265359,-1.121));
#4797 = CARTESIAN_POINT('',(4.188790204786,-1.121));
#4798 = CARTESIAN_POINT('',(5.235987755983,-1.121));
#4799 = CARTESIAN_POINT('',(6.28318530718,-1.121));
#4800 = ( GEOMETRIC_REPRESENTATION_CONTEXT(2) 
PARAMETRIC_REPRESENTATION_CONTEXT() REPRESENTATION_CONTEXT('2D SPACE',''
  ) );
#4801 = FACE_BOUND('',#4802,.T.);
#4802 = EDGE_LOOP('',(#4803));
#4803 = ORIENTED_EDGE('',*,*,#4804,.T.);
#4804 = EDGE_CURVE('',#4805,#4805,#4807,.T.);
#4805 = VERTEX_POINT('',#4806);
#4806 = CARTESIAN_POINT('',(47.96,32.413962,1.2));
#4807 = SURFACE_CURVE('',#4808,(#4816,#4827),.PCURVE_S1.);
#4808 = ( BOUNDED_CURVE() B_SPLINE_CURVE(2,(#4809,#4810,#4811,#4812,
#4813,#4814,#4815),.UNSPECIFIED.,.T.,.F.) B_SPLINE_CURVE_WITH_KNOTS((1,2
    ,2,2,2,1),(-2.094395102393,0.,2.094395102393,4.188790204786,
6.28318530718,8.377580409573),.UNSPECIFIED.) CURVE() 
GEOMETRIC_REPRESENTATION_ITEM() RATIONAL_B_SPLINE_CURVE((1.,0.5,1.,0.5,
1.,0.5,1.)) REPRESENTATION_ITEM('') );
#4809 = CARTESIAN_POINT('',(47.96,32.413962,1.2));
#4810 = CARTESIAN_POINT('',(46.487756813566,32.413962,1.2));
#4811 = CARTESIAN_POINT('',(47.223878406783,33.688962,1.2));
#4812 = CARTESIAN_POINT('',(47.96,34.963962,1.2));
#4813 = CARTESIAN_POINT('',(48.696121593217,33.688962,1.2));
#4814 = CARTESIAN_POINT('',(49.432243186434,32.413962,1.2));
#4815 = CARTESIAN_POINT('',(47.96,32.413962,1.2));
#4816 = PCURVE('',#154,#4817);
#4817 = DEFINITIONAL_REPRESENTATION('',(#4818),#4826);
#4818 = ( BOUNDED_CURVE() B_SPLINE_CURVE(2,(#4819,#4820,#4821,#4822,
#4823,#4824,#4825),.UNSPECIFIED.,.T.,.F.) B_SPLINE_CURVE_WITH_KNOTS((3,2
    ,2,3),(0.,2.094395102393,4.188790204786,6.28318530718),
.PIECEWISE_BEZIER_KNOTS.) CURVE() GEOMETRIC_REPRESENTATION_ITEM() 
RATIONAL_B_SPLINE_CURVE((1.,0.5,1.,0.5,1.,0.5,1.)) REPRESENTATION_ITEM(
  '') );
#4819 = CARTESIAN_POINT('',(47.96,32.413962));
#4820 = CARTESIAN_POINT('',(46.487756813566,32.413962));
#4821 = CARTESIAN_POINT('',(47.223878406783,33.688962));
#4822 = CARTESIAN_POINT('',(47.96,34.963962));
#4823 = CARTESIAN_POINT('',(48.696121593217,33.688962));
#4824 = CARTESIAN_POINT('',(49.432243186434,32.413962));
#4825 = CARTESIAN_POINT('',(47.96,32.413962));
#4826 = ( GEOMETRIC_REPRESENTATION_CONTEXT(2) 
PARAMETRIC_REPRESENTATION_CONTEXT() REPRESENTATION_CONTEXT('2D SPACE',''
  ) );
#4827 = PCURVE('',#1814,#4828);
#4828 = DEFINITIONAL_REPRESENTATION('',(#4829),#4837);
#4829 = B_SPLINE_CURVE_WITH_KNOTS('',2,(#4830,#4831,#4832,#4833,#4834,
    #4835,#4836),.UNSPECIFIED.,.F.,.F.,(3,2,2,3),(0.,2.094395102393,
    4.188790204786,6.28318530718),.UNSPECIFIED.);
#4830 = CARTESIAN_POINT('',(0.,-1.121));
#4831 = CARTESIAN_POINT('',(1.047197551197,-1.121));
#4832 = CARTESIAN_POINT('',(2.094395102393,-1.121));
#4833 = CARTESIAN_POINT('',(3.14159265359,-1.121));
#4834 = CARTESIAN_POINT('',(4.188790204786,-1.121));
#4835 = CARTESIAN_POINT('',(5.235987755983,-1.121));
#4836 = CARTESIAN_POINT('',(6.28318530718,-1.121));
#4837 = ( GEOMETRIC_REPRESENTATION_CONTEXT(2) 
PARAMETRIC_REPRESENTATION_CONTEXT() REPRESENTATION_CONTEXT('2D SPACE',''
  ) );
#4838 = FACE_BOUND('',#4839,.T.);
#4839 = EDGE_LOOP('',(#4840));
#4840 = ORIENTED_EDGE('',*,*,#4841,.T.);
#4841 = EDGE_CURVE('',#4842,#4842,#4844,.T.);
#4842 = VERTEX_POINT('',#4843);
#4843 = CARTESIAN_POINT('',(40.,40.063962,1.2));
#4844 = SURFACE_CURVE('',#4845,(#4853,#4864),.PCURVE_S1.);
#4845 = ( BOUNDED_CURVE() B_SPLINE_CURVE(2,(#4846,#4847,#4848,#4849,
#4850,#4851,#4852),.UNSPECIFIED.,.T.,.F.) B_SPLINE_CURVE_WITH_KNOTS((1,2
    ,2,2,2,1),(-2.094395102393,0.,2.094395102393,4.188790204786,
6.28318530718,8.377580409573),.UNSPECIFIED.) CURVE() 
GEOMETRIC_REPRESENTATION_ITEM() RATIONAL_B_SPLINE_CURVE((1.,0.5,1.,0.5,
1.,0.5,1.)) REPRESENTATION_ITEM('') );
#4846 = CARTESIAN_POINT('',(40.,40.063962,1.2));
#4847 = CARTESIAN_POINT('',(38.787564434702,40.063962,1.2));
#4848 = CARTESIAN_POINT('',(39.393782217351,41.113962,1.2));
#4849 = CARTESIAN_POINT('',(40.,42.163962,1.2));
#4850 = CARTESIAN_POINT('',(40.606217782649,41.113962,1.2));
#4851 = CARTESIAN_POINT('',(41.212435565298,40.063962,1.2));
#4852 = CARTESIAN_POINT('',(40.,40.063962,1.2));
#4853 = PCURVE('',#154,#4854);
#4854 = DEFINITIONAL_REPRESENTATION('',(#4855),#4863);
#4855 = ( BOUNDED_CURVE() B_SPLINE_CURVE(2,(#4856,#4857,#4858,#4859,
#4860,#4861,#4862),.UNSPECIFIED.,.T.,.F.) B_SPLINE_CURVE_WITH_KNOTS((3,2
    ,2,3),(0.,2.094395102393,4.188790204786,6.28318530718),
.PIECEWISE_BEZIER_KNOTS.) CURVE() GEOMETRIC_REPRESENTATION_ITEM() 
RATIONAL_B_SPLINE_CURVE((1.,0.5,1.,0.5,1.,0.5,1.)) REPRESENTATION_ITEM(
  '') );
#4856 = CARTESIAN_POINT('',(40.,40.063962));
#4857 = CARTESIAN_POINT('',(38.787564434702,40.063962));
#4858 = CARTESIAN_POINT('',(39.393782217351,41.113962));
#4859 = CARTESIAN_POINT('',(40.,42.163962));
#4860 = CARTESIAN_POINT('',(40.606217782649,41.113962));
#4861 = CARTESIAN_POINT('',(41.212435565298,40.063962));
#4862 = CARTESIAN_POINT('',(40.,40.063962));
#4863 = ( GEOMETRIC_REPRESENTATION_CONTEXT(2) 
PARAMETRIC_REPRESENTATION_CONTEXT() REPRESENTATION_CONTEXT('2D SPACE',''
  ) );
#4864 = PCURVE('',#1866,#4865);
#4865 = DEFINITIONAL_REPRESENTATION('',(#4866),#4874);
#4866 = B_SPLINE_CURVE_WITH_KNOTS('',2,(#4867,#4868,#4869,#4870,#4871,
    #4872,#4873),.UNSPECIFIED.,.F.,.F.,(3,2,2,3),(0.,2.094395102393,
    4.188790204786,6.28318530718),.PIECEWISE_BEZIER_KNOTS.);
#4867 = CARTESIAN_POINT('',(0.,-1.121));
#4868 = CARTESIAN_POINT('',(1.047197551197,-1.121));
#4869 = CARTESIAN_POINT('',(2.094395102393,-1.121));
#4870 = CARTESIAN_POINT('',(3.14159265359,-1.121));
#4871 = CARTESIAN_POINT('',(4.188790204786,-1.121));
#4872 = CARTESIAN_POINT('',(5.235987755983,-1.121));
#4873 = CARTESIAN_POINT('',(6.28318530718,-1.121));
#4874 = ( GEOMETRIC_REPRESENTATION_CONTEXT(2) 
PARAMETRIC_REPRESENTATION_CONTEXT() REPRESENTATION_CONTEXT('2D SPACE',''
  ) );
#4875 = FACE_BOUND('',#4876,.T.);
#4876 = EDGE_LOOP('',(#4877));
#4877 = ORIENTED_EDGE('',*,*,#4878,.T.);
#4878 = EDGE_CURVE('',#4879,#4879,#4881,.T.);
#4879 = VERTEX_POINT('',#4880);
#4880 = CARTESIAN_POINT('',(40.,42.563962,1.2));
#4881 = SURFACE_CURVE('',#4882,(#4890,#4901),.PCURVE_S1.);
#4882 = ( BOUNDED_CURVE() B_SPLINE_CURVE(2,(#4883,#4884,#4885,#4886,
#4887,#4888,#4889),.UNSPECIFIED.,.T.,.F.) B_SPLINE_CURVE_WITH_KNOTS((1,2
    ,2,2,2,1),(-2.094395102393,0.,2.094395102393,4.188790204786,
6.28318530718,8.377580409573),.UNSPECIFIED.) CURVE() 
GEOMETRIC_REPRESENTATION_ITEM() RATIONAL_B_SPLINE_CURVE((1.,0.5,1.,0.5,
1.,0.5,1.)) REPRESENTATION_ITEM('') );
#4883 = CARTESIAN_POINT('',(40.,42.563962,1.2));
#4884 = CARTESIAN_POINT('',(38.787564434702,42.563962,1.2));
#4885 = CARTESIAN_POINT('',(39.393782217351,43.613962,1.2));
#4886 = CARTESIAN_POINT('',(40.,44.663962,1.2));
#4887 = CARTESIAN_POINT('',(40.606217782649,43.613962,1.2));
#4888 = CARTESIAN_POINT('',(41.212435565298,42.563962,1.2));
#4889 = CARTESIAN_POINT('',(40.,42.563962,1.2));
#4890 = PCURVE('',#154,#4891);
#4891 = DEFINITIONAL_REPRESENTATION('',(#4892),#4900);
#4892 = ( BOUNDED_CURVE() B_SPLINE_CURVE(2,(#4893,#4894,#4895,#4896,
#4897,#4898,#4899),.UNSPECIFIED.,.T.,.F.) B_SPLINE_CURVE_WITH_KNOTS((3,2
    ,2,3),(0.,2.094395102393,4.188790204786,6.28318530718),
.PIECEWISE_BEZIER_KNOTS.) CURVE() GEOMETRIC_REPRESENTATION_ITEM() 
RATIONAL_B_SPLINE_CURVE((1.,0.5,1.,0.5,1.,0.5,1.)) REPRESENTATION_ITEM(
  '') );
#4893 = CARTESIAN_POINT('',(40.,42.563962));
#4894 = CARTESIAN_POINT('',(38.787564434702,42.563962));
#4895 = CARTESIAN_POINT('',(39.393782217351,43.613962));
#4896 = CARTESIAN_POINT('',(40.,44.663962));
#4897 = CARTESIAN_POINT('',(40.606217782649,43.613962));
#4898 = CARTESIAN_POINT('',(41.212435565298,42.563962));
#4899 = CARTESIAN_POINT('',(40.,42.563962));
#4900 = ( GEOMETRIC_REPRESENTATION_CONTEXT(2) 
PARAMETRIC_REPRESENTATION_CONTEXT() REPRESENTATION_CONTEXT('2D SPACE',''
  ) );
#4901 = PCURVE('',#1918,#4902);
#4902 = DEFINITIONAL_REPRESENTATION('',(#4903),#4911);
#4903 = B_SPLINE_CURVE_WITH_KNOTS('',2,(#4904,#4905,#4906,#4907,#4908,
    #4909,#4910),.UNSPECIFIED.,.F.,.F.,(3,2,2,3),(0.,2.094395102393,
    4.188790204786,6.28318530718),.PIECEWISE_BEZIER_KNOTS.);
#4904 = CARTESIAN_POINT('',(0.,-1.121));
#4905 = CARTESIAN_POINT('',(1.047197551197,-1.121));
#4906 = CARTESIAN_POINT('',(2.094395102393,-1.121));
#4907 = CARTESIAN_POINT('',(3.14159265359,-1.121));
#4908 = CARTESIAN_POINT('',(4.188790204786,-1.121));
#4909 = CARTESIAN_POINT('',(5.235987755983,-1.121));
#4910 = CARTESIAN_POINT('',(6.28318530718,-1.121));
#4911 = ( GEOMETRIC_REPRESENTATION_CONTEXT(2) 
PARAMETRIC_REPRESENTATION_CONTEXT() REPRESENTATION_CONTEXT('2D SPACE',''
  ) );
#4912 = FACE_BOUND('',#4913,.T.);
#4913 = EDGE_LOOP('',(#4914));
#4914 = ORIENTED_EDGE('',*,*,#4915,.T.);
#4915 = EDGE_CURVE('',#4916,#4916,#4918,.T.);
#4916 = VERTEX_POINT('',#4917);
#4917 = CARTESIAN_POINT('',(43.5,40.063962,1.2));
#4918 = SURFACE_CURVE('',#4919,(#4927,#4938),.PCURVE_S1.);
#4919 = ( BOUNDED_CURVE() B_SPLINE_CURVE(2,(#4920,#4921,#4922,#4923,
#4924,#4925,#4926),.UNSPECIFIED.,.T.,.F.) B_SPLINE_CURVE_WITH_KNOTS((1,2
    ,2,2,2,1),(-2.094395102393,0.,2.094395102393,4.188790204786,
6.28318530718,8.377580409573),.UNSPECIFIED.) CURVE() 
GEOMETRIC_REPRESENTATION_ITEM() RATIONAL_B_SPLINE_CURVE((1.,0.5,1.,0.5,
1.,0.5,1.)) REPRESENTATION_ITEM('') );
#4920 = CARTESIAN_POINT('',(43.5,40.063962,1.2));
#4921 = CARTESIAN_POINT('',(42.287564434702,40.063962,1.2));
#4922 = CARTESIAN_POINT('',(42.893782217351,41.113962,1.2));
#4923 = CARTESIAN_POINT('',(43.5,42.163962,1.2));
#4924 = CARTESIAN_POINT('',(44.106217782649,41.113962,1.2));
#4925 = CARTESIAN_POINT('',(44.712435565298,40.063962,1.2));
#4926 = CARTESIAN_POINT('',(43.5,40.063962,1.2));
#4927 = PCURVE('',#154,#4928);
#4928 = DEFINITIONAL_REPRESENTATION('',(#4929),#4937);
#4929 = ( BOUNDED_CURVE() B_SPLINE_CURVE(2,(#4930,#4931,#4932,#4933,
#4934,#4935,#4936),.UNSPECIFIED.,.T.,.F.) B_SPLINE_CURVE_WITH_KNOTS((3,2
    ,2,3),(0.,2.094395102393,4.188790204786,6.28318530718),
.PIECEWISE_BEZIER_KNOTS.) CURVE() GEOMETRIC_REPRESENTATION_ITEM() 
RATIONAL_B_SPLINE_CURVE((1.,0.5,1.,0.5,1.,0.5,1.)) REPRESENTATION_ITEM(
  '') );
#4930 = CARTESIAN_POINT('',(43.5,40.063962));
#4931 = CARTESIAN_POINT('',(42.287564434702,40.063962));
#4932 = CARTESIAN_POINT('',(42.893782217351,41.113962));
#4933 = CARTESIAN_POINT('',(43.5,42.163962));
#4934 = CARTESIAN_POINT('',(44.106217782649,41.113962));
#4935 = CARTESIAN_POINT('',(44.712435565298,40.063962));
#4936 = CARTESIAN_POINT('',(43.5,40.063962));
#4937 = ( GEOMETRIC_REPRESENTATION_CONTEXT(2) 
PARAMETRIC_REPRESENTATION_CONTEXT() REPRESENTATION_CONTEXT('2D SPACE',''
  ) );
#4938 = PCURVE('',#1970,#4939);
#4939 = DEFINITIONAL_REPRESENTATION('',(#4940),#4948);
#4940 = B_SPLINE_CURVE_WITH_KNOTS('',2,(#4941,#4942,#4943,#4944,#4945,
    #4946,#4947),.UNSPECIFIED.,.F.,.F.,(3,2,2,3),(0.,2.094395102393,
    4.188790204786,6.28318530718),.PIECEWISE_BEZIER_KNOTS.);
#4941 = CARTESIAN_POINT('',(0.,-1.121));
#4942 = CARTESIAN_POINT('',(1.047197551197,-1.121));
#4943 = CARTESIAN_POINT('',(2.094395102393,-1.121));
#4944 = CARTESIAN_POINT('',(3.14159265359,-1.121));
#4945 = CARTESIAN_POINT('',(4.188790204786,-1.121));
#4946 = CARTESIAN_POINT('',(5.235987755983,-1.121));
#4947 = CARTESIAN_POINT('',(6.28318530718,-1.121));
#4948 = ( GEOMETRIC_REPRESENTATION_CONTEXT(2) 
PARAMETRIC_REPRESENTATION_CONTEXT() REPRESENTATION_CONTEXT('2D SPACE',''
  ) );
#4949 = FACE_BOUND('',#4950,.T.);
#4950 = EDGE_LOOP('',(#4951));
#4951 = ORIENTED_EDGE('',*,*,#4952,.T.);
#4952 = EDGE_CURVE('',#4953,#4953,#4955,.T.);
#4953 = VERTEX_POINT('',#4954);
#4954 = CARTESIAN_POINT('',(43.5,42.563962,1.2));
#4955 = SURFACE_CURVE('',#4956,(#4964,#4975),.PCURVE_S1.);
#4956 = ( BOUNDED_CURVE() B_SPLINE_CURVE(2,(#4957,#4958,#4959,#4960,
#4961,#4962,#4963),.UNSPECIFIED.,.T.,.F.) B_SPLINE_CURVE_WITH_KNOTS((1,2
    ,2,2,2,1),(-2.094395102393,0.,2.094395102393,4.188790204786,
6.28318530718,8.377580409573),.UNSPECIFIED.) CURVE() 
GEOMETRIC_REPRESENTATION_ITEM() RATIONAL_B_SPLINE_CURVE((1.,0.5,1.,0.5,
1.,0.5,1.)) REPRESENTATION_ITEM('') );
#4957 = CARTESIAN_POINT('',(43.5,42.563962,1.2));
#4958 = CARTESIAN_POINT('',(42.287564434702,42.563962,1.2));
#4959 = CARTESIAN_POINT('',(42.893782217351,43.613962,1.2));
#4960 = CARTESIAN_POINT('',(43.5,44.663962,1.2));
#4961 = CARTESIAN_POINT('',(44.106217782649,43.613962,1.2));
#4962 = CARTESIAN_POINT('',(44.712435565298,42.563962,1.2));
#4963 = CARTESIAN_POINT('',(43.5,42.563962,1.2));
#4964 = PCURVE('',#154,#4965);
#4965 = DEFINITIONAL_REPRESENTATION('',(#4966),#4974);
#4966 = ( BOUNDED_CURVE() B_SPLINE_CURVE(2,(#4967,#4968,#4969,#4970,
#4971,#4972,#4973),.UNSPECIFIED.,.T.,.F.) B_SPLINE_CURVE_WITH_KNOTS((3,2
    ,2,3),(0.,2.094395102393,4.188790204786,6.28318530718),
.PIECEWISE_BEZIER_KNOTS.) CURVE() GEOMETRIC_REPRESENTATION_ITEM() 
RATIONAL_B_SPLINE_CURVE((1.,0.5,1.,0.5,1.,0.5,1.)) REPRESENTATION_ITEM(
  '') );
#4967 = CARTESIAN_POINT('',(43.5,42.563962));
#4968 = CARTESIAN_POINT('',(42.287564434702,42.563962));
#4969 = CARTESIAN_POINT('',(42.893782217351,43.613962));
#4970 = CARTESIAN_POINT('',(43.5,44.663962));
#4971 = CARTESIAN_POINT('',(44.106217782649,43.613962));
#4972 = CARTESIAN_POINT('',(44.712435565298,42.563962));
#4973 = CARTESIAN_POINT('',(43.5,42.563962));
#4974 = ( GEOMETRIC_REPRESENTATION_CONTEXT(2) 
PARAMETRIC_REPRESENTATION_CONTEXT() REPRESENTATION_CONTEXT('2D SPACE',''
  ) );
#4975 = PCURVE('',#2022,#4976);
#4976 = DEFINITIONAL_REPRESENTATION('',(#4977),#4985);
#4977 = B_SPLINE_CURVE_WITH_KNOTS('',2,(#4978,#4979,#4980,#4981,#4982,
    #4983,#4984),.UNSPECIFIED.,.F.,.F.,(3,2,2,3),(0.,2.094395102393,
    4.188790204786,6.28318530718),.PIECEWISE_BEZIER_KNOTS.);
#4978 = CARTESIAN_POINT('',(0.,-1.121));
#4979 = CARTESIAN_POINT('',(1.047197551197,-1.121));
#4980 = CARTESIAN_POINT('',(2.094395102393,-1.121));
#4981 = CARTESIAN_POINT('',(3.14159265359,-1.121));
#4982 = CARTESIAN_POINT('',(4.188790204786,-1.121));
#4983 = CARTESIAN_POINT('',(5.235987755983,-1.121));
#4984 = CARTESIAN_POINT('',(6.28318530718,-1.121));
#4985 = ( GEOMETRIC_REPRESENTATION_CONTEXT(2) 
PARAMETRIC_REPRESENTATION_CONTEXT() REPRESENTATION_CONTEXT('2D SPACE',''
  ) );
#4986 = FACE_BOUND('',#4987,.T.);
#4987 = EDGE_LOOP('',(#4988));
#4988 = ORIENTED_EDGE('',*,*,#4989,.T.);
#4989 = EDGE_CURVE('',#4990,#4990,#4992,.T.);
#4990 = VERTEX_POINT('',#4991);
#4991 = CARTESIAN_POINT('',(46.4,40.813962,1.2));
#4992 = SURFACE_CURVE('',#4993,(#5001,#5012),.PCURVE_S1.);
#4993 = ( BOUNDED_CURVE() B_SPLINE_CURVE(2,(#4994,#4995,#4996,#4997,
#4998,#4999,#5000),.UNSPECIFIED.,.T.,.F.) B_SPLINE_CURVE_WITH_KNOTS((1,2
    ,2,2,2,1),(-2.094395102393,0.,2.094395102393,4.188790204786,
6.28318530718,8.377580409573),.UNSPECIFIED.) CURVE() 
GEOMETRIC_REPRESENTATION_ITEM() RATIONAL_B_SPLINE_CURVE((1.,0.5,1.,0.5,
1.,0.5,1.)) REPRESENTATION_ITEM('') );
#4994 = CARTESIAN_POINT('',(46.4,40.813962,1.2));
#4995 = CARTESIAN_POINT('',(44.321539030917,40.813962,1.2));
#4996 = CARTESIAN_POINT('',(45.360769515459,42.613962,1.2));
#4997 = CARTESIAN_POINT('',(46.4,44.413962,1.2));
#4998 = CARTESIAN_POINT('',(47.439230484541,42.613962,1.2));
#4999 = CARTESIAN_POINT('',(48.478460969083,40.813962,1.2));
#5000 = CARTESIAN_POINT('',(46.4,40.813962,1.2));
#5001 = PCURVE('',#154,#5002);
#5002 = DEFINITIONAL_REPRESENTATION('',(#5003),#5011);
#5003 = ( BOUNDED_CURVE() B_SPLINE_CURVE(2,(#5004,#5005,#5006,#5007,
#5008,#5009,#5010),.UNSPECIFIED.,.T.,.F.) B_SPLINE_CURVE_WITH_KNOTS((3,2
    ,2,3),(0.,2.094395102393,4.188790204786,6.28318530718),
.PIECEWISE_BEZIER_KNOTS.) CURVE() GEOMETRIC_REPRESENTATION_ITEM() 
RATIONAL_B_SPLINE_CURVE((1.,0.5,1.,0.5,1.,0.5,1.)) REPRESENTATION_ITEM(
  '') );
#5004 = CARTESIAN_POINT('',(46.4,40.813962));
#5005 = CARTESIAN_POINT('',(44.321539030917,40.813962));
#5006 = CARTESIAN_POINT('',(45.360769515459,42.613962));
#5007 = CARTESIAN_POINT('',(46.4,44.413962));
#5008 = CARTESIAN_POINT('',(47.439230484541,42.613962));
#5009 = CARTESIAN_POINT('',(48.478460969083,40.813962));
#5010 = CARTESIAN_POINT('',(46.4,40.813962));
#5011 = ( GEOMETRIC_REPRESENTATION_CONTEXT(2) 
PARAMETRIC_REPRESENTATION_CONTEXT() REPRESENTATION_CONTEXT('2D SPACE',''
  ) );
#5012 = PCURVE('',#2074,#5013);
#5013 = DEFINITIONAL_REPRESENTATION('',(#5014),#5022);
#5014 = B_SPLINE_CURVE_WITH_KNOTS('',2,(#5015,#5016,#5017,#5018,#5019,
    #5020,#5021),.UNSPECIFIED.,.F.,.F.,(3,2,2,3),(0.,2.094395102393,
    4.188790204786,6.28318530718),.UNSPECIFIED.);
#5015 = CARTESIAN_POINT('',(0.,-1.121));
#5016 = CARTESIAN_POINT('',(1.047197551197,-1.121));
#5017 = CARTESIAN_POINT('',(2.094395102393,-1.121));
#5018 = CARTESIAN_POINT('',(3.14159265359,-1.121));
#5019 = CARTESIAN_POINT('',(4.188790204786,-1.121));
#5020 = CARTESIAN_POINT('',(5.235987755983,-1.121));
#5021 = CARTESIAN_POINT('',(6.28318530718,-1.121));
#5022 = ( GEOMETRIC_REPRESENTATION_CONTEXT(2) 
PARAMETRIC_REPRESENTATION_CONTEXT() REPRESENTATION_CONTEXT('2D SPACE',''
  ) );
#5023 = FACE_BOUND('',#5024,.T.);
#5024 = EDGE_LOOP('',(#5025));
#5025 = ORIENTED_EDGE('',*,*,#5026,.T.);
#5026 = EDGE_CURVE('',#5027,#5027,#5029,.T.);
#5027 = VERTEX_POINT('',#5028);
#5028 = CARTESIAN_POINT('',(49.3,40.063962,1.2));
#5029 = SURFACE_CURVE('',#5030,(#5038,#5049),.PCURVE_S1.);
#5030 = ( BOUNDED_CURVE() B_SPLINE_CURVE(2,(#5031,#5032,#5033,#5034,
#5035,#5036,#5037),.UNSPECIFIED.,.T.,.F.) B_SPLINE_CURVE_WITH_KNOTS((1,2
    ,2,2,2,1),(-2.094395102393,0.,2.094395102393,4.188790204786,
6.28318530718,8.377580409573),.UNSPECIFIED.) CURVE() 
GEOMETRIC_REPRESENTATION_ITEM() RATIONAL_B_SPLINE_CURVE((1.,0.5,1.,0.5,
1.,0.5,1.)) REPRESENTATION_ITEM('') );
#5031 = CARTESIAN_POINT('',(49.3,40.063962,1.2));
#5032 = CARTESIAN_POINT('',(48.087564434702,40.063962,1.2));
#5033 = CARTESIAN_POINT('',(48.693782217351,41.113962,1.2));
#5034 = CARTESIAN_POINT('',(49.3,42.163962,1.2));
#5035 = CARTESIAN_POINT('',(49.906217782649,41.113962,1.2));
#5036 = CARTESIAN_POINT('',(50.512435565298,40.063962,1.2));
#5037 = CARTESIAN_POINT('',(49.3,40.063962,1.2));
#5038 = PCURVE('',#154,#5039);
#5039 = DEFINITIONAL_REPRESENTATION('',(#5040),#5048);
#5040 = ( BOUNDED_CURVE() B_SPLINE_CURVE(2,(#5041,#5042,#5043,#5044,
#5045,#5046,#5047),.UNSPECIFIED.,.T.,.F.) B_SPLINE_CURVE_WITH_KNOTS((3,2
    ,2,3),(0.,2.094395102393,4.188790204786,6.28318530718),
.PIECEWISE_BEZIER_KNOTS.) CURVE() GEOMETRIC_REPRESENTATION_ITEM() 
RATIONAL_B_SPLINE_CURVE((1.,0.5,1.,0.5,1.,0.5,1.)) REPRESENTATION_ITEM(
  '') );
#5041 = CARTESIAN_POINT('',(49.3,40.063962));
#5042 = CARTESIAN_POINT('',(48.087564434702,40.063962));
#5043 = CARTESIAN_POINT('',(48.693782217351,41.113962));
#5044 = CARTESIAN_POINT('',(49.3,42.163962));
#5045 = CARTESIAN_POINT('',(49.906217782649,41.113962));
#5046 = CARTESIAN_POINT('',(50.512435565298,40.063962));
#5047 = CARTESIAN_POINT('',(49.3,40.063962));
#5048 = ( GEOMETRIC_REPRESENTATION_CONTEXT(2) 
PARAMETRIC_REPRESENTATION_CONTEXT() REPRESENTATION_CONTEXT('2D SPACE',''
  ) );
#5049 = PCURVE('',#2126,#5050);
#5050 = DEFINITIONAL_REPRESENTATION('',(#5051),#5059);
#5051 = B_SPLINE_CURVE_WITH_KNOTS('',2,(#5052,#5053,#5054,#5055,#5056,
    #5057,#5058),.UNSPECIFIED.,.F.,.F.,(3,2,2,3),(0.,2.094395102393,
    4.188790204786,6.28318530718),.PIECEWISE_BEZIER_KNOTS.);
#5052 = CARTESIAN_POINT('',(0.,-1.121));
#5053 = CARTESIAN_POINT('',(1.047197551197,-1.121));
#5054 = CARTESIAN_POINT('',(2.094395102393,-1.121));
#5055 = CARTESIAN_POINT('',(3.14159265359,-1.121));
#5056 = CARTESIAN_POINT('',(4.188790204786,-1.121));
#5057 = CARTESIAN_POINT('',(5.235987755983,-1.121));
#5058 = CARTESIAN_POINT('',(6.28318530718,-1.121));
#5059 = ( GEOMETRIC_REPRESENTATION_CONTEXT(2) 
PARAMETRIC_REPRESENTATION_CONTEXT() REPRESENTATION_CONTEXT('2D SPACE',''
  ) );
#5060 = FACE_BOUND('',#5061,.T.);
#5061 = EDGE_LOOP('',(#5062));
#5062 = ORIENTED_EDGE('',*,*,#5063,.T.);
#5063 = EDGE_CURVE('',#5064,#5064,#5066,.T.);
#5064 = VERTEX_POINT('',#5065);
#5065 = CARTESIAN_POINT('',(49.3,42.563962,1.2));
#5066 = SURFACE_CURVE('',#5067,(#5075,#5086),.PCURVE_S1.);
#5067 = ( BOUNDED_CURVE() B_SPLINE_CURVE(2,(#5068,#5069,#5070,#5071,
#5072,#5073,#5074),.UNSPECIFIED.,.T.,.F.) B_SPLINE_CURVE_WITH_KNOTS((1,2
    ,2,2,2,1),(-2.094395102393,0.,2.094395102393,4.188790204786,
6.28318530718,8.377580409573),.UNSPECIFIED.) CURVE() 
GEOMETRIC_REPRESENTATION_ITEM() RATIONAL_B_SPLINE_CURVE((1.,0.5,1.,0.5,
1.,0.5,1.)) REPRESENTATION_ITEM('') );
#5068 = CARTESIAN_POINT('',(49.3,42.563962,1.2));
#5069 = CARTESIAN_POINT('',(48.087564434702,42.563962,1.2));
#5070 = CARTESIAN_POINT('',(48.693782217351,43.613962,1.2));
#5071 = CARTESIAN_POINT('',(49.3,44.663962,1.2));
#5072 = CARTESIAN_POINT('',(49.906217782649,43.613962,1.2));
#5073 = CARTESIAN_POINT('',(50.512435565298,42.563962,1.2));
#5074 = CARTESIAN_POINT('',(49.3,42.563962,1.2));
#5075 = PCURVE('',#154,#5076);
#5076 = DEFINITIONAL_REPRESENTATION('',(#5077),#5085);
#5077 = ( BOUNDED_CURVE() B_SPLINE_CURVE(2,(#5078,#5079,#5080,#5081,
#5082,#5083,#5084),.UNSPECIFIED.,.T.,.F.) B_SPLINE_CURVE_WITH_KNOTS((3,2
    ,2,3),(0.,2.094395102393,4.188790204786,6.28318530718),
.PIECEWISE_BEZIER_KNOTS.) CURVE() GEOMETRIC_REPRESENTATION_ITEM() 
RATIONAL_B_SPLINE_CURVE((1.,0.5,1.,0.5,1.,0.5,1.)) REPRESENTATION_ITEM(
  '') );
#5078 = CARTESIAN_POINT('',(49.3,42.563962));
#5079 = CARTESIAN_POINT('',(48.087564434702,42.563962));
#5080 = CARTESIAN_POINT('',(48.693782217351,43.613962));
#5081 = CARTESIAN_POINT('',(49.3,44.663962));
#5082 = CARTESIAN_POINT('',(49.906217782649,43.613962));
#5083 = CARTESIAN_POINT('',(50.512435565298,42.563962));
#5084 = CARTESIAN_POINT('',(49.3,42.563962));
#5085 = ( GEOMETRIC_REPRESENTATION_CONTEXT(2) 
PARAMETRIC_REPRESENTATION_CONTEXT() REPRESENTATION_CONTEXT('2D SPACE',''
  ) );
#5086 = PCURVE('',#2178,#5087);
#5087 = DEFINITIONAL_REPRESENTATION('',(#5088),#5096);
#5088 = B_SPLINE_CURVE_WITH_KNOTS('',2,(#5089,#5090,#5091,#5092,#5093,
    #5094,#5095),.UNSPECIFIED.,.F.,.F.,(3,2,2,3),(0.,2.094395102393,
    4.188790204786,6.28318530718),.PIECEWISE_BEZIER_KNOTS.);
#5089 = CARTESIAN_POINT('',(0.,-1.121));
#5090 = CARTESIAN_POINT('',(1.047197551197,-1.121));
#5091 = CARTESIAN_POINT('',(2.094395102393,-1.121));
#5092 = CARTESIAN_POINT('',(3.14159265359,-1.121));
#5093 = CARTESIAN_POINT('',(4.188790204786,-1.121));
#5094 = CARTESIAN_POINT('',(5.235987755983,-1.121));
#5095 = CARTESIAN_POINT('',(6.28318530718,-1.121));
#5096 = ( GEOMETRIC_REPRESENTATION_CONTEXT(2) 
PARAMETRIC_REPRESENTATION_CONTEXT() REPRESENTATION_CONTEXT('2D SPACE',''
  ) );
#5097 = FACE_BOUND('',#5098,.T.);
#5098 = EDGE_LOOP('',(#5099));
#5099 = ORIENTED_EDGE('',*,*,#5100,.T.);
#5100 = EDGE_CURVE('',#5101,#5101,#5103,.T.);
#5101 = VERTEX_POINT('',#5102);
#5102 = CARTESIAN_POINT('',(52.8,40.063962,1.2));
#5103 = SURFACE_CURVE('',#5104,(#5112,#5123),.PCURVE_S1.);
#5104 = ( BOUNDED_CURVE() B_SPLINE_CURVE(2,(#5105,#5106,#5107,#5108,
#5109,#5110,#5111),.UNSPECIFIED.,.T.,.F.) B_SPLINE_CURVE_WITH_KNOTS((1,2
    ,2,2,2,1),(-2.094395102393,0.,2.094395102393,4.188790204786,
6.28318530718,8.377580409573),.UNSPECIFIED.) CURVE() 
GEOMETRIC_REPRESENTATION_ITEM() RATIONAL_B_SPLINE_CURVE((1.,0.5,1.,0.5,
1.,0.5,1.)) REPRESENTATION_ITEM('') );
#5105 = CARTESIAN_POINT('',(52.8,40.063962,1.2));
#5106 = CARTESIAN_POINT('',(51.587564434702,40.063962,1.2));
#5107 = CARTESIAN_POINT('',(52.193782217351,41.113962,1.2));
#5108 = CARTESIAN_POINT('',(52.8,42.163962,1.2));
#5109 = CARTESIAN_POINT('',(53.406217782649,41.113962,1.2));
#5110 = CARTESIAN_POINT('',(54.012435565298,40.063962,1.2));
#5111 = CARTESIAN_POINT('',(52.8,40.063962,1.2));
#5112 = PCURVE('',#154,#5113);
#5113 = DEFINITIONAL_REPRESENTATION('',(#5114),#5122);
#5114 = ( BOUNDED_CURVE() B_SPLINE_CURVE(2,(#5115,#5116,#5117,#5118,
#5119,#5120,#5121),.UNSPECIFIED.,.T.,.F.) B_SPLINE_CURVE_WITH_KNOTS((3,2
    ,2,3),(0.,2.094395102393,4.188790204786,6.28318530718),
.PIECEWISE_BEZIER_KNOTS.) CURVE() GEOMETRIC_REPRESENTATION_ITEM() 
RATIONAL_B_SPLINE_CURVE((1.,0.5,1.,0.5,1.,0.5,1.)) REPRESENTATION_ITEM(
  '') );
#5115 = CARTESIAN_POINT('',(52.8,40.063962));
#5116 = CARTESIAN_POINT('',(51.587564434702,40.063962));
#5117 = CARTESIAN_POINT('',(52.193782217351,41.113962));
#5118 = CARTESIAN_POINT('',(52.8,42.163962));
#5119 = CARTESIAN_POINT('',(53.406217782649,41.113962));
#5120 = CARTESIAN_POINT('',(54.012435565298,40.063962));
#5121 = CARTESIAN_POINT('',(52.8,40.063962));
#5122 = ( GEOMETRIC_REPRESENTATION_CONTEXT(2) 
PARAMETRIC_REPRESENTATION_CONTEXT() REPRESENTATION_CONTEXT('2D SPACE',''
  ) );
#5123 = PCURVE('',#2230,#5124);
#5124 = DEFINITIONAL_REPRESENTATION('',(#5125),#5133);
#5125 = B_SPLINE_CURVE_WITH_KNOTS('',2,(#5126,#5127,#5128,#5129,#5130,
    #5131,#5132),.UNSPECIFIED.,.F.,.F.,(3,2,2,3),(0.,2.094395102393,
    4.188790204786,6.28318530718),.PIECEWISE_BEZIER_KNOTS.);
#5126 = CARTESIAN_POINT('',(0.,-1.121));
#5127 = CARTESIAN_POINT('',(1.047197551197,-1.121));
#5128 = CARTESIAN_POINT('',(2.094395102393,-1.121));
#5129 = CARTESIAN_POINT('',(3.14159265359,-1.121));
#5130 = CARTESIAN_POINT('',(4.188790204786,-1.121));
#5131 = CARTESIAN_POINT('',(5.235987755983,-1.121));
#5132 = CARTESIAN_POINT('',(6.28318530718,-1.121));
#5133 = ( GEOMETRIC_REPRESENTATION_CONTEXT(2) 
PARAMETRIC_REPRESENTATION_CONTEXT() REPRESENTATION_CONTEXT('2D SPACE',''
  ) );
#5134 = FACE_BOUND('',#5135,.T.);
#5135 = EDGE_LOOP('',(#5136));
#5136 = ORIENTED_EDGE('',*,*,#5137,.T.);
#5137 = EDGE_CURVE('',#5138,#5138,#5140,.T.);
#5138 = VERTEX_POINT('',#5139);
#5139 = CARTESIAN_POINT('',(52.8,42.563962,1.2));
#5140 = SURFACE_CURVE('',#5141,(#5149,#5160),.PCURVE_S1.);
#5141 = ( BOUNDED_CURVE() B_SPLINE_CURVE(2,(#5142,#5143,#5144,#5145,
#5146,#5147,#5148),.UNSPECIFIED.,.T.,.F.) B_SPLINE_CURVE_WITH_KNOTS((1,2
    ,2,2,2,1),(-2.094395102393,0.,2.094395102393,4.188790204786,
6.28318530718,8.377580409573),.UNSPECIFIED.) CURVE() 
GEOMETRIC_REPRESENTATION_ITEM() RATIONAL_B_SPLINE_CURVE((1.,0.5,1.,0.5,
1.,0.5,1.)) REPRESENTATION_ITEM('') );
#5142 = CARTESIAN_POINT('',(52.8,42.563962,1.2));
#5143 = CARTESIAN_POINT('',(51.587564434702,42.563962,1.2));
#5144 = CARTESIAN_POINT('',(52.193782217351,43.613962,1.2));
#5145 = CARTESIAN_POINT('',(52.8,44.663962,1.2));
#5146 = CARTESIAN_POINT('',(53.406217782649,43.613962,1.2));
#5147 = CARTESIAN_POINT('',(54.012435565298,42.563962,1.2));
#5148 = CARTESIAN_POINT('',(52.8,42.563962,1.2));
#5149 = PCURVE('',#154,#5150);
#5150 = DEFINITIONAL_REPRESENTATION('',(#5151),#5159);
#5151 = ( BOUNDED_CURVE() B_SPLINE_CURVE(2,(#5152,#5153,#5154,#5155,
#5156,#5157,#5158),.UNSPECIFIED.,.T.,.F.) B_SPLINE_CURVE_WITH_KNOTS((3,2
    ,2,3),(0.,2.094395102393,4.188790204786,6.28318530718),
.PIECEWISE_BEZIER_KNOTS.) CURVE() GEOMETRIC_REPRESENTATION_ITEM() 
RATIONAL_B_SPLINE_CURVE((1.,0.5,1.,0.5,1.,0.5,1.)) REPRESENTATION_ITEM(
  '') );
#5152 = CARTESIAN_POINT('',(52.8,42.563962));
#5153 = CARTESIAN_POINT('',(51.587564434702,42.563962));
#5154 = CARTESIAN_POINT('',(52.193782217351,43.613962));
#5155 = CARTESIAN_POINT('',(52.8,44.663962));
#5156 = CARTESIAN_POINT('',(53.406217782649,43.613962));
#5157 = CARTESIAN_POINT('',(54.012435565298,42.563962));
#5158 = CARTESIAN_POINT('',(52.8,42.563962));
#5159 = ( GEOMETRIC_REPRESENTATION_CONTEXT(2) 
PARAMETRIC_REPRESENTATION_CONTEXT() REPRESENTATION_CONTEXT('2D SPACE',''
  ) );
#5160 = PCURVE('',#2282,#5161);
#5161 = DEFINITIONAL_REPRESENTATION('',(#5162),#5170);
#5162 = B_SPLINE_CURVE_WITH_KNOTS('',2,(#5163,#5164,#5165,#5166,#5167,
    #5168,#5169),.UNSPECIFIED.,.F.,.F.,(3,2,2,3),(0.,2.094395102393,
    4.188790204786,6.28318530718),.PIECEWISE_BEZIER_KNOTS.);
#5163 = CARTESIAN_POINT('',(0.,-1.121));
#5164 = CARTESIAN_POINT('',(1.047197551197,-1.121));
#5165 = CARTESIAN_POINT('',(2.094395102393,-1.121));
#5166 = CARTESIAN_POINT('',(3.14159265359,-1.121));
#5167 = CARTESIAN_POINT('',(4.188790204786,-1.121));
#5168 = CARTESIAN_POINT('',(5.235987755983,-1.121));
#5169 = CARTESIAN_POINT('',(6.28318530718,-1.121));
#5170 = ( GEOMETRIC_REPRESENTATION_CONTEXT(2) 
PARAMETRIC_REPRESENTATION_CONTEXT() REPRESENTATION_CONTEXT('2D SPACE',''
  ) );
#5171 = FACE_BOUND('',#5172,.T.);
#5172 = EDGE_LOOP('',(#5173));
#5173 = ORIENTED_EDGE('',*,*,#5174,.T.);
#5174 = EDGE_CURVE('',#5175,#5175,#5177,.T.);
#5175 = VERTEX_POINT('',#5176);
#5176 = CARTESIAN_POINT('',(11.,53.413962,1.2));
#5177 = SURFACE_CURVE('',#5178,(#5186,#5197),.PCURVE_S1.);
#5178 = ( BOUNDED_CURVE() B_SPLINE_CURVE(2,(#5179,#5180,#5181,#5182,
#5183,#5184,#5185),.UNSPECIFIED.,.T.,.F.) B_SPLINE_CURVE_WITH_KNOTS((1,2
    ,2,2,2,1),(-2.094395102393,0.,2.094395102393,4.188790204786,
6.28318530718,8.377580409573),.UNSPECIFIED.) CURVE() 
GEOMETRIC_REPRESENTATION_ITEM() RATIONAL_B_SPLINE_CURVE((1.,0.5,1.,0.5,
1.,0.5,1.)) REPRESENTATION_ITEM('') );
#5179 = CARTESIAN_POINT('',(11.,53.413962,1.2));
#5180 = CARTESIAN_POINT('',(9.527756813566,53.413962,1.2));
#5181 = CARTESIAN_POINT('',(10.263878406783,54.688962,1.2));
#5182 = CARTESIAN_POINT('',(11.,55.963962,1.2));
#5183 = CARTESIAN_POINT('',(11.736121593217,54.688962,1.2));
#5184 = CARTESIAN_POINT('',(12.472243186434,53.413962,1.2));
#5185 = CARTESIAN_POINT('',(11.,53.413962,1.2));
#5186 = PCURVE('',#154,#5187);
#5187 = DEFINITIONAL_REPRESENTATION('',(#5188),#5196);
#5188 = ( BOUNDED_CURVE() B_SPLINE_CURVE(2,(#5189,#5190,#5191,#5192,
#5193,#5194,#5195),.UNSPECIFIED.,.T.,.F.) B_SPLINE_CURVE_WITH_KNOTS((3,2
    ,2,3),(0.,2.094395102393,4.188790204786,6.28318530718),
.PIECEWISE_BEZIER_KNOTS.) CURVE() GEOMETRIC_REPRESENTATION_ITEM() 
RATIONAL_B_SPLINE_CURVE((1.,0.5,1.,0.5,1.,0.5,1.)) REPRESENTATION_ITEM(
  '') );
#5189 = CARTESIAN_POINT('',(11.,53.413962));
#5190 = CARTESIAN_POINT('',(9.527756813566,53.413962));
#5191 = CARTESIAN_POINT('',(10.263878406783,54.688962));
#5192 = CARTESIAN_POINT('',(11.,55.963962));
#5193 = CARTESIAN_POINT('',(11.736121593217,54.688962));
#5194 = CARTESIAN_POINT('',(12.472243186434,53.413962));
#5195 = CARTESIAN_POINT('',(11.,53.413962));
#5196 = ( GEOMETRIC_REPRESENTATION_CONTEXT(2) 
PARAMETRIC_REPRESENTATION_CONTEXT() REPRESENTATION_CONTEXT('2D SPACE',''
  ) );
#5197 = PCURVE('',#2334,#5198);
#5198 = DEFINITIONAL_REPRESENTATION('',(#5199),#5207);
#5199 = B_SPLINE_CURVE_WITH_KNOTS('',2,(#5200,#5201,#5202,#5203,#5204,
    #5205,#5206),.UNSPECIFIED.,.F.,.F.,(3,2,2,3),(0.,2.094395102393,
    4.188790204786,6.28318530718),.PIECEWISE_BEZIER_KNOTS.);
#5200 = CARTESIAN_POINT('',(0.,-1.121));
#5201 = CARTESIAN_POINT('',(1.047197551197,-1.121));
#5202 = CARTESIAN_POINT('',(2.094395102393,-1.121));
#5203 = CARTESIAN_POINT('',(3.14159265359,-1.121));
#5204 = CARTESIAN_POINT('',(4.188790204786,-1.121));
#5205 = CARTESIAN_POINT('',(5.235987755983,-1.121));
#5206 = CARTESIAN_POINT('',(6.28318530718,-1.121));
#5207 = ( GEOMETRIC_REPRESENTATION_CONTEXT(2) 
PARAMETRIC_REPRESENTATION_CONTEXT() REPRESENTATION_CONTEXT('2D SPACE',''
  ) );
#5208 = FACE_BOUND('',#5209,.T.);
#5209 = EDGE_LOOP('',(#5210));
#5210 = ORIENTED_EDGE('',*,*,#5211,.T.);
#5211 = EDGE_CURVE('',#5212,#5212,#5214,.T.);
#5212 = VERTEX_POINT('',#5213);
#5213 = CARTESIAN_POINT('',(14.96,53.413962,1.2));
#5214 = SURFACE_CURVE('',#5215,(#5223,#5234),.PCURVE_S1.);
#5215 = ( BOUNDED_CURVE() B_SPLINE_CURVE(2,(#5216,#5217,#5218,#5219,
#5220,#5221,#5222),.UNSPECIFIED.,.T.,.F.) B_SPLINE_CURVE_WITH_KNOTS((1,2
    ,2,2,2,1),(-2.094395102393,0.,2.094395102393,4.188790204786,
6.28318530718,8.377580409573),.UNSPECIFIED.) CURVE() 
GEOMETRIC_REPRESENTATION_ITEM() RATIONAL_B_SPLINE_CURVE((1.,0.5,1.,0.5,
1.,0.5,1.)) REPRESENTATION_ITEM('') );
#5216 = CARTESIAN_POINT('',(14.96,53.413962,1.2));
#5217 = CARTESIAN_POINT('',(13.487756813566,53.413962,1.2));
#5218 = CARTESIAN_POINT('',(14.223878406783,54.688962,1.2));
#5219 = CARTESIAN_POINT('',(14.96,55.963962,1.2));
#5220 = CARTESIAN_POINT('',(15.696121593217,54.688962,1.2));
#5221 = CARTESIAN_POINT('',(16.432243186434,53.413962,1.2));
#5222 = CARTESIAN_POINT('',(14.96,53.413962,1.2));
#5223 = PCURVE('',#154,#5224);
#5224 = DEFINITIONAL_REPRESENTATION('',(#5225),#5233);
#5225 = ( BOUNDED_CURVE() B_SPLINE_CURVE(2,(#5226,#5227,#5228,#5229,
#5230,#5231,#5232),.UNSPECIFIED.,.T.,.F.) B_SPLINE_CURVE_WITH_KNOTS((3,2
    ,2,3),(0.,2.094395102393,4.188790204786,6.28318530718),
.PIECEWISE_BEZIER_KNOTS.) CURVE() GEOMETRIC_REPRESENTATION_ITEM() 
RATIONAL_B_SPLINE_CURVE((1.,0.5,1.,0.5,1.,0.5,1.)) REPRESENTATION_ITEM(
  '') );
#5226 = CARTESIAN_POINT('',(14.96,53.413962));
#5227 = CARTESIAN_POINT('',(13.487756813566,53.413962));
#5228 = CARTESIAN_POINT('',(14.223878406783,54.688962));
#5229 = CARTESIAN_POINT('',(14.96,55.963962));
#5230 = CARTESIAN_POINT('',(15.696121593217,54.688962));
#5231 = CARTESIAN_POINT('',(16.432243186434,53.413962));
#5232 = CARTESIAN_POINT('',(14.96,53.413962));
#5233 = ( GEOMETRIC_REPRESENTATION_CONTEXT(2) 
PARAMETRIC_REPRESENTATION_CONTEXT() REPRESENTATION_CONTEXT('2D SPACE',''
  ) );
#5234 = PCURVE('',#2386,#5235);
#5235 = DEFINITIONAL_REPRESENTATION('',(#5236),#5244);
#5236 = B_SPLINE_CURVE_WITH_KNOTS('',2,(#5237,#5238,#5239,#5240,#5241,
    #5242,#5243),.UNSPECIFIED.,.F.,.F.,(3,2,2,3),(0.,2.094395102393,
    4.188790204786,6.28318530718),.PIECEWISE_BEZIER_KNOTS.);
#5237 = CARTESIAN_POINT('',(0.,-1.121));
#5238 = CARTESIAN_POINT('',(1.047197551197,-1.121));
#5239 = CARTESIAN_POINT('',(2.094395102393,-1.121));
#5240 = CARTESIAN_POINT('',(3.14159265359,-1.121));
#5241 = CARTESIAN_POINT('',(4.188790204786,-1.121));
#5242 = CARTESIAN_POINT('',(5.235987755983,-1.121));
#5243 = CARTESIAN_POINT('',(6.28318530718,-1.121));
#5244 = ( GEOMETRIC_REPRESENTATION_CONTEXT(2) 
PARAMETRIC_REPRESENTATION_CONTEXT() REPRESENTATION_CONTEXT('2D SPACE',''
  ) );
#5245 = FACE_BOUND('',#5246,.T.);
#5246 = EDGE_LOOP('',(#5247));
#5247 = ORIENTED_EDGE('',*,*,#5248,.T.);
#5248 = EDGE_CURVE('',#5249,#5249,#5251,.T.);
#5249 = VERTEX_POINT('',#5250);
#5250 = CARTESIAN_POINT('',(7.,61.063962,1.2));
#5251 = SURFACE_CURVE('',#5252,(#5260,#5271),.PCURVE_S1.);
#5252 = ( BOUNDED_CURVE() B_SPLINE_CURVE(2,(#5253,#5254,#5255,#5256,
#5257,#5258,#5259),.UNSPECIFIED.,.T.,.F.) B_SPLINE_CURVE_WITH_KNOTS((1,2
    ,2,2,2,1),(-2.094395102393,0.,2.094395102393,4.188790204786,
6.28318530718,8.377580409573),.UNSPECIFIED.) CURVE() 
GEOMETRIC_REPRESENTATION_ITEM() RATIONAL_B_SPLINE_CURVE((1.,0.5,1.,0.5,
1.,0.5,1.)) REPRESENTATION_ITEM('') );
#5253 = CARTESIAN_POINT('',(7.,61.063962,1.2));
#5254 = CARTESIAN_POINT('',(5.787564434702,61.063962,1.2));
#5255 = CARTESIAN_POINT('',(6.393782217351,62.113962,1.2));
#5256 = CARTESIAN_POINT('',(7.,63.163962,1.2));
#5257 = CARTESIAN_POINT('',(7.606217782649,62.113962,1.2));
#5258 = CARTESIAN_POINT('',(8.212435565298,61.063962,1.2));
#5259 = CARTESIAN_POINT('',(7.,61.063962,1.2));
#5260 = PCURVE('',#154,#5261);
#5261 = DEFINITIONAL_REPRESENTATION('',(#5262),#5270);
#5262 = ( BOUNDED_CURVE() B_SPLINE_CURVE(2,(#5263,#5264,#5265,#5266,
#5267,#5268,#5269),.UNSPECIFIED.,.T.,.F.) B_SPLINE_CURVE_WITH_KNOTS((3,2
    ,2,3),(0.,2.094395102393,4.188790204786,6.28318530718),
.PIECEWISE_BEZIER_KNOTS.) CURVE() GEOMETRIC_REPRESENTATION_ITEM() 
RATIONAL_B_SPLINE_CURVE((1.,0.5,1.,0.5,1.,0.5,1.)) REPRESENTATION_ITEM(
  '') );
#5263 = CARTESIAN_POINT('',(7.,61.063962));
#5264 = CARTESIAN_POINT('',(5.787564434702,61.063962));
#5265 = CARTESIAN_POINT('',(6.393782217351,62.113962));
#5266 = CARTESIAN_POINT('',(7.,63.163962));
#5267 = CARTESIAN_POINT('',(7.606217782649,62.113962));
#5268 = CARTESIAN_POINT('',(8.212435565298,61.063962));
#5269 = CARTESIAN_POINT('',(7.,61.063962));
#5270 = ( GEOMETRIC_REPRESENTATION_CONTEXT(2) 
PARAMETRIC_REPRESENTATION_CONTEXT() REPRESENTATION_CONTEXT('2D SPACE',''
  ) );
#5271 = PCURVE('',#2438,#5272);
#5272 = DEFINITIONAL_REPRESENTATION('',(#5273),#5281);
#5273 = B_SPLINE_CURVE_WITH_KNOTS('',2,(#5274,#5275,#5276,#5277,#5278,
    #5279,#5280),.UNSPECIFIED.,.F.,.F.,(3,2,2,3),(0.,2.094395102393,
    4.188790204786,6.28318530718),.PIECEWISE_BEZIER_KNOTS.);
#5274 = CARTESIAN_POINT('',(0.,-1.121));
#5275 = CARTESIAN_POINT('',(1.047197551197,-1.121));
#5276 = CARTESIAN_POINT('',(2.094395102393,-1.121));
#5277 = CARTESIAN_POINT('',(3.14159265359,-1.121));
#5278 = CARTESIAN_POINT('',(4.188790204786,-1.121));
#5279 = CARTESIAN_POINT('',(5.235987755983,-1.121));
#5280 = CARTESIAN_POINT('',(6.28318530718,-1.121));
#5281 = ( GEOMETRIC_REPRESENTATION_CONTEXT(2) 
PARAMETRIC_REPRESENTATION_CONTEXT() REPRESENTATION_CONTEXT('2D SPACE',''
  ) );
#5282 = FACE_BOUND('',#5283,.T.);
#5283 = EDGE_LOOP('',(#5284));
#5284 = ORIENTED_EDGE('',*,*,#5285,.T.);
#5285 = EDGE_CURVE('',#5286,#5286,#5288,.T.);
#5286 = VERTEX_POINT('',#5287);
#5287 = CARTESIAN_POINT('',(7.,63.563962,1.2));
#5288 = SURFACE_CURVE('',#5289,(#5297,#5308),.PCURVE_S1.);
#5289 = ( BOUNDED_CURVE() B_SPLINE_CURVE(2,(#5290,#5291,#5292,#5293,
#5294,#5295,#5296),.UNSPECIFIED.,.T.,.F.) B_SPLINE_CURVE_WITH_KNOTS((1,2
    ,2,2,2,1),(-2.094395102393,0.,2.094395102393,4.188790204786,
6.28318530718,8.377580409573),.UNSPECIFIED.) CURVE() 
GEOMETRIC_REPRESENTATION_ITEM() RATIONAL_B_SPLINE_CURVE((1.,0.5,1.,0.5,
1.,0.5,1.)) REPRESENTATION_ITEM('') );
#5290 = CARTESIAN_POINT('',(7.,63.563962,1.2));
#5291 = CARTESIAN_POINT('',(5.787564434702,63.563962,1.2));
#5292 = CARTESIAN_POINT('',(6.393782217351,64.613962,1.2));
#5293 = CARTESIAN_POINT('',(7.,65.663962,1.2));
#5294 = CARTESIAN_POINT('',(7.606217782649,64.613962,1.2));
#5295 = CARTESIAN_POINT('',(8.212435565298,63.563962,1.2));
#5296 = CARTESIAN_POINT('',(7.,63.563962,1.2));
#5297 = PCURVE('',#154,#5298);
#5298 = DEFINITIONAL_REPRESENTATION('',(#5299),#5307);
#5299 = ( BOUNDED_CURVE() B_SPLINE_CURVE(2,(#5300,#5301,#5302,#5303,
#5304,#5305,#5306),.UNSPECIFIED.,.T.,.F.) B_SPLINE_CURVE_WITH_KNOTS((3,2
    ,2,3),(0.,2.094395102393,4.188790204786,6.28318530718),
.PIECEWISE_BEZIER_KNOTS.) CURVE() GEOMETRIC_REPRESENTATION_ITEM() 
RATIONAL_B_SPLINE_CURVE((1.,0.5,1.,0.5,1.,0.5,1.)) REPRESENTATION_ITEM(
  '') );
#5300 = CARTESIAN_POINT('',(7.,63.563962));
#5301 = CARTESIAN_POINT('',(5.787564434702,63.563962));
#5302 = CARTESIAN_POINT('',(6.393782217351,64.613962));
#5303 = CARTESIAN_POINT('',(7.,65.663962));
#5304 = CARTESIAN_POINT('',(7.606217782649,64.613962));
#5305 = CARTESIAN_POINT('',(8.212435565298,63.563962));
#5306 = CARTESIAN_POINT('',(7.,63.563962));
#5307 = ( GEOMETRIC_REPRESENTATION_CONTEXT(2) 
PARAMETRIC_REPRESENTATION_CONTEXT() REPRESENTATION_CONTEXT('2D SPACE',''
  ) );
#5308 = PCURVE('',#2490,#5309);
#5309 = DEFINITIONAL_REPRESENTATION('',(#5310),#5318);
#5310 = B_SPLINE_CURVE_WITH_KNOTS('',2,(#5311,#5312,#5313,#5314,#5315,
    #5316,#5317),.UNSPECIFIED.,.F.,.F.,(3,2,2,3),(0.,2.094395102393,
    4.188790204786,6.28318530718),.PIECEWISE_BEZIER_KNOTS.);
#5311 = CARTESIAN_POINT('',(0.,-1.121));
#5312 = CARTESIAN_POINT('',(1.047197551197,-1.121));
#5313 = CARTESIAN_POINT('',(2.094395102393,-1.121));
#5314 = CARTESIAN_POINT('',(3.14159265359,-1.121));
#5315 = CARTESIAN_POINT('',(4.188790204786,-1.121));
#5316 = CARTESIAN_POINT('',(5.235987755983,-1.121));
#5317 = CARTESIAN_POINT('',(6.28318530718,-1.121));
#5318 = ( GEOMETRIC_REPRESENTATION_CONTEXT(2) 
PARAMETRIC_REPRESENTATION_CONTEXT() REPRESENTATION_CONTEXT('2D SPACE',''
  ) );
#5319 = FACE_BOUND('',#5320,.T.);
#5320 = EDGE_LOOP('',(#5321));
#5321 = ORIENTED_EDGE('',*,*,#5322,.T.);
#5322 = EDGE_CURVE('',#5323,#5323,#5325,.T.);
#5323 = VERTEX_POINT('',#5324);
#5324 = CARTESIAN_POINT('',(10.5,61.063962,1.2));
#5325 = SURFACE_CURVE('',#5326,(#5334,#5345),.PCURVE_S1.);
#5326 = ( BOUNDED_CURVE() B_SPLINE_CURVE(2,(#5327,#5328,#5329,#5330,
#5331,#5332,#5333),.UNSPECIFIED.,.T.,.F.) B_SPLINE_CURVE_WITH_KNOTS((1,2
    ,2,2,2,1),(-2.094395102393,0.,2.094395102393,4.188790204786,
6.28318530718,8.377580409573),.UNSPECIFIED.) CURVE() 
GEOMETRIC_REPRESENTATION_ITEM() RATIONAL_B_SPLINE_CURVE((1.,0.5,1.,0.5,
1.,0.5,1.)) REPRESENTATION_ITEM('') );
#5327 = CARTESIAN_POINT('',(10.5,61.063962,1.2));
#5328 = CARTESIAN_POINT('',(9.287564434702,61.063962,1.2));
#5329 = CARTESIAN_POINT('',(9.893782217351,62.113962,1.2));
#5330 = CARTESIAN_POINT('',(10.5,63.163962,1.2));
#5331 = CARTESIAN_POINT('',(11.106217782649,62.113962,1.2));
#5332 = CARTESIAN_POINT('',(11.712435565298,61.063962,1.2));
#5333 = CARTESIAN_POINT('',(10.5,61.063962,1.2));
#5334 = PCURVE('',#154,#5335);
#5335 = DEFINITIONAL_REPRESENTATION('',(#5336),#5344);
#5336 = ( BOUNDED_CURVE() B_SPLINE_CURVE(2,(#5337,#5338,#5339,#5340,
#5341,#5342,#5343),.UNSPECIFIED.,.T.,.F.) B_SPLINE_CURVE_WITH_KNOTS((3,2
    ,2,3),(0.,2.094395102393,4.188790204786,6.28318530718),
.PIECEWISE_BEZIER_KNOTS.) CURVE() GEOMETRIC_REPRESENTATION_ITEM() 
RATIONAL_B_SPLINE_CURVE((1.,0.5,1.,0.5,1.,0.5,1.)) REPRESENTATION_ITEM(
  '') );
#5337 = CARTESIAN_POINT('',(10.5,61.063962));
#5338 = CARTESIAN_POINT('',(9.287564434702,61.063962));
#5339 = CARTESIAN_POINT('',(9.893782217351,62.113962));
#5340 = CARTESIAN_POINT('',(10.5,63.163962));
#5341 = CARTESIAN_POINT('',(11.106217782649,62.113962));
#5342 = CARTESIAN_POINT('',(11.712435565298,61.063962));
#5343 = CARTESIAN_POINT('',(10.5,61.063962));
#5344 = ( GEOMETRIC_REPRESENTATION_CONTEXT(2) 
PARAMETRIC_REPRESENTATION_CONTEXT() REPRESENTATION_CONTEXT('2D SPACE',''
  ) );
#5345 = PCURVE('',#2542,#5346);
#5346 = DEFINITIONAL_REPRESENTATION('',(#5347),#5355);
#5347 = B_SPLINE_CURVE_WITH_KNOTS('',2,(#5348,#5349,#5350,#5351,#5352,
    #5353,#5354),.UNSPECIFIED.,.F.,.F.,(3,2,2,3),(0.,2.094395102393,
    4.188790204786,6.28318530718),.PIECEWISE_BEZIER_KNOTS.);
#5348 = CARTESIAN_POINT('',(0.,-1.121));
#5349 = CARTESIAN_POINT('',(1.047197551197,-1.121));
#5350 = CARTESIAN_POINT('',(2.094395102393,-1.121));
#5351 = CARTESIAN_POINT('',(3.14159265359,-1.121));
#5352 = CARTESIAN_POINT('',(4.188790204786,-1.121));
#5353 = CARTESIAN_POINT('',(5.235987755983,-1.121));
#5354 = CARTESIAN_POINT('',(6.28318530718,-1.121));
#5355 = ( GEOMETRIC_REPRESENTATION_CONTEXT(2) 
PARAMETRIC_REPRESENTATION_CONTEXT() REPRESENTATION_CONTEXT('2D SPACE',''
  ) );
#5356 = FACE_BOUND('',#5357,.T.);
#5357 = EDGE_LOOP('',(#5358));
#5358 = ORIENTED_EDGE('',*,*,#5359,.T.);
#5359 = EDGE_CURVE('',#5360,#5360,#5362,.T.);
#5360 = VERTEX_POINT('',#5361);
#5361 = CARTESIAN_POINT('',(10.5,63.563962,1.2));
#5362 = SURFACE_CURVE('',#5363,(#5371,#5382),.PCURVE_S1.);
#5363 = ( BOUNDED_CURVE() B_SPLINE_CURVE(2,(#5364,#5365,#5366,#5367,
#5368,#5369,#5370),.UNSPECIFIED.,.T.,.F.) B_SPLINE_CURVE_WITH_KNOTS((1,2
    ,2,2,2,1),(-2.094395102393,0.,2.094395102393,4.188790204786,
6.28318530718,8.377580409573),.UNSPECIFIED.) CURVE() 
GEOMETRIC_REPRESENTATION_ITEM() RATIONAL_B_SPLINE_CURVE((1.,0.5,1.,0.5,
1.,0.5,1.)) REPRESENTATION_ITEM('') );
#5364 = CARTESIAN_POINT('',(10.5,63.563962,1.2));
#5365 = CARTESIAN_POINT('',(9.287564434702,63.563962,1.2));
#5366 = CARTESIAN_POINT('',(9.893782217351,64.613962,1.2));
#5367 = CARTESIAN_POINT('',(10.5,65.663962,1.2));
#5368 = CARTESIAN_POINT('',(11.106217782649,64.613962,1.2));
#5369 = CARTESIAN_POINT('',(11.712435565298,63.563962,1.2));
#5370 = CARTESIAN_POINT('',(10.5,63.563962,1.2));
#5371 = PCURVE('',#154,#5372);
#5372 = DEFINITIONAL_REPRESENTATION('',(#5373),#5381);
#5373 = ( BOUNDED_CURVE() B_SPLINE_CURVE(2,(#5374,#5375,#5376,#5377,
#5378,#5379,#5380),.UNSPECIFIED.,.T.,.F.) B_SPLINE_CURVE_WITH_KNOTS((3,2
    ,2,3),(0.,2.094395102393,4.188790204786,6.28318530718),
.PIECEWISE_BEZIER_KNOTS.) CURVE() GEOMETRIC_REPRESENTATION_ITEM() 
RATIONAL_B_SPLINE_CURVE((1.,0.5,1.,0.5,1.,0.5,1.)) REPRESENTATION_ITEM(
  '') );
#5374 = CARTESIAN_POINT('',(10.5,63.563962));
#5375 = CARTESIAN_POINT('',(9.287564434702,63.563962));
#5376 = CARTESIAN_POINT('',(9.893782217351,64.613962));
#5377 = CARTESIAN_POINT('',(10.5,65.663962));
#5378 = CARTESIAN_POINT('',(11.106217782649,64.613962));
#5379 = CARTESIAN_POINT('',(11.712435565298,63.563962));
#5380 = CARTESIAN_POINT('',(10.5,63.563962));
#5381 = ( GEOMETRIC_REPRESENTATION_CONTEXT(2) 
PARAMETRIC_REPRESENTATION_CONTEXT() REPRESENTATION_CONTEXT('2D SPACE',''
  ) );
#5382 = PCURVE('',#2594,#5383);
#5383 = DEFINITIONAL_REPRESENTATION('',(#5384),#5392);
#5384 = B_SPLINE_CURVE_WITH_KNOTS('',2,(#5385,#5386,#5387,#5388,#5389,
    #5390,#5391),.UNSPECIFIED.,.F.,.F.,(3,2,2,3),(0.,2.094395102393,
    4.188790204786,6.28318530718),.PIECEWISE_BEZIER_KNOTS.);
#5385 = CARTESIAN_POINT('',(0.,-1.121));
#5386 = CARTESIAN_POINT('',(1.047197551197,-1.121));
#5387 = CARTESIAN_POINT('',(2.094395102393,-1.121));
#5388 = CARTESIAN_POINT('',(3.14159265359,-1.121));
#5389 = CARTESIAN_POINT('',(4.188790204786,-1.121));
#5390 = CARTESIAN_POINT('',(5.235987755983,-1.121));
#5391 = CARTESIAN_POINT('',(6.28318530718,-1.121));
#5392 = ( GEOMETRIC_REPRESENTATION_CONTEXT(2) 
PARAMETRIC_REPRESENTATION_CONTEXT() REPRESENTATION_CONTEXT('2D SPACE',''
  ) );
#5393 = FACE_BOUND('',#5394,.T.);
#5394 = EDGE_LOOP('',(#5395));
#5395 = ORIENTED_EDGE('',*,*,#5396,.T.);
#5396 = EDGE_CURVE('',#5397,#5397,#5399,.T.);
#5397 = VERTEX_POINT('',#5398);
#5398 = CARTESIAN_POINT('',(13.4,61.813962,1.2));
#5399 = SURFACE_CURVE('',#5400,(#5408,#5419),.PCURVE_S1.);
#5400 = ( BOUNDED_CURVE() B_SPLINE_CURVE(2,(#5401,#5402,#5403,#5404,
#5405,#5406,#5407),.UNSPECIFIED.,.T.,.F.) B_SPLINE_CURVE_WITH_KNOTS((1,2
    ,2,2,2,1),(-2.094395102393,0.,2.094395102393,4.188790204786,
6.28318530718,8.377580409573),.UNSPECIFIED.) CURVE() 
GEOMETRIC_REPRESENTATION_ITEM() RATIONAL_B_SPLINE_CURVE((1.,0.5,1.,0.5,
1.,0.5,1.)) REPRESENTATION_ITEM('') );
#5401 = CARTESIAN_POINT('',(13.4,61.813962,1.2));
#5402 = CARTESIAN_POINT('',(11.321539030917,61.813962,1.2));
#5403 = CARTESIAN_POINT('',(12.360769515459,63.613962,1.2));
#5404 = CARTESIAN_POINT('',(13.4,65.413962,1.2));
#5405 = CARTESIAN_POINT('',(14.439230484541,63.613962,1.2));
#5406 = CARTESIAN_POINT('',(15.478460969083,61.813962,1.2));
#5407 = CARTESIAN_POINT('',(13.4,61.813962,1.2));
#5408 = PCURVE('',#154,#5409);
#5409 = DEFINITIONAL_REPRESENTATION('',(#5410),#5418);
#5410 = ( BOUNDED_CURVE() B_SPLINE_CURVE(2,(#5411,#5412,#5413,#5414,
#5415,#5416,#5417),.UNSPECIFIED.,.T.,.F.) B_SPLINE_CURVE_WITH_KNOTS((3,2
    ,2,3),(1.789974947754E-15,2.094395102393,4.188790204786,
6.28318530718),.UNSPECIFIED.) CURVE() GEOMETRIC_REPRESENTATION_ITEM() 
RATIONAL_B_SPLINE_CURVE((1.,0.5,1.,0.5,1.,0.5,1.)) REPRESENTATION_ITEM(
  '') );
#5411 = CARTESIAN_POINT('',(13.4,61.813962));
#5412 = CARTESIAN_POINT('',(11.321539030917,61.813962));
#5413 = CARTESIAN_POINT('',(12.360769515459,63.613962));
#5414 = CARTESIAN_POINT('',(13.4,65.413962));
#5415 = CARTESIAN_POINT('',(14.439230484541,63.613962));
#5416 = CARTESIAN_POINT('',(15.478460969083,61.813962));
#5417 = CARTESIAN_POINT('',(13.4,61.813962));
#5418 = ( GEOMETRIC_REPRESENTATION_CONTEXT(2) 
PARAMETRIC_REPRESENTATION_CONTEXT() REPRESENTATION_CONTEXT('2D SPACE',''
  ) );
#5419 = PCURVE('',#2646,#5420);
#5420 = DEFINITIONAL_REPRESENTATION('',(#5421),#5429);
#5421 = B_SPLINE_CURVE_WITH_KNOTS('',2,(#5422,#5423,#5424,#5425,#5426,
    #5427,#5428),.UNSPECIFIED.,.F.,.F.,(3,2,2,3),(1.789974947754E-15,
    2.094395102393,4.188790204786,6.28318530718),.UNSPECIFIED.);
#5422 = CARTESIAN_POINT('',(3.579949895508E-15,-1.121));
#5423 = CARTESIAN_POINT('',(1.047197551197,-1.121));
#5424 = CARTESIAN_POINT('',(2.094395102393,-1.121));
#5425 = CARTESIAN_POINT('',(3.14159265359,-1.121));
#5426 = CARTESIAN_POINT('',(4.188790204786,-1.121));
#5427 = CARTESIAN_POINT('',(5.235987755983,-1.121));
#5428 = CARTESIAN_POINT('',(6.28318530718,-1.121));
#5429 = ( GEOMETRIC_REPRESENTATION_CONTEXT(2) 
PARAMETRIC_REPRESENTATION_CONTEXT() REPRESENTATION_CONTEXT('2D SPACE',''
  ) );
#5430 = FACE_BOUND('',#5431,.T.);
#5431 = EDGE_LOOP('',(#5432));
#5432 = ORIENTED_EDGE('',*,*,#5433,.T.);
#5433 = EDGE_CURVE('',#5434,#5434,#5436,.T.);
#5434 = VERTEX_POINT('',#5435);
#5435 = CARTESIAN_POINT('',(16.3,61.063962,1.2));
#5436 = SURFACE_CURVE('',#5437,(#5445,#5456),.PCURVE_S1.);
#5437 = ( BOUNDED_CURVE() B_SPLINE_CURVE(2,(#5438,#5439,#5440,#5441,
#5442,#5443,#5444),.UNSPECIFIED.,.T.,.F.) B_SPLINE_CURVE_WITH_KNOTS((1,2
    ,2,2,2,1),(-2.094395102393,0.,2.094395102393,4.188790204786,
6.28318530718,8.377580409573),.UNSPECIFIED.) CURVE() 
GEOMETRIC_REPRESENTATION_ITEM() RATIONAL_B_SPLINE_CURVE((1.,0.5,1.,0.5,
1.,0.5,1.)) REPRESENTATION_ITEM('') );
#5438 = CARTESIAN_POINT('',(16.3,61.063962,1.2));
#5439 = CARTESIAN_POINT('',(15.087564434702,61.063962,1.2));
#5440 = CARTESIAN_POINT('',(15.693782217351,62.113962,1.2));
#5441 = CARTESIAN_POINT('',(16.3,63.163962,1.2));
#5442 = CARTESIAN_POINT('',(16.906217782649,62.113962,1.2));
#5443 = CARTESIAN_POINT('',(17.512435565298,61.063962,1.2));
#5444 = CARTESIAN_POINT('',(16.3,61.063962,1.2));
#5445 = PCURVE('',#154,#5446);
#5446 = DEFINITIONAL_REPRESENTATION('',(#5447),#5455);
#5447 = ( BOUNDED_CURVE() B_SPLINE_CURVE(2,(#5448,#5449,#5450,#5451,
#5452,#5453,#5454),.UNSPECIFIED.,.T.,.F.) B_SPLINE_CURVE_WITH_KNOTS((3,2
    ,2,3),(0.,2.094395102393,4.188790204786,6.28318530718),
.PIECEWISE_BEZIER_KNOTS.) CURVE() GEOMETRIC_REPRESENTATION_ITEM() 
RATIONAL_B_SPLINE_CURVE((1.,0.5,1.,0.5,1.,0.5,1.)) REPRESENTATION_ITEM(
  '') );
#5448 = CARTESIAN_POINT('',(16.3,61.063962));
#5449 = CARTESIAN_POINT('',(15.087564434702,61.063962));
#5450 = CARTESIAN_POINT('',(15.693782217351,62.113962));
#5451 = CARTESIAN_POINT('',(16.3,63.163962));
#5452 = CARTESIAN_POINT('',(16.906217782649,62.113962));
#5453 = CARTESIAN_POINT('',(17.512435565298,61.063962));
#5454 = CARTESIAN_POINT('',(16.3,61.063962));
#5455 = ( GEOMETRIC_REPRESENTATION_CONTEXT(2) 
PARAMETRIC_REPRESENTATION_CONTEXT() REPRESENTATION_CONTEXT('2D SPACE',''
  ) );
#5456 = PCURVE('',#2698,#5457);
#5457 = DEFINITIONAL_REPRESENTATION('',(#5458),#5466);
#5458 = B_SPLINE_CURVE_WITH_KNOTS('',2,(#5459,#5460,#5461,#5462,#5463,
    #5464,#5465),.UNSPECIFIED.,.F.,.F.,(3,2,2,3),(0.,2.094395102393,
    4.188790204786,6.28318530718),.PIECEWISE_BEZIER_KNOTS.);
#5459 = CARTESIAN_POINT('',(0.,-1.121));
#5460 = CARTESIAN_POINT('',(1.047197551197,-1.121));
#5461 = CARTESIAN_POINT('',(2.094395102393,-1.121));
#5462 = CARTESIAN_POINT('',(3.14159265359,-1.121));
#5463 = CARTESIAN_POINT('',(4.188790204786,-1.121));
#5464 = CARTESIAN_POINT('',(5.235987755983,-1.121));
#5465 = CARTESIAN_POINT('',(6.28318530718,-1.121));
#5466 = ( GEOMETRIC_REPRESENTATION_CONTEXT(2) 
PARAMETRIC_REPRESENTATION_CONTEXT() REPRESENTATION_CONTEXT('2D SPACE',''
  ) );
#5467 = FACE_BOUND('',#5468,.T.);
#5468 = EDGE_LOOP('',(#5469));
#5469 = ORIENTED_EDGE('',*,*,#5470,.T.);
#5470 = EDGE_CURVE('',#5471,#5471,#5473,.T.);
#5471 = VERTEX_POINT('',#5472);
#5472 = CARTESIAN_POINT('',(16.3,63.563962,1.2));
#5473 = SURFACE_CURVE('',#5474,(#5482,#5493),.PCURVE_S1.);
#5474 = ( BOUNDED_CURVE() B_SPLINE_CURVE(2,(#5475,#5476,#5477,#5478,
#5479,#5480,#5481),.UNSPECIFIED.,.T.,.F.) B_SPLINE_CURVE_WITH_KNOTS((1,2
    ,2,2,2,1),(-2.094395102393,0.,2.094395102393,4.188790204786,
6.28318530718,8.377580409573),.UNSPECIFIED.) CURVE() 
GEOMETRIC_REPRESENTATION_ITEM() RATIONAL_B_SPLINE_CURVE((1.,0.5,1.,0.5,
1.,0.5,1.)) REPRESENTATION_ITEM('') );
#5475 = CARTESIAN_POINT('',(16.3,63.563962,1.2));
#5476 = CARTESIAN_POINT('',(15.087564434702,63.563962,1.2));
#5477 = CARTESIAN_POINT('',(15.693782217351,64.613962,1.2));
#5478 = CARTESIAN_POINT('',(16.3,65.663962,1.2));
#5479 = CARTESIAN_POINT('',(16.906217782649,64.613962,1.2));
#5480 = CARTESIAN_POINT('',(17.512435565298,63.563962,1.2));
#5481 = CARTESIAN_POINT('',(16.3,63.563962,1.2));
#5482 = PCURVE('',#154,#5483);
#5483 = DEFINITIONAL_REPRESENTATION('',(#5484),#5492);
#5484 = ( BOUNDED_CURVE() B_SPLINE_CURVE(2,(#5485,#5486,#5487,#5488,
#5489,#5490,#5491),.UNSPECIFIED.,.T.,.F.) B_SPLINE_CURVE_WITH_KNOTS((3,2
    ,2,3),(0.,2.094395102393,4.188790204786,6.28318530718),
.PIECEWISE_BEZIER_KNOTS.) CURVE() GEOMETRIC_REPRESENTATION_ITEM() 
RATIONAL_B_SPLINE_CURVE((1.,0.5,1.,0.5,1.,0.5,1.)) REPRESENTATION_ITEM(
  '') );
#5485 = CARTESIAN_POINT('',(16.3,63.563962));
#5486 = CARTESIAN_POINT('',(15.087564434702,63.563962));
#5487 = CARTESIAN_POINT('',(15.693782217351,64.613962));
#5488 = CARTESIAN_POINT('',(16.3,65.663962));
#5489 = CARTESIAN_POINT('',(16.906217782649,64.613962));
#5490 = CARTESIAN_POINT('',(17.512435565298,63.563962));
#5491 = CARTESIAN_POINT('',(16.3,63.563962));
#5492 = ( GEOMETRIC_REPRESENTATION_CONTEXT(2) 
PARAMETRIC_REPRESENTATION_CONTEXT() REPRESENTATION_CONTEXT('2D SPACE',''
  ) );
#5493 = PCURVE('',#2750,#5494);
#5494 = DEFINITIONAL_REPRESENTATION('',(#5495),#5503);
#5495 = B_SPLINE_CURVE_WITH_KNOTS('',2,(#5496,#5497,#5498,#5499,#5500,
    #5501,#5502),.UNSPECIFIED.,.F.,.F.,(3,2,2,3),(0.,2.094395102393,
    4.188790204786,6.28318530718),.PIECEWISE_BEZIER_KNOTS.);
#5496 = CARTESIAN_POINT('',(0.,-1.121));
#5497 = CARTESIAN_POINT('',(1.047197551197,-1.121));
#5498 = CARTESIAN_POINT('',(2.094395102393,-1.121));
#5499 = CARTESIAN_POINT('',(3.14159265359,-1.121));
#5500 = CARTESIAN_POINT('',(4.188790204786,-1.121));
#5501 = CARTESIAN_POINT('',(5.235987755983,-1.121));
#5502 = CARTESIAN_POINT('',(6.28318530718,-1.121));
#5503 = ( GEOMETRIC_REPRESENTATION_CONTEXT(2) 
PARAMETRIC_REPRESENTATION_CONTEXT() REPRESENTATION_CONTEXT('2D SPACE',''
  ) );
#5504 = FACE_BOUND('',#5505,.T.);
#5505 = EDGE_LOOP('',(#5506));
#5506 = ORIENTED_EDGE('',*,*,#5507,.T.);
#5507 = EDGE_CURVE('',#5508,#5508,#5510,.T.);
#5508 = VERTEX_POINT('',#5509);
#5509 = CARTESIAN_POINT('',(19.8,61.063962,1.2));
#5510 = SURFACE_CURVE('',#5511,(#5519,#5530),.PCURVE_S1.);
#5511 = ( BOUNDED_CURVE() B_SPLINE_CURVE(2,(#5512,#5513,#5514,#5515,
#5516,#5517,#5518),.UNSPECIFIED.,.T.,.F.) B_SPLINE_CURVE_WITH_KNOTS((1,2
    ,2,2,2,1),(-2.094395102393,0.,2.094395102393,4.188790204786,
6.28318530718,8.377580409573),.UNSPECIFIED.) CURVE() 
GEOMETRIC_REPRESENTATION_ITEM() RATIONAL_B_SPLINE_CURVE((1.,0.5,1.,0.5,
1.,0.5,1.)) REPRESENTATION_ITEM('') );
#5512 = CARTESIAN_POINT('',(19.8,61.063962,1.2));
#5513 = CARTESIAN_POINT('',(18.587564434702,61.063962,1.2));
#5514 = CARTESIAN_POINT('',(19.193782217351,62.113962,1.2));
#5515 = CARTESIAN_POINT('',(19.8,63.163962,1.2));
#5516 = CARTESIAN_POINT('',(20.406217782649,62.113962,1.2));
#5517 = CARTESIAN_POINT('',(21.012435565298,61.063962,1.2));
#5518 = CARTESIAN_POINT('',(19.8,61.063962,1.2));
#5519 = PCURVE('',#154,#5520);
#5520 = DEFINITIONAL_REPRESENTATION('',(#5521),#5529);
#5521 = ( BOUNDED_CURVE() B_SPLINE_CURVE(2,(#5522,#5523,#5524,#5525,
#5526,#5527,#5528),.UNSPECIFIED.,.T.,.F.) B_SPLINE_CURVE_WITH_KNOTS((3,2
    ,2,3),(0.,2.094395102393,4.188790204786,6.28318530718),
.PIECEWISE_BEZIER_KNOTS.) CURVE() GEOMETRIC_REPRESENTATION_ITEM() 
RATIONAL_B_SPLINE_CURVE((1.,0.5,1.,0.5,1.,0.5,1.)) REPRESENTATION_ITEM(
  '') );
#5522 = CARTESIAN_POINT('',(19.8,61.063962));
#5523 = CARTESIAN_POINT('',(18.587564434702,61.063962));
#5524 = CARTESIAN_POINT('',(19.193782217351,62.113962));
#5525 = CARTESIAN_POINT('',(19.8,63.163962));
#5526 = CARTESIAN_POINT('',(20.406217782649,62.113962));
#5527 = CARTESIAN_POINT('',(21.012435565298,61.063962));
#5528 = CARTESIAN_POINT('',(19.8,61.063962));
#5529 = ( GEOMETRIC_REPRESENTATION_CONTEXT(2) 
PARAMETRIC_REPRESENTATION_CONTEXT() REPRESENTATION_CONTEXT('2D SPACE',''
  ) );
#5530 = PCURVE('',#2802,#5531);
#5531 = DEFINITIONAL_REPRESENTATION('',(#5532),#5540);
#5532 = B_SPLINE_CURVE_WITH_KNOTS('',2,(#5533,#5534,#5535,#5536,#5537,
    #5538,#5539),.UNSPECIFIED.,.F.,.F.,(3,2,2,3),(0.,2.094395102393,
    4.188790204786,6.28318530718),.PIECEWISE_BEZIER_KNOTS.);
#5533 = CARTESIAN_POINT('',(0.,-1.121));
#5534 = CARTESIAN_POINT('',(1.047197551197,-1.121));
#5535 = CARTESIAN_POINT('',(2.094395102393,-1.121));
#5536 = CARTESIAN_POINT('',(3.14159265359,-1.121));
#5537 = CARTESIAN_POINT('',(4.188790204786,-1.121));
#5538 = CARTESIAN_POINT('',(5.235987755983,-1.121));
#5539 = CARTESIAN_POINT('',(6.28318530718,-1.121));
#5540 = ( GEOMETRIC_REPRESENTATION_CONTEXT(2) 
PARAMETRIC_REPRESENTATION_CONTEXT() REPRESENTATION_CONTEXT('2D SPACE',''
  ) );
#5541 = FACE_BOUND('',#5542,.T.);
#5542 = EDGE_LOOP('',(#5543));
#5543 = ORIENTED_EDGE('',*,*,#5544,.T.);
#5544 = EDGE_CURVE('',#5545,#5545,#5547,.T.);
#5545 = VERTEX_POINT('',#5546);
#5546 = CARTESIAN_POINT('',(19.8,63.563962,1.2));
#5547 = SURFACE_CURVE('',#5548,(#5556,#5567),.PCURVE_S1.);
#5548 = ( BOUNDED_CURVE() B_SPLINE_CURVE(2,(#5549,#5550,#5551,#5552,
#5553,#5554,#5555),.UNSPECIFIED.,.T.,.F.) B_SPLINE_CURVE_WITH_KNOTS((1,2
    ,2,2,2,1),(-2.094395102393,0.,2.094395102393,4.188790204786,
6.28318530718,8.377580409573),.UNSPECIFIED.) CURVE() 
GEOMETRIC_REPRESENTATION_ITEM() RATIONAL_B_SPLINE_CURVE((1.,0.5,1.,0.5,
1.,0.5,1.)) REPRESENTATION_ITEM('') );
#5549 = CARTESIAN_POINT('',(19.8,63.563962,1.2));
#5550 = CARTESIAN_POINT('',(18.587564434702,63.563962,1.2));
#5551 = CARTESIAN_POINT('',(19.193782217351,64.613962,1.2));
#5552 = CARTESIAN_POINT('',(19.8,65.663962,1.2));
#5553 = CARTESIAN_POINT('',(20.406217782649,64.613962,1.2));
#5554 = CARTESIAN_POINT('',(21.012435565298,63.563962,1.2));
#5555 = CARTESIAN_POINT('',(19.8,63.563962,1.2));
#5556 = PCURVE('',#154,#5557);
#5557 = DEFINITIONAL_REPRESENTATION('',(#5558),#5566);
#5558 = ( BOUNDED_CURVE() B_SPLINE_CURVE(2,(#5559,#5560,#5561,#5562,
#5563,#5564,#5565),.UNSPECIFIED.,.T.,.F.) B_SPLINE_CURVE_WITH_KNOTS((3,2
    ,2,3),(0.,2.094395102393,4.188790204786,6.28318530718),
.PIECEWISE_BEZIER_KNOTS.) CURVE() GEOMETRIC_REPRESENTATION_ITEM() 
RATIONAL_B_SPLINE_CURVE((1.,0.5,1.,0.5,1.,0.5,1.)) REPRESENTATION_ITEM(
  '') );
#5559 = CARTESIAN_POINT('',(19.8,63.563962));
#5560 = CARTESIAN_POINT('',(18.587564434702,63.563962));
#5561 = CARTESIAN_POINT('',(19.193782217351,64.613962));
#5562 = CARTESIAN_POINT('',(19.8,65.663962));
#5563 = CARTESIAN_POINT('',(20.406217782649,64.613962));
#5564 = CARTESIAN_POINT('',(21.012435565298,63.563962));
#5565 = CARTESIAN_POINT('',(19.8,63.563962));
#5566 = ( GEOMETRIC_REPRESENTATION_CONTEXT(2) 
PARAMETRIC_REPRESENTATION_CONTEXT() REPRESENTATION_CONTEXT('2D SPACE',''
  ) );
#5567 = PCURVE('',#2854,#5568);
#5568 = DEFINITIONAL_REPRESENTATION('',(#5569),#5577);
#5569 = B_SPLINE_CURVE_WITH_KNOTS('',2,(#5570,#5571,#5572,#5573,#5574,
    #5575,#5576),.UNSPECIFIED.,.F.,.F.,(3,2,2,3),(0.,2.094395102393,
    4.188790204786,6.28318530718),.PIECEWISE_BEZIER_KNOTS.);
#5570 = CARTESIAN_POINT('',(0.,-1.121));
#5571 = CARTESIAN_POINT('',(1.047197551197,-1.121));
#5572 = CARTESIAN_POINT('',(2.094395102393,-1.121));
#5573 = CARTESIAN_POINT('',(3.14159265359,-1.121));
#5574 = CARTESIAN_POINT('',(4.188790204786,-1.121));
#5575 = CARTESIAN_POINT('',(5.235987755983,-1.121));
#5576 = CARTESIAN_POINT('',(6.28318530718,-1.121));
#5577 = ( GEOMETRIC_REPRESENTATION_CONTEXT(2) 
PARAMETRIC_REPRESENTATION_CONTEXT() REPRESENTATION_CONTEXT('2D SPACE',''
  ) );
#5578 = FACE_BOUND('',#5579,.T.);
#5579 = EDGE_LOOP('',(#5580));
#5580 = ORIENTED_EDGE('',*,*,#5581,.T.);
#5581 = EDGE_CURVE('',#5582,#5582,#5584,.T.);
#5582 = VERTEX_POINT('',#5583);
#5583 = CARTESIAN_POINT('',(8.,90.013962,1.2));
#5584 = SURFACE_CURVE('',#5585,(#5593,#5604),.PCURVE_S1.);
#5585 = ( BOUNDED_CURVE() B_SPLINE_CURVE(2,(#5586,#5587,#5588,#5589,
#5590,#5591,#5592),.UNSPECIFIED.,.T.,.F.) B_SPLINE_CURVE_WITH_KNOTS((1,2
    ,2,2,2,1),(-2.094395102393,0.,2.094395102393,4.188790204786,
6.28318530718,8.377580409573),.UNSPECIFIED.) CURVE() 
GEOMETRIC_REPRESENTATION_ITEM() RATIONAL_B_SPLINE_CURVE((1.,0.5,1.,0.5,
1.,0.5,1.)) REPRESENTATION_ITEM('') );
#5586 = CARTESIAN_POINT('',(8.,90.013962,1.2));
#5587 = CARTESIAN_POINT('',(4.10288568297,90.013962,1.2));
#5588 = CARTESIAN_POINT('',(6.051442841485,93.388962,1.2));
#5589 = CARTESIAN_POINT('',(8.,96.763962,1.2));
#5590 = CARTESIAN_POINT('',(9.948557158515,93.388962,1.2));
#5591 = CARTESIAN_POINT('',(11.89711431703,90.013962,1.2));
#5592 = CARTESIAN_POINT('',(8.,90.013962,1.2));
#5593 = PCURVE('',#154,#5594);
#5594 = DEFINITIONAL_REPRESENTATION('',(#5595),#5603);
#5595 = ( BOUNDED_CURVE() B_SPLINE_CURVE(2,(#5596,#5597,#5598,#5599,
#5600,#5601,#5602),.UNSPECIFIED.,.T.,.F.) B_SPLINE_CURVE_WITH_KNOTS((3,2
    ,2,3),(0.,2.094395102393,4.188790204786,6.28318530718),
.PIECEWISE_BEZIER_KNOTS.) CURVE() GEOMETRIC_REPRESENTATION_ITEM() 
RATIONAL_B_SPLINE_CURVE((1.,0.5,1.,0.5,1.,0.5,1.)) REPRESENTATION_ITEM(
  '') );
#5596 = CARTESIAN_POINT('',(8.,90.013962));
#5597 = CARTESIAN_POINT('',(4.10288568297,90.013962));
#5598 = CARTESIAN_POINT('',(6.051442841485,93.388962));
#5599 = CARTESIAN_POINT('',(8.,96.763962));
#5600 = CARTESIAN_POINT('',(9.948557158515,93.388962));
#5601 = CARTESIAN_POINT('',(11.89711431703,90.013962));
#5602 = CARTESIAN_POINT('',(8.,90.013962));
#5603 = ( GEOMETRIC_REPRESENTATION_CONTEXT(2) 
PARAMETRIC_REPRESENTATION_CONTEXT() REPRESENTATION_CONTEXT('2D SPACE',''
  ) );
#5604 = PCURVE('',#2906,#5605);
#5605 = DEFINITIONAL_REPRESENTATION('',(#5606),#5614);
#5606 = B_SPLINE_CURVE_WITH_KNOTS('',2,(#5607,#5608,#5609,#5610,#5611,
    #5612,#5613),.UNSPECIFIED.,.F.,.F.,(3,2,2,3),(0.,2.094395102393,
    4.188790204786,6.28318530718),.PIECEWISE_BEZIER_KNOTS.);
#5607 = CARTESIAN_POINT('',(0.,-1.121));
#5608 = CARTESIAN_POINT('',(1.047197551197,-1.121));
#5609 = CARTESIAN_POINT('',(2.094395102393,-1.121));
#5610 = CARTESIAN_POINT('',(3.14159265359,-1.121));
#5611 = CARTESIAN_POINT('',(4.188790204786,-1.121));
#5612 = CARTESIAN_POINT('',(5.235987755983,-1.121));
#5613 = CARTESIAN_POINT('',(6.28318530718,-1.121));
#5614 = ( GEOMETRIC_REPRESENTATION_CONTEXT(2) 
PARAMETRIC_REPRESENTATION_CONTEXT() REPRESENTATION_CONTEXT('2D SPACE',''
  ) );
#5615 = FACE_BOUND('',#5616,.T.);
#5616 = EDGE_LOOP('',(#5617));
#5617 = ORIENTED_EDGE('',*,*,#5618,.T.);
#5618 = EDGE_CURVE('',#5619,#5619,#5621,.T.);
#5619 = VERTEX_POINT('',#5620);
#5620 = CARTESIAN_POINT('',(26.82,86.553962,1.2));
#5621 = SURFACE_CURVE('',#5622,(#5630,#5641),.PCURVE_S1.);
#5622 = ( BOUNDED_CURVE() B_SPLINE_CURVE(2,(#5623,#5624,#5625,#5626,
#5627,#5628,#5629),.UNSPECIFIED.,.T.,.F.) B_SPLINE_CURVE_WITH_KNOTS((1,2
    ,2,2,2,1),(-2.094395102393,0.,2.094395102393,4.188790204786,
6.28318530718,8.377580409573),.UNSPECIFIED.) CURVE() 
GEOMETRIC_REPRESENTATION_ITEM() RATIONAL_B_SPLINE_CURVE((1.,0.5,1.,0.5,
1.,0.5,1.)) REPRESENTATION_ITEM('') );
#5623 = CARTESIAN_POINT('',(26.82,86.553962,1.2));
#5624 = CARTESIAN_POINT('',(25.520961894323,86.553962,1.2));
#5625 = CARTESIAN_POINT('',(26.170480947162,87.678962,1.2));
#5626 = CARTESIAN_POINT('',(26.82,88.803962,1.2));
#5627 = CARTESIAN_POINT('',(27.469519052838,87.678962,1.2));
#5628 = CARTESIAN_POINT('',(28.119038105677,86.553962,1.2));
#5629 = CARTESIAN_POINT('',(26.82,86.553962,1.2));
#5630 = PCURVE('',#154,#5631);
#5631 = DEFINITIONAL_REPRESENTATION('',(#5632),#5640);
#5632 = ( BOUNDED_CURVE() B_SPLINE_CURVE(2,(#5633,#5634,#5635,#5636,
#5637,#5638,#5639),.UNSPECIFIED.,.T.,.F.) B_SPLINE_CURVE_WITH_KNOTS((3,2
    ,2,3),(0.,2.094395102393,4.188790204786,6.28318530718),
.PIECEWISE_BEZIER_KNOTS.) CURVE() GEOMETRIC_REPRESENTATION_ITEM() 
RATIONAL_B_SPLINE_CURVE((1.,0.5,1.,0.5,1.,0.5,1.)) REPRESENTATION_ITEM(
  '') );
#5633 = CARTESIAN_POINT('',(26.82,86.553962));
#5634 = CARTESIAN_POINT('',(25.520961894323,86.553962));
#5635 = CARTESIAN_POINT('',(26.170480947162,87.678962));
#5636 = CARTESIAN_POINT('',(26.82,88.803962));
#5637 = CARTESIAN_POINT('',(27.469519052838,87.678962));
#5638 = CARTESIAN_POINT('',(28.119038105677,86.553962));
#5639 = CARTESIAN_POINT('',(26.82,86.553962));
#5640 = ( GEOMETRIC_REPRESENTATION_CONTEXT(2) 
PARAMETRIC_REPRESENTATION_CONTEXT() REPRESENTATION_CONTEXT('2D SPACE',''
  ) );
#5641 = PCURVE('',#2958,#5642);
#5642 = DEFINITIONAL_REPRESENTATION('',(#5643),#5651);
#5643 = B_SPLINE_CURVE_WITH_KNOTS('',2,(#5644,#5645,#5646,#5647,#5648,
    #5649,#5650),.UNSPECIFIED.,.F.,.F.,(3,2,2,3),(0.,2.094395102393,
    4.188790204786,6.28318530718),.PIECEWISE_BEZIER_KNOTS.);
#5644 = CARTESIAN_POINT('',(0.,-1.121));
#5645 = CARTESIAN_POINT('',(1.047197551197,-1.121));
#5646 = CARTESIAN_POINT('',(2.094395102393,-1.121));
#5647 = CARTESIAN_POINT('',(3.14159265359,-1.121));
#5648 = CARTESIAN_POINT('',(4.188790204786,-1.121));
#5649 = CARTESIAN_POINT('',(5.235987755983,-1.121));
#5650 = CARTESIAN_POINT('',(6.28318530718,-1.121));
#5651 = ( GEOMETRIC_REPRESENTATION_CONTEXT(2) 
PARAMETRIC_REPRESENTATION_CONTEXT() REPRESENTATION_CONTEXT('2D SPACE',''
  ) );
#5652 = FACE_BOUND('',#5653,.T.);
#5653 = EDGE_LOOP('',(#5654));
#5654 = ORIENTED_EDGE('',*,*,#5655,.T.);
#5655 = EDGE_CURVE('',#5656,#5656,#5658,.T.);
#5656 = VERTEX_POINT('',#5657);
#5657 = CARTESIAN_POINT('',(30.82,86.553962,1.2));
#5658 = SURFACE_CURVE('',#5659,(#5667,#5678),.PCURVE_S1.);
#5659 = ( BOUNDED_CURVE() B_SPLINE_CURVE(2,(#5660,#5661,#5662,#5663,
#5664,#5665,#5666),.UNSPECIFIED.,.T.,.F.) B_SPLINE_CURVE_WITH_KNOTS((1,2
    ,2,2,2,1),(-2.094395102393,0.,2.094395102393,4.188790204786,
6.28318530718,8.377580409573),.UNSPECIFIED.) CURVE() 
GEOMETRIC_REPRESENTATION_ITEM() RATIONAL_B_SPLINE_CURVE((1.,0.5,1.,0.5,
1.,0.5,1.)) REPRESENTATION_ITEM('') );
#5660 = CARTESIAN_POINT('',(30.82,86.553962,1.2));
#5661 = CARTESIAN_POINT('',(29.520961894323,86.553962,1.2));
#5662 = CARTESIAN_POINT('',(30.170480947162,87.678962,1.2));
#5663 = CARTESIAN_POINT('',(30.82,88.803962,1.2));
#5664 = CARTESIAN_POINT('',(31.469519052838,87.678962,1.2));
#5665 = CARTESIAN_POINT('',(32.119038105677,86.553962,1.2));
#5666 = CARTESIAN_POINT('',(30.82,86.553962,1.2));
#5667 = PCURVE('',#154,#5668);
#5668 = DEFINITIONAL_REPRESENTATION('',(#5669),#5677);
#5669 = ( BOUNDED_CURVE() B_SPLINE_CURVE(2,(#5670,#5671,#5672,#5673,
#5674,#5675,#5676),.UNSPECIFIED.,.T.,.F.) B_SPLINE_CURVE_WITH_KNOTS((3,2
    ,2,3),(0.,2.094395102393,4.188790204786,6.28318530718),
.PIECEWISE_BEZIER_KNOTS.) CURVE() GEOMETRIC_REPRESENTATION_ITEM() 
RATIONAL_B_SPLINE_CURVE((1.,0.5,1.,0.5,1.,0.5,1.)) REPRESENTATION_ITEM(
  '') );
#5670 = CARTESIAN_POINT('',(30.82,86.553962));
#5671 = CARTESIAN_POINT('',(29.520961894323,86.553962));
#5672 = CARTESIAN_POINT('',(30.170480947162,87.678962));
#5673 = CARTESIAN_POINT('',(30.82,88.803962));
#5674 = CARTESIAN_POINT('',(31.469519052838,87.678962));
#5675 = CARTESIAN_POINT('',(32.119038105677,86.553962));
#5676 = CARTESIAN_POINT('',(30.82,86.553962));
#5677 = ( GEOMETRIC_REPRESENTATION_CONTEXT(2) 
PARAMETRIC_REPRESENTATION_CONTEXT() REPRESENTATION_CONTEXT('2D SPACE',''
  ) );
#5678 = PCURVE('',#3010,#5679);
#5679 = DEFINITIONAL_REPRESENTATION('',(#5680),#5688);
#5680 = B_SPLINE_CURVE_WITH_KNOTS('',2,(#5681,#5682,#5683,#5684,#5685,
    #5686,#5687),.UNSPECIFIED.,.F.,.F.,(3,2,2,3),(0.,2.094395102393,
    4.188790204786,6.28318530718),.PIECEWISE_BEZIER_KNOTS.);
#5681 = CARTESIAN_POINT('',(0.,-1.121));
#5682 = CARTESIAN_POINT('',(1.047197551197,-1.121));
#5683 = CARTESIAN_POINT('',(2.094395102393,-1.121));
#5684 = CARTESIAN_POINT('',(3.14159265359,-1.121));
#5685 = CARTESIAN_POINT('',(4.188790204786,-1.121));
#5686 = CARTESIAN_POINT('',(5.235987755983,-1.121));
#5687 = CARTESIAN_POINT('',(6.28318530718,-1.121));
#5688 = ( GEOMETRIC_REPRESENTATION_CONTEXT(2) 
PARAMETRIC_REPRESENTATION_CONTEXT() REPRESENTATION_CONTEXT('2D SPACE',''
  ) );
#5689 = FACE_BOUND('',#5690,.T.);
#5690 = EDGE_LOOP('',(#5691));
#5691 = ORIENTED_EDGE('',*,*,#5692,.T.);
#5692 = EDGE_CURVE('',#5693,#5693,#5695,.T.);
#5693 = VERTEX_POINT('',#5694);
#5694 = CARTESIAN_POINT('',(44.,53.413962,1.2));
#5695 = SURFACE_CURVE('',#5696,(#5704,#5715),.PCURVE_S1.);
#5696 = ( BOUNDED_CURVE() B_SPLINE_CURVE(2,(#5697,#5698,#5699,#5700,
#5701,#5702,#5703),.UNSPECIFIED.,.T.,.F.) B_SPLINE_CURVE_WITH_KNOTS((1,2
    ,2,2,2,1),(-2.094395102393,0.,2.094395102393,4.188790204786,
6.28318530718,8.377580409573),.UNSPECIFIED.) CURVE() 
GEOMETRIC_REPRESENTATION_ITEM() RATIONAL_B_SPLINE_CURVE((1.,0.5,1.,0.5,
1.,0.5,1.)) REPRESENTATION_ITEM('') );
#5697 = CARTESIAN_POINT('',(44.,53.413962,1.2));
#5698 = CARTESIAN_POINT('',(42.527756813566,53.413962,1.2));
#5699 = CARTESIAN_POINT('',(43.263878406783,54.688962,1.2));
#5700 = CARTESIAN_POINT('',(44.,55.963962,1.2));
#5701 = CARTESIAN_POINT('',(44.736121593217,54.688962,1.2));
#5702 = CARTESIAN_POINT('',(45.472243186434,53.413962,1.2));
#5703 = CARTESIAN_POINT('',(44.,53.413962,1.2));
#5704 = PCURVE('',#154,#5705);
#5705 = DEFINITIONAL_REPRESENTATION('',(#5706),#5714);
#5706 = ( BOUNDED_CURVE() B_SPLINE_CURVE(2,(#5707,#5708,#5709,#5710,
#5711,#5712,#5713),.UNSPECIFIED.,.T.,.F.) B_SPLINE_CURVE_WITH_KNOTS((3,2
    ,2,3),(0.,2.094395102393,4.188790204786,6.28318530718),
.PIECEWISE_BEZIER_KNOTS.) CURVE() GEOMETRIC_REPRESENTATION_ITEM() 
RATIONAL_B_SPLINE_CURVE((1.,0.5,1.,0.5,1.,0.5,1.)) REPRESENTATION_ITEM(
  '') );
#5707 = CARTESIAN_POINT('',(44.,53.413962));
#5708 = CARTESIAN_POINT('',(42.527756813566,53.413962));
#5709 = CARTESIAN_POINT('',(43.263878406783,54.688962));
#5710 = CARTESIAN_POINT('',(44.,55.963962));
#5711 = CARTESIAN_POINT('',(44.736121593217,54.688962));
#5712 = CARTESIAN_POINT('',(45.472243186434,53.413962));
#5713 = CARTESIAN_POINT('',(44.,53.413962));
#5714 = ( GEOMETRIC_REPRESENTATION_CONTEXT(2) 
PARAMETRIC_REPRESENTATION_CONTEXT() REPRESENTATION_CONTEXT('2D SPACE',''
  ) );
#5715 = PCURVE('',#3062,#5716);
#5716 = DEFINITIONAL_REPRESENTATION('',(#5717),#5725);
#5717 = B_SPLINE_CURVE_WITH_KNOTS('',2,(#5718,#5719,#5720,#5721,#5722,
    #5723,#5724),.UNSPECIFIED.,.F.,.F.,(3,2,2,3),(0.,2.094395102393,
    4.188790204786,6.28318530718),.UNSPECIFIED.);
#5718 = CARTESIAN_POINT('',(0.,-1.121));
#5719 = CARTESIAN_POINT('',(1.047197551197,-1.121));
#5720 = CARTESIAN_POINT('',(2.094395102393,-1.121));
#5721 = CARTESIAN_POINT('',(3.14159265359,-1.121));
#5722 = CARTESIAN_POINT('',(4.188790204786,-1.121));
#5723 = CARTESIAN_POINT('',(5.235987755983,-1.121));
#5724 = CARTESIAN_POINT('',(6.28318530718,-1.121));
#5725 = ( GEOMETRIC_REPRESENTATION_CONTEXT(2) 
PARAMETRIC_REPRESENTATION_CONTEXT() REPRESENTATION_CONTEXT('2D SPACE',''
  ) );
#5726 = FACE_BOUND('',#5727,.T.);
#5727 = EDGE_LOOP('',(#5728));
#5728 = ORIENTED_EDGE('',*,*,#5729,.T.);
#5729 = EDGE_CURVE('',#5730,#5730,#5732,.T.);
#5730 = VERTEX_POINT('',#5731);
#5731 = CARTESIAN_POINT('',(47.96,53.413962,1.2));
#5732 = SURFACE_CURVE('',#5733,(#5741,#5752),.PCURVE_S1.);
#5733 = ( BOUNDED_CURVE() B_SPLINE_CURVE(2,(#5734,#5735,#5736,#5737,
#5738,#5739,#5740),.UNSPECIFIED.,.T.,.F.) B_SPLINE_CURVE_WITH_KNOTS((1,2
    ,2,2,2,1),(-2.094395102393,0.,2.094395102393,4.188790204786,
6.28318530718,8.377580409573),.UNSPECIFIED.) CURVE() 
GEOMETRIC_REPRESENTATION_ITEM() RATIONAL_B_SPLINE_CURVE((1.,0.5,1.,0.5,
1.,0.5,1.)) REPRESENTATION_ITEM('') );
#5734 = CARTESIAN_POINT('',(47.96,53.413962,1.2));
#5735 = CARTESIAN_POINT('',(46.487756813566,53.413962,1.2));
#5736 = CARTESIAN_POINT('',(47.223878406783,54.688962,1.2));
#5737 = CARTESIAN_POINT('',(47.96,55.963962,1.2));
#5738 = CARTESIAN_POINT('',(48.696121593217,54.688962,1.2));
#5739 = CARTESIAN_POINT('',(49.432243186434,53.413962,1.2));
#5740 = CARTESIAN_POINT('',(47.96,53.413962,1.2));
#5741 = PCURVE('',#154,#5742);
#5742 = DEFINITIONAL_REPRESENTATION('',(#5743),#5751);
#5743 = ( BOUNDED_CURVE() B_SPLINE_CURVE(2,(#5744,#5745,#5746,#5747,
#5748,#5749,#5750),.UNSPECIFIED.,.T.,.F.) B_SPLINE_CURVE_WITH_KNOTS((3,2
    ,2,3),(0.,2.094395102393,4.188790204786,6.28318530718),
.PIECEWISE_BEZIER_KNOTS.) CURVE() GEOMETRIC_REPRESENTATION_ITEM() 
RATIONAL_B_SPLINE_CURVE((1.,0.5,1.,0.5,1.,0.5,1.)) REPRESENTATION_ITEM(
  '') );
#5744 = CARTESIAN_POINT('',(47.96,53.413962));
#5745 = CARTESIAN_POINT('',(46.487756813566,53.413962));
#5746 = CARTESIAN_POINT('',(47.223878406783,54.688962));
#5747 = CARTESIAN_POINT('',(47.96,55.963962));
#5748 = CARTESIAN_POINT('',(48.696121593217,54.688962));
#5749 = CARTESIAN_POINT('',(49.432243186434,53.413962));
#5750 = CARTESIAN_POINT('',(47.96,53.413962));
#5751 = ( GEOMETRIC_REPRESENTATION_CONTEXT(2) 
PARAMETRIC_REPRESENTATION_CONTEXT() REPRESENTATION_CONTEXT('2D SPACE',''
  ) );
#5752 = PCURVE('',#3114,#5753);
#5753 = DEFINITIONAL_REPRESENTATION('',(#5754),#5762);
#5754 = B_SPLINE_CURVE_WITH_KNOTS('',2,(#5755,#5756,#5757,#5758,#5759,
    #5760,#5761),.UNSPECIFIED.,.F.,.F.,(3,2,2,3),(0.,2.094395102393,
    4.188790204786,6.28318530718),.UNSPECIFIED.);
#5755 = CARTESIAN_POINT('',(0.,-1.121));
#5756 = CARTESIAN_POINT('',(1.047197551197,-1.121));
#5757 = CARTESIAN_POINT('',(2.094395102393,-1.121));
#5758 = CARTESIAN_POINT('',(3.14159265359,-1.121));
#5759 = CARTESIAN_POINT('',(4.188790204786,-1.121));
#5760 = CARTESIAN_POINT('',(5.235987755983,-1.121));
#5761 = CARTESIAN_POINT('',(6.28318530718,-1.121));
#5762 = ( GEOMETRIC_REPRESENTATION_CONTEXT(2) 
PARAMETRIC_REPRESENTATION_CONTEXT() REPRESENTATION_CONTEXT('2D SPACE',''
  ) );
#5763 = FACE_BOUND('',#5764,.T.);
#5764 = EDGE_LOOP('',(#5765));
#5765 = ORIENTED_EDGE('',*,*,#5766,.T.);
#5766 = EDGE_CURVE('',#5767,#5767,#5769,.T.);
#5767 = VERTEX_POINT('',#5768);
#5768 = CARTESIAN_POINT('',(40.,61.063962,1.2));
#5769 = SURFACE_CURVE('',#5770,(#5778,#5789),.PCURVE_S1.);
#5770 = ( BOUNDED_CURVE() B_SPLINE_CURVE(2,(#5771,#5772,#5773,#5774,
#5775,#5776,#5777),.UNSPECIFIED.,.T.,.F.) B_SPLINE_CURVE_WITH_KNOTS((1,2
    ,2,2,2,1),(-2.094395102393,0.,2.094395102393,4.188790204786,
6.28318530718,8.377580409573),.UNSPECIFIED.) CURVE() 
GEOMETRIC_REPRESENTATION_ITEM() RATIONAL_B_SPLINE_CURVE((1.,0.5,1.,0.5,
1.,0.5,1.)) REPRESENTATION_ITEM('') );
#5771 = CARTESIAN_POINT('',(40.,61.063962,1.2));
#5772 = CARTESIAN_POINT('',(38.787564434702,61.063962,1.2));
#5773 = CARTESIAN_POINT('',(39.393782217351,62.113962,1.2));
#5774 = CARTESIAN_POINT('',(40.,63.163962,1.2));
#5775 = CARTESIAN_POINT('',(40.606217782649,62.113962,1.2));
#5776 = CARTESIAN_POINT('',(41.212435565298,61.063962,1.2));
#5777 = CARTESIAN_POINT('',(40.,61.063962,1.2));
#5778 = PCURVE('',#154,#5779);
#5779 = DEFINITIONAL_REPRESENTATION('',(#5780),#5788);
#5780 = ( BOUNDED_CURVE() B_SPLINE_CURVE(2,(#5781,#5782,#5783,#5784,
#5785,#5786,#5787),.UNSPECIFIED.,.T.,.F.) B_SPLINE_CURVE_WITH_KNOTS((3,2
    ,2,3),(0.,2.094395102393,4.188790204786,6.28318530718),
.PIECEWISE_BEZIER_KNOTS.) CURVE() GEOMETRIC_REPRESENTATION_ITEM() 
RATIONAL_B_SPLINE_CURVE((1.,0.5,1.,0.5,1.,0.5,1.)) REPRESENTATION_ITEM(
  '') );
#5781 = CARTESIAN_POINT('',(40.,61.063962));
#5782 = CARTESIAN_POINT('',(38.787564434702,61.063962));
#5783 = CARTESIAN_POINT('',(39.393782217351,62.113962));
#5784 = CARTESIAN_POINT('',(40.,63.163962));
#5785 = CARTESIAN_POINT('',(40.606217782649,62.113962));
#5786 = CARTESIAN_POINT('',(41.212435565298,61.063962));
#5787 = CARTESIAN_POINT('',(40.,61.063962));
#5788 = ( GEOMETRIC_REPRESENTATION_CONTEXT(2) 
PARAMETRIC_REPRESENTATION_CONTEXT() REPRESENTATION_CONTEXT('2D SPACE',''
  ) );
#5789 = PCURVE('',#3166,#5790);
#5790 = DEFINITIONAL_REPRESENTATION('',(#5791),#5799);
#5791 = B_SPLINE_CURVE_WITH_KNOTS('',2,(#5792,#5793,#5794,#5795,#5796,
    #5797,#5798),.UNSPECIFIED.,.F.,.F.,(3,2,2,3),(0.,2.094395102393,
    4.188790204786,6.28318530718),.PIECEWISE_BEZIER_KNOTS.);
#5792 = CARTESIAN_POINT('',(0.,-1.121));
#5793 = CARTESIAN_POINT('',(1.047197551197,-1.121));
#5794 = CARTESIAN_POINT('',(2.094395102393,-1.121));
#5795 = CARTESIAN_POINT('',(3.14159265359,-1.121));
#5796 = CARTESIAN_POINT('',(4.188790204786,-1.121));
#5797 = CARTESIAN_POINT('',(5.235987755983,-1.121));
#5798 = CARTESIAN_POINT('',(6.28318530718,-1.121));
#5799 = ( GEOMETRIC_REPRESENTATION_CONTEXT(2) 
PARAMETRIC_REPRESENTATION_CONTEXT() REPRESENTATION_CONTEXT('2D SPACE',''
  ) );
#5800 = FACE_BOUND('',#5801,.T.);
#5801 = EDGE_LOOP('',(#5802));
#5802 = ORIENTED_EDGE('',*,*,#5803,.T.);
#5803 = EDGE_CURVE('',#5804,#5804,#5806,.T.);
#5804 = VERTEX_POINT('',#5805);
#5805 = CARTESIAN_POINT('',(40.,63.563962,1.2));
#5806 = SURFACE_CURVE('',#5807,(#5815,#5826),.PCURVE_S1.);
#5807 = ( BOUNDED_CURVE() B_SPLINE_CURVE(2,(#5808,#5809,#5810,#5811,
#5812,#5813,#5814),.UNSPECIFIED.,.T.,.F.) B_SPLINE_CURVE_WITH_KNOTS((1,2
    ,2,2,2,1),(-2.094395102393,0.,2.094395102393,4.188790204786,
6.28318530718,8.377580409573),.UNSPECIFIED.) CURVE() 
GEOMETRIC_REPRESENTATION_ITEM() RATIONAL_B_SPLINE_CURVE((1.,0.5,1.,0.5,
1.,0.5,1.)) REPRESENTATION_ITEM('') );
#5808 = CARTESIAN_POINT('',(40.,63.563962,1.2));
#5809 = CARTESIAN_POINT('',(38.787564434702,63.563962,1.2));
#5810 = CARTESIAN_POINT('',(39.393782217351,64.613962,1.2));
#5811 = CARTESIAN_POINT('',(40.,65.663962,1.2));
#5812 = CARTESIAN_POINT('',(40.606217782649,64.613962,1.2));
#5813 = CARTESIAN_POINT('',(41.212435565298,63.563962,1.2));
#5814 = CARTESIAN_POINT('',(40.,63.563962,1.2));
#5815 = PCURVE('',#154,#5816);
#5816 = DEFINITIONAL_REPRESENTATION('',(#5817),#5825);
#5817 = ( BOUNDED_CURVE() B_SPLINE_CURVE(2,(#5818,#5819,#5820,#5821,
#5822,#5823,#5824),.UNSPECIFIED.,.T.,.F.) B_SPLINE_CURVE_WITH_KNOTS((3,2
    ,2,3),(0.,2.094395102393,4.188790204786,6.28318530718),
.PIECEWISE_BEZIER_KNOTS.) CURVE() GEOMETRIC_REPRESENTATION_ITEM() 
RATIONAL_B_SPLINE_CURVE((1.,0.5,1.,0.5,1.,0.5,1.)) REPRESENTATION_ITEM(
  '') );
#5818 = CARTESIAN_POINT('',(40.,63.563962));
#5819 = CARTESIAN_POINT('',(38.787564434702,63.563962));
#5820 = CARTESIAN_POINT('',(39.393782217351,64.613962));
#5821 = CARTESIAN_POINT('',(40.,65.663962));
#5822 = CARTESIAN_POINT('',(40.606217782649,64.613962));
#5823 = CARTESIAN_POINT('',(41.212435565298,63.563962));
#5824 = CARTESIAN_POINT('',(40.,63.563962));
#5825 = ( GEOMETRIC_REPRESENTATION_CONTEXT(2) 
PARAMETRIC_REPRESENTATION_CONTEXT() REPRESENTATION_CONTEXT('2D SPACE',''
  ) );
#5826 = PCURVE('',#3218,#5827);
#5827 = DEFINITIONAL_REPRESENTATION('',(#5828),#5836);
#5828 = B_SPLINE_CURVE_WITH_KNOTS('',2,(#5829,#5830,#5831,#5832,#5833,
    #5834,#5835),.UNSPECIFIED.,.F.,.F.,(3,2,2,3),(0.,2.094395102393,
    4.188790204786,6.28318530718),.PIECEWISE_BEZIER_KNOTS.);
#5829 = CARTESIAN_POINT('',(0.,-1.121));
#5830 = CARTESIAN_POINT('',(1.047197551197,-1.121));
#5831 = CARTESIAN_POINT('',(2.094395102393,-1.121));
#5832 = CARTESIAN_POINT('',(3.14159265359,-1.121));
#5833 = CARTESIAN_POINT('',(4.188790204786,-1.121));
#5834 = CARTESIAN_POINT('',(5.235987755983,-1.121));
#5835 = CARTESIAN_POINT('',(6.28318530718,-1.121));
#5836 = ( GEOMETRIC_REPRESENTATION_CONTEXT(2) 
PARAMETRIC_REPRESENTATION_CONTEXT() REPRESENTATION_CONTEXT('2D SPACE',''
  ) );
#5837 = FACE_BOUND('',#5838,.T.);
#5838 = EDGE_LOOP('',(#5839));
#5839 = ORIENTED_EDGE('',*,*,#5840,.T.);
#5840 = EDGE_CURVE('',#5841,#5841,#5843,.T.);
#5841 = VERTEX_POINT('',#5842);
#5842 = CARTESIAN_POINT('',(43.5,61.063962,1.2));
#5843 = SURFACE_CURVE('',#5844,(#5852,#5863),.PCURVE_S1.);
#5844 = ( BOUNDED_CURVE() B_SPLINE_CURVE(2,(#5845,#5846,#5847,#5848,
#5849,#5850,#5851),.UNSPECIFIED.,.T.,.F.) B_SPLINE_CURVE_WITH_KNOTS((1,2
    ,2,2,2,1),(-2.094395102393,0.,2.094395102393,4.188790204786,
6.28318530718,8.377580409573),.UNSPECIFIED.) CURVE() 
GEOMETRIC_REPRESENTATION_ITEM() RATIONAL_B_SPLINE_CURVE((1.,0.5,1.,0.5,
1.,0.5,1.)) REPRESENTATION_ITEM('') );
#5845 = CARTESIAN_POINT('',(43.5,61.063962,1.2));
#5846 = CARTESIAN_POINT('',(42.287564434702,61.063962,1.2));
#5847 = CARTESIAN_POINT('',(42.893782217351,62.113962,1.2));
#5848 = CARTESIAN_POINT('',(43.5,63.163962,1.2));
#5849 = CARTESIAN_POINT('',(44.106217782649,62.113962,1.2));
#5850 = CARTESIAN_POINT('',(44.712435565298,61.063962,1.2));
#5851 = CARTESIAN_POINT('',(43.5,61.063962,1.2));
#5852 = PCURVE('',#154,#5853);
#5853 = DEFINITIONAL_REPRESENTATION('',(#5854),#5862);
#5854 = ( BOUNDED_CURVE() B_SPLINE_CURVE(2,(#5855,#5856,#5857,#5858,
#5859,#5860,#5861),.UNSPECIFIED.,.T.,.F.) B_SPLINE_CURVE_WITH_KNOTS((3,2
    ,2,3),(0.,2.094395102393,4.188790204786,6.28318530718),
.PIECEWISE_BEZIER_KNOTS.) CURVE() GEOMETRIC_REPRESENTATION_ITEM() 
RATIONAL_B_SPLINE_CURVE((1.,0.5,1.,0.5,1.,0.5,1.)) REPRESENTATION_ITEM(
  '') );
#5855 = CARTESIAN_POINT('',(43.5,61.063962));
#5856 = CARTESIAN_POINT('',(42.287564434702,61.063962));
#5857 = CARTESIAN_POINT('',(42.893782217351,62.113962));
#5858 = CARTESIAN_POINT('',(43.5,63.163962));
#5859 = CARTESIAN_POINT('',(44.106217782649,62.113962));
#5860 = CARTESIAN_POINT('',(44.712435565298,61.063962));
#5861 = CARTESIAN_POINT('',(43.5,61.063962));
#5862 = ( GEOMETRIC_REPRESENTATION_CONTEXT(2) 
PARAMETRIC_REPRESENTATION_CONTEXT() REPRESENTATION_CONTEXT('2D SPACE',''
  ) );
#5863 = PCURVE('',#3270,#5864);
#5864 = DEFINITIONAL_REPRESENTATION('',(#5865),#5873);
#5865 = B_SPLINE_CURVE_WITH_KNOTS('',2,(#5866,#5867,#5868,#5869,#5870,
    #5871,#5872),.UNSPECIFIED.,.F.,.F.,(3,2,2,3),(0.,2.094395102393,
    4.188790204786,6.28318530718),.PIECEWISE_BEZIER_KNOTS.);
#5866 = CARTESIAN_POINT('',(0.,-1.121));
#5867 = CARTESIAN_POINT('',(1.047197551197,-1.121));
#5868 = CARTESIAN_POINT('',(2.094395102393,-1.121));
#5869 = CARTESIAN_POINT('',(3.14159265359,-1.121));
#5870 = CARTESIAN_POINT('',(4.188790204786,-1.121));
#5871 = CARTESIAN_POINT('',(5.235987755983,-1.121));
#5872 = CARTESIAN_POINT('',(6.28318530718,-1.121));
#5873 = ( GEOMETRIC_REPRESENTATION_CONTEXT(2) 
PARAMETRIC_REPRESENTATION_CONTEXT() REPRESENTATION_CONTEXT('2D SPACE',''
  ) );
#5874 = FACE_BOUND('',#5875,.T.);
#5875 = EDGE_LOOP('',(#5876));
#5876 = ORIENTED_EDGE('',*,*,#5877,.T.);
#5877 = EDGE_CURVE('',#5878,#5878,#5880,.T.);
#5878 = VERTEX_POINT('',#5879);
#5879 = CARTESIAN_POINT('',(43.5,63.563962,1.2));
#5880 = SURFACE_CURVE('',#5881,(#5889,#5900),.PCURVE_S1.);
#5881 = ( BOUNDED_CURVE() B_SPLINE_CURVE(2,(#5882,#5883,#5884,#5885,
#5886,#5887,#5888),.UNSPECIFIED.,.T.,.F.) B_SPLINE_CURVE_WITH_KNOTS((1,2
    ,2,2,2,1),(-2.094395102393,0.,2.094395102393,4.188790204786,
6.28318530718,8.377580409573),.UNSPECIFIED.) CURVE() 
GEOMETRIC_REPRESENTATION_ITEM() RATIONAL_B_SPLINE_CURVE((1.,0.5,1.,0.5,
1.,0.5,1.)) REPRESENTATION_ITEM('') );
#5882 = CARTESIAN_POINT('',(43.5,63.563962,1.2));
#5883 = CARTESIAN_POINT('',(42.287564434702,63.563962,1.2));
#5884 = CARTESIAN_POINT('',(42.893782217351,64.613962,1.2));
#5885 = CARTESIAN_POINT('',(43.5,65.663962,1.2));
#5886 = CARTESIAN_POINT('',(44.106217782649,64.613962,1.2));
#5887 = CARTESIAN_POINT('',(44.712435565298,63.563962,1.2));
#5888 = CARTESIAN_POINT('',(43.5,63.563962,1.2));
#5889 = PCURVE('',#154,#5890);
#5890 = DEFINITIONAL_REPRESENTATION('',(#5891),#5899);
#5891 = ( BOUNDED_CURVE() B_SPLINE_CURVE(2,(#5892,#5893,#5894,#5895,
#5896,#5897,#5898),.UNSPECIFIED.,.T.,.F.) B_SPLINE_CURVE_WITH_KNOTS((3,2
    ,2,3),(0.,2.094395102393,4.188790204786,6.28318530718),
.PIECEWISE_BEZIER_KNOTS.) CURVE() GEOMETRIC_REPRESENTATION_ITEM() 
RATIONAL_B_SPLINE_CURVE((1.,0.5,1.,0.5,1.,0.5,1.)) REPRESENTATION_ITEM(
  '') );
#5892 = CARTESIAN_POINT('',(43.5,63.563962));
#5893 = CARTESIAN_POINT('',(42.287564434702,63.563962));
#5894 = CARTESIAN_POINT('',(42.893782217351,64.613962));
#5895 = CARTESIAN_POINT('',(43.5,65.663962));
#5896 = CARTESIAN_POINT('',(44.106217782649,64.613962));
#5897 = CARTESIAN_POINT('',(44.712435565298,63.563962));
#5898 = CARTESIAN_POINT('',(43.5,63.563962));
#5899 = ( GEOMETRIC_REPRESENTATION_CONTEXT(2) 
PARAMETRIC_REPRESENTATION_CONTEXT() REPRESENTATION_CONTEXT('2D SPACE',''
  ) );
#5900 = PCURVE('',#3322,#5901);
#5901 = DEFINITIONAL_REPRESENTATION('',(#5902),#5910);
#5902 = B_SPLINE_CURVE_WITH_KNOTS('',2,(#5903,#5904,#5905,#5906,#5907,
    #5908,#5909),.UNSPECIFIED.,.F.,.F.,(3,2,2,3),(0.,2.094395102393,
    4.188790204786,6.28318530718),.PIECEWISE_BEZIER_KNOTS.);
#5903 = CARTESIAN_POINT('',(0.,-1.121));
#5904 = CARTESIAN_POINT('',(1.047197551197,-1.121));
#5905 = CARTESIAN_POINT('',(2.094395102393,-1.121));
#5906 = CARTESIAN_POINT('',(3.14159265359,-1.121));
#5907 = CARTESIAN_POINT('',(4.188790204786,-1.121));
#5908 = CARTESIAN_POINT('',(5.235987755983,-1.121));
#5909 = CARTESIAN_POINT('',(6.28318530718,-1.121));
#5910 = ( GEOMETRIC_REPRESENTATION_CONTEXT(2) 
PARAMETRIC_REPRESENTATION_CONTEXT() REPRESENTATION_CONTEXT('2D SPACE',''
  ) );
#5911 = FACE_BOUND('',#5912,.T.);
#5912 = EDGE_LOOP('',(#5913));
#5913 = ORIENTED_EDGE('',*,*,#5914,.T.);
#5914 = EDGE_CURVE('',#5915,#5915,#5917,.T.);
#5915 = VERTEX_POINT('',#5916);
#5916 = CARTESIAN_POINT('',(46.4,61.813962,1.2));
#5917 = SURFACE_CURVE('',#5918,(#5926,#5937),.PCURVE_S1.);
#5918 = ( BOUNDED_CURVE() B_SPLINE_CURVE(2,(#5919,#5920,#5921,#5922,
#5923,#5924,#5925),.UNSPECIFIED.,.T.,.F.) B_SPLINE_CURVE_WITH_KNOTS((1,2
    ,2,2,2,1),(-2.094395102393,0.,2.094395102393,4.188790204786,
6.28318530718,8.377580409573),.UNSPECIFIED.) CURVE() 
GEOMETRIC_REPRESENTATION_ITEM() RATIONAL_B_SPLINE_CURVE((1.,0.5,1.,0.5,
1.,0.5,1.)) REPRESENTATION_ITEM('') );
#5919 = CARTESIAN_POINT('',(46.4,61.813962,1.2));
#5920 = CARTESIAN_POINT('',(44.321539030917,61.813962,1.2));
#5921 = CARTESIAN_POINT('',(45.360769515459,63.613962,1.2));
#5922 = CARTESIAN_POINT('',(46.4,65.413962,1.2));
#5923 = CARTESIAN_POINT('',(47.439230484541,63.613962,1.2));
#5924 = CARTESIAN_POINT('',(48.478460969083,61.813962,1.2));
#5925 = CARTESIAN_POINT('',(46.4,61.813962,1.2));
#5926 = PCURVE('',#154,#5927);
#5927 = DEFINITIONAL_REPRESENTATION('',(#5928),#5936);
#5928 = ( BOUNDED_CURVE() B_SPLINE_CURVE(2,(#5929,#5930,#5931,#5932,
#5933,#5934,#5935),.UNSPECIFIED.,.T.,.F.) B_SPLINE_CURVE_WITH_KNOTS((3,2
    ,2,3),(0.,2.094395102393,4.188790204786,6.28318530718),
.PIECEWISE_BEZIER_KNOTS.) CURVE() GEOMETRIC_REPRESENTATION_ITEM() 
RATIONAL_B_SPLINE_CURVE((1.,0.5,1.,0.5,1.,0.5,1.)) REPRESENTATION_ITEM(
  '') );
#5929 = CARTESIAN_POINT('',(46.4,61.813962));
#5930 = CARTESIAN_POINT('',(44.321539030917,61.813962));
#5931 = CARTESIAN_POINT('',(45.360769515459,63.613962));
#5932 = CARTESIAN_POINT('',(46.4,65.413962));
#5933 = CARTESIAN_POINT('',(47.439230484541,63.613962));
#5934 = CARTESIAN_POINT('',(48.478460969083,61.813962));
#5935 = CARTESIAN_POINT('',(46.4,61.813962));
#5936 = ( GEOMETRIC_REPRESENTATION_CONTEXT(2) 
PARAMETRIC_REPRESENTATION_CONTEXT() REPRESENTATION_CONTEXT('2D SPACE',''
  ) );
#5937 = PCURVE('',#3374,#5938);
#5938 = DEFINITIONAL_REPRESENTATION('',(#5939),#5947);
#5939 = B_SPLINE_CURVE_WITH_KNOTS('',2,(#5940,#5941,#5942,#5943,#5944,
    #5945,#5946),.UNSPECIFIED.,.F.,.F.,(3,2,2,3),(0.,2.094395102393,
    4.188790204786,6.28318530718),.UNSPECIFIED.);
#5940 = CARTESIAN_POINT('',(0.,-1.121));
#5941 = CARTESIAN_POINT('',(1.047197551197,-1.121));
#5942 = CARTESIAN_POINT('',(2.094395102393,-1.121));
#5943 = CARTESIAN_POINT('',(3.14159265359,-1.121));
#5944 = CARTESIAN_POINT('',(4.188790204786,-1.121));
#5945 = CARTESIAN_POINT('',(5.235987755983,-1.121));
#5946 = CARTESIAN_POINT('',(6.28318530718,-1.121));
#5947 = ( GEOMETRIC_REPRESENTATION_CONTEXT(2) 
PARAMETRIC_REPRESENTATION_CONTEXT() REPRESENTATION_CONTEXT('2D SPACE',''
  ) );
#5948 = FACE_BOUND('',#5949,.T.);
#5949 = EDGE_LOOP('',(#5950));
#5950 = ORIENTED_EDGE('',*,*,#5951,.T.);
#5951 = EDGE_CURVE('',#5952,#5952,#5954,.T.);
#5952 = VERTEX_POINT('',#5953);
#5953 = CARTESIAN_POINT('',(49.3,61.063962,1.2));
#5954 = SURFACE_CURVE('',#5955,(#5963,#5974),.PCURVE_S1.);
#5955 = ( BOUNDED_CURVE() B_SPLINE_CURVE(2,(#5956,#5957,#5958,#5959,
#5960,#5961,#5962),.UNSPECIFIED.,.T.,.F.) B_SPLINE_CURVE_WITH_KNOTS((1,2
    ,2,2,2,1),(-2.094395102393,0.,2.094395102393,4.188790204786,
6.28318530718,8.377580409573),.UNSPECIFIED.) CURVE() 
GEOMETRIC_REPRESENTATION_ITEM() RATIONAL_B_SPLINE_CURVE((1.,0.5,1.,0.5,
1.,0.5,1.)) REPRESENTATION_ITEM('') );
#5956 = CARTESIAN_POINT('',(49.3,61.063962,1.2));
#5957 = CARTESIAN_POINT('',(48.087564434702,61.063962,1.2));
#5958 = CARTESIAN_POINT('',(48.693782217351,62.113962,1.2));
#5959 = CARTESIAN_POINT('',(49.3,63.163962,1.2));
#5960 = CARTESIAN_POINT('',(49.906217782649,62.113962,1.2));
#5961 = CARTESIAN_POINT('',(50.512435565298,61.063962,1.2));
#5962 = CARTESIAN_POINT('',(49.3,61.063962,1.2));
#5963 = PCURVE('',#154,#5964);
#5964 = DEFINITIONAL_REPRESENTATION('',(#5965),#5973);
#5965 = ( BOUNDED_CURVE() B_SPLINE_CURVE(2,(#5966,#5967,#5968,#5969,
#5970,#5971,#5972),.UNSPECIFIED.,.T.,.F.) B_SPLINE_CURVE_WITH_KNOTS((3,2
    ,2,3),(0.,2.094395102393,4.188790204786,6.28318530718),
.PIECEWISE_BEZIER_KNOTS.) CURVE() GEOMETRIC_REPRESENTATION_ITEM() 
RATIONAL_B_SPLINE_CURVE((1.,0.5,1.,0.5,1.,0.5,1.)) REPRESENTATION_ITEM(
  '') );
#5966 = CARTESIAN_POINT('',(49.3,61.063962));
#5967 = CARTESIAN_POINT('',(48.087564434702,61.063962));
#5968 = CARTESIAN_POINT('',(48.693782217351,62.113962));
#5969 = CARTESIAN_POINT('',(49.3,63.163962));
#5970 = CARTESIAN_POINT('',(49.906217782649,62.113962));
#5971 = CARTESIAN_POINT('',(50.512435565298,61.063962));
#5972 = CARTESIAN_POINT('',(49.3,61.063962));
#5973 = ( GEOMETRIC_REPRESENTATION_CONTEXT(2) 
PARAMETRIC_REPRESENTATION_CONTEXT() REPRESENTATION_CONTEXT('2D SPACE',''
  ) );
#5974 = PCURVE('',#3426,#5975);
#5975 = DEFINITIONAL_REPRESENTATION('',(#5976),#5984);
#5976 = B_SPLINE_CURVE_WITH_KNOTS('',2,(#5977,#5978,#5979,#5980,#5981,
    #5982,#5983),.UNSPECIFIED.,.F.,.F.,(3,2,2,3),(0.,2.094395102393,
    4.188790204786,6.28318530718),.PIECEWISE_BEZIER_KNOTS.);
#5977 = CARTESIAN_POINT('',(0.,-1.121));
#5978 = CARTESIAN_POINT('',(1.047197551197,-1.121));
#5979 = CARTESIAN_POINT('',(2.094395102393,-1.121));
#5980 = CARTESIAN_POINT('',(3.14159265359,-1.121));
#5981 = CARTESIAN_POINT('',(4.188790204786,-1.121));
#5982 = CARTESIAN_POINT('',(5.235987755983,-1.121));
#5983 = CARTESIAN_POINT('',(6.28318530718,-1.121));
#5984 = ( GEOMETRIC_REPRESENTATION_CONTEXT(2) 
PARAMETRIC_REPRESENTATION_CONTEXT() REPRESENTATION_CONTEXT('2D SPACE',''
  ) );
#5985 = FACE_BOUND('',#5986,.T.);
#5986 = EDGE_LOOP('',(#5987));
#5987 = ORIENTED_EDGE('',*,*,#5988,.T.);
#5988 = EDGE_CURVE('',#5989,#5989,#5991,.T.);
#5989 = VERTEX_POINT('',#5990);
#5990 = CARTESIAN_POINT('',(49.3,63.563962,1.2));
#5991 = SURFACE_CURVE('',#5992,(#6000,#6011),.PCURVE_S1.);
#5992 = ( BOUNDED_CURVE() B_SPLINE_CURVE(2,(#5993,#5994,#5995,#5996,
#5997,#5998,#5999),.UNSPECIFIED.,.T.,.F.) B_SPLINE_CURVE_WITH_KNOTS((1,2
    ,2,2,2,1),(-2.094395102393,0.,2.094395102393,4.188790204786,
6.28318530718,8.377580409573),.UNSPECIFIED.) CURVE() 
GEOMETRIC_REPRESENTATION_ITEM() RATIONAL_B_SPLINE_CURVE((1.,0.5,1.,0.5,
1.,0.5,1.)) REPRESENTATION_ITEM('') );
#5993 = CARTESIAN_POINT('',(49.3,63.563962,1.2));
#5994 = CARTESIAN_POINT('',(48.087564434702,63.563962,1.2));
#5995 = CARTESIAN_POINT('',(48.693782217351,64.613962,1.2));
#5996 = CARTESIAN_POINT('',(49.3,65.663962,1.2));
#5997 = CARTESIAN_POINT('',(49.906217782649,64.613962,1.2));
#5998 = CARTESIAN_POINT('',(50.512435565298,63.563962,1.2));
#5999 = CARTESIAN_POINT('',(49.3,63.563962,1.2));
#6000 = PCURVE('',#154,#6001);
#6001 = DEFINITIONAL_REPRESENTATION('',(#6002),#6010);
#6002 = ( BOUNDED_CURVE() B_SPLINE_CURVE(2,(#6003,#6004,#6005,#6006,
#6007,#6008,#6009),.UNSPECIFIED.,.T.,.F.) B_SPLINE_CURVE_WITH_KNOTS((3,2
    ,2,3),(0.,2.094395102393,4.188790204786,6.28318530718),
.PIECEWISE_BEZIER_KNOTS.) CURVE() GEOMETRIC_REPRESENTATION_ITEM() 
RATIONAL_B_SPLINE_CURVE((1.,0.5,1.,0.5,1.,0.5,1.)) REPRESENTATION_ITEM(
  '') );
#6003 = CARTESIAN_POINT('',(49.3,63.563962));
#6004 = CARTESIAN_POINT('',(48.087564434702,63.563962));
#6005 = CARTESIAN_POINT('',(48.693782217351,64.613962));
#6006 = CARTESIAN_POINT('',(49.3,65.663962));
#6007 = CARTESIAN_POINT('',(49.906217782649,64.613962));
#6008 = CARTESIAN_POINT('',(50.512435565298,63.563962));
#6009 = CARTESIAN_POINT('',(49.3,63.563962));
#6010 = ( GEOMETRIC_REPRESENTATION_CONTEXT(2) 
PARAMETRIC_REPRESENTATION_CONTEXT() REPRESENTATION_CONTEXT('2D SPACE',''
  ) );
#6011 = PCURVE('',#3478,#6012);
#6012 = DEFINITIONAL_REPRESENTATION('',(#6013),#6021);
#6013 = B_SPLINE_CURVE_WITH_KNOTS('',2,(#6014,#6015,#6016,#6017,#6018,
    #6019,#6020),.UNSPECIFIED.,.F.,.F.,(3,2,2,3),(0.,2.094395102393,
    4.188790204786,6.28318530718),.PIECEWISE_BEZIER_KNOTS.);
#6014 = CARTESIAN_POINT('',(0.,-1.121));
#6015 = CARTESIAN_POINT('',(1.047197551197,-1.121));
#6016 = CARTESIAN_POINT('',(2.094395102393,-1.121));
#6017 = CARTESIAN_POINT('',(3.14159265359,-1.121));
#6018 = CARTESIAN_POINT('',(4.188790204786,-1.121));
#6019 = CARTESIAN_POINT('',(5.235987755983,-1.121));
#6020 = CARTESIAN_POINT('',(6.28318530718,-1.121));
#6021 = ( GEOMETRIC_REPRESENTATION_CONTEXT(2) 
PARAMETRIC_REPRESENTATION_CONTEXT() REPRESENTATION_CONTEXT('2D SPACE',''
  ) );
#6022 = FACE_BOUND('',#6023,.T.);
#6023 = EDGE_LOOP('',(#6024));
#6024 = ORIENTED_EDGE('',*,*,#6025,.T.);
#6025 = EDGE_CURVE('',#6026,#6026,#6028,.T.);
#6026 = VERTEX_POINT('',#6027);
#6027 = CARTESIAN_POINT('',(52.8,61.063962,1.2));
#6028 = SURFACE_CURVE('',#6029,(#6037,#6048),.PCURVE_S1.);
#6029 = ( BOUNDED_CURVE() B_SPLINE_CURVE(2,(#6030,#6031,#6032,#6033,
#6034,#6035,#6036),.UNSPECIFIED.,.T.,.F.) B_SPLINE_CURVE_WITH_KNOTS((1,2
    ,2,2,2,1),(-2.094395102393,0.,2.094395102393,4.188790204786,
6.28318530718,8.377580409573),.UNSPECIFIED.) CURVE() 
GEOMETRIC_REPRESENTATION_ITEM() RATIONAL_B_SPLINE_CURVE((1.,0.5,1.,0.5,
1.,0.5,1.)) REPRESENTATION_ITEM('') );
#6030 = CARTESIAN_POINT('',(52.8,61.063962,1.2));
#6031 = CARTESIAN_POINT('',(51.587564434702,61.063962,1.2));
#6032 = CARTESIAN_POINT('',(52.193782217351,62.113962,1.2));
#6033 = CARTESIAN_POINT('',(52.8,63.163962,1.2));
#6034 = CARTESIAN_POINT('',(53.406217782649,62.113962,1.2));
#6035 = CARTESIAN_POINT('',(54.012435565298,61.063962,1.2));
#6036 = CARTESIAN_POINT('',(52.8,61.063962,1.2));
#6037 = PCURVE('',#154,#6038);
#6038 = DEFINITIONAL_REPRESENTATION('',(#6039),#6047);
#6039 = ( BOUNDED_CURVE() B_SPLINE_CURVE(2,(#6040,#6041,#6042,#6043,
#6044,#6045,#6046),.UNSPECIFIED.,.T.,.F.) B_SPLINE_CURVE_WITH_KNOTS((3,2
    ,2,3),(0.,2.094395102393,4.188790204786,6.28318530718),
.PIECEWISE_BEZIER_KNOTS.) CURVE() GEOMETRIC_REPRESENTATION_ITEM() 
RATIONAL_B_SPLINE_CURVE((1.,0.5,1.,0.5,1.,0.5,1.)) REPRESENTATION_ITEM(
  '') );
#6040 = CARTESIAN_POINT('',(52.8,61.063962));
#6041 = CARTESIAN_POINT('',(51.587564434702,61.063962));
#6042 = CARTESIAN_POINT('',(52.193782217351,62.113962));
#6043 = CARTESIAN_POINT('',(52.8,63.163962));
#6044 = CARTESIAN_POINT('',(53.406217782649,62.113962));
#6045 = CARTESIAN_POINT('',(54.012435565298,61.063962));
#6046 = CARTESIAN_POINT('',(52.8,61.063962));
#6047 = ( GEOMETRIC_REPRESENTATION_CONTEXT(2) 
PARAMETRIC_REPRESENTATION_CONTEXT() REPRESENTATION_CONTEXT('2D SPACE',''
  ) );
#6048 = PCURVE('',#3530,#6049);
#6049 = DEFINITIONAL_REPRESENTATION('',(#6050),#6058);
#6050 = B_SPLINE_CURVE_WITH_KNOTS('',2,(#6051,#6052,#6053,#6054,#6055,
    #6056,#6057),.UNSPECIFIED.,.F.,.F.,(3,2,2,3),(0.,2.094395102393,
    4.188790204786,6.28318530718),.PIECEWISE_BEZIER_KNOTS.);
#6051 = CARTESIAN_POINT('',(0.,-1.121));
#6052 = CARTESIAN_POINT('',(1.047197551197,-1.121));
#6053 = CARTESIAN_POINT('',(2.094395102393,-1.121));
#6054 = CARTESIAN_POINT('',(3.14159265359,-1.121));
#6055 = CARTESIAN_POINT('',(4.188790204786,-1.121));
#6056 = CARTESIAN_POINT('',(5.235987755983,-1.121));
#6057 = CARTESIAN_POINT('',(6.28318530718,-1.121));
#6058 = ( GEOMETRIC_REPRESENTATION_CONTEXT(2) 
PARAMETRIC_REPRESENTATION_CONTEXT() REPRESENTATION_CONTEXT('2D SPACE',''
  ) );
#6059 = FACE_BOUND('',#6060,.T.);
#6060 = EDGE_LOOP('',(#6061));
#6061 = ORIENTED_EDGE('',*,*,#6062,.T.);
#6062 = EDGE_CURVE('',#6063,#6063,#6065,.T.);
#6063 = VERTEX_POINT('',#6064);
#6064 = CARTESIAN_POINT('',(52.8,63.563962,1.2));
#6065 = SURFACE_CURVE('',#6066,(#6074,#6085),.PCURVE_S1.);
#6066 = ( BOUNDED_CURVE() B_SPLINE_CURVE(2,(#6067,#6068,#6069,#6070,
#6071,#6072,#6073),.UNSPECIFIED.,.T.,.F.) B_SPLINE_CURVE_WITH_KNOTS((1,2
    ,2,2,2,1),(-2.094395102393,0.,2.094395102393,4.188790204786,
6.28318530718,8.377580409573),.UNSPECIFIED.) CURVE() 
GEOMETRIC_REPRESENTATION_ITEM() RATIONAL_B_SPLINE_CURVE((1.,0.5,1.,0.5,
1.,0.5,1.)) REPRESENTATION_ITEM('') );
#6067 = CARTESIAN_POINT('',(52.8,63.563962,1.2));
#6068 = CARTESIAN_POINT('',(51.587564434702,63.563962,1.2));
#6069 = CARTESIAN_POINT('',(52.193782217351,64.613962,1.2));
#6070 = CARTESIAN_POINT('',(52.8,65.663962,1.2));
#6071 = CARTESIAN_POINT('',(53.406217782649,64.613962,1.2));
#6072 = CARTESIAN_POINT('',(54.012435565298,63.563962,1.2));
#6073 = CARTESIAN_POINT('',(52.8,63.563962,1.2));
#6074 = PCURVE('',#154,#6075);
#6075 = DEFINITIONAL_REPRESENTATION('',(#6076),#6084);
#6076 = ( BOUNDED_CURVE() B_SPLINE_CURVE(2,(#6077,#6078,#6079,#6080,
#6081,#6082,#6083),.UNSPECIFIED.,.T.,.F.) B_SPLINE_CURVE_WITH_KNOTS((3,2
    ,2,3),(0.,2.094395102393,4.188790204786,6.28318530718),
.PIECEWISE_BEZIER_KNOTS.) CURVE() GEOMETRIC_REPRESENTATION_ITEM() 
RATIONAL_B_SPLINE_CURVE((1.,0.5,1.,0.5,1.,0.5,1.)) REPRESENTATION_ITEM(
  '') );
#6077 = CARTESIAN_POINT('',(52.8,63.563962));
#6078 = CARTESIAN_POINT('',(51.587564434702,63.563962));
#6079 = CARTESIAN_POINT('',(52.193782217351,64.613962));
#6080 = CARTESIAN_POINT('',(52.8,65.663962));
#6081 = CARTESIAN_POINT('',(53.406217782649,64.613962));
#6082 = CARTESIAN_POINT('',(54.012435565298,63.563962));
#6083 = CARTESIAN_POINT('',(52.8,63.563962));
#6084 = ( GEOMETRIC_REPRESENTATION_CONTEXT(2) 
PARAMETRIC_REPRESENTATION_CONTEXT() REPRESENTATION_CONTEXT('2D SPACE',''
  ) );
#6085 = PCURVE('',#3582,#6086);
#6086 = DEFINITIONAL_REPRESENTATION('',(#6087),#6095);
#6087 = B_SPLINE_CURVE_WITH_KNOTS('',2,(#6088,#6089,#6090,#6091,#6092,
    #6093,#6094),.UNSPECIFIED.,.F.,.F.,(3,2,2,3),(0.,2.094395102393,
    4.188790204786,6.28318530718),.PIECEWISE_BEZIER_KNOTS.);
#6088 = CARTESIAN_POINT('',(0.,-1.121));
#6089 = CARTESIAN_POINT('',(1.047197551197,-1.121));
#6090 = CARTESIAN_POINT('',(2.094395102393,-1.121));
#6091 = CARTESIAN_POINT('',(3.14159265359,-1.121));
#6092 = CARTESIAN_POINT('',(4.188790204786,-1.121));
#6093 = CARTESIAN_POINT('',(5.235987755983,-1.121));
#6094 = CARTESIAN_POINT('',(6.28318530718,-1.121));
#6095 = ( GEOMETRIC_REPRESENTATION_CONTEXT(2) 
PARAMETRIC_REPRESENTATION_CONTEXT() REPRESENTATION_CONTEXT('2D SPACE',''
  ) );
#6096 = FACE_BOUND('',#6097,.T.);
#6097 = EDGE_LOOP('',(#6098));
#6098 = ORIENTED_EDGE('',*,*,#6099,.T.);
#6099 = EDGE_CURVE('',#6100,#6100,#6102,.T.);
#6100 = VERTEX_POINT('',#6101);
#6101 = CARTESIAN_POINT('',(36.98,76.393962,1.2));
#6102 = SURFACE_CURVE('',#6103,(#6111,#6122),.PCURVE_S1.);
#6103 = ( BOUNDED_CURVE() B_SPLINE_CURVE(2,(#6104,#6105,#6106,#6107,
#6108,#6109,#6110),.UNSPECIFIED.,.T.,.F.) B_SPLINE_CURVE_WITH_KNOTS((1,2
    ,2,2,2,1),(-2.094395102393,0.,2.094395102393,4.188790204786,
6.28318530718,8.377580409573),.UNSPECIFIED.) CURVE() 
GEOMETRIC_REPRESENTATION_ITEM() RATIONAL_B_SPLINE_CURVE((1.,0.5,1.,0.5,
1.,0.5,1.)) REPRESENTATION_ITEM('') );
#6104 = CARTESIAN_POINT('',(36.98,76.393962,1.2));
#6105 = CARTESIAN_POINT('',(35.680961894323,76.393962,1.2));
#6106 = CARTESIAN_POINT('',(36.330480947162,77.518962,1.2));
#6107 = CARTESIAN_POINT('',(36.98,78.643962,1.2));
#6108 = CARTESIAN_POINT('',(37.629519052838,77.518962,1.2));
#6109 = CARTESIAN_POINT('',(38.279038105677,76.393962,1.2));
#6110 = CARTESIAN_POINT('',(36.98,76.393962,1.2));
#6111 = PCURVE('',#154,#6112);
#6112 = DEFINITIONAL_REPRESENTATION('',(#6113),#6121);
#6113 = ( BOUNDED_CURVE() B_SPLINE_CURVE(2,(#6114,#6115,#6116,#6117,
#6118,#6119,#6120),.UNSPECIFIED.,.T.,.F.) B_SPLINE_CURVE_WITH_KNOTS((3,2
    ,2,3),(0.,2.094395102393,4.188790204786,6.28318530718),
.PIECEWISE_BEZIER_KNOTS.) CURVE() GEOMETRIC_REPRESENTATION_ITEM() 
RATIONAL_B_SPLINE_CURVE((1.,0.5,1.,0.5,1.,0.5,1.)) REPRESENTATION_ITEM(
  '') );
#6114 = CARTESIAN_POINT('',(36.98,76.393962));
#6115 = CARTESIAN_POINT('',(35.680961894323,76.393962));
#6116 = CARTESIAN_POINT('',(36.330480947162,77.518962));
#6117 = CARTESIAN_POINT('',(36.98,78.643962));
#6118 = CARTESIAN_POINT('',(37.629519052838,77.518962));
#6119 = CARTESIAN_POINT('',(38.279038105677,76.393962));
#6120 = CARTESIAN_POINT('',(36.98,76.393962));
#6121 = ( GEOMETRIC_REPRESENTATION_CONTEXT(2) 
PARAMETRIC_REPRESENTATION_CONTEXT() REPRESENTATION_CONTEXT('2D SPACE',''
  ) );
#6122 = PCURVE('',#3634,#6123);
#6123 = DEFINITIONAL_REPRESENTATION('',(#6124),#6132);
#6124 = B_SPLINE_CURVE_WITH_KNOTS('',2,(#6125,#6126,#6127,#6128,#6129,
    #6130,#6131),.UNSPECIFIED.,.F.,.F.,(3,2,2,3),(0.,2.094395102393,
    4.188790204786,6.28318530718),.PIECEWISE_BEZIER_KNOTS.);
#6125 = CARTESIAN_POINT('',(0.,-1.121));
#6126 = CARTESIAN_POINT('',(1.047197551197,-1.121));
#6127 = CARTESIAN_POINT('',(2.094395102393,-1.121));
#6128 = CARTESIAN_POINT('',(3.14159265359,-1.121));
#6129 = CARTESIAN_POINT('',(4.188790204786,-1.121));
#6130 = CARTESIAN_POINT('',(5.235987755983,-1.121));
#6131 = CARTESIAN_POINT('',(6.28318530718,-1.121));
#6132 = ( GEOMETRIC_REPRESENTATION_CONTEXT(2) 
PARAMETRIC_REPRESENTATION_CONTEXT() REPRESENTATION_CONTEXT('2D SPACE',''
  ) );
#6133 = FACE_BOUND('',#6134,.T.);
#6134 = EDGE_LOOP('',(#6135));
#6135 = ORIENTED_EDGE('',*,*,#6136,.T.);
#6136 = EDGE_CURVE('',#6137,#6137,#6139,.T.);
#6137 = VERTEX_POINT('',#6138);
#6138 = CARTESIAN_POINT('',(40.98,76.393962,1.2));
#6139 = SURFACE_CURVE('',#6140,(#6148,#6159),.PCURVE_S1.);
#6140 = ( BOUNDED_CURVE() B_SPLINE_CURVE(2,(#6141,#6142,#6143,#6144,
#6145,#6146,#6147),.UNSPECIFIED.,.T.,.F.) B_SPLINE_CURVE_WITH_KNOTS((1,2
    ,2,2,2,1),(-2.094395102393,0.,2.094395102393,4.188790204786,
6.28318530718,8.377580409573),.UNSPECIFIED.) CURVE() 
GEOMETRIC_REPRESENTATION_ITEM() RATIONAL_B_SPLINE_CURVE((1.,0.5,1.,0.5,
1.,0.5,1.)) REPRESENTATION_ITEM('') );
#6141 = CARTESIAN_POINT('',(40.98,76.393962,1.2));
#6142 = CARTESIAN_POINT('',(39.680961894323,76.393962,1.2));
#6143 = CARTESIAN_POINT('',(40.330480947162,77.518962,1.2));
#6144 = CARTESIAN_POINT('',(40.98,78.643962,1.2));
#6145 = CARTESIAN_POINT('',(41.629519052838,77.518962,1.2));
#6146 = CARTESIAN_POINT('',(42.279038105677,76.393962,1.2));
#6147 = CARTESIAN_POINT('',(40.98,76.393962,1.2));
#6148 = PCURVE('',#154,#6149);
#6149 = DEFINITIONAL_REPRESENTATION('',(#6150),#6158);
#6150 = ( BOUNDED_CURVE() B_SPLINE_CURVE(2,(#6151,#6152,#6153,#6154,
#6155,#6156,#6157),.UNSPECIFIED.,.T.,.F.) B_SPLINE_CURVE_WITH_KNOTS((3,2
    ,2,3),(0.,2.094395102393,4.188790204786,6.28318530718),
.PIECEWISE_BEZIER_KNOTS.) CURVE() GEOMETRIC_REPRESENTATION_ITEM() 
RATIONAL_B_SPLINE_CURVE((1.,0.5,1.,0.5,1.,0.5,1.)) REPRESENTATION_ITEM(
  '') );
#6151 = CARTESIAN_POINT('',(40.98,76.393962));
#6152 = CARTESIAN_POINT('',(39.680961894323,76.393962));
#6153 = CARTESIAN_POINT('',(40.330480947162,77.518962));
#6154 = CARTESIAN_POINT('',(40.98,78.643962));
#6155 = CARTESIAN_POINT('',(41.629519052838,77.518962));
#6156 = CARTESIAN_POINT('',(42.279038105677,76.393962));
#6157 = CARTESIAN_POINT('',(40.98,76.393962));
#6158 = ( GEOMETRIC_REPRESENTATION_CONTEXT(2) 
PARAMETRIC_REPRESENTATION_CONTEXT() REPRESENTATION_CONTEXT('2D SPACE',''
  ) );
#6159 = PCURVE('',#3686,#6160);
#6160 = DEFINITIONAL_REPRESENTATION('',(#6161),#6169);
#6161 = B_SPLINE_CURVE_WITH_KNOTS('',2,(#6162,#6163,#6164,#6165,#6166,
    #6167,#6168),.UNSPECIFIED.,.F.,.F.,(3,2,2,3),(0.,2.094395102393,
    4.188790204786,6.28318530718),.PIECEWISE_BEZIER_KNOTS.);
#6162 = CARTESIAN_POINT('',(0.,-1.121));
#6163 = CARTESIAN_POINT('',(1.047197551197,-1.121));
#6164 = CARTESIAN_POINT('',(2.094395102393,-1.121));
#6165 = CARTESIAN_POINT('',(3.14159265359,-1.121));
#6166 = CARTESIAN_POINT('',(4.188790204786,-1.121));
#6167 = CARTESIAN_POINT('',(5.235987755983,-1.121));
#6168 = CARTESIAN_POINT('',(6.28318530718,-1.121));
#6169 = ( GEOMETRIC_REPRESENTATION_CONTEXT(2) 
PARAMETRIC_REPRESENTATION_CONTEXT() REPRESENTATION_CONTEXT('2D SPACE',''
  ) );
#6170 = FACE_BOUND('',#6171,.T.);
#6171 = EDGE_LOOP('',(#6172));
#6172 = ORIENTED_EDGE('',*,*,#6173,.T.);
#6173 = EDGE_CURVE('',#6174,#6174,#6176,.T.);
#6174 = VERTEX_POINT('',#6175);
#6175 = CARTESIAN_POINT('',(60.,90.013962,1.2));
#6176 = SURFACE_CURVE('',#6177,(#6185,#6196),.PCURVE_S1.);
#6177 = ( BOUNDED_CURVE() B_SPLINE_CURVE(2,(#6178,#6179,#6180,#6181,
#6182,#6183,#6184),.UNSPECIFIED.,.T.,.F.) B_SPLINE_CURVE_WITH_KNOTS((1,2
    ,2,2,2,1),(-2.094395102393,0.,2.094395102393,4.188790204786,
6.28318530718,8.377580409573),.UNSPECIFIED.) CURVE() 
GEOMETRIC_REPRESENTATION_ITEM() RATIONAL_B_SPLINE_CURVE((1.,0.5,1.,0.5,
1.,0.5,1.)) REPRESENTATION_ITEM('') );
#6178 = CARTESIAN_POINT('',(60.,90.013962,1.2));
#6179 = CARTESIAN_POINT('',(56.10288568297,90.013962,1.2));
#6180 = CARTESIAN_POINT('',(58.051442841485,93.388962,1.2));
#6181 = CARTESIAN_POINT('',(60.,96.763962,1.2));
#6182 = CARTESIAN_POINT('',(61.948557158515,93.388962,1.2));
#6183 = CARTESIAN_POINT('',(63.89711431703,90.013962,1.2));
#6184 = CARTESIAN_POINT('',(60.,90.013962,1.2));
#6185 = PCURVE('',#154,#6186);
#6186 = DEFINITIONAL_REPRESENTATION('',(#6187),#6195);
#6187 = ( BOUNDED_CURVE() B_SPLINE_CURVE(2,(#6188,#6189,#6190,#6191,
#6192,#6193,#6194),.UNSPECIFIED.,.T.,.F.) B_SPLINE_CURVE_WITH_KNOTS((3,2
    ,2,3),(0.,2.094395102393,4.188790204786,6.28318530718),
.PIECEWISE_BEZIER_KNOTS.) CURVE() GEOMETRIC_REPRESENTATION_ITEM() 
RATIONAL_B_SPLINE_CURVE((1.,0.5,1.,0.5,1.,0.5,1.)) REPRESENTATION_ITEM(
  '') );
#6188 = CARTESIAN_POINT('',(60.,90.013962));
#6189 = CARTESIAN_POINT('',(56.10288568297,90.013962));
#6190 = CARTESIAN_POINT('',(58.051442841485,93.388962));
#6191 = CARTESIAN_POINT('',(60.,96.763962));
#6192 = CARTESIAN_POINT('',(61.948557158515,93.388962));
#6193 = CARTESIAN_POINT('',(63.89711431703,90.013962));
#6194 = CARTESIAN_POINT('',(60.,90.013962));
#6195 = ( GEOMETRIC_REPRESENTATION_CONTEXT(2) 
PARAMETRIC_REPRESENTATION_CONTEXT() REPRESENTATION_CONTEXT('2D SPACE',''
  ) );
#6196 = PCURVE('',#3738,#6197);
#6197 = DEFINITIONAL_REPRESENTATION('',(#6198),#6206);
#6198 = B_SPLINE_CURVE_WITH_KNOTS('',2,(#6199,#6200,#6201,#6202,#6203,
    #6204,#6205),.UNSPECIFIED.,.F.,.F.,(3,2,2,3),(0.,2.094395102393,
    4.188790204786,6.28318530718),.UNSPECIFIED.);
#6199 = CARTESIAN_POINT('',(0.,-1.121));
#6200 = CARTESIAN_POINT('',(1.047197551197,-1.121));
#6201 = CARTESIAN_POINT('',(2.094395102393,-1.121));
#6202 = CARTESIAN_POINT('',(3.14159265359,-1.121));
#6203 = CARTESIAN_POINT('',(4.188790204786,-1.121));
#6204 = CARTESIAN_POINT('',(5.235987755983,-1.121));
#6205 = CARTESIAN_POINT('',(6.28318530718,-1.121));
#6206 = ( GEOMETRIC_REPRESENTATION_CONTEXT(2) 
PARAMETRIC_REPRESENTATION_CONTEXT() REPRESENTATION_CONTEXT('2D SPACE',''
  ) );
#6207 = ADVANCED_FACE('',(#6208),#237,.T.);
#6208 = FACE_BOUND('',#6209,.T.);
#6209 = EDGE_LOOP('',(#6210,#6229,#6230,#6231));
#6210 = ORIENTED_EDGE('',*,*,#6211,.T.);
#6211 = EDGE_CURVE('',#364,#3770,#6212,.T.);
#6212 = SURFACE_CURVE('',#6213,(#6216,#6223),.PCURVE_S1.);
#6213 = B_SPLINE_CURVE_WITH_KNOTS('',1,(#6214,#6215),.UNSPECIFIED.,.F.,
  .F.,(2,2),(0.,1.04),.PIECEWISE_BEZIER_KNOTS.);
#6214 = CARTESIAN_POINT('',(-2.442490654175E-15,97.263962,0.));
#6215 = CARTESIAN_POINT('',(-2.442490654175E-15,97.263962,1.2));
#6216 = PCURVE('',#237,#6217);
#6217 = DEFINITIONAL_REPRESENTATION('',(#6218),#6222);
#6218 = B_SPLINE_CURVE_WITH_KNOTS('',2,(#6219,#6220,#6221),
  .UNSPECIFIED.,.F.,.F.,(3,3),(0.,1.04),.PIECEWISE_BEZIER_KNOTS.);
#6219 = CARTESIAN_POINT('',(1.68365653192E-13,0.));
#6220 = CARTESIAN_POINT('',(1.68365653192E-13,-0.52));
#6221 = CARTESIAN_POINT('',(1.68365653192E-13,-1.04));
#6222 = ( GEOMETRIC_REPRESENTATION_CONTEXT(2) 
PARAMETRIC_REPRESENTATION_CONTEXT() REPRESENTATION_CONTEXT('2D SPACE',''
  ) );
#6223 = PCURVE('',#400,#6224);
#6224 = DEFINITIONAL_REPRESENTATION('',(#6225),#6228);
#6225 = B_SPLINE_CURVE_WITH_KNOTS('',1,(#6226,#6227),.UNSPECIFIED.,.F.,
  .F.,(2,2),(0.,1.04),.PIECEWISE_BEZIER_KNOTS.);
#6226 = CARTESIAN_POINT('',(94.263962,0.));
#6227 = CARTESIAN_POINT('',(94.263962,-1.04));
#6228 = ( GEOMETRIC_REPRESENTATION_CONTEXT(2) 
PARAMETRIC_REPRESENTATION_CONTEXT() REPRESENTATION_CONTEXT('2D SPACE',''
  ) );
#6229 = ORIENTED_EDGE('',*,*,#3769,.T.);
#6230 = ORIENTED_EDGE('',*,*,#221,.F.);
#6231 = ORIENTED_EDGE('',*,*,#363,.F.);
#6232 = ADVANCED_FACE('',(#6233),#326,.T.);
#6233 = FACE_BOUND('',#6234,.T.);
#6234 = EDGE_LOOP('',(#6235,#6236,#6237,#6256));
#6235 = ORIENTED_EDGE('',*,*,#312,.T.);
#6236 = ORIENTED_EDGE('',*,*,#3855,.T.);
#6237 = ORIENTED_EDGE('',*,*,#6238,.F.);
#6238 = EDGE_CURVE('',#442,#3836,#6239,.T.);
#6239 = SURFACE_CURVE('',#6240,(#6243,#6250),.PCURVE_S1.);
#6240 = B_SPLINE_CURVE_WITH_KNOTS('',1,(#6241,#6242),.UNSPECIFIED.,.F.,
  .F.,(2,2),(0.,1.04),.PIECEWISE_BEZIER_KNOTS.);
#6241 = CARTESIAN_POINT('',(65.,1.7763568394E-15,0.));
#6242 = CARTESIAN_POINT('',(65.,1.7763568394E-15,1.2));
#6243 = PCURVE('',#326,#6244);
#6244 = DEFINITIONAL_REPRESENTATION('',(#6245),#6249);
#6245 = B_SPLINE_CURVE_WITH_KNOTS('',2,(#6246,#6247,#6248),
  .UNSPECIFIED.,.F.,.F.,(3,3),(0.,1.04),.PIECEWISE_BEZIER_KNOTS.);
#6246 = CARTESIAN_POINT('',(1.570795544804,0.));
#6247 = CARTESIAN_POINT('',(1.570795544804,-0.52));
#6248 = CARTESIAN_POINT('',(1.570795544804,-1.04));
#6249 = ( GEOMETRIC_REPRESENTATION_CONTEXT(2) 
PARAMETRIC_REPRESENTATION_CONTEXT() REPRESENTATION_CONTEXT('2D SPACE',''
  ) );
#6250 = PCURVE('',#455,#6251);
#6251 = DEFINITIONAL_REPRESENTATION('',(#6252),#6255);
#6252 = B_SPLINE_CURVE_WITH_KNOTS('',1,(#6253,#6254),.UNSPECIFIED.,.F.,
  .F.,(2,2),(0.,1.04),.PIECEWISE_BEZIER_KNOTS.);
#6253 = CARTESIAN_POINT('',(0.,-0.));
#6254 = CARTESIAN_POINT('',(0.,-1.04));
#6255 = ( GEOMETRIC_REPRESENTATION_CONTEXT(2) 
PARAMETRIC_REPRESENTATION_CONTEXT() REPRESENTATION_CONTEXT('2D SPACE',''
  ) );
#6256 = ORIENTED_EDGE('',*,*,#466,.F.);
#6257 = ADVANCED_FACE('',(#6258),#400,.T.);
#6258 = FACE_BOUND('',#6259,.T.);
#6259 = EDGE_LOOP('',(#6260,#6279,#6280,#6281));
#6260 = ORIENTED_EDGE('',*,*,#6261,.T.);
#6261 = EDGE_CURVE('',#387,#3793,#6262,.T.);
#6262 = SURFACE_CURVE('',#6263,(#6266,#6272),.PCURVE_S1.);
#6263 = B_SPLINE_CURVE_WITH_KNOTS('',1,(#6264,#6265),.UNSPECIFIED.,.F.,
  .F.,(2,2),(0.,1.04),.PIECEWISE_BEZIER_KNOTS.);
#6264 = CARTESIAN_POINT('',(0.,3.,0.));
#6265 = CARTESIAN_POINT('',(0.,3.,1.2));
#6266 = PCURVE('',#400,#6267);
#6267 = DEFINITIONAL_REPRESENTATION('',(#6268),#6271);
#6268 = B_SPLINE_CURVE_WITH_KNOTS('',1,(#6269,#6270),.UNSPECIFIED.,.F.,
  .F.,(2,2),(0.,1.04),.PIECEWISE_BEZIER_KNOTS.);
#6269 = CARTESIAN_POINT('',(0.,0.));
#6270 = CARTESIAN_POINT('',(0.,-1.04));
#6271 = ( GEOMETRIC_REPRESENTATION_CONTEXT(2) 
PARAMETRIC_REPRESENTATION_CONTEXT() REPRESENTATION_CONTEXT('2D SPACE',''
  ) );
#6272 = PCURVE('',#427,#6273);
#6273 = DEFINITIONAL_REPRESENTATION('',(#6274),#6278);
#6274 = B_SPLINE_CURVE_WITH_KNOTS('',2,(#6275,#6276,#6277),
  .UNSPECIFIED.,.F.,.F.,(3,3),(0.,1.04),.PIECEWISE_BEZIER_KNOTS.);
#6275 = CARTESIAN_POINT('',(1.570795544804,0.));
#6276 = CARTESIAN_POINT('',(1.570795544804,-0.52));
#6277 = CARTESIAN_POINT('',(1.570795544804,-1.04));
#6278 = ( GEOMETRIC_REPRESENTATION_CONTEXT(2) 
PARAMETRIC_REPRESENTATION_CONTEXT() REPRESENTATION_CONTEXT('2D SPACE',''
  ) );
#6279 = ORIENTED_EDGE('',*,*,#3792,.T.);
#6280 = ORIENTED_EDGE('',*,*,#6211,.F.);
#6281 = ORIENTED_EDGE('',*,*,#386,.F.);
#6282 = ADVANCED_FACE('',(#6283),#455,.T.);
#6283 = FACE_BOUND('',#6284,.T.);
#6284 = EDGE_LOOP('',(#6285,#6286,#6287,#6306));
#6285 = ORIENTED_EDGE('',*,*,#6238,.T.);
#6286 = ORIENTED_EDGE('',*,*,#3835,.T.);
#6287 = ORIENTED_EDGE('',*,*,#6288,.F.);
#6288 = EDGE_CURVE('',#412,#3813,#6289,.T.);
#6289 = SURFACE_CURVE('',#6290,(#6293,#6299),.PCURVE_S1.);
#6290 = B_SPLINE_CURVE_WITH_KNOTS('',1,(#6291,#6292),.UNSPECIFIED.,.F.,
  .F.,(2,2),(0.,1.04),.PIECEWISE_BEZIER_KNOTS.);
#6291 = CARTESIAN_POINT('',(3.,-2.22044604925E-16,0.));
#6292 = CARTESIAN_POINT('',(3.,-2.22044604925E-16,1.2));
#6293 = PCURVE('',#455,#6294);
#6294 = DEFINITIONAL_REPRESENTATION('',(#6295),#6298);
#6295 = B_SPLINE_CURVE_WITH_KNOTS('',1,(#6296,#6297),.UNSPECIFIED.,.F.,
  .F.,(2,2),(0.,1.04),.PIECEWISE_BEZIER_KNOTS.);
#6296 = CARTESIAN_POINT('',(62.,0.));
#6297 = CARTESIAN_POINT('',(62.,-1.04));
#6298 = ( GEOMETRIC_REPRESENTATION_CONTEXT(2) 
PARAMETRIC_REPRESENTATION_CONTEXT() REPRESENTATION_CONTEXT('2D SPACE',''
  ) );
#6299 = PCURVE('',#427,#6300);
#6300 = DEFINITIONAL_REPRESENTATION('',(#6301),#6305);
#6301 = B_SPLINE_CURVE_WITH_KNOTS('',2,(#6302,#6303,#6304),
  .UNSPECIFIED.,.F.,.F.,(3,3),(0.,1.04),.PIECEWISE_BEZIER_KNOTS.);
#6302 = CARTESIAN_POINT('',(1.680368142976E-13,0.));
#6303 = CARTESIAN_POINT('',(1.680368142976E-13,-0.52));
#6304 = CARTESIAN_POINT('',(1.680368142976E-13,-1.04));
#6305 = ( GEOMETRIC_REPRESENTATION_CONTEXT(2) 
PARAMETRIC_REPRESENTATION_CONTEXT() REPRESENTATION_CONTEXT('2D SPACE',''
  ) );
#6306 = ORIENTED_EDGE('',*,*,#441,.F.);
#6307 = ADVANCED_FACE('',(#6308),#427,.T.);
#6308 = FACE_BOUND('',#6309,.T.);
#6309 = EDGE_LOOP('',(#6310,#6311,#6312,#6313));
#6310 = ORIENTED_EDGE('',*,*,#6288,.T.);
#6311 = ORIENTED_EDGE('',*,*,#3812,.T.);
#6312 = ORIENTED_EDGE('',*,*,#6261,.F.);
#6313 = ORIENTED_EDGE('',*,*,#411,.F.);
#6314 = ADVANCED_FACE('',(#6315),#514,.F.);
#6315 = FACE_BOUND('',#6316,.F.);
#6316 = EDGE_LOOP('',(#6317,#6337,#6338,#6339));
#6317 = ORIENTED_EDGE('',*,*,#6318,.T.);
#6318 = EDGE_CURVE('',#491,#3880,#6319,.T.);
#6319 = SEAM_CURVE('',#6320,(#6323,#6330),.PCURVE_S1.);
#6320 = B_SPLINE_CURVE_WITH_KNOTS('',1,(#6321,#6322),.UNSPECIFIED.,.F.,
  .F.,(2,2),(8.1E-02,1.121),.PIECEWISE_BEZIER_KNOTS.);
#6321 = CARTESIAN_POINT('',(8.,5.75,0.));
#6322 = CARTESIAN_POINT('',(8.,5.75,1.2));
#6323 = PCURVE('',#514,#6324);
#6324 = DEFINITIONAL_REPRESENTATION('',(#6325),#6329);
#6325 = B_SPLINE_CURVE_WITH_KNOTS('',2,(#6326,#6327,#6328),
  .UNSPECIFIED.,.F.,.F.,(3,3),(8.1E-02,1.121),.PIECEWISE_BEZIER_KNOTS.);
#6326 = CARTESIAN_POINT('',(0.,-8.1E-02));
#6327 = CARTESIAN_POINT('',(0.,-0.601));
#6328 = CARTESIAN_POINT('',(0.,-1.121));
#6329 = ( GEOMETRIC_REPRESENTATION_CONTEXT(2) 
PARAMETRIC_REPRESENTATION_CONTEXT() REPRESENTATION_CONTEXT('2D SPACE',''
  ) );
#6330 = PCURVE('',#514,#6331);
#6331 = DEFINITIONAL_REPRESENTATION('',(#6332),#6336);
#6332 = B_SPLINE_CURVE_WITH_KNOTS('',2,(#6333,#6334,#6335),
  .UNSPECIFIED.,.F.,.F.,(3,3),(8.1E-02,1.121),.PIECEWISE_BEZIER_KNOTS.);
#6333 = CARTESIAN_POINT('',(6.28318530718,-8.1E-02));
#6334 = CARTESIAN_POINT('',(6.28318530718,-0.601));
#6335 = CARTESIAN_POINT('',(6.28318530718,-1.121));
#6336 = ( GEOMETRIC_REPRESENTATION_CONTEXT(2) 
PARAMETRIC_REPRESENTATION_CONTEXT() REPRESENTATION_CONTEXT('2D SPACE',''
  ) );
#6337 = ORIENTED_EDGE('',*,*,#3879,.T.);
#6338 = ORIENTED_EDGE('',*,*,#6318,.F.);
#6339 = ORIENTED_EDGE('',*,*,#490,.F.);
#6340 = ADVANCED_FACE('',(#6341),#566,.F.);
#6341 = FACE_BOUND('',#6342,.F.);
#6342 = EDGE_LOOP('',(#6343,#6363,#6364,#6365));
#6343 = ORIENTED_EDGE('',*,*,#6344,.T.);
#6344 = EDGE_CURVE('',#543,#3917,#6345,.T.);
#6345 = SEAM_CURVE('',#6346,(#6349,#6356),.PCURVE_S1.);
#6346 = B_SPLINE_CURVE_WITH_KNOTS('',1,(#6347,#6348),.UNSPECIFIED.,.F.,
  .F.,(2,2),(8.1E-02,1.121),.PIECEWISE_BEZIER_KNOTS.);
#6347 = CARTESIAN_POINT('',(32.02,11.413962,0.));
#6348 = CARTESIAN_POINT('',(32.02,11.413962,1.2));
#6349 = PCURVE('',#566,#6350);
#6350 = DEFINITIONAL_REPRESENTATION('',(#6351),#6355);
#6351 = B_SPLINE_CURVE_WITH_KNOTS('',2,(#6352,#6353,#6354),
  .UNSPECIFIED.,.F.,.F.,(3,3),(8.1E-02,1.121),.PIECEWISE_BEZIER_KNOTS.);
#6352 = CARTESIAN_POINT('',(1.010809382261E-14,-8.1E-02));
#6353 = CARTESIAN_POINT('',(1.010809382261E-14,-0.601));
#6354 = CARTESIAN_POINT('',(1.010809382261E-14,-1.121));
#6355 = ( GEOMETRIC_REPRESENTATION_CONTEXT(2) 
PARAMETRIC_REPRESENTATION_CONTEXT() REPRESENTATION_CONTEXT('2D SPACE',''
  ) );
#6356 = PCURVE('',#566,#6357);
#6357 = DEFINITIONAL_REPRESENTATION('',(#6358),#6362);
#6358 = B_SPLINE_CURVE_WITH_KNOTS('',2,(#6359,#6360,#6361),
  .UNSPECIFIED.,.F.,.F.,(3,3),(8.1E-02,1.121),.PIECEWISE_BEZIER_KNOTS.);
#6359 = CARTESIAN_POINT('',(6.28318530718,-8.1E-02));
#6360 = CARTESIAN_POINT('',(6.28318530718,-0.601));
#6361 = CARTESIAN_POINT('',(6.28318530718,-1.121));
#6362 = ( GEOMETRIC_REPRESENTATION_CONTEXT(2) 
PARAMETRIC_REPRESENTATION_CONTEXT() REPRESENTATION_CONTEXT('2D SPACE',''
  ) );
#6363 = ORIENTED_EDGE('',*,*,#3916,.T.);
#6364 = ORIENTED_EDGE('',*,*,#6344,.F.);
#6365 = ORIENTED_EDGE('',*,*,#542,.F.);
#6366 = ADVANCED_FACE('',(#6367),#618,.F.);
#6367 = FACE_BOUND('',#6368,.F.);
#6368 = EDGE_LOOP('',(#6369,#6389,#6390,#6391));
#6369 = ORIENTED_EDGE('',*,*,#6370,.T.);
#6370 = EDGE_CURVE('',#595,#3954,#6371,.T.);
#6371 = SEAM_CURVE('',#6372,(#6375,#6382),.PCURVE_S1.);
#6372 = B_SPLINE_CURVE_WITH_KNOTS('',1,(#6373,#6374),.UNSPECIFIED.,.F.,
  .F.,(2,2),(8.1E-02,1.121),.PIECEWISE_BEZIER_KNOTS.);
#6373 = CARTESIAN_POINT('',(27.6,19.063962,0.));
#6374 = CARTESIAN_POINT('',(27.6,19.063962,1.2));
#6375 = PCURVE('',#618,#6376);
#6376 = DEFINITIONAL_REPRESENTATION('',(#6377),#6381);
#6377 = B_SPLINE_CURVE_WITH_KNOTS('',2,(#6378,#6379,#6380),
  .UNSPECIFIED.,.F.,.F.,(3,3),(8.1E-02,1.121),.PIECEWISE_BEZIER_KNOTS.);
#6378 = CARTESIAN_POINT('',(0.,-8.1E-02));
#6379 = CARTESIAN_POINT('',(0.,-0.601));
#6380 = CARTESIAN_POINT('',(0.,-1.121));
#6381 = ( GEOMETRIC_REPRESENTATION_CONTEXT(2) 
PARAMETRIC_REPRESENTATION_CONTEXT() REPRESENTATION_CONTEXT('2D SPACE',''
  ) );
#6382 = PCURVE('',#618,#6383);
#6383 = DEFINITIONAL_REPRESENTATION('',(#6384),#6388);
#6384 = B_SPLINE_CURVE_WITH_KNOTS('',2,(#6385,#6386,#6387),
  .UNSPECIFIED.,.F.,.F.,(3,3),(8.1E-02,1.121),.PIECEWISE_BEZIER_KNOTS.);
#6385 = CARTESIAN_POINT('',(6.28318530718,-8.1E-02));
#6386 = CARTESIAN_POINT('',(6.28318530718,-0.601));
#6387 = CARTESIAN_POINT('',(6.28318530718,-1.121));
#6388 = ( GEOMETRIC_REPRESENTATION_CONTEXT(2) 
PARAMETRIC_REPRESENTATION_CONTEXT() REPRESENTATION_CONTEXT('2D SPACE',''
  ) );
#6389 = ORIENTED_EDGE('',*,*,#3953,.T.);
#6390 = ORIENTED_EDGE('',*,*,#6370,.F.);
#6391 = ORIENTED_EDGE('',*,*,#594,.F.);
#6392 = ADVANCED_FACE('',(#6393),#670,.F.);
#6393 = FACE_BOUND('',#6394,.F.);
#6394 = EDGE_LOOP('',(#6395,#6415,#6416,#6417));
#6395 = ORIENTED_EDGE('',*,*,#6396,.T.);
#6396 = EDGE_CURVE('',#647,#3991,#6397,.T.);
#6397 = SEAM_CURVE('',#6398,(#6401,#6408),.PCURVE_S1.);
#6398 = B_SPLINE_CURVE_WITH_KNOTS('',1,(#6399,#6400),.UNSPECIFIED.,.F.,
  .F.,(2,2),(8.1E-02,1.121),.PIECEWISE_BEZIER_KNOTS.);
#6399 = CARTESIAN_POINT('',(27.6,21.563962,0.));
#6400 = CARTESIAN_POINT('',(27.6,21.563962,1.2));
#6401 = PCURVE('',#670,#6402);
#6402 = DEFINITIONAL_REPRESENTATION('',(#6403),#6407);
#6403 = B_SPLINE_CURVE_WITH_KNOTS('',2,(#6404,#6405,#6406),
  .UNSPECIFIED.,.F.,.F.,(3,3),(8.1E-02,1.121),.PIECEWISE_BEZIER_KNOTS.);
#6404 = CARTESIAN_POINT('',(0.,-8.1E-02));
#6405 = CARTESIAN_POINT('',(0.,-0.601));
#6406 = CARTESIAN_POINT('',(0.,-1.121));
#6407 = ( GEOMETRIC_REPRESENTATION_CONTEXT(2) 
PARAMETRIC_REPRESENTATION_CONTEXT() REPRESENTATION_CONTEXT('2D SPACE',''
  ) );
#6408 = PCURVE('',#670,#6409);
#6409 = DEFINITIONAL_REPRESENTATION('',(#6410),#6414);
#6410 = B_SPLINE_CURVE_WITH_KNOTS('',2,(#6411,#6412,#6413),
  .UNSPECIFIED.,.F.,.F.,(3,3),(8.1E-02,1.121),.PIECEWISE_BEZIER_KNOTS.);
#6411 = CARTESIAN_POINT('',(6.28318530718,-8.1E-02));
#6412 = CARTESIAN_POINT('',(6.28318530718,-0.601));
#6413 = CARTESIAN_POINT('',(6.28318530718,-1.121));
#6414 = ( GEOMETRIC_REPRESENTATION_CONTEXT(2) 
PARAMETRIC_REPRESENTATION_CONTEXT() REPRESENTATION_CONTEXT('2D SPACE',''
  ) );
#6415 = ORIENTED_EDGE('',*,*,#3990,.T.);
#6416 = ORIENTED_EDGE('',*,*,#6396,.F.);
#6417 = ORIENTED_EDGE('',*,*,#646,.F.);
#6418 = ADVANCED_FACE('',(#6419),#722,.F.);
#6419 = FACE_BOUND('',#6420,.F.);
#6420 = EDGE_LOOP('',(#6421,#6441,#6442,#6443));
#6421 = ORIENTED_EDGE('',*,*,#6422,.T.);
#6422 = EDGE_CURVE('',#699,#4028,#6423,.T.);
#6423 = SEAM_CURVE('',#6424,(#6427,#6434),.PCURVE_S1.);
#6424 = B_SPLINE_CURVE_WITH_KNOTS('',1,(#6425,#6426),.UNSPECIFIED.,.F.,
  .F.,(2,2),(8.1E-02,1.121),.PIECEWISE_BEZIER_KNOTS.);
#6425 = CARTESIAN_POINT('',(31.1,19.063962,0.));
#6426 = CARTESIAN_POINT('',(31.1,19.063962,1.2));
#6427 = PCURVE('',#722,#6428);
#6428 = DEFINITIONAL_REPRESENTATION('',(#6429),#6433);
#6429 = B_SPLINE_CURVE_WITH_KNOTS('',2,(#6430,#6431,#6432),
  .UNSPECIFIED.,.F.,.F.,(3,3),(8.1E-02,1.121),.PIECEWISE_BEZIER_KNOTS.);
#6430 = CARTESIAN_POINT('',(0.,-8.1E-02));
#6431 = CARTESIAN_POINT('',(0.,-0.601));
#6432 = CARTESIAN_POINT('',(0.,-1.121));
#6433 = ( GEOMETRIC_REPRESENTATION_CONTEXT(2) 
PARAMETRIC_REPRESENTATION_CONTEXT() REPRESENTATION_CONTEXT('2D SPACE',''
  ) );
#6434 = PCURVE('',#722,#6435);
#6435 = DEFINITIONAL_REPRESENTATION('',(#6436),#6440);
#6436 = B_SPLINE_CURVE_WITH_KNOTS('',2,(#6437,#6438,#6439),
  .UNSPECIFIED.,.F.,.F.,(3,3),(8.1E-02,1.121),.PIECEWISE_BEZIER_KNOTS.);
#6437 = CARTESIAN_POINT('',(6.28318530718,-8.1E-02));
#6438 = CARTESIAN_POINT('',(6.28318530718,-0.601));
#6439 = CARTESIAN_POINT('',(6.28318530718,-1.121));
#6440 = ( GEOMETRIC_REPRESENTATION_CONTEXT(2) 
PARAMETRIC_REPRESENTATION_CONTEXT() REPRESENTATION_CONTEXT('2D SPACE',''
  ) );
#6441 = ORIENTED_EDGE('',*,*,#4027,.T.);
#6442 = ORIENTED_EDGE('',*,*,#6422,.F.);
#6443 = ORIENTED_EDGE('',*,*,#698,.F.);
#6444 = ADVANCED_FACE('',(#6445),#774,.F.);
#6445 = FACE_BOUND('',#6446,.F.);
#6446 = EDGE_LOOP('',(#6447,#6467,#6468,#6469));
#6447 = ORIENTED_EDGE('',*,*,#6448,.T.);
#6448 = EDGE_CURVE('',#751,#4065,#6449,.T.);
#6449 = SEAM_CURVE('',#6450,(#6453,#6460),.PCURVE_S1.);
#6450 = B_SPLINE_CURVE_WITH_KNOTS('',1,(#6451,#6452),.UNSPECIFIED.,.F.,
  .F.,(2,2),(8.1E-02,1.121),.PIECEWISE_BEZIER_KNOTS.);
#6451 = CARTESIAN_POINT('',(31.1,21.563962,0.));
#6452 = CARTESIAN_POINT('',(31.1,21.563962,1.2));
#6453 = PCURVE('',#774,#6454);
#6454 = DEFINITIONAL_REPRESENTATION('',(#6455),#6459);
#6455 = B_SPLINE_CURVE_WITH_KNOTS('',2,(#6456,#6457,#6458),
  .UNSPECIFIED.,.F.,.F.,(3,3),(8.1E-02,1.121),.PIECEWISE_BEZIER_KNOTS.);
#6456 = CARTESIAN_POINT('',(0.,-8.1E-02));
#6457 = CARTESIAN_POINT('',(0.,-0.601));
#6458 = CARTESIAN_POINT('',(0.,-1.121));
#6459 = ( GEOMETRIC_REPRESENTATION_CONTEXT(2) 
PARAMETRIC_REPRESENTATION_CONTEXT() REPRESENTATION_CONTEXT('2D SPACE',''
  ) );
#6460 = PCURVE('',#774,#6461);
#6461 = DEFINITIONAL_REPRESENTATION('',(#6462),#6466);
#6462 = B_SPLINE_CURVE_WITH_KNOTS('',2,(#6463,#6464,#6465),
  .UNSPECIFIED.,.F.,.F.,(3,3),(8.1E-02,1.121),.PIECEWISE_BEZIER_KNOTS.);
#6463 = CARTESIAN_POINT('',(6.28318530718,-8.1E-02));
#6464 = CARTESIAN_POINT('',(6.28318530718,-0.601));
#6465 = CARTESIAN_POINT('',(6.28318530718,-1.121));
#6466 = ( GEOMETRIC_REPRESENTATION_CONTEXT(2) 
PARAMETRIC_REPRESENTATION_CONTEXT() REPRESENTATION_CONTEXT('2D SPACE',''
  ) );
#6467 = ORIENTED_EDGE('',*,*,#4064,.T.);
#6468 = ORIENTED_EDGE('',*,*,#6448,.F.);
#6469 = ORIENTED_EDGE('',*,*,#750,.F.);
#6470 = ADVANCED_FACE('',(#6471),#826,.F.);
#6471 = FACE_BOUND('',#6472,.F.);
#6472 = EDGE_LOOP('',(#6473,#6493,#6494,#6495));
#6473 = ORIENTED_EDGE('',*,*,#6474,.T.);
#6474 = EDGE_CURVE('',#803,#4102,#6475,.T.);
#6475 = SEAM_CURVE('',#6476,(#6479,#6486),.PCURVE_S1.);
#6476 = B_SPLINE_CURVE_WITH_KNOTS('',1,(#6477,#6478),.UNSPECIFIED.,.F.,
  .F.,(2,2),(8.1E-02,1.121),.PIECEWISE_BEZIER_KNOTS.);
#6477 = CARTESIAN_POINT('',(11.,32.413962,0.));
#6478 = CARTESIAN_POINT('',(11.,32.413962,1.2));
#6479 = PCURVE('',#826,#6480);
#6480 = DEFINITIONAL_REPRESENTATION('',(#6481),#6485);
#6481 = B_SPLINE_CURVE_WITH_KNOTS('',2,(#6482,#6483,#6484),
  .UNSPECIFIED.,.F.,.F.,(3,3),(8.1E-02,1.121),.PIECEWISE_BEZIER_KNOTS.);
#6482 = CARTESIAN_POINT('',(0.,-8.1E-02));
#6483 = CARTESIAN_POINT('',(0.,-0.601));
#6484 = CARTESIAN_POINT('',(0.,-1.121));
#6485 = ( GEOMETRIC_REPRESENTATION_CONTEXT(2) 
PARAMETRIC_REPRESENTATION_CONTEXT() REPRESENTATION_CONTEXT('2D SPACE',''
  ) );
#6486 = PCURVE('',#826,#6487);
#6487 = DEFINITIONAL_REPRESENTATION('',(#6488),#6492);
#6488 = B_SPLINE_CURVE_WITH_KNOTS('',2,(#6489,#6490,#6491),
  .UNSPECIFIED.,.F.,.F.,(3,3),(8.1E-02,1.121),.PIECEWISE_BEZIER_KNOTS.);
#6489 = CARTESIAN_POINT('',(6.28318530718,-8.1E-02));
#6490 = CARTESIAN_POINT('',(6.28318530718,-0.601));
#6491 = CARTESIAN_POINT('',(6.28318530718,-1.121));
#6492 = ( GEOMETRIC_REPRESENTATION_CONTEXT(2) 
PARAMETRIC_REPRESENTATION_CONTEXT() REPRESENTATION_CONTEXT('2D SPACE',''
  ) );
#6493 = ORIENTED_EDGE('',*,*,#4101,.T.);
#6494 = ORIENTED_EDGE('',*,*,#6474,.F.);
#6495 = ORIENTED_EDGE('',*,*,#802,.F.);
#6496 = ADVANCED_FACE('',(#6497),#878,.F.);
#6497 = FACE_BOUND('',#6498,.F.);
#6498 = EDGE_LOOP('',(#6499,#6519,#6520,#6521));
#6499 = ORIENTED_EDGE('',*,*,#6500,.T.);
#6500 = EDGE_CURVE('',#855,#4139,#6501,.T.);
#6501 = SEAM_CURVE('',#6502,(#6505,#6512),.PCURVE_S1.);
#6502 = B_SPLINE_CURVE_WITH_KNOTS('',1,(#6503,#6504),.UNSPECIFIED.,.F.,
  .F.,(2,2),(8.1E-02,1.121),.PIECEWISE_BEZIER_KNOTS.);
#6503 = CARTESIAN_POINT('',(14.96,32.413962,0.));
#6504 = CARTESIAN_POINT('',(14.96,32.413962,1.2));
#6505 = PCURVE('',#878,#6506);
#6506 = DEFINITIONAL_REPRESENTATION('',(#6507),#6511);
#6507 = B_SPLINE_CURVE_WITH_KNOTS('',2,(#6508,#6509,#6510),
  .UNSPECIFIED.,.F.,.F.,(3,3),(8.1E-02,1.121),.PIECEWISE_BEZIER_KNOTS.);
#6508 = CARTESIAN_POINT('',(0.,-8.1E-02));
#6509 = CARTESIAN_POINT('',(0.,-0.601));
#6510 = CARTESIAN_POINT('',(0.,-1.121));
#6511 = ( GEOMETRIC_REPRESENTATION_CONTEXT(2) 
PARAMETRIC_REPRESENTATION_CONTEXT() REPRESENTATION_CONTEXT('2D SPACE',''
  ) );
#6512 = PCURVE('',#878,#6513);
#6513 = DEFINITIONAL_REPRESENTATION('',(#6514),#6518);
#6514 = B_SPLINE_CURVE_WITH_KNOTS('',2,(#6515,#6516,#6517),
  .UNSPECIFIED.,.F.,.F.,(3,3),(8.1E-02,1.121),.PIECEWISE_BEZIER_KNOTS.);
#6515 = CARTESIAN_POINT('',(6.28318530718,-8.1E-02));
#6516 = CARTESIAN_POINT('',(6.28318530718,-0.601));
#6517 = CARTESIAN_POINT('',(6.28318530718,-1.121));
#6518 = ( GEOMETRIC_REPRESENTATION_CONTEXT(2) 
PARAMETRIC_REPRESENTATION_CONTEXT() REPRESENTATION_CONTEXT('2D SPACE',''
  ) );
#6519 = ORIENTED_EDGE('',*,*,#4138,.T.);
#6520 = ORIENTED_EDGE('',*,*,#6500,.F.);
#6521 = ORIENTED_EDGE('',*,*,#854,.F.);
#6522 = ADVANCED_FACE('',(#6523),#930,.F.);
#6523 = FACE_BOUND('',#6524,.F.);
#6524 = EDGE_LOOP('',(#6525,#6545,#6546,#6547));
#6525 = ORIENTED_EDGE('',*,*,#6526,.T.);
#6526 = EDGE_CURVE('',#907,#4176,#6527,.T.);
#6527 = SEAM_CURVE('',#6528,(#6531,#6538),.PCURVE_S1.);
#6528 = B_SPLINE_CURVE_WITH_KNOTS('',1,(#6529,#6530),.UNSPECIFIED.,.F.,
  .F.,(2,2),(8.1E-02,1.121),.PIECEWISE_BEZIER_KNOTS.);
#6529 = CARTESIAN_POINT('',(7.,40.063962,0.));
#6530 = CARTESIAN_POINT('',(7.,40.063962,1.2));
#6531 = PCURVE('',#930,#6532);
#6532 = DEFINITIONAL_REPRESENTATION('',(#6533),#6537);
#6533 = B_SPLINE_CURVE_WITH_KNOTS('',2,(#6534,#6535,#6536),
  .UNSPECIFIED.,.F.,.F.,(3,3),(8.1E-02,1.121),.PIECEWISE_BEZIER_KNOTS.);
#6534 = CARTESIAN_POINT('',(0.,-8.1E-02));
#6535 = CARTESIAN_POINT('',(0.,-0.601));
#6536 = CARTESIAN_POINT('',(0.,-1.121));
#6537 = ( GEOMETRIC_REPRESENTATION_CONTEXT(2) 
PARAMETRIC_REPRESENTATION_CONTEXT() REPRESENTATION_CONTEXT('2D SPACE',''
  ) );
#6538 = PCURVE('',#930,#6539);
#6539 = DEFINITIONAL_REPRESENTATION('',(#6540),#6544);
#6540 = B_SPLINE_CURVE_WITH_KNOTS('',2,(#6541,#6542,#6543),
  .UNSPECIFIED.,.F.,.F.,(3,3),(8.1E-02,1.121),.PIECEWISE_BEZIER_KNOTS.);
#6541 = CARTESIAN_POINT('',(6.28318530718,-8.1E-02));
#6542 = CARTESIAN_POINT('',(6.28318530718,-0.601));
#6543 = CARTESIAN_POINT('',(6.28318530718,-1.121));
#6544 = ( GEOMETRIC_REPRESENTATION_CONTEXT(2) 
PARAMETRIC_REPRESENTATION_CONTEXT() REPRESENTATION_CONTEXT('2D SPACE',''
  ) );
#6545 = ORIENTED_EDGE('',*,*,#4175,.T.);
#6546 = ORIENTED_EDGE('',*,*,#6526,.F.);
#6547 = ORIENTED_EDGE('',*,*,#906,.F.);
#6548 = ADVANCED_FACE('',(#6549),#982,.F.);
#6549 = FACE_BOUND('',#6550,.F.);
#6550 = EDGE_LOOP('',(#6551,#6571,#6572,#6573));
#6551 = ORIENTED_EDGE('',*,*,#6552,.T.);
#6552 = EDGE_CURVE('',#959,#4213,#6553,.T.);
#6553 = SEAM_CURVE('',#6554,(#6557,#6564),.PCURVE_S1.);
#6554 = B_SPLINE_CURVE_WITH_KNOTS('',1,(#6555,#6556),.UNSPECIFIED.,.F.,
  .F.,(2,2),(8.1E-02,1.121),.PIECEWISE_BEZIER_KNOTS.);
#6555 = CARTESIAN_POINT('',(7.,42.563962,0.));
#6556 = CARTESIAN_POINT('',(7.,42.563962,1.2));
#6557 = PCURVE('',#982,#6558);
#6558 = DEFINITIONAL_REPRESENTATION('',(#6559),#6563);
#6559 = B_SPLINE_CURVE_WITH_KNOTS('',2,(#6560,#6561,#6562),
  .UNSPECIFIED.,.F.,.F.,(3,3),(8.1E-02,1.121),.PIECEWISE_BEZIER_KNOTS.);
#6560 = CARTESIAN_POINT('',(0.,-8.1E-02));
#6561 = CARTESIAN_POINT('',(0.,-0.601));
#6562 = CARTESIAN_POINT('',(0.,-1.121));
#6563 = ( GEOMETRIC_REPRESENTATION_CONTEXT(2) 
PARAMETRIC_REPRESENTATION_CONTEXT() REPRESENTATION_CONTEXT('2D SPACE',''
  ) );
#6564 = PCURVE('',#982,#6565);
#6565 = DEFINITIONAL_REPRESENTATION('',(#6566),#6570);
#6566 = B_SPLINE_CURVE_WITH_KNOTS('',2,(#6567,#6568,#6569),
  .UNSPECIFIED.,.F.,.F.,(3,3),(8.1E-02,1.121),.PIECEWISE_BEZIER_KNOTS.);
#6567 = CARTESIAN_POINT('',(6.28318530718,-8.1E-02));
#6568 = CARTESIAN_POINT('',(6.28318530718,-0.601));
#6569 = CARTESIAN_POINT('',(6.28318530718,-1.121));
#6570 = ( GEOMETRIC_REPRESENTATION_CONTEXT(2) 
PARAMETRIC_REPRESENTATION_CONTEXT() REPRESENTATION_CONTEXT('2D SPACE',''
  ) );
#6571 = ORIENTED_EDGE('',*,*,#4212,.T.);
#6572 = ORIENTED_EDGE('',*,*,#6552,.F.);
#6573 = ORIENTED_EDGE('',*,*,#958,.F.);
#6574 = ADVANCED_FACE('',(#6575),#1034,.F.);
#6575 = FACE_BOUND('',#6576,.F.);
#6576 = EDGE_LOOP('',(#6577,#6597,#6598,#6599));
#6577 = ORIENTED_EDGE('',*,*,#6578,.T.);
#6578 = EDGE_CURVE('',#1011,#4250,#6579,.T.);
#6579 = SEAM_CURVE('',#6580,(#6583,#6590),.PCURVE_S1.);
#6580 = B_SPLINE_CURVE_WITH_KNOTS('',1,(#6581,#6582),.UNSPECIFIED.,.F.,
  .F.,(2,2),(8.1E-02,1.121),.PIECEWISE_BEZIER_KNOTS.);
#6581 = CARTESIAN_POINT('',(10.5,40.063962,0.));
#6582 = CARTESIAN_POINT('',(10.5,40.063962,1.2));
#6583 = PCURVE('',#1034,#6584);
#6584 = DEFINITIONAL_REPRESENTATION('',(#6585),#6589);
#6585 = B_SPLINE_CURVE_WITH_KNOTS('',2,(#6586,#6587,#6588),
  .UNSPECIFIED.,.F.,.F.,(3,3),(8.1E-02,1.121),.PIECEWISE_BEZIER_KNOTS.);
#6586 = CARTESIAN_POINT('',(0.,-8.1E-02));
#6587 = CARTESIAN_POINT('',(0.,-0.601));
#6588 = CARTESIAN_POINT('',(0.,-1.121));
#6589 = ( GEOMETRIC_REPRESENTATION_CONTEXT(2) 
PARAMETRIC_REPRESENTATION_CONTEXT() REPRESENTATION_CONTEXT('2D SPACE',''
  ) );
#6590 = PCURVE('',#1034,#6591);
#6591 = DEFINITIONAL_REPRESENTATION('',(#6592),#6596);
#6592 = B_SPLINE_CURVE_WITH_KNOTS('',2,(#6593,#6594,#6595),
  .UNSPECIFIED.,.F.,.F.,(3,3),(8.1E-02,1.121),.PIECEWISE_BEZIER_KNOTS.);
#6593 = CARTESIAN_POINT('',(6.28318530718,-8.1E-02));
#6594 = CARTESIAN_POINT('',(6.28318530718,-0.601));
#6595 = CARTESIAN_POINT('',(6.28318530718,-1.121));
#6596 = ( GEOMETRIC_REPRESENTATION_CONTEXT(2) 
PARAMETRIC_REPRESENTATION_CONTEXT() REPRESENTATION_CONTEXT('2D SPACE',''
  ) );
#6597 = ORIENTED_EDGE('',*,*,#4249,.T.);
#6598 = ORIENTED_EDGE('',*,*,#6578,.F.);
#6599 = ORIENTED_EDGE('',*,*,#1010,.F.);
#6600 = ADVANCED_FACE('',(#6601),#1086,.F.);
#6601 = FACE_BOUND('',#6602,.F.);
#6602 = EDGE_LOOP('',(#6603,#6623,#6624,#6625));
#6603 = ORIENTED_EDGE('',*,*,#6604,.T.);
#6604 = EDGE_CURVE('',#1063,#4287,#6605,.T.);
#6605 = SEAM_CURVE('',#6606,(#6609,#6616),.PCURVE_S1.);
#6606 = B_SPLINE_CURVE_WITH_KNOTS('',1,(#6607,#6608),.UNSPECIFIED.,.F.,
  .F.,(2,2),(8.1E-02,1.121),.PIECEWISE_BEZIER_KNOTS.);
#6607 = CARTESIAN_POINT('',(10.5,42.563962,0.));
#6608 = CARTESIAN_POINT('',(10.5,42.563962,1.2));
#6609 = PCURVE('',#1086,#6610);
#6610 = DEFINITIONAL_REPRESENTATION('',(#6611),#6615);
#6611 = B_SPLINE_CURVE_WITH_KNOTS('',2,(#6612,#6613,#6614),
  .UNSPECIFIED.,.F.,.F.,(3,3),(8.1E-02,1.121),.PIECEWISE_BEZIER_KNOTS.);
#6612 = CARTESIAN_POINT('',(0.,-8.1E-02));
#6613 = CARTESIAN_POINT('',(0.,-0.601));
#6614 = CARTESIAN_POINT('',(0.,-1.121));
#6615 = ( GEOMETRIC_REPRESENTATION_CONTEXT(2) 
PARAMETRIC_REPRESENTATION_CONTEXT() REPRESENTATION_CONTEXT('2D SPACE',''
  ) );
#6616 = PCURVE('',#1086,#6617);
#6617 = DEFINITIONAL_REPRESENTATION('',(#6618),#6622);
#6618 = B_SPLINE_CURVE_WITH_KNOTS('',2,(#6619,#6620,#6621),
  .UNSPECIFIED.,.F.,.F.,(3,3),(8.1E-02,1.121),.PIECEWISE_BEZIER_KNOTS.);
#6619 = CARTESIAN_POINT('',(6.28318530718,-8.1E-02));
#6620 = CARTESIAN_POINT('',(6.28318530718,-0.601));
#6621 = CARTESIAN_POINT('',(6.28318530718,-1.121));
#6622 = ( GEOMETRIC_REPRESENTATION_CONTEXT(2) 
PARAMETRIC_REPRESENTATION_CONTEXT() REPRESENTATION_CONTEXT('2D SPACE',''
  ) );
#6623 = ORIENTED_EDGE('',*,*,#4286,.T.);
#6624 = ORIENTED_EDGE('',*,*,#6604,.F.);
#6625 = ORIENTED_EDGE('',*,*,#1062,.F.);
#6626 = ADVANCED_FACE('',(#6627),#1138,.F.);
#6627 = FACE_BOUND('',#6628,.F.);
#6628 = EDGE_LOOP('',(#6629,#6649,#6650,#6651));
#6629 = ORIENTED_EDGE('',*,*,#6630,.T.);
#6630 = EDGE_CURVE('',#1115,#4324,#6631,.T.);
#6631 = SEAM_CURVE('',#6632,(#6635,#6642),.PCURVE_S1.);
#6632 = B_SPLINE_CURVE_WITH_KNOTS('',1,(#6633,#6634),.UNSPECIFIED.,.F.,
  .F.,(2,2),(8.1E-02,1.121),.PIECEWISE_BEZIER_KNOTS.);
#6633 = CARTESIAN_POINT('',(16.3,40.063962,0.));
#6634 = CARTESIAN_POINT('',(16.3,40.063962,1.2));
#6635 = PCURVE('',#1138,#6636);
#6636 = DEFINITIONAL_REPRESENTATION('',(#6637),#6641);
#6637 = B_SPLINE_CURVE_WITH_KNOTS('',2,(#6638,#6639,#6640),
  .UNSPECIFIED.,.F.,.F.,(3,3),(8.1E-02,1.121),.PIECEWISE_BEZIER_KNOTS.);
#6638 = CARTESIAN_POINT('',(0.,-8.1E-02));
#6639 = CARTESIAN_POINT('',(0.,-0.601));
#6640 = CARTESIAN_POINT('',(0.,-1.121));
#6641 = ( GEOMETRIC_REPRESENTATION_CONTEXT(2) 
PARAMETRIC_REPRESENTATION_CONTEXT() REPRESENTATION_CONTEXT('2D SPACE',''
  ) );
#6642 = PCURVE('',#1138,#6643);
#6643 = DEFINITIONAL_REPRESENTATION('',(#6644),#6648);
#6644 = B_SPLINE_CURVE_WITH_KNOTS('',2,(#6645,#6646,#6647),
  .UNSPECIFIED.,.F.,.F.,(3,3),(8.1E-02,1.121),.PIECEWISE_BEZIER_KNOTS.);
#6645 = CARTESIAN_POINT('',(6.28318530718,-8.1E-02));
#6646 = CARTESIAN_POINT('',(6.28318530718,-0.601));
#6647 = CARTESIAN_POINT('',(6.28318530718,-1.121));
#6648 = ( GEOMETRIC_REPRESENTATION_CONTEXT(2) 
PARAMETRIC_REPRESENTATION_CONTEXT() REPRESENTATION_CONTEXT('2D SPACE',''
  ) );
#6649 = ORIENTED_EDGE('',*,*,#4323,.T.);
#6650 = ORIENTED_EDGE('',*,*,#6630,.F.);
#6651 = ORIENTED_EDGE('',*,*,#1114,.F.);
#6652 = ADVANCED_FACE('',(#6653),#1190,.F.);
#6653 = FACE_BOUND('',#6654,.F.);
#6654 = EDGE_LOOP('',(#6655,#6675,#6676,#6677));
#6655 = ORIENTED_EDGE('',*,*,#6656,.T.);
#6656 = EDGE_CURVE('',#1167,#4361,#6657,.T.);
#6657 = SEAM_CURVE('',#6658,(#6661,#6668),.PCURVE_S1.);
#6658 = B_SPLINE_CURVE_WITH_KNOTS('',1,(#6659,#6660),.UNSPECIFIED.,.F.,
  .F.,(2,2),(8.1E-02,1.121),.PIECEWISE_BEZIER_KNOTS.);
#6659 = CARTESIAN_POINT('',(13.4,40.813962,0.));
#6660 = CARTESIAN_POINT('',(13.4,40.813962,1.2));
#6661 = PCURVE('',#1190,#6662);
#6662 = DEFINITIONAL_REPRESENTATION('',(#6663),#6667);
#6663 = B_SPLINE_CURVE_WITH_KNOTS('',2,(#6664,#6665,#6666),
  .UNSPECIFIED.,.F.,.F.,(3,3),(8.1E-02,1.121),.PIECEWISE_BEZIER_KNOTS.);
#6664 = CARTESIAN_POINT('',(0.,-8.1E-02));
#6665 = CARTESIAN_POINT('',(2.536201837314E-15,-0.601));
#6666 = CARTESIAN_POINT('',(0.,-1.121));
#6667 = ( GEOMETRIC_REPRESENTATION_CONTEXT(2) 
PARAMETRIC_REPRESENTATION_CONTEXT() REPRESENTATION_CONTEXT('2D SPACE',''
  ) );
#6668 = PCURVE('',#1190,#6669);
#6669 = DEFINITIONAL_REPRESENTATION('',(#6670),#6674);
#6670 = B_SPLINE_CURVE_WITH_KNOTS('',2,(#6671,#6672,#6673),
  .UNSPECIFIED.,.F.,.F.,(3,3),(8.1E-02,1.121),.PIECEWISE_BEZIER_KNOTS.);
#6671 = CARTESIAN_POINT('',(6.28318530718,-8.1E-02));
#6672 = CARTESIAN_POINT('',(6.28318530718,-0.601));
#6673 = CARTESIAN_POINT('',(6.28318530718,-1.121));
#6674 = ( GEOMETRIC_REPRESENTATION_CONTEXT(2) 
PARAMETRIC_REPRESENTATION_CONTEXT() REPRESENTATION_CONTEXT('2D SPACE',''
  ) );
#6675 = ORIENTED_EDGE('',*,*,#4360,.T.);
#6676 = ORIENTED_EDGE('',*,*,#6656,.F.);
#6677 = ORIENTED_EDGE('',*,*,#1166,.F.);
#6678 = ADVANCED_FACE('',(#6679),#1242,.F.);
#6679 = FACE_BOUND('',#6680,.F.);
#6680 = EDGE_LOOP('',(#6681,#6701,#6702,#6703));
#6681 = ORIENTED_EDGE('',*,*,#6682,.T.);
#6682 = EDGE_CURVE('',#1219,#4398,#6683,.T.);
#6683 = SEAM_CURVE('',#6684,(#6687,#6694),.PCURVE_S1.);
#6684 = B_SPLINE_CURVE_WITH_KNOTS('',1,(#6685,#6686),.UNSPECIFIED.,.F.,
  .F.,(2,2),(8.1E-02,1.121),.PIECEWISE_BEZIER_KNOTS.);
#6685 = CARTESIAN_POINT('',(16.3,42.563962,0.));
#6686 = CARTESIAN_POINT('',(16.3,42.563962,1.2));
#6687 = PCURVE('',#1242,#6688);
#6688 = DEFINITIONAL_REPRESENTATION('',(#6689),#6693);
#6689 = B_SPLINE_CURVE_WITH_KNOTS('',2,(#6690,#6691,#6692),
  .UNSPECIFIED.,.F.,.F.,(3,3),(8.1E-02,1.121),.PIECEWISE_BEZIER_KNOTS.);
#6690 = CARTESIAN_POINT('',(0.,-8.1E-02));
#6691 = CARTESIAN_POINT('',(0.,-0.601));
#6692 = CARTESIAN_POINT('',(0.,-1.121));
#6693 = ( GEOMETRIC_REPRESENTATION_CONTEXT(2) 
PARAMETRIC_REPRESENTATION_CONTEXT() REPRESENTATION_CONTEXT('2D SPACE',''
  ) );
#6694 = PCURVE('',#1242,#6695);
#6695 = DEFINITIONAL_REPRESENTATION('',(#6696),#6700);
#6696 = B_SPLINE_CURVE_WITH_KNOTS('',2,(#6697,#6698,#6699),
  .UNSPECIFIED.,.F.,.F.,(3,3),(8.1E-02,1.121),.PIECEWISE_BEZIER_KNOTS.);
#6697 = CARTESIAN_POINT('',(6.28318530718,-8.1E-02));
#6698 = CARTESIAN_POINT('',(6.28318530718,-0.601));
#6699 = CARTESIAN_POINT('',(6.28318530718,-1.121));
#6700 = ( GEOMETRIC_REPRESENTATION_CONTEXT(2) 
PARAMETRIC_REPRESENTATION_CONTEXT() REPRESENTATION_CONTEXT('2D SPACE',''
  ) );
#6701 = ORIENTED_EDGE('',*,*,#4397,.T.);
#6702 = ORIENTED_EDGE('',*,*,#6682,.F.);
#6703 = ORIENTED_EDGE('',*,*,#1218,.F.);
#6704 = ADVANCED_FACE('',(#6705),#1294,.F.);
#6705 = FACE_BOUND('',#6706,.F.);
#6706 = EDGE_LOOP('',(#6707,#6727,#6728,#6729));
#6707 = ORIENTED_EDGE('',*,*,#6708,.T.);
#6708 = EDGE_CURVE('',#1271,#4435,#6709,.T.);
#6709 = SEAM_CURVE('',#6710,(#6713,#6720),.PCURVE_S1.);
#6710 = B_SPLINE_CURVE_WITH_KNOTS('',1,(#6711,#6712),.UNSPECIFIED.,.F.,
  .F.,(2,2),(8.1E-02,1.121),.PIECEWISE_BEZIER_KNOTS.);
#6711 = CARTESIAN_POINT('',(19.8,40.063962,0.));
#6712 = CARTESIAN_POINT('',(19.8,40.063962,1.2));
#6713 = PCURVE('',#1294,#6714);
#6714 = DEFINITIONAL_REPRESENTATION('',(#6715),#6719);
#6715 = B_SPLINE_CURVE_WITH_KNOTS('',2,(#6716,#6717,#6718),
  .UNSPECIFIED.,.F.,.F.,(3,3),(8.1E-02,1.121),.PIECEWISE_BEZIER_KNOTS.);
#6716 = CARTESIAN_POINT('',(0.,-8.1E-02));
#6717 = CARTESIAN_POINT('',(0.,-0.601));
#6718 = CARTESIAN_POINT('',(0.,-1.121));
#6719 = ( GEOMETRIC_REPRESENTATION_CONTEXT(2) 
PARAMETRIC_REPRESENTATION_CONTEXT() REPRESENTATION_CONTEXT('2D SPACE',''
  ) );
#6720 = PCURVE('',#1294,#6721);
#6721 = DEFINITIONAL_REPRESENTATION('',(#6722),#6726);
#6722 = B_SPLINE_CURVE_WITH_KNOTS('',2,(#6723,#6724,#6725),
  .UNSPECIFIED.,.F.,.F.,(3,3),(8.1E-02,1.121),.PIECEWISE_BEZIER_KNOTS.);
#6723 = CARTESIAN_POINT('',(6.28318530718,-8.1E-02));
#6724 = CARTESIAN_POINT('',(6.28318530718,-0.601));
#6725 = CARTESIAN_POINT('',(6.28318530718,-1.121));
#6726 = ( GEOMETRIC_REPRESENTATION_CONTEXT(2) 
PARAMETRIC_REPRESENTATION_CONTEXT() REPRESENTATION_CONTEXT('2D SPACE',''
  ) );
#6727 = ORIENTED_EDGE('',*,*,#4434,.T.);
#6728 = ORIENTED_EDGE('',*,*,#6708,.F.);
#6729 = ORIENTED_EDGE('',*,*,#1270,.F.);
#6730 = ADVANCED_FACE('',(#6731),#1346,.F.);
#6731 = FACE_BOUND('',#6732,.F.);
#6732 = EDGE_LOOP('',(#6733,#6753,#6754,#6755));
#6733 = ORIENTED_EDGE('',*,*,#6734,.T.);
#6734 = EDGE_CURVE('',#1323,#4472,#6735,.T.);
#6735 = SEAM_CURVE('',#6736,(#6739,#6746),.PCURVE_S1.);
#6736 = B_SPLINE_CURVE_WITH_KNOTS('',1,(#6737,#6738),.UNSPECIFIED.,.F.,
  .F.,(2,2),(8.1E-02,1.121),.PIECEWISE_BEZIER_KNOTS.);
#6737 = CARTESIAN_POINT('',(19.8,42.563962,0.));
#6738 = CARTESIAN_POINT('',(19.8,42.563962,1.2));
#6739 = PCURVE('',#1346,#6740);
#6740 = DEFINITIONAL_REPRESENTATION('',(#6741),#6745);
#6741 = B_SPLINE_CURVE_WITH_KNOTS('',2,(#6742,#6743,#6744),
  .UNSPECIFIED.,.F.,.F.,(3,3),(8.1E-02,1.121),.PIECEWISE_BEZIER_KNOTS.);
#6742 = CARTESIAN_POINT('',(0.,-8.1E-02));
#6743 = CARTESIAN_POINT('',(0.,-0.601));
#6744 = CARTESIAN_POINT('',(0.,-1.121));
#6745 = ( GEOMETRIC_REPRESENTATION_CONTEXT(2) 
PARAMETRIC_REPRESENTATION_CONTEXT() REPRESENTATION_CONTEXT('2D SPACE',''
  ) );
#6746 = PCURVE('',#1346,#6747);
#6747 = DEFINITIONAL_REPRESENTATION('',(#6748),#6752);
#6748 = B_SPLINE_CURVE_WITH_KNOTS('',2,(#6749,#6750,#6751),
  .UNSPECIFIED.,.F.,.F.,(3,3),(8.1E-02,1.121),.PIECEWISE_BEZIER_KNOTS.);
#6749 = CARTESIAN_POINT('',(6.28318530718,-8.1E-02));
#6750 = CARTESIAN_POINT('',(6.28318530718,-0.601));
#6751 = CARTESIAN_POINT('',(6.28318530718,-1.121));
#6752 = ( GEOMETRIC_REPRESENTATION_CONTEXT(2) 
PARAMETRIC_REPRESENTATION_CONTEXT() REPRESENTATION_CONTEXT('2D SPACE',''
  ) );
#6753 = ORIENTED_EDGE('',*,*,#4471,.T.);
#6754 = ORIENTED_EDGE('',*,*,#6734,.F.);
#6755 = ORIENTED_EDGE('',*,*,#1322,.F.);
#6756 = ADVANCED_FACE('',(#6757),#1398,.F.);
#6757 = FACE_BOUND('',#6758,.F.);
#6758 = EDGE_LOOP('',(#6759,#6779,#6780,#6781));
#6759 = ORIENTED_EDGE('',*,*,#6760,.T.);
#6760 = EDGE_CURVE('',#1375,#4509,#6761,.T.);
#6761 = SEAM_CURVE('',#6762,(#6765,#6772),.PCURVE_S1.);
#6762 = B_SPLINE_CURVE_WITH_KNOTS('',1,(#6763,#6764),.UNSPECIFIED.,.F.,
  .F.,(2,2),(8.1E-02,1.121),.PIECEWISE_BEZIER_KNOTS.);
#6763 = CARTESIAN_POINT('',(35.98,11.413962,0.));
#6764 = CARTESIAN_POINT('',(35.98,11.413962,1.2));
#6765 = PCURVE('',#1398,#6766);
#6766 = DEFINITIONAL_REPRESENTATION('',(#6767),#6771);
#6767 = B_SPLINE_CURVE_WITH_KNOTS('',2,(#6768,#6769,#6770),
  .UNSPECIFIED.,.F.,.F.,(3,3),(8.1E-02,1.121),.PIECEWISE_BEZIER_KNOTS.);
#6768 = CARTESIAN_POINT('',(0.,-8.1E-02));
#6769 = CARTESIAN_POINT('',(0.,-0.601));
#6770 = CARTESIAN_POINT('',(0.,-1.121));
#6771 = ( GEOMETRIC_REPRESENTATION_CONTEXT(2) 
PARAMETRIC_REPRESENTATION_CONTEXT() REPRESENTATION_CONTEXT('2D SPACE',''
  ) );
#6772 = PCURVE('',#1398,#6773);
#6773 = DEFINITIONAL_REPRESENTATION('',(#6774),#6778);
#6774 = B_SPLINE_CURVE_WITH_KNOTS('',2,(#6775,#6776,#6777),
  .UNSPECIFIED.,.F.,.F.,(3,3),(8.1E-02,1.121),.PIECEWISE_BEZIER_KNOTS.);
#6775 = CARTESIAN_POINT('',(6.28318530718,-8.1E-02));
#6776 = CARTESIAN_POINT('',(6.28318530718,-0.601));
#6777 = CARTESIAN_POINT('',(6.28318530718,-1.121));
#6778 = ( GEOMETRIC_REPRESENTATION_CONTEXT(2) 
PARAMETRIC_REPRESENTATION_CONTEXT() REPRESENTATION_CONTEXT('2D SPACE',''
  ) );
#6779 = ORIENTED_EDGE('',*,*,#4508,.T.);
#6780 = ORIENTED_EDGE('',*,*,#6760,.F.);
#6781 = ORIENTED_EDGE('',*,*,#1374,.F.);
#6782 = ADVANCED_FACE('',(#6783),#1450,.F.);
#6783 = FACE_BOUND('',#6784,.F.);
#6784 = EDGE_LOOP('',(#6785,#6805,#6806,#6807));
#6785 = ORIENTED_EDGE('',*,*,#6786,.T.);
#6786 = EDGE_CURVE('',#1427,#4546,#6787,.T.);
#6787 = SEAM_CURVE('',#6788,(#6791,#6798),.PCURVE_S1.);
#6788 = B_SPLINE_CURVE_WITH_KNOTS('',1,(#6789,#6790),.UNSPECIFIED.,.F.,
  .F.,(2,2),(8.1E-02,1.121),.PIECEWISE_BEZIER_KNOTS.);
#6789 = CARTESIAN_POINT('',(34.,19.813962,0.));
#6790 = CARTESIAN_POINT('',(34.,19.813962,1.2));
#6791 = PCURVE('',#1450,#6792);
#6792 = DEFINITIONAL_REPRESENTATION('',(#6793),#6797);
#6793 = B_SPLINE_CURVE_WITH_KNOTS('',2,(#6794,#6795,#6796),
  .UNSPECIFIED.,.F.,.F.,(3,3),(8.1E-02,1.121),.PIECEWISE_BEZIER_KNOTS.);
#6794 = CARTESIAN_POINT('',(0.,-8.1E-02));
#6795 = CARTESIAN_POINT('',(0.,-0.601));
#6796 = CARTESIAN_POINT('',(0.,-1.121));
#6797 = ( GEOMETRIC_REPRESENTATION_CONTEXT(2) 
PARAMETRIC_REPRESENTATION_CONTEXT() REPRESENTATION_CONTEXT('2D SPACE',''
  ) );
#6798 = PCURVE('',#1450,#6799);
#6799 = DEFINITIONAL_REPRESENTATION('',(#6800),#6804);
#6800 = B_SPLINE_CURVE_WITH_KNOTS('',2,(#6801,#6802,#6803),
  .UNSPECIFIED.,.F.,.F.,(3,3),(8.1E-02,1.121),.PIECEWISE_BEZIER_KNOTS.);
#6801 = CARTESIAN_POINT('',(6.28318530718,-8.1E-02));
#6802 = CARTESIAN_POINT('',(6.28318530718,-0.601));
#6803 = CARTESIAN_POINT('',(6.28318530718,-1.121));
#6804 = ( GEOMETRIC_REPRESENTATION_CONTEXT(2) 
PARAMETRIC_REPRESENTATION_CONTEXT() REPRESENTATION_CONTEXT('2D SPACE',''
  ) );
#6805 = ORIENTED_EDGE('',*,*,#4545,.T.);
#6806 = ORIENTED_EDGE('',*,*,#6786,.F.);
#6807 = ORIENTED_EDGE('',*,*,#1426,.F.);
#6808 = ADVANCED_FACE('',(#6809),#1502,.F.);
#6809 = FACE_BOUND('',#6810,.F.);
#6810 = EDGE_LOOP('',(#6811,#6831,#6832,#6833));
#6811 = ORIENTED_EDGE('',*,*,#6812,.T.);
#6812 = EDGE_CURVE('',#1479,#4583,#6813,.T.);
#6813 = SEAM_CURVE('',#6814,(#6817,#6824),.PCURVE_S1.);
#6814 = B_SPLINE_CURVE_WITH_KNOTS('',1,(#6815,#6816),.UNSPECIFIED.,.F.,
  .F.,(2,2),(8.1E-02,1.121),.PIECEWISE_BEZIER_KNOTS.);
#6815 = CARTESIAN_POINT('',(36.9,19.063962,0.));
#6816 = CARTESIAN_POINT('',(36.9,19.063962,1.2));
#6817 = PCURVE('',#1502,#6818);
#6818 = DEFINITIONAL_REPRESENTATION('',(#6819),#6823);
#6819 = B_SPLINE_CURVE_WITH_KNOTS('',2,(#6820,#6821,#6822),
  .UNSPECIFIED.,.F.,.F.,(3,3),(8.1E-02,1.121),.PIECEWISE_BEZIER_KNOTS.);
#6820 = CARTESIAN_POINT('',(0.,-8.1E-02));
#6821 = CARTESIAN_POINT('',(0.,-0.601));
#6822 = CARTESIAN_POINT('',(0.,-1.121));
#6823 = ( GEOMETRIC_REPRESENTATION_CONTEXT(2) 
PARAMETRIC_REPRESENTATION_CONTEXT() REPRESENTATION_CONTEXT('2D SPACE',''
  ) );
#6824 = PCURVE('',#1502,#6825);
#6825 = DEFINITIONAL_REPRESENTATION('',(#6826),#6830);
#6826 = B_SPLINE_CURVE_WITH_KNOTS('',2,(#6827,#6828,#6829),
  .UNSPECIFIED.,.F.,.F.,(3,3),(8.1E-02,1.121),.PIECEWISE_BEZIER_KNOTS.);
#6827 = CARTESIAN_POINT('',(6.28318530718,-8.1E-02));
#6828 = CARTESIAN_POINT('',(6.28318530718,-0.601));
#6829 = CARTESIAN_POINT('',(6.28318530718,-1.121));
#6830 = ( GEOMETRIC_REPRESENTATION_CONTEXT(2) 
PARAMETRIC_REPRESENTATION_CONTEXT() REPRESENTATION_CONTEXT('2D SPACE',''
  ) );
#6831 = ORIENTED_EDGE('',*,*,#4582,.T.);
#6832 = ORIENTED_EDGE('',*,*,#6812,.F.);
#6833 = ORIENTED_EDGE('',*,*,#1478,.F.);
#6834 = ADVANCED_FACE('',(#6835),#1554,.F.);
#6835 = FACE_BOUND('',#6836,.F.);
#6836 = EDGE_LOOP('',(#6837,#6857,#6858,#6859));
#6837 = ORIENTED_EDGE('',*,*,#6838,.T.);
#6838 = EDGE_CURVE('',#1531,#4620,#6839,.T.);
#6839 = SEAM_CURVE('',#6840,(#6843,#6850),.PCURVE_S1.);
#6840 = B_SPLINE_CURVE_WITH_KNOTS('',1,(#6841,#6842),.UNSPECIFIED.,.F.,
  .F.,(2,2),(8.1E-02,1.121),.PIECEWISE_BEZIER_KNOTS.);
#6841 = CARTESIAN_POINT('',(36.9,21.563962,0.));
#6842 = CARTESIAN_POINT('',(36.9,21.563962,1.2));
#6843 = PCURVE('',#1554,#6844);
#6844 = DEFINITIONAL_REPRESENTATION('',(#6845),#6849);
#6845 = B_SPLINE_CURVE_WITH_KNOTS('',2,(#6846,#6847,#6848),
  .UNSPECIFIED.,.F.,.F.,(3,3),(8.1E-02,1.121),.PIECEWISE_BEZIER_KNOTS.);
#6846 = CARTESIAN_POINT('',(0.,-8.1E-02));
#6847 = CARTESIAN_POINT('',(0.,-0.601));
#6848 = CARTESIAN_POINT('',(0.,-1.121));
#6849 = ( GEOMETRIC_REPRESENTATION_CONTEXT(2) 
PARAMETRIC_REPRESENTATION_CONTEXT() REPRESENTATION_CONTEXT('2D SPACE',''
  ) );
#6850 = PCURVE('',#1554,#6851);
#6851 = DEFINITIONAL_REPRESENTATION('',(#6852),#6856);
#6852 = B_SPLINE_CURVE_WITH_KNOTS('',2,(#6853,#6854,#6855),
  .UNSPECIFIED.,.F.,.F.,(3,3),(8.1E-02,1.121),.PIECEWISE_BEZIER_KNOTS.);
#6853 = CARTESIAN_POINT('',(6.28318530718,-8.1E-02));
#6854 = CARTESIAN_POINT('',(6.28318530718,-0.601));
#6855 = CARTESIAN_POINT('',(6.28318530718,-1.121));
#6856 = ( GEOMETRIC_REPRESENTATION_CONTEXT(2) 
PARAMETRIC_REPRESENTATION_CONTEXT() REPRESENTATION_CONTEXT('2D SPACE',''
  ) );
#6857 = ORIENTED_EDGE('',*,*,#4619,.T.);
#6858 = ORIENTED_EDGE('',*,*,#6838,.F.);
#6859 = ORIENTED_EDGE('',*,*,#1530,.F.);
#6860 = ADVANCED_FACE('',(#6861),#1606,.F.);
#6861 = FACE_BOUND('',#6862,.F.);
#6862 = EDGE_LOOP('',(#6863,#6883,#6884,#6885));
#6863 = ORIENTED_EDGE('',*,*,#6864,.T.);
#6864 = EDGE_CURVE('',#1583,#4657,#6865,.T.);
#6865 = SEAM_CURVE('',#6866,(#6869,#6876),.PCURVE_S1.);
#6866 = B_SPLINE_CURVE_WITH_KNOTS('',1,(#6867,#6868),.UNSPECIFIED.,.F.,
  .F.,(2,2),(8.1E-02,1.121),.PIECEWISE_BEZIER_KNOTS.);
#6867 = CARTESIAN_POINT('',(40.4,19.063962,0.));
#6868 = CARTESIAN_POINT('',(40.4,19.063962,1.2));
#6869 = PCURVE('',#1606,#6870);
#6870 = DEFINITIONAL_REPRESENTATION('',(#6871),#6875);
#6871 = B_SPLINE_CURVE_WITH_KNOTS('',2,(#6872,#6873,#6874),
  .UNSPECIFIED.,.F.,.F.,(3,3),(8.1E-02,1.121),.PIECEWISE_BEZIER_KNOTS.);
#6872 = CARTESIAN_POINT('',(0.,-8.1E-02));
#6873 = CARTESIAN_POINT('',(0.,-0.601));
#6874 = CARTESIAN_POINT('',(0.,-1.121));
#6875 = ( GEOMETRIC_REPRESENTATION_CONTEXT(2) 
PARAMETRIC_REPRESENTATION_CONTEXT() REPRESENTATION_CONTEXT('2D SPACE',''
  ) );
#6876 = PCURVE('',#1606,#6877);
#6877 = DEFINITIONAL_REPRESENTATION('',(#6878),#6882);
#6878 = B_SPLINE_CURVE_WITH_KNOTS('',2,(#6879,#6880,#6881),
  .UNSPECIFIED.,.F.,.F.,(3,3),(8.1E-02,1.121),.PIECEWISE_BEZIER_KNOTS.);
#6879 = CARTESIAN_POINT('',(6.28318530718,-8.1E-02));
#6880 = CARTESIAN_POINT('',(6.28318530718,-0.601));
#6881 = CARTESIAN_POINT('',(6.28318530718,-1.121));
#6882 = ( GEOMETRIC_REPRESENTATION_CONTEXT(2) 
PARAMETRIC_REPRESENTATION_CONTEXT() REPRESENTATION_CONTEXT('2D SPACE',''
  ) );
#6883 = ORIENTED_EDGE('',*,*,#4656,.T.);
#6884 = ORIENTED_EDGE('',*,*,#6864,.F.);
#6885 = ORIENTED_EDGE('',*,*,#1582,.F.);
#6886 = ADVANCED_FACE('',(#6887),#1658,.F.);
#6887 = FACE_BOUND('',#6888,.F.);
#6888 = EDGE_LOOP('',(#6889,#6909,#6910,#6911));
#6889 = ORIENTED_EDGE('',*,*,#6890,.T.);
#6890 = EDGE_CURVE('',#1635,#4694,#6891,.T.);
#6891 = SEAM_CURVE('',#6892,(#6895,#6902),.PCURVE_S1.);
#6892 = B_SPLINE_CURVE_WITH_KNOTS('',1,(#6893,#6894),.UNSPECIFIED.,.F.,
  .F.,(2,2),(8.1E-02,1.121),.PIECEWISE_BEZIER_KNOTS.);
#6893 = CARTESIAN_POINT('',(40.4,21.563962,0.));
#6894 = CARTESIAN_POINT('',(40.4,21.563962,1.2));
#6895 = PCURVE('',#1658,#6896);
#6896 = DEFINITIONAL_REPRESENTATION('',(#6897),#6901);
#6897 = B_SPLINE_CURVE_WITH_KNOTS('',2,(#6898,#6899,#6900),
  .UNSPECIFIED.,.F.,.F.,(3,3),(8.1E-02,1.121),.PIECEWISE_BEZIER_KNOTS.);
#6898 = CARTESIAN_POINT('',(0.,-8.1E-02));
#6899 = CARTESIAN_POINT('',(0.,-0.601));
#6900 = CARTESIAN_POINT('',(0.,-1.121));
#6901 = ( GEOMETRIC_REPRESENTATION_CONTEXT(2) 
PARAMETRIC_REPRESENTATION_CONTEXT() REPRESENTATION_CONTEXT('2D SPACE',''
  ) );
#6902 = PCURVE('',#1658,#6903);
#6903 = DEFINITIONAL_REPRESENTATION('',(#6904),#6908);
#6904 = B_SPLINE_CURVE_WITH_KNOTS('',2,(#6905,#6906,#6907),
  .UNSPECIFIED.,.F.,.F.,(3,3),(8.1E-02,1.121),.PIECEWISE_BEZIER_KNOTS.);
#6905 = CARTESIAN_POINT('',(6.28318530718,-8.1E-02));
#6906 = CARTESIAN_POINT('',(6.28318530718,-0.601));
#6907 = CARTESIAN_POINT('',(6.28318530718,-1.121));
#6908 = ( GEOMETRIC_REPRESENTATION_CONTEXT(2) 
PARAMETRIC_REPRESENTATION_CONTEXT() REPRESENTATION_CONTEXT('2D SPACE',''
  ) );
#6909 = ORIENTED_EDGE('',*,*,#4693,.T.);
#6910 = ORIENTED_EDGE('',*,*,#6890,.F.);
#6911 = ORIENTED_EDGE('',*,*,#1634,.F.);
#6912 = ADVANCED_FACE('',(#6913),#1710,.F.);
#6913 = FACE_BOUND('',#6914,.F.);
#6914 = EDGE_LOOP('',(#6915,#6935,#6936,#6937));
#6915 = ORIENTED_EDGE('',*,*,#6916,.T.);
#6916 = EDGE_CURVE('',#1687,#4731,#6917,.T.);
#6917 = SEAM_CURVE('',#6918,(#6921,#6928),.PCURVE_S1.);
#6918 = B_SPLINE_CURVE_WITH_KNOTS('',1,(#6919,#6920),.UNSPECIFIED.,.F.,
  .F.,(2,2),(8.1E-02,1.121),.PIECEWISE_BEZIER_KNOTS.);
#6919 = CARTESIAN_POINT('',(60.,5.75,0.));
#6920 = CARTESIAN_POINT('',(60.,5.75,1.2));
#6921 = PCURVE('',#1710,#6922);
#6922 = DEFINITIONAL_REPRESENTATION('',(#6923),#6927);
#6923 = B_SPLINE_CURVE_WITH_KNOTS('',2,(#6924,#6925,#6926),
  .UNSPECIFIED.,.F.,.F.,(3,3),(8.1E-02,1.121),.PIECEWISE_BEZIER_KNOTS.);
#6924 = CARTESIAN_POINT('',(0.,-8.1E-02));
#6925 = CARTESIAN_POINT('',(0.,-0.601));
#6926 = CARTESIAN_POINT('',(0.,-1.121));
#6927 = ( GEOMETRIC_REPRESENTATION_CONTEXT(2) 
PARAMETRIC_REPRESENTATION_CONTEXT() REPRESENTATION_CONTEXT('2D SPACE',''
  ) );
#6928 = PCURVE('',#1710,#6929);
#6929 = DEFINITIONAL_REPRESENTATION('',(#6930),#6934);
#6930 = B_SPLINE_CURVE_WITH_KNOTS('',2,(#6931,#6932,#6933),
  .UNSPECIFIED.,.F.,.F.,(3,3),(8.1E-02,1.121),.PIECEWISE_BEZIER_KNOTS.);
#6931 = CARTESIAN_POINT('',(6.28318530718,-8.1E-02));
#6932 = CARTESIAN_POINT('',(6.28318530718,-0.601));
#6933 = CARTESIAN_POINT('',(6.28318530718,-1.121));
#6934 = ( GEOMETRIC_REPRESENTATION_CONTEXT(2) 
PARAMETRIC_REPRESENTATION_CONTEXT() REPRESENTATION_CONTEXT('2D SPACE',''
  ) );
#6935 = ORIENTED_EDGE('',*,*,#4730,.T.);
#6936 = ORIENTED_EDGE('',*,*,#6916,.F.);
#6937 = ORIENTED_EDGE('',*,*,#1686,.F.);
#6938 = ADVANCED_FACE('',(#6939),#1762,.F.);
#6939 = FACE_BOUND('',#6940,.F.);
#6940 = EDGE_LOOP('',(#6941,#6961,#6962,#6963));
#6941 = ORIENTED_EDGE('',*,*,#6942,.T.);
#6942 = EDGE_CURVE('',#1739,#4768,#6943,.T.);
#6943 = SEAM_CURVE('',#6944,(#6947,#6954),.PCURVE_S1.);
#6944 = B_SPLINE_CURVE_WITH_KNOTS('',1,(#6945,#6946),.UNSPECIFIED.,.F.,
  .F.,(2,2),(8.1E-02,1.121),.PIECEWISE_BEZIER_KNOTS.);
#6945 = CARTESIAN_POINT('',(44.,32.413962,0.));
#6946 = CARTESIAN_POINT('',(44.,32.413962,1.2));
#6947 = PCURVE('',#1762,#6948);
#6948 = DEFINITIONAL_REPRESENTATION('',(#6949),#6953);
#6949 = B_SPLINE_CURVE_WITH_KNOTS('',2,(#6950,#6951,#6952),
  .UNSPECIFIED.,.F.,.F.,(3,3),(8.1E-02,1.121),.PIECEWISE_BEZIER_KNOTS.);
#6950 = CARTESIAN_POINT('',(0.,-8.1E-02));
#6951 = CARTESIAN_POINT('',(0.,-0.601));
#6952 = CARTESIAN_POINT('',(0.,-1.121));
#6953 = ( GEOMETRIC_REPRESENTATION_CONTEXT(2) 
PARAMETRIC_REPRESENTATION_CONTEXT() REPRESENTATION_CONTEXT('2D SPACE',''
  ) );
#6954 = PCURVE('',#1762,#6955);
#6955 = DEFINITIONAL_REPRESENTATION('',(#6956),#6960);
#6956 = B_SPLINE_CURVE_WITH_KNOTS('',2,(#6957,#6958,#6959),
  .UNSPECIFIED.,.F.,.F.,(3,3),(8.1E-02,1.121),.PIECEWISE_BEZIER_KNOTS.);
#6957 = CARTESIAN_POINT('',(6.28318530718,-8.1E-02));
#6958 = CARTESIAN_POINT('',(6.28318530718,-0.601));
#6959 = CARTESIAN_POINT('',(6.28318530718,-1.121));
#6960 = ( GEOMETRIC_REPRESENTATION_CONTEXT(2) 
PARAMETRIC_REPRESENTATION_CONTEXT() REPRESENTATION_CONTEXT('2D SPACE',''
  ) );
#6961 = ORIENTED_EDGE('',*,*,#4767,.T.);
#6962 = ORIENTED_EDGE('',*,*,#6942,.F.);
#6963 = ORIENTED_EDGE('',*,*,#1738,.F.);
#6964 = ADVANCED_FACE('',(#6965),#1814,.F.);
#6965 = FACE_BOUND('',#6966,.F.);
#6966 = EDGE_LOOP('',(#6967,#6987,#6988,#6989));
#6967 = ORIENTED_EDGE('',*,*,#6968,.T.);
#6968 = EDGE_CURVE('',#1791,#4805,#6969,.T.);
#6969 = SEAM_CURVE('',#6970,(#6973,#6980),.PCURVE_S1.);
#6970 = B_SPLINE_CURVE_WITH_KNOTS('',1,(#6971,#6972),.UNSPECIFIED.,.F.,
  .F.,(2,2),(8.1E-02,1.121),.PIECEWISE_BEZIER_KNOTS.);
#6971 = CARTESIAN_POINT('',(47.96,32.413962,0.));
#6972 = CARTESIAN_POINT('',(47.96,32.413962,1.2));
#6973 = PCURVE('',#1814,#6974);
#6974 = DEFINITIONAL_REPRESENTATION('',(#6975),#6979);
#6975 = B_SPLINE_CURVE_WITH_KNOTS('',2,(#6976,#6977,#6978),
  .UNSPECIFIED.,.F.,.F.,(3,3),(8.1E-02,1.121),.PIECEWISE_BEZIER_KNOTS.);
#6976 = CARTESIAN_POINT('',(0.,-8.1E-02));
#6977 = CARTESIAN_POINT('',(0.,-0.601));
#6978 = CARTESIAN_POINT('',(0.,-1.121));
#6979 = ( GEOMETRIC_REPRESENTATION_CONTEXT(2) 
PARAMETRIC_REPRESENTATION_CONTEXT() REPRESENTATION_CONTEXT('2D SPACE',''
  ) );
#6980 = PCURVE('',#1814,#6981);
#6981 = DEFINITIONAL_REPRESENTATION('',(#6982),#6986);
#6982 = B_SPLINE_CURVE_WITH_KNOTS('',2,(#6983,#6984,#6985),
  .UNSPECIFIED.,.F.,.F.,(3,3),(8.1E-02,1.121),.PIECEWISE_BEZIER_KNOTS.);
#6983 = CARTESIAN_POINT('',(6.28318530718,-8.1E-02));
#6984 = CARTESIAN_POINT('',(6.28318530718,-0.601));
#6985 = CARTESIAN_POINT('',(6.28318530718,-1.121));
#6986 = ( GEOMETRIC_REPRESENTATION_CONTEXT(2) 
PARAMETRIC_REPRESENTATION_CONTEXT() REPRESENTATION_CONTEXT('2D SPACE',''
  ) );
#6987 = ORIENTED_EDGE('',*,*,#4804,.T.);
#6988 = ORIENTED_EDGE('',*,*,#6968,.F.);
#6989 = ORIENTED_EDGE('',*,*,#1790,.F.);
#6990 = ADVANCED_FACE('',(#6991),#1866,.F.);
#6991 = FACE_BOUND('',#6992,.F.);
#6992 = EDGE_LOOP('',(#6993,#7013,#7014,#7015));
#6993 = ORIENTED_EDGE('',*,*,#6994,.T.);
#6994 = EDGE_CURVE('',#1843,#4842,#6995,.T.);
#6995 = SEAM_CURVE('',#6996,(#6999,#7006),.PCURVE_S1.);
#6996 = B_SPLINE_CURVE_WITH_KNOTS('',1,(#6997,#6998),.UNSPECIFIED.,.F.,
  .F.,(2,2),(8.1E-02,1.121),.PIECEWISE_BEZIER_KNOTS.);
#6997 = CARTESIAN_POINT('',(40.,40.063962,0.));
#6998 = CARTESIAN_POINT('',(40.,40.063962,1.2));
#6999 = PCURVE('',#1866,#7000);
#7000 = DEFINITIONAL_REPRESENTATION('',(#7001),#7005);
#7001 = B_SPLINE_CURVE_WITH_KNOTS('',2,(#7002,#7003,#7004),
  .UNSPECIFIED.,.F.,.F.,(3,3),(8.1E-02,1.121),.PIECEWISE_BEZIER_KNOTS.);
#7002 = CARTESIAN_POINT('',(0.,-8.1E-02));
#7003 = CARTESIAN_POINT('',(0.,-0.601));
#7004 = CARTESIAN_POINT('',(0.,-1.121));
#7005 = ( GEOMETRIC_REPRESENTATION_CONTEXT(2) 
PARAMETRIC_REPRESENTATION_CONTEXT() REPRESENTATION_CONTEXT('2D SPACE',''
  ) );
#7006 = PCURVE('',#1866,#7007);
#7007 = DEFINITIONAL_REPRESENTATION('',(#7008),#7012);
#7008 = B_SPLINE_CURVE_WITH_KNOTS('',2,(#7009,#7010,#7011),
  .UNSPECIFIED.,.F.,.F.,(3,3),(8.1E-02,1.121),.PIECEWISE_BEZIER_KNOTS.);
#7009 = CARTESIAN_POINT('',(6.28318530718,-8.1E-02));
#7010 = CARTESIAN_POINT('',(6.28318530718,-0.601));
#7011 = CARTESIAN_POINT('',(6.28318530718,-1.121));
#7012 = ( GEOMETRIC_REPRESENTATION_CONTEXT(2) 
PARAMETRIC_REPRESENTATION_CONTEXT() REPRESENTATION_CONTEXT('2D SPACE',''
  ) );
#7013 = ORIENTED_EDGE('',*,*,#4841,.T.);
#7014 = ORIENTED_EDGE('',*,*,#6994,.F.);
#7015 = ORIENTED_EDGE('',*,*,#1842,.F.);
#7016 = ADVANCED_FACE('',(#7017),#1918,.F.);
#7017 = FACE_BOUND('',#7018,.F.);
#7018 = EDGE_LOOP('',(#7019,#7039,#7040,#7041));
#7019 = ORIENTED_EDGE('',*,*,#7020,.T.);
#7020 = EDGE_CURVE('',#1895,#4879,#7021,.T.);
#7021 = SEAM_CURVE('',#7022,(#7025,#7032),.PCURVE_S1.);
#7022 = B_SPLINE_CURVE_WITH_KNOTS('',1,(#7023,#7024),.UNSPECIFIED.,.F.,
  .F.,(2,2),(8.1E-02,1.121),.PIECEWISE_BEZIER_KNOTS.);
#7023 = CARTESIAN_POINT('',(40.,42.563962,0.));
#7024 = CARTESIAN_POINT('',(40.,42.563962,1.2));
#7025 = PCURVE('',#1918,#7026);
#7026 = DEFINITIONAL_REPRESENTATION('',(#7027),#7031);
#7027 = B_SPLINE_CURVE_WITH_KNOTS('',2,(#7028,#7029,#7030),
  .UNSPECIFIED.,.F.,.F.,(3,3),(8.1E-02,1.121),.PIECEWISE_BEZIER_KNOTS.);
#7028 = CARTESIAN_POINT('',(0.,-8.1E-02));
#7029 = CARTESIAN_POINT('',(0.,-0.601));
#7030 = CARTESIAN_POINT('',(0.,-1.121));
#7031 = ( GEOMETRIC_REPRESENTATION_CONTEXT(2) 
PARAMETRIC_REPRESENTATION_CONTEXT() REPRESENTATION_CONTEXT('2D SPACE',''
  ) );
#7032 = PCURVE('',#1918,#7033);
#7033 = DEFINITIONAL_REPRESENTATION('',(#7034),#7038);
#7034 = B_SPLINE_CURVE_WITH_KNOTS('',2,(#7035,#7036,#7037),
  .UNSPECIFIED.,.F.,.F.,(3,3),(8.1E-02,1.121),.PIECEWISE_BEZIER_KNOTS.);
#7035 = CARTESIAN_POINT('',(6.28318530718,-8.1E-02));
#7036 = CARTESIAN_POINT('',(6.28318530718,-0.601));
#7037 = CARTESIAN_POINT('',(6.28318530718,-1.121));
#7038 = ( GEOMETRIC_REPRESENTATION_CONTEXT(2) 
PARAMETRIC_REPRESENTATION_CONTEXT() REPRESENTATION_CONTEXT('2D SPACE',''
  ) );
#7039 = ORIENTED_EDGE('',*,*,#4878,.T.);
#7040 = ORIENTED_EDGE('',*,*,#7020,.F.);
#7041 = ORIENTED_EDGE('',*,*,#1894,.F.);
#7042 = ADVANCED_FACE('',(#7043),#1970,.F.);
#7043 = FACE_BOUND('',#7044,.F.);
#7044 = EDGE_LOOP('',(#7045,#7065,#7066,#7067));
#7045 = ORIENTED_EDGE('',*,*,#7046,.T.);
#7046 = EDGE_CURVE('',#1947,#4916,#7047,.T.);
#7047 = SEAM_CURVE('',#7048,(#7051,#7058),.PCURVE_S1.);
#7048 = B_SPLINE_CURVE_WITH_KNOTS('',1,(#7049,#7050),.UNSPECIFIED.,.F.,
  .F.,(2,2),(8.1E-02,1.121),.PIECEWISE_BEZIER_KNOTS.);
#7049 = CARTESIAN_POINT('',(43.5,40.063962,0.));
#7050 = CARTESIAN_POINT('',(43.5,40.063962,1.2));
#7051 = PCURVE('',#1970,#7052);
#7052 = DEFINITIONAL_REPRESENTATION('',(#7053),#7057);
#7053 = B_SPLINE_CURVE_WITH_KNOTS('',2,(#7054,#7055,#7056),
  .UNSPECIFIED.,.F.,.F.,(3,3),(8.1E-02,1.121),.PIECEWISE_BEZIER_KNOTS.);
#7054 = CARTESIAN_POINT('',(0.,-8.1E-02));
#7055 = CARTESIAN_POINT('',(0.,-0.601));
#7056 = CARTESIAN_POINT('',(0.,-1.121));
#7057 = ( GEOMETRIC_REPRESENTATION_CONTEXT(2) 
PARAMETRIC_REPRESENTATION_CONTEXT() REPRESENTATION_CONTEXT('2D SPACE',''
  ) );
#7058 = PCURVE('',#1970,#7059);
#7059 = DEFINITIONAL_REPRESENTATION('',(#7060),#7064);
#7060 = B_SPLINE_CURVE_WITH_KNOTS('',2,(#7061,#7062,#7063),
  .UNSPECIFIED.,.F.,.F.,(3,3),(8.1E-02,1.121),.PIECEWISE_BEZIER_KNOTS.);
#7061 = CARTESIAN_POINT('',(6.28318530718,-8.1E-02));
#7062 = CARTESIAN_POINT('',(6.28318530718,-0.601));
#7063 = CARTESIAN_POINT('',(6.28318530718,-1.121));
#7064 = ( GEOMETRIC_REPRESENTATION_CONTEXT(2) 
PARAMETRIC_REPRESENTATION_CONTEXT() REPRESENTATION_CONTEXT('2D SPACE',''
  ) );
#7065 = ORIENTED_EDGE('',*,*,#4915,.T.);
#7066 = ORIENTED_EDGE('',*,*,#7046,.F.);
#7067 = ORIENTED_EDGE('',*,*,#1946,.F.);
#7068 = ADVANCED_FACE('',(#7069),#2022,.F.);
#7069 = FACE_BOUND('',#7070,.F.);
#7070 = EDGE_LOOP('',(#7071,#7091,#7092,#7093));
#7071 = ORIENTED_EDGE('',*,*,#7072,.T.);
#7072 = EDGE_CURVE('',#1999,#4953,#7073,.T.);
#7073 = SEAM_CURVE('',#7074,(#7077,#7084),.PCURVE_S1.);
#7074 = B_SPLINE_CURVE_WITH_KNOTS('',1,(#7075,#7076),.UNSPECIFIED.,.F.,
  .F.,(2,2),(8.1E-02,1.121),.PIECEWISE_BEZIER_KNOTS.);
#7075 = CARTESIAN_POINT('',(43.5,42.563962,0.));
#7076 = CARTESIAN_POINT('',(43.5,42.563962,1.2));
#7077 = PCURVE('',#2022,#7078);
#7078 = DEFINITIONAL_REPRESENTATION('',(#7079),#7083);
#7079 = B_SPLINE_CURVE_WITH_KNOTS('',2,(#7080,#7081,#7082),
  .UNSPECIFIED.,.F.,.F.,(3,3),(8.1E-02,1.121),.PIECEWISE_BEZIER_KNOTS.);
#7080 = CARTESIAN_POINT('',(0.,-8.1E-02));
#7081 = CARTESIAN_POINT('',(0.,-0.601));
#7082 = CARTESIAN_POINT('',(0.,-1.121));
#7083 = ( GEOMETRIC_REPRESENTATION_CONTEXT(2) 
PARAMETRIC_REPRESENTATION_CONTEXT() REPRESENTATION_CONTEXT('2D SPACE',''
  ) );
#7084 = PCURVE('',#2022,#7085);
#7085 = DEFINITIONAL_REPRESENTATION('',(#7086),#7090);
#7086 = B_SPLINE_CURVE_WITH_KNOTS('',2,(#7087,#7088,#7089),
  .UNSPECIFIED.,.F.,.F.,(3,3),(8.1E-02,1.121),.PIECEWISE_BEZIER_KNOTS.);
#7087 = CARTESIAN_POINT('',(6.28318530718,-8.1E-02));
#7088 = CARTESIAN_POINT('',(6.28318530718,-0.601));
#7089 = CARTESIAN_POINT('',(6.28318530718,-1.121));
#7090 = ( GEOMETRIC_REPRESENTATION_CONTEXT(2) 
PARAMETRIC_REPRESENTATION_CONTEXT() REPRESENTATION_CONTEXT('2D SPACE',''
  ) );
#7091 = ORIENTED_EDGE('',*,*,#4952,.T.);
#7092 = ORIENTED_EDGE('',*,*,#7072,.F.);
#7093 = ORIENTED_EDGE('',*,*,#1998,.F.);
#7094 = ADVANCED_FACE('',(#7095),#2074,.F.);
#7095 = FACE_BOUND('',#7096,.F.);
#7096 = EDGE_LOOP('',(#7097,#7117,#7118,#7119));
#7097 = ORIENTED_EDGE('',*,*,#7098,.T.);
#7098 = EDGE_CURVE('',#2051,#4990,#7099,.T.);
#7099 = SEAM_CURVE('',#7100,(#7103,#7110),.PCURVE_S1.);
#7100 = B_SPLINE_CURVE_WITH_KNOTS('',1,(#7101,#7102),.UNSPECIFIED.,.F.,
  .F.,(2,2),(8.1E-02,1.121),.PIECEWISE_BEZIER_KNOTS.);
#7101 = CARTESIAN_POINT('',(46.4,40.813962,0.));
#7102 = CARTESIAN_POINT('',(46.4,40.813962,1.2));
#7103 = PCURVE('',#2074,#7104);
#7104 = DEFINITIONAL_REPRESENTATION('',(#7105),#7109);
#7105 = B_SPLINE_CURVE_WITH_KNOTS('',2,(#7106,#7107,#7108),
  .UNSPECIFIED.,.F.,.F.,(3,3),(8.1E-02,1.121),.PIECEWISE_BEZIER_KNOTS.);
#7106 = CARTESIAN_POINT('',(0.,-8.1E-02));
#7107 = CARTESIAN_POINT('',(0.,-0.601));
#7108 = CARTESIAN_POINT('',(0.,-1.121));
#7109 = ( GEOMETRIC_REPRESENTATION_CONTEXT(2) 
PARAMETRIC_REPRESENTATION_CONTEXT() REPRESENTATION_CONTEXT('2D SPACE',''
  ) );
#7110 = PCURVE('',#2074,#7111);
#7111 = DEFINITIONAL_REPRESENTATION('',(#7112),#7116);
#7112 = B_SPLINE_CURVE_WITH_KNOTS('',2,(#7113,#7114,#7115),
  .UNSPECIFIED.,.F.,.F.,(3,3),(8.1E-02,1.121),.PIECEWISE_BEZIER_KNOTS.);
#7113 = CARTESIAN_POINT('',(6.28318530718,-8.1E-02));
#7114 = CARTESIAN_POINT('',(6.28318530718,-0.601));
#7115 = CARTESIAN_POINT('',(6.28318530718,-1.121));
#7116 = ( GEOMETRIC_REPRESENTATION_CONTEXT(2) 
PARAMETRIC_REPRESENTATION_CONTEXT() REPRESENTATION_CONTEXT('2D SPACE',''
  ) );
#7117 = ORIENTED_EDGE('',*,*,#4989,.T.);
#7118 = ORIENTED_EDGE('',*,*,#7098,.F.);
#7119 = ORIENTED_EDGE('',*,*,#2050,.F.);
#7120 = ADVANCED_FACE('',(#7121),#2126,.F.);
#7121 = FACE_BOUND('',#7122,.F.);
#7122 = EDGE_LOOP('',(#7123,#7143,#7144,#7145));
#7123 = ORIENTED_EDGE('',*,*,#7124,.T.);
#7124 = EDGE_CURVE('',#2103,#5027,#7125,.T.);
#7125 = SEAM_CURVE('',#7126,(#7129,#7136),.PCURVE_S1.);
#7126 = B_SPLINE_CURVE_WITH_KNOTS('',1,(#7127,#7128),.UNSPECIFIED.,.F.,
  .F.,(2,2),(8.1E-02,1.121),.PIECEWISE_BEZIER_KNOTS.);
#7127 = CARTESIAN_POINT('',(49.3,40.063962,0.));
#7128 = CARTESIAN_POINT('',(49.3,40.063962,1.2));
#7129 = PCURVE('',#2126,#7130);
#7130 = DEFINITIONAL_REPRESENTATION('',(#7131),#7135);
#7131 = B_SPLINE_CURVE_WITH_KNOTS('',2,(#7132,#7133,#7134),
  .UNSPECIFIED.,.F.,.F.,(3,3),(8.1E-02,1.121),.PIECEWISE_BEZIER_KNOTS.);
#7132 = CARTESIAN_POINT('',(0.,-8.1E-02));
#7133 = CARTESIAN_POINT('',(0.,-0.601));
#7134 = CARTESIAN_POINT('',(0.,-1.121));
#7135 = ( GEOMETRIC_REPRESENTATION_CONTEXT(2) 
PARAMETRIC_REPRESENTATION_CONTEXT() REPRESENTATION_CONTEXT('2D SPACE',''
  ) );
#7136 = PCURVE('',#2126,#7137);
#7137 = DEFINITIONAL_REPRESENTATION('',(#7138),#7142);
#7138 = B_SPLINE_CURVE_WITH_KNOTS('',2,(#7139,#7140,#7141),
  .UNSPECIFIED.,.F.,.F.,(3,3),(8.1E-02,1.121),.PIECEWISE_BEZIER_KNOTS.);
#7139 = CARTESIAN_POINT('',(6.28318530718,-8.1E-02));
#7140 = CARTESIAN_POINT('',(6.28318530718,-0.601));
#7141 = CARTESIAN_POINT('',(6.28318530718,-1.121));
#7142 = ( GEOMETRIC_REPRESENTATION_CONTEXT(2) 
PARAMETRIC_REPRESENTATION_CONTEXT() REPRESENTATION_CONTEXT('2D SPACE',''
  ) );
#7143 = ORIENTED_EDGE('',*,*,#5026,.T.);
#7144 = ORIENTED_EDGE('',*,*,#7124,.F.);
#7145 = ORIENTED_EDGE('',*,*,#2102,.F.);
#7146 = ADVANCED_FACE('',(#7147),#2178,.F.);
#7147 = FACE_BOUND('',#7148,.F.);
#7148 = EDGE_LOOP('',(#7149,#7169,#7170,#7171));
#7149 = ORIENTED_EDGE('',*,*,#7150,.T.);
#7150 = EDGE_CURVE('',#2155,#5064,#7151,.T.);
#7151 = SEAM_CURVE('',#7152,(#7155,#7162),.PCURVE_S1.);
#7152 = B_SPLINE_CURVE_WITH_KNOTS('',1,(#7153,#7154),.UNSPECIFIED.,.F.,
  .F.,(2,2),(8.1E-02,1.121),.PIECEWISE_BEZIER_KNOTS.);
#7153 = CARTESIAN_POINT('',(49.3,42.563962,0.));
#7154 = CARTESIAN_POINT('',(49.3,42.563962,1.2));
#7155 = PCURVE('',#2178,#7156);
#7156 = DEFINITIONAL_REPRESENTATION('',(#7157),#7161);
#7157 = B_SPLINE_CURVE_WITH_KNOTS('',2,(#7158,#7159,#7160),
  .UNSPECIFIED.,.F.,.F.,(3,3),(8.1E-02,1.121),.PIECEWISE_BEZIER_KNOTS.);
#7158 = CARTESIAN_POINT('',(0.,-8.1E-02));
#7159 = CARTESIAN_POINT('',(0.,-0.601));
#7160 = CARTESIAN_POINT('',(0.,-1.121));
#7161 = ( GEOMETRIC_REPRESENTATION_CONTEXT(2) 
PARAMETRIC_REPRESENTATION_CONTEXT() REPRESENTATION_CONTEXT('2D SPACE',''
  ) );
#7162 = PCURVE('',#2178,#7163);
#7163 = DEFINITIONAL_REPRESENTATION('',(#7164),#7168);
#7164 = B_SPLINE_CURVE_WITH_KNOTS('',2,(#7165,#7166,#7167),
  .UNSPECIFIED.,.F.,.F.,(3,3),(8.1E-02,1.121),.PIECEWISE_BEZIER_KNOTS.);
#7165 = CARTESIAN_POINT('',(6.28318530718,-8.1E-02));
#7166 = CARTESIAN_POINT('',(6.28318530718,-0.601));
#7167 = CARTESIAN_POINT('',(6.28318530718,-1.121));
#7168 = ( GEOMETRIC_REPRESENTATION_CONTEXT(2) 
PARAMETRIC_REPRESENTATION_CONTEXT() REPRESENTATION_CONTEXT('2D SPACE',''
  ) );
#7169 = ORIENTED_EDGE('',*,*,#5063,.T.);
#7170 = ORIENTED_EDGE('',*,*,#7150,.F.);
#7171 = ORIENTED_EDGE('',*,*,#2154,.F.);
#7172 = ADVANCED_FACE('',(#7173),#2230,.F.);
#7173 = FACE_BOUND('',#7174,.F.);
#7174 = EDGE_LOOP('',(#7175,#7195,#7196,#7197));
#7175 = ORIENTED_EDGE('',*,*,#7176,.T.);
#7176 = EDGE_CURVE('',#2207,#5101,#7177,.T.);
#7177 = SEAM_CURVE('',#7178,(#7181,#7188),.PCURVE_S1.);
#7178 = B_SPLINE_CURVE_WITH_KNOTS('',1,(#7179,#7180),.UNSPECIFIED.,.F.,
  .F.,(2,2),(8.1E-02,1.121),.PIECEWISE_BEZIER_KNOTS.);
#7179 = CARTESIAN_POINT('',(52.8,40.063962,0.));
#7180 = CARTESIAN_POINT('',(52.8,40.063962,1.2));
#7181 = PCURVE('',#2230,#7182);
#7182 = DEFINITIONAL_REPRESENTATION('',(#7183),#7187);
#7183 = B_SPLINE_CURVE_WITH_KNOTS('',2,(#7184,#7185,#7186),
  .UNSPECIFIED.,.F.,.F.,(3,3),(8.1E-02,1.121),.PIECEWISE_BEZIER_KNOTS.);
#7184 = CARTESIAN_POINT('',(0.,-8.1E-02));
#7185 = CARTESIAN_POINT('',(0.,-0.601));
#7186 = CARTESIAN_POINT('',(0.,-1.121));
#7187 = ( GEOMETRIC_REPRESENTATION_CONTEXT(2) 
PARAMETRIC_REPRESENTATION_CONTEXT() REPRESENTATION_CONTEXT('2D SPACE',''
  ) );
#7188 = PCURVE('',#2230,#7189);
#7189 = DEFINITIONAL_REPRESENTATION('',(#7190),#7194);
#7190 = B_SPLINE_CURVE_WITH_KNOTS('',2,(#7191,#7192,#7193),
  .UNSPECIFIED.,.F.,.F.,(3,3),(8.1E-02,1.121),.PIECEWISE_BEZIER_KNOTS.);
#7191 = CARTESIAN_POINT('',(6.28318530718,-8.1E-02));
#7192 = CARTESIAN_POINT('',(6.28318530718,-0.601));
#7193 = CARTESIAN_POINT('',(6.28318530718,-1.121));
#7194 = ( GEOMETRIC_REPRESENTATION_CONTEXT(2) 
PARAMETRIC_REPRESENTATION_CONTEXT() REPRESENTATION_CONTEXT('2D SPACE',''
  ) );
#7195 = ORIENTED_EDGE('',*,*,#5100,.T.);
#7196 = ORIENTED_EDGE('',*,*,#7176,.F.);
#7197 = ORIENTED_EDGE('',*,*,#2206,.F.);
#7198 = ADVANCED_FACE('',(#7199),#2282,.F.);
#7199 = FACE_BOUND('',#7200,.F.);
#7200 = EDGE_LOOP('',(#7201,#7221,#7222,#7223));
#7201 = ORIENTED_EDGE('',*,*,#7202,.T.);
#7202 = EDGE_CURVE('',#2259,#5138,#7203,.T.);
#7203 = SEAM_CURVE('',#7204,(#7207,#7214),.PCURVE_S1.);
#7204 = B_SPLINE_CURVE_WITH_KNOTS('',1,(#7205,#7206),.UNSPECIFIED.,.F.,
  .F.,(2,2),(8.1E-02,1.121),.PIECEWISE_BEZIER_KNOTS.);
#7205 = CARTESIAN_POINT('',(52.8,42.563962,0.));
#7206 = CARTESIAN_POINT('',(52.8,42.563962,1.2));
#7207 = PCURVE('',#2282,#7208);
#7208 = DEFINITIONAL_REPRESENTATION('',(#7209),#7213);
#7209 = B_SPLINE_CURVE_WITH_KNOTS('',2,(#7210,#7211,#7212),
  .UNSPECIFIED.,.F.,.F.,(3,3),(8.1E-02,1.121),.PIECEWISE_BEZIER_KNOTS.);
#7210 = CARTESIAN_POINT('',(0.,-8.1E-02));
#7211 = CARTESIAN_POINT('',(0.,-0.601));
#7212 = CARTESIAN_POINT('',(0.,-1.121));
#7213 = ( GEOMETRIC_REPRESENTATION_CONTEXT(2) 
PARAMETRIC_REPRESENTATION_CONTEXT() REPRESENTATION_CONTEXT('2D SPACE',''
  ) );
#7214 = PCURVE('',#2282,#7215);
#7215 = DEFINITIONAL_REPRESENTATION('',(#7216),#7220);
#7216 = B_SPLINE_CURVE_WITH_KNOTS('',2,(#7217,#7218,#7219),
  .UNSPECIFIED.,.F.,.F.,(3,3),(8.1E-02,1.121),.PIECEWISE_BEZIER_KNOTS.);
#7217 = CARTESIAN_POINT('',(6.28318530718,-8.1E-02));
#7218 = CARTESIAN_POINT('',(6.28318530718,-0.601));
#7219 = CARTESIAN_POINT('',(6.28318530718,-1.121));
#7220 = ( GEOMETRIC_REPRESENTATION_CONTEXT(2) 
PARAMETRIC_REPRESENTATION_CONTEXT() REPRESENTATION_CONTEXT('2D SPACE',''
  ) );
#7221 = ORIENTED_EDGE('',*,*,#5137,.T.);
#7222 = ORIENTED_EDGE('',*,*,#7202,.F.);
#7223 = ORIENTED_EDGE('',*,*,#2258,.F.);
#7224 = ADVANCED_FACE('',(#7225),#2334,.F.);
#7225 = FACE_BOUND('',#7226,.F.);
#7226 = EDGE_LOOP('',(#7227,#7247,#7248,#7249));
#7227 = ORIENTED_EDGE('',*,*,#7228,.T.);
#7228 = EDGE_CURVE('',#2311,#5175,#7229,.T.);
#7229 = SEAM_CURVE('',#7230,(#7233,#7240),.PCURVE_S1.);
#7230 = B_SPLINE_CURVE_WITH_KNOTS('',1,(#7231,#7232),.UNSPECIFIED.,.F.,
  .F.,(2,2),(8.1E-02,1.121),.PIECEWISE_BEZIER_KNOTS.);
#7231 = CARTESIAN_POINT('',(11.,53.413962,0.));
#7232 = CARTESIAN_POINT('',(11.,53.413962,1.2));
#7233 = PCURVE('',#2334,#7234);
#7234 = DEFINITIONAL_REPRESENTATION('',(#7235),#7239);
#7235 = B_SPLINE_CURVE_WITH_KNOTS('',2,(#7236,#7237,#7238),
  .UNSPECIFIED.,.F.,.F.,(3,3),(8.1E-02,1.121),.PIECEWISE_BEZIER_KNOTS.);
#7236 = CARTESIAN_POINT('',(0.,-8.1E-02));
#7237 = CARTESIAN_POINT('',(0.,-0.601));
#7238 = CARTESIAN_POINT('',(0.,-1.121));
#7239 = ( GEOMETRIC_REPRESENTATION_CONTEXT(2) 
PARAMETRIC_REPRESENTATION_CONTEXT() REPRESENTATION_CONTEXT('2D SPACE',''
  ) );
#7240 = PCURVE('',#2334,#7241);
#7241 = DEFINITIONAL_REPRESENTATION('',(#7242),#7246);
#7242 = B_SPLINE_CURVE_WITH_KNOTS('',2,(#7243,#7244,#7245),
  .UNSPECIFIED.,.F.,.F.,(3,3),(8.1E-02,1.121),.PIECEWISE_BEZIER_KNOTS.);
#7243 = CARTESIAN_POINT('',(6.28318530718,-8.1E-02));
#7244 = CARTESIAN_POINT('',(6.28318530718,-0.601));
#7245 = CARTESIAN_POINT('',(6.28318530718,-1.121));
#7246 = ( GEOMETRIC_REPRESENTATION_CONTEXT(2) 
PARAMETRIC_REPRESENTATION_CONTEXT() REPRESENTATION_CONTEXT('2D SPACE',''
  ) );
#7247 = ORIENTED_EDGE('',*,*,#5174,.T.);
#7248 = ORIENTED_EDGE('',*,*,#7228,.F.);
#7249 = ORIENTED_EDGE('',*,*,#2310,.F.);
#7250 = ADVANCED_FACE('',(#7251),#2386,.F.);
#7251 = FACE_BOUND('',#7252,.F.);
#7252 = EDGE_LOOP('',(#7253,#7273,#7274,#7275));
#7253 = ORIENTED_EDGE('',*,*,#7254,.T.);
#7254 = EDGE_CURVE('',#2363,#5212,#7255,.T.);
#7255 = SEAM_CURVE('',#7256,(#7259,#7266),.PCURVE_S1.);
#7256 = B_SPLINE_CURVE_WITH_KNOTS('',1,(#7257,#7258),.UNSPECIFIED.,.F.,
  .F.,(2,2),(8.1E-02,1.121),.PIECEWISE_BEZIER_KNOTS.);
#7257 = CARTESIAN_POINT('',(14.96,53.413962,0.));
#7258 = CARTESIAN_POINT('',(14.96,53.413962,1.2));
#7259 = PCURVE('',#2386,#7260);
#7260 = DEFINITIONAL_REPRESENTATION('',(#7261),#7265);
#7261 = B_SPLINE_CURVE_WITH_KNOTS('',2,(#7262,#7263,#7264),
  .UNSPECIFIED.,.F.,.F.,(3,3),(8.1E-02,1.121),.PIECEWISE_BEZIER_KNOTS.);
#7262 = CARTESIAN_POINT('',(0.,-8.1E-02));
#7263 = CARTESIAN_POINT('',(0.,-0.601));
#7264 = CARTESIAN_POINT('',(0.,-1.121));
#7265 = ( GEOMETRIC_REPRESENTATION_CONTEXT(2) 
PARAMETRIC_REPRESENTATION_CONTEXT() REPRESENTATION_CONTEXT('2D SPACE',''
  ) );
#7266 = PCURVE('',#2386,#7267);
#7267 = DEFINITIONAL_REPRESENTATION('',(#7268),#7272);
#7268 = B_SPLINE_CURVE_WITH_KNOTS('',2,(#7269,#7270,#7271),
  .UNSPECIFIED.,.F.,.F.,(3,3),(8.1E-02,1.121),.PIECEWISE_BEZIER_KNOTS.);
#7269 = CARTESIAN_POINT('',(6.28318530718,-8.1E-02));
#7270 = CARTESIAN_POINT('',(6.28318530718,-0.601));
#7271 = CARTESIAN_POINT('',(6.28318530718,-1.121));
#7272 = ( GEOMETRIC_REPRESENTATION_CONTEXT(2) 
PARAMETRIC_REPRESENTATION_CONTEXT() REPRESENTATION_CONTEXT('2D SPACE',''
  ) );
#7273 = ORIENTED_EDGE('',*,*,#5211,.T.);
#7274 = ORIENTED_EDGE('',*,*,#7254,.F.);
#7275 = ORIENTED_EDGE('',*,*,#2362,.F.);
#7276 = ADVANCED_FACE('',(#7277),#2438,.F.);
#7277 = FACE_BOUND('',#7278,.F.);
#7278 = EDGE_LOOP('',(#7279,#7299,#7300,#7301));
#7279 = ORIENTED_EDGE('',*,*,#7280,.T.);
#7280 = EDGE_CURVE('',#2415,#5249,#7281,.T.);
#7281 = SEAM_CURVE('',#7282,(#7285,#7292),.PCURVE_S1.);
#7282 = B_SPLINE_CURVE_WITH_KNOTS('',1,(#7283,#7284),.UNSPECIFIED.,.F.,
  .F.,(2,2),(8.1E-02,1.121),.PIECEWISE_BEZIER_KNOTS.);
#7283 = CARTESIAN_POINT('',(7.,61.063962,0.));
#7284 = CARTESIAN_POINT('',(7.,61.063962,1.2));
#7285 = PCURVE('',#2438,#7286);
#7286 = DEFINITIONAL_REPRESENTATION('',(#7287),#7291);
#7287 = B_SPLINE_CURVE_WITH_KNOTS('',2,(#7288,#7289,#7290),
  .UNSPECIFIED.,.F.,.F.,(3,3),(8.1E-02,1.121),.PIECEWISE_BEZIER_KNOTS.);
#7288 = CARTESIAN_POINT('',(0.,-8.1E-02));
#7289 = CARTESIAN_POINT('',(0.,-0.601));
#7290 = CARTESIAN_POINT('',(0.,-1.121));
#7291 = ( GEOMETRIC_REPRESENTATION_CONTEXT(2) 
PARAMETRIC_REPRESENTATION_CONTEXT() REPRESENTATION_CONTEXT('2D SPACE',''
  ) );
#7292 = PCURVE('',#2438,#7293);
#7293 = DEFINITIONAL_REPRESENTATION('',(#7294),#7298);
#7294 = B_SPLINE_CURVE_WITH_KNOTS('',2,(#7295,#7296,#7297),
  .UNSPECIFIED.,.F.,.F.,(3,3),(8.1E-02,1.121),.PIECEWISE_BEZIER_KNOTS.);
#7295 = CARTESIAN_POINT('',(6.28318530718,-8.1E-02));
#7296 = CARTESIAN_POINT('',(6.28318530718,-0.601));
#7297 = CARTESIAN_POINT('',(6.28318530718,-1.121));
#7298 = ( GEOMETRIC_REPRESENTATION_CONTEXT(2) 
PARAMETRIC_REPRESENTATION_CONTEXT() REPRESENTATION_CONTEXT('2D SPACE',''
  ) );
#7299 = ORIENTED_EDGE('',*,*,#5248,.T.);
#7300 = ORIENTED_EDGE('',*,*,#7280,.F.);
#7301 = ORIENTED_EDGE('',*,*,#2414,.F.);
#7302 = ADVANCED_FACE('',(#7303),#2490,.F.);
#7303 = FACE_BOUND('',#7304,.F.);
#7304 = EDGE_LOOP('',(#7305,#7325,#7326,#7327));
#7305 = ORIENTED_EDGE('',*,*,#7306,.T.);
#7306 = EDGE_CURVE('',#2467,#5286,#7307,.T.);
#7307 = SEAM_CURVE('',#7308,(#7311,#7318),.PCURVE_S1.);
#7308 = B_SPLINE_CURVE_WITH_KNOTS('',1,(#7309,#7310),.UNSPECIFIED.,.F.,
  .F.,(2,2),(8.1E-02,1.121),.PIECEWISE_BEZIER_KNOTS.);
#7309 = CARTESIAN_POINT('',(7.,63.563962,0.));
#7310 = CARTESIAN_POINT('',(7.,63.563962,1.2));
#7311 = PCURVE('',#2490,#7312);
#7312 = DEFINITIONAL_REPRESENTATION('',(#7313),#7317);
#7313 = B_SPLINE_CURVE_WITH_KNOTS('',2,(#7314,#7315,#7316),
  .UNSPECIFIED.,.F.,.F.,(3,3),(8.1E-02,1.121),.PIECEWISE_BEZIER_KNOTS.);
#7314 = CARTESIAN_POINT('',(0.,-8.1E-02));
#7315 = CARTESIAN_POINT('',(0.,-0.601));
#7316 = CARTESIAN_POINT('',(0.,-1.121));
#7317 = ( GEOMETRIC_REPRESENTATION_CONTEXT(2) 
PARAMETRIC_REPRESENTATION_CONTEXT() REPRESENTATION_CONTEXT('2D SPACE',''
  ) );
#7318 = PCURVE('',#2490,#7319);
#7319 = DEFINITIONAL_REPRESENTATION('',(#7320),#7324);
#7320 = B_SPLINE_CURVE_WITH_KNOTS('',2,(#7321,#7322,#7323),
  .UNSPECIFIED.,.F.,.F.,(3,3),(8.1E-02,1.121),.PIECEWISE_BEZIER_KNOTS.);
#7321 = CARTESIAN_POINT('',(6.28318530718,-8.1E-02));
#7322 = CARTESIAN_POINT('',(6.28318530718,-0.601));
#7323 = CARTESIAN_POINT('',(6.28318530718,-1.121));
#7324 = ( GEOMETRIC_REPRESENTATION_CONTEXT(2) 
PARAMETRIC_REPRESENTATION_CONTEXT() REPRESENTATION_CONTEXT('2D SPACE',''
  ) );
#7325 = ORIENTED_EDGE('',*,*,#5285,.T.);
#7326 = ORIENTED_EDGE('',*,*,#7306,.F.);
#7327 = ORIENTED_EDGE('',*,*,#2466,.F.);
#7328 = ADVANCED_FACE('',(#7329),#2542,.F.);
#7329 = FACE_BOUND('',#7330,.F.);
#7330 = EDGE_LOOP('',(#7331,#7351,#7352,#7353));
#7331 = ORIENTED_EDGE('',*,*,#7332,.T.);
#7332 = EDGE_CURVE('',#2519,#5323,#7333,.T.);
#7333 = SEAM_CURVE('',#7334,(#7337,#7344),.PCURVE_S1.);
#7334 = B_SPLINE_CURVE_WITH_KNOTS('',1,(#7335,#7336),.UNSPECIFIED.,.F.,
  .F.,(2,2),(8.1E-02,1.121),.PIECEWISE_BEZIER_KNOTS.);
#7335 = CARTESIAN_POINT('',(10.5,61.063962,0.));
#7336 = CARTESIAN_POINT('',(10.5,61.063962,1.2));
#7337 = PCURVE('',#2542,#7338);
#7338 = DEFINITIONAL_REPRESENTATION('',(#7339),#7343);
#7339 = B_SPLINE_CURVE_WITH_KNOTS('',2,(#7340,#7341,#7342),
  .UNSPECIFIED.,.F.,.F.,(3,3),(8.1E-02,1.121),.PIECEWISE_BEZIER_KNOTS.);
#7340 = CARTESIAN_POINT('',(0.,-8.1E-02));
#7341 = CARTESIAN_POINT('',(0.,-0.601));
#7342 = CARTESIAN_POINT('',(0.,-1.121));
#7343 = ( GEOMETRIC_REPRESENTATION_CONTEXT(2) 
PARAMETRIC_REPRESENTATION_CONTEXT() REPRESENTATION_CONTEXT('2D SPACE',''
  ) );
#7344 = PCURVE('',#2542,#7345);
#7345 = DEFINITIONAL_REPRESENTATION('',(#7346),#7350);
#7346 = B_SPLINE_CURVE_WITH_KNOTS('',2,(#7347,#7348,#7349),
  .UNSPECIFIED.,.F.,.F.,(3,3),(8.1E-02,1.121),.PIECEWISE_BEZIER_KNOTS.);
#7347 = CARTESIAN_POINT('',(6.28318530718,-8.1E-02));
#7348 = CARTESIAN_POINT('',(6.28318530718,-0.601));
#7349 = CARTESIAN_POINT('',(6.28318530718,-1.121));
#7350 = ( GEOMETRIC_REPRESENTATION_CONTEXT(2) 
PARAMETRIC_REPRESENTATION_CONTEXT() REPRESENTATION_CONTEXT('2D SPACE',''
  ) );
#7351 = ORIENTED_EDGE('',*,*,#5322,.T.);
#7352 = ORIENTED_EDGE('',*,*,#7332,.F.);
#7353 = ORIENTED_EDGE('',*,*,#2518,.F.);
#7354 = ADVANCED_FACE('',(#7355),#2594,.F.);
#7355 = FACE_BOUND('',#7356,.F.);
#7356 = EDGE_LOOP('',(#7357,#7377,#7378,#7379));
#7357 = ORIENTED_EDGE('',*,*,#7358,.T.);
#7358 = EDGE_CURVE('',#2571,#5360,#7359,.T.);
#7359 = SEAM_CURVE('',#7360,(#7363,#7370),.PCURVE_S1.);
#7360 = B_SPLINE_CURVE_WITH_KNOTS('',1,(#7361,#7362),.UNSPECIFIED.,.F.,
  .F.,(2,2),(8.1E-02,1.121),.PIECEWISE_BEZIER_KNOTS.);
#7361 = CARTESIAN_POINT('',(10.5,63.563962,0.));
#7362 = CARTESIAN_POINT('',(10.5,63.563962,1.2));
#7363 = PCURVE('',#2594,#7364);
#7364 = DEFINITIONAL_REPRESENTATION('',(#7365),#7369);
#7365 = B_SPLINE_CURVE_WITH_KNOTS('',2,(#7366,#7367,#7368),
  .UNSPECIFIED.,.F.,.F.,(3,3),(8.1E-02,1.121),.PIECEWISE_BEZIER_KNOTS.);
#7366 = CARTESIAN_POINT('',(0.,-8.1E-02));
#7367 = CARTESIAN_POINT('',(0.,-0.601));
#7368 = CARTESIAN_POINT('',(0.,-1.121));
#7369 = ( GEOMETRIC_REPRESENTATION_CONTEXT(2) 
PARAMETRIC_REPRESENTATION_CONTEXT() REPRESENTATION_CONTEXT('2D SPACE',''
  ) );
#7370 = PCURVE('',#2594,#7371);
#7371 = DEFINITIONAL_REPRESENTATION('',(#7372),#7376);
#7372 = B_SPLINE_CURVE_WITH_KNOTS('',2,(#7373,#7374,#7375),
  .UNSPECIFIED.,.F.,.F.,(3,3),(8.1E-02,1.121),.PIECEWISE_BEZIER_KNOTS.);
#7373 = CARTESIAN_POINT('',(6.28318530718,-8.1E-02));
#7374 = CARTESIAN_POINT('',(6.28318530718,-0.601));
#7375 = CARTESIAN_POINT('',(6.28318530718,-1.121));
#7376 = ( GEOMETRIC_REPRESENTATION_CONTEXT(2) 
PARAMETRIC_REPRESENTATION_CONTEXT() REPRESENTATION_CONTEXT('2D SPACE',''
  ) );
#7377 = ORIENTED_EDGE('',*,*,#5359,.T.);
#7378 = ORIENTED_EDGE('',*,*,#7358,.F.);
#7379 = ORIENTED_EDGE('',*,*,#2570,.F.);
#7380 = ADVANCED_FACE('',(#7381),#2646,.F.);
#7381 = FACE_BOUND('',#7382,.F.);
#7382 = EDGE_LOOP('',(#7383,#7403,#7404,#7405));
#7383 = ORIENTED_EDGE('',*,*,#7384,.T.);
#7384 = EDGE_CURVE('',#2623,#5397,#7385,.T.);
#7385 = SEAM_CURVE('',#7386,(#7389,#7396),.PCURVE_S1.);
#7386 = B_SPLINE_CURVE_WITH_KNOTS('',1,(#7387,#7388),.UNSPECIFIED.,.F.,
  .F.,(2,2),(8.1E-02,1.121),.PIECEWISE_BEZIER_KNOTS.);
#7387 = CARTESIAN_POINT('',(13.4,61.813962,0.));
#7388 = CARTESIAN_POINT('',(13.4,61.813962,1.2));
#7389 = PCURVE('',#2646,#7390);
#7390 = DEFINITIONAL_REPRESENTATION('',(#7391),#7395);
#7391 = B_SPLINE_CURVE_WITH_KNOTS('',2,(#7392,#7393,#7394),
  .UNSPECIFIED.,.F.,.F.,(3,3),(8.1E-02,1.121),.PIECEWISE_BEZIER_KNOTS.);
#7392 = CARTESIAN_POINT('',(3.579949895508E-15,-8.1E-02));
#7393 = CARTESIAN_POINT('',(2.42388968373E-15,-0.601));
#7394 = CARTESIAN_POINT('',(3.579949895508E-15,-1.121));
#7395 = ( GEOMETRIC_REPRESENTATION_CONTEXT(2) 
PARAMETRIC_REPRESENTATION_CONTEXT() REPRESENTATION_CONTEXT('2D SPACE',''
  ) );
#7396 = PCURVE('',#2646,#7397);
#7397 = DEFINITIONAL_REPRESENTATION('',(#7398),#7402);
#7398 = B_SPLINE_CURVE_WITH_KNOTS('',2,(#7399,#7400,#7401),
  .UNSPECIFIED.,.F.,.F.,(3,3),(8.1E-02,1.121),.PIECEWISE_BEZIER_KNOTS.);
#7399 = CARTESIAN_POINT('',(6.28318530718,-8.1E-02));
#7400 = CARTESIAN_POINT('',(6.28318530718,-0.601));
#7401 = CARTESIAN_POINT('',(6.28318530718,-1.121));
#7402 = ( GEOMETRIC_REPRESENTATION_CONTEXT(2) 
PARAMETRIC_REPRESENTATION_CONTEXT() REPRESENTATION_CONTEXT('2D SPACE',''
  ) );
#7403 = ORIENTED_EDGE('',*,*,#5396,.T.);
#7404 = ORIENTED_EDGE('',*,*,#7384,.F.);
#7405 = ORIENTED_EDGE('',*,*,#2622,.F.);
#7406 = ADVANCED_FACE('',(#7407),#2698,.F.);
#7407 = FACE_BOUND('',#7408,.F.);
#7408 = EDGE_LOOP('',(#7409,#7429,#7430,#7431));
#7409 = ORIENTED_EDGE('',*,*,#7410,.T.);
#7410 = EDGE_CURVE('',#2675,#5434,#7411,.T.);
#7411 = SEAM_CURVE('',#7412,(#7415,#7422),.PCURVE_S1.);
#7412 = B_SPLINE_CURVE_WITH_KNOTS('',1,(#7413,#7414),.UNSPECIFIED.,.F.,
  .F.,(2,2),(8.1E-02,1.121),.PIECEWISE_BEZIER_KNOTS.);
#7413 = CARTESIAN_POINT('',(16.3,61.063962,0.));
#7414 = CARTESIAN_POINT('',(16.3,61.063962,1.2));
#7415 = PCURVE('',#2698,#7416);
#7416 = DEFINITIONAL_REPRESENTATION('',(#7417),#7421);
#7417 = B_SPLINE_CURVE_WITH_KNOTS('',2,(#7418,#7419,#7420),
  .UNSPECIFIED.,.F.,.F.,(3,3),(8.1E-02,1.121),.PIECEWISE_BEZIER_KNOTS.);
#7418 = CARTESIAN_POINT('',(0.,-8.1E-02));
#7419 = CARTESIAN_POINT('',(0.,-0.601));
#7420 = CARTESIAN_POINT('',(0.,-1.121));
#7421 = ( GEOMETRIC_REPRESENTATION_CONTEXT(2) 
PARAMETRIC_REPRESENTATION_CONTEXT() REPRESENTATION_CONTEXT('2D SPACE',''
  ) );
#7422 = PCURVE('',#2698,#7423);
#7423 = DEFINITIONAL_REPRESENTATION('',(#7424),#7428);
#7424 = B_SPLINE_CURVE_WITH_KNOTS('',2,(#7425,#7426,#7427),
  .UNSPECIFIED.,.F.,.F.,(3,3),(8.1E-02,1.121),.PIECEWISE_BEZIER_KNOTS.);
#7425 = CARTESIAN_POINT('',(6.28318530718,-8.1E-02));
#7426 = CARTESIAN_POINT('',(6.28318530718,-0.601));
#7427 = CARTESIAN_POINT('',(6.28318530718,-1.121));
#7428 = ( GEOMETRIC_REPRESENTATION_CONTEXT(2) 
PARAMETRIC_REPRESENTATION_CONTEXT() REPRESENTATION_CONTEXT('2D SPACE',''
  ) );
#7429 = ORIENTED_EDGE('',*,*,#5433,.T.);
#7430 = ORIENTED_EDGE('',*,*,#7410,.F.);
#7431 = ORIENTED_EDGE('',*,*,#2674,.F.);
#7432 = ADVANCED_FACE('',(#7433),#2750,.F.);
#7433 = FACE_BOUND('',#7434,.F.);
#7434 = EDGE_LOOP('',(#7435,#7455,#7456,#7457));
#7435 = ORIENTED_EDGE('',*,*,#7436,.T.);
#7436 = EDGE_CURVE('',#2727,#5471,#7437,.T.);
#7437 = SEAM_CURVE('',#7438,(#7441,#7448),.PCURVE_S1.);
#7438 = B_SPLINE_CURVE_WITH_KNOTS('',1,(#7439,#7440),.UNSPECIFIED.,.F.,
  .F.,(2,2),(8.1E-02,1.121),.PIECEWISE_BEZIER_KNOTS.);
#7439 = CARTESIAN_POINT('',(16.3,63.563962,0.));
#7440 = CARTESIAN_POINT('',(16.3,63.563962,1.2));
#7441 = PCURVE('',#2750,#7442);
#7442 = DEFINITIONAL_REPRESENTATION('',(#7443),#7447);
#7443 = B_SPLINE_CURVE_WITH_KNOTS('',2,(#7444,#7445,#7446),
  .UNSPECIFIED.,.F.,.F.,(3,3),(8.1E-02,1.121),.PIECEWISE_BEZIER_KNOTS.);
#7444 = CARTESIAN_POINT('',(0.,-8.1E-02));
#7445 = CARTESIAN_POINT('',(0.,-0.601));
#7446 = CARTESIAN_POINT('',(0.,-1.121));
#7447 = ( GEOMETRIC_REPRESENTATION_CONTEXT(2) 
PARAMETRIC_REPRESENTATION_CONTEXT() REPRESENTATION_CONTEXT('2D SPACE',''
  ) );
#7448 = PCURVE('',#2750,#7449);
#7449 = DEFINITIONAL_REPRESENTATION('',(#7450),#7454);
#7450 = B_SPLINE_CURVE_WITH_KNOTS('',2,(#7451,#7452,#7453),
  .UNSPECIFIED.,.F.,.F.,(3,3),(8.1E-02,1.121),.PIECEWISE_BEZIER_KNOTS.);
#7451 = CARTESIAN_POINT('',(6.28318530718,-8.1E-02));
#7452 = CARTESIAN_POINT('',(6.28318530718,-0.601));
#7453 = CARTESIAN_POINT('',(6.28318530718,-1.121));
#7454 = ( GEOMETRIC_REPRESENTATION_CONTEXT(2) 
PARAMETRIC_REPRESENTATION_CONTEXT() REPRESENTATION_CONTEXT('2D SPACE',''
  ) );
#7455 = ORIENTED_EDGE('',*,*,#5470,.T.);
#7456 = ORIENTED_EDGE('',*,*,#7436,.F.);
#7457 = ORIENTED_EDGE('',*,*,#2726,.F.);
#7458 = ADVANCED_FACE('',(#7459),#2802,.F.);
#7459 = FACE_BOUND('',#7460,.F.);
#7460 = EDGE_LOOP('',(#7461,#7481,#7482,#7483));
#7461 = ORIENTED_EDGE('',*,*,#7462,.T.);
#7462 = EDGE_CURVE('',#2779,#5508,#7463,.T.);
#7463 = SEAM_CURVE('',#7464,(#7467,#7474),.PCURVE_S1.);
#7464 = B_SPLINE_CURVE_WITH_KNOTS('',1,(#7465,#7466),.UNSPECIFIED.,.F.,
  .F.,(2,2),(8.1E-02,1.121),.PIECEWISE_BEZIER_KNOTS.);
#7465 = CARTESIAN_POINT('',(19.8,61.063962,0.));
#7466 = CARTESIAN_POINT('',(19.8,61.063962,1.2));
#7467 = PCURVE('',#2802,#7468);
#7468 = DEFINITIONAL_REPRESENTATION('',(#7469),#7473);
#7469 = B_SPLINE_CURVE_WITH_KNOTS('',2,(#7470,#7471,#7472),
  .UNSPECIFIED.,.F.,.F.,(3,3),(8.1E-02,1.121),.PIECEWISE_BEZIER_KNOTS.);
#7470 = CARTESIAN_POINT('',(0.,-8.1E-02));
#7471 = CARTESIAN_POINT('',(0.,-0.601));
#7472 = CARTESIAN_POINT('',(0.,-1.121));
#7473 = ( GEOMETRIC_REPRESENTATION_CONTEXT(2) 
PARAMETRIC_REPRESENTATION_CONTEXT() REPRESENTATION_CONTEXT('2D SPACE',''
  ) );
#7474 = PCURVE('',#2802,#7475);
#7475 = DEFINITIONAL_REPRESENTATION('',(#7476),#7480);
#7476 = B_SPLINE_CURVE_WITH_KNOTS('',2,(#7477,#7478,#7479),
  .UNSPECIFIED.,.F.,.F.,(3,3),(8.1E-02,1.121),.PIECEWISE_BEZIER_KNOTS.);
#7477 = CARTESIAN_POINT('',(6.28318530718,-8.1E-02));
#7478 = CARTESIAN_POINT('',(6.28318530718,-0.601));
#7479 = CARTESIAN_POINT('',(6.28318530718,-1.121));
#7480 = ( GEOMETRIC_REPRESENTATION_CONTEXT(2) 
PARAMETRIC_REPRESENTATION_CONTEXT() REPRESENTATION_CONTEXT('2D SPACE',''
  ) );
#7481 = ORIENTED_EDGE('',*,*,#5507,.T.);
#7482 = ORIENTED_EDGE('',*,*,#7462,.F.);
#7483 = ORIENTED_EDGE('',*,*,#2778,.F.);
#7484 = ADVANCED_FACE('',(#7485),#2854,.F.);
#7485 = FACE_BOUND('',#7486,.F.);
#7486 = EDGE_LOOP('',(#7487,#7507,#7508,#7509));
#7487 = ORIENTED_EDGE('',*,*,#7488,.T.);
#7488 = EDGE_CURVE('',#2831,#5545,#7489,.T.);
#7489 = SEAM_CURVE('',#7490,(#7493,#7500),.PCURVE_S1.);
#7490 = B_SPLINE_CURVE_WITH_KNOTS('',1,(#7491,#7492),.UNSPECIFIED.,.F.,
  .F.,(2,2),(8.1E-02,1.121),.PIECEWISE_BEZIER_KNOTS.);
#7491 = CARTESIAN_POINT('',(19.8,63.563962,0.));
#7492 = CARTESIAN_POINT('',(19.8,63.563962,1.2));
#7493 = PCURVE('',#2854,#7494);
#7494 = DEFINITIONAL_REPRESENTATION('',(#7495),#7499);
#7495 = B_SPLINE_CURVE_WITH_KNOTS('',2,(#7496,#7497,#7498),
  .UNSPECIFIED.,.F.,.F.,(3,3),(8.1E-02,1.121),.PIECEWISE_BEZIER_KNOTS.);
#7496 = CARTESIAN_POINT('',(0.,-8.1E-02));
#7497 = CARTESIAN_POINT('',(0.,-0.601));
#7498 = CARTESIAN_POINT('',(0.,-1.121));
#7499 = ( GEOMETRIC_REPRESENTATION_CONTEXT(2) 
PARAMETRIC_REPRESENTATION_CONTEXT() REPRESENTATION_CONTEXT('2D SPACE',''
  ) );
#7500 = PCURVE('',#2854,#7501);
#7501 = DEFINITIONAL_REPRESENTATION('',(#7502),#7506);
#7502 = B_SPLINE_CURVE_WITH_KNOTS('',2,(#7503,#7504,#7505),
  .UNSPECIFIED.,.F.,.F.,(3,3),(8.1E-02,1.121),.PIECEWISE_BEZIER_KNOTS.);
#7503 = CARTESIAN_POINT('',(6.28318530718,-8.1E-02));
#7504 = CARTESIAN_POINT('',(6.28318530718,-0.601));
#7505 = CARTESIAN_POINT('',(6.28318530718,-1.121));
#7506 = ( GEOMETRIC_REPRESENTATION_CONTEXT(2) 
PARAMETRIC_REPRESENTATION_CONTEXT() REPRESENTATION_CONTEXT('2D SPACE',''
  ) );
#7507 = ORIENTED_EDGE('',*,*,#5544,.T.);
#7508 = ORIENTED_EDGE('',*,*,#7488,.F.);
#7509 = ORIENTED_EDGE('',*,*,#2830,.F.);
#7510 = ADVANCED_FACE('',(#7511),#2906,.F.);
#7511 = FACE_BOUND('',#7512,.F.);
#7512 = EDGE_LOOP('',(#7513,#7533,#7534,#7535));
#7513 = ORIENTED_EDGE('',*,*,#7514,.T.);
#7514 = EDGE_CURVE('',#2883,#5582,#7515,.T.);
#7515 = SEAM_CURVE('',#7516,(#7519,#7526),.PCURVE_S1.);
#7516 = B_SPLINE_CURVE_WITH_KNOTS('',1,(#7517,#7518),.UNSPECIFIED.,.F.,
  .F.,(2,2),(8.1E-02,1.121),.PIECEWISE_BEZIER_KNOTS.);
#7517 = CARTESIAN_POINT('',(8.,90.013962,0.));
#7518 = CARTESIAN_POINT('',(8.,90.013962,1.2));
#7519 = PCURVE('',#2906,#7520);
#7520 = DEFINITIONAL_REPRESENTATION('',(#7521),#7525);
#7521 = B_SPLINE_CURVE_WITH_KNOTS('',2,(#7522,#7523,#7524),
  .UNSPECIFIED.,.F.,.F.,(3,3),(8.1E-02,1.121),.PIECEWISE_BEZIER_KNOTS.);
#7522 = CARTESIAN_POINT('',(0.,-8.1E-02));
#7523 = CARTESIAN_POINT('',(0.,-0.601));
#7524 = CARTESIAN_POINT('',(0.,-1.121));
#7525 = ( GEOMETRIC_REPRESENTATION_CONTEXT(2) 
PARAMETRIC_REPRESENTATION_CONTEXT() REPRESENTATION_CONTEXT('2D SPACE',''
  ) );
#7526 = PCURVE('',#2906,#7527);
#7527 = DEFINITIONAL_REPRESENTATION('',(#7528),#7532);
#7528 = B_SPLINE_CURVE_WITH_KNOTS('',2,(#7529,#7530,#7531),
  .UNSPECIFIED.,.F.,.F.,(3,3),(8.1E-02,1.121),.PIECEWISE_BEZIER_KNOTS.);
#7529 = CARTESIAN_POINT('',(6.28318530718,-8.1E-02));
#7530 = CARTESIAN_POINT('',(6.28318530718,-0.601));
#7531 = CARTESIAN_POINT('',(6.28318530718,-1.121));
#7532 = ( GEOMETRIC_REPRESENTATION_CONTEXT(2) 
PARAMETRIC_REPRESENTATION_CONTEXT() REPRESENTATION_CONTEXT('2D SPACE',''
  ) );
#7533 = ORIENTED_EDGE('',*,*,#5581,.T.);
#7534 = ORIENTED_EDGE('',*,*,#7514,.F.);
#7535 = ORIENTED_EDGE('',*,*,#2882,.F.);
#7536 = ADVANCED_FACE('',(#7537),#2958,.F.);
#7537 = FACE_BOUND('',#7538,.F.);
#7538 = EDGE_LOOP('',(#7539,#7559,#7560,#7561));
#7539 = ORIENTED_EDGE('',*,*,#7540,.T.);
#7540 = EDGE_CURVE('',#2935,#5619,#7541,.T.);
#7541 = SEAM_CURVE('',#7542,(#7545,#7552),.PCURVE_S1.);
#7542 = B_SPLINE_CURVE_WITH_KNOTS('',1,(#7543,#7544),.UNSPECIFIED.,.F.,
  .F.,(2,2),(8.1E-02,1.121),.PIECEWISE_BEZIER_KNOTS.);
#7543 = CARTESIAN_POINT('',(26.82,86.553962,0.));
#7544 = CARTESIAN_POINT('',(26.82,86.553962,1.2));
#7545 = PCURVE('',#2958,#7546);
#7546 = DEFINITIONAL_REPRESENTATION('',(#7547),#7551);
#7547 = B_SPLINE_CURVE_WITH_KNOTS('',2,(#7548,#7549,#7550),
  .UNSPECIFIED.,.F.,.F.,(3,3),(8.1E-02,1.121),.PIECEWISE_BEZIER_KNOTS.);
#7548 = CARTESIAN_POINT('',(0.,-8.1E-02));
#7549 = CARTESIAN_POINT('',(0.,-0.601));
#7550 = CARTESIAN_POINT('',(0.,-1.121));
#7551 = ( GEOMETRIC_REPRESENTATION_CONTEXT(2) 
PARAMETRIC_REPRESENTATION_CONTEXT() REPRESENTATION_CONTEXT('2D SPACE',''
  ) );
#7552 = PCURVE('',#2958,#7553);
#7553 = DEFINITIONAL_REPRESENTATION('',(#7554),#7558);
#7554 = B_SPLINE_CURVE_WITH_KNOTS('',2,(#7555,#7556,#7557),
  .UNSPECIFIED.,.F.,.F.,(3,3),(8.1E-02,1.121),.PIECEWISE_BEZIER_KNOTS.);
#7555 = CARTESIAN_POINT('',(6.28318530718,-8.1E-02));
#7556 = CARTESIAN_POINT('',(6.28318530718,-0.601));
#7557 = CARTESIAN_POINT('',(6.28318530718,-1.121));
#7558 = ( GEOMETRIC_REPRESENTATION_CONTEXT(2) 
PARAMETRIC_REPRESENTATION_CONTEXT() REPRESENTATION_CONTEXT('2D SPACE',''
  ) );
#7559 = ORIENTED_EDGE('',*,*,#5618,.T.);
#7560 = ORIENTED_EDGE('',*,*,#7540,.F.);
#7561 = ORIENTED_EDGE('',*,*,#2934,.F.);
#7562 = ADVANCED_FACE('',(#7563),#3010,.F.);
#7563 = FACE_BOUND('',#7564,.F.);
#7564 = EDGE_LOOP('',(#7565,#7585,#7586,#7587));
#7565 = ORIENTED_EDGE('',*,*,#7566,.T.);
#7566 = EDGE_CURVE('',#2987,#5656,#7567,.T.);
#7567 = SEAM_CURVE('',#7568,(#7571,#7578),.PCURVE_S1.);
#7568 = B_SPLINE_CURVE_WITH_KNOTS('',1,(#7569,#7570),.UNSPECIFIED.,.F.,
  .F.,(2,2),(8.1E-02,1.121),.PIECEWISE_BEZIER_KNOTS.);
#7569 = CARTESIAN_POINT('',(30.82,86.553962,0.));
#7570 = CARTESIAN_POINT('',(30.82,86.553962,1.2));
#7571 = PCURVE('',#3010,#7572);
#7572 = DEFINITIONAL_REPRESENTATION('',(#7573),#7577);
#7573 = B_SPLINE_CURVE_WITH_KNOTS('',2,(#7574,#7575,#7576),
  .UNSPECIFIED.,.F.,.F.,(3,3),(8.1E-02,1.121),.PIECEWISE_BEZIER_KNOTS.);
#7574 = CARTESIAN_POINT('',(0.,-8.1E-02));
#7575 = CARTESIAN_POINT('',(0.,-0.601));
#7576 = CARTESIAN_POINT('',(0.,-1.121));
#7577 = ( GEOMETRIC_REPRESENTATION_CONTEXT(2) 
PARAMETRIC_REPRESENTATION_CONTEXT() REPRESENTATION_CONTEXT('2D SPACE',''
  ) );
#7578 = PCURVE('',#3010,#7579);
#7579 = DEFINITIONAL_REPRESENTATION('',(#7580),#7584);
#7580 = B_SPLINE_CURVE_WITH_KNOTS('',2,(#7581,#7582,#7583),
  .UNSPECIFIED.,.F.,.F.,(3,3),(8.1E-02,1.121),.PIECEWISE_BEZIER_KNOTS.);
#7581 = CARTESIAN_POINT('',(6.28318530718,-8.1E-02));
#7582 = CARTESIAN_POINT('',(6.28318530718,-0.601));
#7583 = CARTESIAN_POINT('',(6.28318530718,-1.121));
#7584 = ( GEOMETRIC_REPRESENTATION_CONTEXT(2) 
PARAMETRIC_REPRESENTATION_CONTEXT() REPRESENTATION_CONTEXT('2D SPACE',''
  ) );
#7585 = ORIENTED_EDGE('',*,*,#5655,.T.);
#7586 = ORIENTED_EDGE('',*,*,#7566,.F.);
#7587 = ORIENTED_EDGE('',*,*,#2986,.F.);
#7588 = ADVANCED_FACE('',(#7589),#3062,.F.);
#7589 = FACE_BOUND('',#7590,.F.);
#7590 = EDGE_LOOP('',(#7591,#7611,#7612,#7613));
#7591 = ORIENTED_EDGE('',*,*,#7592,.T.);
#7592 = EDGE_CURVE('',#3039,#5693,#7593,.T.);
#7593 = SEAM_CURVE('',#7594,(#7597,#7604),.PCURVE_S1.);
#7594 = B_SPLINE_CURVE_WITH_KNOTS('',1,(#7595,#7596),.UNSPECIFIED.,.F.,
  .F.,(2,2),(8.1E-02,1.121),.PIECEWISE_BEZIER_KNOTS.);
#7595 = CARTESIAN_POINT('',(44.,53.413962,0.));
#7596 = CARTESIAN_POINT('',(44.,53.413962,1.2));
#7597 = PCURVE('',#3062,#7598);
#7598 = DEFINITIONAL_REPRESENTATION('',(#7599),#7603);
#7599 = B_SPLINE_CURVE_WITH_KNOTS('',2,(#7600,#7601,#7602),
  .UNSPECIFIED.,.F.,.F.,(3,3),(8.1E-02,1.121),.PIECEWISE_BEZIER_KNOTS.);
#7600 = CARTESIAN_POINT('',(0.,-8.1E-02));
#7601 = CARTESIAN_POINT('',(0.,-0.601));
#7602 = CARTESIAN_POINT('',(0.,-1.121));
#7603 = ( GEOMETRIC_REPRESENTATION_CONTEXT(2) 
PARAMETRIC_REPRESENTATION_CONTEXT() REPRESENTATION_CONTEXT('2D SPACE',''
  ) );
#7604 = PCURVE('',#3062,#7605);
#7605 = DEFINITIONAL_REPRESENTATION('',(#7606),#7610);
#7606 = B_SPLINE_CURVE_WITH_KNOTS('',2,(#7607,#7608,#7609),
  .UNSPECIFIED.,.F.,.F.,(3,3),(8.1E-02,1.121),.PIECEWISE_BEZIER_KNOTS.);
#7607 = CARTESIAN_POINT('',(6.28318530718,-8.1E-02));
#7608 = CARTESIAN_POINT('',(6.28318530718,-0.601));
#7609 = CARTESIAN_POINT('',(6.28318530718,-1.121));
#7610 = ( GEOMETRIC_REPRESENTATION_CONTEXT(2) 
PARAMETRIC_REPRESENTATION_CONTEXT() REPRESENTATION_CONTEXT('2D SPACE',''
  ) );
#7611 = ORIENTED_EDGE('',*,*,#5692,.T.);
#7612 = ORIENTED_EDGE('',*,*,#7592,.F.);
#7613 = ORIENTED_EDGE('',*,*,#3038,.F.);
#7614 = ADVANCED_FACE('',(#7615),#3114,.F.);
#7615 = FACE_BOUND('',#7616,.F.);
#7616 = EDGE_LOOP('',(#7617,#7637,#7638,#7639));
#7617 = ORIENTED_EDGE('',*,*,#7618,.T.);
#7618 = EDGE_CURVE('',#3091,#5730,#7619,.T.);
#7619 = SEAM_CURVE('',#7620,(#7623,#7630),.PCURVE_S1.);
#7620 = B_SPLINE_CURVE_WITH_KNOTS('',1,(#7621,#7622),.UNSPECIFIED.,.F.,
  .F.,(2,2),(8.1E-02,1.121),.PIECEWISE_BEZIER_KNOTS.);
#7621 = CARTESIAN_POINT('',(47.96,53.413962,0.));
#7622 = CARTESIAN_POINT('',(47.96,53.413962,1.2));
#7623 = PCURVE('',#3114,#7624);
#7624 = DEFINITIONAL_REPRESENTATION('',(#7625),#7629);
#7625 = B_SPLINE_CURVE_WITH_KNOTS('',2,(#7626,#7627,#7628),
  .UNSPECIFIED.,.F.,.F.,(3,3),(8.1E-02,1.121),.PIECEWISE_BEZIER_KNOTS.);
#7626 = CARTESIAN_POINT('',(0.,-8.1E-02));
#7627 = CARTESIAN_POINT('',(0.,-0.601));
#7628 = CARTESIAN_POINT('',(0.,-1.121));
#7629 = ( GEOMETRIC_REPRESENTATION_CONTEXT(2) 
PARAMETRIC_REPRESENTATION_CONTEXT() REPRESENTATION_CONTEXT('2D SPACE',''
  ) );
#7630 = PCURVE('',#3114,#7631);
#7631 = DEFINITIONAL_REPRESENTATION('',(#7632),#7636);
#7632 = B_SPLINE_CURVE_WITH_KNOTS('',2,(#7633,#7634,#7635),
  .UNSPECIFIED.,.F.,.F.,(3,3),(8.1E-02,1.121),.PIECEWISE_BEZIER_KNOTS.);
#7633 = CARTESIAN_POINT('',(6.28318530718,-8.1E-02));
#7634 = CARTESIAN_POINT('',(6.28318530718,-0.601));
#7635 = CARTESIAN_POINT('',(6.28318530718,-1.121));
#7636 = ( GEOMETRIC_REPRESENTATION_CONTEXT(2) 
PARAMETRIC_REPRESENTATION_CONTEXT() REPRESENTATION_CONTEXT('2D SPACE',''
  ) );
#7637 = ORIENTED_EDGE('',*,*,#5729,.T.);
#7638 = ORIENTED_EDGE('',*,*,#7618,.F.);
#7639 = ORIENTED_EDGE('',*,*,#3090,.F.);
#7640 = ADVANCED_FACE('',(#7641),#3166,.F.);
#7641 = FACE_BOUND('',#7642,.F.);
#7642 = EDGE_LOOP('',(#7643,#7663,#7664,#7665));
#7643 = ORIENTED_EDGE('',*,*,#7644,.T.);
#7644 = EDGE_CURVE('',#3143,#5767,#7645,.T.);
#7645 = SEAM_CURVE('',#7646,(#7649,#7656),.PCURVE_S1.);
#7646 = B_SPLINE_CURVE_WITH_KNOTS('',1,(#7647,#7648),.UNSPECIFIED.,.F.,
  .F.,(2,2),(8.1E-02,1.121),.PIECEWISE_BEZIER_KNOTS.);
#7647 = CARTESIAN_POINT('',(40.,61.063962,0.));
#7648 = CARTESIAN_POINT('',(40.,61.063962,1.2));
#7649 = PCURVE('',#3166,#7650);
#7650 = DEFINITIONAL_REPRESENTATION('',(#7651),#7655);
#7651 = B_SPLINE_CURVE_WITH_KNOTS('',2,(#7652,#7653,#7654),
  .UNSPECIFIED.,.F.,.F.,(3,3),(8.1E-02,1.121),.PIECEWISE_BEZIER_KNOTS.);
#7652 = CARTESIAN_POINT('',(0.,-8.1E-02));
#7653 = CARTESIAN_POINT('',(0.,-0.601));
#7654 = CARTESIAN_POINT('',(0.,-1.121));
#7655 = ( GEOMETRIC_REPRESENTATION_CONTEXT(2) 
PARAMETRIC_REPRESENTATION_CONTEXT() REPRESENTATION_CONTEXT('2D SPACE',''
  ) );
#7656 = PCURVE('',#3166,#7657);
#7657 = DEFINITIONAL_REPRESENTATION('',(#7658),#7662);
#7658 = B_SPLINE_CURVE_WITH_KNOTS('',2,(#7659,#7660,#7661),
  .UNSPECIFIED.,.F.,.F.,(3,3),(8.1E-02,1.121),.PIECEWISE_BEZIER_KNOTS.);
#7659 = CARTESIAN_POINT('',(6.28318530718,-8.1E-02));
#7660 = CARTESIAN_POINT('',(6.28318530718,-0.601));
#7661 = CARTESIAN_POINT('',(6.28318530718,-1.121));
#7662 = ( GEOMETRIC_REPRESENTATION_CONTEXT(2) 
PARAMETRIC_REPRESENTATION_CONTEXT() REPRESENTATION_CONTEXT('2D SPACE',''
  ) );
#7663 = ORIENTED_EDGE('',*,*,#5766,.T.);
#7664 = ORIENTED_EDGE('',*,*,#7644,.F.);
#7665 = ORIENTED_EDGE('',*,*,#3142,.F.);
#7666 = ADVANCED_FACE('',(#7667),#3218,.F.);
#7667 = FACE_BOUND('',#7668,.F.);
#7668 = EDGE_LOOP('',(#7669,#7689,#7690,#7691));
#7669 = ORIENTED_EDGE('',*,*,#7670,.T.);
#7670 = EDGE_CURVE('',#3195,#5804,#7671,.T.);
#7671 = SEAM_CURVE('',#7672,(#7675,#7682),.PCURVE_S1.);
#7672 = B_SPLINE_CURVE_WITH_KNOTS('',1,(#7673,#7674),.UNSPECIFIED.,.F.,
  .F.,(2,2),(8.1E-02,1.121),.PIECEWISE_BEZIER_KNOTS.);
#7673 = CARTESIAN_POINT('',(40.,63.563962,0.));
#7674 = CARTESIAN_POINT('',(40.,63.563962,1.2));
#7675 = PCURVE('',#3218,#7676);
#7676 = DEFINITIONAL_REPRESENTATION('',(#7677),#7681);
#7677 = B_SPLINE_CURVE_WITH_KNOTS('',2,(#7678,#7679,#7680),
  .UNSPECIFIED.,.F.,.F.,(3,3),(8.1E-02,1.121),.PIECEWISE_BEZIER_KNOTS.);
#7678 = CARTESIAN_POINT('',(0.,-8.1E-02));
#7679 = CARTESIAN_POINT('',(0.,-0.601));
#7680 = CARTESIAN_POINT('',(0.,-1.121));
#7681 = ( GEOMETRIC_REPRESENTATION_CONTEXT(2) 
PARAMETRIC_REPRESENTATION_CONTEXT() REPRESENTATION_CONTEXT('2D SPACE',''
  ) );
#7682 = PCURVE('',#3218,#7683);
#7683 = DEFINITIONAL_REPRESENTATION('',(#7684),#7688);
#7684 = B_SPLINE_CURVE_WITH_KNOTS('',2,(#7685,#7686,#7687),
  .UNSPECIFIED.,.F.,.F.,(3,3),(8.1E-02,1.121),.PIECEWISE_BEZIER_KNOTS.);
#7685 = CARTESIAN_POINT('',(6.28318530718,-8.1E-02));
#7686 = CARTESIAN_POINT('',(6.28318530718,-0.601));
#7687 = CARTESIAN_POINT('',(6.28318530718,-1.121));
#7688 = ( GEOMETRIC_REPRESENTATION_CONTEXT(2) 
PARAMETRIC_REPRESENTATION_CONTEXT() REPRESENTATION_CONTEXT('2D SPACE',''
  ) );
#7689 = ORIENTED_EDGE('',*,*,#5803,.T.);
#7690 = ORIENTED_EDGE('',*,*,#7670,.F.);
#7691 = ORIENTED_EDGE('',*,*,#3194,.F.);
#7692 = ADVANCED_FACE('',(#7693),#3270,.F.);
#7693 = FACE_BOUND('',#7694,.F.);
#7694 = EDGE_LOOP('',(#7695,#7715,#7716,#7717));
#7695 = ORIENTED_EDGE('',*,*,#7696,.T.);
#7696 = EDGE_CURVE('',#3247,#5841,#7697,.T.);
#7697 = SEAM_CURVE('',#7698,(#7701,#7708),.PCURVE_S1.);
#7698 = B_SPLINE_CURVE_WITH_KNOTS('',1,(#7699,#7700),.UNSPECIFIED.,.F.,
  .F.,(2,2),(8.1E-02,1.121),.PIECEWISE_BEZIER_KNOTS.);
#7699 = CARTESIAN_POINT('',(43.5,61.063962,0.));
#7700 = CARTESIAN_POINT('',(43.5,61.063962,1.2));
#7701 = PCURVE('',#3270,#7702);
#7702 = DEFINITIONAL_REPRESENTATION('',(#7703),#7707);
#7703 = B_SPLINE_CURVE_WITH_KNOTS('',2,(#7704,#7705,#7706),
  .UNSPECIFIED.,.F.,.F.,(3,3),(8.1E-02,1.121),.PIECEWISE_BEZIER_KNOTS.);
#7704 = CARTESIAN_POINT('',(0.,-8.1E-02));
#7705 = CARTESIAN_POINT('',(0.,-0.601));
#7706 = CARTESIAN_POINT('',(0.,-1.121));
#7707 = ( GEOMETRIC_REPRESENTATION_CONTEXT(2) 
PARAMETRIC_REPRESENTATION_CONTEXT() REPRESENTATION_CONTEXT('2D SPACE',''
  ) );
#7708 = PCURVE('',#3270,#7709);
#7709 = DEFINITIONAL_REPRESENTATION('',(#7710),#7714);
#7710 = B_SPLINE_CURVE_WITH_KNOTS('',2,(#7711,#7712,#7713),
  .UNSPECIFIED.,.F.,.F.,(3,3),(8.1E-02,1.121),.PIECEWISE_BEZIER_KNOTS.);
#7711 = CARTESIAN_POINT('',(6.28318530718,-8.1E-02));
#7712 = CARTESIAN_POINT('',(6.28318530718,-0.601));
#7713 = CARTESIAN_POINT('',(6.28318530718,-1.121));
#7714 = ( GEOMETRIC_REPRESENTATION_CONTEXT(2) 
PARAMETRIC_REPRESENTATION_CONTEXT() REPRESENTATION_CONTEXT('2D SPACE',''
  ) );
#7715 = ORIENTED_EDGE('',*,*,#5840,.T.);
#7716 = ORIENTED_EDGE('',*,*,#7696,.F.);
#7717 = ORIENTED_EDGE('',*,*,#3246,.F.);
#7718 = ADVANCED_FACE('',(#7719),#3322,.F.);
#7719 = FACE_BOUND('',#7720,.F.);
#7720 = EDGE_LOOP('',(#7721,#7741,#7742,#7743));
#7721 = ORIENTED_EDGE('',*,*,#7722,.T.);
#7722 = EDGE_CURVE('',#3299,#5878,#7723,.T.);
#7723 = SEAM_CURVE('',#7724,(#7727,#7734),.PCURVE_S1.);
#7724 = B_SPLINE_CURVE_WITH_KNOTS('',1,(#7725,#7726),.UNSPECIFIED.,.F.,
  .F.,(2,2),(8.1E-02,1.121),.PIECEWISE_BEZIER_KNOTS.);
#7725 = CARTESIAN_POINT('',(43.5,63.563962,0.));
#7726 = CARTESIAN_POINT('',(43.5,63.563962,1.2));
#7727 = PCURVE('',#3322,#7728);
#7728 = DEFINITIONAL_REPRESENTATION('',(#7729),#7733);
#7729 = B_SPLINE_CURVE_WITH_KNOTS('',2,(#7730,#7731,#7732),
  .UNSPECIFIED.,.F.,.F.,(3,3),(8.1E-02,1.121),.PIECEWISE_BEZIER_KNOTS.);
#7730 = CARTESIAN_POINT('',(0.,-8.1E-02));
#7731 = CARTESIAN_POINT('',(0.,-0.601));
#7732 = CARTESIAN_POINT('',(0.,-1.121));
#7733 = ( GEOMETRIC_REPRESENTATION_CONTEXT(2) 
PARAMETRIC_REPRESENTATION_CONTEXT() REPRESENTATION_CONTEXT('2D SPACE',''
  ) );
#7734 = PCURVE('',#3322,#7735);
#7735 = DEFINITIONAL_REPRESENTATION('',(#7736),#7740);
#7736 = B_SPLINE_CURVE_WITH_KNOTS('',2,(#7737,#7738,#7739),
  .UNSPECIFIED.,.F.,.F.,(3,3),(8.1E-02,1.121),.PIECEWISE_BEZIER_KNOTS.);
#7737 = CARTESIAN_POINT('',(6.28318530718,-8.1E-02));
#7738 = CARTESIAN_POINT('',(6.28318530718,-0.601));
#7739 = CARTESIAN_POINT('',(6.28318530718,-1.121));
#7740 = ( GEOMETRIC_REPRESENTATION_CONTEXT(2) 
PARAMETRIC_REPRESENTATION_CONTEXT() REPRESENTATION_CONTEXT('2D SPACE',''
  ) );
#7741 = ORIENTED_EDGE('',*,*,#5877,.T.);
#7742 = ORIENTED_EDGE('',*,*,#7722,.F.);
#7743 = ORIENTED_EDGE('',*,*,#3298,.F.);
#7744 = ADVANCED_FACE('',(#7745),#3374,.F.);
#7745 = FACE_BOUND('',#7746,.F.);
#7746 = EDGE_LOOP('',(#7747,#7767,#7768,#7769));
#7747 = ORIENTED_EDGE('',*,*,#7748,.T.);
#7748 = EDGE_CURVE('',#3351,#5915,#7749,.T.);
#7749 = SEAM_CURVE('',#7750,(#7753,#7760),.PCURVE_S1.);
#7750 = B_SPLINE_CURVE_WITH_KNOTS('',1,(#7751,#7752),.UNSPECIFIED.,.F.,
  .F.,(2,2),(8.1E-02,1.121),.PIECEWISE_BEZIER_KNOTS.);
#7751 = CARTESIAN_POINT('',(46.4,61.813962,0.));
#7752 = CARTESIAN_POINT('',(46.4,61.813962,1.2));
#7753 = PCURVE('',#3374,#7754);
#7754 = DEFINITIONAL_REPRESENTATION('',(#7755),#7759);
#7755 = B_SPLINE_CURVE_WITH_KNOTS('',2,(#7756,#7757,#7758),
  .UNSPECIFIED.,.F.,.F.,(3,3),(8.1E-02,1.121),.PIECEWISE_BEZIER_KNOTS.);
#7756 = CARTESIAN_POINT('',(0.,-8.1E-02));
#7757 = CARTESIAN_POINT('',(0.,-0.601));
#7758 = CARTESIAN_POINT('',(0.,-1.121));
#7759 = ( GEOMETRIC_REPRESENTATION_CONTEXT(2) 
PARAMETRIC_REPRESENTATION_CONTEXT() REPRESENTATION_CONTEXT('2D SPACE',''
  ) );
#7760 = PCURVE('',#3374,#7761);
#7761 = DEFINITIONAL_REPRESENTATION('',(#7762),#7766);
#7762 = B_SPLINE_CURVE_WITH_KNOTS('',2,(#7763,#7764,#7765),
  .UNSPECIFIED.,.F.,.F.,(3,3),(8.1E-02,1.121),.PIECEWISE_BEZIER_KNOTS.);
#7763 = CARTESIAN_POINT('',(6.28318530718,-8.1E-02));
#7764 = CARTESIAN_POINT('',(6.28318530718,-0.601));
#7765 = CARTESIAN_POINT('',(6.28318530718,-1.121));
#7766 = ( GEOMETRIC_REPRESENTATION_CONTEXT(2) 
PARAMETRIC_REPRESENTATION_CONTEXT() REPRESENTATION_CONTEXT('2D SPACE',''
  ) );
#7767 = ORIENTED_EDGE('',*,*,#5914,.T.);
#7768 = ORIENTED_EDGE('',*,*,#7748,.F.);
#7769 = ORIENTED_EDGE('',*,*,#3350,.F.);
#7770 = ADVANCED_FACE('',(#7771),#3426,.F.);
#7771 = FACE_BOUND('',#7772,.F.);
#7772 = EDGE_LOOP('',(#7773,#7793,#7794,#7795));
#7773 = ORIENTED_EDGE('',*,*,#7774,.T.);
#7774 = EDGE_CURVE('',#3403,#5952,#7775,.T.);
#7775 = SEAM_CURVE('',#7776,(#7779,#7786),.PCURVE_S1.);
#7776 = B_SPLINE_CURVE_WITH_KNOTS('',1,(#7777,#7778),.UNSPECIFIED.,.F.,
  .F.,(2,2),(8.1E-02,1.121),.PIECEWISE_BEZIER_KNOTS.);
#7777 = CARTESIAN_POINT('',(49.3,61.063962,0.));
#7778 = CARTESIAN_POINT('',(49.3,61.063962,1.2));
#7779 = PCURVE('',#3426,#7780);
#7780 = DEFINITIONAL_REPRESENTATION('',(#7781),#7785);
#7781 = B_SPLINE_CURVE_WITH_KNOTS('',2,(#7782,#7783,#7784),
  .UNSPECIFIED.,.F.,.F.,(3,3),(8.1E-02,1.121),.PIECEWISE_BEZIER_KNOTS.);
#7782 = CARTESIAN_POINT('',(0.,-8.1E-02));
#7783 = CARTESIAN_POINT('',(0.,-0.601));
#7784 = CARTESIAN_POINT('',(0.,-1.121));
#7785 = ( GEOMETRIC_REPRESENTATION_CONTEXT(2) 
PARAMETRIC_REPRESENTATION_CONTEXT() REPRESENTATION_CONTEXT('2D SPACE',''
  ) );
#7786 = PCURVE('',#3426,#7787);
#7787 = DEFINITIONAL_REPRESENTATION('',(#7788),#7792);
#7788 = B_SPLINE_CURVE_WITH_KNOTS('',2,(#7789,#7790,#7791),
  .UNSPECIFIED.,.F.,.F.,(3,3),(8.1E-02,1.121),.PIECEWISE_BEZIER_KNOTS.);
#7789 = CARTESIAN_POINT('',(6.28318530718,-8.1E-02));
#7790 = CARTESIAN_POINT('',(6.28318530718,-0.601));
#7791 = CARTESIAN_POINT('',(6.28318530718,-1.121));
#7792 = ( GEOMETRIC_REPRESENTATION_CONTEXT(2) 
PARAMETRIC_REPRESENTATION_CONTEXT() REPRESENTATION_CONTEXT('2D SPACE',''
  ) );
#7793 = ORIENTED_EDGE('',*,*,#5951,.T.);
#7794 = ORIENTED_EDGE('',*,*,#7774,.F.);
#7795 = ORIENTED_EDGE('',*,*,#3402,.F.);
#7796 = ADVANCED_FACE('',(#7797),#3478,.F.);
#7797 = FACE_BOUND('',#7798,.F.);
#7798 = EDGE_LOOP('',(#7799,#7819,#7820,#7821));
#7799 = ORIENTED_EDGE('',*,*,#7800,.T.);
#7800 = EDGE_CURVE('',#3455,#5989,#7801,.T.);
#7801 = SEAM_CURVE('',#7802,(#7805,#7812),.PCURVE_S1.);
#7802 = B_SPLINE_CURVE_WITH_KNOTS('',1,(#7803,#7804),.UNSPECIFIED.,.F.,
  .F.,(2,2),(8.1E-02,1.121),.PIECEWISE_BEZIER_KNOTS.);
#7803 = CARTESIAN_POINT('',(49.3,63.563962,0.));
#7804 = CARTESIAN_POINT('',(49.3,63.563962,1.2));
#7805 = PCURVE('',#3478,#7806);
#7806 = DEFINITIONAL_REPRESENTATION('',(#7807),#7811);
#7807 = B_SPLINE_CURVE_WITH_KNOTS('',2,(#7808,#7809,#7810),
  .UNSPECIFIED.,.F.,.F.,(3,3),(8.1E-02,1.121),.PIECEWISE_BEZIER_KNOTS.);
#7808 = CARTESIAN_POINT('',(0.,-8.1E-02));
#7809 = CARTESIAN_POINT('',(0.,-0.601));
#7810 = CARTESIAN_POINT('',(0.,-1.121));
#7811 = ( GEOMETRIC_REPRESENTATION_CONTEXT(2) 
PARAMETRIC_REPRESENTATION_CONTEXT() REPRESENTATION_CONTEXT('2D SPACE',''
  ) );
#7812 = PCURVE('',#3478,#7813);
#7813 = DEFINITIONAL_REPRESENTATION('',(#7814),#7818);
#7814 = B_SPLINE_CURVE_WITH_KNOTS('',2,(#7815,#7816,#7817),
  .UNSPECIFIED.,.F.,.F.,(3,3),(8.1E-02,1.121),.PIECEWISE_BEZIER_KNOTS.);
#7815 = CARTESIAN_POINT('',(6.28318530718,-8.1E-02));
#7816 = CARTESIAN_POINT('',(6.28318530718,-0.601));
#7817 = CARTESIAN_POINT('',(6.28318530718,-1.121));
#7818 = ( GEOMETRIC_REPRESENTATION_CONTEXT(2) 
PARAMETRIC_REPRESENTATION_CONTEXT() REPRESENTATION_CONTEXT('2D SPACE',''
  ) );
#7819 = ORIENTED_EDGE('',*,*,#5988,.T.);
#7820 = ORIENTED_EDGE('',*,*,#7800,.F.);
#7821 = ORIENTED_EDGE('',*,*,#3454,.F.);
#7822 = ADVANCED_FACE('',(#7823),#3530,.F.);
#7823 = FACE_BOUND('',#7824,.F.);
#7824 = EDGE_LOOP('',(#7825,#7845,#7846,#7847));
#7825 = ORIENTED_EDGE('',*,*,#7826,.T.);
#7826 = EDGE_CURVE('',#3507,#6026,#7827,.T.);
#7827 = SEAM_CURVE('',#7828,(#7831,#7838),.PCURVE_S1.);
#7828 = B_SPLINE_CURVE_WITH_KNOTS('',1,(#7829,#7830),.UNSPECIFIED.,.F.,
  .F.,(2,2),(8.1E-02,1.121),.PIECEWISE_BEZIER_KNOTS.);
#7829 = CARTESIAN_POINT('',(52.8,61.063962,0.));
#7830 = CARTESIAN_POINT('',(52.8,61.063962,1.2));
#7831 = PCURVE('',#3530,#7832);
#7832 = DEFINITIONAL_REPRESENTATION('',(#7833),#7837);
#7833 = B_SPLINE_CURVE_WITH_KNOTS('',2,(#7834,#7835,#7836),
  .UNSPECIFIED.,.F.,.F.,(3,3),(8.1E-02,1.121),.PIECEWISE_BEZIER_KNOTS.);
#7834 = CARTESIAN_POINT('',(0.,-8.1E-02));
#7835 = CARTESIAN_POINT('',(0.,-0.601));
#7836 = CARTESIAN_POINT('',(0.,-1.121));
#7837 = ( GEOMETRIC_REPRESENTATION_CONTEXT(2) 
PARAMETRIC_REPRESENTATION_CONTEXT() REPRESENTATION_CONTEXT('2D SPACE',''
  ) );
#7838 = PCURVE('',#3530,#7839);
#7839 = DEFINITIONAL_REPRESENTATION('',(#7840),#7844);
#7840 = B_SPLINE_CURVE_WITH_KNOTS('',2,(#7841,#7842,#7843),
  .UNSPECIFIED.,.F.,.F.,(3,3),(8.1E-02,1.121),.PIECEWISE_BEZIER_KNOTS.);
#7841 = CARTESIAN_POINT('',(6.28318530718,-8.1E-02));
#7842 = CARTESIAN_POINT('',(6.28318530718,-0.601));
#7843 = CARTESIAN_POINT('',(6.28318530718,-1.121));
#7844 = ( GEOMETRIC_REPRESENTATION_CONTEXT(2) 
PARAMETRIC_REPRESENTATION_CONTEXT() REPRESENTATION_CONTEXT('2D SPACE',''
  ) );
#7845 = ORIENTED_EDGE('',*,*,#6025,.T.);
#7846 = ORIENTED_EDGE('',*,*,#7826,.F.);
#7847 = ORIENTED_EDGE('',*,*,#3506,.F.);
#7848 = ADVANCED_FACE('',(#7849),#3582,.F.);
#7849 = FACE_BOUND('',#7850,.F.);
#7850 = EDGE_LOOP('',(#7851,#7871,#7872,#7873));
#7851 = ORIENTED_EDGE('',*,*,#7852,.T.);
#7852 = EDGE_CURVE('',#3559,#6063,#7853,.T.);
#7853 = SEAM_CURVE('',#7854,(#7857,#7864),.PCURVE_S1.);
#7854 = B_SPLINE_CURVE_WITH_KNOTS('',1,(#7855,#7856),.UNSPECIFIED.,.F.,
  .F.,(2,2),(8.1E-02,1.121),.PIECEWISE_BEZIER_KNOTS.);
#7855 = CARTESIAN_POINT('',(52.8,63.563962,0.));
#7856 = CARTESIAN_POINT('',(52.8,63.563962,1.2));
#7857 = PCURVE('',#3582,#7858);
#7858 = DEFINITIONAL_REPRESENTATION('',(#7859),#7863);
#7859 = B_SPLINE_CURVE_WITH_KNOTS('',2,(#7860,#7861,#7862),
  .UNSPECIFIED.,.F.,.F.,(3,3),(8.1E-02,1.121),.PIECEWISE_BEZIER_KNOTS.);
#7860 = CARTESIAN_POINT('',(0.,-8.1E-02));
#7861 = CARTESIAN_POINT('',(0.,-0.601));
#7862 = CARTESIAN_POINT('',(0.,-1.121));
#7863 = ( GEOMETRIC_REPRESENTATION_CONTEXT(2) 
PARAMETRIC_REPRESENTATION_CONTEXT() REPRESENTATION_CONTEXT('2D SPACE',''
  ) );
#7864 = PCURVE('',#3582,#7865);
#7865 = DEFINITIONAL_REPRESENTATION('',(#7866),#7870);
#7866 = B_SPLINE_CURVE_WITH_KNOTS('',2,(#7867,#7868,#7869),
  .UNSPECIFIED.,.F.,.F.,(3,3),(8.1E-02,1.121),.PIECEWISE_BEZIER_KNOTS.);
#7867 = CARTESIAN_POINT('',(6.28318530718,-8.1E-02));
#7868 = CARTESIAN_POINT('',(6.28318530718,-0.601));
#7869 = CARTESIAN_POINT('',(6.28318530718,-1.121));
#7870 = ( GEOMETRIC_REPRESENTATION_CONTEXT(2) 
PARAMETRIC_REPRESENTATION_CONTEXT() REPRESENTATION_CONTEXT('2D SPACE',''
  ) );
#7871 = ORIENTED_EDGE('',*,*,#6062,.T.);
#7872 = ORIENTED_EDGE('',*,*,#7852,.F.);
#7873 = ORIENTED_EDGE('',*,*,#3558,.F.);
#7874 = ADVANCED_FACE('',(#7875),#3634,.F.);
#7875 = FACE_BOUND('',#7876,.F.);
#7876 = EDGE_LOOP('',(#7877,#7897,#7898,#7899));
#7877 = ORIENTED_EDGE('',*,*,#7878,.T.);
#7878 = EDGE_CURVE('',#3611,#6100,#7879,.T.);
#7879 = SEAM_CURVE('',#7880,(#7883,#7890),.PCURVE_S1.);
#7880 = B_SPLINE_CURVE_WITH_KNOTS('',1,(#7881,#7882),.UNSPECIFIED.,.F.,
  .F.,(2,2),(8.1E-02,1.121),.PIECEWISE_BEZIER_KNOTS.);
#7881 = CARTESIAN_POINT('',(36.98,76.393962,0.));
#7882 = CARTESIAN_POINT('',(36.98,76.393962,1.2));
#7883 = PCURVE('',#3634,#7884);
#7884 = DEFINITIONAL_REPRESENTATION('',(#7885),#7889);
#7885 = B_SPLINE_CURVE_WITH_KNOTS('',2,(#7886,#7887,#7888),
  .UNSPECIFIED.,.F.,.F.,(3,3),(8.1E-02,1.121),.PIECEWISE_BEZIER_KNOTS.);
#7886 = CARTESIAN_POINT('',(0.,-8.1E-02));
#7887 = CARTESIAN_POINT('',(0.,-0.601));
#7888 = CARTESIAN_POINT('',(0.,-1.121));
#7889 = ( GEOMETRIC_REPRESENTATION_CONTEXT(2) 
PARAMETRIC_REPRESENTATION_CONTEXT() REPRESENTATION_CONTEXT('2D SPACE',''
  ) );
#7890 = PCURVE('',#3634,#7891);
#7891 = DEFINITIONAL_REPRESENTATION('',(#7892),#7896);
#7892 = B_SPLINE_CURVE_WITH_KNOTS('',2,(#7893,#7894,#7895),
  .UNSPECIFIED.,.F.,.F.,(3,3),(8.1E-02,1.121),.PIECEWISE_BEZIER_KNOTS.);
#7893 = CARTESIAN_POINT('',(6.28318530718,-8.1E-02));
#7894 = CARTESIAN_POINT('',(6.28318530718,-0.601));
#7895 = CARTESIAN_POINT('',(6.28318530718,-1.121));
#7896 = ( GEOMETRIC_REPRESENTATION_CONTEXT(2) 
PARAMETRIC_REPRESENTATION_CONTEXT() REPRESENTATION_CONTEXT('2D SPACE',''
  ) );
#7897 = ORIENTED_EDGE('',*,*,#6099,.T.);
#7898 = ORIENTED_EDGE('',*,*,#7878,.F.);
#7899 = ORIENTED_EDGE('',*,*,#3610,.F.);
#7900 = ADVANCED_FACE('',(#7901),#3686,.F.);
#7901 = FACE_BOUND('',#7902,.F.);
#7902 = EDGE_LOOP('',(#7903,#7923,#7924,#7925));
#7903 = ORIENTED_EDGE('',*,*,#7904,.T.);
#7904 = EDGE_CURVE('',#3663,#6137,#7905,.T.);
#7905 = SEAM_CURVE('',#7906,(#7909,#7916),.PCURVE_S1.);
#7906 = B_SPLINE_CURVE_WITH_KNOTS('',1,(#7907,#7908),.UNSPECIFIED.,.F.,
  .F.,(2,2),(8.1E-02,1.121),.PIECEWISE_BEZIER_KNOTS.);
#7907 = CARTESIAN_POINT('',(40.98,76.393962,0.));
#7908 = CARTESIAN_POINT('',(40.98,76.393962,1.2));
#7909 = PCURVE('',#3686,#7910);
#7910 = DEFINITIONAL_REPRESENTATION('',(#7911),#7915);
#7911 = B_SPLINE_CURVE_WITH_KNOTS('',2,(#7912,#7913,#7914),
  .UNSPECIFIED.,.F.,.F.,(3,3),(8.1E-02,1.121),.PIECEWISE_BEZIER_KNOTS.);
#7912 = CARTESIAN_POINT('',(0.,-8.1E-02));
#7913 = CARTESIAN_POINT('',(0.,-0.601));
#7914 = CARTESIAN_POINT('',(0.,-1.121));
#7915 = ( GEOMETRIC_REPRESENTATION_CONTEXT(2) 
PARAMETRIC_REPRESENTATION_CONTEXT() REPRESENTATION_CONTEXT('2D SPACE',''
  ) );
#7916 = PCURVE('',#3686,#7917);
#7917 = DEFINITIONAL_REPRESENTATION('',(#7918),#7922);
#7918 = B_SPLINE_CURVE_WITH_KNOTS('',2,(#7919,#7920,#7921),
  .UNSPECIFIED.,.F.,.F.,(3,3),(8.1E-02,1.121),.PIECEWISE_BEZIER_KNOTS.);
#7919 = CARTESIAN_POINT('',(6.28318530718,-8.1E-02));
#7920 = CARTESIAN_POINT('',(6.28318530718,-0.601));
#7921 = CARTESIAN_POINT('',(6.28318530718,-1.121));
#7922 = ( GEOMETRIC_REPRESENTATION_CONTEXT(2) 
PARAMETRIC_REPRESENTATION_CONTEXT() REPRESENTATION_CONTEXT('2D SPACE',''
  ) );
#7923 = ORIENTED_EDGE('',*,*,#6136,.T.);
#7924 = ORIENTED_EDGE('',*,*,#7904,.F.);
#7925 = ORIENTED_EDGE('',*,*,#3662,.F.);
#7926 = ADVANCED_FACE('',(#7927),#3738,.F.);
#7927 = FACE_BOUND('',#7928,.F.);
#7928 = EDGE_LOOP('',(#7929,#7949,#7950,#7951));
#7929 = ORIENTED_EDGE('',*,*,#7930,.T.);
#7930 = EDGE_CURVE('',#3715,#6174,#7931,.T.);
#7931 = SEAM_CURVE('',#7932,(#7935,#7942),.PCURVE_S1.);
#7932 = B_SPLINE_CURVE_WITH_KNOTS('',1,(#7933,#7934),.UNSPECIFIED.,.F.,
  .F.,(2,2),(8.1E-02,1.121),.PIECEWISE_BEZIER_KNOTS.);
#7933 = CARTESIAN_POINT('',(60.,90.013962,0.));
#7934 = CARTESIAN_POINT('',(60.,90.013962,1.2));
#7935 = PCURVE('',#3738,#7936);
#7936 = DEFINITIONAL_REPRESENTATION('',(#7937),#7941);
#7937 = B_SPLINE_CURVE_WITH_KNOTS('',2,(#7938,#7939,#7940),
  .UNSPECIFIED.,.F.,.F.,(3,3),(8.1E-02,1.121),.PIECEWISE_BEZIER_KNOTS.);
#7938 = CARTESIAN_POINT('',(0.,-8.1E-02));
#7939 = CARTESIAN_POINT('',(0.,-0.601));
#7940 = CARTESIAN_POINT('',(0.,-1.121));
#7941 = ( GEOMETRIC_REPRESENTATION_CONTEXT(2) 
PARAMETRIC_REPRESENTATION_CONTEXT() REPRESENTATION_CONTEXT('2D SPACE',''
  ) );
#7942 = PCURVE('',#3738,#7943);
#7943 = DEFINITIONAL_REPRESENTATION('',(#7944),#7948);
#7944 = B_SPLINE_CURVE_WITH_KNOTS('',2,(#7945,#7946,#7947),
  .UNSPECIFIED.,.F.,.F.,(3,3),(8.1E-02,1.121),.PIECEWISE_BEZIER_KNOTS.);
#7945 = CARTESIAN_POINT('',(6.28318530718,-8.1E-02));
#7946 = CARTESIAN_POINT('',(6.28318530718,-0.601));
#7947 = CARTESIAN_POINT('',(6.28318530718,-1.121));
#7948 = ( GEOMETRIC_REPRESENTATION_CONTEXT(2) 
PARAMETRIC_REPRESENTATION_CONTEXT() REPRESENTATION_CONTEXT('2D SPACE',''
  ) );
#7949 = ORIENTED_EDGE('',*,*,#6173,.T.);
#7950 = ORIENTED_EDGE('',*,*,#7930,.F.);
#7951 = ORIENTED_EDGE('',*,*,#3714,.F.);
#7952 = ( GEOMETRIC_REPRESENTATION_CONTEXT(3) 
GLOBAL_UNCERTAINTY_ASSIGNED_CONTEXT((#7956)) 
GLOBAL_UNIT_ASSIGNED_CONTEXT((#7953,#7954,#7955)) REPRESENTATION_CONTEXT
('Context #1','3D Context with UNIT and UNCERTAINTY') );
#7953 = ( LENGTH_UNIT() NAMED_UNIT(*) SI_UNIT(.MILLI.,.METRE.) );
#7954 = ( NAMED_UNIT(*) PLANE_ANGLE_UNIT() SI_UNIT($,.RADIAN.) );
#7955 = ( NAMED_UNIT(*) SI_UNIT($,.STERADIAN.) SOLID_ANGLE_UNIT() );
#7956 = UNCERTAINTY_MEASURE_WITH_UNIT(LENGTH_MEASURE(1.E-07),#7953,
  'distance_accuracy_value','confusion accuracy');
#7957 = CONTEXT_DEPENDENT_SHAPE_REPRESENTATION(#7958,#7960);
#7958 = ( REPRESENTATION_RELATIONSHIP('','',#96,#10) 
REPRESENTATION_RELATIONSHIP_WITH_TRANSFORMATION(#7959) 
SHAPE_REPRESENTATION_RELATIONSHIP() );
#7959 = ITEM_DEFINED_TRANSFORMATION('','',#11,#15);
#7960 = PRODUCT_DEFINITION_SHAPE('Placement','Placement of an item',
  #7961);
#7961 = NEXT_ASSEMBLY_USAGE_OCCURRENCE('1','','',#5,#91,$);
#7962 = PRODUCT_RELATED_PRODUCT_CATEGORY('part',$,(#93));
#7963 = SHAPE_DEFINITION_REPRESENTATION(#7964,#7970);
#7964 = PRODUCT_DEFINITION_SHAPE('','',#7965);
#7965 = PRODUCT_DEFINITION('design','',#7966,#7969);
#7966 = PRODUCT_DEFINITION_FORMATION('','',#7967);
#7967 = PRODUCT('Open CASCADE STEP translator 8.0 2.2',
  'Open CASCADE STEP translator 8.0 2.2','',(#7968));
#7968 = PRODUCT_CONTEXT('',#2,'mechanical');
#7969 = PRODUCT_DEFINITION_CONTEXT('part definition',#2,'design');
#7970 = ADVANCED_BREP_SHAPE_REPRESENTATION('',(#11,#7971),#8301);
#7971 = MANIFOLD_SOLID_BREP('',#7972);
#7972 = CLOSED_SHELL('',(#7973,#8093,#8193,#8240,#8287,#8294));
#7973 = ADVANCED_FACE('',(#7974),#7988,.F.);
#7974 = FACE_BOUND('',#7975,.F.);
#7975 = EDGE_LOOP('',(#7976,#8011,#8039,#8067));
#7976 = ORIENTED_EDGE('',*,*,#7977,.F.);
#7977 = EDGE_CURVE('',#7978,#7980,#7982,.T.);
#7978 = VERTEX_POINT('',#7979);
#7979 = CARTESIAN_POINT('',(36.4,39.013962,1.2));
#7980 = VERTEX_POINT('',#7981);
#7981 = CARTESIAN_POINT('',(36.4,39.013962,6.2));
#7982 = SURFACE_CURVE('',#7983,(#7987,#7999),.PCURVE_S1.);
#7983 = LINE('',#7984,#7985);
#7984 = CARTESIAN_POINT('',(36.4,39.013962,1.2));
#7985 = VECTOR('',#7986,1.);
#7986 = DIRECTION('',(0.,0.,1.));
#7987 = PCURVE('',#7988,#7993);
#7988 = PLANE('',#7989);
#7989 = AXIS2_PLACEMENT_3D('',#7990,#7991,#7992);
#7990 = CARTESIAN_POINT('',(36.4,39.013962,1.2));
#7991 = DIRECTION('',(1.,0.,0.));
#7992 = DIRECTION('',(0.,0.,1.));
#7993 = DEFINITIONAL_REPRESENTATION('',(#7994),#7998);
#7994 = LINE('',#7995,#7996);
#7995 = CARTESIAN_POINT('',(0.,0.));
#7996 = VECTOR('',#7997,1.);
#7997 = DIRECTION('',(1.,0.));
#7998 = ( GEOMETRIC_REPRESENTATION_CONTEXT(2) 
PARAMETRIC_REPRESENTATION_CONTEXT() REPRESENTATION_CONTEXT('2D SPACE',''
  ) );
#7999 = PCURVE('',#8000,#8005);
#8000 = PLANE('',#8001);
#8001 = AXIS2_PLACEMENT_3D('',#8002,#8003,#8004);
#8002 = CARTESIAN_POINT('',(36.4,39.013962,1.2));
#8003 = DIRECTION('',(0.,1.,0.));
#8004 = DIRECTION('',(0.,0.,1.));
#8005 = DEFINITIONAL_REPRESENTATION('',(#8006),#8010);
#8006 = LINE('',#8007,#8008);
#8007 = CARTESIAN_POINT('',(0.,0.));
#8008 = VECTOR('',#8009,1.);
#8009 = DIRECTION('',(1.,0.));
#8010 = ( GEOMETRIC_REPRESENTATION_CONTEXT(2) 
PARAMETRIC_REPRESENTATION_CONTEXT() REPRESENTATION_CONTEXT('2D SPACE',''
  ) );
#8011 = ORIENTED_EDGE('',*,*,#8012,.T.);
#8012 = EDGE_CURVE('',#7978,#8013,#8015,.T.);
#8013 = VERTEX_POINT('',#8014);
#8014 = CARTESIAN_POINT('',(36.4,45.013962,1.2));
#8015 = SURFACE_CURVE('',#8016,(#8020,#8027),.PCURVE_S1.);
#8016 = LINE('',#8017,#8018);
#8017 = CARTESIAN_POINT('',(36.4,39.013962,1.2));
#8018 = VECTOR('',#8019,1.);
#8019 = DIRECTION('',(0.,1.,0.));
#8020 = PCURVE('',#7988,#8021);
#8021 = DEFINITIONAL_REPRESENTATION('',(#8022),#8026);
#8022 = LINE('',#8023,#8024);
#8023 = CARTESIAN_POINT('',(0.,0.));
#8024 = VECTOR('',#8025,1.);
#8025 = DIRECTION('',(0.,-1.));
#8026 = ( GEOMETRIC_REPRESENTATION_CONTEXT(2) 
PARAMETRIC_REPRESENTATION_CONTEXT() REPRESENTATION_CONTEXT('2D SPACE',''
  ) );
#8027 = PCURVE('',#8028,#8033);
#8028 = PLANE('',#8029);
#8029 = AXIS2_PLACEMENT_3D('',#8030,#8031,#8032);
#8030 = CARTESIAN_POINT('',(36.4,39.013962,1.2));
#8031 = DIRECTION('',(0.,0.,1.));
#8032 = DIRECTION('',(1.,0.,0.));
#8033 = DEFINITIONAL_REPRESENTATION('',(#8034),#8038);
#8034 = LINE('',#8035,#8036);
#8035 = CARTESIAN_POINT('',(0.,0.));
#8036 = VECTOR('',#8037,1.);
#8037 = DIRECTION('',(0.,1.));
#8038 = ( GEOMETRIC_REPRESENTATION_CONTEXT(2) 
PARAMETRIC_REPRESENTATION_CONTEXT() REPRESENTATION_CONTEXT('2D SPACE',''
  ) );
#8039 = ORIENTED_EDGE('',*,*,#8040,.T.);
#8040 = EDGE_CURVE('',#8013,#8041,#8043,.T.);
#8041 = VERTEX_POINT('',#8042);
#8042 = CARTESIAN_POINT('',(36.4,45.013962,6.2));
#8043 = SURFACE_CURVE('',#8044,(#8048,#8055),.PCURVE_S1.);
#8044 = LINE('',#8045,#8046);
#8045 = CARTESIAN_POINT('',(36.4,45.013962,1.2));
#8046 = VECTOR('',#8047,1.);
#8047 = DIRECTION('',(0.,0.,1.));
#8048 = PCURVE('',#7988,#8049);
#8049 = DEFINITIONAL_REPRESENTATION('',(#8050),#8054);
#8050 = LINE('',#8051,#8052);
#8051 = CARTESIAN_POINT('',(0.,-6.));
#8052 = VECTOR('',#8053,1.);
#8053 = DIRECTION('',(1.,0.));
#8054 = ( GEOMETRIC_REPRESENTATION_CONTEXT(2) 
PARAMETRIC_REPRESENTATION_CONTEXT() REPRESENTATION_CONTEXT('2D SPACE',''
  ) );
#8055 = PCURVE('',#8056,#8061);
#8056 = PLANE('',#8057);
#8057 = AXIS2_PLACEMENT_3D('',#8058,#8059,#8060);
#8058 = CARTESIAN_POINT('',(36.4,45.013962,1.2));
#8059 = DIRECTION('',(0.,1.,0.));
#8060 = DIRECTION('',(0.,0.,1.));
#8061 = DEFINITIONAL_REPRESENTATION('',(#8062),#8066);
#8062 = LINE('',#8063,#8064);
#8063 = CARTESIAN_POINT('',(0.,0.));
#8064 = VECTOR('',#8065,1.);
#8065 = DIRECTION('',(1.,0.));
#8066 = ( GEOMETRIC_REPRESENTATION_CONTEXT(2) 
PARAMETRIC_REPRESENTATION_CONTEXT() REPRESENTATION_CONTEXT('2D SPACE',''
  ) );
#8067 = ORIENTED_EDGE('',*,*,#8068,.F.);
#8068 = EDGE_CURVE('',#7980,#8041,#8069,.T.);
#8069 = SURFACE_CURVE('',#8070,(#8074,#8081),.PCURVE_S1.);
#8070 = LINE('',#8071,#8072);
#8071 = CARTESIAN_POINT('',(36.4,39.013962,6.2));
#8072 = VECTOR('',#8073,1.);
#8073 = DIRECTION('',(0.,1.,0.));
#8074 = PCURVE('',#7988,#8075);
#8075 = DEFINITIONAL_REPRESENTATION('',(#8076),#8080);
#8076 = LINE('',#8077,#8078);
#8077 = CARTESIAN_POINT('',(5.,0.));
#8078 = VECTOR('',#8079,1.);
#8079 = DIRECTION('',(0.,-1.));
#8080 = ( GEOMETRIC_REPRESENTATION_CONTEXT(2) 
PARAMETRIC_REPRESENTATION_CONTEXT() REPRESENTATION_CONTEXT('2D SPACE',''
  ) );
#8081 = PCURVE('',#8082,#8087);
#8082 = PLANE('',#8083);
#8083 = AXIS2_PLACEMENT_3D('',#8084,#8085,#8086);
#8084 = CARTESIAN_POINT('',(36.4,39.013962,6.2));
#8085 = DIRECTION('',(0.,0.,1.));
#8086 = DIRECTION('',(1.,0.,0.));
#8087 = DEFINITIONAL_REPRESENTATION('',(#8088),#8092);
#8088 = LINE('',#8089,#8090);
#8089 = CARTESIAN_POINT('',(0.,0.));
#8090 = VECTOR('',#8091,1.);
#8091 = DIRECTION('',(0.,1.));
#8092 = ( GEOMETRIC_REPRESENTATION_CONTEXT(2) 
PARAMETRIC_REPRESENTATION_CONTEXT() REPRESENTATION_CONTEXT('2D SPACE',''
  ) );
#8093 = ADVANCED_FACE('',(#8094),#8108,.T.);
#8094 = FACE_BOUND('',#8095,.T.);
#8095 = EDGE_LOOP('',(#8096,#8126,#8149,#8172));
#8096 = ORIENTED_EDGE('',*,*,#8097,.F.);
#8097 = EDGE_CURVE('',#8098,#8100,#8102,.T.);
#8098 = VERTEX_POINT('',#8099);
#8099 = CARTESIAN_POINT('',(56.4,39.013962,1.2));
#8100 = VERTEX_POINT('',#8101);
#8101 = CARTESIAN_POINT('',(56.4,39.013962,6.2));
#8102 = SURFACE_CURVE('',#8103,(#8107,#8119),.PCURVE_S1.);
#8103 = LINE('',#8104,#8105);
#8104 = CARTESIAN_POINT('',(56.4,39.013962,1.2));
#8105 = VECTOR('',#8106,1.);
#8106 = DIRECTION('',(0.,0.,1.));
#8107 = PCURVE('',#8108,#8113);
#8108 = PLANE('',#8109);
#8109 = AXIS2_PLACEMENT_3D('',#8110,#8111,#8112);
#8110 = CARTESIAN_POINT('',(56.4,39.013962,1.2));
#8111 = DIRECTION('',(1.,0.,0.));
#8112 = DIRECTION('',(0.,0.,1.));
#8113 = DEFINITIONAL_REPRESENTATION('',(#8114),#8118);
#8114 = LINE('',#8115,#8116);
#8115 = CARTESIAN_POINT('',(0.,0.));
#8116 = VECTOR('',#8117,1.);
#8117 = DIRECTION('',(1.,0.));
#8118 = ( GEOMETRIC_REPRESENTATION_CONTEXT(2) 
PARAMETRIC_REPRESENTATION_CONTEXT() REPRESENTATION_CONTEXT('2D SPACE',''
  ) );
#8119 = PCURVE('',#8000,#8120);
#8120 = DEFINITIONAL_REPRESENTATION('',(#8121),#8125);
#8121 = LINE('',#8122,#8123);
#8122 = CARTESIAN_POINT('',(0.,20.));
#8123 = VECTOR('',#8124,1.);
#8124 = DIRECTION('',(1.,0.));
#8125 = ( GEOMETRIC_REPRESENTATION_CONTEXT(2) 
PARAMETRIC_REPRESENTATION_CONTEXT() REPRESENTATION_CONTEXT('2D SPACE',''
  ) );
#8126 = ORIENTED_EDGE('',*,*,#8127,.T.);
#8127 = EDGE_CURVE('',#8098,#8128,#8130,.T.);
#8128 = VERTEX_POINT('',#8129);
#8129 = CARTESIAN_POINT('',(56.4,45.013962,1.2));
#8130 = SURFACE_CURVE('',#8131,(#8135,#8142),.PCURVE_S1.);
#8131 = LINE('',#8132,#8133);
#8132 = CARTESIAN_POINT('',(56.4,39.013962,1.2));
#8133 = VECTOR('',#8134,1.);
#8134 = DIRECTION('',(0.,1.,0.));
#8135 = PCURVE('',#8108,#8136);
#8136 = DEFINITIONAL_REPRESENTATION('',(#8137),#8141);
#8137 = LINE('',#8138,#8139);
#8138 = CARTESIAN_POINT('',(0.,0.));
#8139 = VECTOR('',#8140,1.);
#8140 = DIRECTION('',(0.,-1.));
#8141 = ( GEOMETRIC_REPRESENTATION_CONTEXT(2) 
PARAMETRIC_REPRESENTATION_CONTEXT() REPRESENTATION_CONTEXT('2D SPACE',''
  ) );
#8142 = PCURVE('',#8028,#8143);
#8143 = DEFINITIONAL_REPRESENTATION('',(#8144),#8148);
#8144 = LINE('',#8145,#8146);
#8145 = CARTESIAN_POINT('',(20.,0.));
#8146 = VECTOR('',#8147,1.);
#8147 = DIRECTION('',(0.,1.));
#8148 = ( GEOMETRIC_REPRESENTATION_CONTEXT(2) 
PARAMETRIC_REPRESENTATION_CONTEXT() REPRESENTATION_CONTEXT('2D SPACE',''
  ) );
#8149 = ORIENTED_EDGE('',*,*,#8150,.T.);
#8150 = EDGE_CURVE('',#8128,#8151,#8153,.T.);
#8151 = VERTEX_POINT('',#8152);
#8152 = CARTESIAN_POINT('',(56.4,45.013962,6.2));
#8153 = SURFACE_CURVE('',#8154,(#8158,#8165),.PCURVE_S1.);
#8154 = LINE('',#8155,#8156);
#8155 = CARTESIAN_POINT('',(56.4,45.013962,1.2));
#8156 = VECTOR('',#8157,1.);
#8157 = DIRECTION('',(0.,0.,1.));
#8158 = PCURVE('',#8108,#8159);
#8159 = DEFINITIONAL_REPRESENTATION('',(#8160),#8164);
#8160 = LINE('',#8161,#8162);
#8161 = CARTESIAN_POINT('',(0.,-6.));
#8162 = VECTOR('',#8163,1.);
#8163 = DIRECTION('',(1.,0.));
#8164 = ( GEOMETRIC_REPRESENTATION_CONTEXT(2) 
PARAMETRIC_REPRESENTATION_CONTEXT() REPRESENTATION_CONTEXT('2D SPACE',''
  ) );
#8165 = PCURVE('',#8056,#8166);
#8166 = DEFINITIONAL_REPRESENTATION('',(#8167),#8171);
#8167 = LINE('',#8168,#8169);
#8168 = CARTESIAN_POINT('',(0.,20.));
#8169 = VECTOR('',#8170,1.);
#8170 = DIRECTION('',(1.,0.));
#8171 = ( GEOMETRIC_REPRESENTATION_CONTEXT(2) 
PARAMETRIC_REPRESENTATION_CONTEXT() REPRESENTATION_CONTEXT('2D SPACE',''
  ) );
#8172 = ORIENTED_EDGE('',*,*,#8173,.F.);
#8173 = EDGE_CURVE('',#8100,#8151,#8174,.T.);
#8174 = SURFACE_CURVE('',#8175,(#8179,#8186),.PCURVE_S1.);
#8175 = LINE('',#8176,#8177);
#8176 = CARTESIAN_POINT('',(56.4,39.013962,6.2));
#8177 = VECTOR('',#8178,1.);
#8178 = DIRECTION('',(0.,1.,0.));
#8179 = PCURVE('',#8108,#8180);
#8180 = DEFINITIONAL_REPRESENTATION('',(#8181),#8185);
#8181 = LINE('',#8182,#8183);
#8182 = CARTESIAN_POINT('',(5.,0.));
#8183 = VECTOR('',#8184,1.);
#8184 = DIRECTION('',(0.,-1.));
#8185 = ( GEOMETRIC_REPRESENTATION_CONTEXT(2) 
PARAMETRIC_REPRESENTATION_CONTEXT() REPRESENTATION_CONTEXT('2D SPACE',''
  ) );
#8186 = PCURVE('',#8082,#8187);
#8187 = DEFINITIONAL_REPRESENTATION('',(#8188),#8192);
#8188 = LINE('',#8189,#8190);
#8189 = CARTESIAN_POINT('',(20.,0.));
#8190 = VECTOR('',#8191,1.);
#8191 = DIRECTION('',(0.,1.));
#8192 = ( GEOMETRIC_REPRESENTATION_CONTEXT(2) 
PARAMETRIC_REPRESENTATION_CONTEXT() REPRESENTATION_CONTEXT('2D SPACE',''
  ) );
#8193 = ADVANCED_FACE('',(#8194),#8000,.F.);
#8194 = FACE_BOUND('',#8195,.F.);
#8195 = EDGE_LOOP('',(#8196,#8217,#8218,#8239));
#8196 = ORIENTED_EDGE('',*,*,#8197,.F.);
#8197 = EDGE_CURVE('',#7978,#8098,#8198,.T.);
#8198 = SURFACE_CURVE('',#8199,(#8203,#8210),.PCURVE_S1.);
#8199 = LINE('',#8200,#8201);
#8200 = CARTESIAN_POINT('',(36.4,39.013962,1.2));
#8201 = VECTOR('',#8202,1.);
#8202 = DIRECTION('',(1.,0.,0.));
#8203 = PCURVE('',#8000,#8204);
#8204 = DEFINITIONAL_REPRESENTATION('',(#8205),#8209);
#8205 = LINE('',#8206,#8207);
#8206 = CARTESIAN_POINT('',(0.,0.));
#8207 = VECTOR('',#8208,1.);
#8208 = DIRECTION('',(0.,1.));
#8209 = ( GEOMETRIC_REPRESENTATION_CONTEXT(2) 
PARAMETRIC_REPRESENTATION_CONTEXT() REPRESENTATION_CONTEXT('2D SPACE',''
  ) );
#8210 = PCURVE('',#8028,#8211);
#8211 = DEFINITIONAL_REPRESENTATION('',(#8212),#8216);
#8212 = LINE('',#8213,#8214);
#8213 = CARTESIAN_POINT('',(0.,0.));
#8214 = VECTOR('',#8215,1.);
#8215 = DIRECTION('',(1.,0.));
#8216 = ( GEOMETRIC_REPRESENTATION_CONTEXT(2) 
PARAMETRIC_REPRESENTATION_CONTEXT() REPRESENTATION_CONTEXT('2D SPACE',''
  ) );
#8217 = ORIENTED_EDGE('',*,*,#7977,.T.);
#8218 = ORIENTED_EDGE('',*,*,#8219,.T.);
#8219 = EDGE_CURVE('',#7980,#8100,#8220,.T.);
#8220 = SURFACE_CURVE('',#8221,(#8225,#8232),.PCURVE_S1.);
#8221 = LINE('',#8222,#8223);
#8222 = CARTESIAN_POINT('',(36.4,39.013962,6.2));
#8223 = VECTOR('',#8224,1.);
#8224 = DIRECTION('',(1.,0.,0.));
#8225 = PCURVE('',#8000,#8226);
#8226 = DEFINITIONAL_REPRESENTATION('',(#8227),#8231);
#8227 = LINE('',#8228,#8229);
#8228 = CARTESIAN_POINT('',(5.,0.));
#8229 = VECTOR('',#8230,1.);
#8230 = DIRECTION('',(0.,1.));
#8231 = ( GEOMETRIC_REPRESENTATION_CONTEXT(2) 
PARAMETRIC_REPRESENTATION_CONTEXT() REPRESENTATION_CONTEXT('2D SPACE',''
  ) );
#8232 = PCURVE('',#8082,#8233);
#8233 = DEFINITIONAL_REPRESENTATION('',(#8234),#8238);
#8234 = LINE('',#8235,#8236);
#8235 = CARTESIAN_POINT('',(0.,0.));
#8236 = VECTOR('',#8237,1.);
#8237 = DIRECTION('',(1.,0.));
#8238 = ( GEOMETRIC_REPRESENTATION_CONTEXT(2) 
PARAMETRIC_REPRESENTATION_CONTEXT() REPRESENTATION_CONTEXT('2D SPACE',''
  ) );
#8239 = ORIENTED_EDGE('',*,*,#8097,.F.);
#8240 = ADVANCED_FACE('',(#8241),#8056,.T.);
#8241 = FACE_BOUND('',#8242,.T.);
#8242 = EDGE_LOOP('',(#8243,#8264,#8265,#8286));
#8243 = ORIENTED_EDGE('',*,*,#8244,.F.);
#8244 = EDGE_CURVE('',#8013,#8128,#8245,.T.);
#8245 = SURFACE_CURVE('',#8246,(#8250,#8257),.PCURVE_S1.);
#8246 = LINE('',#8247,#8248);
#8247 = CARTESIAN_POINT('',(36.4,45.013962,1.2));
#8248 = VECTOR('',#8249,1.);
#8249 = DIRECTION('',(1.,0.,0.));
#8250 = PCURVE('',#8056,#8251);
#8251 = DEFINITIONAL_REPRESENTATION('',(#8252),#8256);
#8252 = LINE('',#8253,#8254);
#8253 = CARTESIAN_POINT('',(0.,0.));
#8254 = VECTOR('',#8255,1.);
#8255 = DIRECTION('',(0.,1.));
#8256 = ( GEOMETRIC_REPRESENTATION_CONTEXT(2) 
PARAMETRIC_REPRESENTATION_CONTEXT() REPRESENTATION_CONTEXT('2D SPACE',''
  ) );
#8257 = PCURVE('',#8028,#8258);
#8258 = DEFINITIONAL_REPRESENTATION('',(#8259),#8263);
#8259 = LINE('',#8260,#8261);
#8260 = CARTESIAN_POINT('',(0.,6.));
#8261 = VECTOR('',#8262,1.);
#8262 = DIRECTION('',(1.,0.));
#8263 = ( GEOMETRIC_REPRESENTATION_CONTEXT(2) 
PARAMETRIC_REPRESENTATION_CONTEXT() REPRESENTATION_CONTEXT('2D SPACE',''
  ) );
#8264 = ORIENTED_EDGE('',*,*,#8040,.T.);
#8265 = ORIENTED_EDGE('',*,*,#8266,.T.);
#8266 = EDGE_CURVE('',#8041,#8151,#8267,.T.);
#8267 = SURFACE_CURVE('',#8268,(#8272,#8279),.PCURVE_S1.);
#8268 = LINE('',#8269,#8270);
#8269 = CARTESIAN_POINT('',(36.4,45.013962,6.2));
#8270 = VECTOR('',#8271,1.);
#8271 = DIRECTION('',(1.,0.,0.));
#8272 = PCURVE('',#8056,#8273);
#8273 = DEFINITIONAL_REPRESENTATION('',(#8274),#8278);
#8274 = LINE('',#8275,#8276);
#8275 = CARTESIAN_POINT('',(5.,0.));
#8276 = VECTOR('',#8277,1.);
#8277 = DIRECTION('',(0.,1.));
#8278 = ( GEOMETRIC_REPRESENTATION_CONTEXT(2) 
PARAMETRIC_REPRESENTATION_CONTEXT() REPRESENTATION_CONTEXT('2D SPACE',''
  ) );
#8279 = PCURVE('',#8082,#8280);
#8280 = DEFINITIONAL_REPRESENTATION('',(#8281),#8285);
#8281 = LINE('',#8282,#8283);
#8282 = CARTESIAN_POINT('',(0.,6.));
#8283 = VECTOR('',#8284,1.);
#8284 = DIRECTION('',(1.,0.));
#8285 = ( GEOMETRIC_REPRESENTATION_CONTEXT(2) 
PARAMETRIC_REPRESENTATION_CONTEXT() REPRESENTATION_CONTEXT('2D SPACE',''
  ) );
#8286 = ORIENTED_EDGE('',*,*,#8150,.F.);
#8287 = ADVANCED_FACE('',(#8288),#8028,.F.);
#8288 = FACE_BOUND('',#8289,.F.);
#8289 = EDGE_LOOP('',(#8290,#8291,#8292,#8293));
#8290 = ORIENTED_EDGE('',*,*,#8012,.F.);
#8291 = ORIENTED_EDGE('',*,*,#8197,.T.);
#8292 = ORIENTED_EDGE('',*,*,#8127,.T.);
#8293 = ORIENTED_EDGE('',*,*,#8244,.F.);
#8294 = ADVANCED_FACE('',(#8295),#8082,.T.);
#8295 = FACE_BOUND('',#8296,.T.);
#8296 = EDGE_LOOP('',(#8297,#8298,#8299,#8300));
#8297 = ORIENTED_EDGE('',*,*,#8068,.F.);
#8298 = ORIENTED_EDGE('',*,*,#8219,.T.);
#8299 = ORIENTED_EDGE('',*,*,#8173,.T.);
#8300 = ORIENTED_EDGE('',*,*,#8266,.F.);
#8301 = ( GEOMETRIC_REPRESENTATION_CONTEXT(3) 
GLOBAL_UNCERTAINTY_ASSIGNED_CONTEXT((#8305)) 
GLOBAL_UNIT_ASSIGNED_CONTEXT((#8302,#8303,#8304)) REPRESENTATION_CONTEXT
('Context #1','3D Context with UNIT and UNCERTAINTY') );
#8302 = ( LENGTH_UNIT() NAMED_UNIT(*) SI_UNIT(.MILLI.,.METRE.) );
#8303 = ( NAMED_UNIT(*) PLANE_ANGLE_UNIT() SI_UNIT($,.RADIAN.) );
#8304 = ( NAMED_UNIT(*) SI_UNIT($,.STERADIAN.) SOLID_ANGLE_UNIT() );
#8305 = UNCERTAINTY_MEASURE_WITH_UNIT(LENGTH_MEASURE(1.E-07),#8302,
  'distance_accuracy_value','confusion accuracy');
#8306 = CONTEXT_DEPENDENT_SHAPE_REPRESENTATION(#8307,#8309);
#8307 = ( REPRESENTATION_RELATIONSHIP('','',#7970,#10) 
REPRESENTATION_RELATIONSHIP_WITH_TRANSFORMATION(#8308) 
SHAPE_REPRESENTATION_RELATIONSHIP() );
#8308 = ITEM_DEFINED_TRANSFORMATION('','',#11,#19);
#8309 = PRODUCT_DEFINITION_SHAPE('Placement','Placement of an item',
  #8310);
#8310 = NEXT_ASSEMBLY_USAGE_OCCURRENCE('2','','',#5,#7965,$);
#8311 = PRODUCT_RELATED_PRODUCT_CATEGORY('part',$,(#7967));
#8312 = SHAPE_DEFINITION_REPRESENTATION(#8313,#8319);
#8313 = PRODUCT_DEFINITION_SHAPE('','',#8314);
#8314 = PRODUCT_DEFINITION('design','',#8315,#8318);
#8315 = PRODUCT_DEFINITION_FORMATION('','',#8316);
#8316 = PRODUCT('Open CASCADE STEP translator 8.0 2.3',
  'Open CASCADE STEP translator 8.0 2.3','',(#8317));
#8317 = PRODUCT_CONTEXT('',#2,'mechanical');
#8318 = PRODUCT_DEFINITION_CONTEXT('part definition',#2,'design');
#8319 = ADVANCED_BREP_SHAPE_REPRESENTATION('',(#11,#8320),#8650);
#8320 = MANIFOLD_SOLID_BREP('',#8321);
#8321 = CLOSED_SHELL('',(#8322,#8442,#8542,#8589,#8636,#8643));
#8322 = ADVANCED_FACE('',(#8323),#8337,.F.);
#8323 = FACE_BOUND('',#8324,.F.);
#8324 = EDGE_LOOP('',(#8325,#8360,#8388,#8416));
#8325 = ORIENTED_EDGE('',*,*,#8326,.F.);
#8326 = EDGE_CURVE('',#8327,#8329,#8331,.T.);
#8327 = VERTEX_POINT('',#8328);
#8328 = CARTESIAN_POINT('',(36.9,39.513962,6.2));
#8329 = VERTEX_POINT('',#8330);
#8330 = CARTESIAN_POINT('',(36.9,39.513962,19.2));
#8331 = SURFACE_CURVE('',#8332,(#8336,#8348),.PCURVE_S1.);
#8332 = LINE('',#8333,#8334);
#8333 = CARTESIAN_POINT('',(36.9,39.513962,6.2));
#8334 = VECTOR('',#8335,1.);
#8335 = DIRECTION('',(0.,0.,1.));
#8336 = PCURVE('',#8337,#8342);
#8337 = PLANE('',#8338);
#8338 = AXIS2_PLACEMENT_3D('',#8339,#8340,#8341);
#8339 = CARTESIAN_POINT('',(36.9,39.513962,6.2));
#8340 = DIRECTION('',(1.,0.,-0.));
#8341 = DIRECTION('',(0.,0.,1.));
#8342 = DEFINITIONAL_REPRESENTATION('',(#8343),#8347);
#8343 = LINE('',#8344,#8345);
#8344 = CARTESIAN_POINT('',(0.,0.));
#8345 = VECTOR('',#8346,1.);
#8346 = DIRECTION('',(1.,0.));
#8347 = ( GEOMETRIC_REPRESENTATION_CONTEXT(2) 
PARAMETRIC_REPRESENTATION_CONTEXT() REPRESENTATION_CONTEXT('2D SPACE',''
  ) );
#8348 = PCURVE('',#8349,#8354);
#8349 = PLANE('',#8350);
#8350 = AXIS2_PLACEMENT_3D('',#8351,#8352,#8353);
#8351 = CARTESIAN_POINT('',(36.9,39.513962,6.2));
#8352 = DIRECTION('',(-0.,1.,0.));
#8353 = DIRECTION('',(0.,0.,1.));
#8354 = DEFINITIONAL_REPRESENTATION('',(#8355),#8359);
#8355 = LINE('',#8356,#8357);
#8356 = CARTESIAN_POINT('',(0.,0.));
#8357 = VECTOR('',#8358,1.);
#8358 = DIRECTION('',(1.,0.));
#8359 = ( GEOMETRIC_REPRESENTATION_CONTEXT(2) 
PARAMETRIC_REPRESENTATION_CONTEXT() REPRESENTATION_CONTEXT('2D SPACE',''
  ) );
#8360 = ORIENTED_EDGE('',*,*,#8361,.T.);
#8361 = EDGE_CURVE('',#8327,#8362,#8364,.T.);
#8362 = VERTEX_POINT('',#8363);
#8363 = CARTESIAN_POINT('',(36.9,44.513962,6.2));
#8364 = SURFACE_CURVE('',#8365,(#8369,#8376),.PCURVE_S1.);
#8365 = LINE('',#8366,#8367);
#8366 = CARTESIAN_POINT('',(36.9,39.513962,6.2));
#8367 = VECTOR('',#8368,1.);
#8368 = DIRECTION('',(-0.,1.,0.));
#8369 = PCURVE('',#8337,#8370);
#8370 = DEFINITIONAL_REPRESENTATION('',(#8371),#8375);
#8371 = LINE('',#8372,#8373);
#8372 = CARTESIAN_POINT('',(0.,0.));
#8373 = VECTOR('',#8374,1.);
#8374 = DIRECTION('',(0.,-1.));
#8375 = ( GEOMETRIC_REPRESENTATION_CONTEXT(2) 
PARAMETRIC_REPRESENTATION_CONTEXT() REPRESENTATION_CONTEXT('2D SPACE',''
  ) );
#8376 = PCURVE('',#8377,#8382);
#8377 = PLANE('',#8378);
#8378 = AXIS2_PLACEMENT_3D('',#8379,#8380,#8381);
#8379 = CARTESIAN_POINT('',(36.9,39.513962,6.2));
#8380 = DIRECTION('',(0.,0.,1.));
#8381 = DIRECTION('',(1.,0.,-0.));
#8382 = DEFINITIONAL_REPRESENTATION('',(#8383),#8387);
#8383 = LINE('',#8384,#8385);
#8384 = CARTESIAN_POINT('',(0.,0.));
#8385 = VECTOR('',#8386,1.);
#8386 = DIRECTION('',(0.,1.));
#8387 = ( GEOMETRIC_REPRESENTATION_CONTEXT(2) 
PARAMETRIC_REPRESENTATION_CONTEXT() REPRESENTATION_CONTEXT('2D SPACE',''
  ) );
#8388 = ORIENTED_EDGE('',*,*,#8389,.T.);
#8389 = EDGE_CURVE('',#8362,#8390,#8392,.T.);
#8390 = VERTEX_POINT('',#8391);
#8391 = CARTESIAN_POINT('',(36.9,44.513962,19.2));
#8392 = SURFACE_CURVE('',#8393,(#8397,#8404),.PCURVE_S1.);
#8393 = LINE('',#8394,#8395);
#8394 = CARTESIAN_POINT('',(36.9,44.513962,6.2));
#8395 = VECTOR('',#8396,1.);
#8396 = DIRECTION('',(0.,0.,1.));
#8397 = PCURVE('',#8337,#8398);
#8398 = DEFINITIONAL_REPRESENTATION('',(#8399),#8403);
#8399 = LINE('',#8400,#8401);
#8400 = CARTESIAN_POINT('',(0.,-5.));
#8401 = VECTOR('',#8402,1.);
#8402 = DIRECTION('',(1.,0.));
#8403 = ( GEOMETRIC_REPRESENTATION_CONTEXT(2) 
PARAMETRIC_REPRESENTATION_CONTEXT() REPRESENTATION_CONTEXT('2D SPACE',''
  ) );
#8404 = PCURVE('',#8405,#8410);
#8405 = PLANE('',#8406);
#8406 = AXIS2_PLACEMENT_3D('',#8407,#8408,#8409);
#8407 = CARTESIAN_POINT('',(36.9,44.513962,6.2));
#8408 = DIRECTION('',(-0.,1.,0.));
#8409 = DIRECTION('',(0.,0.,1.));
#8410 = DEFINITIONAL_REPRESENTATION('',(#8411),#8415);
#8411 = LINE('',#8412,#8413);
#8412 = CARTESIAN_POINT('',(0.,0.));
#8413 = VECTOR('',#8414,1.);
#8414 = DIRECTION('',(1.,0.));
#8415 = ( GEOMETRIC_REPRESENTATION_CONTEXT(2) 
PARAMETRIC_REPRESENTATION_CONTEXT() REPRESENTATION_CONTEXT('2D SPACE',''
  ) );
#8416 = ORIENTED_EDGE('',*,*,#8417,.F.);
#8417 = EDGE_CURVE('',#8329,#8390,#8418,.T.);
#8418 = SURFACE_CURVE('',#8419,(#8423,#8430),.PCURVE_S1.);
#8419 = LINE('',#8420,#8421);
#8420 = CARTESIAN_POINT('',(36.9,39.513962,19.2));
#8421 = VECTOR('',#8422,1.);
#8422 = DIRECTION('',(-0.,1.,0.));
#8423 = PCURVE('',#8337,#8424);
#8424 = DEFINITIONAL_REPRESENTATION('',(#8425),#8429);
#8425 = LINE('',#8426,#8427);
#8426 = CARTESIAN_POINT('',(13.,0.));
#8427 = VECTOR('',#8428,1.);
#8428 = DIRECTION('',(0.,-1.));
#8429 = ( GEOMETRIC_REPRESENTATION_CONTEXT(2) 
PARAMETRIC_REPRESENTATION_CONTEXT() REPRESENTATION_CONTEXT('2D SPACE',''
  ) );
#8430 = PCURVE('',#8431,#8436);
#8431 = PLANE('',#8432);
#8432 = AXIS2_PLACEMENT_3D('',#8433,#8434,#8435);
#8433 = CARTESIAN_POINT('',(36.9,39.513962,19.2));
#8434 = DIRECTION('',(0.,0.,1.));
#8435 = DIRECTION('',(1.,0.,-0.));
#8436 = DEFINITIONAL_REPRESENTATION('',(#8437),#8441);
#8437 = LINE('',#8438,#8439);
#8438 = CARTESIAN_POINT('',(0.,0.));
#8439 = VECTOR('',#8440,1.);
#8440 = DIRECTION('',(0.,1.));
#8441 = ( GEOMETRIC_REPRESENTATION_CONTEXT(2) 
PARAMETRIC_REPRESENTATION_CONTEXT() REPRESENTATION_CONTEXT('2D SPACE',''
  ) );
#8442 = ADVANCED_FACE('',(#8443),#8457,.T.);
#8443 = FACE_BOUND('',#8444,.T.);
#8444 = EDGE_LOOP('',(#8445,#8475,#8498,#8521));
#8445 = ORIENTED_EDGE('',*,*,#8446,.F.);
#8446 = EDGE_CURVE('',#8447,#8449,#8451,.T.);
#8447 = VERTEX_POINT('',#8448);
#8448 = CARTESIAN_POINT('',(55.9,39.513962,6.2));
#8449 = VERTEX_POINT('',#8450);
#8450 = CARTESIAN_POINT('',(55.9,39.513962,19.2));
#8451 = SURFACE_CURVE('',#8452,(#8456,#8468),.PCURVE_S1.);
#8452 = LINE('',#8453,#8454);
#8453 = CARTESIAN_POINT('',(55.9,39.513962,6.2));
#8454 = VECTOR('',#8455,1.);
#8455 = DIRECTION('',(0.,0.,1.));
#8456 = PCURVE('',#8457,#8462);
#8457 = PLANE('',#8458);
#8458 = AXIS2_PLACEMENT_3D('',#8459,#8460,#8461);
#8459 = CARTESIAN_POINT('',(55.9,39.513962,6.2));
#8460 = DIRECTION('',(1.,0.,-0.));
#8461 = DIRECTION('',(0.,0.,1.));
#8462 = DEFINITIONAL_REPRESENTATION('',(#8463),#8467);
#8463 = LINE('',#8464,#8465);
#8464 = CARTESIAN_POINT('',(0.,0.));
#8465 = VECTOR('',#8466,1.);
#8466 = DIRECTION('',(1.,0.));
#8467 = ( GEOMETRIC_REPRESENTATION_CONTEXT(2) 
PARAMETRIC_REPRESENTATION_CONTEXT() REPRESENTATION_CONTEXT('2D SPACE',''
  ) );
#8468 = PCURVE('',#8349,#8469);
#8469 = DEFINITIONAL_REPRESENTATION('',(#8470),#8474);
#8470 = LINE('',#8471,#8472);
#8471 = CARTESIAN_POINT('',(0.,19.));
#8472 = VECTOR('',#8473,1.);
#8473 = DIRECTION('',(1.,0.));
#8474 = ( GEOMETRIC_REPRESENTATION_CONTEXT(2) 
PARAMETRIC_REPRESENTATION_CONTEXT() REPRESENTATION_CONTEXT('2D SPACE',''
  ) );
#8475 = ORIENTED_EDGE('',*,*,#8476,.T.);
#8476 = EDGE_CURVE('',#8447,#8477,#8479,.T.);
#8477 = VERTEX_POINT('',#8478);
#8478 = CARTESIAN_POINT('',(55.9,44.513962,6.2));
#8479 = SURFACE_CURVE('',#8480,(#8484,#8491),.PCURVE_S1.);
#8480 = LINE('',#8481,#8482);
#8481 = CARTESIAN_POINT('',(55.9,39.513962,6.2));
#8482 = VECTOR('',#8483,1.);
#8483 = DIRECTION('',(-0.,1.,0.));
#8484 = PCURVE('',#8457,#8485);
#8485 = DEFINITIONAL_REPRESENTATION('',(#8486),#8490);
#8486 = LINE('',#8487,#8488);
#8487 = CARTESIAN_POINT('',(0.,0.));
#8488 = VECTOR('',#8489,1.);
#8489 = DIRECTION('',(0.,-1.));
#8490 = ( GEOMETRIC_REPRESENTATION_CONTEXT(2) 
PARAMETRIC_REPRESENTATION_CONTEXT() REPRESENTATION_CONTEXT('2D SPACE',''
  ) );
#8491 = PCURVE('',#8377,#8492);
#8492 = DEFINITIONAL_REPRESENTATION('',(#8493),#8497);
#8493 = LINE('',#8494,#8495);
#8494 = CARTESIAN_POINT('',(19.,0.));
#8495 = VECTOR('',#8496,1.);
#8496 = DIRECTION('',(0.,1.));
#8497 = ( GEOMETRIC_REPRESENTATION_CONTEXT(2) 
PARAMETRIC_REPRESENTATION_CONTEXT() REPRESENTATION_CONTEXT('2D SPACE',''
  ) );
#8498 = ORIENTED_EDGE('',*,*,#8499,.T.);
#8499 = EDGE_CURVE('',#8477,#8500,#8502,.T.);
#8500 = VERTEX_POINT('',#8501);
#8501 = CARTESIAN_POINT('',(55.9,44.513962,19.2));
#8502 = SURFACE_CURVE('',#8503,(#8507,#8514),.PCURVE_S1.);
#8503 = LINE('',#8504,#8505);
#8504 = CARTESIAN_POINT('',(55.9,44.513962,6.2));
#8505 = VECTOR('',#8506,1.);
#8506 = DIRECTION('',(0.,0.,1.));
#8507 = PCURVE('',#8457,#8508);
#8508 = DEFINITIONAL_REPRESENTATION('',(#8509),#8513);
#8509 = LINE('',#8510,#8511);
#8510 = CARTESIAN_POINT('',(0.,-5.));
#8511 = VECTOR('',#8512,1.);
#8512 = DIRECTION('',(1.,0.));
#8513 = ( GEOMETRIC_REPRESENTATION_CONTEXT(2) 
PARAMETRIC_REPRESENTATION_CONTEXT() REPRESENTATION_CONTEXT('2D SPACE',''
  ) );
#8514 = PCURVE('',#8405,#8515);
#8515 = DEFINITIONAL_REPRESENTATION('',(#8516),#8520);
#8516 = LINE('',#8517,#8518);
#8517 = CARTESIAN_POINT('',(0.,19.));
#8518 = VECTOR('',#8519,1.);
#8519 = DIRECTION('',(1.,0.));
#8520 = ( GEOMETRIC_REPRESENTATION_CONTEXT(2) 
PARAMETRIC_REPRESENTATION_CONTEXT() REPRESENTATION_CONTEXT('2D SPACE',''
  ) );
#8521 = ORIENTED_EDGE('',*,*,#8522,.F.);
#8522 = EDGE_CURVE('',#8449,#8500,#8523,.T.);
#8523 = SURFACE_CURVE('',#8524,(#8528,#8535),.PCURVE_S1.);
#8524 = LINE('',#8525,#8526);
#8525 = CARTESIAN_POINT('',(55.9,39.513962,19.2));
#8526 = VECTOR('',#8527,1.);
#8527 = DIRECTION('',(-0.,1.,0.));
#8528 = PCURVE('',#8457,#8529);
#8529 = DEFINITIONAL_REPRESENTATION('',(#8530),#8534);
#8530 = LINE('',#8531,#8532);
#8531 = CARTESIAN_POINT('',(13.,0.));
#8532 = VECTOR('',#8533,1.);
#8533 = DIRECTION('',(0.,-1.));
#8534 = ( GEOMETRIC_REPRESENTATION_CONTEXT(2) 
PARAMETRIC_REPRESENTATION_CONTEXT() REPRESENTATION_CONTEXT('2D SPACE',''
  ) );
#8535 = PCURVE('',#8431,#8536);
#8536 = DEFINITIONAL_REPRESENTATION('',(#8537),#8541);
#8537 = LINE('',#8538,#8539);
#8538 = CARTESIAN_POINT('',(19.,0.));
#8539 = VECTOR('',#8540,1.);
#8540 = DIRECTION('',(0.,1.));
#8541 = ( GEOMETRIC_REPRESENTATION_CONTEXT(2) 
PARAMETRIC_REPRESENTATION_CONTEXT() REPRESENTATION_CONTEXT('2D SPACE',''
  ) );
#8542 = ADVANCED_FACE('',(#8543),#8349,.F.);
#8543 = FACE_BOUND('',#8544,.F.);
#8544 = EDGE_LOOP('',(#8545,#8566,#8567,#8588));
#8545 = ORIENTED_EDGE('',*,*,#8546,.F.);
#8546 = EDGE_CURVE('',#8327,#8447,#8547,.T.);
#8547 = SURFACE_CURVE('',#8548,(#8552,#8559),.PCURVE_S1.);
#8548 = LINE('',#8549,#8550);
#8549 = CARTESIAN_POINT('',(36.9,39.513962,6.2));
#8550 = VECTOR('',#8551,1.);
#8551 = DIRECTION('',(1.,0.,-0.));
#8552 = PCURVE('',#8349,#8553);
#8553 = DEFINITIONAL_REPRESENTATION('',(#8554),#8558);
#8554 = LINE('',#8555,#8556);
#8555 = CARTESIAN_POINT('',(0.,0.));
#8556 = VECTOR('',#8557,1.);
#8557 = DIRECTION('',(0.,1.));
#8558 = ( GEOMETRIC_REPRESENTATION_CONTEXT(2) 
PARAMETRIC_REPRESENTATION_CONTEXT() REPRESENTATION_CONTEXT('2D SPACE',''
  ) );
#8559 = PCURVE('',#8377,#8560);
#8560 = DEFINITIONAL_REPRESENTATION('',(#8561),#8565);
#8561 = LINE('',#8562,#8563);
#8562 = CARTESIAN_POINT('',(0.,0.));
#8563 = VECTOR('',#8564,1.);
#8564 = DIRECTION('',(1.,0.));
#8565 = ( GEOMETRIC_REPRESENTATION_CONTEXT(2) 
PARAMETRIC_REPRESENTATION_CONTEXT() REPRESENTATION_CONTEXT('2D SPACE',''
  ) );
#8566 = ORIENTED_EDGE('',*,*,#8326,.T.);
#8567 = ORIENTED_EDGE('',*,*,#8568,.T.);
#8568 = EDGE_CURVE('',#8329,#8449,#8569,.T.);
#8569 = SURFACE_CURVE('',#8570,(#8574,#8581),.PCURVE_S1.);
#8570 = LINE('',#8571,#8572);
#8571 = CARTESIAN_POINT('',(36.9,39.513962,19.2));
#8572 = VECTOR('',#8573,1.);
#8573 = DIRECTION('',(1.,0.,-0.));
#8574 = PCURVE('',#8349,#8575);
#8575 = DEFINITIONAL_REPRESENTATION('',(#8576),#8580);
#8576 = LINE('',#8577,#8578);
#8577 = CARTESIAN_POINT('',(13.,0.));
#8578 = VECTOR('',#8579,1.);
#8579 = DIRECTION('',(0.,1.));
#8580 = ( GEOMETRIC_REPRESENTATION_CONTEXT(2) 
PARAMETRIC_REPRESENTATION_CONTEXT() REPRESENTATION_CONTEXT('2D SPACE',''
  ) );
#8581 = PCURVE('',#8431,#8582);
#8582 = DEFINITIONAL_REPRESENTATION('',(#8583),#8587);
#8583 = LINE('',#8584,#8585);
#8584 = CARTESIAN_POINT('',(0.,0.));
#8585 = VECTOR('',#8586,1.);
#8586 = DIRECTION('',(1.,0.));
#8587 = ( GEOMETRIC_REPRESENTATION_CONTEXT(2) 
PARAMETRIC_REPRESENTATION_CONTEXT() REPRESENTATION_CONTEXT('2D SPACE',''
  ) );
#8588 = ORIENTED_EDGE('',*,*,#8446,.F.);
#8589 = ADVANCED_FACE('',(#8590),#8405,.T.);
#8590 = FACE_BOUND('',#8591,.T.);
#8591 = EDGE_LOOP('',(#8592,#8613,#8614,#8635));
#8592 = ORIENTED_EDGE('',*,*,#8593,.F.);
#8593 = EDGE_CURVE('',#8362,#8477,#8594,.T.);
#8594 = SURFACE_CURVE('',#8595,(#8599,#8606),.PCURVE_S1.);
#8595 = LINE('',#8596,#8597);
#8596 = CARTESIAN_POINT('',(36.9,44.513962,6.2));
#8597 = VECTOR('',#8598,1.);
#8598 = DIRECTION('',(1.,0.,-0.));
#8599 = PCURVE('',#8405,#8600);
#8600 = DEFINITIONAL_REPRESENTATION('',(#8601),#8605);
#8601 = LINE('',#8602,#8603);
#8602 = CARTESIAN_POINT('',(0.,0.));
#8603 = VECTOR('',#8604,1.);
#8604 = DIRECTION('',(0.,1.));
#8605 = ( GEOMETRIC_REPRESENTATION_CONTEXT(2) 
PARAMETRIC_REPRESENTATION_CONTEXT() REPRESENTATION_CONTEXT('2D SPACE',''
  ) );
#8606 = PCURVE('',#8377,#8607);
#8607 = DEFINITIONAL_REPRESENTATION('',(#8608),#8612);
#8608 = LINE('',#8609,#8610);
#8609 = CARTESIAN_POINT('',(0.,5.));
#8610 = VECTOR('',#8611,1.);
#8611 = DIRECTION('',(1.,0.));
#8612 = ( GEOMETRIC_REPRESENTATION_CONTEXT(2) 
PARAMETRIC_REPRESENTATION_CONTEXT() REPRESENTATION_CONTEXT('2D SPACE',''
  ) );
#8613 = ORIENTED_EDGE('',*,*,#8389,.T.);
#8614 = ORIENTED_EDGE('',*,*,#8615,.T.);
#8615 = EDGE_CURVE('',#8390,#8500,#8616,.T.);
#8616 = SURFACE_CURVE('',#8617,(#8621,#8628),.PCURVE_S1.);
#8617 = LINE('',#8618,#8619);
#8618 = CARTESIAN_POINT('',(36.9,44.513962,19.2));
#8619 = VECTOR('',#8620,1.);
#8620 = DIRECTION('',(1.,0.,-0.));
#8621 = PCURVE('',#8405,#8622);
#8622 = DEFINITIONAL_REPRESENTATION('',(#8623),#8627);
#8623 = LINE('',#8624,#8625);
#8624 = CARTESIAN_POINT('',(13.,0.));
#8625 = VECTOR('',#8626,1.);
#8626 = DIRECTION('',(0.,1.));
#8627 = ( GEOMETRIC_REPRESENTATION_CONTEXT(2) 
PARAMETRIC_REPRESENTATION_CONTEXT() REPRESENTATION_CONTEXT('2D SPACE',''
  ) );
#8628 = PCURVE('',#8431,#8629);
#8629 = DEFINITIONAL_REPRESENTATION('',(#8630),#8634);
#8630 = LINE('',#8631,#8632);
#8631 = CARTESIAN_POINT('',(0.,5.));
#8632 = VECTOR('',#8633,1.);
#8633 = DIRECTION('',(1.,0.));
#8634 = ( GEOMETRIC_REPRESENTATION_CONTEXT(2) 
PARAMETRIC_REPRESENTATION_CONTEXT() REPRESENTATION_CONTEXT('2D SPACE',''
  ) );
#8635 = ORIENTED_EDGE('',*,*,#8499,.F.);
#8636 = ADVANCED_FACE('',(#8637),#8377,.F.);
#8637 = FACE_BOUND('',#8638,.F.);
#8638 = EDGE_LOOP('',(#8639,#8640,#8641,#8642));
#8639 = ORIENTED_EDGE('',*,*,#8361,.F.);
#8640 = ORIENTED_EDGE('',*,*,#8546,.T.);
#8641 = ORIENTED_EDGE('',*,*,#8476,.T.);
#8642 = ORIENTED_EDGE('',*,*,#8593,.F.);
#8643 = ADVANCED_FACE('',(#8644),#8431,.T.);
#8644 = FACE_BOUND('',#8645,.T.);
#8645 = EDGE_LOOP('',(#8646,#8647,#8648,#8649));
#8646 = ORIENTED_EDGE('',*,*,#8417,.F.);
#8647 = ORIENTED_EDGE('',*,*,#8568,.T.);
#8648 = ORIENTED_EDGE('',*,*,#8522,.T.);
#8649 = ORIENTED_EDGE('',*,*,#8615,.F.);
#8650 = ( GEOMETRIC_REPRESENTATION_CONTEXT(3) 
GLOBAL_UNCERTAINTY_ASSIGNED_CONTEXT((#8654)) 
GLOBAL_UNIT_ASSIGNED_CONTEXT((#8651,#8652,#8653)) REPRESENTATION_CONTEXT
('Context #1','3D Context with UNIT and UNCERTAINTY') );
#8651 = ( LENGTH_UNIT() NAMED_UNIT(*) SI_UNIT(.MILLI.,.METRE.) );
#8652 = ( NAMED_UNIT(*) PLANE_ANGLE_UNIT() SI_UNIT($,.RADIAN.) );
#8653 = ( NAMED_UNIT(*) SI_UNIT($,.STERADIAN.) SOLID_ANGLE_UNIT() );
#8654 = UNCERTAINTY_MEASURE_WITH_UNIT(LENGTH_MEASURE(1.E-07),#8651,
  'distance_accuracy_value','confusion accuracy');
#8655 = CONTEXT_DEPENDENT_SHAPE_REPRESENTATION(#8656,#8658);
#8656 = ( REPRESENTATION_RELATIONSHIP('','',#8319,#10) 
REPRESENTATION_RELATIONSHIP_WITH_TRANSFORMATION(#8657) 
SHAPE_REPRESENTATION_RELATIONSHIP() );
#8657 = ITEM_DEFINED_TRANSFORMATION('','',#11,#23);
#8658 = PRODUCT_DEFINITION_SHAPE('Placement','Placement of an item',
  #8659);
#8659 = NEXT_ASSEMBLY_USAGE_OCCURRENCE('3','','',#5,#8314,$);
#8660 = PRODUCT_RELATED_PRODUCT_CATEGORY('part',$,(#8316));
#8661 = SHAPE_DEFINITION_REPRESENTATION(#8662,#8668);
#8662 = PRODUCT_DEFINITION_SHAPE('','',#8663);
#8663 = PRODUCT_DEFINITION('design','',#8664,#8667);
#8664 = PRODUCT_DEFINITION_FORMATION('','',#8665);
#8665 = PRODUCT('Open CASCADE STEP translator 8.0 2.4',
  'Open CASCADE STEP translator 8.0 2.4','',(#8666));
#8666 = PRODUCT_CONTEXT('',#2,'mechanical');
#8667 = PRODUCT_DEFINITION_CONTEXT('part definition',#2,'design');
#8668 = ADVANCED_BREP_SHAPE_REPRESENTATION('',(#11,#8669),#8999);
#8669 = MANIFOLD_SOLID_BREP('',#8670);
#8670 = CLOSED_SHELL('',(#8671,#8791,#8891,#8938,#8985,#8992));
#8671 = ADVANCED_FACE('',(#8672),#8686,.F.);
#8672 = FACE_BOUND('',#8673,.F.);
#8673 = EDGE_LOOP('',(#8674,#8709,#8737,#8765));
#8674 = ORIENTED_EDGE('',*,*,#8675,.F.);
#8675 = EDGE_CURVE('',#8676,#8678,#8680,.T.);
#8676 = VERTEX_POINT('',#8677);
#8677 = CARTESIAN_POINT('',(23.84,70.563962,1.2));
#8678 = VERTEX_POINT('',#8679);
#8679 = CARTESIAN_POINT('',(23.84,70.563962,21.2));
#8680 = SURFACE_CURVE('',#8681,(#8685,#8697),.PCURVE_S1.);
#8681 = LINE('',#8682,#8683);
#8682 = CARTESIAN_POINT('',(23.84,70.563962,1.2));
#8683 = VECTOR('',#8684,1.);
#8684 = DIRECTION('',(0.,0.,1.));
#8685 = PCURVE('',#8686,#8691);
#8686 = PLANE('',#8687);
#8687 = AXIS2_PLACEMENT_3D('',#8688,#8689,#8690);
#8688 = CARTESIAN_POINT('',(23.84,70.563962,1.2));
#8689 = DIRECTION('',(1.,0.,0.));
#8690 = DIRECTION('',(0.,0.,1.));
#8691 = DEFINITIONAL_REPRESENTATION('',(#8692),#8696);
#8692 = LINE('',#8693,#8694);
#8693 = CARTESIAN_POINT('',(0.,0.));
#8694 = VECTOR('',#8695,1.);
#8695 = DIRECTION('',(1.,0.));
#8696 = ( GEOMETRIC_REPRESENTATION_CONTEXT(2) 
PARAMETRIC_REPRESENTATION_CONTEXT() REPRESENTATION_CONTEXT('2D SPACE',''
  ) );
#8697 = PCURVE('',#8698,#8703);
#8698 = PLANE('',#8699);
#8699 = AXIS2_PLACEMENT_3D('',#8700,#8701,#8702);
#8700 = CARTESIAN_POINT('',(23.84,70.563962,1.2));
#8701 = DIRECTION('',(0.,1.,0.));
#8702 = DIRECTION('',(0.,0.,1.));
#8703 = DEFINITIONAL_REPRESENTATION('',(#8704),#8708);
#8704 = LINE('',#8705,#8706);
#8705 = CARTESIAN_POINT('',(0.,0.));
#8706 = VECTOR('',#8707,1.);
#8707 = DIRECTION('',(1.,0.));
#8708 = ( GEOMETRIC_REPRESENTATION_CONTEXT(2) 
PARAMETRIC_REPRESENTATION_CONTEXT() REPRESENTATION_CONTEXT('2D SPACE',''
  ) );
#8709 = ORIENTED_EDGE('',*,*,#8710,.T.);
#8710 = EDGE_CURVE('',#8676,#8711,#8713,.T.);
#8711 = VERTEX_POINT('',#8712);
#8712 = CARTESIAN_POINT('',(23.84,89.263962,1.2));
#8713 = SURFACE_CURVE('',#8714,(#8718,#8725),.PCURVE_S1.);
#8714 = LINE('',#8715,#8716);
#8715 = CARTESIAN_POINT('',(23.84,70.563962,1.2));
#8716 = VECTOR('',#8717,1.);
#8717 = DIRECTION('',(0.,1.,0.));
#8718 = PCURVE('',#8686,#8719);
#8719 = DEFINITIONAL_REPRESENTATION('',(#8720),#8724);
#8720 = LINE('',#8721,#8722);
#8721 = CARTESIAN_POINT('',(0.,0.));
#8722 = VECTOR('',#8723,1.);
#8723 = DIRECTION('',(0.,-1.));
#8724 = ( GEOMETRIC_REPRESENTATION_CONTEXT(2) 
PARAMETRIC_REPRESENTATION_CONTEXT() REPRESENTATION_CONTEXT('2D SPACE',''
  ) );
#8725 = PCURVE('',#8726,#8731);
#8726 = PLANE('',#8727);
#8727 = AXIS2_PLACEMENT_3D('',#8728,#8729,#8730);
#8728 = CARTESIAN_POINT('',(23.84,70.563962,1.2));
#8729 = DIRECTION('',(0.,0.,1.));
#8730 = DIRECTION('',(1.,0.,0.));
#8731 = DEFINITIONAL_REPRESENTATION('',(#8732),#8736);
#8732 = LINE('',#8733,#8734);
#8733 = CARTESIAN_POINT('',(0.,0.));
#8734 = VECTOR('',#8735,1.);
#8735 = DIRECTION('',(0.,1.));
#8736 = ( GEOMETRIC_REPRESENTATION_CONTEXT(2) 
PARAMETRIC_REPRESENTATION_CONTEXT() REPRESENTATION_CONTEXT('2D SPACE',''
  ) );
#8737 = ORIENTED_EDGE('',*,*,#8738,.T.);
#8738 = EDGE_CURVE('',#8711,#8739,#8741,.T.);
#8739 = VERTEX_POINT('',#8740);
#8740 = CARTESIAN_POINT('',(23.84,89.263962,21.2));
#8741 = SURFACE_CURVE('',#8742,(#8746,#8753),.PCURVE_S1.);
#8742 = LINE('',#8743,#8744);
#8743 = CARTESIAN_POINT('',(23.84,89.263962,1.2));
#8744 = VECTOR('',#8745,1.);
#8745 = DIRECTION('',(0.,0.,1.));
#8746 = PCURVE('',#8686,#8747);
#8747 = DEFINITIONAL_REPRESENTATION('',(#8748),#8752);
#8748 = LINE('',#8749,#8750);
#8749 = CARTESIAN_POINT('',(0.,-18.7));
#8750 = VECTOR('',#8751,1.);
#8751 = DIRECTION('',(1.,0.));
#8752 = ( GEOMETRIC_REPRESENTATION_CONTEXT(2) 
PARAMETRIC_REPRESENTATION_CONTEXT() REPRESENTATION_CONTEXT('2D SPACE',''
  ) );
#8753 = PCURVE('',#8754,#8759);
#8754 = PLANE('',#8755);
#8755 = AXIS2_PLACEMENT_3D('',#8756,#8757,#8758);
#8756 = CARTESIAN_POINT('',(23.84,89.263962,1.2));
#8757 = DIRECTION('',(0.,1.,0.));
#8758 = DIRECTION('',(0.,0.,1.));
#8759 = DEFINITIONAL_REPRESENTATION('',(#8760),#8764);
#8760 = LINE('',#8761,#8762);
#8761 = CARTESIAN_POINT('',(0.,0.));
#8762 = VECTOR('',#8763,1.);
#8763 = DIRECTION('',(1.,0.));
#8764 = ( GEOMETRIC_REPRESENTATION_CONTEXT(2) 
PARAMETRIC_REPRESENTATION_CONTEXT() REPRESENTATION_CONTEXT('2D SPACE',''
  ) );
#8765 = ORIENTED_EDGE('',*,*,#8766,.F.);
#8766 = EDGE_CURVE('',#8678,#8739,#8767,.T.);
#8767 = SURFACE_CURVE('',#8768,(#8772,#8779),.PCURVE_S1.);
#8768 = LINE('',#8769,#8770);
#8769 = CARTESIAN_POINT('',(23.84,70.563962,21.2));
#8770 = VECTOR('',#8771,1.);
#8771 = DIRECTION('',(0.,1.,0.));
#8772 = PCURVE('',#8686,#8773);
#8773 = DEFINITIONAL_REPRESENTATION('',(#8774),#8778);
#8774 = LINE('',#8775,#8776);
#8775 = CARTESIAN_POINT('',(20.,0.));
#8776 = VECTOR('',#8777,1.);
#8777 = DIRECTION('',(0.,-1.));
#8778 = ( GEOMETRIC_REPRESENTATION_CONTEXT(2) 
PARAMETRIC_REPRESENTATION_CONTEXT() REPRESENTATION_CONTEXT('2D SPACE',''
  ) );
#8779 = PCURVE('',#8780,#8785);
#8780 = PLANE('',#8781);
#8781 = AXIS2_PLACEMENT_3D('',#8782,#8783,#8784);
#8782 = CARTESIAN_POINT('',(23.84,70.563962,21.2));
#8783 = DIRECTION('',(0.,0.,1.));
#8784 = DIRECTION('',(1.,0.,0.));
#8785 = DEFINITIONAL_REPRESENTATION('',(#8786),#8790);
#8786 = LINE('',#8787,#8788);
#8787 = CARTESIAN_POINT('',(0.,0.));
#8788 = VECTOR('',#8789,1.);
#8789 = DIRECTION('',(0.,1.));
#8790 = ( GEOMETRIC_REPRESENTATION_CONTEXT(2) 
PARAMETRIC_REPRESENTATION_CONTEXT() REPRESENTATION_CONTEXT('2D SPACE',''
  ) );
#8791 = ADVANCED_FACE('',(#8792),#8806,.T.);
#8792 = FACE_BOUND('',#8793,.T.);
#8793 = EDGE_LOOP('',(#8794,#8824,#8847,#8870));
#8794 = ORIENTED_EDGE('',*,*,#8795,.F.);
#8795 = EDGE_CURVE('',#8796,#8798,#8800,.T.);
#8796 = VERTEX_POINT('',#8797);
#8797 = CARTESIAN_POINT('',(44.16,70.563962,1.2));
#8798 = VERTEX_POINT('',#8799);
#8799 = CARTESIAN_POINT('',(44.16,70.563962,21.2));
#8800 = SURFACE_CURVE('',#8801,(#8805,#8817),.PCURVE_S1.);
#8801 = LINE('',#8802,#8803);
#8802 = CARTESIAN_POINT('',(44.16,70.563962,1.2));
#8803 = VECTOR('',#8804,1.);
#8804 = DIRECTION('',(0.,0.,1.));
#8805 = PCURVE('',#8806,#8811);
#8806 = PLANE('',#8807);
#8807 = AXIS2_PLACEMENT_3D('',#8808,#8809,#8810);
#8808 = CARTESIAN_POINT('',(44.16,70.563962,1.2));
#8809 = DIRECTION('',(1.,0.,0.));
#8810 = DIRECTION('',(0.,0.,1.));
#8811 = DEFINITIONAL_REPRESENTATION('',(#8812),#8816);
#8812 = LINE('',#8813,#8814);
#8813 = CARTESIAN_POINT('',(0.,0.));
#8814 = VECTOR('',#8815,1.);
#8815 = DIRECTION('',(1.,0.));
#8816 = ( GEOMETRIC_REPRESENTATION_CONTEXT(2) 
PARAMETRIC_REPRESENTATION_CONTEXT() REPRESENTATION_CONTEXT('2D SPACE',''
  ) );
#8817 = PCURVE('',#8698,#8818);
#8818 = DEFINITIONAL_REPRESENTATION('',(#8819),#8823);
#8819 = LINE('',#8820,#8821);
#8820 = CARTESIAN_POINT('',(0.,20.32));
#8821 = VECTOR('',#8822,1.);
#8822 = DIRECTION('',(1.,0.));
#8823 = ( GEOMETRIC_REPRESENTATION_CONTEXT(2) 
PARAMETRIC_REPRESENTATION_CONTEXT() REPRESENTATION_CONTEXT('2D SPACE',''
  ) );
#8824 = ORIENTED_EDGE('',*,*,#8825,.T.);
#8825 = EDGE_CURVE('',#8796,#8826,#8828,.T.);
#8826 = VERTEX_POINT('',#8827);
#8827 = CARTESIAN_POINT('',(44.16,89.263962,1.2));
#8828 = SURFACE_CURVE('',#8829,(#8833,#8840),.PCURVE_S1.);
#8829 = LINE('',#8830,#8831);
#8830 = CARTESIAN_POINT('',(44.16,70.563962,1.2));
#8831 = VECTOR('',#8832,1.);
#8832 = DIRECTION('',(0.,1.,0.));
#8833 = PCURVE('',#8806,#8834);
#8834 = DEFINITIONAL_REPRESENTATION('',(#8835),#8839);
#8835 = LINE('',#8836,#8837);
#8836 = CARTESIAN_POINT('',(0.,0.));
#8837 = VECTOR('',#8838,1.);
#8838 = DIRECTION('',(0.,-1.));
#8839 = ( GEOMETRIC_REPRESENTATION_CONTEXT(2) 
PARAMETRIC_REPRESENTATION_CONTEXT() REPRESENTATION_CONTEXT('2D SPACE',''
  ) );
#8840 = PCURVE('',#8726,#8841);
#8841 = DEFINITIONAL_REPRESENTATION('',(#8842),#8846);
#8842 = LINE('',#8843,#8844);
#8843 = CARTESIAN_POINT('',(20.32,0.));
#8844 = VECTOR('',#8845,1.);
#8845 = DIRECTION('',(0.,1.));
#8846 = ( GEOMETRIC_REPRESENTATION_CONTEXT(2) 
PARAMETRIC_REPRESENTATION_CONTEXT() REPRESENTATION_CONTEXT('2D SPACE',''
  ) );
#8847 = ORIENTED_EDGE('',*,*,#8848,.T.);
#8848 = EDGE_CURVE('',#8826,#8849,#8851,.T.);
#8849 = VERTEX_POINT('',#8850);
#8850 = CARTESIAN_POINT('',(44.16,89.263962,21.2));
#8851 = SURFACE_CURVE('',#8852,(#8856,#8863),.PCURVE_S1.);
#8852 = LINE('',#8853,#8854);
#8853 = CARTESIAN_POINT('',(44.16,89.263962,1.2));
#8854 = VECTOR('',#8855,1.);
#8855 = DIRECTION('',(0.,0.,1.));
#8856 = PCURVE('',#8806,#8857);
#8857 = DEFINITIONAL_REPRESENTATION('',(#8858),#8862);
#8858 = LINE('',#8859,#8860);
#8859 = CARTESIAN_POINT('',(0.,-18.7));
#8860 = VECTOR('',#8861,1.);
#8861 = DIRECTION('',(1.,0.));
#8862 = ( GEOMETRIC_REPRESENTATION_CONTEXT(2) 
PARAMETRIC_REPRESENTATION_CONTEXT() REPRESENTATION_CONTEXT('2D SPACE',''
  ) );
#8863 = PCURVE('',#8754,#8864);
#8864 = DEFINITIONAL_REPRESENTATION('',(#8865),#8869);
#8865 = LINE('',#8866,#8867);
#8866 = CARTESIAN_POINT('',(0.,20.32));
#8867 = VECTOR('',#8868,1.);
#8868 = DIRECTION('',(1.,0.));
#8869 = ( GEOMETRIC_REPRESENTATION_CONTEXT(2) 
PARAMETRIC_REPRESENTATION_CONTEXT() REPRESENTATION_CONTEXT('2D SPACE',''
  ) );
#8870 = ORIENTED_EDGE('',*,*,#8871,.F.);
#8871 = EDGE_CURVE('',#8798,#8849,#8872,.T.);
#8872 = SURFACE_CURVE('',#8873,(#8877,#8884),.PCURVE_S1.);
#8873 = LINE('',#8874,#8875);
#8874 = CARTESIAN_POINT('',(44.16,70.563962,21.2));
#8875 = VECTOR('',#8876,1.);
#8876 = DIRECTION('',(0.,1.,0.));
#8877 = PCURVE('',#8806,#8878);
#8878 = DEFINITIONAL_REPRESENTATION('',(#8879),#8883);
#8879 = LINE('',#8880,#8881);
#8880 = CARTESIAN_POINT('',(20.,0.));
#8881 = VECTOR('',#8882,1.);
#8882 = DIRECTION('',(0.,-1.));
#8883 = ( GEOMETRIC_REPRESENTATION_CONTEXT(2) 
PARAMETRIC_REPRESENTATION_CONTEXT() REPRESENTATION_CONTEXT('2D SPACE',''
  ) );
#8884 = PCURVE('',#8780,#8885);
#8885 = DEFINITIONAL_REPRESENTATION('',(#8886),#8890);
#8886 = LINE('',#8887,#8888);
#8887 = CARTESIAN_POINT('',(20.32,0.));
#8888 = VECTOR('',#8889,1.);
#8889 = DIRECTION('',(0.,1.));
#8890 = ( GEOMETRIC_REPRESENTATION_CONTEXT(2) 
PARAMETRIC_REPRESENTATION_CONTEXT() REPRESENTATION_CONTEXT('2D SPACE',''
  ) );
#8891 = ADVANCED_FACE('',(#8892),#8698,.F.);
#8892 = FACE_BOUND('',#8893,.F.);
#8893 = EDGE_LOOP('',(#8894,#8915,#8916,#8937));
#8894 = ORIENTED_EDGE('',*,*,#8895,.F.);
#8895 = EDGE_CURVE('',#8676,#8796,#8896,.T.);
#8896 = SURFACE_CURVE('',#8897,(#8901,#8908),.PCURVE_S1.);
#8897 = LINE('',#8898,#8899);
#8898 = CARTESIAN_POINT('',(23.84,70.563962,1.2));
#8899 = VECTOR('',#8900,1.);
#8900 = DIRECTION('',(1.,0.,0.));
#8901 = PCURVE('',#8698,#8902);
#8902 = DEFINITIONAL_REPRESENTATION('',(#8903),#8907);
#8903 = LINE('',#8904,#8905);
#8904 = CARTESIAN_POINT('',(0.,0.));
#8905 = VECTOR('',#8906,1.);
#8906 = DIRECTION('',(0.,1.));
#8907 = ( GEOMETRIC_REPRESENTATION_CONTEXT(2) 
PARAMETRIC_REPRESENTATION_CONTEXT() REPRESENTATION_CONTEXT('2D SPACE',''
  ) );
#8908 = PCURVE('',#8726,#8909);
#8909 = DEFINITIONAL_REPRESENTATION('',(#8910),#8914);
#8910 = LINE('',#8911,#8912);
#8911 = CARTESIAN_POINT('',(0.,0.));
#8912 = VECTOR('',#8913,1.);
#8913 = DIRECTION('',(1.,0.));
#8914 = ( GEOMETRIC_REPRESENTATION_CONTEXT(2) 
PARAMETRIC_REPRESENTATION_CONTEXT() REPRESENTATION_CONTEXT('2D SPACE',''
  ) );
#8915 = ORIENTED_EDGE('',*,*,#8675,.T.);
#8916 = ORIENTED_EDGE('',*,*,#8917,.T.);
#8917 = EDGE_CURVE('',#8678,#8798,#8918,.T.);
#8918 = SURFACE_CURVE('',#8919,(#8923,#8930),.PCURVE_S1.);
#8919 = LINE('',#8920,#8921);
#8920 = CARTESIAN_POINT('',(23.84,70.563962,21.2));
#8921 = VECTOR('',#8922,1.);
#8922 = DIRECTION('',(1.,0.,0.));
#8923 = PCURVE('',#8698,#8924);
#8924 = DEFINITIONAL_REPRESENTATION('',(#8925),#8929);
#8925 = LINE('',#8926,#8927);
#8926 = CARTESIAN_POINT('',(20.,0.));
#8927 = VECTOR('',#8928,1.);
#8928 = DIRECTION('',(0.,1.));
#8929 = ( GEOMETRIC_REPRESENTATION_CONTEXT(2) 
PARAMETRIC_REPRESENTATION_CONTEXT() REPRESENTATION_CONTEXT('2D SPACE',''
  ) );
#8930 = PCURVE('',#8780,#8931);
#8931 = DEFINITIONAL_REPRESENTATION('',(#8932),#8936);
#8932 = LINE('',#8933,#8934);
#8933 = CARTESIAN_POINT('',(0.,0.));
#8934 = VECTOR('',#8935,1.);
#8935 = DIRECTION('',(1.,0.));
#8936 = ( GEOMETRIC_REPRESENTATION_CONTEXT(2) 
PARAMETRIC_REPRESENTATION_CONTEXT() REPRESENTATION_CONTEXT('2D SPACE',''
  ) );
#8937 = ORIENTED_EDGE('',*,*,#8795,.F.);
#8938 = ADVANCED_FACE('',(#8939),#8754,.T.);
#8939 = FACE_BOUND('',#8940,.T.);
#8940 = EDGE_LOOP('',(#8941,#8962,#8963,#8984));
#8941 = ORIENTED_EDGE('',*,*,#8942,.F.);
#8942 = EDGE_CURVE('',#8711,#8826,#8943,.T.);
#8943 = SURFACE_CURVE('',#8944,(#8948,#8955),.PCURVE_S1.);
#8944 = LINE('',#8945,#8946);
#8945 = CARTESIAN_POINT('',(23.84,89.263962,1.2));
#8946 = VECTOR('',#8947,1.);
#8947 = DIRECTION('',(1.,0.,0.));
#8948 = PCURVE('',#8754,#8949);
#8949 = DEFINITIONAL_REPRESENTATION('',(#8950),#8954);
#8950 = LINE('',#8951,#8952);
#8951 = CARTESIAN_POINT('',(0.,0.));
#8952 = VECTOR('',#8953,1.);
#8953 = DIRECTION('',(0.,1.));
#8954 = ( GEOMETRIC_REPRESENTATION_CONTEXT(2) 
PARAMETRIC_REPRESENTATION_CONTEXT() REPRESENTATION_CONTEXT('2D SPACE',''
  ) );
#8955 = PCURVE('',#8726,#8956);
#8956 = DEFINITIONAL_REPRESENTATION('',(#8957),#8961);
#8957 = LINE('',#8958,#8959);
#8958 = CARTESIAN_POINT('',(0.,18.7));
#8959 = VECTOR('',#8960,1.);
#8960 = DIRECTION('',(1.,0.));
#8961 = ( GEOMETRIC_REPRESENTATION_CONTEXT(2) 
PARAMETRIC_REPRESENTATION_CONTEXT() REPRESENTATION_CONTEXT('2D SPACE',''
  ) );
#8962 = ORIENTED_EDGE('',*,*,#8738,.T.);
#8963 = ORIENTED_EDGE('',*,*,#8964,.T.);
#8964 = EDGE_CURVE('',#8739,#8849,#8965,.T.);
#8965 = SURFACE_CURVE('',#8966,(#8970,#8977),.PCURVE_S1.);
#8966 = LINE('',#8967,#8968);
#8967 = CARTESIAN_POINT('',(23.84,89.263962,21.2));
#8968 = VECTOR('',#8969,1.);
#8969 = DIRECTION('',(1.,0.,0.));
#8970 = PCURVE('',#8754,#8971);
#8971 = DEFINITIONAL_REPRESENTATION('',(#8972),#8976);
#8972 = LINE('',#8973,#8974);
#8973 = CARTESIAN_POINT('',(20.,0.));
#8974 = VECTOR('',#8975,1.);
#8975 = DIRECTION('',(0.,1.));
#8976 = ( GEOMETRIC_REPRESENTATION_CONTEXT(2) 
PARAMETRIC_REPRESENTATION_CONTEXT() REPRESENTATION_CONTEXT('2D SPACE',''
  ) );
#8977 = PCURVE('',#8780,#8978);
#8978 = DEFINITIONAL_REPRESENTATION('',(#8979),#8983);
#8979 = LINE('',#8980,#8981);
#8980 = CARTESIAN_POINT('',(0.,18.7));
#8981 = VECTOR('',#8982,1.);
#8982 = DIRECTION('',(1.,0.));
#8983 = ( GEOMETRIC_REPRESENTATION_CONTEXT(2) 
PARAMETRIC_REPRESENTATION_CONTEXT() REPRESENTATION_CONTEXT('2D SPACE',''
  ) );
#8984 = ORIENTED_EDGE('',*,*,#8848,.F.);
#8985 = ADVANCED_FACE('',(#8986),#8726,.F.);
#8986 = FACE_BOUND('',#8987,.F.);
#8987 = EDGE_LOOP('',(#8988,#8989,#8990,#8991));
#8988 = ORIENTED_EDGE('',*,*,#8710,.F.);
#8989 = ORIENTED_EDGE('',*,*,#8895,.T.);
#8990 = ORIENTED_EDGE('',*,*,#8825,.T.);
#8991 = ORIENTED_EDGE('',*,*,#8942,.F.);
#8992 = ADVANCED_FACE('',(#8993),#8780,.T.);
#8993 = FACE_BOUND('',#8994,.T.);
#8994 = EDGE_LOOP('',(#8995,#8996,#8997,#8998));
#8995 = ORIENTED_EDGE('',*,*,#8766,.F.);
#8996 = ORIENTED_EDGE('',*,*,#8917,.T.);
#8997 = ORIENTED_EDGE('',*,*,#8871,.T.);
#8998 = ORIENTED_EDGE('',*,*,#8964,.F.);
#8999 = ( GEOMETRIC_REPRESENTATION_CONTEXT(3) 
GLOBAL_UNCERTAINTY_ASSIGNED_CONTEXT((#9003)) 
GLOBAL_UNIT_ASSIGNED_CONTEXT((#9000,#9001,#9002)) REPRESENTATION_CONTEXT
('Context #1','3D Context with UNIT and UNCERTAINTY') );
#9000 = ( LENGTH_UNIT() NAMED_UNIT(*) SI_UNIT(.MILLI.,.METRE.) );
#9001 = ( NAMED_UNIT(*) PLANE_ANGLE_UNIT() SI_UNIT($,.RADIAN.) );
#9002 = ( NAMED_UNIT(*) SI_UNIT($,.STERADIAN.) SOLID_ANGLE_UNIT() );
#9003 = UNCERTAINTY_MEASURE_WITH_UNIT(LENGTH_MEASURE(1.E-07),#9000,
  'distance_accuracy_value','confusion accuracy');
#9004 = CONTEXT_DEPENDENT_SHAPE_REPRESENTATION(#9005,#9007);
#9005 = ( REPRESENTATION_RELATIONSHIP('','',#8668,#10) 
REPRESENTATION_RELATIONSHIP_WITH_TRANSFORMATION(#9006) 
SHAPE_REPRESENTATION_RELATIONSHIP() );
#9006 = ITEM_DEFINED_TRANSFORMATION('','',#11,#27);
#9007 = PRODUCT_DEFINITION_SHAPE('Placement','Placement of an item',
  #9008);
#9008 = NEXT_ASSEMBLY_USAGE_OCCURRENCE('4','','',#5,#8663,$);
#9009 = PRODUCT_RELATED_PRODUCT_CATEGORY('part',$,(#8665));
#9010 = SHAPE_DEFINITION_REPRESENTATION(#9011,#9017);
#9011 = PRODUCT_DEFINITION_SHAPE('','',#9012);
#9012 = PRODUCT_DEFINITION('design','',#9013,#9016);
#9013 = PRODUCT_DEFINITION_FORMATION('','',#9014);
#9014 = PRODUCT('Open CASCADE STEP translator 8.0 2.5',
  'Open CASCADE STEP translator 8.0 2.5','',(#9015));
#9015 = PRODUCT_CONTEXT('',#2,'mechanical');
#9016 = PRODUCT_DEFINITION_CONTEXT('part definition',#2,'design');
#9017 = ADVANCED_BREP_SHAPE_REPRESENTATION('',(#11,#9018),#9348);
#9018 = MANIFOLD_SOLID_BREP('',#9019);
#9019 = CLOSED_SHELL('',(#9020,#9140,#9240,#9287,#9334,#9341));
#9020 = ADVANCED_FACE('',(#9021),#9035,.F.);
#9021 = FACE_BOUND('',#9022,.F.);
#9022 = EDGE_LOOP('',(#9023,#9058,#9086,#9114));
#9023 = ORIENTED_EDGE('',*,*,#9024,.F.);
#9024 = EDGE_CURVE('',#9025,#9027,#9029,.T.);
#9025 = VERTEX_POINT('',#9026);
#9026 = CARTESIAN_POINT('',(9.05,28.463962,1.2));
#9027 = VERTEX_POINT('',#9028);
#9028 = CARTESIAN_POINT('',(9.05,28.463962,11.2));
#9029 = SURFACE_CURVE('',#9030,(#9034,#9046),.PCURVE_S1.);
#9030 = LINE('',#9031,#9032);
#9031 = CARTESIAN_POINT('',(9.05,28.463962,1.2));
#9032 = VECTOR('',#9033,1.);
#9033 = DIRECTION('',(0.,0.,1.));
#9034 = PCURVE('',#9035,#9040);
#9035 = PLANE('',#9036);
#9036 = AXIS2_PLACEMENT_3D('',#9037,#9038,#9039);
#9037 = CARTESIAN_POINT('',(9.05,28.463962,1.2));
#9038 = DIRECTION('',(1.,0.,0.));
#9039 = DIRECTION('',(0.,0.,1.));
#9040 = DEFINITIONAL_REPRESENTATION('',(#9041),#9045);
#9041 = LINE('',#9042,#9043);
#9042 = CARTESIAN_POINT('',(0.,0.));
#9043 = VECTOR('',#9044,1.);
#9044 = DIRECTION('',(1.,0.));
#9045 = ( GEOMETRIC_REPRESENTATION_CONTEXT(2) 
PARAMETRIC_REPRESENTATION_CONTEXT() REPRESENTATION_CONTEXT('2D SPACE',''
  ) );
#9046 = PCURVE('',#9047,#9052);
#9047 = PLANE('',#9048);
#9048 = AXIS2_PLACEMENT_3D('',#9049,#9050,#9051);
#9049 = CARTESIAN_POINT('',(9.05,28.463962,1.2));
#9050 = DIRECTION('',(0.,1.,0.));
#9051 = DIRECTION('',(0.,0.,1.));
#9052 = DEFINITIONAL_REPRESENTATION('',(#9053),#9057);
#9053 = LINE('',#9054,#9055);
#9054 = CARTESIAN_POINT('',(0.,0.));
#9055 = VECTOR('',#9056,1.);
#9056 = DIRECTION('',(1.,0.));
#9057 = ( GEOMETRIC_REPRESENTATION_CONTEXT(2) 
PARAMETRIC_REPRESENTATION_CONTEXT() REPRESENTATION_CONTEXT('2D SPACE',''
  ) );
#9058 = ORIENTED_EDGE('',*,*,#9059,.T.);
#9059 = EDGE_CURVE('',#9025,#9060,#9062,.T.);
#9060 = VERTEX_POINT('',#9061);
#9061 = CARTESIAN_POINT('',(9.05,36.963962,1.2));
#9062 = SURFACE_CURVE('',#9063,(#9067,#9074),.PCURVE_S1.);
#9063 = LINE('',#9064,#9065);
#9064 = CARTESIAN_POINT('',(9.05,28.463962,1.2));
#9065 = VECTOR('',#9066,1.);
#9066 = DIRECTION('',(0.,1.,0.));
#9067 = PCURVE('',#9035,#9068);
#9068 = DEFINITIONAL_REPRESENTATION('',(#9069),#9073);
#9069 = LINE('',#9070,#9071);
#9070 = CARTESIAN_POINT('',(0.,0.));
#9071 = VECTOR('',#9072,1.);
#9072 = DIRECTION('',(0.,-1.));
#9073 = ( GEOMETRIC_REPRESENTATION_CONTEXT(2) 
PARAMETRIC_REPRESENTATION_CONTEXT() REPRESENTATION_CONTEXT('2D SPACE',''
  ) );
#9074 = PCURVE('',#9075,#9080);
#9075 = PLANE('',#9076);
#9076 = AXIS2_PLACEMENT_3D('',#9077,#9078,#9079);
#9077 = CARTESIAN_POINT('',(9.05,28.463962,1.2));
#9078 = DIRECTION('',(0.,0.,1.));
#9079 = DIRECTION('',(1.,0.,0.));
#9080 = DEFINITIONAL_REPRESENTATION('',(#9081),#9085);
#9081 = LINE('',#9082,#9083);
#9082 = CARTESIAN_POINT('',(0.,0.));
#9083 = VECTOR('',#9084,1.);
#9084 = DIRECTION('',(0.,1.));
#9085 = ( GEOMETRIC_REPRESENTATION_CONTEXT(2) 
PARAMETRIC_REPRESENTATION_CONTEXT() REPRESENTATION_CONTEXT('2D SPACE',''
  ) );
#9086 = ORIENTED_EDGE('',*,*,#9087,.T.);
#9087 = EDGE_CURVE('',#9060,#9088,#9090,.T.);
#9088 = VERTEX_POINT('',#9089);
#9089 = CARTESIAN_POINT('',(9.05,36.963962,11.2));
#9090 = SURFACE_CURVE('',#9091,(#9095,#9102),.PCURVE_S1.);
#9091 = LINE('',#9092,#9093);
#9092 = CARTESIAN_POINT('',(9.05,36.963962,1.2));
#9093 = VECTOR('',#9094,1.);
#9094 = DIRECTION('',(0.,0.,1.));
#9095 = PCURVE('',#9035,#9096);
#9096 = DEFINITIONAL_REPRESENTATION('',(#9097),#9101);
#9097 = LINE('',#9098,#9099);
#9098 = CARTESIAN_POINT('',(0.,-8.5));
#9099 = VECTOR('',#9100,1.);
#9100 = DIRECTION('',(1.,0.));
#9101 = ( GEOMETRIC_REPRESENTATION_CONTEXT(2) 
PARAMETRIC_REPRESENTATION_CONTEXT() REPRESENTATION_CONTEXT('2D SPACE',''
  ) );
#9102 = PCURVE('',#9103,#9108);
#9103 = PLANE('',#9104);
#9104 = AXIS2_PLACEMENT_3D('',#9105,#9106,#9107);
#9105 = CARTESIAN_POINT('',(9.05,36.963962,1.2));
#9106 = DIRECTION('',(0.,1.,0.));
#9107 = DIRECTION('',(0.,0.,1.));
#9108 = DEFINITIONAL_REPRESENTATION('',(#9109),#9113);
#9109 = LINE('',#9110,#9111);
#9110 = CARTESIAN_POINT('',(0.,0.));
#9111 = VECTOR('',#9112,1.);
#9112 = DIRECTION('',(1.,0.));
#9113 = ( GEOMETRIC_REPRESENTATION_CONTEXT(2) 
PARAMETRIC_REPRESENTATION_CONTEXT() REPRESENTATION_CONTEXT('2D SPACE',''
  ) );
#9114 = ORIENTED_EDGE('',*,*,#9115,.F.);
#9115 = EDGE_CURVE('',#9027,#9088,#9116,.T.);
#9116 = SURFACE_CURVE('',#9117,(#9121,#9128),.PCURVE_S1.);
#9117 = LINE('',#9118,#9119);
#9118 = CARTESIAN_POINT('',(9.05,28.463962,11.2));
#9119 = VECTOR('',#9120,1.);
#9120 = DIRECTION('',(0.,1.,0.));
#9121 = PCURVE('',#9035,#9122);
#9122 = DEFINITIONAL_REPRESENTATION('',(#9123),#9127);
#9123 = LINE('',#9124,#9125);
#9124 = CARTESIAN_POINT('',(10.,0.));
#9125 = VECTOR('',#9126,1.);
#9126 = DIRECTION('',(0.,-1.));
#9127 = ( GEOMETRIC_REPRESENTATION_CONTEXT(2) 
PARAMETRIC_REPRESENTATION_CONTEXT() REPRESENTATION_CONTEXT('2D SPACE',''
  ) );
#9128 = PCURVE('',#9129,#9134);
#9129 = PLANE('',#9130);
#9130 = AXIS2_PLACEMENT_3D('',#9131,#9132,#9133);
#9131 = CARTESIAN_POINT('',(9.05,28.463962,11.2));
#9132 = DIRECTION('',(0.,0.,1.));
#9133 = DIRECTION('',(1.,0.,0.));
#9134 = DEFINITIONAL_REPRESENTATION('',(#9135),#9139);
#9135 = LINE('',#9136,#9137);
#9136 = CARTESIAN_POINT('',(0.,0.));
#9137 = VECTOR('',#9138,1.);
#9138 = DIRECTION('',(0.,1.));
#9139 = ( GEOMETRIC_REPRESENTATION_CONTEXT(2) 
PARAMETRIC_REPRESENTATION_CONTEXT() REPRESENTATION_CONTEXT('2D SPACE',''
  ) );
#9140 = ADVANCED_FACE('',(#9141),#9155,.T.);
#9141 = FACE_BOUND('',#9142,.T.);
#9142 = EDGE_LOOP('',(#9143,#9173,#9196,#9219));
#9143 = ORIENTED_EDGE('',*,*,#9144,.F.);
#9144 = EDGE_CURVE('',#9145,#9147,#9149,.T.);
#9145 = VERTEX_POINT('',#9146);
#9146 = CARTESIAN_POINT('',(16.91,28.463962,1.2));
#9147 = VERTEX_POINT('',#9148);
#9148 = CARTESIAN_POINT('',(16.91,28.463962,11.2));
#9149 = SURFACE_CURVE('',#9150,(#9154,#9166),.PCURVE_S1.);
#9150 = LINE('',#9151,#9152);
#9151 = CARTESIAN_POINT('',(16.91,28.463962,1.2));
#9152 = VECTOR('',#9153,1.);
#9153 = DIRECTION('',(0.,0.,1.));
#9154 = PCURVE('',#9155,#9160);
#9155 = PLANE('',#9156);
#9156 = AXIS2_PLACEMENT_3D('',#9157,#9158,#9159);
#9157 = CARTESIAN_POINT('',(16.91,28.463962,1.2));
#9158 = DIRECTION('',(1.,0.,0.));
#9159 = DIRECTION('',(0.,0.,1.));
#9160 = DEFINITIONAL_REPRESENTATION('',(#9161),#9165);
#9161 = LINE('',#9162,#9163);
#9162 = CARTESIAN_POINT('',(0.,0.));
#9163 = VECTOR('',#9164,1.);
#9164 = DIRECTION('',(1.,0.));
#9165 = ( GEOMETRIC_REPRESENTATION_CONTEXT(2) 
PARAMETRIC_REPRESENTATION_CONTEXT() REPRESENTATION_CONTEXT('2D SPACE',''
  ) );
#9166 = PCURVE('',#9047,#9167);
#9167 = DEFINITIONAL_REPRESENTATION('',(#9168),#9172);
#9168 = LINE('',#9169,#9170);
#9169 = CARTESIAN_POINT('',(0.,7.86));
#9170 = VECTOR('',#9171,1.);
#9171 = DIRECTION('',(1.,0.));
#9172 = ( GEOMETRIC_REPRESENTATION_CONTEXT(2) 
PARAMETRIC_REPRESENTATION_CONTEXT() REPRESENTATION_CONTEXT('2D SPACE',''
  ) );
#9173 = ORIENTED_EDGE('',*,*,#9174,.T.);
#9174 = EDGE_CURVE('',#9145,#9175,#9177,.T.);
#9175 = VERTEX_POINT('',#9176);
#9176 = CARTESIAN_POINT('',(16.91,36.963962,1.2));
#9177 = SURFACE_CURVE('',#9178,(#9182,#9189),.PCURVE_S1.);
#9178 = LINE('',#9179,#9180);
#9179 = CARTESIAN_POINT('',(16.91,28.463962,1.2));
#9180 = VECTOR('',#9181,1.);
#9181 = DIRECTION('',(0.,1.,0.));
#9182 = PCURVE('',#9155,#9183);
#9183 = DEFINITIONAL_REPRESENTATION('',(#9184),#9188);
#9184 = LINE('',#9185,#9186);
#9185 = CARTESIAN_POINT('',(0.,0.));
#9186 = VECTOR('',#9187,1.);
#9187 = DIRECTION('',(0.,-1.));
#9188 = ( GEOMETRIC_REPRESENTATION_CONTEXT(2) 
PARAMETRIC_REPRESENTATION_CONTEXT() REPRESENTATION_CONTEXT('2D SPACE',''
  ) );
#9189 = PCURVE('',#9075,#9190);
#9190 = DEFINITIONAL_REPRESENTATION('',(#9191),#9195);
#9191 = LINE('',#9192,#9193);
#9192 = CARTESIAN_POINT('',(7.86,0.));
#9193 = VECTOR('',#9194,1.);
#9194 = DIRECTION('',(0.,1.));
#9195 = ( GEOMETRIC_REPRESENTATION_CONTEXT(2) 
PARAMETRIC_REPRESENTATION_CONTEXT() REPRESENTATION_CONTEXT('2D SPACE',''
  ) );
#9196 = ORIENTED_EDGE('',*,*,#9197,.T.);
#9197 = EDGE_CURVE('',#9175,#9198,#9200,.T.);
#9198 = VERTEX_POINT('',#9199);
#9199 = CARTESIAN_POINT('',(16.91,36.963962,11.2));
#9200 = SURFACE_CURVE('',#9201,(#9205,#9212),.PCURVE_S1.);
#9201 = LINE('',#9202,#9203);
#9202 = CARTESIAN_POINT('',(16.91,36.963962,1.2));
#9203 = VECTOR('',#9204,1.);
#9204 = DIRECTION('',(0.,0.,1.));
#9205 = PCURVE('',#9155,#9206);
#9206 = DEFINITIONAL_REPRESENTATION('',(#9207),#9211);
#9207 = LINE('',#9208,#9209);
#9208 = CARTESIAN_POINT('',(0.,-8.5));
#9209 = VECTOR('',#9210,1.);
#9210 = DIRECTION('',(1.,0.));
#9211 = ( GEOMETRIC_REPRESENTATION_CONTEXT(2) 
PARAMETRIC_REPRESENTATION_CONTEXT() REPRESENTATION_CONTEXT('2D SPACE',''
  ) );
#9212 = PCURVE('',#9103,#9213);
#9213 = DEFINITIONAL_REPRESENTATION('',(#9214),#9218);
#9214 = LINE('',#9215,#9216);
#9215 = CARTESIAN_POINT('',(0.,7.86));
#9216 = VECTOR('',#9217,1.);
#9217 = DIRECTION('',(1.,0.));
#9218 = ( GEOMETRIC_REPRESENTATION_CONTEXT(2) 
PARAMETRIC_REPRESENTATION_CONTEXT() REPRESENTATION_CONTEXT('2D SPACE',''
  ) );
#9219 = ORIENTED_EDGE('',*,*,#9220,.F.);
#9220 = EDGE_CURVE('',#9147,#9198,#9221,.T.);
#9221 = SURFACE_CURVE('',#9222,(#9226,#9233),.PCURVE_S1.);
#9222 = LINE('',#9223,#9224);
#9223 = CARTESIAN_POINT('',(16.91,28.463962,11.2));
#9224 = VECTOR('',#9225,1.);
#9225 = DIRECTION('',(0.,1.,0.));
#9226 = PCURVE('',#9155,#9227);
#9227 = DEFINITIONAL_REPRESENTATION('',(#9228),#9232);
#9228 = LINE('',#9229,#9230);
#9229 = CARTESIAN_POINT('',(10.,0.));
#9230 = VECTOR('',#9231,1.);
#9231 = DIRECTION('',(0.,-1.));
#9232 = ( GEOMETRIC_REPRESENTATION_CONTEXT(2) 
PARAMETRIC_REPRESENTATION_CONTEXT() REPRESENTATION_CONTEXT('2D SPACE',''
  ) );
#9233 = PCURVE('',#9129,#9234);
#9234 = DEFINITIONAL_REPRESENTATION('',(#9235),#9239);
#9235 = LINE('',#9236,#9237);
#9236 = CARTESIAN_POINT('',(7.86,0.));
#9237 = VECTOR('',#9238,1.);
#9238 = DIRECTION('',(0.,1.));
#9239 = ( GEOMETRIC_REPRESENTATION_CONTEXT(2) 
PARAMETRIC_REPRESENTATION_CONTEXT() REPRESENTATION_CONTEXT('2D SPACE',''
  ) );
#9240 = ADVANCED_FACE('',(#9241),#9047,.F.);
#9241 = FACE_BOUND('',#9242,.F.);
#9242 = EDGE_LOOP('',(#9243,#9264,#9265,#9286));
#9243 = ORIENTED_EDGE('',*,*,#9244,.F.);
#9244 = EDGE_CURVE('',#9025,#9145,#9245,.T.);
#9245 = SURFACE_CURVE('',#9246,(#9250,#9257),.PCURVE_S1.);
#9246 = LINE('',#9247,#9248);
#9247 = CARTESIAN_POINT('',(9.05,28.463962,1.2));
#9248 = VECTOR('',#9249,1.);
#9249 = DIRECTION('',(1.,0.,0.));
#9250 = PCURVE('',#9047,#9251);
#9251 = DEFINITIONAL_REPRESENTATION('',(#9252),#9256);
#9252 = LINE('',#9253,#9254);
#9253 = CARTESIAN_POINT('',(0.,0.));
#9254 = VECTOR('',#9255,1.);
#9255 = DIRECTION('',(0.,1.));
#9256 = ( GEOMETRIC_REPRESENTATION_CONTEXT(2) 
PARAMETRIC_REPRESENTATION_CONTEXT() REPRESENTATION_CONTEXT('2D SPACE',''
  ) );
#9257 = PCURVE('',#9075,#9258);
#9258 = DEFINITIONAL_REPRESENTATION('',(#9259),#9263);
#9259 = LINE('',#9260,#9261);
#9260 = CARTESIAN_POINT('',(0.,0.));
#9261 = VECTOR('',#9262,1.);
#9262 = DIRECTION('',(1.,0.));
#9263 = ( GEOMETRIC_REPRESENTATION_CONTEXT(2) 
PARAMETRIC_REPRESENTATION_CONTEXT() REPRESENTATION_CONTEXT('2D SPACE',''
  ) );
#9264 = ORIENTED_EDGE('',*,*,#9024,.T.);
#9265 = ORIENTED_EDGE('',*,*,#9266,.T.);
#9266 = EDGE_CURVE('',#9027,#9147,#9267,.T.);
#9267 = SURFACE_CURVE('',#9268,(#9272,#9279),.PCURVE_S1.);
#9268 = LINE('',#9269,#9270);
#9269 = CARTESIAN_POINT('',(9.05,28.463962,11.2));
#9270 = VECTOR('',#9271,1.);
#9271 = DIRECTION('',(1.,0.,0.));
#9272 = PCURVE('',#9047,#9273);
#9273 = DEFINITIONAL_REPRESENTATION('',(#9274),#9278);
#9274 = LINE('',#9275,#9276);
#9275 = CARTESIAN_POINT('',(10.,0.));
#9276 = VECTOR('',#9277,1.);
#9277 = DIRECTION('',(0.,1.));
#9278 = ( GEOMETRIC_REPRESENTATION_CONTEXT(2) 
PARAMETRIC_REPRESENTATION_CONTEXT() REPRESENTATION_CONTEXT('2D SPACE',''
  ) );
#9279 = PCURVE('',#9129,#9280);
#9280 = DEFINITIONAL_REPRESENTATION('',(#9281),#9285);
#9281 = LINE('',#9282,#9283);
#9282 = CARTESIAN_POINT('',(0.,0.));
#9283 = VECTOR('',#9284,1.);
#9284 = DIRECTION('',(1.,0.));
#9285 = ( GEOMETRIC_REPRESENTATION_CONTEXT(2) 
PARAMETRIC_REPRESENTATION_CONTEXT() REPRESENTATION_CONTEXT('2D SPACE',''
  ) );
#9286 = ORIENTED_EDGE('',*,*,#9144,.F.);
#9287 = ADVANCED_FACE('',(#9288),#9103,.T.);
#9288 = FACE_BOUND('',#9289,.T.);
#9289 = EDGE_LOOP('',(#9290,#9311,#9312,#9333));
#9290 = ORIENTED_EDGE('',*,*,#9291,.F.);
#9291 = EDGE_CURVE('',#9060,#9175,#9292,.T.);
#9292 = SURFACE_CURVE('',#9293,(#9297,#9304),.PCURVE_S1.);
#9293 = LINE('',#9294,#9295);
#9294 = CARTESIAN_POINT('',(9.05,36.963962,1.2));
#9295 = VECTOR('',#9296,1.);
#9296 = DIRECTION('',(1.,0.,0.));
#9297 = PCURVE('',#9103,#9298);
#9298 = DEFINITIONAL_REPRESENTATION('',(#9299),#9303);
#9299 = LINE('',#9300,#9301);
#9300 = CARTESIAN_POINT('',(0.,0.));
#9301 = VECTOR('',#9302,1.);
#9302 = DIRECTION('',(0.,1.));
#9303 = ( GEOMETRIC_REPRESENTATION_CONTEXT(2) 
PARAMETRIC_REPRESENTATION_CONTEXT() REPRESENTATION_CONTEXT('2D SPACE',''
  ) );
#9304 = PCURVE('',#9075,#9305);
#9305 = DEFINITIONAL_REPRESENTATION('',(#9306),#9310);
#9306 = LINE('',#9307,#9308);
#9307 = CARTESIAN_POINT('',(0.,8.5));
#9308 = VECTOR('',#9309,1.);
#9309 = DIRECTION('',(1.,0.));
#9310 = ( GEOMETRIC_REPRESENTATION_CONTEXT(2) 
PARAMETRIC_REPRESENTATION_CONTEXT() REPRESENTATION_CONTEXT('2D SPACE',''
  ) );
#9311 = ORIENTED_EDGE('',*,*,#9087,.T.);
#9312 = ORIENTED_EDGE('',*,*,#9313,.T.);
#9313 = EDGE_CURVE('',#9088,#9198,#9314,.T.);
#9314 = SURFACE_CURVE('',#9315,(#9319,#9326),.PCURVE_S1.);
#9315 = LINE('',#9316,#9317);
#9316 = CARTESIAN_POINT('',(9.05,36.963962,11.2));
#9317 = VECTOR('',#9318,1.);
#9318 = DIRECTION('',(1.,0.,0.));
#9319 = PCURVE('',#9103,#9320);
#9320 = DEFINITIONAL_REPRESENTATION('',(#9321),#9325);
#9321 = LINE('',#9322,#9323);
#9322 = CARTESIAN_POINT('',(10.,0.));
#9323 = VECTOR('',#9324,1.);
#9324 = DIRECTION('',(0.,1.));
#9325 = ( GEOMETRIC_REPRESENTATION_CONTEXT(2) 
PARAMETRIC_REPRESENTATION_CONTEXT() REPRESENTATION_CONTEXT('2D SPACE',''
  ) );
#9326 = PCURVE('',#9129,#9327);
#9327 = DEFINITIONAL_REPRESENTATION('',(#9328),#9332);
#9328 = LINE('',#9329,#9330);
#9329 = CARTESIAN_POINT('',(0.,8.5));
#9330 = VECTOR('',#9331,1.);
#9331 = DIRECTION('',(1.,0.));
#9332 = ( GEOMETRIC_REPRESENTATION_CONTEXT(2) 
PARAMETRIC_REPRESENTATION_CONTEXT() REPRESENTATION_CONTEXT('2D SPACE',''
  ) );
#9333 = ORIENTED_EDGE('',*,*,#9197,.F.);
#9334 = ADVANCED_FACE('',(#9335),#9075,.F.);
#9335 = FACE_BOUND('',#9336,.F.);
#9336 = EDGE_LOOP('',(#9337,#9338,#9339,#9340));
#9337 = ORIENTED_EDGE('',*,*,#9059,.F.);
#9338 = ORIENTED_EDGE('',*,*,#9244,.T.);
#9339 = ORIENTED_EDGE('',*,*,#9174,.T.);
#9340 = ORIENTED_EDGE('',*,*,#9291,.F.);
#9341 = ADVANCED_FACE('',(#9342),#9129,.T.);
#9342 = FACE_BOUND('',#9343,.T.);
#9343 = EDGE_LOOP('',(#9344,#9345,#9346,#9347));
#9344 = ORIENTED_EDGE('',*,*,#9115,.F.);
#9345 = ORIENTED_EDGE('',*,*,#9266,.T.);
#9346 = ORIENTED_EDGE('',*,*,#9220,.T.);
#9347 = ORIENTED_EDGE('',*,*,#9313,.F.);
#9348 = ( GEOMETRIC_REPRESENTATION_CONTEXT(3) 
GLOBAL_UNCERTAINTY_ASSIGNED_CONTEXT((#9352)) 
GLOBAL_UNIT_ASSIGNED_CONTEXT((#9349,#9350,#9351)) REPRESENTATION_CONTEXT
('Context #1','3D Context with UNIT and UNCERTAINTY') );
#9349 = ( LENGTH_UNIT() NAMED_UNIT(*) SI_UNIT(.MILLI.,.METRE.) );
#9350 = ( NAMED_UNIT(*) PLANE_ANGLE_UNIT() SI_UNIT($,.RADIAN.) );
#9351 = ( NAMED_UNIT(*) SI_UNIT($,.STERADIAN.) SOLID_ANGLE_UNIT() );
#9352 = UNCERTAINTY_MEASURE_WITH_UNIT(LENGTH_MEASURE(1.E-07),#9349,
  'distance_accuracy_value','confusion accuracy');
#9353 = CONTEXT_DEPENDENT_SHAPE_REPRESENTATION(#9354,#9356);
#9354 = ( REPRESENTATION_RELATIONSHIP('','',#9017,#10) 
REPRESENTATION_RELATIONSHIP_WITH_TRANSFORMATION(#9355) 
SHAPE_REPRESENTATION_RELATIONSHIP() );
#9355 = ITEM_DEFINED_TRANSFORMATION('','',#11,#31);
#9356 = PRODUCT_DEFINITION_SHAPE('Placement','Placement of an item',
  #9357);
#9357 = NEXT_ASSEMBLY_USAGE_OCCURRENCE('5','','',#5,#9012,$);
#9358 = PRODUCT_RELATED_PRODUCT_CATEGORY('part',$,(#9014));
#9359 = SHAPE_DEFINITION_REPRESENTATION(#9360,#9366);
#9360 = PRODUCT_DEFINITION_SHAPE('','',#9361);
#9361 = PRODUCT_DEFINITION('design','',#9362,#9365);
#9362 = PRODUCT_DEFINITION_FORMATION('','',#9363);
#9363 = PRODUCT('Open CASCADE STEP translator 8.0 2.6',
  'Open CASCADE STEP translator 8.0 2.6','',(#9364));
#9364 = PRODUCT_CONTEXT('',#2,'mechanical');
#9365 = PRODUCT_DEFINITION_CONTEXT('part definition',#2,'design');
#9366 = ADVANCED_BREP_SHAPE_REPRESENTATION('',(#11,#9367),#9697);
#9367 = MANIFOLD_SOLID_BREP('',#9368);
#9368 = CLOSED_SHELL('',(#9369,#9489,#9589,#9636,#9683,#9690));
#9369 = ADVANCED_FACE('',(#9370),#9384,.F.);
#9370 = FACE_BOUND('',#9371,.F.);
#9371 = EDGE_LOOP('',(#9372,#9407,#9435,#9463));
#9372 = ORIENTED_EDGE('',*,*,#9373,.F.);
#9373 = EDGE_CURVE('',#9374,#9376,#9378,.T.);
#9374 = VERTEX_POINT('',#9375);
#9375 = CARTESIAN_POINT('',(42.05,49.463962,1.2));
#9376 = VERTEX_POINT('',#9377);
#9377 = CARTESIAN_POINT('',(42.05,49.463962,11.2));
#9378 = SURFACE_CURVE('',#9379,(#9383,#9395),.PCURVE_S1.);
#9379 = LINE('',#9380,#9381);
#9380 = CARTESIAN_POINT('',(42.05,49.463962,1.2));
#9381 = VECTOR('',#9382,1.);
#9382 = DIRECTION('',(0.,0.,1.));
#9383 = PCURVE('',#9384,#9389);
#9384 = PLANE('',#9385);
#9385 = AXIS2_PLACEMENT_3D('',#9386,#9387,#9388);
#9386 = CARTESIAN_POINT('',(42.05,49.463962,1.2));
#9387 = DIRECTION('',(1.,0.,0.));
#9388 = DIRECTION('',(0.,0.,1.));
#9389 = DEFINITIONAL_REPRESENTATION('',(#9390),#9394);
#9390 = LINE('',#9391,#9392);
#9391 = CARTESIAN_POINT('',(0.,0.));
#9392 = VECTOR('',#9393,1.);
#9393 = DIRECTION('',(1.,0.));
#9394 = ( GEOMETRIC_REPRESENTATION_CONTEXT(2) 
PARAMETRIC_REPRESENTATION_CONTEXT() REPRESENTATION_CONTEXT('2D SPACE',''
  ) );
#9395 = PCURVE('',#9396,#9401);
#9396 = PLANE('',#9397);
#9397 = AXIS2_PLACEMENT_3D('',#9398,#9399,#9400);
#9398 = CARTESIAN_POINT('',(42.05,49.463962,1.2));
#9399 = DIRECTION('',(0.,1.,0.));
#9400 = DIRECTION('',(0.,0.,1.));
#9401 = DEFINITIONAL_REPRESENTATION('',(#9402),#9406);
#9402 = LINE('',#9403,#9404);
#9403 = CARTESIAN_POINT('',(0.,0.));
#9404 = VECTOR('',#9405,1.);
#9405 = DIRECTION('',(1.,0.));
#9406 = ( GEOMETRIC_REPRESENTATION_CONTEXT(2) 
PARAMETRIC_REPRESENTATION_CONTEXT() REPRESENTATION_CONTEXT('2D SPACE',''
  ) );
#9407 = ORIENTED_EDGE('',*,*,#9408,.T.);
#9408 = EDGE_CURVE('',#9374,#9409,#9411,.T.);
#9409 = VERTEX_POINT('',#9410);
#9410 = CARTESIAN_POINT('',(42.05,57.963962,1.2));
#9411 = SURFACE_CURVE('',#9412,(#9416,#9423),.PCURVE_S1.);
#9412 = LINE('',#9413,#9414);
#9413 = CARTESIAN_POINT('',(42.05,49.463962,1.2));
#9414 = VECTOR('',#9415,1.);
#9415 = DIRECTION('',(0.,1.,0.));
#9416 = PCURVE('',#9384,#9417);
#9417 = DEFINITIONAL_REPRESENTATION('',(#9418),#9422);
#9418 = LINE('',#9419,#9420);
#9419 = CARTESIAN_POINT('',(0.,0.));
#9420 = VECTOR('',#9421,1.);
#9421 = DIRECTION('',(0.,-1.));
#9422 = ( GEOMETRIC_REPRESENTATION_CONTEXT(2) 
PARAMETRIC_REPRESENTATION_CONTEXT() REPRESENTATION_CONTEXT('2D SPACE',''
  ) );
#9423 = PCURVE('',#9424,#9429);
#9424 = PLANE('',#9425);
#9425 = AXIS2_PLACEMENT_3D('',#9426,#9427,#9428);
#9426 = CARTESIAN_POINT('',(42.05,49.463962,1.2));
#9427 = DIRECTION('',(0.,0.,1.));
#9428 = DIRECTION('',(1.,0.,0.));
#9429 = DEFINITIONAL_REPRESENTATION('',(#9430),#9434);
#9430 = LINE('',#9431,#9432);
#9431 = CARTESIAN_POINT('',(0.,0.));
#9432 = VECTOR('',#9433,1.);
#9433 = DIRECTION('',(0.,1.));
#9434 = ( GEOMETRIC_REPRESENTATION_CONTEXT(2) 
PARAMETRIC_REPRESENTATION_CONTEXT() REPRESENTATION_CONTEXT('2D SPACE',''
  ) );
#9435 = ORIENTED_EDGE('',*,*,#9436,.T.);
#9436 = EDGE_CURVE('',#9409,#9437,#9439,.T.);
#9437 = VERTEX_POINT('',#9438);
#9438 = CARTESIAN_POINT('',(42.05,57.963962,11.2));
#9439 = SURFACE_CURVE('',#9440,(#9444,#9451),.PCURVE_S1.);
#9440 = LINE('',#9441,#9442);
#9441 = CARTESIAN_POINT('',(42.05,57.963962,1.2));
#9442 = VECTOR('',#9443,1.);
#9443 = DIRECTION('',(0.,0.,1.));
#9444 = PCURVE('',#9384,#9445);
#9445 = DEFINITIONAL_REPRESENTATION('',(#9446),#9450);
#9446 = LINE('',#9447,#9448);
#9447 = CARTESIAN_POINT('',(0.,-8.5));
#9448 = VECTOR('',#9449,1.);
#9449 = DIRECTION('',(1.,0.));
#9450 = ( GEOMETRIC_REPRESENTATION_CONTEXT(2) 
PARAMETRIC_REPRESENTATION_CONTEXT() REPRESENTATION_CONTEXT('2D SPACE',''
  ) );
#9451 = PCURVE('',#9452,#9457);
#9452 = PLANE('',#9453);
#9453 = AXIS2_PLACEMENT_3D('',#9454,#9455,#9456);
#9454 = CARTESIAN_POINT('',(42.05,57.963962,1.2));
#9455 = DIRECTION('',(0.,1.,0.));
#9456 = DIRECTION('',(0.,0.,1.));
#9457 = DEFINITIONAL_REPRESENTATION('',(#9458),#9462);
#9458 = LINE('',#9459,#9460);
#9459 = CARTESIAN_POINT('',(0.,0.));
#9460 = VECTOR('',#9461,1.);
#9461 = DIRECTION('',(1.,0.));
#9462 = ( GEOMETRIC_REPRESENTATION_CONTEXT(2) 
PARAMETRIC_REPRESENTATION_CONTEXT() REPRESENTATION_CONTEXT('2D SPACE',''
  ) );
#9463 = ORIENTED_EDGE('',*,*,#9464,.F.);
#9464 = EDGE_CURVE('',#9376,#9437,#9465,.T.);
#9465 = SURFACE_CURVE('',#9466,(#9470,#9477),.PCURVE_S1.);
#9466 = LINE('',#9467,#9468);
#9467 = CARTESIAN_POINT('',(42.05,49.463962,11.2));
#9468 = VECTOR('',#9469,1.);
#9469 = DIRECTION('',(0.,1.,0.));
#9470 = PCURVE('',#9384,#9471);
#9471 = DEFINITIONAL_REPRESENTATION('',(#9472),#9476);
#9472 = LINE('',#9473,#9474);
#9473 = CARTESIAN_POINT('',(10.,0.));
#9474 = VECTOR('',#9475,1.);
#9475 = DIRECTION('',(0.,-1.));
#9476 = ( GEOMETRIC_REPRESENTATION_CONTEXT(2) 
PARAMETRIC_REPRESENTATION_CONTEXT() REPRESENTATION_CONTEXT('2D SPACE',''
  ) );
#9477 = PCURVE('',#9478,#9483);
#9478 = PLANE('',#9479);
#9479 = AXIS2_PLACEMENT_3D('',#9480,#9481,#9482);
#9480 = CARTESIAN_POINT('',(42.05,49.463962,11.2));
#9481 = DIRECTION('',(0.,0.,1.));
#9482 = DIRECTION('',(1.,0.,0.));
#9483 = DEFINITIONAL_REPRESENTATION('',(#9484),#9488);
#9484 = LINE('',#9485,#9486);
#9485 = CARTESIAN_POINT('',(0.,0.));
#9486 = VECTOR('',#9487,1.);
#9487 = DIRECTION('',(0.,1.));
#9488 = ( GEOMETRIC_REPRESENTATION_CONTEXT(2) 
PARAMETRIC_REPRESENTATION_CONTEXT() REPRESENTATION_CONTEXT('2D SPACE',''
  ) );
#9489 = ADVANCED_FACE('',(#9490),#9504,.T.);
#9490 = FACE_BOUND('',#9491,.T.);
#9491 = EDGE_LOOP('',(#9492,#9522,#9545,#9568));
#9492 = ORIENTED_EDGE('',*,*,#9493,.F.);
#9493 = EDGE_CURVE('',#9494,#9496,#9498,.T.);
#9494 = VERTEX_POINT('',#9495);
#9495 = CARTESIAN_POINT('',(49.91,49.463962,1.2));
#9496 = VERTEX_POINT('',#9497);
#9497 = CARTESIAN_POINT('',(49.91,49.463962,11.2));
#9498 = SURFACE_CURVE('',#9499,(#9503,#9515),.PCURVE_S1.);
#9499 = LINE('',#9500,#9501);
#9500 = CARTESIAN_POINT('',(49.91,49.463962,1.2));
#9501 = VECTOR('',#9502,1.);
#9502 = DIRECTION('',(0.,0.,1.));
#9503 = PCURVE('',#9504,#9509);
#9504 = PLANE('',#9505);
#9505 = AXIS2_PLACEMENT_3D('',#9506,#9507,#9508);
#9506 = CARTESIAN_POINT('',(49.91,49.463962,1.2));
#9507 = DIRECTION('',(1.,0.,0.));
#9508 = DIRECTION('',(0.,0.,1.));
#9509 = DEFINITIONAL_REPRESENTATION('',(#9510),#9514);
#9510 = LINE('',#9511,#9512);
#9511 = CARTESIAN_POINT('',(0.,0.));
#9512 = VECTOR('',#9513,1.);
#9513 = DIRECTION('',(1.,0.));
#9514 = ( GEOMETRIC_REPRESENTATION_CONTEXT(2) 
PARAMETRIC_REPRESENTATION_CONTEXT() REPRESENTATION_CONTEXT('2D SPACE',''
  ) );
#9515 = PCURVE('',#9396,#9516);
#9516 = DEFINITIONAL_REPRESENTATION('',(#9517),#9521);
#9517 = LINE('',#9518,#9519);
#9518 = CARTESIAN_POINT('',(0.,7.86));
#9519 = VECTOR('',#9520,1.);
#9520 = DIRECTION('',(1.,0.));
#9521 = ( GEOMETRIC_REPRESENTATION_CONTEXT(2) 
PARAMETRIC_REPRESENTATION_CONTEXT() REPRESENTATION_CONTEXT('2D SPACE',''
  ) );
#9522 = ORIENTED_EDGE('',*,*,#9523,.T.);
#9523 = EDGE_CURVE('',#9494,#9524,#9526,.T.);
#9524 = VERTEX_POINT('',#9525);
#9525 = CARTESIAN_POINT('',(49.91,57.963962,1.2));
#9526 = SURFACE_CURVE('',#9527,(#9531,#9538),.PCURVE_S1.);
#9527 = LINE('',#9528,#9529);
#9528 = CARTESIAN_POINT('',(49.91,49.463962,1.2));
#9529 = VECTOR('',#9530,1.);
#9530 = DIRECTION('',(0.,1.,0.));
#9531 = PCURVE('',#9504,#9532);
#9532 = DEFINITIONAL_REPRESENTATION('',(#9533),#9537);
#9533 = LINE('',#9534,#9535);
#9534 = CARTESIAN_POINT('',(0.,0.));
#9535 = VECTOR('',#9536,1.);
#9536 = DIRECTION('',(0.,-1.));
#9537 = ( GEOMETRIC_REPRESENTATION_CONTEXT(2) 
PARAMETRIC_REPRESENTATION_CONTEXT() REPRESENTATION_CONTEXT('2D SPACE',''
  ) );
#9538 = PCURVE('',#9424,#9539);
#9539 = DEFINITIONAL_REPRESENTATION('',(#9540),#9544);
#9540 = LINE('',#9541,#9542);
#9541 = CARTESIAN_POINT('',(7.86,0.));
#9542 = VECTOR('',#9543,1.);
#9543 = DIRECTION('',(0.,1.));
#9544 = ( GEOMETRIC_REPRESENTATION_CONTEXT(2) 
PARAMETRIC_REPRESENTATION_CONTEXT() REPRESENTATION_CONTEXT('2D SPACE',''
  ) );
#9545 = ORIENTED_EDGE('',*,*,#9546,.T.);
#9546 = EDGE_CURVE('',#9524,#9547,#9549,.T.);
#9547 = VERTEX_POINT('',#9548);
#9548 = CARTESIAN_POINT('',(49.91,57.963962,11.2));
#9549 = SURFACE_CURVE('',#9550,(#9554,#9561),.PCURVE_S1.);
#9550 = LINE('',#9551,#9552);
#9551 = CARTESIAN_POINT('',(49.91,57.963962,1.2));
#9552 = VECTOR('',#9553,1.);
#9553 = DIRECTION('',(0.,0.,1.));
#9554 = PCURVE('',#9504,#9555);
#9555 = DEFINITIONAL_REPRESENTATION('',(#9556),#9560);
#9556 = LINE('',#9557,#9558);
#9557 = CARTESIAN_POINT('',(0.,-8.5));
#9558 = VECTOR('',#9559,1.);
#9559 = DIRECTION('',(1.,0.));
#9560 = ( GEOMETRIC_REPRESENTATION_CONTEXT(2) 
PARAMETRIC_REPRESENTATION_CONTEXT() REPRESENTATION_CONTEXT('2D SPACE',''
  ) );
#9561 = PCURVE('',#9452,#9562);
#9562 = DEFINITIONAL_REPRESENTATION('',(#9563),#9567);
#9563 = LINE('',#9564,#9565);
#9564 = CARTESIAN_POINT('',(0.,7.86));
#9565 = VECTOR('',#9566,1.);
#9566 = DIRECTION('',(1.,0.));
#9567 = ( GEOMETRIC_REPRESENTATION_CONTEXT(2) 
PARAMETRIC_REPRESENTATION_CONTEXT() REPRESENTATION_CONTEXT('2D SPACE',''
  ) );
#9568 = ORIENTED_EDGE('',*,*,#9569,.F.);
#9569 = EDGE_CURVE('',#9496,#9547,#9570,.T.);
#9570 = SURFACE_CURVE('',#9571,(#9575,#9582),.PCURVE_S1.);
#9571 = LINE('',#9572,#9573);
#9572 = CARTESIAN_POINT('',(49.91,49.463962,11.2));
#9573 = VECTOR('',#9574,1.);
#9574 = DIRECTION('',(0.,1.,0.));
#9575 = PCURVE('',#9504,#9576);
#9576 = DEFINITIONAL_REPRESENTATION('',(#9577),#9581);
#9577 = LINE('',#9578,#9579);
#9578 = CARTESIAN_POINT('',(10.,0.));
#9579 = VECTOR('',#9580,1.);
#9580 = DIRECTION('',(0.,-1.));
#9581 = ( GEOMETRIC_REPRESENTATION_CONTEXT(2) 
PARAMETRIC_REPRESENTATION_CONTEXT() REPRESENTATION_CONTEXT('2D SPACE',''
  ) );
#9582 = PCURVE('',#9478,#9583);
#9583 = DEFINITIONAL_REPRESENTATION('',(#9584),#9588);
#9584 = LINE('',#9585,#9586);
#9585 = CARTESIAN_POINT('',(7.86,0.));
#9586 = VECTOR('',#9587,1.);
#9587 = DIRECTION('',(0.,1.));
#9588 = ( GEOMETRIC_REPRESENTATION_CONTEXT(2) 
PARAMETRIC_REPRESENTATION_CONTEXT() REPRESENTATION_CONTEXT('2D SPACE',''
  ) );
#9589 = ADVANCED_FACE('',(#9590),#9396,.F.);
#9590 = FACE_BOUND('',#9591,.F.);
#9591 = EDGE_LOOP('',(#9592,#9613,#9614,#9635));
#9592 = ORIENTED_EDGE('',*,*,#9593,.F.);
#9593 = EDGE_CURVE('',#9374,#9494,#9594,.T.);
#9594 = SURFACE_CURVE('',#9595,(#9599,#9606),.PCURVE_S1.);
#9595 = LINE('',#9596,#9597);
#9596 = CARTESIAN_POINT('',(42.05,49.463962,1.2));
#9597 = VECTOR('',#9598,1.);
#9598 = DIRECTION('',(1.,0.,0.));
#9599 = PCURVE('',#9396,#9600);
#9600 = DEFINITIONAL_REPRESENTATION('',(#9601),#9605);
#9601 = LINE('',#9602,#9603);
#9602 = CARTESIAN_POINT('',(0.,0.));
#9603 = VECTOR('',#9604,1.);
#9604 = DIRECTION('',(0.,1.));
#9605 = ( GEOMETRIC_REPRESENTATION_CONTEXT(2) 
PARAMETRIC_REPRESENTATION_CONTEXT() REPRESENTATION_CONTEXT('2D SPACE',''
  ) );
#9606 = PCURVE('',#9424,#9607);
#9607 = DEFINITIONAL_REPRESENTATION('',(#9608),#9612);
#9608 = LINE('',#9609,#9610);
#9609 = CARTESIAN_POINT('',(0.,0.));
#9610 = VECTOR('',#9611,1.);
#9611 = DIRECTION('',(1.,0.));
#9612 = ( GEOMETRIC_REPRESENTATION_CONTEXT(2) 
PARAMETRIC_REPRESENTATION_CONTEXT() REPRESENTATION_CONTEXT('2D SPACE',''
  ) );
#9613 = ORIENTED_EDGE('',*,*,#9373,.T.);
#9614 = ORIENTED_EDGE('',*,*,#9615,.T.);
#9615 = EDGE_CURVE('',#9376,#9496,#9616,.T.);
#9616 = SURFACE_CURVE('',#9617,(#9621,#9628),.PCURVE_S1.);
#9617 = LINE('',#9618,#9619);
#9618 = CARTESIAN_POINT('',(42.05,49.463962,11.2));
#9619 = VECTOR('',#9620,1.);
#9620 = DIRECTION('',(1.,0.,0.));
#9621 = PCURVE('',#9396,#9622);
#9622 = DEFINITIONAL_REPRESENTATION('',(#9623),#9627);
#9623 = LINE('',#9624,#9625);
#9624 = CARTESIAN_POINT('',(10.,0.));
#9625 = VECTOR('',#9626,1.);
#9626 = DIRECTION('',(0.,1.));
#9627 = ( GEOMETRIC_REPRESENTATION_CONTEXT(2) 
PARAMETRIC_REPRESENTATION_CONTEXT() REPRESENTATION_CONTEXT('2D SPACE',''
  ) );
#9628 = PCURVE('',#9478,#9629);
#9629 = DEFINITIONAL_REPRESENTATION('',(#9630),#9634);
#9630 = LINE('',#9631,#9632);
#9631 = CARTESIAN_POINT('',(0.,0.));
#9632 = VECTOR('',#9633,1.);
#9633 = DIRECTION('',(1.,0.));
#9634 = ( GEOMETRIC_REPRESENTATION_CONTEXT(2) 
PARAMETRIC_REPRESENTATION_CONTEXT() REPRESENTATION_CONTEXT('2D SPACE',''
  ) );
#9635 = ORIENTED_EDGE('',*,*,#9493,.F.);
#9636 = ADVANCED_FACE('',(#9637),#9452,.T.);
#9637 = FACE_BOUND('',#9638,.T.);
#9638 = EDGE_LOOP('',(#9639,#9660,#9661,#9682));
#9639 = ORIENTED_EDGE('',*,*,#9640,.F.);
#9640 = EDGE_CURVE('',#9409,#9524,#9641,.T.);
#9641 = SURFACE_CURVE('',#9642,(#9646,#9653),.PCURVE_S1.);
#9642 = LINE('',#9643,#9644);
#9643 = CARTESIAN_POINT('',(42.05,57.963962,1.2));
#9644 = VECTOR('',#9645,1.);
#9645 = DIRECTION('',(1.,0.,0.));
#9646 = PCURVE('',#9452,#9647);
#9647 = DEFINITIONAL_REPRESENTATION('',(#9648),#9652);
#9648 = LINE('',#9649,#9650);
#9649 = CARTESIAN_POINT('',(0.,0.));
#9650 = VECTOR('',#9651,1.);
#9651 = DIRECTION('',(0.,1.));
#9652 = ( GEOMETRIC_REPRESENTATION_CONTEXT(2) 
PARAMETRIC_REPRESENTATION_CONTEXT() REPRESENTATION_CONTEXT('2D SPACE',''
  ) );
#9653 = PCURVE('',#9424,#9654);
#9654 = DEFINITIONAL_REPRESENTATION('',(#9655),#9659);
#9655 = LINE('',#9656,#9657);
#9656 = CARTESIAN_POINT('',(0.,8.5));
#9657 = VECTOR('',#9658,1.);
#9658 = DIRECTION('',(1.,0.));
#9659 = ( GEOMETRIC_REPRESENTATION_CONTEXT(2) 
PARAMETRIC_REPRESENTATION_CONTEXT() REPRESENTATION_CONTEXT('2D SPACE',''
  ) );
#9660 = ORIENTED_EDGE('',*,*,#9436,.T.);
#9661 = ORIENTED_EDGE('',*,*,#9662,.T.);
#9662 = EDGE_CURVE('',#9437,#9547,#9663,.T.);
#9663 = SURFACE_CURVE('',#9664,(#9668,#9675),.PCURVE_S1.);
#9664 = LINE('',#9665,#9666);
#9665 = CARTESIAN_POINT('',(42.05,57.963962,11.2));
#9666 = VECTOR('',#9667,1.);
#9667 = DIRECTION('',(1.,0.,0.));
#9668 = PCURVE('',#9452,#9669);
#9669 = DEFINITIONAL_REPRESENTATION('',(#9670),#9674);
#9670 = LINE('',#9671,#9672);
#9671 = CARTESIAN_POINT('',(10.,0.));
#9672 = VECTOR('',#9673,1.);
#9673 = DIRECTION('',(0.,1.));
#9674 = ( GEOMETRIC_REPRESENTATION_CONTEXT(2) 
PARAMETRIC_REPRESENTATION_CONTEXT() REPRESENTATION_CONTEXT('2D SPACE',''
  ) );
#9675 = PCURVE('',#9478,#9676);
#9676 = DEFINITIONAL_REPRESENTATION('',(#9677),#9681);
#9677 = LINE('',#9678,#9679);
#9678 = CARTESIAN_POINT('',(0.,8.5));
#9679 = VECTOR('',#9680,1.);
#9680 = DIRECTION('',(1.,0.));
#9681 = ( GEOMETRIC_REPRESENTATION_CONTEXT(2) 
PARAMETRIC_REPRESENTATION_CONTEXT() REPRESENTATION_CONTEXT('2D SPACE',''
  ) );
#9682 = ORIENTED_EDGE('',*,*,#9546,.F.);
#9683 = ADVANCED_FACE('',(#9684),#9424,.F.);
#9684 = FACE_BOUND('',#9685,.F.);
#9685 = EDGE_LOOP('',(#9686,#9687,#9688,#9689));
#9686 = ORIENTED_EDGE('',*,*,#9408,.F.);
#9687 = ORIENTED_EDGE('',*,*,#9593,.T.);
#9688 = ORIENTED_EDGE('',*,*,#9523,.T.);
#9689 = ORIENTED_EDGE('',*,*,#9640,.F.);
#9690 = ADVANCED_FACE('',(#9691),#9478,.T.);
#9691 = FACE_BOUND('',#9692,.T.);
#9692 = EDGE_LOOP('',(#9693,#9694,#9695,#9696));
#9693 = ORIENTED_EDGE('',*,*,#9464,.F.);
#9694 = ORIENTED_EDGE('',*,*,#9615,.T.);
#9695 = ORIENTED_EDGE('',*,*,#9569,.T.);
#9696 = ORIENTED_EDGE('',*,*,#9662,.F.);
#9697 = ( GEOMETRIC_REPRESENTATION_CONTEXT(3) 
GLOBAL_UNCERTAINTY_ASSIGNED_CONTEXT((#9701)) 
GLOBAL_UNIT_ASSIGNED_CONTEXT((#9698,#9699,#9700)) REPRESENTATION_CONTEXT
('Context #1','3D Context with UNIT and UNCERTAINTY') );
#9698 = ( LENGTH_UNIT() NAMED_UNIT(*) SI_UNIT(.MILLI.,.METRE.) );
#9699 = ( NAMED_UNIT(*) PLANE_ANGLE_UNIT() SI_UNIT($,.RADIAN.) );
#9700 = ( NAMED_UNIT(*) SI_UNIT($,.STERADIAN.) SOLID_ANGLE_UNIT() );
#9701 = UNCERTAINTY_MEASURE_WITH_UNIT(LENGTH_MEASURE(1.E-07),#9698,
  'distance_accuracy_value','confusion accuracy');
#9702 = CONTEXT_DEPENDENT_SHAPE_REPRESENTATION(#9703,#9705);
#9703 = ( REPRESENTATION_RELATIONSHIP('','',#9366,#10) 
REPRESENTATION_RELATIONSHIP_WITH_TRANSFORMATION(#9704) 
SHAPE_REPRESENTATION_RELATIONSHIP() );
#9704 = ITEM_DEFINED_TRANSFORMATION('','',#11,#35);
#9705 = PRODUCT_DEFINITION_SHAPE('Placement','Placement of an item',
  #9706);
#9706 = NEXT_ASSEMBLY_USAGE_OCCURRENCE('6','','',#5,#9361,$);
#9707 = PRODUCT_RELATED_PRODUCT_CATEGORY('part',$,(#9363));
#9708 = SHAPE_DEFINITION_REPRESENTATION(#9709,#9715);
#9709 = PRODUCT_DEFINITION_SHAPE('','',#9710);
#9710 = PRODUCT_DEFINITION('design','',#9711,#9714);
#9711 = PRODUCT_DEFINITION_FORMATION('','',#9712);
#9712 = PRODUCT('Open CASCADE STEP translator 8.0 2.7',
  'Open CASCADE STEP translator 8.0 2.7','',(#9713));
#9713 = PRODUCT_CONTEXT('',#2,'mechanical');
#9714 = PRODUCT_DEFINITION_CONTEXT('part definition',#2,'design');
#9715 = ADVANCED_BREP_SHAPE_REPRESENTATION('',(#11,#9716),#10046);
#9716 = MANIFOLD_SOLID_BREP('',#9717);
#9717 = CLOSED_SHELL('',(#9718,#9838,#9938,#9985,#10032,#10039));
#9718 = ADVANCED_FACE('',(#9719),#9733,.F.);
#9719 = FACE_BOUND('',#9720,.F.);
#9720 = EDGE_LOOP('',(#9721,#9756,#9784,#9812));
#9721 = ORIENTED_EDGE('',*,*,#9722,.F.);
#9722 = EDGE_CURVE('',#9723,#9725,#9727,.T.);
#9723 = VERTEX_POINT('',#9724);
#9724 = CARTESIAN_POINT('',(9.05,49.463962,1.2));
#9725 = VERTEX_POINT('',#9726);
#9726 = CARTESIAN_POINT('',(9.05,49.463962,11.2));
#9727 = SURFACE_CURVE('',#9728,(#9732,#9744),.PCURVE_S1.);
#9728 = LINE('',#9729,#9730);
#9729 = CARTESIAN_POINT('',(9.05,49.463962,1.2));
#9730 = VECTOR('',#9731,1.);
#9731 = DIRECTION('',(0.,0.,1.));
#9732 = PCURVE('',#9733,#9738);
#9733 = PLANE('',#9734);
#9734 = AXIS2_PLACEMENT_3D('',#9735,#9736,#9737);
#9735 = CARTESIAN_POINT('',(9.05,49.463962,1.2));
#9736 = DIRECTION('',(1.,0.,0.));
#9737 = DIRECTION('',(0.,0.,1.));
#9738 = DEFINITIONAL_REPRESENTATION('',(#9739),#9743);
#9739 = LINE('',#9740,#9741);
#9740 = CARTESIAN_POINT('',(0.,0.));
#9741 = VECTOR('',#9742,1.);
#9742 = DIRECTION('',(1.,0.));
#9743 = ( GEOMETRIC_REPRESENTATION_CONTEXT(2) 
PARAMETRIC_REPRESENTATION_CONTEXT() REPRESENTATION_CONTEXT('2D SPACE',''
  ) );
#9744 = PCURVE('',#9745,#9750);
#9745 = PLANE('',#9746);
#9746 = AXIS2_PLACEMENT_3D('',#9747,#9748,#9749);
#9747 = CARTESIAN_POINT('',(9.05,49.463962,1.2));
#9748 = DIRECTION('',(0.,1.,0.));
#9749 = DIRECTION('',(0.,0.,1.));
#9750 = DEFINITIONAL_REPRESENTATION('',(#9751),#9755);
#9751 = LINE('',#9752,#9753);
#9752 = CARTESIAN_POINT('',(0.,0.));
#9753 = VECTOR('',#9754,1.);
#9754 = DIRECTION('',(1.,0.));
#9755 = ( GEOMETRIC_REPRESENTATION_CONTEXT(2) 
PARAMETRIC_REPRESENTATION_CONTEXT() REPRESENTATION_CONTEXT('2D SPACE',''
  ) );
#9756 = ORIENTED_EDGE('',*,*,#9757,.T.);
#9757 = EDGE_CURVE('',#9723,#9758,#9760,.T.);
#9758 = VERTEX_POINT('',#9759);
#9759 = CARTESIAN_POINT('',(9.05,57.963962,1.2));
#9760 = SURFACE_CURVE('',#9761,(#9765,#9772),.PCURVE_S1.);
#9761 = LINE('',#9762,#9763);
#9762 = CARTESIAN_POINT('',(9.05,49.463962,1.2));
#9763 = VECTOR('',#9764,1.);
#9764 = DIRECTION('',(0.,1.,0.));
#9765 = PCURVE('',#9733,#9766);
#9766 = DEFINITIONAL_REPRESENTATION('',(#9767),#9771);
#9767 = LINE('',#9768,#9769);
#9768 = CARTESIAN_POINT('',(0.,0.));
#9769 = VECTOR('',#9770,1.);
#9770 = DIRECTION('',(0.,-1.));
#9771 = ( GEOMETRIC_REPRESENTATION_CONTEXT(2) 
PARAMETRIC_REPRESENTATION_CONTEXT() REPRESENTATION_CONTEXT('2D SPACE',''
  ) );
#9772 = PCURVE('',#9773,#9778);
#9773 = PLANE('',#9774);
#9774 = AXIS2_PLACEMENT_3D('',#9775,#9776,#9777);
#9775 = CARTESIAN_POINT('',(9.05,49.463962,1.2));
#9776 = DIRECTION('',(0.,0.,1.));
#9777 = DIRECTION('',(1.,0.,0.));
#9778 = DEFINITIONAL_REPRESENTATION('',(#9779),#9783);
#9779 = LINE('',#9780,#9781);
#9780 = CARTESIAN_POINT('',(0.,0.));
#9781 = VECTOR('',#9782,1.);
#9782 = DIRECTION('',(0.,1.));
#9783 = ( GEOMETRIC_REPRESENTATION_CONTEXT(2) 
PARAMETRIC_REPRESENTATION_CONTEXT() REPRESENTATION_CONTEXT('2D SPACE',''
  ) );
#9784 = ORIENTED_EDGE('',*,*,#9785,.T.);
#9785 = EDGE_CURVE('',#9758,#9786,#9788,.T.);
#9786 = VERTEX_POINT('',#9787);
#9787 = CARTESIAN_POINT('',(9.05,57.963962,11.2));
#9788 = SURFACE_CURVE('',#9789,(#9793,#9800),.PCURVE_S1.);
#9789 = LINE('',#9790,#9791);
#9790 = CARTESIAN_POINT('',(9.05,57.963962,1.2));
#9791 = VECTOR('',#9792,1.);
#9792 = DIRECTION('',(0.,0.,1.));
#9793 = PCURVE('',#9733,#9794);
#9794 = DEFINITIONAL_REPRESENTATION('',(#9795),#9799);
#9795 = LINE('',#9796,#9797);
#9796 = CARTESIAN_POINT('',(0.,-8.5));
#9797 = VECTOR('',#9798,1.);
#9798 = DIRECTION('',(1.,0.));
#9799 = ( GEOMETRIC_REPRESENTATION_CONTEXT(2) 
PARAMETRIC_REPRESENTATION_CONTEXT() REPRESENTATION_CONTEXT('2D SPACE',''
  ) );
#9800 = PCURVE('',#9801,#9806);
#9801 = PLANE('',#9802);
#9802 = AXIS2_PLACEMENT_3D('',#9803,#9804,#9805);
#9803 = CARTESIAN_POINT('',(9.05,57.963962,1.2));
#9804 = DIRECTION('',(0.,1.,0.));
#9805 = DIRECTION('',(0.,0.,1.));
#9806 = DEFINITIONAL_REPRESENTATION('',(#9807),#9811);
#9807 = LINE('',#9808,#9809);
#9808 = CARTESIAN_POINT('',(0.,0.));
#9809 = VECTOR('',#9810,1.);
#9810 = DIRECTION('',(1.,0.));
#9811 = ( GEOMETRIC_REPRESENTATION_CONTEXT(2) 
PARAMETRIC_REPRESENTATION_CONTEXT() REPRESENTATION_CONTEXT('2D SPACE',''
  ) );
#9812 = ORIENTED_EDGE('',*,*,#9813,.F.);
#9813 = EDGE_CURVE('',#9725,#9786,#9814,.T.);
#9814 = SURFACE_CURVE('',#9815,(#9819,#9826),.PCURVE_S1.);
#9815 = LINE('',#9816,#9817);
#9816 = CARTESIAN_POINT('',(9.05,49.463962,11.2));
#9817 = VECTOR('',#9818,1.);
#9818 = DIRECTION('',(0.,1.,0.));
#9819 = PCURVE('',#9733,#9820);
#9820 = DEFINITIONAL_REPRESENTATION('',(#9821),#9825);
#9821 = LINE('',#9822,#9823);
#9822 = CARTESIAN_POINT('',(10.,0.));
#9823 = VECTOR('',#9824,1.);
#9824 = DIRECTION('',(0.,-1.));
#9825 = ( GEOMETRIC_REPRESENTATION_CONTEXT(2) 
PARAMETRIC_REPRESENTATION_CONTEXT() REPRESENTATION_CONTEXT('2D SPACE',''
  ) );
#9826 = PCURVE('',#9827,#9832);
#9827 = PLANE('',#9828);
#9828 = AXIS2_PLACEMENT_3D('',#9829,#9830,#9831);
#9829 = CARTESIAN_POINT('',(9.05,49.463962,11.2));
#9830 = DIRECTION('',(0.,0.,1.));
#9831 = DIRECTION('',(1.,0.,0.));
#9832 = DEFINITIONAL_REPRESENTATION('',(#9833),#9837);
#9833 = LINE('',#9834,#9835);
#9834 = CARTESIAN_POINT('',(0.,0.));
#9835 = VECTOR('',#9836,1.);
#9836 = DIRECTION('',(0.,1.));
#9837 = ( GEOMETRIC_REPRESENTATION_CONTEXT(2) 
PARAMETRIC_REPRESENTATION_CONTEXT() REPRESENTATION_CONTEXT('2D SPACE',''
  ) );
#9838 = ADVANCED_FACE('',(#9839),#9853,.T.);
#9839 = FACE_BOUND('',#9840,.T.);
#9840 = EDGE_LOOP('',(#9841,#9871,#9894,#9917));
#9841 = ORIENTED_EDGE('',*,*,#9842,.F.);
#9842 = EDGE_CURVE('',#9843,#9845,#9847,.T.);
#9843 = VERTEX_POINT('',#9844);
#9844 = CARTESIAN_POINT('',(16.91,49.463962,1.2));
#9845 = VERTEX_POINT('',#9846);
#9846 = CARTESIAN_POINT('',(16.91,49.463962,11.2));
#9847 = SURFACE_CURVE('',#9848,(#9852,#9864),.PCURVE_S1.);
#9848 = LINE('',#9849,#9850);
#9849 = CARTESIAN_POINT('',(16.91,49.463962,1.2));
#9850 = VECTOR('',#9851,1.);
#9851 = DIRECTION('',(0.,0.,1.));
#9852 = PCURVE('',#9853,#9858);
#9853 = PLANE('',#9854);
#9854 = AXIS2_PLACEMENT_3D('',#9855,#9856,#9857);
#9855 = CARTESIAN_POINT('',(16.91,49.463962,1.2));
#9856 = DIRECTION('',(1.,0.,0.));
#9857 = DIRECTION('',(0.,0.,1.));
#9858 = DEFINITIONAL_REPRESENTATION('',(#9859),#9863);
#9859 = LINE('',#9860,#9861);
#9860 = CARTESIAN_POINT('',(0.,0.));
#9861 = VECTOR('',#9862,1.);
#9862 = DIRECTION('',(1.,0.));
#9863 = ( GEOMETRIC_REPRESENTATION_CONTEXT(2) 
PARAMETRIC_REPRESENTATION_CONTEXT() REPRESENTATION_CONTEXT('2D SPACE',''
  ) );
#9864 = PCURVE('',#9745,#9865);
#9865 = DEFINITIONAL_REPRESENTATION('',(#9866),#9870);
#9866 = LINE('',#9867,#9868);
#9867 = CARTESIAN_POINT('',(0.,7.86));
#9868 = VECTOR('',#9869,1.);
#9869 = DIRECTION('',(1.,0.));
#9870 = ( GEOMETRIC_REPRESENTATION_CONTEXT(2) 
PARAMETRIC_REPRESENTATION_CONTEXT() REPRESENTATION_CONTEXT('2D SPACE',''
  ) );
#9871 = ORIENTED_EDGE('',*,*,#9872,.T.);
#9872 = EDGE_CURVE('',#9843,#9873,#9875,.T.);
#9873 = VERTEX_POINT('',#9874);
#9874 = CARTESIAN_POINT('',(16.91,57.963962,1.2));
#9875 = SURFACE_CURVE('',#9876,(#9880,#9887),.PCURVE_S1.);
#9876 = LINE('',#9877,#9878);
#9877 = CARTESIAN_POINT('',(16.91,49.463962,1.2));
#9878 = VECTOR('',#9879,1.);
#9879 = DIRECTION('',(0.,1.,0.));
#9880 = PCURVE('',#9853,#9881);
#9881 = DEFINITIONAL_REPRESENTATION('',(#9882),#9886);
#9882 = LINE('',#9883,#9884);
#9883 = CARTESIAN_POINT('',(0.,0.));
#9884 = VECTOR('',#9885,1.);
#9885 = DIRECTION('',(0.,-1.));
#9886 = ( GEOMETRIC_REPRESENTATION_CONTEXT(2) 
PARAMETRIC_REPRESENTATION_CONTEXT() REPRESENTATION_CONTEXT('2D SPACE',''
  ) );
#9887 = PCURVE('',#9773,#9888);
#9888 = DEFINITIONAL_REPRESENTATION('',(#9889),#9893);
#9889 = LINE('',#9890,#9891);
#9890 = CARTESIAN_POINT('',(7.86,0.));
#9891 = VECTOR('',#9892,1.);
#9892 = DIRECTION('',(0.,1.));
#9893 = ( GEOMETRIC_REPRESENTATION_CONTEXT(2) 
PARAMETRIC_REPRESENTATION_CONTEXT() REPRESENTATION_CONTEXT('2D SPACE',''
  ) );
#9894 = ORIENTED_EDGE('',*,*,#9895,.T.);
#9895 = EDGE_CURVE('',#9873,#9896,#9898,.T.);
#9896 = VERTEX_POINT('',#9897);
#9897 = CARTESIAN_POINT('',(16.91,57.963962,11.2));
#9898 = SURFACE_CURVE('',#9899,(#9903,#9910),.PCURVE_S1.);
#9899 = LINE('',#9900,#9901);
#9900 = CARTESIAN_POINT('',(16.91,57.963962,1.2));
#9901 = VECTOR('',#9902,1.);
#9902 = DIRECTION('',(0.,0.,1.));
#9903 = PCURVE('',#9853,#9904);
#9904 = DEFINITIONAL_REPRESENTATION('',(#9905),#9909);
#9905 = LINE('',#9906,#9907);
#9906 = CARTESIAN_POINT('',(0.,-8.5));
#9907 = VECTOR('',#9908,1.);
#9908 = DIRECTION('',(1.,0.));
#9909 = ( GEOMETRIC_REPRESENTATION_CONTEXT(2) 
PARAMETRIC_REPRESENTATION_CONTEXT() REPRESENTATION_CONTEXT('2D SPACE',''
  ) );
#9910 = PCURVE('',#9801,#9911);
#9911 = DEFINITIONAL_REPRESENTATION('',(#9912),#9916);
#9912 = LINE('',#9913,#9914);
#9913 = CARTESIAN_POINT('',(0.,7.86));
#9914 = VECTOR('',#9915,1.);
#9915 = DIRECTION('',(1.,0.));
#9916 = ( GEOMETRIC_REPRESENTATION_CONTEXT(2) 
PARAMETRIC_REPRESENTATION_CONTEXT() REPRESENTATION_CONTEXT('2D SPACE',''
  ) );
#9917 = ORIENTED_EDGE('',*,*,#9918,.F.);
#9918 = EDGE_CURVE('',#9845,#9896,#9919,.T.);
#9919 = SURFACE_CURVE('',#9920,(#9924,#9931),.PCURVE_S1.);
#9920 = LINE('',#9921,#9922);
#9921 = CARTESIAN_POINT('',(16.91,49.463962,11.2));
#9922 = VECTOR('',#9923,1.);
#9923 = DIRECTION('',(0.,1.,0.));
#9924 = PCURVE('',#9853,#9925);
#9925 = DEFINITIONAL_REPRESENTATION('',(#9926),#9930);
#9926 = LINE('',#9927,#9928);
#9927 = CARTESIAN_POINT('',(10.,0.));
#9928 = VECTOR('',#9929,1.);
#9929 = DIRECTION('',(0.,-1.));
#9930 = ( GEOMETRIC_REPRESENTATION_CONTEXT(2) 
PARAMETRIC_REPRESENTATION_CONTEXT() REPRESENTATION_CONTEXT('2D SPACE',''
  ) );
#9931 = PCURVE('',#9827,#9932);
#9932 = DEFINITIONAL_REPRESENTATION('',(#9933),#9937);
#9933 = LINE('',#9934,#9935);
#9934 = CARTESIAN_POINT('',(7.86,0.));
#9935 = VECTOR('',#9936,1.);
#9936 = DIRECTION('',(0.,1.));
#9937 = ( GEOMETRIC_REPRESENTATION_CONTEXT(2) 
PARAMETRIC_REPRESENTATION_CONTEXT() REPRESENTATION_CONTEXT('2D SPACE',''
  ) );
#9938 = ADVANCED_FACE('',(#9939),#9745,.F.);
#9939 = FACE_BOUND('',#9940,.F.);
#9940 = EDGE_LOOP('',(#9941,#9962,#9963,#9984));
#9941 = ORIENTED_EDGE('',*,*,#9942,.F.);
#9942 = EDGE_CURVE('',#9723,#9843,#9943,.T.);
#9943 = SURFACE_CURVE('',#9944,(#9948,#9955),.PCURVE_S1.);
#9944 = LINE('',#9945,#9946);
#9945 = CARTESIAN_POINT('',(9.05,49.463962,1.2));
#9946 = VECTOR('',#9947,1.);
#9947 = DIRECTION('',(1.,0.,0.));
#9948 = PCURVE('',#9745,#9949);
#9949 = DEFINITIONAL_REPRESENTATION('',(#9950),#9954);
#9950 = LINE('',#9951,#9952);
#9951 = CARTESIAN_POINT('',(0.,0.));
#9952 = VECTOR('',#9953,1.);
#9953 = DIRECTION('',(0.,1.));
#9954 = ( GEOMETRIC_REPRESENTATION_CONTEXT(2) 
PARAMETRIC_REPRESENTATION_CONTEXT() REPRESENTATION_CONTEXT('2D SPACE',''
  ) );
#9955 = PCURVE('',#9773,#9956);
#9956 = DEFINITIONAL_REPRESENTATION('',(#9957),#9961);
#9957 = LINE('',#9958,#9959);
#9958 = CARTESIAN_POINT('',(0.,0.));
#9959 = VECTOR('',#9960,1.);
#9960 = DIRECTION('',(1.,0.));
#9961 = ( GEOMETRIC_REPRESENTATION_CONTEXT(2) 
PARAMETRIC_REPRESENTATION_CONTEXT() REPRESENTATION_CONTEXT('2D SPACE',''
  ) );
#9962 = ORIENTED_EDGE('',*,*,#9722,.T.);
#9963 = ORIENTED_EDGE('',*,*,#9964,.T.);
#9964 = EDGE_CURVE('',#9725,#9845,#9965,.T.);
#9965 = SURFACE_CURVE('',#9966,(#9970,#9977),.PCURVE_S1.);
#9966 = LINE('',#9967,#9968);
#9967 = CARTESIAN_POINT('',(9.05,49.463962,11.2));
#9968 = VECTOR('',#9969,1.);
#9969 = DIRECTION('',(1.,0.,0.));
#9970 = PCURVE('',#9745,#9971);
#9971 = DEFINITIONAL_REPRESENTATION('',(#9972),#9976);
#9972 = LINE('',#9973,#9974);
#9973 = CARTESIAN_POINT('',(10.,0.));
#9974 = VECTOR('',#9975,1.);
#9975 = DIRECTION('',(0.,1.));
#9976 = ( GEOMETRIC_REPRESENTATION_CONTEXT(2) 
PARAMETRIC_REPRESENTATION_CONTEXT() REPRESENTATION_CONTEXT('2D SPACE',''
  ) );
#9977 = PCURVE('',#9827,#9978);
#9978 = DEFINITIONAL_REPRESENTATION('',(#9979),#9983);
#9979 = LINE('',#9980,#9981);
#9980 = CARTESIAN_POINT('',(0.,0.));
#9981 = VECTOR('',#9982,1.);
#9982 = DIRECTION('',(1.,0.));
#9983 = ( GEOMETRIC_REPRESENTATION_CONTEXT(2) 
PARAMETRIC_REPRESENTATION_CONTEXT() REPRESENTATION_CONTEXT('2D SPACE',''
  ) );
#9984 = ORIENTED_EDGE('',*,*,#9842,.F.);
#9985 = ADVANCED_FACE('',(#9986),#9801,.T.);
#9986 = FACE_BOUND('',#9987,.T.);
#9987 = EDGE_LOOP('',(#9988,#10009,#10010,#10031));
#9988 = ORIENTED_EDGE('',*,*,#9989,.F.);
#9989 = EDGE_CURVE('',#9758,#9873,#9990,.T.);
#9990 = SURFACE_CURVE('',#9991,(#9995,#10002),.PCURVE_S1.);
#9991 = LINE('',#9992,#9993);
#9992 = CARTESIAN_POINT('',(9.05,57.963962,1.2));
#9993 = VECTOR('',#9994,1.);
#9994 = DIRECTION('',(1.,0.,0.));
#9995 = PCURVE('',#9801,#9996);
#9996 = DEFINITIONAL_REPRESENTATION('',(#9997),#10001);
#9997 = LINE('',#9998,#9999);
#9998 = CARTESIAN_POINT('',(0.,0.));
#9999 = VECTOR('',#10000,1.);
#10000 = DIRECTION('',(0.,1.));
#10001 = ( GEOMETRIC_REPRESENTATION_CONTEXT(2) 
PARAMETRIC_REPRESENTATION_CONTEXT() REPRESENTATION_CONTEXT('2D SPACE',''
  ) );
#10002 = PCURVE('',#9773,#10003);
#10003 = DEFINITIONAL_REPRESENTATION('',(#10004),#10008);
#10004 = LINE('',#10005,#10006);
#10005 = CARTESIAN_POINT('',(0.,8.5));
#10006 = VECTOR('',#10007,1.);
#10007 = DIRECTION('',(1.,0.));
#10008 = ( GEOMETRIC_REPRESENTATION_CONTEXT(2) 
PARAMETRIC_REPRESENTATION_CONTEXT() REPRESENTATION_CONTEXT('2D SPACE',''
  ) );
#10009 = ORIENTED_EDGE('',*,*,#9785,.T.);
#10010 = ORIENTED_EDGE('',*,*,#10011,.T.);
#10011 = EDGE_CURVE('',#9786,#9896,#10012,.T.);
#10012 = SURFACE_CURVE('',#10013,(#10017,#10024),.PCURVE_S1.);
#10013 = LINE('',#10014,#10015);
#10014 = CARTESIAN_POINT('',(9.05,57.963962,11.2));
#10015 = VECTOR('',#10016,1.);
#10016 = DIRECTION('',(1.,0.,0.));
#10017 = PCURVE('',#9801,#10018);
#10018 = DEFINITIONAL_REPRESENTATION('',(#10019),#10023);
#10019 = LINE('',#10020,#10021);
#10020 = CARTESIAN_POINT('',(10.,0.));
#10021 = VECTOR('',#10022,1.);
#10022 = DIRECTION('',(0.,1.));
#10023 = ( GEOMETRIC_REPRESENTATION_CONTEXT(2) 
PARAMETRIC_REPRESENTATION_CONTEXT() REPRESENTATION_CONTEXT('2D SPACE',''
  ) );
#10024 = PCURVE('',#9827,#10025);
#10025 = DEFINITIONAL_REPRESENTATION('',(#10026),#10030);
#10026 = LINE('',#10027,#10028);
#10027 = CARTESIAN_POINT('',(0.,8.5));
#10028 = VECTOR('',#10029,1.);
#10029 = DIRECTION('',(1.,0.));
#10030 = ( GEOMETRIC_REPRESENTATION_CONTEXT(2) 
PARAMETRIC_REPRESENTATION_CONTEXT() REPRESENTATION_CONTEXT('2D SPACE',''
  ) );
#10031 = ORIENTED_EDGE('',*,*,#9895,.F.);
#10032 = ADVANCED_FACE('',(#10033),#9773,.F.);
#10033 = FACE_BOUND('',#10034,.F.);
#10034 = EDGE_LOOP('',(#10035,#10036,#10037,#10038));
#10035 = ORIENTED_EDGE('',*,*,#9757,.F.);
#10036 = ORIENTED_EDGE('',*,*,#9942,.T.);
#10037 = ORIENTED_EDGE('',*,*,#9872,.T.);
#10038 = ORIENTED_EDGE('',*,*,#9989,.F.);
#10039 = ADVANCED_FACE('',(#10040),#9827,.T.);
#10040 = FACE_BOUND('',#10041,.T.);
#10041 = EDGE_LOOP('',(#10042,#10043,#10044,#10045));
#10042 = ORIENTED_EDGE('',*,*,#9813,.F.);
#10043 = ORIENTED_EDGE('',*,*,#9964,.T.);
#10044 = ORIENTED_EDGE('',*,*,#9918,.T.);
#10045 = ORIENTED_EDGE('',*,*,#10011,.F.);
#10046 = ( GEOMETRIC_REPRESENTATION_CONTEXT(3) 
GLOBAL_UNCERTAINTY_ASSIGNED_CONTEXT((#10050)) 
GLOBAL_UNIT_ASSIGNED_CONTEXT((#10047,#10048,#10049)) 
REPRESENTATION_CONTEXT('Context #1',
  '3D Context with UNIT and UNCERTAINTY') );
#10047 = ( LENGTH_UNIT() NAMED_UNIT(*) SI_UNIT(.MILLI.,.METRE.) );
#10048 = ( NAMED_UNIT(*) PLANE_ANGLE_UNIT() SI_UNIT($,.RADIAN.) );
#10049 = ( NAMED_UNIT(*) SI_UNIT($,.STERADIAN.) SOLID_ANGLE_UNIT() );
#10050 = UNCERTAINTY_MEASURE_WITH_UNIT(LENGTH_MEASURE(1.E-07),#10047,
  'distance_accuracy_value','confusion accuracy');
#10051 = CONTEXT_DEPENDENT_SHAPE_REPRESENTATION(#10052,#10054);
#10052 = ( REPRESENTATION_RELATIONSHIP('','',#9715,#10) 
REPRESENTATION_RELATIONSHIP_WITH_TRANSFORMATION(#10053) 
SHAPE_REPRESENTATION_RELATIONSHIP() );
#10053 = ITEM_DEFINED_TRANSFORMATION('','',#11,#39);
#10054 = PRODUCT_DEFINITION_SHAPE('Placement','Placement of an item',
  #10055);
#10055 = NEXT_ASSEMBLY_USAGE_OCCURRENCE('7','','',#5,#9710,$);
#10056 = PRODUCT_RELATED_PRODUCT_CATEGORY('part',$,(#9712));
#10057 = SHAPE_DEFINITION_REPRESENTATION(#10058,#10064);
#10058 = PRODUCT_DEFINITION_SHAPE('','',#10059);
#10059 = PRODUCT_DEFINITION('design','',#10060,#10063);
#10060 = PRODUCT_DEFINITION_FORMATION('','',#10061);
#10061 = PRODUCT('Open CASCADE STEP translator 8.0 2.8',
  'Open CASCADE STEP translator 8.0 2.8','',(#10062));
#10062 = PRODUCT_CONTEXT('',#2,'mechanical');
#10063 = PRODUCT_DEFINITION_CONTEXT('part definition',#2,'design');
#10064 = ADVANCED_BREP_SHAPE_REPRESENTATION('',(#11,#10065),#10395);
#10065 = MANIFOLD_SOLID_BREP('',#10066);
#10066 = CLOSED_SHELL('',(#10067,#10187,#10287,#10334,#10381,#10388));
#10067 = ADVANCED_FACE('',(#10068),#10082,.F.);
#10068 = FACE_BOUND('',#10069,.F.);
#10069 = EDGE_LOOP('',(#10070,#10105,#10133,#10161));
#10070 = ORIENTED_EDGE('',*,*,#10071,.F.);
#10071 = EDGE_CURVE('',#10072,#10074,#10076,.T.);
#10072 = VERTEX_POINT('',#10073);
#10073 = CARTESIAN_POINT('',(36.4,60.013962,1.2));
#10074 = VERTEX_POINT('',#10075);
#10075 = CARTESIAN_POINT('',(36.4,60.013962,6.2));
#10076 = SURFACE_CURVE('',#10077,(#10081,#10093),.PCURVE_S1.);
#10077 = LINE('',#10078,#10079);
#10078 = CARTESIAN_POINT('',(36.4,60.013962,1.2));
#10079 = VECTOR('',#10080,1.);
#10080 = DIRECTION('',(0.,0.,1.));
#10081 = PCURVE('',#10082,#10087);
#10082 = PLANE('',#10083);
#10083 = AXIS2_PLACEMENT_3D('',#10084,#10085,#10086);
#10084 = CARTESIAN_POINT('',(36.4,60.013962,1.2));
#10085 = DIRECTION('',(1.,0.,0.));
#10086 = DIRECTION('',(0.,0.,1.));
#10087 = DEFINITIONAL_REPRESENTATION('',(#10088),#10092);
#10088 = LINE('',#10089,#10090);
#10089 = CARTESIAN_POINT('',(0.,0.));
#10090 = VECTOR('',#10091,1.);
#10091 = DIRECTION('',(1.,0.));
#10092 = ( GEOMETRIC_REPRESENTATION_CONTEXT(2) 
PARAMETRIC_REPRESENTATION_CONTEXT() REPRESENTATION_CONTEXT('2D SPACE',''
  ) );
#10093 = PCURVE('',#10094,#10099);
#10094 = PLANE('',#10095);
#10095 = AXIS2_PLACEMENT_3D('',#10096,#10097,#10098);
#10096 = CARTESIAN_POINT('',(36.4,60.013962,1.2));
#10097 = DIRECTION('',(0.,1.,0.));
#10098 = DIRECTION('',(0.,0.,1.));
#10099 = DEFINITIONAL_REPRESENTATION('',(#10100),#10104);
#10100 = LINE('',#10101,#10102);
#10101 = CARTESIAN_POINT('',(0.,0.));
#10102 = VECTOR('',#10103,1.);
#10103 = DIRECTION('',(1.,0.));
#10104 = ( GEOMETRIC_REPRESENTATION_CONTEXT(2) 
PARAMETRIC_REPRESENTATION_CONTEXT() REPRESENTATION_CONTEXT('2D SPACE',''
  ) );
#10105 = ORIENTED_EDGE('',*,*,#10106,.T.);
#10106 = EDGE_CURVE('',#10072,#10107,#10109,.T.);
#10107 = VERTEX_POINT('',#10108);
#10108 = CARTESIAN_POINT('',(36.4,66.013962,1.2));
#10109 = SURFACE_CURVE('',#10110,(#10114,#10121),.PCURVE_S1.);
#10110 = LINE('',#10111,#10112);
#10111 = CARTESIAN_POINT('',(36.4,60.013962,1.2));
#10112 = VECTOR('',#10113,1.);
#10113 = DIRECTION('',(0.,1.,0.));
#10114 = PCURVE('',#10082,#10115);
#10115 = DEFINITIONAL_REPRESENTATION('',(#10116),#10120);
#10116 = LINE('',#10117,#10118);
#10117 = CARTESIAN_POINT('',(0.,0.));
#10118 = VECTOR('',#10119,1.);
#10119 = DIRECTION('',(0.,-1.));
#10120 = ( GEOMETRIC_REPRESENTATION_CONTEXT(2) 
PARAMETRIC_REPRESENTATION_CONTEXT() REPRESENTATION_CONTEXT('2D SPACE',''
  ) );
#10121 = PCURVE('',#10122,#10127);
#10122 = PLANE('',#10123);
#10123 = AXIS2_PLACEMENT_3D('',#10124,#10125,#10126);
#10124 = CARTESIAN_POINT('',(36.4,60.013962,1.2));
#10125 = DIRECTION('',(0.,0.,1.));
#10126 = DIRECTION('',(1.,0.,0.));
#10127 = DEFINITIONAL_REPRESENTATION('',(#10128),#10132);
#10128 = LINE('',#10129,#10130);
#10129 = CARTESIAN_POINT('',(0.,0.));
#10130 = VECTOR('',#10131,1.);
#10131 = DIRECTION('',(0.,1.));
#10132 = ( GEOMETRIC_REPRESENTATION_CONTEXT(2) 
PARAMETRIC_REPRESENTATION_CONTEXT() REPRESENTATION_CONTEXT('2D SPACE',''
  ) );
#10133 = ORIENTED_EDGE('',*,*,#10134,.T.);
#10134 = EDGE_CURVE('',#10107,#10135,#10137,.T.);
#10135 = VERTEX_POINT('',#10136);
#10136 = CARTESIAN_POINT('',(36.4,66.013962,6.2));
#10137 = SURFACE_CURVE('',#10138,(#10142,#10149),.PCURVE_S1.);
#10138 = LINE('',#10139,#10140);
#10139 = CARTESIAN_POINT('',(36.4,66.013962,1.2));
#10140 = VECTOR('',#10141,1.);
#10141 = DIRECTION('',(0.,0.,1.));
#10142 = PCURVE('',#10082,#10143);
#10143 = DEFINITIONAL_REPRESENTATION('',(#10144),#10148);
#10144 = LINE('',#10145,#10146);
#10145 = CARTESIAN_POINT('',(0.,-6.));
#10146 = VECTOR('',#10147,1.);
#10147 = DIRECTION('',(1.,0.));
#10148 = ( GEOMETRIC_REPRESENTATION_CONTEXT(2) 
PARAMETRIC_REPRESENTATION_CONTEXT() REPRESENTATION_CONTEXT('2D SPACE',''
  ) );
#10149 = PCURVE('',#10150,#10155);
#10150 = PLANE('',#10151);
#10151 = AXIS2_PLACEMENT_3D('',#10152,#10153,#10154);
#10152 = CARTESIAN_POINT('',(36.4,66.013962,1.2));
#10153 = DIRECTION('',(0.,1.,0.));
#10154 = DIRECTION('',(0.,0.,1.));
#10155 = DEFINITIONAL_REPRESENTATION('',(#10156),#10160);
#10156 = LINE('',#10157,#10158);
#10157 = CARTESIAN_POINT('',(0.,0.));
#10158 = VECTOR('',#10159,1.);
#10159 = DIRECTION('',(1.,0.));
#10160 = ( GEOMETRIC_REPRESENTATION_CONTEXT(2) 
PARAMETRIC_REPRESENTATION_CONTEXT() REPRESENTATION_CONTEXT('2D SPACE',''
  ) );
#10161 = ORIENTED_EDGE('',*,*,#10162,.F.);
#10162 = EDGE_CURVE('',#10074,#10135,#10163,.T.);
#10163 = SURFACE_CURVE('',#10164,(#10168,#10175),.PCURVE_S1.);
#10164 = LINE('',#10165,#10166);
#10165 = CARTESIAN_POINT('',(36.4,60.013962,6.2));
#10166 = VECTOR('',#10167,1.);
#10167 = DIRECTION('',(0.,1.,0.));
#10168 = PCURVE('',#10082,#10169);
#10169 = DEFINITIONAL_REPRESENTATION('',(#10170),#10174);
#10170 = LINE('',#10171,#10172);
#10171 = CARTESIAN_POINT('',(5.,0.));
#10172 = VECTOR('',#10173,1.);
#10173 = DIRECTION('',(0.,-1.));
#10174 = ( GEOMETRIC_REPRESENTATION_CONTEXT(2) 
PARAMETRIC_REPRESENTATION_CONTEXT() REPRESENTATION_CONTEXT('2D SPACE',''
  ) );
#10175 = PCURVE('',#10176,#10181);
#10176 = PLANE('',#10177);
#10177 = AXIS2_PLACEMENT_3D('',#10178,#10179,#10180);
#10178 = CARTESIAN_POINT('',(36.4,60.013962,6.2));
#10179 = DIRECTION('',(0.,0.,1.));
#10180 = DIRECTION('',(1.,0.,0.));
#10181 = DEFINITIONAL_REPRESENTATION('',(#10182),#10186);
#10182 = LINE('',#10183,#10184);
#10183 = CARTESIAN_POINT('',(0.,0.));
#10184 = VECTOR('',#10185,1.);
#10185 = DIRECTION('',(0.,1.));
#10186 = ( GEOMETRIC_REPRESENTATION_CONTEXT(2) 
PARAMETRIC_REPRESENTATION_CONTEXT() REPRESENTATION_CONTEXT('2D SPACE',''
  ) );
#10187 = ADVANCED_FACE('',(#10188),#10202,.T.);
#10188 = FACE_BOUND('',#10189,.T.);
#10189 = EDGE_LOOP('',(#10190,#10220,#10243,#10266));
#10190 = ORIENTED_EDGE('',*,*,#10191,.F.);
#10191 = EDGE_CURVE('',#10192,#10194,#10196,.T.);
#10192 = VERTEX_POINT('',#10193);
#10193 = CARTESIAN_POINT('',(56.4,60.013962,1.2));
#10194 = VERTEX_POINT('',#10195);
#10195 = CARTESIAN_POINT('',(56.4,60.013962,6.2));
#10196 = SURFACE_CURVE('',#10197,(#10201,#10213),.PCURVE_S1.);
#10197 = LINE('',#10198,#10199);
#10198 = CARTESIAN_POINT('',(56.4,60.013962,1.2));
#10199 = VECTOR('',#10200,1.);
#10200 = DIRECTION('',(0.,0.,1.));
#10201 = PCURVE('',#10202,#10207);
#10202 = PLANE('',#10203);
#10203 = AXIS2_PLACEMENT_3D('',#10204,#10205,#10206);
#10204 = CARTESIAN_POINT('',(56.4,60.013962,1.2));
#10205 = DIRECTION('',(1.,0.,0.));
#10206 = DIRECTION('',(0.,0.,1.));
#10207 = DEFINITIONAL_REPRESENTATION('',(#10208),#10212);
#10208 = LINE('',#10209,#10210);
#10209 = CARTESIAN_POINT('',(0.,0.));
#10210 = VECTOR('',#10211,1.);
#10211 = DIRECTION('',(1.,0.));
#10212 = ( GEOMETRIC_REPRESENTATION_CONTEXT(2) 
PARAMETRIC_REPRESENTATION_CONTEXT() REPRESENTATION_CONTEXT('2D SPACE',''
  ) );
#10213 = PCURVE('',#10094,#10214);
#10214 = DEFINITIONAL_REPRESENTATION('',(#10215),#10219);
#10215 = LINE('',#10216,#10217);
#10216 = CARTESIAN_POINT('',(0.,20.));
#10217 = VECTOR('',#10218,1.);
#10218 = DIRECTION('',(1.,0.));
#10219 = ( GEOMETRIC_REPRESENTATION_CONTEXT(2) 
PARAMETRIC_REPRESENTATION_CONTEXT() REPRESENTATION_CONTEXT('2D SPACE',''
  ) );
#10220 = ORIENTED_EDGE('',*,*,#10221,.T.);
#10221 = EDGE_CURVE('',#10192,#10222,#10224,.T.);
#10222 = VERTEX_POINT('',#10223);
#10223 = CARTESIAN_POINT('',(56.4,66.013962,1.2));
#10224 = SURFACE_CURVE('',#10225,(#10229,#10236),.PCURVE_S1.);
#10225 = LINE('',#10226,#10227);
#10226 = CARTESIAN_POINT('',(56.4,60.013962,1.2));
#10227 = VECTOR('',#10228,1.);
#10228 = DIRECTION('',(0.,1.,0.));
#10229 = PCURVE('',#10202,#10230);
#10230 = DEFINITIONAL_REPRESENTATION('',(#10231),#10235);
#10231 = LINE('',#10232,#10233);
#10232 = CARTESIAN_POINT('',(0.,0.));
#10233 = VECTOR('',#10234,1.);
#10234 = DIRECTION('',(0.,-1.));
#10235 = ( GEOMETRIC_REPRESENTATION_CONTEXT(2) 
PARAMETRIC_REPRESENTATION_CONTEXT() REPRESENTATION_CONTEXT('2D SPACE',''
  ) );
#10236 = PCURVE('',#10122,#10237);
#10237 = DEFINITIONAL_REPRESENTATION('',(#10238),#10242);
#10238 = LINE('',#10239,#10240);
#10239 = CARTESIAN_POINT('',(20.,0.));
#10240 = VECTOR('',#10241,1.);
#10241 = DIRECTION('',(0.,1.));
#10242 = ( GEOMETRIC_REPRESENTATION_CONTEXT(2) 
PARAMETRIC_REPRESENTATION_CONTEXT() REPRESENTATION_CONTEXT('2D SPACE',''
  ) );
#10243 = ORIENTED_EDGE('',*,*,#10244,.T.);
#10244 = EDGE_CURVE('',#10222,#10245,#10247,.T.);
#10245 = VERTEX_POINT('',#10246);
#10246 = CARTESIAN_POINT('',(56.4,66.013962,6.2));
#10247 = SURFACE_CURVE('',#10248,(#10252,#10259),.PCURVE_S1.);
#10248 = LINE('',#10249,#10250);
#10249 = CARTESIAN_POINT('',(56.4,66.013962,1.2));
#10250 = VECTOR('',#10251,1.);
#10251 = DIRECTION('',(0.,0.,1.));
#10252 = PCURVE('',#10202,#10253);
#10253 = DEFINITIONAL_REPRESENTATION('',(#10254),#10258);
#10254 = LINE('',#10255,#10256);
#10255 = CARTESIAN_POINT('',(0.,-6.));
#10256 = VECTOR('',#10257,1.);
#10257 = DIRECTION('',(1.,0.));
#10258 = ( GEOMETRIC_REPRESENTATION_CONTEXT(2) 
PARAMETRIC_REPRESENTATION_CONTEXT() REPRESENTATION_CONTEXT('2D SPACE',''
  ) );
#10259 = PCURVE('',#10150,#10260);
#10260 = DEFINITIONAL_REPRESENTATION('',(#10261),#10265);
#10261 = LINE('',#10262,#10263);
#10262 = CARTESIAN_POINT('',(0.,20.));
#10263 = VECTOR('',#10264,1.);
#10264 = DIRECTION('',(1.,0.));
#10265 = ( GEOMETRIC_REPRESENTATION_CONTEXT(2) 
PARAMETRIC_REPRESENTATION_CONTEXT() REPRESENTATION_CONTEXT('2D SPACE',''
  ) );
#10266 = ORIENTED_EDGE('',*,*,#10267,.F.);
#10267 = EDGE_CURVE('',#10194,#10245,#10268,.T.);
#10268 = SURFACE_CURVE('',#10269,(#10273,#10280),.PCURVE_S1.);
#10269 = LINE('',#10270,#10271);
#10270 = CARTESIAN_POINT('',(56.4,60.013962,6.2));
#10271 = VECTOR('',#10272,1.);
#10272 = DIRECTION('',(0.,1.,0.));
#10273 = PCURVE('',#10202,#10274);
#10274 = DEFINITIONAL_REPRESENTATION('',(#10275),#10279);
#10275 = LINE('',#10276,#10277);
#10276 = CARTESIAN_POINT('',(5.,0.));
#10277 = VECTOR('',#10278,1.);
#10278 = DIRECTION('',(0.,-1.));
#10279 = ( GEOMETRIC_REPRESENTATION_CONTEXT(2) 
PARAMETRIC_REPRESENTATION_CONTEXT() REPRESENTATION_CONTEXT('2D SPACE',''
  ) );
#10280 = PCURVE('',#10176,#10281);
#10281 = DEFINITIONAL_REPRESENTATION('',(#10282),#10286);
#10282 = LINE('',#10283,#10284);
#10283 = CARTESIAN_POINT('',(20.,0.));
#10284 = VECTOR('',#10285,1.);
#10285 = DIRECTION('',(0.,1.));
#10286 = ( GEOMETRIC_REPRESENTATION_CONTEXT(2) 
PARAMETRIC_REPRESENTATION_CONTEXT() REPRESENTATION_CONTEXT('2D SPACE',''
  ) );
#10287 = ADVANCED_FACE('',(#10288),#10094,.F.);
#10288 = FACE_BOUND('',#10289,.F.);
#10289 = EDGE_LOOP('',(#10290,#10311,#10312,#10333));
#10290 = ORIENTED_EDGE('',*,*,#10291,.F.);
#10291 = EDGE_CURVE('',#10072,#10192,#10292,.T.);
#10292 = SURFACE_CURVE('',#10293,(#10297,#10304),.PCURVE_S1.);
#10293 = LINE('',#10294,#10295);
#10294 = CARTESIAN_POINT('',(36.4,60.013962,1.2));
#10295 = VECTOR('',#10296,1.);
#10296 = DIRECTION('',(1.,0.,0.));
#10297 = PCURVE('',#10094,#10298);
#10298 = DEFINITIONAL_REPRESENTATION('',(#10299),#10303);
#10299 = LINE('',#10300,#10301);
#10300 = CARTESIAN_POINT('',(0.,0.));
#10301 = VECTOR('',#10302,1.);
#10302 = DIRECTION('',(0.,1.));
#10303 = ( GEOMETRIC_REPRESENTATION_CONTEXT(2) 
PARAMETRIC_REPRESENTATION_CONTEXT() REPRESENTATION_CONTEXT('2D SPACE',''
  ) );
#10304 = PCURVE('',#10122,#10305);
#10305 = DEFINITIONAL_REPRESENTATION('',(#10306),#10310);
#10306 = LINE('',#10307,#10308);
#10307 = CARTESIAN_POINT('',(0.,0.));
#10308 = VECTOR('',#10309,1.);
#10309 = DIRECTION('',(1.,0.));
#10310 = ( GEOMETRIC_REPRESENTATION_CONTEXT(2) 
PARAMETRIC_REPRESENTATION_CONTEXT() REPRESENTATION_CONTEXT('2D SPACE',''
  ) );
#10311 = ORIENTED_EDGE('',*,*,#10071,.T.);
#10312 = ORIENTED_EDGE('',*,*,#10313,.T.);
#10313 = EDGE_CURVE('',#10074,#10194,#10314,.T.);
#10314 = SURFACE_CURVE('',#10315,(#10319,#10326),.PCURVE_S1.);
#10315 = LINE('',#10316,#10317);
#10316 = CARTESIAN_POINT('',(36.4,60.013962,6.2));
#10317 = VECTOR('',#10318,1.);
#10318 = DIRECTION('',(1.,0.,0.));
#10319 = PCURVE('',#10094,#10320);
#10320 = DEFINITIONAL_REPRESENTATION('',(#10321),#10325);
#10321 = LINE('',#10322,#10323);
#10322 = CARTESIAN_POINT('',(5.,0.));
#10323 = VECTOR('',#10324,1.);
#10324 = DIRECTION('',(0.,1.));
#10325 = ( GEOMETRIC_REPRESENTATION_CONTEXT(2) 
PARAMETRIC_REPRESENTATION_CONTEXT() REPRESENTATION_CONTEXT('2D SPACE',''
  ) );
#10326 = PCURVE('',#10176,#10327);
#10327 = DEFINITIONAL_REPRESENTATION('',(#10328),#10332);
#10328 = LINE('',#10329,#10330);
#10329 = CARTESIAN_POINT('',(0.,0.));
#10330 = VECTOR('',#10331,1.);
#10331 = DIRECTION('',(1.,0.));
#10332 = ( GEOMETRIC_REPRESENTATION_CONTEXT(2) 
PARAMETRIC_REPRESENTATION_CONTEXT() REPRESENTATION_CONTEXT('2D SPACE',''
  ) );
#10333 = ORIENTED_EDGE('',*,*,#10191,.F.);
#10334 = ADVANCED_FACE('',(#10335),#10150,.T.);
#10335 = FACE_BOUND('',#10336,.T.);
#10336 = EDGE_LOOP('',(#10337,#10358,#10359,#10380));
#10337 = ORIENTED_EDGE('',*,*,#10338,.F.);
#10338 = EDGE_CURVE('',#10107,#10222,#10339,.T.);
#10339 = SURFACE_CURVE('',#10340,(#10344,#10351),.PCURVE_S1.);
#10340 = LINE('',#10341,#10342);
#10341 = CARTESIAN_POINT('',(36.4,66.013962,1.2));
#10342 = VECTOR('',#10343,1.);
#10343 = DIRECTION('',(1.,0.,0.));
#10344 = PCURVE('',#10150,#10345);
#10345 = DEFINITIONAL_REPRESENTATION('',(#10346),#10350);
#10346 = LINE('',#10347,#10348);
#10347 = CARTESIAN_POINT('',(0.,0.));
#10348 = VECTOR('',#10349,1.);
#10349 = DIRECTION('',(0.,1.));
#10350 = ( GEOMETRIC_REPRESENTATION_CONTEXT(2) 
PARAMETRIC_REPRESENTATION_CONTEXT() REPRESENTATION_CONTEXT('2D SPACE',''
  ) );
#10351 = PCURVE('',#10122,#10352);
#10352 = DEFINITIONAL_REPRESENTATION('',(#10353),#10357);
#10353 = LINE('',#10354,#10355);
#10354 = CARTESIAN_POINT('',(0.,6.));
#10355 = VECTOR('',#10356,1.);
#10356 = DIRECTION('',(1.,0.));
#10357 = ( GEOMETRIC_REPRESENTATION_CONTEXT(2) 
PARAMETRIC_REPRESENTATION_CONTEXT() REPRESENTATION_CONTEXT('2D SPACE',''
  ) );
#10358 = ORIENTED_EDGE('',*,*,#10134,.T.);
#10359 = ORIENTED_EDGE('',*,*,#10360,.T.);
#10360 = EDGE_CURVE('',#10135,#10245,#10361,.T.);
#10361 = SURFACE_CURVE('',#10362,(#10366,#10373),.PCURVE_S1.);
#10362 = LINE('',#10363,#10364);
#10363 = CARTESIAN_POINT('',(36.4,66.013962,6.2));
#10364 = VECTOR('',#10365,1.);
#10365 = DIRECTION('',(1.,0.,0.));
#10366 = PCURVE('',#10150,#10367);
#10367 = DEFINITIONAL_REPRESENTATION('',(#10368),#10372);
#10368 = LINE('',#10369,#10370);
#10369 = CARTESIAN_POINT('',(5.,0.));
#10370 = VECTOR('',#10371,1.);
#10371 = DIRECTION('',(0.,1.));
#10372 = ( GEOMETRIC_REPRESENTATION_CONTEXT(2) 
PARAMETRIC_REPRESENTATION_CONTEXT() REPRESENTATION_CONTEXT('2D SPACE',''
  ) );
#10373 = PCURVE('',#10176,#10374);
#10374 = DEFINITIONAL_REPRESENTATION('',(#10375),#10379);
#10375 = LINE('',#10376,#10377);
#10376 = CARTESIAN_POINT('',(0.,6.));
#10377 = VECTOR('',#10378,1.);
#10378 = DIRECTION('',(1.,0.));
#10379 = ( GEOMETRIC_REPRESENTATION_CONTEXT(2) 
PARAMETRIC_REPRESENTATION_CONTEXT() REPRESENTATION_CONTEXT('2D SPACE',''
  ) );
#10380 = ORIENTED_EDGE('',*,*,#10244,.F.);
#10381 = ADVANCED_FACE('',(#10382),#10122,.F.);
#10382 = FACE_BOUND('',#10383,.F.);
#10383 = EDGE_LOOP('',(#10384,#10385,#10386,#10387));
#10384 = ORIENTED_EDGE('',*,*,#10106,.F.);
#10385 = ORIENTED_EDGE('',*,*,#10291,.T.);
#10386 = ORIENTED_EDGE('',*,*,#10221,.T.);
#10387 = ORIENTED_EDGE('',*,*,#10338,.F.);
#10388 = ADVANCED_FACE('',(#10389),#10176,.T.);
#10389 = FACE_BOUND('',#10390,.T.);
#10390 = EDGE_LOOP('',(#10391,#10392,#10393,#10394));
#10391 = ORIENTED_EDGE('',*,*,#10162,.F.);
#10392 = ORIENTED_EDGE('',*,*,#10313,.T.);
#10393 = ORIENTED_EDGE('',*,*,#10267,.T.);
#10394 = ORIENTED_EDGE('',*,*,#10360,.F.);
#10395 = ( GEOMETRIC_REPRESENTATION_CONTEXT(3) 
GLOBAL_UNCERTAINTY_ASSIGNED_CONTEXT((#10399)) 
GLOBAL_UNIT_ASSIGNED_CONTEXT((#10396,#10397,#10398)) 
REPRESENTATION_CONTEXT('Context #1',
  '3D Context with UNIT and UNCERTAINTY') );
#10396 = ( LENGTH_UNIT() NAMED_UNIT(*) SI_UNIT(.MILLI.,.METRE.) );
#10397 = ( NAMED_UNIT(*) PLANE_ANGLE_UNIT() SI_UNIT($,.RADIAN.) );
#10398 = ( NAMED_UNIT(*) SI_UNIT($,.STERADIAN.) SOLID_ANGLE_UNIT() );
#10399 = UNCERTAINTY_MEASURE_WITH_UNIT(LENGTH_MEASURE(1.E-07),#10396,
  'distance_accuracy_value','confusion accuracy');
#10400 = CONTEXT_DEPENDENT_SHAPE_REPRESENTATION(#10401,#10403);
#10401 = ( REPRESENTATION_RELATIONSHIP('','',#10064,#10) 
REPRESENTATION_RELATIONSHIP_WITH_TRANSFORMATION(#10402) 
SHAPE_REPRESENTATION_RELATIONSHIP() );
#10402 = ITEM_DEFINED_TRANSFORMATION('','',#11,#43);
#10403 = PRODUCT_DEFINITION_SHAPE('Placement','Placement of an item',
  #10404);
#10404 = NEXT_ASSEMBLY_USAGE_OCCURRENCE('8','','',#5,#10059,$);
#10405 = PRODUCT_RELATED_PRODUCT_CATEGORY('part',$,(#10061));
#10406 = SHAPE_DEFINITION_REPRESENTATION(#10407,#10413);
#10407 = PRODUCT_DEFINITION_SHAPE('','',#10408);
#10408 = PRODUCT_DEFINITION('design','',#10409,#10412);
#10409 = PRODUCT_DEFINITION_FORMATION('','',#10410);
#10410 = PRODUCT('Open CASCADE STEP translator 8.0 2.9',
  'Open CASCADE STEP translator 8.0 2.9','',(#10411));
#10411 = PRODUCT_CONTEXT('',#2,'mechanical');
#10412 = PRODUCT_DEFINITION_CONTEXT('part definition',#2,'design');
#10413 = ADVANCED_BREP_SHAPE_REPRESENTATION('',(#11,#10414),#10744);
#10414 = MANIFOLD_SOLID_BREP('',#10415);
#10415 = CLOSED_SHELL('',(#10416,#10536,#10636,#10683,#10730,#10737));
#10416 = ADVANCED_FACE('',(#10417),#10431,.F.);
#10417 = FACE_BOUND('',#10418,.F.);
#10418 = EDGE_LOOP('',(#10419,#10454,#10482,#10510));
#10419 = ORIENTED_EDGE('',*,*,#10420,.F.);
#10420 = EDGE_CURVE('',#10421,#10423,#10425,.T.);
#10421 = VERTEX_POINT('',#10422);
#10422 = CARTESIAN_POINT('',(36.9,60.513962,6.2));
#10423 = VERTEX_POINT('',#10424);
#10424 = CARTESIAN_POINT('',(36.9,60.513962,19.2));
#10425 = SURFACE_CURVE('',#10426,(#10430,#10442),.PCURVE_S1.);
#10426 = LINE('',#10427,#10428);
#10427 = CARTESIAN_POINT('',(36.9,60.513962,6.2));
#10428 = VECTOR('',#10429,1.);
#10429 = DIRECTION('',(0.,0.,1.));
#10430 = PCURVE('',#10431,#10436);
#10431 = PLANE('',#10432);
#10432 = AXIS2_PLACEMENT_3D('',#10433,#10434,#10435);
#10433 = CARTESIAN_POINT('',(36.9,60.513962,6.2));
#10434 = DIRECTION('',(1.,0.,-0.));
#10435 = DIRECTION('',(0.,0.,1.));
#10436 = DEFINITIONAL_REPRESENTATION('',(#10437),#10441);
#10437 = LINE('',#10438,#10439);
#10438 = CARTESIAN_POINT('',(0.,0.));
#10439 = VECTOR('',#10440,1.);
#10440 = DIRECTION('',(1.,0.));
#10441 = ( GEOMETRIC_REPRESENTATION_CONTEXT(2) 
PARAMETRIC_REPRESENTATION_CONTEXT() REPRESENTATION_CONTEXT('2D SPACE',''
  ) );
#10442 = PCURVE('',#10443,#10448);
#10443 = PLANE('',#10444);
#10444 = AXIS2_PLACEMENT_3D('',#10445,#10446,#10447);
#10445 = CARTESIAN_POINT('',(36.9,60.513962,6.2));
#10446 = DIRECTION('',(-0.,1.,0.));
#10447 = DIRECTION('',(0.,0.,1.));
#10448 = DEFINITIONAL_REPRESENTATION('',(#10449),#10453);
#10449 = LINE('',#10450,#10451);
#10450 = CARTESIAN_POINT('',(0.,0.));
#10451 = VECTOR('',#10452,1.);
#10452 = DIRECTION('',(1.,0.));
#10453 = ( GEOMETRIC_REPRESENTATION_CONTEXT(2) 
PARAMETRIC_REPRESENTATION_CONTEXT() REPRESENTATION_CONTEXT('2D SPACE',''
  ) );
#10454 = ORIENTED_EDGE('',*,*,#10455,.T.);
#10455 = EDGE_CURVE('',#10421,#10456,#10458,.T.);
#10456 = VERTEX_POINT('',#10457);
#10457 = CARTESIAN_POINT('',(36.9,65.513962,6.2));
#10458 = SURFACE_CURVE('',#10459,(#10463,#10470),.PCURVE_S1.);
#10459 = LINE('',#10460,#10461);
#10460 = CARTESIAN_POINT('',(36.9,60.513962,6.2));
#10461 = VECTOR('',#10462,1.);
#10462 = DIRECTION('',(-0.,1.,0.));
#10463 = PCURVE('',#10431,#10464);
#10464 = DEFINITIONAL_REPRESENTATION('',(#10465),#10469);
#10465 = LINE('',#10466,#10467);
#10466 = CARTESIAN_POINT('',(0.,0.));
#10467 = VECTOR('',#10468,1.);
#10468 = DIRECTION('',(0.,-1.));
#10469 = ( GEOMETRIC_REPRESENTATION_CONTEXT(2) 
PARAMETRIC_REPRESENTATION_CONTEXT() REPRESENTATION_CONTEXT('2D SPACE',''
  ) );
#10470 = PCURVE('',#10471,#10476);
#10471 = PLANE('',#10472);
#10472 = AXIS2_PLACEMENT_3D('',#10473,#10474,#10475);
#10473 = CARTESIAN_POINT('',(36.9,60.513962,6.2));
#10474 = DIRECTION('',(0.,0.,1.));
#10475 = DIRECTION('',(1.,0.,-0.));
#10476 = DEFINITIONAL_REPRESENTATION('',(#10477),#10481);
#10477 = LINE('',#10478,#10479);
#10478 = CARTESIAN_POINT('',(0.,0.));
#10479 = VECTOR('',#10480,1.);
#10480 = DIRECTION('',(0.,1.));
#10481 = ( GEOMETRIC_REPRESENTATION_CONTEXT(2) 
PARAMETRIC_REPRESENTATION_CONTEXT() REPRESENTATION_CONTEXT('2D SPACE',''
  ) );
#10482 = ORIENTED_EDGE('',*,*,#10483,.T.);
#10483 = EDGE_CURVE('',#10456,#10484,#10486,.T.);
#10484 = VERTEX_POINT('',#10485);
#10485 = CARTESIAN_POINT('',(36.9,65.513962,19.2));
#10486 = SURFACE_CURVE('',#10487,(#10491,#10498),.PCURVE_S1.);
#10487 = LINE('',#10488,#10489);
#10488 = CARTESIAN_POINT('',(36.9,65.513962,6.2));
#10489 = VECTOR('',#10490,1.);
#10490 = DIRECTION('',(0.,0.,1.));
#10491 = PCURVE('',#10431,#10492);
#10492 = DEFINITIONAL_REPRESENTATION('',(#10493),#10497);
#10493 = LINE('',#10494,#10495);
#10494 = CARTESIAN_POINT('',(0.,-5.));
#10495 = VECTOR('',#10496,1.);
#10496 = DIRECTION('',(1.,0.));
#10497 = ( GEOMETRIC_REPRESENTATION_CONTEXT(2) 
PARAMETRIC_REPRESENTATION_CONTEXT() REPRESENTATION_CONTEXT('2D SPACE',''
  ) );
#10498 = PCURVE('',#10499,#10504);
#10499 = PLANE('',#10500);
#10500 = AXIS2_PLACEMENT_3D('',#10501,#10502,#10503);
#10501 = CARTESIAN_POINT('',(36.9,65.513962,6.2));
#10502 = DIRECTION('',(-0.,1.,0.));
#10503 = DIRECTION('',(0.,0.,1.));
#10504 = DEFINITIONAL_REPRESENTATION('',(#10505),#10509);
#10505 = LINE('',#10506,#10507);
#10506 = CARTESIAN_POINT('',(0.,0.));
#10507 = VECTOR('',#10508,1.);
#10508 = DIRECTION('',(1.,0.));
#10509 = ( GEOMETRIC_REPRESENTATION_CONTEXT(2) 
PARAMETRIC_REPRESENTATION_CONTEXT() REPRESENTATION_CONTEXT('2D SPACE',''
  ) );
#10510 = ORIENTED_EDGE('',*,*,#10511,.F.);
#10511 = EDGE_CURVE('',#10423,#10484,#10512,.T.);
#10512 = SURFACE_CURVE('',#10513,(#10517,#10524),.PCURVE_S1.);
#10513 = LINE('',#10514,#10515);
#10514 = CARTESIAN_POINT('',(36.9,60.513962,19.2));
#10515 = VECTOR('',#10516,1.);
#10516 = DIRECTION('',(-0.,1.,0.));
#10517 = PCURVE('',#10431,#10518);
#10518 = DEFINITIONAL_REPRESENTATION('',(#10519),#10523);
#10519 = LINE('',#10520,#10521);
#10520 = CARTESIAN_POINT('',(13.,0.));
#10521 = VECTOR('',#10522,1.);
#10522 = DIRECTION('',(0.,-1.));
#10523 = ( GEOMETRIC_REPRESENTATION_CONTEXT(2) 
PARAMETRIC_REPRESENTATION_CONTEXT() REPRESENTATION_CONTEXT('2D SPACE',''
  ) );
#10524 = PCURVE('',#10525,#10530);
#10525 = PLANE('',#10526);
#10526 = AXIS2_PLACEMENT_3D('',#10527,#10528,#10529);
#10527 = CARTESIAN_POINT('',(36.9,60.513962,19.2));
#10528 = DIRECTION('',(0.,0.,1.));
#10529 = DIRECTION('',(1.,0.,-0.));
#10530 = DEFINITIONAL_REPRESENTATION('',(#10531),#10535);
#10531 = LINE('',#10532,#10533);
#10532 = CARTESIAN_POINT('',(0.,0.));
#10533 = VECTOR('',#10534,1.);
#10534 = DIRECTION('',(0.,1.));
#10535 = ( GEOMETRIC_REPRESENTATION_CONTEXT(2) 
PARAMETRIC_REPRESENTATION_CONTEXT() REPRESENTATION_CONTEXT('2D SPACE',''
  ) );
#10536 = ADVANCED_FACE('',(#10537),#10551,.T.);
#10537 = FACE_BOUND('',#10538,.T.);
#10538 = EDGE_LOOP('',(#10539,#10569,#10592,#10615));
#10539 = ORIENTED_EDGE('',*,*,#10540,.F.);
#10540 = EDGE_CURVE('',#10541,#10543,#10545,.T.);
#10541 = VERTEX_POINT('',#10542);
#10542 = CARTESIAN_POINT('',(55.9,60.513962,6.2));
#10543 = VERTEX_POINT('',#10544);
#10544 = CARTESIAN_POINT('',(55.9,60.513962,19.2));
#10545 = SURFACE_CURVE('',#10546,(#10550,#10562),.PCURVE_S1.);
#10546 = LINE('',#10547,#10548);
#10547 = CARTESIAN_POINT('',(55.9,60.513962,6.2));
#10548 = VECTOR('',#10549,1.);
#10549 = DIRECTION('',(0.,0.,1.));
#10550 = PCURVE('',#10551,#10556);
#10551 = PLANE('',#10552);
#10552 = AXIS2_PLACEMENT_3D('',#10553,#10554,#10555);
#10553 = CARTESIAN_POINT('',(55.9,60.513962,6.2));
#10554 = DIRECTION('',(1.,0.,-0.));
#10555 = DIRECTION('',(0.,0.,1.));
#10556 = DEFINITIONAL_REPRESENTATION('',(#10557),#10561);
#10557 = LINE('',#10558,#10559);
#10558 = CARTESIAN_POINT('',(0.,0.));
#10559 = VECTOR('',#10560,1.);
#10560 = DIRECTION('',(1.,0.));
#10561 = ( GEOMETRIC_REPRESENTATION_CONTEXT(2) 
PARAMETRIC_REPRESENTATION_CONTEXT() REPRESENTATION_CONTEXT('2D SPACE',''
  ) );
#10562 = PCURVE('',#10443,#10563);
#10563 = DEFINITIONAL_REPRESENTATION('',(#10564),#10568);
#10564 = LINE('',#10565,#10566);
#10565 = CARTESIAN_POINT('',(0.,19.));
#10566 = VECTOR('',#10567,1.);
#10567 = DIRECTION('',(1.,0.));
#10568 = ( GEOMETRIC_REPRESENTATION_CONTEXT(2) 
PARAMETRIC_REPRESENTATION_CONTEXT() REPRESENTATION_CONTEXT('2D SPACE',''
  ) );
#10569 = ORIENTED_EDGE('',*,*,#10570,.T.);
#10570 = EDGE_CURVE('',#10541,#10571,#10573,.T.);
#10571 = VERTEX_POINT('',#10572);
#10572 = CARTESIAN_POINT('',(55.9,65.513962,6.2));
#10573 = SURFACE_CURVE('',#10574,(#10578,#10585),.PCURVE_S1.);
#10574 = LINE('',#10575,#10576);
#10575 = CARTESIAN_POINT('',(55.9,60.513962,6.2));
#10576 = VECTOR('',#10577,1.);
#10577 = DIRECTION('',(-0.,1.,0.));
#10578 = PCURVE('',#10551,#10579);
#10579 = DEFINITIONAL_REPRESENTATION('',(#10580),#10584);
#10580 = LINE('',#10581,#10582);
#10581 = CARTESIAN_POINT('',(0.,0.));
#10582 = VECTOR('',#10583,1.);
#10583 = DIRECTION('',(0.,-1.));
#10584 = ( GEOMETRIC_REPRESENTATION_CONTEXT(2) 
PARAMETRIC_REPRESENTATION_CONTEXT() REPRESENTATION_CONTEXT('2D SPACE',''
  ) );
#10585 = PCURVE('',#10471,#10586);
#10586 = DEFINITIONAL_REPRESENTATION('',(#10587),#10591);
#10587 = LINE('',#10588,#10589);
#10588 = CARTESIAN_POINT('',(19.,0.));
#10589 = VECTOR('',#10590,1.);
#10590 = DIRECTION('',(0.,1.));
#10591 = ( GEOMETRIC_REPRESENTATION_CONTEXT(2) 
PARAMETRIC_REPRESENTATION_CONTEXT() REPRESENTATION_CONTEXT('2D SPACE',''
  ) );
#10592 = ORIENTED_EDGE('',*,*,#10593,.T.);
#10593 = EDGE_CURVE('',#10571,#10594,#10596,.T.);
#10594 = VERTEX_POINT('',#10595);
#10595 = CARTESIAN_POINT('',(55.9,65.513962,19.2));
#10596 = SURFACE_CURVE('',#10597,(#10601,#10608),.PCURVE_S1.);
#10597 = LINE('',#10598,#10599);
#10598 = CARTESIAN_POINT('',(55.9,65.513962,6.2));
#10599 = VECTOR('',#10600,1.);
#10600 = DIRECTION('',(0.,0.,1.));
#10601 = PCURVE('',#10551,#10602);
#10602 = DEFINITIONAL_REPRESENTATION('',(#10603),#10607);
#10603 = LINE('',#10604,#10605);
#10604 = CARTESIAN_POINT('',(0.,-5.));
#10605 = VECTOR('',#10606,1.);
#10606 = DIRECTION('',(1.,0.));
#10607 = ( GEOMETRIC_REPRESENTATION_CONTEXT(2) 
PARAMETRIC_REPRESENTATION_CONTEXT() REPRESENTATION_CONTEXT('2D SPACE',''
  ) );
#10608 = PCURVE('',#10499,#10609);
#10609 = DEFINITIONAL_REPRESENTATION('',(#10610),#10614);
#10610 = LINE('',#10611,#10612);
#10611 = CARTESIAN_POINT('',(0.,19.));
#10612 = VECTOR('',#10613,1.);
#10613 = DIRECTION('',(1.,0.));
#10614 = ( GEOMETRIC_REPRESENTATION_CONTEXT(2) 
PARAMETRIC_REPRESENTATION_CONTEXT() REPRESENTATION_CONTEXT('2D SPACE',''
  ) );
#10615 = ORIENTED_EDGE('',*,*,#10616,.F.);
#10616 = EDGE_CURVE('',#10543,#10594,#10617,.T.);
#10617 = SURFACE_CURVE('',#10618,(#10622,#10629),.PCURVE_S1.);
#10618 = LINE('',#10619,#10620);
#10619 = CARTESIAN_POINT('',(55.9,60.513962,19.2));
#10620 = VECTOR('',#10621,1.);
#10621 = DIRECTION('',(-0.,1.,0.));
#10622 = PCURVE('',#10551,#10623);
#10623 = DEFINITIONAL_REPRESENTATION('',(#10624),#10628);
#10624 = LINE('',#10625,#10626);
#10625 = CARTESIAN_POINT('',(13.,0.));
#10626 = VECTOR('',#10627,1.);
#10627 = DIRECTION('',(0.,-1.));
#10628 = ( GEOMETRIC_REPRESENTATION_CONTEXT(2) 
PARAMETRIC_REPRESENTATION_CONTEXT() REPRESENTATION_CONTEXT('2D SPACE',''
  ) );
#10629 = PCURVE('',#10525,#10630);
#10630 = DEFINITIONAL_REPRESENTATION('',(#10631),#10635);
#10631 = LINE('',#10632,#10633);
#10632 = CARTESIAN_POINT('',(19.,0.));
#10633 = VECTOR('',#10634,1.);
#10634 = DIRECTION('',(0.,1.));
#10635 = ( GEOMETRIC_REPRESENTATION_CONTEXT(2) 
PARAMETRIC_REPRESENTATION_CONTEXT() REPRESENTATION_CONTEXT('2D SPACE',''
  ) );
#10636 = ADVANCED_FACE('',(#10637),#10443,.F.);
#10637 = FACE_BOUND('',#10638,.F.);
#10638 = EDGE_LOOP('',(#10639,#10660,#10661,#10682));
#10639 = ORIENTED_EDGE('',*,*,#10640,.F.);
#10640 = EDGE_CURVE('',#10421,#10541,#10641,.T.);
#10641 = SURFACE_CURVE('',#10642,(#10646,#10653),.PCURVE_S1.);
#10642 = LINE('',#10643,#10644);
#10643 = CARTESIAN_POINT('',(36.9,60.513962,6.2));
#10644 = VECTOR('',#10645,1.);
#10645 = DIRECTION('',(1.,0.,-0.));
#10646 = PCURVE('',#10443,#10647);
#10647 = DEFINITIONAL_REPRESENTATION('',(#10648),#10652);
#10648 = LINE('',#10649,#10650);
#10649 = CARTESIAN_POINT('',(0.,0.));
#10650 = VECTOR('',#10651,1.);
#10651 = DIRECTION('',(0.,1.));
#10652 = ( GEOMETRIC_REPRESENTATION_CONTEXT(2) 
PARAMETRIC_REPRESENTATION_CONTEXT() REPRESENTATION_CONTEXT('2D SPACE',''
  ) );
#10653 = PCURVE('',#10471,#10654);
#10654 = DEFINITIONAL_REPRESENTATION('',(#10655),#10659);
#10655 = LINE('',#10656,#10657);
#10656 = CARTESIAN_POINT('',(0.,0.));
#10657 = VECTOR('',#10658,1.);
#10658 = DIRECTION('',(1.,0.));
#10659 = ( GEOMETRIC_REPRESENTATION_CONTEXT(2) 
PARAMETRIC_REPRESENTATION_CONTEXT() REPRESENTATION_CONTEXT('2D SPACE',''
  ) );
#10660 = ORIENTED_EDGE('',*,*,#10420,.T.);
#10661 = ORIENTED_EDGE('',*,*,#10662,.T.);
#10662 = EDGE_CURVE('',#10423,#10543,#10663,.T.);
#10663 = SURFACE_CURVE('',#10664,(#10668,#10675),.PCURVE_S1.);
#10664 = LINE('',#10665,#10666);
#10665 = CARTESIAN_POINT('',(36.9,60.513962,19.2));
#10666 = VECTOR('',#10667,1.);
#10667 = DIRECTION('',(1.,0.,-0.));
#10668 = PCURVE('',#10443,#10669);
#10669 = DEFINITIONAL_REPRESENTATION('',(#10670),#10674);
#10670 = LINE('',#10671,#10672);
#10671 = CARTESIAN_POINT('',(13.,0.));
#10672 = VECTOR('',#10673,1.);
#10673 = DIRECTION('',(0.,1.));
#10674 = ( GEOMETRIC_REPRESENTATION_CONTEXT(2) 
PARAMETRIC_REPRESENTATION_CONTEXT() REPRESENTATION_CONTEXT('2D SPACE',''
  ) );
#10675 = PCURVE('',#10525,#10676);
#10676 = DEFINITIONAL_REPRESENTATION('',(#10677),#10681);
#10677 = LINE('',#10678,#10679);
#10678 = CARTESIAN_POINT('',(0.,0.));
#10679 = VECTOR('',#10680,1.);
#10680 = DIRECTION('',(1.,0.));
#10681 = ( GEOMETRIC_REPRESENTATION_CONTEXT(2) 
PARAMETRIC_REPRESENTATION_CONTEXT() REPRESENTATION_CONTEXT('2D SPACE',''
  ) );
#10682 = ORIENTED_EDGE('',*,*,#10540,.F.);
#10683 = ADVANCED_FACE('',(#10684),#10499,.T.);
#10684 = FACE_BOUND('',#10685,.T.);
#10685 = EDGE_LOOP('',(#10686,#10707,#10708,#10729));
#10686 = ORIENTED_EDGE('',*,*,#10687,.F.);
#10687 = EDGE_CURVE('',#10456,#10571,#10688,.T.);
#10688 = SURFACE_CURVE('',#10689,(#10693,#10700),.PCURVE_S1.);
#10689 = LINE('',#10690,#10691);
#10690 = CARTESIAN_POINT('',(36.9,65.513962,6.2));
#10691 = VECTOR('',#10692,1.);
#10692 = DIRECTION('',(1.,0.,-0.));
#10693 = PCURVE('',#10499,#10694);
#10694 = DEFINITIONAL_REPRESENTATION('',(#10695),#10699);
#10695 = LINE('',#10696,#10697);
#10696 = CARTESIAN_POINT('',(0.,0.));
#10697 = VECTOR('',#10698,1.);
#10698 = DIRECTION('',(0.,1.));
#10699 = ( GEOMETRIC_REPRESENTATION_CONTEXT(2) 
PARAMETRIC_REPRESENTATION_CONTEXT() REPRESENTATION_CONTEXT('2D SPACE',''
  ) );
#10700 = PCURVE('',#10471,#10701);
#10701 = DEFINITIONAL_REPRESENTATION('',(#10702),#10706);
#10702 = LINE('',#10703,#10704);
#10703 = CARTESIAN_POINT('',(0.,5.));
#10704 = VECTOR('',#10705,1.);
#10705 = DIRECTION('',(1.,0.));
#10706 = ( GEOMETRIC_REPRESENTATION_CONTEXT(2) 
PARAMETRIC_REPRESENTATION_CONTEXT() REPRESENTATION_CONTEXT('2D SPACE',''
  ) );
#10707 = ORIENTED_EDGE('',*,*,#10483,.T.);
#10708 = ORIENTED_EDGE('',*,*,#10709,.T.);
#10709 = EDGE_CURVE('',#10484,#10594,#10710,.T.);
#10710 = SURFACE_CURVE('',#10711,(#10715,#10722),.PCURVE_S1.);
#10711 = LINE('',#10712,#10713);
#10712 = CARTESIAN_POINT('',(36.9,65.513962,19.2));
#10713 = VECTOR('',#10714,1.);
#10714 = DIRECTION('',(1.,0.,-0.));
#10715 = PCURVE('',#10499,#10716);
#10716 = DEFINITIONAL_REPRESENTATION('',(#10717),#10721);
#10717 = LINE('',#10718,#10719);
#10718 = CARTESIAN_POINT('',(13.,0.));
#10719 = VECTOR('',#10720,1.);
#10720 = DIRECTION('',(0.,1.));
#10721 = ( GEOMETRIC_REPRESENTATION_CONTEXT(2) 
PARAMETRIC_REPRESENTATION_CONTEXT() REPRESENTATION_CONTEXT('2D SPACE',''
  ) );
#10722 = PCURVE('',#10525,#10723);
#10723 = DEFINITIONAL_REPRESENTATION('',(#10724),#10728);
#10724 = LINE('',#10725,#10726);
#10725 = CARTESIAN_POINT('',(0.,5.));
#10726 = VECTOR('',#10727,1.);
#10727 = DIRECTION('',(1.,0.));
#10728 = ( GEOMETRIC_REPRESENTATION_CONTEXT(2) 
PARAMETRIC_REPRESENTATION_CONTEXT() REPRESENTATION_CONTEXT('2D SPACE',''
  ) );
#10729 = ORIENTED_EDGE('',*,*,#10593,.F.);
#10730 = ADVANCED_FACE('',(#10731),#10471,.F.);
#10731 = FACE_BOUND('',#10732,.F.);
#10732 = EDGE_LOOP('',(#10733,#10734,#10735,#10736));
#10733 = ORIENTED_EDGE('',*,*,#10455,.F.);
#10734 = ORIENTED_EDGE('',*,*,#10640,.T.);
#10735 = ORIENTED_EDGE('',*,*,#10570,.T.);
#10736 = ORIENTED_EDGE('',*,*,#10687,.F.);
#10737 = ADVANCED_FACE('',(#10738),#10525,.T.);
#10738 = FACE_BOUND('',#10739,.T.);
#10739 = EDGE_LOOP('',(#10740,#10741,#10742,#10743));
#10740 = ORIENTED_EDGE('',*,*,#10511,.F.);
#10741 = ORIENTED_EDGE('',*,*,#10662,.T.);
#10742 = ORIENTED_EDGE('',*,*,#10616,.T.);
#10743 = ORIENTED_EDGE('',*,*,#10709,.F.);
#10744 = ( GEOMETRIC_REPRESENTATION_CONTEXT(3) 
GLOBAL_UNCERTAINTY_ASSIGNED_CONTEXT((#10748)) 
GLOBAL_UNIT_ASSIGNED_CONTEXT((#10745,#10746,#10747)) 
REPRESENTATION_CONTEXT('Context #1',
  '3D Context with UNIT and UNCERTAINTY') );
#10745 = ( LENGTH_UNIT() NAMED_UNIT(*) SI_UNIT(.MILLI.,.METRE.) );
#10746 = ( NAMED_UNIT(*) PLANE_ANGLE_UNIT() SI_UNIT($,.RADIAN.) );
#10747 = ( NAMED_UNIT(*) SI_UNIT($,.STERADIAN.) SOLID_ANGLE_UNIT() );
#10748 = UNCERTAINTY_MEASURE_WITH_UNIT(LENGTH_MEASURE(1.E-07),#10745,
  'distance_accuracy_value','confusion accuracy');
#10749 = CONTEXT_DEPENDENT_SHAPE_REPRESENTATION(#10750,#10752);
#10750 = ( REPRESENTATION_RELATIONSHIP('','',#10413,#10) 
REPRESENTATION_RELATIONSHIP_WITH_TRANSFORMATION(#10751) 
SHAPE_REPRESENTATION_RELATIONSHIP() );
#10751 = ITEM_DEFINED_TRANSFORMATION('','',#11,#47);
#10752 = PRODUCT_DEFINITION_SHAPE('Placement','Placement of an item',
  #10753);
#10753 = NEXT_ASSEMBLY_USAGE_OCCURRENCE('9','','',#5,#10408,$);
#10754 = PRODUCT_RELATED_PRODUCT_CATEGORY('part',$,(#10410));
#10755 = SHAPE_DEFINITION_REPRESENTATION(#10756,#10762);
#10756 = PRODUCT_DEFINITION_SHAPE('','',#10757);
#10757 = PRODUCT_DEFINITION('design','',#10758,#10761);
#10758 = PRODUCT_DEFINITION_FORMATION('','',#10759);
#10759 = PRODUCT('Open CASCADE STEP translator 8.0 2.10',
  'Open CASCADE STEP translator 8.0 2.10','',(#10760));
#10760 = PRODUCT_CONTEXT('',#2,'mechanical');
#10761 = PRODUCT_DEFINITION_CONTEXT('part definition',#2,'design');
#10762 = ADVANCED_BREP_SHAPE_REPRESENTATION('',(#11,#10763),#11093);
#10763 = MANIFOLD_SOLID_BREP('',#10764);
#10764 = CLOSED_SHELL('',(#10765,#10885,#10985,#11032,#11079,#11086));
#10765 = ADVANCED_FACE('',(#10766),#10780,.F.);
#10766 = FACE_BOUND('',#10767,.F.);
#10767 = EDGE_LOOP('',(#10768,#10803,#10831,#10859));
#10768 = ORIENTED_EDGE('',*,*,#10769,.F.);
#10769 = EDGE_CURVE('',#10770,#10772,#10774,.T.);
#10770 = VERTEX_POINT('',#10771);
#10771 = CARTESIAN_POINT('',(3.4,39.013962,1.2));
#10772 = VERTEX_POINT('',#10773);
#10773 = CARTESIAN_POINT('',(3.4,39.013962,6.2));
#10774 = SURFACE_CURVE('',#10775,(#10779,#10791),.PCURVE_S1.);
#10775 = LINE('',#10776,#10777);
#10776 = CARTESIAN_POINT('',(3.4,39.013962,1.2));
#10777 = VECTOR('',#10778,1.);
#10778 = DIRECTION('',(0.,0.,1.));
#10779 = PCURVE('',#10780,#10785);
#10780 = PLANE('',#10781);
#10781 = AXIS2_PLACEMENT_3D('',#10782,#10783,#10784);
#10782 = CARTESIAN_POINT('',(3.4,39.013962,1.2));
#10783 = DIRECTION('',(1.,0.,0.));
#10784 = DIRECTION('',(0.,0.,1.));
#10785 = DEFINITIONAL_REPRESENTATION('',(#10786),#10790);
#10786 = LINE('',#10787,#10788);
#10787 = CARTESIAN_POINT('',(0.,0.));
#10788 = VECTOR('',#10789,1.);
#10789 = DIRECTION('',(1.,0.));
#10790 = ( GEOMETRIC_REPRESENTATION_CONTEXT(2) 
PARAMETRIC_REPRESENTATION_CONTEXT() REPRESENTATION_CONTEXT('2D SPACE',''
  ) );
#10791 = PCURVE('',#10792,#10797);
#10792 = PLANE('',#10793);
#10793 = AXIS2_PLACEMENT_3D('',#10794,#10795,#10796);
#10794 = CARTESIAN_POINT('',(3.4,39.013962,1.2));
#10795 = DIRECTION('',(0.,1.,0.));
#10796 = DIRECTION('',(0.,0.,1.));
#10797 = DEFINITIONAL_REPRESENTATION('',(#10798),#10802);
#10798 = LINE('',#10799,#10800);
#10799 = CARTESIAN_POINT('',(0.,0.));
#10800 = VECTOR('',#10801,1.);
#10801 = DIRECTION('',(1.,0.));
#10802 = ( GEOMETRIC_REPRESENTATION_CONTEXT(2) 
PARAMETRIC_REPRESENTATION_CONTEXT() REPRESENTATION_CONTEXT('2D SPACE',''
  ) );
#10803 = ORIENTED_EDGE('',*,*,#10804,.T.);
#10804 = EDGE_CURVE('',#10770,#10805,#10807,.T.);
#10805 = VERTEX_POINT('',#10806);
#10806 = CARTESIAN_POINT('',(3.4,45.013962,1.2));
#10807 = SURFACE_CURVE('',#10808,(#10812,#10819),.PCURVE_S1.);
#10808 = LINE('',#10809,#10810);
#10809 = CARTESIAN_POINT('',(3.4,39.013962,1.2));
#10810 = VECTOR('',#10811,1.);
#10811 = DIRECTION('',(0.,1.,0.));
#10812 = PCURVE('',#10780,#10813);
#10813 = DEFINITIONAL_REPRESENTATION('',(#10814),#10818);
#10814 = LINE('',#10815,#10816);
#10815 = CARTESIAN_POINT('',(0.,0.));
#10816 = VECTOR('',#10817,1.);
#10817 = DIRECTION('',(0.,-1.));
#10818 = ( GEOMETRIC_REPRESENTATION_CONTEXT(2) 
PARAMETRIC_REPRESENTATION_CONTEXT() REPRESENTATION_CONTEXT('2D SPACE',''
  ) );
#10819 = PCURVE('',#10820,#10825);
#10820 = PLANE('',#10821);
#10821 = AXIS2_PLACEMENT_3D('',#10822,#10823,#10824);
#10822 = CARTESIAN_POINT('',(3.4,39.013962,1.2));
#10823 = DIRECTION('',(0.,0.,1.));
#10824 = DIRECTION('',(1.,0.,0.));
#10825 = DEFINITIONAL_REPRESENTATION('',(#10826),#10830);
#10826 = LINE('',#10827,#10828);
#10827 = CARTESIAN_POINT('',(0.,0.));
#10828 = VECTOR('',#10829,1.);
#10829 = DIRECTION('',(0.,1.));
#10830 = ( GEOMETRIC_REPRESENTATION_CONTEXT(2) 
PARAMETRIC_REPRESENTATION_CONTEXT() REPRESENTATION_CONTEXT('2D SPACE',''
  ) );
#10831 = ORIENTED_EDGE('',*,*,#10832,.T.);
#10832 = EDGE_CURVE('',#10805,#10833,#10835,.T.);
#10833 = VERTEX_POINT('',#10834);
#10834 = CARTESIAN_POINT('',(3.4,45.013962,6.2));
#10835 = SURFACE_CURVE('',#10836,(#10840,#10847),.PCURVE_S1.);
#10836 = LINE('',#10837,#10838);
#10837 = CARTESIAN_POINT('',(3.4,45.013962,1.2));
#10838 = VECTOR('',#10839,1.);
#10839 = DIRECTION('',(0.,0.,1.));
#10840 = PCURVE('',#10780,#10841);
#10841 = DEFINITIONAL_REPRESENTATION('',(#10842),#10846);
#10842 = LINE('',#10843,#10844);
#10843 = CARTESIAN_POINT('',(0.,-6.));
#10844 = VECTOR('',#10845,1.);
#10845 = DIRECTION('',(1.,0.));
#10846 = ( GEOMETRIC_REPRESENTATION_CONTEXT(2) 
PARAMETRIC_REPRESENTATION_CONTEXT() REPRESENTATION_CONTEXT('2D SPACE',''
  ) );
#10847 = PCURVE('',#10848,#10853);
#10848 = PLANE('',#10849);
#10849 = AXIS2_PLACEMENT_3D('',#10850,#10851,#10852);
#10850 = CARTESIAN_POINT('',(3.4,45.013962,1.2));
#10851 = DIRECTION('',(0.,1.,0.));
#10852 = DIRECTION('',(0.,0.,1.));
#10853 = DEFINITIONAL_REPRESENTATION('',(#10854),#10858);
#10854 = LINE('',#10855,#10856);
#10855 = CARTESIAN_POINT('',(0.,0.));
#10856 = VECTOR('',#10857,1.);
#10857 = DIRECTION('',(1.,0.));
#10858 = ( GEOMETRIC_REPRESENTATION_CONTEXT(2) 
PARAMETRIC_REPRESENTATION_CONTEXT() REPRESENTATION_CONTEXT('2D SPACE',''
  ) );
#10859 = ORIENTED_EDGE('',*,*,#10860,.F.);
#10860 = EDGE_CURVE('',#10772,#10833,#10861,.T.);
#10861 = SURFACE_CURVE('',#10862,(#10866,#10873),.PCURVE_S1.);
#10862 = LINE('',#10863,#10864);
#10863 = CARTESIAN_POINT('',(3.4,39.013962,6.2));
#10864 = VECTOR('',#10865,1.);
#10865 = DIRECTION('',(0.,1.,0.));
#10866 = PCURVE('',#10780,#10867);
#10867 = DEFINITIONAL_REPRESENTATION('',(#10868),#10872);
#10868 = LINE('',#10869,#10870);
#10869 = CARTESIAN_POINT('',(5.,0.));
#10870 = VECTOR('',#10871,1.);
#10871 = DIRECTION('',(0.,-1.));
#10872 = ( GEOMETRIC_REPRESENTATION_CONTEXT(2) 
PARAMETRIC_REPRESENTATION_CONTEXT() REPRESENTATION_CONTEXT('2D SPACE',''
  ) );
#10873 = PCURVE('',#10874,#10879);
#10874 = PLANE('',#10875);
#10875 = AXIS2_PLACEMENT_3D('',#10876,#10877,#10878);
#10876 = CARTESIAN_POINT('',(3.4,39.013962,6.2));
#10877 = DIRECTION('',(0.,0.,1.));
#10878 = DIRECTION('',(1.,0.,0.));
#10879 = DEFINITIONAL_REPRESENTATION('',(#10880),#10884);
#10880 = LINE('',#10881,#10882);
#10881 = CARTESIAN_POINT('',(0.,0.));
#10882 = VECTOR('',#10883,1.);
#10883 = DIRECTION('',(0.,1.));
#10884 = ( GEOMETRIC_REPRESENTATION_CONTEXT(2) 
PARAMETRIC_REPRESENTATION_CONTEXT() REPRESENTATION_CONTEXT('2D SPACE',''
  ) );
#10885 = ADVANCED_FACE('',(#10886),#10900,.T.);
#10886 = FACE_BOUND('',#10887,.T.);
#10887 = EDGE_LOOP('',(#10888,#10918,#10941,#10964));
#10888 = ORIENTED_EDGE('',*,*,#10889,.F.);
#10889 = EDGE_CURVE('',#10890,#10892,#10894,.T.);
#10890 = VERTEX_POINT('',#10891);
#10891 = CARTESIAN_POINT('',(23.4,39.013962,1.2));
#10892 = VERTEX_POINT('',#10893);
#10893 = CARTESIAN_POINT('',(23.4,39.013962,6.2));
#10894 = SURFACE_CURVE('',#10895,(#10899,#10911),.PCURVE_S1.);
#10895 = LINE('',#10896,#10897);
#10896 = CARTESIAN_POINT('',(23.4,39.013962,1.2));
#10897 = VECTOR('',#10898,1.);
#10898 = DIRECTION('',(0.,0.,1.));
#10899 = PCURVE('',#10900,#10905);
#10900 = PLANE('',#10901);
#10901 = AXIS2_PLACEMENT_3D('',#10902,#10903,#10904);
#10902 = CARTESIAN_POINT('',(23.4,39.013962,1.2));
#10903 = DIRECTION('',(1.,0.,0.));
#10904 = DIRECTION('',(0.,0.,1.));
#10905 = DEFINITIONAL_REPRESENTATION('',(#10906),#10910);
#10906 = LINE('',#10907,#10908);
#10907 = CARTESIAN_POINT('',(0.,0.));
#10908 = VECTOR('',#10909,1.);
#10909 = DIRECTION('',(1.,0.));
#10910 = ( GEOMETRIC_REPRESENTATION_CONTEXT(2) 
PARAMETRIC_REPRESENTATION_CONTEXT() REPRESENTATION_CONTEXT('2D SPACE',''
  ) );
#10911 = PCURVE('',#10792,#10912);
#10912 = DEFINITIONAL_REPRESENTATION('',(#10913),#10917);
#10913 = LINE('',#10914,#10915);
#10914 = CARTESIAN_POINT('',(0.,20.));
#10915 = VECTOR('',#10916,1.);
#10916 = DIRECTION('',(1.,0.));
#10917 = ( GEOMETRIC_REPRESENTATION_CONTEXT(2) 
PARAMETRIC_REPRESENTATION_CONTEXT() REPRESENTATION_CONTEXT('2D SPACE',''
  ) );
#10918 = ORIENTED_EDGE('',*,*,#10919,.T.);
#10919 = EDGE_CURVE('',#10890,#10920,#10922,.T.);
#10920 = VERTEX_POINT('',#10921);
#10921 = CARTESIAN_POINT('',(23.4,45.013962,1.2));
#10922 = SURFACE_CURVE('',#10923,(#10927,#10934),.PCURVE_S1.);
#10923 = LINE('',#10924,#10925);
#10924 = CARTESIAN_POINT('',(23.4,39.013962,1.2));
#10925 = VECTOR('',#10926,1.);
#10926 = DIRECTION('',(0.,1.,0.));
#10927 = PCURVE('',#10900,#10928);
#10928 = DEFINITIONAL_REPRESENTATION('',(#10929),#10933);
#10929 = LINE('',#10930,#10931);
#10930 = CARTESIAN_POINT('',(0.,0.));
#10931 = VECTOR('',#10932,1.);
#10932 = DIRECTION('',(0.,-1.));
#10933 = ( GEOMETRIC_REPRESENTATION_CONTEXT(2) 
PARAMETRIC_REPRESENTATION_CONTEXT() REPRESENTATION_CONTEXT('2D SPACE',''
  ) );
#10934 = PCURVE('',#10820,#10935);
#10935 = DEFINITIONAL_REPRESENTATION('',(#10936),#10940);
#10936 = LINE('',#10937,#10938);
#10937 = CARTESIAN_POINT('',(20.,0.));
#10938 = VECTOR('',#10939,1.);
#10939 = DIRECTION('',(0.,1.));
#10940 = ( GEOMETRIC_REPRESENTATION_CONTEXT(2) 
PARAMETRIC_REPRESENTATION_CONTEXT() REPRESENTATION_CONTEXT('2D SPACE',''
  ) );
#10941 = ORIENTED_EDGE('',*,*,#10942,.T.);
#10942 = EDGE_CURVE('',#10920,#10943,#10945,.T.);
#10943 = VERTEX_POINT('',#10944);
#10944 = CARTESIAN_POINT('',(23.4,45.013962,6.2));
#10945 = SURFACE_CURVE('',#10946,(#10950,#10957),.PCURVE_S1.);
#10946 = LINE('',#10947,#10948);
#10947 = CARTESIAN_POINT('',(23.4,45.013962,1.2));
#10948 = VECTOR('',#10949,1.);
#10949 = DIRECTION('',(0.,0.,1.));
#10950 = PCURVE('',#10900,#10951);
#10951 = DEFINITIONAL_REPRESENTATION('',(#10952),#10956);
#10952 = LINE('',#10953,#10954);
#10953 = CARTESIAN_POINT('',(0.,-6.));
#10954 = VECTOR('',#10955,1.);
#10955 = DIRECTION('',(1.,0.));
#10956 = ( GEOMETRIC_REPRESENTATION_CONTEXT(2) 
PARAMETRIC_REPRESENTATION_CONTEXT() REPRESENTATION_CONTEXT('2D SPACE',''
  ) );
#10957 = PCURVE('',#10848,#10958);
#10958 = DEFINITIONAL_REPRESENTATION('',(#10959),#10963);
#10959 = LINE('',#10960,#10961);
#10960 = CARTESIAN_POINT('',(0.,20.));
#10961 = VECTOR('',#10962,1.);
#10962 = DIRECTION('',(1.,0.));
#10963 = ( GEOMETRIC_REPRESENTATION_CONTEXT(2) 
PARAMETRIC_REPRESENTATION_CONTEXT() REPRESENTATION_CONTEXT('2D SPACE',''
  ) );
#10964 = ORIENTED_EDGE('',*,*,#10965,.F.);
#10965 = EDGE_CURVE('',#10892,#10943,#10966,.T.);
#10966 = SURFACE_CURVE('',#10967,(#10971,#10978),.PCURVE_S1.);
#10967 = LINE('',#10968,#10969);
#10968 = CARTESIAN_POINT('',(23.4,39.013962,6.2));
#10969 = VECTOR('',#10970,1.);
#10970 = DIRECTION('',(0.,1.,0.));
#10971 = PCURVE('',#10900,#10972);
#10972 = DEFINITIONAL_REPRESENTATION('',(#10973),#10977);
#10973 = LINE('',#10974,#10975);
#10974 = CARTESIAN_POINT('',(5.,0.));
#10975 = VECTOR('',#10976,1.);
#10976 = DIRECTION('',(0.,-1.));
#10977 = ( GEOMETRIC_REPRESENTATION_CONTEXT(2) 
PARAMETRIC_REPRESENTATION_CONTEXT() REPRESENTATION_CONTEXT('2D SPACE',''
  ) );
#10978 = PCURVE('',#10874,#10979);
#10979 = DEFINITIONAL_REPRESENTATION('',(#10980),#10984);
#10980 = LINE('',#10981,#10982);
#10981 = CARTESIAN_POINT('',(20.,0.));
#10982 = VECTOR('',#10983,1.);
#10983 = DIRECTION('',(0.,1.));
#10984 = ( GEOMETRIC_REPRESENTATION_CONTEXT(2) 
PARAMETRIC_REPRESENTATION_CONTEXT() REPRESENTATION_CONTEXT('2D SPACE',''
  ) );
#10985 = ADVANCED_FACE('',(#10986),#10792,.F.);
#10986 = FACE_BOUND('',#10987,.F.);
#10987 = EDGE_LOOP('',(#10988,#11009,#11010,#11031));
#10988 = ORIENTED_EDGE('',*,*,#10989,.F.);
#10989 = EDGE_CURVE('',#10770,#10890,#10990,.T.);
#10990 = SURFACE_CURVE('',#10991,(#10995,#11002),.PCURVE_S1.);
#10991 = LINE('',#10992,#10993);
#10992 = CARTESIAN_POINT('',(3.4,39.013962,1.2));
#10993 = VECTOR('',#10994,1.);
#10994 = DIRECTION('',(1.,0.,0.));
#10995 = PCURVE('',#10792,#10996);
#10996 = DEFINITIONAL_REPRESENTATION('',(#10997),#11001);
#10997 = LINE('',#10998,#10999);
#10998 = CARTESIAN_POINT('',(0.,0.));
#10999 = VECTOR('',#11000,1.);
#11000 = DIRECTION('',(0.,1.));
#11001 = ( GEOMETRIC_REPRESENTATION_CONTEXT(2) 
PARAMETRIC_REPRESENTATION_CONTEXT() REPRESENTATION_CONTEXT('2D SPACE',''
  ) );
#11002 = PCURVE('',#10820,#11003);
#11003 = DEFINITIONAL_REPRESENTATION('',(#11004),#11008);
#11004 = LINE('',#11005,#11006);
#11005 = CARTESIAN_POINT('',(0.,0.));
#11006 = VECTOR('',#11007,1.);
#11007 = DIRECTION('',(1.,0.));
#11008 = ( GEOMETRIC_REPRESENTATION_CONTEXT(2) 
PARAMETRIC_REPRESENTATION_CONTEXT() REPRESENTATION_CONTEXT('2D SPACE',''
  ) );
#11009 = ORIENTED_EDGE('',*,*,#10769,.T.);
#11010 = ORIENTED_EDGE('',*,*,#11011,.T.);
#11011 = EDGE_CURVE('',#10772,#10892,#11012,.T.);
#11012 = SURFACE_CURVE('',#11013,(#11017,#11024),.PCURVE_S1.);
#11013 = LINE('',#11014,#11015);
#11014 = CARTESIAN_POINT('',(3.4,39.013962,6.2));
#11015 = VECTOR('',#11016,1.);
#11016 = DIRECTION('',(1.,0.,0.));
#11017 = PCURVE('',#10792,#11018);
#11018 = DEFINITIONAL_REPRESENTATION('',(#11019),#11023);
#11019 = LINE('',#11020,#11021);
#11020 = CARTESIAN_POINT('',(5.,0.));
#11021 = VECTOR('',#11022,1.);
#11022 = DIRECTION('',(0.,1.));
#11023 = ( GEOMETRIC_REPRESENTATION_CONTEXT(2) 
PARAMETRIC_REPRESENTATION_CONTEXT() REPRESENTATION_CONTEXT('2D SPACE',''
  ) );
#11024 = PCURVE('',#10874,#11025);
#11025 = DEFINITIONAL_REPRESENTATION('',(#11026),#11030);
#11026 = LINE('',#11027,#11028);
#11027 = CARTESIAN_POINT('',(0.,0.));
#11028 = VECTOR('',#11029,1.);
#11029 = DIRECTION('',(1.,0.));
#11030 = ( GEOMETRIC_REPRESENTATION_CONTEXT(2) 
PARAMETRIC_REPRESENTATION_CONTEXT() REPRESENTATION_CONTEXT('2D SPACE',''
  ) );
#11031 = ORIENTED_EDGE('',*,*,#10889,.F.);
#11032 = ADVANCED_FACE('',(#11033),#10848,.T.);
#11033 = FACE_BOUND('',#11034,.T.);
#11034 = EDGE_LOOP('',(#11035,#11056,#11057,#11078));
#11035 = ORIENTED_EDGE('',*,*,#11036,.F.);
#11036 = EDGE_CURVE('',#10805,#10920,#11037,.T.);
#11037 = SURFACE_CURVE('',#11038,(#11042,#11049),.PCURVE_S1.);
#11038 = LINE('',#11039,#11040);
#11039 = CARTESIAN_POINT('',(3.4,45.013962,1.2));
#11040 = VECTOR('',#11041,1.);
#11041 = DIRECTION('',(1.,0.,0.));
#11042 = PCURVE('',#10848,#11043);
#11043 = DEFINITIONAL_REPRESENTATION('',(#11044),#11048);
#11044 = LINE('',#11045,#11046);
#11045 = CARTESIAN_POINT('',(0.,0.));
#11046 = VECTOR('',#11047,1.);
#11047 = DIRECTION('',(0.,1.));
#11048 = ( GEOMETRIC_REPRESENTATION_CONTEXT(2) 
PARAMETRIC_REPRESENTATION_CONTEXT() REPRESENTATION_CONTEXT('2D SPACE',''
  ) );
#11049 = PCURVE('',#10820,#11050);
#11050 = DEFINITIONAL_REPRESENTATION('',(#11051),#11055);
#11051 = LINE('',#11052,#11053);
#11052 = CARTESIAN_POINT('',(0.,6.));
#11053 = VECTOR('',#11054,1.);
#11054 = DIRECTION('',(1.,0.));
#11055 = ( GEOMETRIC_REPRESENTATION_CONTEXT(2) 
PARAMETRIC_REPRESENTATION_CONTEXT() REPRESENTATION_CONTEXT('2D SPACE',''
  ) );
#11056 = ORIENTED_EDGE('',*,*,#10832,.T.);
#11057 = ORIENTED_EDGE('',*,*,#11058,.T.);
#11058 = EDGE_CURVE('',#10833,#10943,#11059,.T.);
#11059 = SURFACE_CURVE('',#11060,(#11064,#11071),.PCURVE_S1.);
#11060 = LINE('',#11061,#11062);
#11061 = CARTESIAN_POINT('',(3.4,45.013962,6.2));
#11062 = VECTOR('',#11063,1.);
#11063 = DIRECTION('',(1.,0.,0.));
#11064 = PCURVE('',#10848,#11065);
#11065 = DEFINITIONAL_REPRESENTATION('',(#11066),#11070);
#11066 = LINE('',#11067,#11068);
#11067 = CARTESIAN_POINT('',(5.,0.));
#11068 = VECTOR('',#11069,1.);
#11069 = DIRECTION('',(0.,1.));
#11070 = ( GEOMETRIC_REPRESENTATION_CONTEXT(2) 
PARAMETRIC_REPRESENTATION_CONTEXT() REPRESENTATION_CONTEXT('2D SPACE',''
  ) );
#11071 = PCURVE('',#10874,#11072);
#11072 = DEFINITIONAL_REPRESENTATION('',(#11073),#11077);
#11073 = LINE('',#11074,#11075);
#11074 = CARTESIAN_POINT('',(0.,6.));
#11075 = VECTOR('',#11076,1.);
#11076 = DIRECTION('',(1.,0.));
#11077 = ( GEOMETRIC_REPRESENTATION_CONTEXT(2) 
PARAMETRIC_REPRESENTATION_CONTEXT() REPRESENTATION_CONTEXT('2D SPACE',''
  ) );
#11078 = ORIENTED_EDGE('',*,*,#10942,.F.);
#11079 = ADVANCED_FACE('',(#11080),#10820,.F.);
#11080 = FACE_BOUND('',#11081,.F.);
#11081 = EDGE_LOOP('',(#11082,#11083,#11084,#11085));
#11082 = ORIENTED_EDGE('',*,*,#10804,.F.);
#11083 = ORIENTED_EDGE('',*,*,#10989,.T.);
#11084 = ORIENTED_EDGE('',*,*,#10919,.T.);
#11085 = ORIENTED_EDGE('',*,*,#11036,.F.);
#11086 = ADVANCED_FACE('',(#11087),#10874,.T.);
#11087 = FACE_BOUND('',#11088,.T.);
#11088 = EDGE_LOOP('',(#11089,#11090,#11091,#11092));
#11089 = ORIENTED_EDGE('',*,*,#10860,.F.);
#11090 = ORIENTED_EDGE('',*,*,#11011,.T.);
#11091 = ORIENTED_EDGE('',*,*,#10965,.T.);
#11092 = ORIENTED_EDGE('',*,*,#11058,.F.);
#11093 = ( GEOMETRIC_REPRESENTATION_CONTEXT(3) 
GLOBAL_UNCERTAINTY_ASSIGNED_CONTEXT((#11097)) 
GLOBAL_UNIT_ASSIGNED_CONTEXT((#11094,#11095,#11096)) 
REPRESENTATION_CONTEXT('Context #1',
  '3D Context with UNIT and UNCERTAINTY') );
#11094 = ( LENGTH_UNIT() NAMED_UNIT(*) SI_UNIT(.MILLI.,.METRE.) );
#11095 = ( NAMED_UNIT(*) PLANE_ANGLE_UNIT() SI_UNIT($,.RADIAN.) );
#11096 = ( NAMED_UNIT(*) SI_UNIT($,.STERADIAN.) SOLID_ANGLE_UNIT() );
#11097 = UNCERTAINTY_MEASURE_WITH_UNIT(LENGTH_MEASURE(1.E-07),#11094,
  'distance_accuracy_value','confusion accuracy');
#11098 = CONTEXT_DEPENDENT_SHAPE_REPRESENTATION(#11099,#11101);
#11099 = ( REPRESENTATION_RELATIONSHIP('','',#10762,#10) 
REPRESENTATION_RELATIONSHIP_WITH_TRANSFORMATION(#11100) 
SHAPE_REPRESENTATION_RELATIONSHIP() );
#11100 = ITEM_DEFINED_TRANSFORMATION('','',#11,#51);
#11101 = PRODUCT_DEFINITION_SHAPE('Placement','Placement of an item',
  #11102);
#11102 = NEXT_ASSEMBLY_USAGE_OCCURRENCE('10','','',#5,#10757,$);
#11103 = PRODUCT_RELATED_PRODUCT_CATEGORY('part',$,(#10759));
#11104 = SHAPE_DEFINITION_REPRESENTATION(#11105,#11111);
#11105 = PRODUCT_DEFINITION_SHAPE('','',#11106);
#11106 = PRODUCT_DEFINITION('design','',#11107,#11110);
#11107 = PRODUCT_DEFINITION_FORMATION('','',#11108);
#11108 = PRODUCT('Open CASCADE STEP translator 8.0 2.11',
  'Open CASCADE STEP translator 8.0 2.11','',(#11109));
#11109 = PRODUCT_CONTEXT('',#2,'mechanical');
#11110 = PRODUCT_DEFINITION_CONTEXT('part definition',#2,'design');
#11111 = ADVANCED_BREP_SHAPE_REPRESENTATION('',(#11,#11112),#11442);
#11112 = MANIFOLD_SOLID_BREP('',#11113);
#11113 = CLOSED_SHELL('',(#11114,#11234,#11334,#11381,#11428,#11435));
#11114 = ADVANCED_FACE('',(#11115),#11129,.F.);
#11115 = FACE_BOUND('',#11116,.F.);
#11116 = EDGE_LOOP('',(#11117,#11152,#11180,#11208));
#11117 = ORIENTED_EDGE('',*,*,#11118,.F.);
#11118 = EDGE_CURVE('',#11119,#11121,#11123,.T.);
#11119 = VERTEX_POINT('',#11120);
#11120 = CARTESIAN_POINT('',(3.9,39.513962,6.2));
#11121 = VERTEX_POINT('',#11122);
#11122 = CARTESIAN_POINT('',(3.9,39.513962,19.2));
#11123 = SURFACE_CURVE('',#11124,(#11128,#11140),.PCURVE_S1.);
#11124 = LINE('',#11125,#11126);
#11125 = CARTESIAN_POINT('',(3.9,39.513962,6.2));
#11126 = VECTOR('',#11127,1.);
#11127 = DIRECTION('',(0.,0.,1.));
#11128 = PCURVE('',#11129,#11134);
#11129 = PLANE('',#11130);
#11130 = AXIS2_PLACEMENT_3D('',#11131,#11132,#11133);
#11131 = CARTESIAN_POINT('',(3.9,39.513962,6.2));
#11132 = DIRECTION('',(1.,0.,-0.));
#11133 = DIRECTION('',(0.,0.,1.));
#11134 = DEFINITIONAL_REPRESENTATION('',(#11135),#11139);
#11135 = LINE('',#11136,#11137);
#11136 = CARTESIAN_POINT('',(0.,0.));
#11137 = VECTOR('',#11138,1.);
#11138 = DIRECTION('',(1.,0.));
#11139 = ( GEOMETRIC_REPRESENTATION_CONTEXT(2) 
PARAMETRIC_REPRESENTATION_CONTEXT() REPRESENTATION_CONTEXT('2D SPACE',''
  ) );
#11140 = PCURVE('',#11141,#11146);
#11141 = PLANE('',#11142);
#11142 = AXIS2_PLACEMENT_3D('',#11143,#11144,#11145);
#11143 = CARTESIAN_POINT('',(3.9,39.513962,6.2));
#11144 = DIRECTION('',(-0.,1.,0.));
#11145 = DIRECTION('',(0.,0.,1.));
#11146 = DEFINITIONAL_REPRESENTATION('',(#11147),#11151);
#11147 = LINE('',#11148,#11149);
#11148 = CARTESIAN_POINT('',(0.,0.));
#11149 = VECTOR('',#11150,1.);
#11150 = DIRECTION('',(1.,0.));
#11151 = ( GEOMETRIC_REPRESENTATION_CONTEXT(2) 
PARAMETRIC_REPRESENTATION_CONTEXT() REPRESENTATION_CONTEXT('2D SPACE',''
  ) );
#11152 = ORIENTED_EDGE('',*,*,#11153,.T.);
#11153 = EDGE_CURVE('',#11119,#11154,#11156,.T.);
#11154 = VERTEX_POINT('',#11155);
#11155 = CARTESIAN_POINT('',(3.9,44.513962,6.2));
#11156 = SURFACE_CURVE('',#11157,(#11161,#11168),.PCURVE_S1.);
#11157 = LINE('',#11158,#11159);
#11158 = CARTESIAN_POINT('',(3.9,39.513962,6.2));
#11159 = VECTOR('',#11160,1.);
#11160 = DIRECTION('',(-0.,1.,0.));
#11161 = PCURVE('',#11129,#11162);
#11162 = DEFINITIONAL_REPRESENTATION('',(#11163),#11167);
#11163 = LINE('',#11164,#11165);
#11164 = CARTESIAN_POINT('',(0.,0.));
#11165 = VECTOR('',#11166,1.);
#11166 = DIRECTION('',(0.,-1.));
#11167 = ( GEOMETRIC_REPRESENTATION_CONTEXT(2) 
PARAMETRIC_REPRESENTATION_CONTEXT() REPRESENTATION_CONTEXT('2D SPACE',''
  ) );
#11168 = PCURVE('',#11169,#11174);
#11169 = PLANE('',#11170);
#11170 = AXIS2_PLACEMENT_3D('',#11171,#11172,#11173);
#11171 = CARTESIAN_POINT('',(3.9,39.513962,6.2));
#11172 = DIRECTION('',(0.,0.,1.));
#11173 = DIRECTION('',(1.,0.,-0.));
#11174 = DEFINITIONAL_REPRESENTATION('',(#11175),#11179);
#11175 = LINE('',#11176,#11177);
#11176 = CARTESIAN_POINT('',(0.,0.));
#11177 = VECTOR('',#11178,1.);
#11178 = DIRECTION('',(0.,1.));
#11179 = ( GEOMETRIC_REPRESENTATION_CONTEXT(2) 
PARAMETRIC_REPRESENTATION_CONTEXT() REPRESENTATION_CONTEXT('2D SPACE',''
  ) );
#11180 = ORIENTED_EDGE('',*,*,#11181,.T.);
#11181 = EDGE_CURVE('',#11154,#11182,#11184,.T.);
#11182 = VERTEX_POINT('',#11183);
#11183 = CARTESIAN_POINT('',(3.9,44.513962,19.2));
#11184 = SURFACE_CURVE('',#11185,(#11189,#11196),.PCURVE_S1.);
#11185 = LINE('',#11186,#11187);
#11186 = CARTESIAN_POINT('',(3.9,44.513962,6.2));
#11187 = VECTOR('',#11188,1.);
#11188 = DIRECTION('',(0.,0.,1.));
#11189 = PCURVE('',#11129,#11190);
#11190 = DEFINITIONAL_REPRESENTATION('',(#11191),#11195);
#11191 = LINE('',#11192,#11193);
#11192 = CARTESIAN_POINT('',(0.,-5.));
#11193 = VECTOR('',#11194,1.);
#11194 = DIRECTION('',(1.,0.));
#11195 = ( GEOMETRIC_REPRESENTATION_CONTEXT(2) 
PARAMETRIC_REPRESENTATION_CONTEXT() REPRESENTATION_CONTEXT('2D SPACE',''
  ) );
#11196 = PCURVE('',#11197,#11202);
#11197 = PLANE('',#11198);
#11198 = AXIS2_PLACEMENT_3D('',#11199,#11200,#11201);
#11199 = CARTESIAN_POINT('',(3.9,44.513962,6.2));
#11200 = DIRECTION('',(-0.,1.,0.));
#11201 = DIRECTION('',(0.,0.,1.));
#11202 = DEFINITIONAL_REPRESENTATION('',(#11203),#11207);
#11203 = LINE('',#11204,#11205);
#11204 = CARTESIAN_POINT('',(0.,0.));
#11205 = VECTOR('',#11206,1.);
#11206 = DIRECTION('',(1.,0.));
#11207 = ( GEOMETRIC_REPRESENTATION_CONTEXT(2) 
PARAMETRIC_REPRESENTATION_CONTEXT() REPRESENTATION_CONTEXT('2D SPACE',''
  ) );
#11208 = ORIENTED_EDGE('',*,*,#11209,.F.);
#11209 = EDGE_CURVE('',#11121,#11182,#11210,.T.);
#11210 = SURFACE_CURVE('',#11211,(#11215,#11222),.PCURVE_S1.);
#11211 = LINE('',#11212,#11213);
#11212 = CARTESIAN_POINT('',(3.9,39.513962,19.2));
#11213 = VECTOR('',#11214,1.);
#11214 = DIRECTION('',(-0.,1.,0.));
#11215 = PCURVE('',#11129,#11216);
#11216 = DEFINITIONAL_REPRESENTATION('',(#11217),#11221);
#11217 = LINE('',#11218,#11219);
#11218 = CARTESIAN_POINT('',(13.,0.));
#11219 = VECTOR('',#11220,1.);
#11220 = DIRECTION('',(0.,-1.));
#11221 = ( GEOMETRIC_REPRESENTATION_CONTEXT(2) 
PARAMETRIC_REPRESENTATION_CONTEXT() REPRESENTATION_CONTEXT('2D SPACE',''
  ) );
#11222 = PCURVE('',#11223,#11228);
#11223 = PLANE('',#11224);
#11224 = AXIS2_PLACEMENT_3D('',#11225,#11226,#11227);
#11225 = CARTESIAN_POINT('',(3.9,39.513962,19.2));
#11226 = DIRECTION('',(0.,0.,1.));
#11227 = DIRECTION('',(1.,0.,-0.));
#11228 = DEFINITIONAL_REPRESENTATION('',(#11229),#11233);
#11229 = LINE('',#11230,#11231);
#11230 = CARTESIAN_POINT('',(0.,0.));
#11231 = VECTOR('',#11232,1.);
#11232 = DIRECTION('',(0.,1.));
#11233 = ( GEOMETRIC_REPRESENTATION_CONTEXT(2) 
PARAMETRIC_REPRESENTATION_CONTEXT() REPRESENTATION_CONTEXT('2D SPACE',''
  ) );
#11234 = ADVANCED_FACE('',(#11235),#11249,.T.);
#11235 = FACE_BOUND('',#11236,.T.);
#11236 = EDGE_LOOP('',(#11237,#11267,#11290,#11313));
#11237 = ORIENTED_EDGE('',*,*,#11238,.F.);
#11238 = EDGE_CURVE('',#11239,#11241,#11243,.T.);
#11239 = VERTEX_POINT('',#11240);
#11240 = CARTESIAN_POINT('',(22.9,39.513962,6.2));
#11241 = VERTEX_POINT('',#11242);
#11242 = CARTESIAN_POINT('',(22.9,39.513962,19.2));
#11243 = SURFACE_CURVE('',#11244,(#11248,#11260),.PCURVE_S1.);
#11244 = LINE('',#11245,#11246);
#11245 = CARTESIAN_POINT('',(22.9,39.513962,6.2));
#11246 = VECTOR('',#11247,1.);
#11247 = DIRECTION('',(0.,0.,1.));
#11248 = PCURVE('',#11249,#11254);
#11249 = PLANE('',#11250);
#11250 = AXIS2_PLACEMENT_3D('',#11251,#11252,#11253);
#11251 = CARTESIAN_POINT('',(22.9,39.513962,6.2));
#11252 = DIRECTION('',(1.,0.,-0.));
#11253 = DIRECTION('',(0.,0.,1.));
#11254 = DEFINITIONAL_REPRESENTATION('',(#11255),#11259);
#11255 = LINE('',#11256,#11257);
#11256 = CARTESIAN_POINT('',(0.,0.));
#11257 = VECTOR('',#11258,1.);
#11258 = DIRECTION('',(1.,0.));
#11259 = ( GEOMETRIC_REPRESENTATION_CONTEXT(2) 
PARAMETRIC_REPRESENTATION_CONTEXT() REPRESENTATION_CONTEXT('2D SPACE',''
  ) );
#11260 = PCURVE('',#11141,#11261);
#11261 = DEFINITIONAL_REPRESENTATION('',(#11262),#11266);
#11262 = LINE('',#11263,#11264);
#11263 = CARTESIAN_POINT('',(0.,19.));
#11264 = VECTOR('',#11265,1.);
#11265 = DIRECTION('',(1.,0.));
#11266 = ( GEOMETRIC_REPRESENTATION_CONTEXT(2) 
PARAMETRIC_REPRESENTATION_CONTEXT() REPRESENTATION_CONTEXT('2D SPACE',''
  ) );
#11267 = ORIENTED_EDGE('',*,*,#11268,.T.);
#11268 = EDGE_CURVE('',#11239,#11269,#11271,.T.);
#11269 = VERTEX_POINT('',#11270);
#11270 = CARTESIAN_POINT('',(22.9,44.513962,6.2));
#11271 = SURFACE_CURVE('',#11272,(#11276,#11283),.PCURVE_S1.);
#11272 = LINE('',#11273,#11274);
#11273 = CARTESIAN_POINT('',(22.9,39.513962,6.2));
#11274 = VECTOR('',#11275,1.);
#11275 = DIRECTION('',(-0.,1.,0.));
#11276 = PCURVE('',#11249,#11277);
#11277 = DEFINITIONAL_REPRESENTATION('',(#11278),#11282);
#11278 = LINE('',#11279,#11280);
#11279 = CARTESIAN_POINT('',(0.,0.));
#11280 = VECTOR('',#11281,1.);
#11281 = DIRECTION('',(0.,-1.));
#11282 = ( GEOMETRIC_REPRESENTATION_CONTEXT(2) 
PARAMETRIC_REPRESENTATION_CONTEXT() REPRESENTATION_CONTEXT('2D SPACE',''
  ) );
#11283 = PCURVE('',#11169,#11284);
#11284 = DEFINITIONAL_REPRESENTATION('',(#11285),#11289);
#11285 = LINE('',#11286,#11287);
#11286 = CARTESIAN_POINT('',(19.,0.));
#11287 = VECTOR('',#11288,1.);
#11288 = DIRECTION('',(0.,1.));
#11289 = ( GEOMETRIC_REPRESENTATION_CONTEXT(2) 
PARAMETRIC_REPRESENTATION_CONTEXT() REPRESENTATION_CONTEXT('2D SPACE',''
  ) );
#11290 = ORIENTED_EDGE('',*,*,#11291,.T.);
#11291 = EDGE_CURVE('',#11269,#11292,#11294,.T.);
#11292 = VERTEX_POINT('',#11293);
#11293 = CARTESIAN_POINT('',(22.9,44.513962,19.2));
#11294 = SURFACE_CURVE('',#11295,(#11299,#11306),.PCURVE_S1.);
#11295 = LINE('',#11296,#11297);
#11296 = CARTESIAN_POINT('',(22.9,44.513962,6.2));
#11297 = VECTOR('',#11298,1.);
#11298 = DIRECTION('',(0.,0.,1.));
#11299 = PCURVE('',#11249,#11300);
#11300 = DEFINITIONAL_REPRESENTATION('',(#11301),#11305);
#11301 = LINE('',#11302,#11303);
#11302 = CARTESIAN_POINT('',(0.,-5.));
#11303 = VECTOR('',#11304,1.);
#11304 = DIRECTION('',(1.,0.));
#11305 = ( GEOMETRIC_REPRESENTATION_CONTEXT(2) 
PARAMETRIC_REPRESENTATION_CONTEXT() REPRESENTATION_CONTEXT('2D SPACE',''
  ) );
#11306 = PCURVE('',#11197,#11307);
#11307 = DEFINITIONAL_REPRESENTATION('',(#11308),#11312);
#11308 = LINE('',#11309,#11310);
#11309 = CARTESIAN_POINT('',(0.,19.));
#11310 = VECTOR('',#11311,1.);
#11311 = DIRECTION('',(1.,0.));
#11312 = ( GEOMETRIC_REPRESENTATION_CONTEXT(2) 
PARAMETRIC_REPRESENTATION_CONTEXT() REPRESENTATION_CONTEXT('2D SPACE',''
  ) );
#11313 = ORIENTED_EDGE('',*,*,#11314,.F.);
#11314 = EDGE_CURVE('',#11241,#11292,#11315,.T.);
#11315 = SURFACE_CURVE('',#11316,(#11320,#11327),.PCURVE_S1.);
#11316 = LINE('',#11317,#11318);
#11317 = CARTESIAN_POINT('',(22.9,39.513962,19.2));
#11318 = VECTOR('',#11319,1.);
#11319 = DIRECTION('',(-0.,1.,0.));
#11320 = PCURVE('',#11249,#11321);
#11321 = DEFINITIONAL_REPRESENTATION('',(#11322),#11326);
#11322 = LINE('',#11323,#11324);
#11323 = CARTESIAN_POINT('',(13.,0.));
#11324 = VECTOR('',#11325,1.);
#11325 = DIRECTION('',(0.,-1.));
#11326 = ( GEOMETRIC_REPRESENTATION_CONTEXT(2) 
PARAMETRIC_REPRESENTATION_CONTEXT() REPRESENTATION_CONTEXT('2D SPACE',''
  ) );
#11327 = PCURVE('',#11223,#11328);
#11328 = DEFINITIONAL_REPRESENTATION('',(#11329),#11333);
#11329 = LINE('',#11330,#11331);
#11330 = CARTESIAN_POINT('',(19.,0.));
#11331 = VECTOR('',#11332,1.);
#11332 = DIRECTION('',(0.,1.));
#11333 = ( GEOMETRIC_REPRESENTATION_CONTEXT(2) 
PARAMETRIC_REPRESENTATION_CONTEXT() REPRESENTATION_CONTEXT('2D SPACE',''
  ) );
#11334 = ADVANCED_FACE('',(#11335),#11141,.F.);
#11335 = FACE_BOUND('',#11336,.F.);
#11336 = EDGE_LOOP('',(#11337,#11358,#11359,#11380));
#11337 = ORIENTED_EDGE('',*,*,#11338,.F.);
#11338 = EDGE_CURVE('',#11119,#11239,#11339,.T.);
#11339 = SURFACE_CURVE('',#11340,(#11344,#11351),.PCURVE_S1.);
#11340 = LINE('',#11341,#11342);
#11341 = CARTESIAN_POINT('',(3.9,39.513962,6.2));
#11342 = VECTOR('',#11343,1.);
#11343 = DIRECTION('',(1.,0.,-0.));
#11344 = PCURVE('',#11141,#11345);
#11345 = DEFINITIONAL_REPRESENTATION('',(#11346),#11350);
#11346 = LINE('',#11347,#11348);
#11347 = CARTESIAN_POINT('',(0.,0.));
#11348 = VECTOR('',#11349,1.);
#11349 = DIRECTION('',(0.,1.));
#11350 = ( GEOMETRIC_REPRESENTATION_CONTEXT(2) 
PARAMETRIC_REPRESENTATION_CONTEXT() REPRESENTATION_CONTEXT('2D SPACE',''
  ) );
#11351 = PCURVE('',#11169,#11352);
#11352 = DEFINITIONAL_REPRESENTATION('',(#11353),#11357);
#11353 = LINE('',#11354,#11355);
#11354 = CARTESIAN_POINT('',(0.,0.));
#11355 = VECTOR('',#11356,1.);
#11356 = DIRECTION('',(1.,0.));
#11357 = ( GEOMETRIC_REPRESENTATION_CONTEXT(2) 
PARAMETRIC_REPRESENTATION_CONTEXT() REPRESENTATION_CONTEXT('2D SPACE',''
  ) );
#11358 = ORIENTED_EDGE('',*,*,#11118,.T.);
#11359 = ORIENTED_EDGE('',*,*,#11360,.T.);
#11360 = EDGE_CURVE('',#11121,#11241,#11361,.T.);
#11361 = SURFACE_CURVE('',#11362,(#11366,#11373),.PCURVE_S1.);
#11362 = LINE('',#11363,#11364);
#11363 = CARTESIAN_POINT('',(3.9,39.513962,19.2));
#11364 = VECTOR('',#11365,1.);
#11365 = DIRECTION('',(1.,0.,-0.));
#11366 = PCURVE('',#11141,#11367);
#11367 = DEFINITIONAL_REPRESENTATION('',(#11368),#11372);
#11368 = LINE('',#11369,#11370);
#11369 = CARTESIAN_POINT('',(13.,0.));
#11370 = VECTOR('',#11371,1.);
#11371 = DIRECTION('',(0.,1.));
#11372 = ( GEOMETRIC_REPRESENTATION_CONTEXT(2) 
PARAMETRIC_REPRESENTATION_CONTEXT() REPRESENTATION_CONTEXT('2D SPACE',''
  ) );
#11373 = PCURVE('',#11223,#11374);
#11374 = DEFINITIONAL_REPRESENTATION('',(#11375),#11379);
#11375 = LINE('',#11376,#11377);
#11376 = CARTESIAN_POINT('',(0.,0.));
#11377 = VECTOR('',#11378,1.);
#11378 = DIRECTION('',(1.,0.));
#11379 = ( GEOMETRIC_REPRESENTATION_CONTEXT(2) 
PARAMETRIC_REPRESENTATION_CONTEXT() REPRESENTATION_CONTEXT('2D SPACE',''
  ) );
#11380 = ORIENTED_EDGE('',*,*,#11238,.F.);
#11381 = ADVANCED_FACE('',(#11382),#11197,.T.);
#11382 = FACE_BOUND('',#11383,.T.);
#11383 = EDGE_LOOP('',(#11384,#11405,#11406,#11427));
#11384 = ORIENTED_EDGE('',*,*,#11385,.F.);
#11385 = EDGE_CURVE('',#11154,#11269,#11386,.T.);
#11386 = SURFACE_CURVE('',#11387,(#11391,#11398),.PCURVE_S1.);
#11387 = LINE('',#11388,#11389);
#11388 = CARTESIAN_POINT('',(3.9,44.513962,6.2));
#11389 = VECTOR('',#11390,1.);
#11390 = DIRECTION('',(1.,0.,-0.));
#11391 = PCURVE('',#11197,#11392);
#11392 = DEFINITIONAL_REPRESENTATION('',(#11393),#11397);
#11393 = LINE('',#11394,#11395);
#11394 = CARTESIAN_POINT('',(0.,0.));
#11395 = VECTOR('',#11396,1.);
#11396 = DIRECTION('',(0.,1.));
#11397 = ( GEOMETRIC_REPRESENTATION_CONTEXT(2) 
PARAMETRIC_REPRESENTATION_CONTEXT() REPRESENTATION_CONTEXT('2D SPACE',''
  ) );
#11398 = PCURVE('',#11169,#11399);
#11399 = DEFINITIONAL_REPRESENTATION('',(#11400),#11404);
#11400 = LINE('',#11401,#11402);
#11401 = CARTESIAN_POINT('',(0.,5.));
#11402 = VECTOR('',#11403,1.);
#11403 = DIRECTION('',(1.,0.));
#11404 = ( GEOMETRIC_REPRESENTATION_CONTEXT(2) 
PARAMETRIC_REPRESENTATION_CONTEXT() REPRESENTATION_CONTEXT('2D SPACE',''
  ) );
#11405 = ORIENTED_EDGE('',*,*,#11181,.T.);
#11406 = ORIENTED_EDGE('',*,*,#11407,.T.);
#11407 = EDGE_CURVE('',#11182,#11292,#11408,.T.);
#11408 = SURFACE_CURVE('',#11409,(#11413,#11420),.PCURVE_S1.);
#11409 = LINE('',#11410,#11411);
#11410 = CARTESIAN_POINT('',(3.9,44.513962,19.2));
#11411 = VECTOR('',#11412,1.);
#11412 = DIRECTION('',(1.,0.,-0.));
#11413 = PCURVE('',#11197,#11414);
#11414 = DEFINITIONAL_REPRESENTATION('',(#11415),#11419);
#11415 = LINE('',#11416,#11417);
#11416 = CARTESIAN_POINT('',(13.,0.));
#11417 = VECTOR('',#11418,1.);
#11418 = DIRECTION('',(0.,1.));
#11419 = ( GEOMETRIC_REPRESENTATION_CONTEXT(2) 
PARAMETRIC_REPRESENTATION_CONTEXT() REPRESENTATION_CONTEXT('2D SPACE',''
  ) );
#11420 = PCURVE('',#11223,#11421);
#11421 = DEFINITIONAL_REPRESENTATION('',(#11422),#11426);
#11422 = LINE('',#11423,#11424);
#11423 = CARTESIAN_POINT('',(0.,5.));
#11424 = VECTOR('',#11425,1.);
#11425 = DIRECTION('',(1.,0.));
#11426 = ( GEOMETRIC_REPRESENTATION_CONTEXT(2) 
PARAMETRIC_REPRESENTATION_CONTEXT() REPRESENTATION_CONTEXT('2D SPACE',''
  ) );
#11427 = ORIENTED_EDGE('',*,*,#11291,.F.);
#11428 = ADVANCED_FACE('',(#11429),#11169,.F.);
#11429 = FACE_BOUND('',#11430,.F.);
#11430 = EDGE_LOOP('',(#11431,#11432,#11433,#11434));
#11431 = ORIENTED_EDGE('',*,*,#11153,.F.);
#11432 = ORIENTED_EDGE('',*,*,#11338,.T.);
#11433 = ORIENTED_EDGE('',*,*,#11268,.T.);
#11434 = ORIENTED_EDGE('',*,*,#11385,.F.);
#11435 = ADVANCED_FACE('',(#11436),#11223,.T.);
#11436 = FACE_BOUND('',#11437,.T.);
#11437 = EDGE_LOOP('',(#11438,#11439,#11440,#11441));
#11438 = ORIENTED_EDGE('',*,*,#11209,.F.);
#11439 = ORIENTED_EDGE('',*,*,#11360,.T.);
#11440 = ORIENTED_EDGE('',*,*,#11314,.T.);
#11441 = ORIENTED_EDGE('',*,*,#11407,.F.);
#11442 = ( GEOMETRIC_REPRESENTATION_CONTEXT(3) 
GLOBAL_UNCERTAINTY_ASSIGNED_CONTEXT((#11446)) 
GLOBAL_UNIT_ASSIGNED_CONTEXT((#11443,#11444,#11445)) 
REPRESENTATION_CONTEXT('Context #1',
  '3D Context with UNIT and UNCERTAINTY') );
#11443 = ( LENGTH_UNIT() NAMED_UNIT(*) SI_UNIT(.MILLI.,.METRE.) );
#11444 = ( NAMED_UNIT(*) PLANE_ANGLE_UNIT() SI_UNIT($,.RADIAN.) );
#11445 = ( NAMED_UNIT(*) SI_UNIT($,.STERADIAN.) SOLID_ANGLE_UNIT() );
#11446 = UNCERTAINTY_MEASURE_WITH_UNIT(LENGTH_MEASURE(1.E-07),#11443,
  'distance_accuracy_value','confusion accuracy');
#11447 = CONTEXT_DEPENDENT_SHAPE_REPRESENTATION(#11448,#11450);
#11448 = ( REPRESENTATION_RELATIONSHIP('','',#11111,#10) 
REPRESENTATION_RELATIONSHIP_WITH_TRANSFORMATION(#11449) 
SHAPE_REPRESENTATION_RELATIONSHIP() );
#11449 = ITEM_DEFINED_TRANSFORMATION('','',#11,#55);
#11450 = PRODUCT_DEFINITION_SHAPE('Placement','Placement of an item',
  #11451);
#11451 = NEXT_ASSEMBLY_USAGE_OCCURRENCE('11','','',#5,#11106,$);
#11452 = PRODUCT_RELATED_PRODUCT_CATEGORY('part',$,(#11108));
#11453 = SHAPE_DEFINITION_REPRESENTATION(#11454,#11460);
#11454 = PRODUCT_DEFINITION_SHAPE('','',#11455);
#11455 = PRODUCT_DEFINITION('design','',#11456,#11459);
#11456 = PRODUCT_DEFINITION_FORMATION('','',#11457);
#11457 = PRODUCT('Open CASCADE STEP translator 8.0 2.12',
  'Open CASCADE STEP translator 8.0 2.12','',(#11458));
#11458 = PRODUCT_CONTEXT('',#2,'mechanical');
#11459 = PRODUCT_DEFINITION_CONTEXT('part definition',#2,'design');
#11460 = ADVANCED_BREP_SHAPE_REPRESENTATION('',(#11,#11461),#11791);
#11461 = MANIFOLD_SOLID_BREP('',#11462);
#11462 = CLOSED_SHELL('',(#11463,#11583,#11683,#11730,#11777,#11784));
#11463 = ADVANCED_FACE('',(#11464),#11478,.F.);
#11464 = FACE_BOUND('',#11465,.F.);
#11465 = EDGE_LOOP('',(#11466,#11501,#11529,#11557));
#11466 = ORIENTED_EDGE('',*,*,#11467,.F.);
#11467 = EDGE_CURVE('',#11468,#11470,#11472,.T.);
#11468 = VERTEX_POINT('',#11469);
#11469 = CARTESIAN_POINT('',(24.,18.013962,1.2));
#11470 = VERTEX_POINT('',#11471);
#11471 = CARTESIAN_POINT('',(24.,18.013962,6.2));
#11472 = SURFACE_CURVE('',#11473,(#11477,#11489),.PCURVE_S1.);
#11473 = LINE('',#11474,#11475);
#11474 = CARTESIAN_POINT('',(24.,18.013962,1.2));
#11475 = VECTOR('',#11476,1.);
#11476 = DIRECTION('',(0.,0.,1.));
#11477 = PCURVE('',#11478,#11483);
#11478 = PLANE('',#11479);
#11479 = AXIS2_PLACEMENT_3D('',#11480,#11481,#11482);
#11480 = CARTESIAN_POINT('',(24.,18.013962,1.2));
#11481 = DIRECTION('',(1.,0.,0.));
#11482 = DIRECTION('',(0.,0.,1.));
#11483 = DEFINITIONAL_REPRESENTATION('',(#11484),#11488);
#11484 = LINE('',#11485,#11486);
#11485 = CARTESIAN_POINT('',(0.,0.));
#11486 = VECTOR('',#11487,1.);
#11487 = DIRECTION('',(1.,0.));
#11488 = ( GEOMETRIC_REPRESENTATION_CONTEXT(2) 
PARAMETRIC_REPRESENTATION_CONTEXT() REPRESENTATION_CONTEXT('2D SPACE',''
  ) );
#11489 = PCURVE('',#11490,#11495);
#11490 = PLANE('',#11491);
#11491 = AXIS2_PLACEMENT_3D('',#11492,#11493,#11494);
#11492 = CARTESIAN_POINT('',(24.,18.013962,1.2));
#11493 = DIRECTION('',(0.,1.,0.));
#11494 = DIRECTION('',(0.,0.,1.));
#11495 = DEFINITIONAL_REPRESENTATION('',(#11496),#11500);
#11496 = LINE('',#11497,#11498);
#11497 = CARTESIAN_POINT('',(0.,0.));
#11498 = VECTOR('',#11499,1.);
#11499 = DIRECTION('',(1.,0.));
#11500 = ( GEOMETRIC_REPRESENTATION_CONTEXT(2) 
PARAMETRIC_REPRESENTATION_CONTEXT() REPRESENTATION_CONTEXT('2D SPACE',''
  ) );
#11501 = ORIENTED_EDGE('',*,*,#11502,.T.);
#11502 = EDGE_CURVE('',#11468,#11503,#11505,.T.);
#11503 = VERTEX_POINT('',#11504);
#11504 = CARTESIAN_POINT('',(24.,24.013962,1.2));
#11505 = SURFACE_CURVE('',#11506,(#11510,#11517),.PCURVE_S1.);
#11506 = LINE('',#11507,#11508);
#11507 = CARTESIAN_POINT('',(24.,18.013962,1.2));
#11508 = VECTOR('',#11509,1.);
#11509 = DIRECTION('',(0.,1.,0.));
#11510 = PCURVE('',#11478,#11511);
#11511 = DEFINITIONAL_REPRESENTATION('',(#11512),#11516);
#11512 = LINE('',#11513,#11514);
#11513 = CARTESIAN_POINT('',(0.,0.));
#11514 = VECTOR('',#11515,1.);
#11515 = DIRECTION('',(0.,-1.));
#11516 = ( GEOMETRIC_REPRESENTATION_CONTEXT(2) 
PARAMETRIC_REPRESENTATION_CONTEXT() REPRESENTATION_CONTEXT('2D SPACE',''
  ) );
#11517 = PCURVE('',#11518,#11523);
#11518 = PLANE('',#11519);
#11519 = AXIS2_PLACEMENT_3D('',#11520,#11521,#11522);
#11520 = CARTESIAN_POINT('',(24.,18.013962,1.2));
#11521 = DIRECTION('',(0.,0.,1.));
#11522 = DIRECTION('',(1.,0.,0.));
#11523 = DEFINITIONAL_REPRESENTATION('',(#11524),#11528);
#11524 = LINE('',#11525,#11526);
#11525 = CARTESIAN_POINT('',(0.,0.));
#11526 = VECTOR('',#11527,1.);
#11527 = DIRECTION('',(0.,1.));
#11528 = ( GEOMETRIC_REPRESENTATION_CONTEXT(2) 
PARAMETRIC_REPRESENTATION_CONTEXT() REPRESENTATION_CONTEXT('2D SPACE',''
  ) );
#11529 = ORIENTED_EDGE('',*,*,#11530,.T.);
#11530 = EDGE_CURVE('',#11503,#11531,#11533,.T.);
#11531 = VERTEX_POINT('',#11532);
#11532 = CARTESIAN_POINT('',(24.,24.013962,6.2));
#11533 = SURFACE_CURVE('',#11534,(#11538,#11545),.PCURVE_S1.);
#11534 = LINE('',#11535,#11536);
#11535 = CARTESIAN_POINT('',(24.,24.013962,1.2));
#11536 = VECTOR('',#11537,1.);
#11537 = DIRECTION('',(0.,0.,1.));
#11538 = PCURVE('',#11478,#11539);
#11539 = DEFINITIONAL_REPRESENTATION('',(#11540),#11544);
#11540 = LINE('',#11541,#11542);
#11541 = CARTESIAN_POINT('',(0.,-6.));
#11542 = VECTOR('',#11543,1.);
#11543 = DIRECTION('',(1.,0.));
#11544 = ( GEOMETRIC_REPRESENTATION_CONTEXT(2) 
PARAMETRIC_REPRESENTATION_CONTEXT() REPRESENTATION_CONTEXT('2D SPACE',''
  ) );
#11545 = PCURVE('',#11546,#11551);
#11546 = PLANE('',#11547);
#11547 = AXIS2_PLACEMENT_3D('',#11548,#11549,#11550);
#11548 = CARTESIAN_POINT('',(24.,24.013962,1.2));
#11549 = DIRECTION('',(0.,1.,0.));
#11550 = DIRECTION('',(0.,0.,1.));
#11551 = DEFINITIONAL_REPRESENTATION('',(#11552),#11556);
#11552 = LINE('',#11553,#11554);
#11553 = CARTESIAN_POINT('',(0.,0.));
#11554 = VECTOR('',#11555,1.);
#11555 = DIRECTION('',(1.,0.));
#11556 = ( GEOMETRIC_REPRESENTATION_CONTEXT(2) 
PARAMETRIC_REPRESENTATION_CONTEXT() REPRESENTATION_CONTEXT('2D SPACE',''
  ) );
#11557 = ORIENTED_EDGE('',*,*,#11558,.F.);
#11558 = EDGE_CURVE('',#11470,#11531,#11559,.T.);
#11559 = SURFACE_CURVE('',#11560,(#11564,#11571),.PCURVE_S1.);
#11560 = LINE('',#11561,#11562);
#11561 = CARTESIAN_POINT('',(24.,18.013962,6.2));
#11562 = VECTOR('',#11563,1.);
#11563 = DIRECTION('',(0.,1.,0.));
#11564 = PCURVE('',#11478,#11565);
#11565 = DEFINITIONAL_REPRESENTATION('',(#11566),#11570);
#11566 = LINE('',#11567,#11568);
#11567 = CARTESIAN_POINT('',(5.,0.));
#11568 = VECTOR('',#11569,1.);
#11569 = DIRECTION('',(0.,-1.));
#11570 = ( GEOMETRIC_REPRESENTATION_CONTEXT(2) 
PARAMETRIC_REPRESENTATION_CONTEXT() REPRESENTATION_CONTEXT('2D SPACE',''
  ) );
#11571 = PCURVE('',#11572,#11577);
#11572 = PLANE('',#11573);
#11573 = AXIS2_PLACEMENT_3D('',#11574,#11575,#11576);
#11574 = CARTESIAN_POINT('',(24.,18.013962,6.2));
#11575 = DIRECTION('',(0.,0.,1.));
#11576 = DIRECTION('',(1.,0.,0.));
#11577 = DEFINITIONAL_REPRESENTATION('',(#11578),#11582);
#11578 = LINE('',#11579,#11580);
#11579 = CARTESIAN_POINT('',(0.,0.));
#11580 = VECTOR('',#11581,1.);
#11581 = DIRECTION('',(0.,1.));
#11582 = ( GEOMETRIC_REPRESENTATION_CONTEXT(2) 
PARAMETRIC_REPRESENTATION_CONTEXT() REPRESENTATION_CONTEXT('2D SPACE',''
  ) );
#11583 = ADVANCED_FACE('',(#11584),#11598,.T.);
#11584 = FACE_BOUND('',#11585,.T.);
#11585 = EDGE_LOOP('',(#11586,#11616,#11639,#11662));
#11586 = ORIENTED_EDGE('',*,*,#11587,.F.);
#11587 = EDGE_CURVE('',#11588,#11590,#11592,.T.);
#11588 = VERTEX_POINT('',#11589);
#11589 = CARTESIAN_POINT('',(44.,18.013962,1.2));
#11590 = VERTEX_POINT('',#11591);
#11591 = CARTESIAN_POINT('',(44.,18.013962,6.2));
#11592 = SURFACE_CURVE('',#11593,(#11597,#11609),.PCURVE_S1.);
#11593 = LINE('',#11594,#11595);
#11594 = CARTESIAN_POINT('',(44.,18.013962,1.2));
#11595 = VECTOR('',#11596,1.);
#11596 = DIRECTION('',(0.,0.,1.));
#11597 = PCURVE('',#11598,#11603);
#11598 = PLANE('',#11599);
#11599 = AXIS2_PLACEMENT_3D('',#11600,#11601,#11602);
#11600 = CARTESIAN_POINT('',(44.,18.013962,1.2));
#11601 = DIRECTION('',(1.,0.,0.));
#11602 = DIRECTION('',(0.,0.,1.));
#11603 = DEFINITIONAL_REPRESENTATION('',(#11604),#11608);
#11604 = LINE('',#11605,#11606);
#11605 = CARTESIAN_POINT('',(0.,0.));
#11606 = VECTOR('',#11607,1.);
#11607 = DIRECTION('',(1.,0.));
#11608 = ( GEOMETRIC_REPRESENTATION_CONTEXT(2) 
PARAMETRIC_REPRESENTATION_CONTEXT() REPRESENTATION_CONTEXT('2D SPACE',''
  ) );
#11609 = PCURVE('',#11490,#11610);
#11610 = DEFINITIONAL_REPRESENTATION('',(#11611),#11615);
#11611 = LINE('',#11612,#11613);
#11612 = CARTESIAN_POINT('',(0.,20.));
#11613 = VECTOR('',#11614,1.);
#11614 = DIRECTION('',(1.,0.));
#11615 = ( GEOMETRIC_REPRESENTATION_CONTEXT(2) 
PARAMETRIC_REPRESENTATION_CONTEXT() REPRESENTATION_CONTEXT('2D SPACE',''
  ) );
#11616 = ORIENTED_EDGE('',*,*,#11617,.T.);
#11617 = EDGE_CURVE('',#11588,#11618,#11620,.T.);
#11618 = VERTEX_POINT('',#11619);
#11619 = CARTESIAN_POINT('',(44.,24.013962,1.2));
#11620 = SURFACE_CURVE('',#11621,(#11625,#11632),.PCURVE_S1.);
#11621 = LINE('',#11622,#11623);
#11622 = CARTESIAN_POINT('',(44.,18.013962,1.2));
#11623 = VECTOR('',#11624,1.);
#11624 = DIRECTION('',(0.,1.,0.));
#11625 = PCURVE('',#11598,#11626);
#11626 = DEFINITIONAL_REPRESENTATION('',(#11627),#11631);
#11627 = LINE('',#11628,#11629);
#11628 = CARTESIAN_POINT('',(0.,0.));
#11629 = VECTOR('',#11630,1.);
#11630 = DIRECTION('',(0.,-1.));
#11631 = ( GEOMETRIC_REPRESENTATION_CONTEXT(2) 
PARAMETRIC_REPRESENTATION_CONTEXT() REPRESENTATION_CONTEXT('2D SPACE',''
  ) );
#11632 = PCURVE('',#11518,#11633);
#11633 = DEFINITIONAL_REPRESENTATION('',(#11634),#11638);
#11634 = LINE('',#11635,#11636);
#11635 = CARTESIAN_POINT('',(20.,0.));
#11636 = VECTOR('',#11637,1.);
#11637 = DIRECTION('',(0.,1.));
#11638 = ( GEOMETRIC_REPRESENTATION_CONTEXT(2) 
PARAMETRIC_REPRESENTATION_CONTEXT() REPRESENTATION_CONTEXT('2D SPACE',''
  ) );
#11639 = ORIENTED_EDGE('',*,*,#11640,.T.);
#11640 = EDGE_CURVE('',#11618,#11641,#11643,.T.);
#11641 = VERTEX_POINT('',#11642);
#11642 = CARTESIAN_POINT('',(44.,24.013962,6.2));
#11643 = SURFACE_CURVE('',#11644,(#11648,#11655),.PCURVE_S1.);
#11644 = LINE('',#11645,#11646);
#11645 = CARTESIAN_POINT('',(44.,24.013962,1.2));
#11646 = VECTOR('',#11647,1.);
#11647 = DIRECTION('',(0.,0.,1.));
#11648 = PCURVE('',#11598,#11649);
#11649 = DEFINITIONAL_REPRESENTATION('',(#11650),#11654);
#11650 = LINE('',#11651,#11652);
#11651 = CARTESIAN_POINT('',(0.,-6.));
#11652 = VECTOR('',#11653,1.);
#11653 = DIRECTION('',(1.,0.));
#11654 = ( GEOMETRIC_REPRESENTATION_CONTEXT(2) 
PARAMETRIC_REPRESENTATION_CONTEXT() REPRESENTATION_CONTEXT('2D SPACE',''
  ) );
#11655 = PCURVE('',#11546,#11656);
#11656 = DEFINITIONAL_REPRESENTATION('',(#11657),#11661);
#11657 = LINE('',#11658,#11659);
#11658 = CARTESIAN_POINT('',(0.,20.));
#11659 = VECTOR('',#11660,1.);
#11660 = DIRECTION('',(1.,0.));
#11661 = ( GEOMETRIC_REPRESENTATION_CONTEXT(2) 
PARAMETRIC_REPRESENTATION_CONTEXT() REPRESENTATION_CONTEXT('2D SPACE',''
  ) );
#11662 = ORIENTED_EDGE('',*,*,#11663,.F.);
#11663 = EDGE_CURVE('',#11590,#11641,#11664,.T.);
#11664 = SURFACE_CURVE('',#11665,(#11669,#11676),.PCURVE_S1.);
#11665 = LINE('',#11666,#11667);
#11666 = CARTESIAN_POINT('',(44.,18.013962,6.2));
#11667 = VECTOR('',#11668,1.);
#11668 = DIRECTION('',(0.,1.,0.));
#11669 = PCURVE('',#11598,#11670);
#11670 = DEFINITIONAL_REPRESENTATION('',(#11671),#11675);
#11671 = LINE('',#11672,#11673);
#11672 = CARTESIAN_POINT('',(5.,0.));
#11673 = VECTOR('',#11674,1.);
#11674 = DIRECTION('',(0.,-1.));
#11675 = ( GEOMETRIC_REPRESENTATION_CONTEXT(2) 
PARAMETRIC_REPRESENTATION_CONTEXT() REPRESENTATION_CONTEXT('2D SPACE',''
  ) );
#11676 = PCURVE('',#11572,#11677);
#11677 = DEFINITIONAL_REPRESENTATION('',(#11678),#11682);
#11678 = LINE('',#11679,#11680);
#11679 = CARTESIAN_POINT('',(20.,0.));
#11680 = VECTOR('',#11681,1.);
#11681 = DIRECTION('',(0.,1.));
#11682 = ( GEOMETRIC_REPRESENTATION_CONTEXT(2) 
PARAMETRIC_REPRESENTATION_CONTEXT() REPRESENTATION_CONTEXT('2D SPACE',''
  ) );
#11683 = ADVANCED_FACE('',(#11684),#11490,.F.);
#11684 = FACE_BOUND('',#11685,.F.);
#11685 = EDGE_LOOP('',(#11686,#11707,#11708,#11729));
#11686 = ORIENTED_EDGE('',*,*,#11687,.F.);
#11687 = EDGE_CURVE('',#11468,#11588,#11688,.T.);
#11688 = SURFACE_CURVE('',#11689,(#11693,#11700),.PCURVE_S1.);
#11689 = LINE('',#11690,#11691);
#11690 = CARTESIAN_POINT('',(24.,18.013962,1.2));
#11691 = VECTOR('',#11692,1.);
#11692 = DIRECTION('',(1.,0.,0.));
#11693 = PCURVE('',#11490,#11694);
#11694 = DEFINITIONAL_REPRESENTATION('',(#11695),#11699);
#11695 = LINE('',#11696,#11697);
#11696 = CARTESIAN_POINT('',(0.,0.));
#11697 = VECTOR('',#11698,1.);
#11698 = DIRECTION('',(0.,1.));
#11699 = ( GEOMETRIC_REPRESENTATION_CONTEXT(2) 
PARAMETRIC_REPRESENTATION_CONTEXT() REPRESENTATION_CONTEXT('2D SPACE',''
  ) );
#11700 = PCURVE('',#11518,#11701);
#11701 = DEFINITIONAL_REPRESENTATION('',(#11702),#11706);
#11702 = LINE('',#11703,#11704);
#11703 = CARTESIAN_POINT('',(0.,0.));
#11704 = VECTOR('',#11705,1.);
#11705 = DIRECTION('',(1.,0.));
#11706 = ( GEOMETRIC_REPRESENTATION_CONTEXT(2) 
PARAMETRIC_REPRESENTATION_CONTEXT() REPRESENTATION_CONTEXT('2D SPACE',''
  ) );
#11707 = ORIENTED_EDGE('',*,*,#11467,.T.);
#11708 = ORIENTED_EDGE('',*,*,#11709,.T.);
#11709 = EDGE_CURVE('',#11470,#11590,#11710,.T.);
#11710 = SURFACE_CURVE('',#11711,(#11715,#11722),.PCURVE_S1.);
#11711 = LINE('',#11712,#11713);
#11712 = CARTESIAN_POINT('',(24.,18.013962,6.2));
#11713 = VECTOR('',#11714,1.);
#11714 = DIRECTION('',(1.,0.,0.));
#11715 = PCURVE('',#11490,#11716);
#11716 = DEFINITIONAL_REPRESENTATION('',(#11717),#11721);
#11717 = LINE('',#11718,#11719);
#11718 = CARTESIAN_POINT('',(5.,0.));
#11719 = VECTOR('',#11720,1.);
#11720 = DIRECTION('',(0.,1.));
#11721 = ( GEOMETRIC_REPRESENTATION_CONTEXT(2) 
PARAMETRIC_REPRESENTATION_CONTEXT() REPRESENTATION_CONTEXT('2D SPACE',''
  ) );
#11722 = PCURVE('',#11572,#11723);
#11723 = DEFINITIONAL_REPRESENTATION('',(#11724),#11728);
#11724 = LINE('',#11725,#11726);
#11725 = CARTESIAN_POINT('',(0.,0.));
#11726 = VECTOR('',#11727,1.);
#11727 = DIRECTION('',(1.,0.));
#11728 = ( GEOMETRIC_REPRESENTATION_CONTEXT(2) 
PARAMETRIC_REPRESENTATION_CONTEXT() REPRESENTATION_CONTEXT('2D SPACE',''
  ) );
#11729 = ORIENTED_EDGE('',*,*,#11587,.F.);
#11730 = ADVANCED_FACE('',(#11731),#11546,.T.);
#11731 = FACE_BOUND('',#11732,.T.);
#11732 = EDGE_LOOP('',(#11733,#11754,#11755,#11776));
#11733 = ORIENTED_EDGE('',*,*,#11734,.F.);
#11734 = EDGE_CURVE('',#11503,#11618,#11735,.T.);
#11735 = SURFACE_CURVE('',#11736,(#11740,#11747),.PCURVE_S1.);
#11736 = LINE('',#11737,#11738);
#11737 = CARTESIAN_POINT('',(24.,24.013962,1.2));
#11738 = VECTOR('',#11739,1.);
#11739 = DIRECTION('',(1.,0.,0.));
#11740 = PCURVE('',#11546,#11741);
#11741 = DEFINITIONAL_REPRESENTATION('',(#11742),#11746);
#11742 = LINE('',#11743,#11744);
#11743 = CARTESIAN_POINT('',(0.,0.));
#11744 = VECTOR('',#11745,1.);
#11745 = DIRECTION('',(0.,1.));
#11746 = ( GEOMETRIC_REPRESENTATION_CONTEXT(2) 
PARAMETRIC_REPRESENTATION_CONTEXT() REPRESENTATION_CONTEXT('2D SPACE',''
  ) );
#11747 = PCURVE('',#11518,#11748);
#11748 = DEFINITIONAL_REPRESENTATION('',(#11749),#11753);
#11749 = LINE('',#11750,#11751);
#11750 = CARTESIAN_POINT('',(0.,6.));
#11751 = VECTOR('',#11752,1.);
#11752 = DIRECTION('',(1.,0.));
#11753 = ( GEOMETRIC_REPRESENTATION_CONTEXT(2) 
PARAMETRIC_REPRESENTATION_CONTEXT() REPRESENTATION_CONTEXT('2D SPACE',''
  ) );
#11754 = ORIENTED_EDGE('',*,*,#11530,.T.);
#11755 = ORIENTED_EDGE('',*,*,#11756,.T.);
#11756 = EDGE_CURVE('',#11531,#11641,#11757,.T.);
#11757 = SURFACE_CURVE('',#11758,(#11762,#11769),.PCURVE_S1.);
#11758 = LINE('',#11759,#11760);
#11759 = CARTESIAN_POINT('',(24.,24.013962,6.2));
#11760 = VECTOR('',#11761,1.);
#11761 = DIRECTION('',(1.,0.,0.));
#11762 = PCURVE('',#11546,#11763);
#11763 = DEFINITIONAL_REPRESENTATION('',(#11764),#11768);
#11764 = LINE('',#11765,#11766);
#11765 = CARTESIAN_POINT('',(5.,0.));
#11766 = VECTOR('',#11767,1.);
#11767 = DIRECTION('',(0.,1.));
#11768 = ( GEOMETRIC_REPRESENTATION_CONTEXT(2) 
PARAMETRIC_REPRESENTATION_CONTEXT() REPRESENTATION_CONTEXT('2D SPACE',''
  ) );
#11769 = PCURVE('',#11572,#11770);
#11770 = DEFINITIONAL_REPRESENTATION('',(#11771),#11775);
#11771 = LINE('',#11772,#11773);
#11772 = CARTESIAN_POINT('',(0.,6.));
#11773 = VECTOR('',#11774,1.);
#11774 = DIRECTION('',(1.,0.));
#11775 = ( GEOMETRIC_REPRESENTATION_CONTEXT(2) 
PARAMETRIC_REPRESENTATION_CONTEXT() REPRESENTATION_CONTEXT('2D SPACE',''
  ) );
#11776 = ORIENTED_EDGE('',*,*,#11640,.F.);
#11777 = ADVANCED_FACE('',(#11778),#11518,.F.);
#11778 = FACE_BOUND('',#11779,.F.);
#11779 = EDGE_LOOP('',(#11780,#11781,#11782,#11783));
#11780 = ORIENTED_EDGE('',*,*,#11502,.F.);
#11781 = ORIENTED_EDGE('',*,*,#11687,.T.);
#11782 = ORIENTED_EDGE('',*,*,#11617,.T.);
#11783 = ORIENTED_EDGE('',*,*,#11734,.F.);
#11784 = ADVANCED_FACE('',(#11785),#11572,.T.);
#11785 = FACE_BOUND('',#11786,.T.);
#11786 = EDGE_LOOP('',(#11787,#11788,#11789,#11790));
#11787 = ORIENTED_EDGE('',*,*,#11558,.F.);
#11788 = ORIENTED_EDGE('',*,*,#11709,.T.);
#11789 = ORIENTED_EDGE('',*,*,#11663,.T.);
#11790 = ORIENTED_EDGE('',*,*,#11756,.F.);
#11791 = ( GEOMETRIC_REPRESENTATION_CONTEXT(3) 
GLOBAL_UNCERTAINTY_ASSIGNED_CONTEXT((#11795)) 
GLOBAL_UNIT_ASSIGNED_CONTEXT((#11792,#11793,#11794)) 
REPRESENTATION_CONTEXT('Context #1',
  '3D Context with UNIT and UNCERTAINTY') );
#11792 = ( LENGTH_UNIT() NAMED_UNIT(*) SI_UNIT(.MILLI.,.METRE.) );
#11793 = ( NAMED_UNIT(*) PLANE_ANGLE_UNIT() SI_UNIT($,.RADIAN.) );
#11794 = ( NAMED_UNIT(*) SI_UNIT($,.STERADIAN.) SOLID_ANGLE_UNIT() );
#11795 = UNCERTAINTY_MEASURE_WITH_UNIT(LENGTH_MEASURE(1.E-07),#11792,
  'distance_accuracy_value','confusion accuracy');
#11796 = CONTEXT_DEPENDENT_SHAPE_REPRESENTATION(#11797,#11799);
#11797 = ( REPRESENTATION_RELATIONSHIP('','',#11460,#10) 
REPRESENTATION_RELATIONSHIP_WITH_TRANSFORMATION(#11798) 
SHAPE_REPRESENTATION_RELATIONSHIP() );
#11798 = ITEM_DEFINED_TRANSFORMATION('','',#11,#59);
#11799 = PRODUCT_DEFINITION_SHAPE('Placement','Placement of an item',
  #11800);
#11800 = NEXT_ASSEMBLY_USAGE_OCCURRENCE('12','','',#5,#11455,$);
#11801 = PRODUCT_RELATED_PRODUCT_CATEGORY('part',$,(#11457));
#11802 = SHAPE_DEFINITION_REPRESENTATION(#11803,#11809);
#11803 = PRODUCT_DEFINITION_SHAPE('','',#11804);
#11804 = PRODUCT_DEFINITION('design','',#11805,#11808);
#11805 = PRODUCT_DEFINITION_FORMATION('','',#11806);
#11806 = PRODUCT('Open CASCADE STEP translator 8.0 2.13',
  'Open CASCADE STEP translator 8.0 2.13','',(#11807));
#11807 = PRODUCT_CONTEXT('',#2,'mechanical');
#11808 = PRODUCT_DEFINITION_CONTEXT('part definition',#2,'design');
#11809 = ADVANCED_BREP_SHAPE_REPRESENTATION('',(#11,#11810),#12140);
#11810 = MANIFOLD_SOLID_BREP('',#11811);
#11811 = CLOSED_SHELL('',(#11812,#11932,#12032,#12079,#12126,#12133));
#11812 = ADVANCED_FACE('',(#11813),#11827,.F.);
#11813 = FACE_BOUND('',#11814,.F.);
#11814 = EDGE_LOOP('',(#11815,#11850,#11878,#11906));
#11815 = ORIENTED_EDGE('',*,*,#11816,.F.);
#11816 = EDGE_CURVE('',#11817,#11819,#11821,.T.);
#11817 = VERTEX_POINT('',#11818);
#11818 = CARTESIAN_POINT('',(24.5,18.513962,6.2));
#11819 = VERTEX_POINT('',#11820);
#11820 = CARTESIAN_POINT('',(24.5,18.513962,19.2));
#11821 = SURFACE_CURVE('',#11822,(#11826,#11838),.PCURVE_S1.);
#11822 = LINE('',#11823,#11824);
#11823 = CARTESIAN_POINT('',(24.5,18.513962,6.2));
#11824 = VECTOR('',#11825,1.);
#11825 = DIRECTION('',(0.,0.,1.));
#11826 = PCURVE('',#11827,#11832);
#11827 = PLANE('',#11828);
#11828 = AXIS2_PLACEMENT_3D('',#11829,#11830,#11831);
#11829 = CARTESIAN_POINT('',(24.5,18.513962,6.2));
#11830 = DIRECTION('',(1.,0.,-0.));
#11831 = DIRECTION('',(0.,0.,1.));
#11832 = DEFINITIONAL_REPRESENTATION('',(#11833),#11837);
#11833 = LINE('',#11834,#11835);
#11834 = CARTESIAN_POINT('',(0.,0.));
#11835 = VECTOR('',#11836,1.);
#11836 = DIRECTION('',(1.,0.));
#11837 = ( GEOMETRIC_REPRESENTATION_CONTEXT(2) 
PARAMETRIC_REPRESENTATION_CONTEXT() REPRESENTATION_CONTEXT('2D SPACE',''
  ) );
#11838 = PCURVE('',#11839,#11844);
#11839 = PLANE('',#11840);
#11840 = AXIS2_PLACEMENT_3D('',#11841,#11842,#11843);
#11841 = CARTESIAN_POINT('',(24.5,18.513962,6.2));
#11842 = DIRECTION('',(-0.,1.,0.));
#11843 = DIRECTION('',(0.,0.,1.));
#11844 = DEFINITIONAL_REPRESENTATION('',(#11845),#11849);
#11845 = LINE('',#11846,#11847);
#11846 = CARTESIAN_POINT('',(0.,0.));
#11847 = VECTOR('',#11848,1.);
#11848 = DIRECTION('',(1.,0.));
#11849 = ( GEOMETRIC_REPRESENTATION_CONTEXT(2) 
PARAMETRIC_REPRESENTATION_CONTEXT() REPRESENTATION_CONTEXT('2D SPACE',''
  ) );
#11850 = ORIENTED_EDGE('',*,*,#11851,.T.);
#11851 = EDGE_CURVE('',#11817,#11852,#11854,.T.);
#11852 = VERTEX_POINT('',#11853);
#11853 = CARTESIAN_POINT('',(24.5,23.513962,6.2));
#11854 = SURFACE_CURVE('',#11855,(#11859,#11866),.PCURVE_S1.);
#11855 = LINE('',#11856,#11857);
#11856 = CARTESIAN_POINT('',(24.5,18.513962,6.2));
#11857 = VECTOR('',#11858,1.);
#11858 = DIRECTION('',(-0.,1.,0.));
#11859 = PCURVE('',#11827,#11860);
#11860 = DEFINITIONAL_REPRESENTATION('',(#11861),#11865);
#11861 = LINE('',#11862,#11863);
#11862 = CARTESIAN_POINT('',(0.,0.));
#11863 = VECTOR('',#11864,1.);
#11864 = DIRECTION('',(0.,-1.));
#11865 = ( GEOMETRIC_REPRESENTATION_CONTEXT(2) 
PARAMETRIC_REPRESENTATION_CONTEXT() REPRESENTATION_CONTEXT('2D SPACE',''
  ) );
#11866 = PCURVE('',#11867,#11872);
#11867 = PLANE('',#11868);
#11868 = AXIS2_PLACEMENT_3D('',#11869,#11870,#11871);
#11869 = CARTESIAN_POINT('',(24.5,18.513962,6.2));
#11870 = DIRECTION('',(0.,0.,1.));
#11871 = DIRECTION('',(1.,0.,-0.));
#11872 = DEFINITIONAL_REPRESENTATION('',(#11873),#11877);
#11873 = LINE('',#11874,#11875);
#11874 = CARTESIAN_POINT('',(0.,0.));
#11875 = VECTOR('',#11876,1.);
#11876 = DIRECTION('',(0.,1.));
#11877 = ( GEOMETRIC_REPRESENTATION_CONTEXT(2) 
PARAMETRIC_REPRESENTATION_CONTEXT() REPRESENTATION_CONTEXT('2D SPACE',''
  ) );
#11878 = ORIENTED_EDGE('',*,*,#11879,.T.);
#11879 = EDGE_CURVE('',#11852,#11880,#11882,.T.);
#11880 = VERTEX_POINT('',#11881);
#11881 = CARTESIAN_POINT('',(24.5,23.513962,19.2));
#11882 = SURFACE_CURVE('',#11883,(#11887,#11894),.PCURVE_S1.);
#11883 = LINE('',#11884,#11885);
#11884 = CARTESIAN_POINT('',(24.5,23.513962,6.2));
#11885 = VECTOR('',#11886,1.);
#11886 = DIRECTION('',(0.,0.,1.));
#11887 = PCURVE('',#11827,#11888);
#11888 = DEFINITIONAL_REPRESENTATION('',(#11889),#11893);
#11889 = LINE('',#11890,#11891);
#11890 = CARTESIAN_POINT('',(0.,-5.));
#11891 = VECTOR('',#11892,1.);
#11892 = DIRECTION('',(1.,0.));
#11893 = ( GEOMETRIC_REPRESENTATION_CONTEXT(2) 
PARAMETRIC_REPRESENTATION_CONTEXT() REPRESENTATION_CONTEXT('2D SPACE',''
  ) );
#11894 = PCURVE('',#11895,#11900);
#11895 = PLANE('',#11896);
#11896 = AXIS2_PLACEMENT_3D('',#11897,#11898,#11899);
#11897 = CARTESIAN_POINT('',(24.5,23.513962,6.2));
#11898 = DIRECTION('',(-0.,1.,0.));
#11899 = DIRECTION('',(0.,0.,1.));
#11900 = DEFINITIONAL_REPRESENTATION('',(#11901),#11905);
#11901 = LINE('',#11902,#11903);
#11902 = CARTESIAN_POINT('',(0.,0.));
#11903 = VECTOR('',#11904,1.);
#11904 = DIRECTION('',(1.,0.));
#11905 = ( GEOMETRIC_REPRESENTATION_CONTEXT(2) 
PARAMETRIC_REPRESENTATION_CONTEXT() REPRESENTATION_CONTEXT('2D SPACE',''
  ) );
#11906 = ORIENTED_EDGE('',*,*,#11907,.F.);
#11907 = EDGE_CURVE('',#11819,#11880,#11908,.T.);
#11908 = SURFACE_CURVE('',#11909,(#11913,#11920),.PCURVE_S1.);
#11909 = LINE('',#11910,#11911);
#11910 = CARTESIAN_POINT('',(24.5,18.513962,19.2));
#11911 = VECTOR('',#11912,1.);
#11912 = DIRECTION('',(-0.,1.,0.));
#11913 = PCURVE('',#11827,#11914);
#11914 = DEFINITIONAL_REPRESENTATION('',(#11915),#11919);
#11915 = LINE('',#11916,#11917);
#11916 = CARTESIAN_POINT('',(13.,0.));
#11917 = VECTOR('',#11918,1.);
#11918 = DIRECTION('',(0.,-1.));
#11919 = ( GEOMETRIC_REPRESENTATION_CONTEXT(2) 
PARAMETRIC_REPRESENTATION_CONTEXT() REPRESENTATION_CONTEXT('2D SPACE',''
  ) );
#11920 = PCURVE('',#11921,#11926);
#11921 = PLANE('',#11922);
#11922 = AXIS2_PLACEMENT_3D('',#11923,#11924,#11925);
#11923 = CARTESIAN_POINT('',(24.5,18.513962,19.2));
#11924 = DIRECTION('',(0.,0.,1.));
#11925 = DIRECTION('',(1.,0.,-0.));
#11926 = DEFINITIONAL_REPRESENTATION('',(#11927),#11931);
#11927 = LINE('',#11928,#11929);
#11928 = CARTESIAN_POINT('',(0.,0.));
#11929 = VECTOR('',#11930,1.);
#11930 = DIRECTION('',(0.,1.));
#11931 = ( GEOMETRIC_REPRESENTATION_CONTEXT(2) 
PARAMETRIC_REPRESENTATION_CONTEXT() REPRESENTATION_CONTEXT('2D SPACE',''
  ) );
#11932 = ADVANCED_FACE('',(#11933),#11947,.T.);
#11933 = FACE_BOUND('',#11934,.T.);
#11934 = EDGE_LOOP('',(#11935,#11965,#11988,#12011));
#11935 = ORIENTED_EDGE('',*,*,#11936,.F.);
#11936 = EDGE_CURVE('',#11937,#11939,#11941,.T.);
#11937 = VERTEX_POINT('',#11938);
#11938 = CARTESIAN_POINT('',(43.5,18.513962,6.2));
#11939 = VERTEX_POINT('',#11940);
#11940 = CARTESIAN_POINT('',(43.5,18.513962,19.2));
#11941 = SURFACE_CURVE('',#11942,(#11946,#11958),.PCURVE_S1.);
#11942 = LINE('',#11943,#11944);
#11943 = CARTESIAN_POINT('',(43.5,18.513962,6.2));
#11944 = VECTOR('',#11945,1.);
#11945 = DIRECTION('',(0.,0.,1.));
#11946 = PCURVE('',#11947,#11952);
#11947 = PLANE('',#11948);
#11948 = AXIS2_PLACEMENT_3D('',#11949,#11950,#11951);
#11949 = CARTESIAN_POINT('',(43.5,18.513962,6.2));
#11950 = DIRECTION('',(1.,0.,-0.));
#11951 = DIRECTION('',(0.,0.,1.));
#11952 = DEFINITIONAL_REPRESENTATION('',(#11953),#11957);
#11953 = LINE('',#11954,#11955);
#11954 = CARTESIAN_POINT('',(0.,0.));
#11955 = VECTOR('',#11956,1.);
#11956 = DIRECTION('',(1.,0.));
#11957 = ( GEOMETRIC_REPRESENTATION_CONTEXT(2) 
PARAMETRIC_REPRESENTATION_CONTEXT() REPRESENTATION_CONTEXT('2D SPACE',''
  ) );
#11958 = PCURVE('',#11839,#11959);
#11959 = DEFINITIONAL_REPRESENTATION('',(#11960),#11964);
#11960 = LINE('',#11961,#11962);
#11961 = CARTESIAN_POINT('',(0.,19.));
#11962 = VECTOR('',#11963,1.);
#11963 = DIRECTION('',(1.,0.));
#11964 = ( GEOMETRIC_REPRESENTATION_CONTEXT(2) 
PARAMETRIC_REPRESENTATION_CONTEXT() REPRESENTATION_CONTEXT('2D SPACE',''
  ) );
#11965 = ORIENTED_EDGE('',*,*,#11966,.T.);
#11966 = EDGE_CURVE('',#11937,#11967,#11969,.T.);
#11967 = VERTEX_POINT('',#11968);
#11968 = CARTESIAN_POINT('',(43.5,23.513962,6.2));
#11969 = SURFACE_CURVE('',#11970,(#11974,#11981),.PCURVE_S1.);
#11970 = LINE('',#11971,#11972);
#11971 = CARTESIAN_POINT('',(43.5,18.513962,6.2));
#11972 = VECTOR('',#11973,1.);
#11973 = DIRECTION('',(-0.,1.,0.));
#11974 = PCURVE('',#11947,#11975);
#11975 = DEFINITIONAL_REPRESENTATION('',(#11976),#11980);
#11976 = LINE('',#11977,#11978);
#11977 = CARTESIAN_POINT('',(0.,0.));
#11978 = VECTOR('',#11979,1.);
#11979 = DIRECTION('',(0.,-1.));
#11980 = ( GEOMETRIC_REPRESENTATION_CONTEXT(2) 
PARAMETRIC_REPRESENTATION_CONTEXT() REPRESENTATION_CONTEXT('2D SPACE',''
  ) );
#11981 = PCURVE('',#11867,#11982);
#11982 = DEFINITIONAL_REPRESENTATION('',(#11983),#11987);
#11983 = LINE('',#11984,#11985);
#11984 = CARTESIAN_POINT('',(19.,0.));
#11985 = VECTOR('',#11986,1.);
#11986 = DIRECTION('',(0.,1.));
#11987 = ( GEOMETRIC_REPRESENTATION_CONTEXT(2) 
PARAMETRIC_REPRESENTATION_CONTEXT() REPRESENTATION_CONTEXT('2D SPACE',''
  ) );
#11988 = ORIENTED_EDGE('',*,*,#11989,.T.);
#11989 = EDGE_CURVE('',#11967,#11990,#11992,.T.);
#11990 = VERTEX_POINT('',#11991);
#11991 = CARTESIAN_POINT('',(43.5,23.513962,19.2));
#11992 = SURFACE_CURVE('',#11993,(#11997,#12004),.PCURVE_S1.);
#11993 = LINE('',#11994,#11995);
#11994 = CARTESIAN_POINT('',(43.5,23.513962,6.2));
#11995 = VECTOR('',#11996,1.);
#11996 = DIRECTION('',(0.,0.,1.));
#11997 = PCURVE('',#11947,#11998);
#11998 = DEFINITIONAL_REPRESENTATION('',(#11999),#12003);
#11999 = LINE('',#12000,#12001);
#12000 = CARTESIAN_POINT('',(0.,-5.));
#12001 = VECTOR('',#12002,1.);
#12002 = DIRECTION('',(1.,0.));
#12003 = ( GEOMETRIC_REPRESENTATION_CONTEXT(2) 
PARAMETRIC_REPRESENTATION_CONTEXT() REPRESENTATION_CONTEXT('2D SPACE',''
  ) );
#12004 = PCURVE('',#11895,#12005);
#12005 = DEFINITIONAL_REPRESENTATION('',(#12006),#12010);
#12006 = LINE('',#12007,#12008);
#12007 = CARTESIAN_POINT('',(0.,19.));
#12008 = VECTOR('',#12009,1.);
#12009 = DIRECTION('',(1.,0.));
#12010 = ( GEOMETRIC_REPRESENTATION_CONTEXT(2) 
PARAMETRIC_REPRESENTATION_CONTEXT() REPRESENTATION_CONTEXT('2D SPACE',''
  ) );
#12011 = ORIENTED_EDGE('',*,*,#12012,.F.);
#12012 = EDGE_CURVE('',#11939,#11990,#12013,.T.);
#12013 = SURFACE_CURVE('',#12014,(#12018,#12025),.PCURVE_S1.);
#12014 = LINE('',#12015,#12016);
#12015 = CARTESIAN_POINT('',(43.5,18.513962,19.2));
#12016 = VECTOR('',#12017,1.);
#12017 = DIRECTION('',(-0.,1.,0.));
#12018 = PCURVE('',#11947,#12019);
#12019 = DEFINITIONAL_REPRESENTATION('',(#12020),#12024);
#12020 = LINE('',#12021,#12022);
#12021 = CARTESIAN_POINT('',(13.,0.));
#12022 = VECTOR('',#12023,1.);
#12023 = DIRECTION('',(0.,-1.));
#12024 = ( GEOMETRIC_REPRESENTATION_CONTEXT(2) 
PARAMETRIC_REPRESENTATION_CONTEXT() REPRESENTATION_CONTEXT('2D SPACE',''
  ) );
#12025 = PCURVE('',#11921,#12026);
#12026 = DEFINITIONAL_REPRESENTATION('',(#12027),#12031);
#12027 = LINE('',#12028,#12029);
#12028 = CARTESIAN_POINT('',(19.,0.));
#12029 = VECTOR('',#12030,1.);
#12030 = DIRECTION('',(0.,1.));
#12031 = ( GEOMETRIC_REPRESENTATION_CONTEXT(2) 
PARAMETRIC_REPRESENTATION_CONTEXT() REPRESENTATION_CONTEXT('2D SPACE',''
  ) );
#12032 = ADVANCED_FACE('',(#12033),#11839,.F.);
#12033 = FACE_BOUND('',#12034,.F.);
#12034 = EDGE_LOOP('',(#12035,#12056,#12057,#12078));
#12035 = ORIENTED_EDGE('',*,*,#12036,.F.);
#12036 = EDGE_CURVE('',#11817,#11937,#12037,.T.);
#12037 = SURFACE_CURVE('',#12038,(#12042,#12049),.PCURVE_S1.);
#12038 = LINE('',#12039,#12040);
#12039 = CARTESIAN_POINT('',(24.5,18.513962,6.2));
#12040 = VECTOR('',#12041,1.);
#12041 = DIRECTION('',(1.,0.,-0.));
#12042 = PCURVE('',#11839,#12043);
#12043 = DEFINITIONAL_REPRESENTATION('',(#12044),#12048);
#12044 = LINE('',#12045,#12046);
#12045 = CARTESIAN_POINT('',(0.,0.));
#12046 = VECTOR('',#12047,1.);
#12047 = DIRECTION('',(0.,1.));
#12048 = ( GEOMETRIC_REPRESENTATION_CONTEXT(2) 
PARAMETRIC_REPRESENTATION_CONTEXT() REPRESENTATION_CONTEXT('2D SPACE',''
  ) );
#12049 = PCURVE('',#11867,#12050);
#12050 = DEFINITIONAL_REPRESENTATION('',(#12051),#12055);
#12051 = LINE('',#12052,#12053);
#12052 = CARTESIAN_POINT('',(0.,0.));
#12053 = VECTOR('',#12054,1.);
#12054 = DIRECTION('',(1.,0.));
#12055 = ( GEOMETRIC_REPRESENTATION_CONTEXT(2) 
PARAMETRIC_REPRESENTATION_CONTEXT() REPRESENTATION_CONTEXT('2D SPACE',''
  ) );
#12056 = ORIENTED_EDGE('',*,*,#11816,.T.);
#12057 = ORIENTED_EDGE('',*,*,#12058,.T.);
#12058 = EDGE_CURVE('',#11819,#11939,#12059,.T.);
#12059 = SURFACE_CURVE('',#12060,(#12064,#12071),.PCURVE_S1.);
#12060 = LINE('',#12061,#12062);
#12061 = CARTESIAN_POINT('',(24.5,18.513962,19.2));
#12062 = VECTOR('',#12063,1.);
#12063 = DIRECTION('',(1.,0.,-0.));
#12064 = PCURVE('',#11839,#12065);
#12065 = DEFINITIONAL_REPRESENTATION('',(#12066),#12070);
#12066 = LINE('',#12067,#12068);
#12067 = CARTESIAN_POINT('',(13.,0.));
#12068 = VECTOR('',#12069,1.);
#12069 = DIRECTION('',(0.,1.));
#12070 = ( GEOMETRIC_REPRESENTATION_CONTEXT(2) 
PARAMETRIC_REPRESENTATION_CONTEXT() REPRESENTATION_CONTEXT('2D SPACE',''
  ) );
#12071 = PCURVE('',#11921,#12072);
#12072 = DEFINITIONAL_REPRESENTATION('',(#12073),#12077);
#12073 = LINE('',#12074,#12075);
#12074 = CARTESIAN_POINT('',(0.,0.));
#12075 = VECTOR('',#12076,1.);
#12076 = DIRECTION('',(1.,0.));
#12077 = ( GEOMETRIC_REPRESENTATION_CONTEXT(2) 
PARAMETRIC_REPRESENTATION_CONTEXT() REPRESENTATION_CONTEXT('2D SPACE',''
  ) );
#12078 = ORIENTED_EDGE('',*,*,#11936,.F.);
#12079 = ADVANCED_FACE('',(#12080),#11895,.T.);
#12080 = FACE_BOUND('',#12081,.T.);
#12081 = EDGE_LOOP('',(#12082,#12103,#12104,#12125));
#12082 = ORIENTED_EDGE('',*,*,#12083,.F.);
#12083 = EDGE_CURVE('',#11852,#11967,#12084,.T.);
#12084 = SURFACE_CURVE('',#12085,(#12089,#12096),.PCURVE_S1.);
#12085 = LINE('',#12086,#12087);
#12086 = CARTESIAN_POINT('',(24.5,23.513962,6.2));
#12087 = VECTOR('',#12088,1.);
#12088 = DIRECTION('',(1.,0.,-0.));
#12089 = PCURVE('',#11895,#12090);
#12090 = DEFINITIONAL_REPRESENTATION('',(#12091),#12095);
#12091 = LINE('',#12092,#12093);
#12092 = CARTESIAN_POINT('',(0.,0.));
#12093 = VECTOR('',#12094,1.);
#12094 = DIRECTION('',(0.,1.));
#12095 = ( GEOMETRIC_REPRESENTATION_CONTEXT(2) 
PARAMETRIC_REPRESENTATION_CONTEXT() REPRESENTATION_CONTEXT('2D SPACE',''
  ) );
#12096 = PCURVE('',#11867,#12097);
#12097 = DEFINITIONAL_REPRESENTATION('',(#12098),#12102);
#12098 = LINE('',#12099,#12100);
#12099 = CARTESIAN_POINT('',(0.,5.));
#12100 = VECTOR('',#12101,1.);
#12101 = DIRECTION('',(1.,0.));
#12102 = ( GEOMETRIC_REPRESENTATION_CONTEXT(2) 
PARAMETRIC_REPRESENTATION_CONTEXT() REPRESENTATION_CONTEXT('2D SPACE',''
  ) );
#12103 = ORIENTED_EDGE('',*,*,#11879,.T.);
#12104 = ORIENTED_EDGE('',*,*,#12105,.T.);
#12105 = EDGE_CURVE('',#11880,#11990,#12106,.T.);
#12106 = SURFACE_CURVE('',#12107,(#12111,#12118),.PCURVE_S1.);
#12107 = LINE('',#12108,#12109);
#12108 = CARTESIAN_POINT('',(24.5,23.513962,19.2));
#12109 = VECTOR('',#12110,1.);
#12110 = DIRECTION('',(1.,0.,-0.));
#12111 = PCURVE('',#11895,#12112);
#12112 = DEFINITIONAL_REPRESENTATION('',(#12113),#12117);
#12113 = LINE('',#12114,#12115);
#12114 = CARTESIAN_POINT('',(13.,0.));
#12115 = VECTOR('',#12116,1.);
#12116 = DIRECTION('',(0.,1.));
#12117 = ( GEOMETRIC_REPRESENTATION_CONTEXT(2) 
PARAMETRIC_REPRESENTATION_CONTEXT() REPRESENTATION_CONTEXT('2D SPACE',''
  ) );
#12118 = PCURVE('',#11921,#12119);
#12119 = DEFINITIONAL_REPRESENTATION('',(#12120),#12124);
#12120 = LINE('',#12121,#12122);
#12121 = CARTESIAN_POINT('',(0.,5.));
#12122 = VECTOR('',#12123,1.);
#12123 = DIRECTION('',(1.,0.));
#12124 = ( GEOMETRIC_REPRESENTATION_CONTEXT(2) 
PARAMETRIC_REPRESENTATION_CONTEXT() REPRESENTATION_CONTEXT('2D SPACE',''
  ) );
#12125 = ORIENTED_EDGE('',*,*,#11989,.F.);
#12126 = ADVANCED_FACE('',(#12127),#11867,.F.);
#12127 = FACE_BOUND('',#12128,.F.);
#12128 = EDGE_LOOP('',(#12129,#12130,#12131,#12132));
#12129 = ORIENTED_EDGE('',*,*,#11851,.F.);
#12130 = ORIENTED_EDGE('',*,*,#12036,.T.);
#12131 = ORIENTED_EDGE('',*,*,#11966,.T.);
#12132 = ORIENTED_EDGE('',*,*,#12083,.F.);
#12133 = ADVANCED_FACE('',(#12134),#11921,.T.);
#12134 = FACE_BOUND('',#12135,.T.);
#12135 = EDGE_LOOP('',(#12136,#12137,#12138,#12139));
#12136 = ORIENTED_EDGE('',*,*,#11907,.F.);
#12137 = ORIENTED_EDGE('',*,*,#12058,.T.);
#12138 = ORIENTED_EDGE('',*,*,#12012,.T.);
#12139 = ORIENTED_EDGE('',*,*,#12105,.F.);
#12140 = ( GEOMETRIC_REPRESENTATION_CONTEXT(3) 
GLOBAL_UNCERTAINTY_ASSIGNED_CONTEXT((#12144)) 
GLOBAL_UNIT_ASSIGNED_CONTEXT((#12141,#12142,#12143)) 
REPRESENTATION_CONTEXT('Context #1',
  '3D Context with UNIT and UNCERTAINTY') );
#12141 = ( LENGTH_UNIT() NAMED_UNIT(*) SI_UNIT(.MILLI.,.METRE.) );
#12142 = ( NAMED_UNIT(*) PLANE_ANGLE_UNIT() SI_UNIT($,.RADIAN.) );
#12143 = ( NAMED_UNIT(*) SI_UNIT($,.STERADIAN.) SOLID_ANGLE_UNIT() );
#12144 = UNCERTAINTY_MEASURE_WITH_UNIT(LENGTH_MEASURE(1.E-07),#12141,
  'distance_accuracy_value','confusion accuracy');
#12145 = CONTEXT_DEPENDENT_SHAPE_REPRESENTATION(#12146,#12148);
#12146 = ( REPRESENTATION_RELATIONSHIP('','',#11809,#10) 
REPRESENTATION_RELATIONSHIP_WITH_TRANSFORMATION(#12147) 
SHAPE_REPRESENTATION_RELATIONSHIP() );
#12147 = ITEM_DEFINED_TRANSFORMATION('','',#11,#63);
#12148 = PRODUCT_DEFINITION_SHAPE('Placement','Placement of an item',
  #12149);
#12149 = NEXT_ASSEMBLY_USAGE_OCCURRENCE('13','','',#5,#11804,$);
#12150 = PRODUCT_RELATED_PRODUCT_CATEGORY('part',$,(#11806));
#12151 = SHAPE_DEFINITION_REPRESENTATION(#12152,#12158);
#12152 = PRODUCT_DEFINITION_SHAPE('','',#12153);
#12153 = PRODUCT_DEFINITION('design','',#12154,#12157);
#12154 = PRODUCT_DEFINITION_FORMATION('','',#12155);
#12155 = PRODUCT('Open CASCADE STEP translator 8.0 2.14',
  'Open CASCADE STEP translator 8.0 2.14','',(#12156));
#12156 = PRODUCT_CONTEXT('',#2,'mechanical');
#12157 = PRODUCT_DEFINITION_CONTEXT('part definition',#2,'design');
#12158 = ADVANCED_BREP_SHAPE_REPRESENTATION('',(#11,#12159),#12489);
#12159 = MANIFOLD_SOLID_BREP('',#12160);
#12160 = CLOSED_SHELL('',(#12161,#12281,#12381,#12428,#12475,#12482));
#12161 = ADVANCED_FACE('',(#12162),#12176,.F.);
#12162 = FACE_BOUND('',#12163,.F.);
#12163 = EDGE_LOOP('',(#12164,#12199,#12227,#12255));
#12164 = ORIENTED_EDGE('',*,*,#12165,.F.);
#12165 = EDGE_CURVE('',#12166,#12168,#12170,.T.);
#12166 = VERTEX_POINT('',#12167);
#12167 = CARTESIAN_POINT('',(3.4,60.013962,1.2));
#12168 = VERTEX_POINT('',#12169);
#12169 = CARTESIAN_POINT('',(3.4,60.013962,6.2));
#12170 = SURFACE_CURVE('',#12171,(#12175,#12187),.PCURVE_S1.);
#12171 = LINE('',#12172,#12173);
#12172 = CARTESIAN_POINT('',(3.4,60.013962,1.2));
#12173 = VECTOR('',#12174,1.);
#12174 = DIRECTION('',(0.,0.,1.));
#12175 = PCURVE('',#12176,#12181);
#12176 = PLANE('',#12177);
#12177 = AXIS2_PLACEMENT_3D('',#12178,#12179,#12180);
#12178 = CARTESIAN_POINT('',(3.4,60.013962,1.2));
#12179 = DIRECTION('',(1.,0.,0.));
#12180 = DIRECTION('',(0.,0.,1.));
#12181 = DEFINITIONAL_REPRESENTATION('',(#12182),#12186);
#12182 = LINE('',#12183,#12184);
#12183 = CARTESIAN_POINT('',(0.,0.));
#12184 = VECTOR('',#12185,1.);
#12185 = DIRECTION('',(1.,0.));
#12186 = ( GEOMETRIC_REPRESENTATION_CONTEXT(2) 
PARAMETRIC_REPRESENTATION_CONTEXT() REPRESENTATION_CONTEXT('2D SPACE',''
  ) );
#12187 = PCURVE('',#12188,#12193);
#12188 = PLANE('',#12189);
#12189 = AXIS2_PLACEMENT_3D('',#12190,#12191,#12192);
#12190 = CARTESIAN_POINT('',(3.4,60.013962,1.2));
#12191 = DIRECTION('',(0.,1.,0.));
#12192 = DIRECTION('',(0.,0.,1.));
#12193 = DEFINITIONAL_REPRESENTATION('',(#12194),#12198);
#12194 = LINE('',#12195,#12196);
#12195 = CARTESIAN_POINT('',(0.,0.));
#12196 = VECTOR('',#12197,1.);
#12197 = DIRECTION('',(1.,0.));
#12198 = ( GEOMETRIC_REPRESENTATION_CONTEXT(2) 
PARAMETRIC_REPRESENTATION_CONTEXT() REPRESENTATION_CONTEXT('2D SPACE',''
  ) );
#12199 = ORIENTED_EDGE('',*,*,#12200,.T.);
#12200 = EDGE_CURVE('',#12166,#12201,#12203,.T.);
#12201 = VERTEX_POINT('',#12202);
#12202 = CARTESIAN_POINT('',(3.4,66.013962,1.2));
#12203 = SURFACE_CURVE('',#12204,(#12208,#12215),.PCURVE_S1.);
#12204 = LINE('',#12205,#12206);
#12205 = CARTESIAN_POINT('',(3.4,60.013962,1.2));
#12206 = VECTOR('',#12207,1.);
#12207 = DIRECTION('',(0.,1.,0.));
#12208 = PCURVE('',#12176,#12209);
#12209 = DEFINITIONAL_REPRESENTATION('',(#12210),#12214);
#12210 = LINE('',#12211,#12212);
#12211 = CARTESIAN_POINT('',(0.,0.));
#12212 = VECTOR('',#12213,1.);
#12213 = DIRECTION('',(0.,-1.));
#12214 = ( GEOMETRIC_REPRESENTATION_CONTEXT(2) 
PARAMETRIC_REPRESENTATION_CONTEXT() REPRESENTATION_CONTEXT('2D SPACE',''
  ) );
#12215 = PCURVE('',#12216,#12221);
#12216 = PLANE('',#12217);
#12217 = AXIS2_PLACEMENT_3D('',#12218,#12219,#12220);
#12218 = CARTESIAN_POINT('',(3.4,60.013962,1.2));
#12219 = DIRECTION('',(0.,0.,1.));
#12220 = DIRECTION('',(1.,0.,0.));
#12221 = DEFINITIONAL_REPRESENTATION('',(#12222),#12226);
#12222 = LINE('',#12223,#12224);
#12223 = CARTESIAN_POINT('',(0.,0.));
#12224 = VECTOR('',#12225,1.);
#12225 = DIRECTION('',(0.,1.));
#12226 = ( GEOMETRIC_REPRESENTATION_CONTEXT(2) 
PARAMETRIC_REPRESENTATION_CONTEXT() REPRESENTATION_CONTEXT('2D SPACE',''
  ) );
#12227 = ORIENTED_EDGE('',*,*,#12228,.T.);
#12228 = EDGE_CURVE('',#12201,#12229,#12231,.T.);
#12229 = VERTEX_POINT('',#12230);
#12230 = CARTESIAN_POINT('',(3.4,66.013962,6.2));
#12231 = SURFACE_CURVE('',#12232,(#12236,#12243),.PCURVE_S1.);
#12232 = LINE('',#12233,#12234);
#12233 = CARTESIAN_POINT('',(3.4,66.013962,1.2));
#12234 = VECTOR('',#12235,1.);
#12235 = DIRECTION('',(0.,0.,1.));
#12236 = PCURVE('',#12176,#12237);
#12237 = DEFINITIONAL_REPRESENTATION('',(#12238),#12242);
#12238 = LINE('',#12239,#12240);
#12239 = CARTESIAN_POINT('',(0.,-6.));
#12240 = VECTOR('',#12241,1.);
#12241 = DIRECTION('',(1.,0.));
#12242 = ( GEOMETRIC_REPRESENTATION_CONTEXT(2) 
PARAMETRIC_REPRESENTATION_CONTEXT() REPRESENTATION_CONTEXT('2D SPACE',''
  ) );
#12243 = PCURVE('',#12244,#12249);
#12244 = PLANE('',#12245);
#12245 = AXIS2_PLACEMENT_3D('',#12246,#12247,#12248);
#12246 = CARTESIAN_POINT('',(3.4,66.013962,1.2));
#12247 = DIRECTION('',(0.,1.,0.));
#12248 = DIRECTION('',(0.,0.,1.));
#12249 = DEFINITIONAL_REPRESENTATION('',(#12250),#12254);
#12250 = LINE('',#12251,#12252);
#12251 = CARTESIAN_POINT('',(0.,0.));
#12252 = VECTOR('',#12253,1.);
#12253 = DIRECTION('',(1.,0.));
#12254 = ( GEOMETRIC_REPRESENTATION_CONTEXT(2) 
PARAMETRIC_REPRESENTATION_CONTEXT() REPRESENTATION_CONTEXT('2D SPACE',''
  ) );
#12255 = ORIENTED_EDGE('',*,*,#12256,.F.);
#12256 = EDGE_CURVE('',#12168,#12229,#12257,.T.);
#12257 = SURFACE_CURVE('',#12258,(#12262,#12269),.PCURVE_S1.);
#12258 = LINE('',#12259,#12260);
#12259 = CARTESIAN_POINT('',(3.4,60.013962,6.2));
#12260 = VECTOR('',#12261,1.);
#12261 = DIRECTION('',(0.,1.,0.));
#12262 = PCURVE('',#12176,#12263);
#12263 = DEFINITIONAL_REPRESENTATION('',(#12264),#12268);
#12264 = LINE('',#12265,#12266);
#12265 = CARTESIAN_POINT('',(5.,0.));
#12266 = VECTOR('',#12267,1.);
#12267 = DIRECTION('',(0.,-1.));
#12268 = ( GEOMETRIC_REPRESENTATION_CONTEXT(2) 
PARAMETRIC_REPRESENTATION_CONTEXT() REPRESENTATION_CONTEXT('2D SPACE',''
  ) );
#12269 = PCURVE('',#12270,#12275);
#12270 = PLANE('',#12271);
#12271 = AXIS2_PLACEMENT_3D('',#12272,#12273,#12274);
#12272 = CARTESIAN_POINT('',(3.4,60.013962,6.2));
#12273 = DIRECTION('',(0.,0.,1.));
#12274 = DIRECTION('',(1.,0.,0.));
#12275 = DEFINITIONAL_REPRESENTATION('',(#12276),#12280);
#12276 = LINE('',#12277,#12278);
#12277 = CARTESIAN_POINT('',(0.,0.));
#12278 = VECTOR('',#12279,1.);
#12279 = DIRECTION('',(0.,1.));
#12280 = ( GEOMETRIC_REPRESENTATION_CONTEXT(2) 
PARAMETRIC_REPRESENTATION_CONTEXT() REPRESENTATION_CONTEXT('2D SPACE',''
  ) );
#12281 = ADVANCED_FACE('',(#12282),#12296,.T.);
#12282 = FACE_BOUND('',#12283,.T.);
#12283 = EDGE_LOOP('',(#12284,#12314,#12337,#12360));
#12284 = ORIENTED_EDGE('',*,*,#12285,.F.);
#12285 = EDGE_CURVE('',#12286,#12288,#12290,.T.);
#12286 = VERTEX_POINT('',#12287);
#12287 = CARTESIAN_POINT('',(23.4,60.013962,1.2));
#12288 = VERTEX_POINT('',#12289);
#12289 = CARTESIAN_POINT('',(23.4,60.013962,6.2));
#12290 = SURFACE_CURVE('',#12291,(#12295,#12307),.PCURVE_S1.);
#12291 = LINE('',#12292,#12293);
#12292 = CARTESIAN_POINT('',(23.4,60.013962,1.2));
#12293 = VECTOR('',#12294,1.);
#12294 = DIRECTION('',(0.,0.,1.));
#12295 = PCURVE('',#12296,#12301);
#12296 = PLANE('',#12297);
#12297 = AXIS2_PLACEMENT_3D('',#12298,#12299,#12300);
#12298 = CARTESIAN_POINT('',(23.4,60.013962,1.2));
#12299 = DIRECTION('',(1.,0.,0.));
#12300 = DIRECTION('',(0.,0.,1.));
#12301 = DEFINITIONAL_REPRESENTATION('',(#12302),#12306);
#12302 = LINE('',#12303,#12304);
#12303 = CARTESIAN_POINT('',(0.,0.));
#12304 = VECTOR('',#12305,1.);
#12305 = DIRECTION('',(1.,0.));
#12306 = ( GEOMETRIC_REPRESENTATION_CONTEXT(2) 
PARAMETRIC_REPRESENTATION_CONTEXT() REPRESENTATION_CONTEXT('2D SPACE',''
  ) );
#12307 = PCURVE('',#12188,#12308);
#12308 = DEFINITIONAL_REPRESENTATION('',(#12309),#12313);
#12309 = LINE('',#12310,#12311);
#12310 = CARTESIAN_POINT('',(0.,20.));
#12311 = VECTOR('',#12312,1.);
#12312 = DIRECTION('',(1.,0.));
#12313 = ( GEOMETRIC_REPRESENTATION_CONTEXT(2) 
PARAMETRIC_REPRESENTATION_CONTEXT() REPRESENTATION_CONTEXT('2D SPACE',''
  ) );
#12314 = ORIENTED_EDGE('',*,*,#12315,.T.);
#12315 = EDGE_CURVE('',#12286,#12316,#12318,.T.);
#12316 = VERTEX_POINT('',#12317);
#12317 = CARTESIAN_POINT('',(23.4,66.013962,1.2));
#12318 = SURFACE_CURVE('',#12319,(#12323,#12330),.PCURVE_S1.);
#12319 = LINE('',#12320,#12321);
#12320 = CARTESIAN_POINT('',(23.4,60.013962,1.2));
#12321 = VECTOR('',#12322,1.);
#12322 = DIRECTION('',(0.,1.,0.));
#12323 = PCURVE('',#12296,#12324);
#12324 = DEFINITIONAL_REPRESENTATION('',(#12325),#12329);
#12325 = LINE('',#12326,#12327);
#12326 = CARTESIAN_POINT('',(0.,0.));
#12327 = VECTOR('',#12328,1.);
#12328 = DIRECTION('',(0.,-1.));
#12329 = ( GEOMETRIC_REPRESENTATION_CONTEXT(2) 
PARAMETRIC_REPRESENTATION_CONTEXT() REPRESENTATION_CONTEXT('2D SPACE',''
  ) );
#12330 = PCURVE('',#12216,#12331);
#12331 = DEFINITIONAL_REPRESENTATION('',(#12332),#12336);
#12332 = LINE('',#12333,#12334);
#12333 = CARTESIAN_POINT('',(20.,0.));
#12334 = VECTOR('',#12335,1.);
#12335 = DIRECTION('',(0.,1.));
#12336 = ( GEOMETRIC_REPRESENTATION_CONTEXT(2) 
PARAMETRIC_REPRESENTATION_CONTEXT() REPRESENTATION_CONTEXT('2D SPACE',''
  ) );
#12337 = ORIENTED_EDGE('',*,*,#12338,.T.);
#12338 = EDGE_CURVE('',#12316,#12339,#12341,.T.);
#12339 = VERTEX_POINT('',#12340);
#12340 = CARTESIAN_POINT('',(23.4,66.013962,6.2));
#12341 = SURFACE_CURVE('',#12342,(#12346,#12353),.PCURVE_S1.);
#12342 = LINE('',#12343,#12344);
#12343 = CARTESIAN_POINT('',(23.4,66.013962,1.2));
#12344 = VECTOR('',#12345,1.);
#12345 = DIRECTION('',(0.,0.,1.));
#12346 = PCURVE('',#12296,#12347);
#12347 = DEFINITIONAL_REPRESENTATION('',(#12348),#12352);
#12348 = LINE('',#12349,#12350);
#12349 = CARTESIAN_POINT('',(0.,-6.));
#12350 = VECTOR('',#12351,1.);
#12351 = DIRECTION('',(1.,0.));
#12352 = ( GEOMETRIC_REPRESENTATION_CONTEXT(2) 
PARAMETRIC_REPRESENTATION_CONTEXT() REPRESENTATION_CONTEXT('2D SPACE',''
  ) );
#12353 = PCURVE('',#12244,#12354);
#12354 = DEFINITIONAL_REPRESENTATION('',(#12355),#12359);
#12355 = LINE('',#12356,#12357);
#12356 = CARTESIAN_POINT('',(0.,20.));
#12357 = VECTOR('',#12358,1.);
#12358 = DIRECTION('',(1.,0.));
#12359 = ( GEOMETRIC_REPRESENTATION_CONTEXT(2) 
PARAMETRIC_REPRESENTATION_CONTEXT() REPRESENTATION_CONTEXT('2D SPACE',''
  ) );
#12360 = ORIENTED_EDGE('',*,*,#12361,.F.);
#12361 = EDGE_CURVE('',#12288,#12339,#12362,.T.);
#12362 = SURFACE_CURVE('',#12363,(#12367,#12374),.PCURVE_S1.);
#12363 = LINE('',#12364,#12365);
#12364 = CARTESIAN_POINT('',(23.4,60.013962,6.2));
#12365 = VECTOR('',#12366,1.);
#12366 = DIRECTION('',(0.,1.,0.));
#12367 = PCURVE('',#12296,#12368);
#12368 = DEFINITIONAL_REPRESENTATION('',(#12369),#12373);
#12369 = LINE('',#12370,#12371);
#12370 = CARTESIAN_POINT('',(5.,0.));
#12371 = VECTOR('',#12372,1.);
#12372 = DIRECTION('',(0.,-1.));
#12373 = ( GEOMETRIC_REPRESENTATION_CONTEXT(2) 
PARAMETRIC_REPRESENTATION_CONTEXT() REPRESENTATION_CONTEXT('2D SPACE',''
  ) );
#12374 = PCURVE('',#12270,#12375);
#12375 = DEFINITIONAL_REPRESENTATION('',(#12376),#12380);
#12376 = LINE('',#12377,#12378);
#12377 = CARTESIAN_POINT('',(20.,0.));
#12378 = VECTOR('',#12379,1.);
#12379 = DIRECTION('',(0.,1.));
#12380 = ( GEOMETRIC_REPRESENTATION_CONTEXT(2) 
PARAMETRIC_REPRESENTATION_CONTEXT() REPRESENTATION_CONTEXT('2D SPACE',''
  ) );
#12381 = ADVANCED_FACE('',(#12382),#12188,.F.);
#12382 = FACE_BOUND('',#12383,.F.);
#12383 = EDGE_LOOP('',(#12384,#12405,#12406,#12427));
#12384 = ORIENTED_EDGE('',*,*,#12385,.F.);
#12385 = EDGE_CURVE('',#12166,#12286,#12386,.T.);
#12386 = SURFACE_CURVE('',#12387,(#12391,#12398),.PCURVE_S1.);
#12387 = LINE('',#12388,#12389);
#12388 = CARTESIAN_POINT('',(3.4,60.013962,1.2));
#12389 = VECTOR('',#12390,1.);
#12390 = DIRECTION('',(1.,0.,0.));
#12391 = PCURVE('',#12188,#12392);
#12392 = DEFINITIONAL_REPRESENTATION('',(#12393),#12397);
#12393 = LINE('',#12394,#12395);
#12394 = CARTESIAN_POINT('',(0.,0.));
#12395 = VECTOR('',#12396,1.);
#12396 = DIRECTION('',(0.,1.));
#12397 = ( GEOMETRIC_REPRESENTATION_CONTEXT(2) 
PARAMETRIC_REPRESENTATION_CONTEXT() REPRESENTATION_CONTEXT('2D SPACE',''
  ) );
#12398 = PCURVE('',#12216,#12399);
#12399 = DEFINITIONAL_REPRESENTATION('',(#12400),#12404);
#12400 = LINE('',#12401,#12402);
#12401 = CARTESIAN_POINT('',(0.,0.));
#12402 = VECTOR('',#12403,1.);
#12403 = DIRECTION('',(1.,0.));
#12404 = ( GEOMETRIC_REPRESENTATION_CONTEXT(2) 
PARAMETRIC_REPRESENTATION_CONTEXT() REPRESENTATION_CONTEXT('2D SPACE',''
  ) );
#12405 = ORIENTED_EDGE('',*,*,#12165,.T.);
#12406 = ORIENTED_EDGE('',*,*,#12407,.T.);
#12407 = EDGE_CURVE('',#12168,#12288,#12408,.T.);
#12408 = SURFACE_CURVE('',#12409,(#12413,#12420),.PCURVE_S1.);
#12409 = LINE('',#12410,#12411);
#12410 = CARTESIAN_POINT('',(3.4,60.013962,6.2));
#12411 = VECTOR('',#12412,1.);
#12412 = DIRECTION('',(1.,0.,0.));
#12413 = PCURVE('',#12188,#12414);
#12414 = DEFINITIONAL_REPRESENTATION('',(#12415),#12419);
#12415 = LINE('',#12416,#12417);
#12416 = CARTESIAN_POINT('',(5.,0.));
#12417 = VECTOR('',#12418,1.);
#12418 = DIRECTION('',(0.,1.));
#12419 = ( GEOMETRIC_REPRESENTATION_CONTEXT(2) 
PARAMETRIC_REPRESENTATION_CONTEXT() REPRESENTATION_CONTEXT('2D SPACE',''
  ) );
#12420 = PCURVE('',#12270,#12421);
#12421 = DEFINITIONAL_REPRESENTATION('',(#12422),#12426);
#12422 = LINE('',#12423,#12424);
#12423 = CARTESIAN_POINT('',(0.,0.));
#12424 = VECTOR('',#12425,1.);
#12425 = DIRECTION('',(1.,0.));
#12426 = ( GEOMETRIC_REPRESENTATION_CONTEXT(2) 
PARAMETRIC_REPRESENTATION_CONTEXT() REPRESENTATION_CONTEXT('2D SPACE',''
  ) );
#12427 = ORIENTED_EDGE('',*,*,#12285,.F.);
#12428 = ADVANCED_FACE('',(#12429),#12244,.T.);
#12429 = FACE_BOUND('',#12430,.T.);
#12430 = EDGE_LOOP('',(#12431,#12452,#12453,#12474));
#12431 = ORIENTED_EDGE('',*,*,#12432,.F.);
#12432 = EDGE_CURVE('',#12201,#12316,#12433,.T.);
#12433 = SURFACE_CURVE('',#12434,(#12438,#12445),.PCURVE_S1.);
#12434 = LINE('',#12435,#12436);
#12435 = CARTESIAN_POINT('',(3.4,66.013962,1.2));
#12436 = VECTOR('',#12437,1.);
#12437 = DIRECTION('',(1.,0.,0.));
#12438 = PCURVE('',#12244,#12439);
#12439 = DEFINITIONAL_REPRESENTATION('',(#12440),#12444);
#12440 = LINE('',#12441,#12442);
#12441 = CARTESIAN_POINT('',(0.,0.));
#12442 = VECTOR('',#12443,1.);
#12443 = DIRECTION('',(0.,1.));
#12444 = ( GEOMETRIC_REPRESENTATION_CONTEXT(2) 
PARAMETRIC_REPRESENTATION_CONTEXT() REPRESENTATION_CONTEXT('2D SPACE',''
  ) );
#12445 = PCURVE('',#12216,#12446);
#12446 = DEFINITIONAL_REPRESENTATION('',(#12447),#12451);
#12447 = LINE('',#12448,#12449);
#12448 = CARTESIAN_POINT('',(0.,6.));
#12449 = VECTOR('',#12450,1.);
#12450 = DIRECTION('',(1.,0.));
#12451 = ( GEOMETRIC_REPRESENTATION_CONTEXT(2) 
PARAMETRIC_REPRESENTATION_CONTEXT() REPRESENTATION_CONTEXT('2D SPACE',''
  ) );
#12452 = ORIENTED_EDGE('',*,*,#12228,.T.);
#12453 = ORIENTED_EDGE('',*,*,#12454,.T.);
#12454 = EDGE_CURVE('',#12229,#12339,#12455,.T.);
#12455 = SURFACE_CURVE('',#12456,(#12460,#12467),.PCURVE_S1.);
#12456 = LINE('',#12457,#12458);
#12457 = CARTESIAN_POINT('',(3.4,66.013962,6.2));
#12458 = VECTOR('',#12459,1.);
#12459 = DIRECTION('',(1.,0.,0.));
#12460 = PCURVE('',#12244,#12461);
#12461 = DEFINITIONAL_REPRESENTATION('',(#12462),#12466);
#12462 = LINE('',#12463,#12464);
#12463 = CARTESIAN_POINT('',(5.,0.));
#12464 = VECTOR('',#12465,1.);
#12465 = DIRECTION('',(0.,1.));
#12466 = ( GEOMETRIC_REPRESENTATION_CONTEXT(2) 
PARAMETRIC_REPRESENTATION_CONTEXT() REPRESENTATION_CONTEXT('2D SPACE',''
  ) );
#12467 = PCURVE('',#12270,#12468);
#12468 = DEFINITIONAL_REPRESENTATION('',(#12469),#12473);
#12469 = LINE('',#12470,#12471);
#12470 = CARTESIAN_POINT('',(0.,6.));
#12471 = VECTOR('',#12472,1.);
#12472 = DIRECTION('',(1.,0.));
#12473 = ( GEOMETRIC_REPRESENTATION_CONTEXT(2) 
PARAMETRIC_REPRESENTATION_CONTEXT() REPRESENTATION_CONTEXT('2D SPACE',''
  ) );
#12474 = ORIENTED_EDGE('',*,*,#12338,.F.);
#12475 = ADVANCED_FACE('',(#12476),#12216,.F.);
#12476 = FACE_BOUND('',#12477,.F.);
#12477 = EDGE_LOOP('',(#12478,#12479,#12480,#12481));
#12478 = ORIENTED_EDGE('',*,*,#12200,.F.);
#12479 = ORIENTED_EDGE('',*,*,#12385,.T.);
#12480 = ORIENTED_EDGE('',*,*,#12315,.T.);
#12481 = ORIENTED_EDGE('',*,*,#12432,.F.);
#12482 = ADVANCED_FACE('',(#12483),#12270,.T.);
#12483 = FACE_BOUND('',#12484,.T.);
#12484 = EDGE_LOOP('',(#12485,#12486,#12487,#12488));
#12485 = ORIENTED_EDGE('',*,*,#12256,.F.);
#12486 = ORIENTED_EDGE('',*,*,#12407,.T.);
#12487 = ORIENTED_EDGE('',*,*,#12361,.T.);
#12488 = ORIENTED_EDGE('',*,*,#12454,.F.);
#12489 = ( GEOMETRIC_REPRESENTATION_CONTEXT(3) 
GLOBAL_UNCERTAINTY_ASSIGNED_CONTEXT((#12493)) 
GLOBAL_UNIT_ASSIGNED_CONTEXT((#12490,#12491,#12492)) 
REPRESENTATION_CONTEXT('Context #1',
  '3D Context with UNIT and UNCERTAINTY') );
#12490 = ( LENGTH_UNIT() NAMED_UNIT(*) SI_UNIT(.MILLI.,.METRE.) );
#12491 = ( NAMED_UNIT(*) PLANE_ANGLE_UNIT() SI_UNIT($,.RADIAN.) );
#12492 = ( NAMED_UNIT(*) SI_UNIT($,.STERADIAN.) SOLID_ANGLE_UNIT() );
#12493 = UNCERTAINTY_MEASURE_WITH_UNIT(LENGTH_MEASURE(1.E-07),#12490,
  'distance_accuracy_value','confusion accuracy');
#12494 = CONTEXT_DEPENDENT_SHAPE_REPRESENTATION(#12495,#12497);
#12495 = ( REPRESENTATION_RELATIONSHIP('','',#12158,#10) 
REPRESENTATION_RELATIONSHIP_WITH_TRANSFORMATION(#12496) 
SHAPE_REPRESENTATION_RELATIONSHIP() );
#12496 = ITEM_DEFINED_TRANSFORMATION('','',#11,#67);
#12497 = PRODUCT_DEFINITION_SHAPE('Placement','Placement of an item',
  #12498);
#12498 = NEXT_ASSEMBLY_USAGE_OCCURRENCE('14','','',#5,#12153,$);
#12499 = PRODUCT_RELATED_PRODUCT_CATEGORY('part',$,(#12155));
#12500 = SHAPE_DEFINITION_REPRESENTATION(#12501,#12507);
#12501 = PRODUCT_DEFINITION_SHAPE('','',#12502);
#12502 = PRODUCT_DEFINITION('design','',#12503,#12506);
#12503 = PRODUCT_DEFINITION_FORMATION('','',#12504);
#12504 = PRODUCT('Open CASCADE STEP translator 8.0 2.15',
  'Open CASCADE STEP translator 8.0 2.15','',(#12505));
#12505 = PRODUCT_CONTEXT('',#2,'mechanical');
#12506 = PRODUCT_DEFINITION_CONTEXT('part definition',#2,'design');
#12507 = ADVANCED_BREP_SHAPE_REPRESENTATION('',(#11,#12508),#12838);
#12508 = MANIFOLD_SOLID_BREP('',#12509);
#12509 = CLOSED_SHELL('',(#12510,#12630,#12730,#12777,#12824,#12831));
#12510 = ADVANCED_FACE('',(#12511),#12525,.F.);
#12511 = FACE_BOUND('',#12512,.F.);
#12512 = EDGE_LOOP('',(#12513,#12548,#12576,#12604));
#12513 = ORIENTED_EDGE('',*,*,#12514,.F.);
#12514 = EDGE_CURVE('',#12515,#12517,#12519,.T.);
#12515 = VERTEX_POINT('',#12516);
#12516 = CARTESIAN_POINT('',(3.9,60.513962,6.2));
#12517 = VERTEX_POINT('',#12518);
#12518 = CARTESIAN_POINT('',(3.9,60.513962,19.2));
#12519 = SURFACE_CURVE('',#12520,(#12524,#12536),.PCURVE_S1.);
#12520 = LINE('',#12521,#12522);
#12521 = CARTESIAN_POINT('',(3.9,60.513962,6.2));
#12522 = VECTOR('',#12523,1.);
#12523 = DIRECTION('',(0.,0.,1.));
#12524 = PCURVE('',#12525,#12530);
#12525 = PLANE('',#12526);
#12526 = AXIS2_PLACEMENT_3D('',#12527,#12528,#12529);
#12527 = CARTESIAN_POINT('',(3.9,60.513962,6.2));
#12528 = DIRECTION('',(1.,0.,-0.));
#12529 = DIRECTION('',(0.,0.,1.));
#12530 = DEFINITIONAL_REPRESENTATION('',(#12531),#12535);
#12531 = LINE('',#12532,#12533);
#12532 = CARTESIAN_POINT('',(0.,0.));
#12533 = VECTOR('',#12534,1.);
#12534 = DIRECTION('',(1.,0.));
#12535 = ( GEOMETRIC_REPRESENTATION_CONTEXT(2) 
PARAMETRIC_REPRESENTATION_CONTEXT() REPRESENTATION_CONTEXT('2D SPACE',''
  ) );
#12536 = PCURVE('',#12537,#12542);
#12537 = PLANE('',#12538);
#12538 = AXIS2_PLACEMENT_3D('',#12539,#12540,#12541);
#12539 = CARTESIAN_POINT('',(3.9,60.513962,6.2));
#12540 = DIRECTION('',(-0.,1.,0.));
#12541 = DIRECTION('',(0.,0.,1.));
#12542 = DEFINITIONAL_REPRESENTATION('',(#12543),#12547);
#12543 = LINE('',#12544,#12545);
#12544 = CARTESIAN_POINT('',(0.,0.));
#12545 = VECTOR('',#12546,1.);
#12546 = DIRECTION('',(1.,0.));
#12547 = ( GEOMETRIC_REPRESENTATION_CONTEXT(2) 
PARAMETRIC_REPRESENTATION_CONTEXT() REPRESENTATION_CONTEXT('2D SPACE',''
  ) );
#12548 = ORIENTED_EDGE('',*,*,#12549,.T.);
#12549 = EDGE_CURVE('',#12515,#12550,#12552,.T.);
#12550 = VERTEX_POINT('',#12551);
#12551 = CARTESIAN_POINT('',(3.9,65.513962,6.2));
#12552 = SURFACE_CURVE('',#12553,(#12557,#12564),.PCURVE_S1.);
#12553 = LINE('',#12554,#12555);
#12554 = CARTESIAN_POINT('',(3.9,60.513962,6.2));
#12555 = VECTOR('',#12556,1.);
#12556 = DIRECTION('',(-0.,1.,0.));
#12557 = PCURVE('',#12525,#12558);
#12558 = DEFINITIONAL_REPRESENTATION('',(#12559),#12563);
#12559 = LINE('',#12560,#12561);
#12560 = CARTESIAN_POINT('',(0.,0.));
#12561 = VECTOR('',#12562,1.);
#12562 = DIRECTION('',(0.,-1.));
#12563 = ( GEOMETRIC_REPRESENTATION_CONTEXT(2) 
PARAMETRIC_REPRESENTATION_CONTEXT() REPRESENTATION_CONTEXT('2D SPACE',''
  ) );
#12564 = PCURVE('',#12565,#12570);
#12565 = PLANE('',#12566);
#12566 = AXIS2_PLACEMENT_3D('',#12567,#12568,#12569);
#12567 = CARTESIAN_POINT('',(3.9,60.513962,6.2));
#12568 = DIRECTION('',(0.,0.,1.));
#12569 = DIRECTION('',(1.,0.,-0.));
#12570 = DEFINITIONAL_REPRESENTATION('',(#12571),#12575);
#12571 = LINE('',#12572,#12573);
#12572 = CARTESIAN_POINT('',(0.,0.));
#12573 = VECTOR('',#12574,1.);
#12574 = DIRECTION('',(0.,1.));
#12575 = ( GEOMETRIC_REPRESENTATION_CONTEXT(2) 
PARAMETRIC_REPRESENTATION_CONTEXT() REPRESENTATION_CONTEXT('2D SPACE',''
  ) );
#12576 = ORIENTED_EDGE('',*,*,#12577,.T.);
#12577 = EDGE_CURVE('',#12550,#12578,#12580,.T.);
#12578 = VERTEX_POINT('',#12579);
#12579 = CARTESIAN_POINT('',(3.9,65.513962,19.2));
#12580 = SURFACE_CURVE('',#12581,(#12585,#12592),.PCURVE_S1.);
#12581 = LINE('',#12582,#12583);
#12582 = CARTESIAN_POINT('',(3.9,65.513962,6.2));
#12583 = VECTOR('',#12584,1.);
#12584 = DIRECTION('',(0.,0.,1.));
#12585 = PCURVE('',#12525,#12586);
#12586 = DEFINITIONAL_REPRESENTATION('',(#12587),#12591);
#12587 = LINE('',#12588,#12589);
#12588 = CARTESIAN_POINT('',(0.,-5.));
#12589 = VECTOR('',#12590,1.);
#12590 = DIRECTION('',(1.,0.));
#12591 = ( GEOMETRIC_REPRESENTATION_CONTEXT(2) 
PARAMETRIC_REPRESENTATION_CONTEXT() REPRESENTATION_CONTEXT('2D SPACE',''
  ) );
#12592 = PCURVE('',#12593,#12598);
#12593 = PLANE('',#12594);
#12594 = AXIS2_PLACEMENT_3D('',#12595,#12596,#12597);
#12595 = CARTESIAN_POINT('',(3.9,65.513962,6.2));
#12596 = DIRECTION('',(-0.,1.,0.));
#12597 = DIRECTION('',(0.,0.,1.));
#12598 = DEFINITIONAL_REPRESENTATION('',(#12599),#12603);
#12599 = LINE('',#12600,#12601);
#12600 = CARTESIAN_POINT('',(0.,0.));
#12601 = VECTOR('',#12602,1.);
#12602 = DIRECTION('',(1.,0.));
#12603 = ( GEOMETRIC_REPRESENTATION_CONTEXT(2) 
PARAMETRIC_REPRESENTATION_CONTEXT() REPRESENTATION_CONTEXT('2D SPACE',''
  ) );
#12604 = ORIENTED_EDGE('',*,*,#12605,.F.);
#12605 = EDGE_CURVE('',#12517,#12578,#12606,.T.);
#12606 = SURFACE_CURVE('',#12607,(#12611,#12618),.PCURVE_S1.);
#12607 = LINE('',#12608,#12609);
#12608 = CARTESIAN_POINT('',(3.9,60.513962,19.2));
#12609 = VECTOR('',#12610,1.);
#12610 = DIRECTION('',(-0.,1.,0.));
#12611 = PCURVE('',#12525,#12612);
#12612 = DEFINITIONAL_REPRESENTATION('',(#12613),#12617);
#12613 = LINE('',#12614,#12615);
#12614 = CARTESIAN_POINT('',(13.,0.));
#12615 = VECTOR('',#12616,1.);
#12616 = DIRECTION('',(0.,-1.));
#12617 = ( GEOMETRIC_REPRESENTATION_CONTEXT(2) 
PARAMETRIC_REPRESENTATION_CONTEXT() REPRESENTATION_CONTEXT('2D SPACE',''
  ) );
#12618 = PCURVE('',#12619,#12624);
#12619 = PLANE('',#12620);
#12620 = AXIS2_PLACEMENT_3D('',#12621,#12622,#12623);
#12621 = CARTESIAN_POINT('',(3.9,60.513962,19.2));
#12622 = DIRECTION('',(0.,0.,1.));
#12623 = DIRECTION('',(1.,0.,-0.));
#12624 = DEFINITIONAL_REPRESENTATION('',(#12625),#12629);
#12625 = LINE('',#12626,#12627);
#12626 = CARTESIAN_POINT('',(0.,0.));
#12627 = VECTOR('',#12628,1.);
#12628 = DIRECTION('',(0.,1.));
#12629 = ( GEOMETRIC_REPRESENTATION_CONTEXT(2) 
PARAMETRIC_REPRESENTATION_CONTEXT() REPRESENTATION_CONTEXT('2D SPACE',''
  ) );
#12630 = ADVANCED_FACE('',(#12631),#12645,.T.);
#12631 = FACE_BOUND('',#12632,.T.);
#12632 = EDGE_LOOP('',(#12633,#12663,#12686,#12709));
#12633 = ORIENTED_EDGE('',*,*,#12634,.F.);
#12634 = EDGE_CURVE('',#12635,#12637,#12639,.T.);
#12635 = VERTEX_POINT('',#12636);
#12636 = CARTESIAN_POINT('',(22.9,60.513962,6.2));
#12637 = VERTEX_POINT('',#12638);
#12638 = CARTESIAN_POINT('',(22.9,60.513962,19.2));
#12639 = SURFACE_CURVE('',#12640,(#12644,#12656),.PCURVE_S1.);
#12640 = LINE('',#12641,#12642);
#12641 = CARTESIAN_POINT('',(22.9,60.513962,6.2));
#12642 = VECTOR('',#12643,1.);
#12643 = DIRECTION('',(0.,0.,1.));
#12644 = PCURVE('',#12645,#12650);
#12645 = PLANE('',#12646);
#12646 = AXIS2_PLACEMENT_3D('',#12647,#12648,#12649);
#12647 = CARTESIAN_POINT('',(22.9,60.513962,6.2));
#12648 = DIRECTION('',(1.,0.,-0.));
#12649 = DIRECTION('',(0.,0.,1.));
#12650 = DEFINITIONAL_REPRESENTATION('',(#12651),#12655);
#12651 = LINE('',#12652,#12653);
#12652 = CARTESIAN_POINT('',(0.,0.));
#12653 = VECTOR('',#12654,1.);
#12654 = DIRECTION('',(1.,0.));
#12655 = ( GEOMETRIC_REPRESENTATION_CONTEXT(2) 
PARAMETRIC_REPRESENTATION_CONTEXT() REPRESENTATION_CONTEXT('2D SPACE',''
  ) );
#12656 = PCURVE('',#12537,#12657);
#12657 = DEFINITIONAL_REPRESENTATION('',(#12658),#12662);
#12658 = LINE('',#12659,#12660);
#12659 = CARTESIAN_POINT('',(0.,19.));
#12660 = VECTOR('',#12661,1.);
#12661 = DIRECTION('',(1.,0.));
#12662 = ( GEOMETRIC_REPRESENTATION_CONTEXT(2) 
PARAMETRIC_REPRESENTATION_CONTEXT() REPRESENTATION_CONTEXT('2D SPACE',''
  ) );
#12663 = ORIENTED_EDGE('',*,*,#12664,.T.);
#12664 = EDGE_CURVE('',#12635,#12665,#12667,.T.);
#12665 = VERTEX_POINT('',#12666);
#12666 = CARTESIAN_POINT('',(22.9,65.513962,6.2));
#12667 = SURFACE_CURVE('',#12668,(#12672,#12679),.PCURVE_S1.);
#12668 = LINE('',#12669,#12670);
#12669 = CARTESIAN_POINT('',(22.9,60.513962,6.2));
#12670 = VECTOR('',#12671,1.);
#12671 = DIRECTION('',(-0.,1.,0.));
#12672 = PCURVE('',#12645,#12673);
#12673 = DEFINITIONAL_REPRESENTATION('',(#12674),#12678);
#12674 = LINE('',#12675,#12676);
#12675 = CARTESIAN_POINT('',(0.,0.));
#12676 = VECTOR('',#12677,1.);
#12677 = DIRECTION('',(0.,-1.));
#12678 = ( GEOMETRIC_REPRESENTATION_CONTEXT(2) 
PARAMETRIC_REPRESENTATION_CONTEXT() REPRESENTATION_CONTEXT('2D SPACE',''
  ) );
#12679 = PCURVE('',#12565,#12680);
#12680 = DEFINITIONAL_REPRESENTATION('',(#12681),#12685);
#12681 = LINE('',#12682,#12683);
#12682 = CARTESIAN_POINT('',(19.,0.));
#12683 = VECTOR('',#12684,1.);
#12684 = DIRECTION('',(0.,1.));
#12685 = ( GEOMETRIC_REPRESENTATION_CONTEXT(2) 
PARAMETRIC_REPRESENTATION_CONTEXT() REPRESENTATION_CONTEXT('2D SPACE',''
  ) );
#12686 = ORIENTED_EDGE('',*,*,#12687,.T.);
#12687 = EDGE_CURVE('',#12665,#12688,#12690,.T.);
#12688 = VERTEX_POINT('',#12689);
#12689 = CARTESIAN_POINT('',(22.9,65.513962,19.2));
#12690 = SURFACE_CURVE('',#12691,(#12695,#12702),.PCURVE_S1.);
#12691 = LINE('',#12692,#12693);
#12692 = CARTESIAN_POINT('',(22.9,65.513962,6.2));
#12693 = VECTOR('',#12694,1.);
#12694 = DIRECTION('',(0.,0.,1.));
#12695 = PCURVE('',#12645,#12696);
#12696 = DEFINITIONAL_REPRESENTATION('',(#12697),#12701);
#12697 = LINE('',#12698,#12699);
#12698 = CARTESIAN_POINT('',(0.,-5.));
#12699 = VECTOR('',#12700,1.);
#12700 = DIRECTION('',(1.,0.));
#12701 = ( GEOMETRIC_REPRESENTATION_CONTEXT(2) 
PARAMETRIC_REPRESENTATION_CONTEXT() REPRESENTATION_CONTEXT('2D SPACE',''
  ) );
#12702 = PCURVE('',#12593,#12703);
#12703 = DEFINITIONAL_REPRESENTATION('',(#12704),#12708);
#12704 = LINE('',#12705,#12706);
#12705 = CARTESIAN_POINT('',(0.,19.));
#12706 = VECTOR('',#12707,1.);
#12707 = DIRECTION('',(1.,0.));
#12708 = ( GEOMETRIC_REPRESENTATION_CONTEXT(2) 
PARAMETRIC_REPRESENTATION_CONTEXT() REPRESENTATION_CONTEXT('2D SPACE',''
  ) );
#12709 = ORIENTED_EDGE('',*,*,#12710,.F.);
#12710 = EDGE_CURVE('',#12637,#12688,#12711,.T.);
#12711 = SURFACE_CURVE('',#12712,(#12716,#12723),.PCURVE_S1.);
#12712 = LINE('',#12713,#12714);
#12713 = CARTESIAN_POINT('',(22.9,60.513962,19.2));
#12714 = VECTOR('',#12715,1.);
#12715 = DIRECTION('',(-0.,1.,0.));
#12716 = PCURVE('',#12645,#12717);
#12717 = DEFINITIONAL_REPRESENTATION('',(#12718),#12722);
#12718 = LINE('',#12719,#12720);
#12719 = CARTESIAN_POINT('',(13.,0.));
#12720 = VECTOR('',#12721,1.);
#12721 = DIRECTION('',(0.,-1.));
#12722 = ( GEOMETRIC_REPRESENTATION_CONTEXT(2) 
PARAMETRIC_REPRESENTATION_CONTEXT() REPRESENTATION_CONTEXT('2D SPACE',''
  ) );
#12723 = PCURVE('',#12619,#12724);
#12724 = DEFINITIONAL_REPRESENTATION('',(#12725),#12729);
#12725 = LINE('',#12726,#12727);
#12726 = CARTESIAN_POINT('',(19.,0.));
#12727 = VECTOR('',#12728,1.);
#12728 = DIRECTION('',(0.,1.));
#12729 = ( GEOMETRIC_REPRESENTATION_CONTEXT(2) 
PARAMETRIC_REPRESENTATION_CONTEXT() REPRESENTATION_CONTEXT('2D SPACE',''
  ) );
#12730 = ADVANCED_FACE('',(#12731),#12537,.F.);
#12731 = FACE_BOUND('',#12732,.F.);
#12732 = EDGE_LOOP('',(#12733,#12754,#12755,#12776));
#12733 = ORIENTED_EDGE('',*,*,#12734,.F.);
#12734 = EDGE_CURVE('',#12515,#12635,#12735,.T.);
#12735 = SURFACE_CURVE('',#12736,(#12740,#12747),.PCURVE_S1.);
#12736 = LINE('',#12737,#12738);
#12737 = CARTESIAN_POINT('',(3.9,60.513962,6.2));
#12738 = VECTOR('',#12739,1.);
#12739 = DIRECTION('',(1.,0.,-0.));
#12740 = PCURVE('',#12537,#12741);
#12741 = DEFINITIONAL_REPRESENTATION('',(#12742),#12746);
#12742 = LINE('',#12743,#12744);
#12743 = CARTESIAN_POINT('',(0.,0.));
#12744 = VECTOR('',#12745,1.);
#12745 = DIRECTION('',(0.,1.));
#12746 = ( GEOMETRIC_REPRESENTATION_CONTEXT(2) 
PARAMETRIC_REPRESENTATION_CONTEXT() REPRESENTATION_CONTEXT('2D SPACE',''
  ) );
#12747 = PCURVE('',#12565,#12748);
#12748 = DEFINITIONAL_REPRESENTATION('',(#12749),#12753);
#12749 = LINE('',#12750,#12751);
#12750 = CARTESIAN_POINT('',(0.,0.));
#12751 = VECTOR('',#12752,1.);
#12752 = DIRECTION('',(1.,0.));
#12753 = ( GEOMETRIC_REPRESENTATION_CONTEXT(2) 
PARAMETRIC_REPRESENTATION_CONTEXT() REPRESENTATION_CONTEXT('2D SPACE',''
  ) );
#12754 = ORIENTED_EDGE('',*,*,#12514,.T.);
#12755 = ORIENTED_EDGE('',*,*,#12756,.T.);
#12756 = EDGE_CURVE('',#12517,#12637,#12757,.T.);
#12757 = SURFACE_CURVE('',#12758,(#12762,#12769),.PCURVE_S1.);
#12758 = LINE('',#12759,#12760);
#12759 = CARTESIAN_POINT('',(3.9,60.513962,19.2));
#12760 = VECTOR('',#12761,1.);
#12761 = DIRECTION('',(1.,0.,-0.));
#12762 = PCURVE('',#12537,#12763);
#12763 = DEFINITIONAL_REPRESENTATION('',(#12764),#12768);
#12764 = LINE('',#12765,#12766);
#12765 = CARTESIAN_POINT('',(13.,0.));
#12766 = VECTOR('',#12767,1.);
#12767 = DIRECTION('',(0.,1.));
#12768 = ( GEOMETRIC_REPRESENTATION_CONTEXT(2) 
PARAMETRIC_REPRESENTATION_CONTEXT() REPRESENTATION_CONTEXT('2D SPACE',''
  ) );
#12769 = PCURVE('',#12619,#12770);
#12770 = DEFINITIONAL_REPRESENTATION('',(#12771),#12775);
#12771 = LINE('',#12772,#12773);
#12772 = CARTESIAN_POINT('',(0.,0.));
#12773 = VECTOR('',#12774,1.);
#12774 = DIRECTION('',(1.,0.));
#12775 = ( GEOMETRIC_REPRESENTATION_CONTEXT(2) 
PARAMETRIC_REPRESENTATION_CONTEXT() REPRESENTATION_CONTEXT('2D SPACE',''
  ) );
#12776 = ORIENTED_EDGE('',*,*,#12634,.F.);
#12777 = ADVANCED_FACE('',(#12778),#12593,.T.);
#12778 = FACE_BOUND('',#12779,.T.);
#12779 = EDGE_LOOP('',(#12780,#12801,#12802,#12823));
#12780 = ORIENTED_EDGE('',*,*,#12781,.F.);
#12781 = EDGE_CURVE('',#12550,#12665,#12782,.T.);
#12782 = SURFACE_CURVE('',#12783,(#12787,#12794),.PCURVE_S1.);
#12783 = LINE('',#12784,#12785);
#12784 = CARTESIAN_POINT('',(3.9,65.513962,6.2));
#12785 = VECTOR('',#12786,1.);
#12786 = DIRECTION('',(1.,0.,-0.));
#12787 = PCURVE('',#12593,#12788);
#12788 = DEFINITIONAL_REPRESENTATION('',(#12789),#12793);
#12789 = LINE('',#12790,#12791);
#12790 = CARTESIAN_POINT('',(0.,0.));
#12791 = VECTOR('',#12792,1.);
#12792 = DIRECTION('',(0.,1.));
#12793 = ( GEOMETRIC_REPRESENTATION_CONTEXT(2) 
PARAMETRIC_REPRESENTATION_CONTEXT() REPRESENTATION_CONTEXT('2D SPACE',''
  ) );
#12794 = PCURVE('',#12565,#12795);
#12795 = DEFINITIONAL_REPRESENTATION('',(#12796),#12800);
#12796 = LINE('',#12797,#12798);
#12797 = CARTESIAN_POINT('',(0.,5.));
#12798 = VECTOR('',#12799,1.);
#12799 = DIRECTION('',(1.,0.));
#12800 = ( GEOMETRIC_REPRESENTATION_CONTEXT(2) 
PARAMETRIC_REPRESENTATION_CONTEXT() REPRESENTATION_CONTEXT('2D SPACE',''
  ) );
#12801 = ORIENTED_EDGE('',*,*,#12577,.T.);
#12802 = ORIENTED_EDGE('',*,*,#12803,.T.);
#12803 = EDGE_CURVE('',#12578,#12688,#12804,.T.);
#12804 = SURFACE_CURVE('',#12805,(#12809,#12816),.PCURVE_S1.);
#12805 = LINE('',#12806,#12807);
#12806 = CARTESIAN_POINT('',(3.9,65.513962,19.2));
#12807 = VECTOR('',#12808,1.);
#12808 = DIRECTION('',(1.,0.,-0.));
#12809 = PCURVE('',#12593,#12810);
#12810 = DEFINITIONAL_REPRESENTATION('',(#12811),#12815);
#12811 = LINE('',#12812,#12813);
#12812 = CARTESIAN_POINT('',(13.,0.));
#12813 = VECTOR('',#12814,1.);
#12814 = DIRECTION('',(0.,1.));
#12815 = ( GEOMETRIC_REPRESENTATION_CONTEXT(2) 
PARAMETRIC_REPRESENTATION_CONTEXT() REPRESENTATION_CONTEXT('2D SPACE',''
  ) );
#12816 = PCURVE('',#12619,#12817);
#12817 = DEFINITIONAL_REPRESENTATION('',(#12818),#12822);
#12818 = LINE('',#12819,#12820);
#12819 = CARTESIAN_POINT('',(0.,5.));
#12820 = VECTOR('',#12821,1.);
#12821 = DIRECTION('',(1.,0.));
#12822 = ( GEOMETRIC_REPRESENTATION_CONTEXT(2) 
PARAMETRIC_REPRESENTATION_CONTEXT() REPRESENTATION_CONTEXT('2D SPACE',''
  ) );
#12823 = ORIENTED_EDGE('',*,*,#12687,.F.);
#12824 = ADVANCED_FACE('',(#12825),#12565,.F.);
#12825 = FACE_BOUND('',#12826,.F.);
#12826 = EDGE_LOOP('',(#12827,#12828,#12829,#12830));
#12827 = ORIENTED_EDGE('',*,*,#12549,.F.);
#12828 = ORIENTED_EDGE('',*,*,#12734,.T.);
#12829 = ORIENTED_EDGE('',*,*,#12664,.T.);
#12830 = ORIENTED_EDGE('',*,*,#12781,.F.);
#12831 = ADVANCED_FACE('',(#12832),#12619,.T.);
#12832 = FACE_BOUND('',#12833,.T.);
#12833 = EDGE_LOOP('',(#12834,#12835,#12836,#12837));
#12834 = ORIENTED_EDGE('',*,*,#12605,.F.);
#12835 = ORIENTED_EDGE('',*,*,#12756,.T.);
#12836 = ORIENTED_EDGE('',*,*,#12710,.T.);
#12837 = ORIENTED_EDGE('',*,*,#12803,.F.);
#12838 = ( GEOMETRIC_REPRESENTATION_CONTEXT(3) 
GLOBAL_UNCERTAINTY_ASSIGNED_CONTEXT((#12842)) 
GLOBAL_UNIT_ASSIGNED_CONTEXT((#12839,#12840,#12841)) 
REPRESENTATION_CONTEXT('Context #1',
  '3D Context with UNIT and UNCERTAINTY') );
#12839 = ( LENGTH_UNIT() NAMED_UNIT(*) SI_UNIT(.MILLI.,.METRE.) );
#12840 = ( NAMED_UNIT(*) PLANE_ANGLE_UNIT() SI_UNIT($,.RADIAN.) );
#12841 = ( NAMED_UNIT(*) SI_UNIT($,.STERADIAN.) SOLID_ANGLE_UNIT() );
#12842 = UNCERTAINTY_MEASURE_WITH_UNIT(LENGTH_MEASURE(1.E-07),#12839,
  'distance_accuracy_value','confusion accuracy');
#12843 = CONTEXT_DEPENDENT_SHAPE_REPRESENTATION(#12844,#12846);
#12844 = ( REPRESENTATION_RELATIONSHIP('','',#12507,#10) 
REPRESENTATION_RELATIONSHIP_WITH_TRANSFORMATION(#12845) 
SHAPE_REPRESENTATION_RELATIONSHIP() );
#12845 = ITEM_DEFINED_TRANSFORMATION('','',#11,#71);
#12846 = PRODUCT_DEFINITION_SHAPE('Placement','Placement of an item',
  #12847);
#12847 = NEXT_ASSEMBLY_USAGE_OCCURRENCE('15','','',#5,#12502,$);
#12848 = PRODUCT_RELATED_PRODUCT_CATEGORY('part',$,(#12504));
#12849 = SHAPE_DEFINITION_REPRESENTATION(#12850,#12856);
#12850 = PRODUCT_DEFINITION_SHAPE('','',#12851);
#12851 = PRODUCT_DEFINITION('design','',#12852,#12855);
#12852 = PRODUCT_DEFINITION_FORMATION('','',#12853);
#12853 = PRODUCT('Open CASCADE STEP translator 8.0 2.16',
  'Open CASCADE STEP translator 8.0 2.16','',(#12854));
#12854 = PRODUCT_CONTEXT('',#2,'mechanical');
#12855 = PRODUCT_DEFINITION_CONTEXT('part definition',#2,'design');
#12856 = ADVANCED_BREP_SHAPE_REPRESENTATION('',(#11,#12857),#13187);
#12857 = MANIFOLD_SOLID_BREP('',#12858);
#12858 = CLOSED_SHELL('',(#12859,#12979,#13079,#13126,#13173,#13180));
#12859 = ADVANCED_FACE('',(#12860),#12874,.F.);
#12860 = FACE_BOUND('',#12861,.F.);
#12861 = EDGE_LOOP('',(#12862,#12897,#12925,#12953));
#12862 = ORIENTED_EDGE('',*,*,#12863,.F.);
#12863 = EDGE_CURVE('',#12864,#12866,#12868,.T.);
#12864 = VERTEX_POINT('',#12865);
#12865 = CARTESIAN_POINT('',(42.05,28.463962,1.2));
#12866 = VERTEX_POINT('',#12867);
#12867 = CARTESIAN_POINT('',(42.05,28.463962,11.2));
#12868 = SURFACE_CURVE('',#12869,(#12873,#12885),.PCURVE_S1.);
#12869 = LINE('',#12870,#12871);
#12870 = CARTESIAN_POINT('',(42.05,28.463962,1.2));
#12871 = VECTOR('',#12872,1.);
#12872 = DIRECTION('',(0.,0.,1.));
#12873 = PCURVE('',#12874,#12879);
#12874 = PLANE('',#12875);
#12875 = AXIS2_PLACEMENT_3D('',#12876,#12877,#12878);
#12876 = CARTESIAN_POINT('',(42.05,28.463962,1.2));
#12877 = DIRECTION('',(1.,0.,0.));
#12878 = DIRECTION('',(0.,0.,1.));
#12879 = DEFINITIONAL_REPRESENTATION('',(#12880),#12884);
#12880 = LINE('',#12881,#12882);
#12881 = CARTESIAN_POINT('',(0.,0.));
#12882 = VECTOR('',#12883,1.);
#12883 = DIRECTION('',(1.,0.));
#12884 = ( GEOMETRIC_REPRESENTATION_CONTEXT(2) 
PARAMETRIC_REPRESENTATION_CONTEXT() REPRESENTATION_CONTEXT('2D SPACE',''
  ) );
#12885 = PCURVE('',#12886,#12891);
#12886 = PLANE('',#12887);
#12887 = AXIS2_PLACEMENT_3D('',#12888,#12889,#12890);
#12888 = CARTESIAN_POINT('',(42.05,28.463962,1.2));
#12889 = DIRECTION('',(0.,1.,0.));
#12890 = DIRECTION('',(0.,0.,1.));
#12891 = DEFINITIONAL_REPRESENTATION('',(#12892),#12896);
#12892 = LINE('',#12893,#12894);
#12893 = CARTESIAN_POINT('',(0.,0.));
#12894 = VECTOR('',#12895,1.);
#12895 = DIRECTION('',(1.,0.));
#12896 = ( GEOMETRIC_REPRESENTATION_CONTEXT(2) 
PARAMETRIC_REPRESENTATION_CONTEXT() REPRESENTATION_CONTEXT('2D SPACE',''
  ) );
#12897 = ORIENTED_EDGE('',*,*,#12898,.T.);
#12898 = EDGE_CURVE('',#12864,#12899,#12901,.T.);
#12899 = VERTEX_POINT('',#12900);
#12900 = CARTESIAN_POINT('',(42.05,36.963962,1.2));
#12901 = SURFACE_CURVE('',#12902,(#12906,#12913),.PCURVE_S1.);
#12902 = LINE('',#12903,#12904);
#12903 = CARTESIAN_POINT('',(42.05,28.463962,1.2));
#12904 = VECTOR('',#12905,1.);
#12905 = DIRECTION('',(0.,1.,0.));
#12906 = PCURVE('',#12874,#12907);
#12907 = DEFINITIONAL_REPRESENTATION('',(#12908),#12912);
#12908 = LINE('',#12909,#12910);
#12909 = CARTESIAN_POINT('',(0.,0.));
#12910 = VECTOR('',#12911,1.);
#12911 = DIRECTION('',(0.,-1.));
#12912 = ( GEOMETRIC_REPRESENTATION_CONTEXT(2) 
PARAMETRIC_REPRESENTATION_CONTEXT() REPRESENTATION_CONTEXT('2D SPACE',''
  ) );
#12913 = PCURVE('',#12914,#12919);
#12914 = PLANE('',#12915);
#12915 = AXIS2_PLACEMENT_3D('',#12916,#12917,#12918);
#12916 = CARTESIAN_POINT('',(42.05,28.463962,1.2));
#12917 = DIRECTION('',(0.,0.,1.));
#12918 = DIRECTION('',(1.,0.,0.));
#12919 = DEFINITIONAL_REPRESENTATION('',(#12920),#12924);
#12920 = LINE('',#12921,#12922);
#12921 = CARTESIAN_POINT('',(0.,0.));
#12922 = VECTOR('',#12923,1.);
#12923 = DIRECTION('',(0.,1.));
#12924 = ( GEOMETRIC_REPRESENTATION_CONTEXT(2) 
PARAMETRIC_REPRESENTATION_CONTEXT() REPRESENTATION_CONTEXT('2D SPACE',''
  ) );
#12925 = ORIENTED_EDGE('',*,*,#12926,.T.);
#12926 = EDGE_CURVE('',#12899,#12927,#12929,.T.);
#12927 = VERTEX_POINT('',#12928);
#12928 = CARTESIAN_POINT('',(42.05,36.963962,11.2));
#12929 = SURFACE_CURVE('',#12930,(#12934,#12941),.PCURVE_S1.);
#12930 = LINE('',#12931,#12932);
#12931 = CARTESIAN_POINT('',(42.05,36.963962,1.2));
#12932 = VECTOR('',#12933,1.);
#12933 = DIRECTION('',(0.,0.,1.));
#12934 = PCURVE('',#12874,#12935);
#12935 = DEFINITIONAL_REPRESENTATION('',(#12936),#12940);
#12936 = LINE('',#12937,#12938);
#12937 = CARTESIAN_POINT('',(0.,-8.5));
#12938 = VECTOR('',#12939,1.);
#12939 = DIRECTION('',(1.,0.));
#12940 = ( GEOMETRIC_REPRESENTATION_CONTEXT(2) 
PARAMETRIC_REPRESENTATION_CONTEXT() REPRESENTATION_CONTEXT('2D SPACE',''
  ) );
#12941 = PCURVE('',#12942,#12947);
#12942 = PLANE('',#12943);
#12943 = AXIS2_PLACEMENT_3D('',#12944,#12945,#12946);
#12944 = CARTESIAN_POINT('',(42.05,36.963962,1.2));
#12945 = DIRECTION('',(0.,1.,0.));
#12946 = DIRECTION('',(0.,0.,1.));
#12947 = DEFINITIONAL_REPRESENTATION('',(#12948),#12952);
#12948 = LINE('',#12949,#12950);
#12949 = CARTESIAN_POINT('',(0.,0.));
#12950 = VECTOR('',#12951,1.);
#12951 = DIRECTION('',(1.,0.));
#12952 = ( GEOMETRIC_REPRESENTATION_CONTEXT(2) 
PARAMETRIC_REPRESENTATION_CONTEXT() REPRESENTATION_CONTEXT('2D SPACE',''
  ) );
#12953 = ORIENTED_EDGE('',*,*,#12954,.F.);
#12954 = EDGE_CURVE('',#12866,#12927,#12955,.T.);
#12955 = SURFACE_CURVE('',#12956,(#12960,#12967),.PCURVE_S1.);
#12956 = LINE('',#12957,#12958);
#12957 = CARTESIAN_POINT('',(42.05,28.463962,11.2));
#12958 = VECTOR('',#12959,1.);
#12959 = DIRECTION('',(0.,1.,0.));
#12960 = PCURVE('',#12874,#12961);
#12961 = DEFINITIONAL_REPRESENTATION('',(#12962),#12966);
#12962 = LINE('',#12963,#12964);
#12963 = CARTESIAN_POINT('',(10.,0.));
#12964 = VECTOR('',#12965,1.);
#12965 = DIRECTION('',(0.,-1.));
#12966 = ( GEOMETRIC_REPRESENTATION_CONTEXT(2) 
PARAMETRIC_REPRESENTATION_CONTEXT() REPRESENTATION_CONTEXT('2D SPACE',''
  ) );
#12967 = PCURVE('',#12968,#12973);
#12968 = PLANE('',#12969);
#12969 = AXIS2_PLACEMENT_3D('',#12970,#12971,#12972);
#12970 = CARTESIAN_POINT('',(42.05,28.463962,11.2));
#12971 = DIRECTION('',(0.,0.,1.));
#12972 = DIRECTION('',(1.,0.,0.));
#12973 = DEFINITIONAL_REPRESENTATION('',(#12974),#12978);
#12974 = LINE('',#12975,#12976);
#12975 = CARTESIAN_POINT('',(0.,0.));
#12976 = VECTOR('',#12977,1.);
#12977 = DIRECTION('',(0.,1.));
#12978 = ( GEOMETRIC_REPRESENTATION_CONTEXT(2) 
PARAMETRIC_REPRESENTATION_CONTEXT() REPRESENTATION_CONTEXT('2D SPACE',''
  ) );
#12979 = ADVANCED_FACE('',(#12980),#12994,.T.);
#12980 = FACE_BOUND('',#12981,.T.);
#12981 = EDGE_LOOP('',(#12982,#13012,#13035,#13058));
#12982 = ORIENTED_EDGE('',*,*,#12983,.F.);
#12983 = EDGE_CURVE('',#12984,#12986,#12988,.T.);
#12984 = VERTEX_POINT('',#12985);
#12985 = CARTESIAN_POINT('',(49.91,28.463962,1.2));
#12986 = VERTEX_POINT('',#12987);
#12987 = CARTESIAN_POINT('',(49.91,28.463962,11.2));
#12988 = SURFACE_CURVE('',#12989,(#12993,#13005),.PCURVE_S1.);
#12989 = LINE('',#12990,#12991);
#12990 = CARTESIAN_POINT('',(49.91,28.463962,1.2));
#12991 = VECTOR('',#12992,1.);
#12992 = DIRECTION('',(0.,0.,1.));
#12993 = PCURVE('',#12994,#12999);
#12994 = PLANE('',#12995);
#12995 = AXIS2_PLACEMENT_3D('',#12996,#12997,#12998);
#12996 = CARTESIAN_POINT('',(49.91,28.463962,1.2));
#12997 = DIRECTION('',(1.,0.,0.));
#12998 = DIRECTION('',(0.,0.,1.));
#12999 = DEFINITIONAL_REPRESENTATION('',(#13000),#13004);
#13000 = LINE('',#13001,#13002);
#13001 = CARTESIAN_POINT('',(0.,0.));
#13002 = VECTOR('',#13003,1.);
#13003 = DIRECTION('',(1.,0.));
#13004 = ( GEOMETRIC_REPRESENTATION_CONTEXT(2) 
PARAMETRIC_REPRESENTATION_CONTEXT() REPRESENTATION_CONTEXT('2D SPACE',''
  ) );
#13005 = PCURVE('',#12886,#13006);
#13006 = DEFINITIONAL_REPRESENTATION('',(#13007),#13011);
#13007 = LINE('',#13008,#13009);
#13008 = CARTESIAN_POINT('',(0.,7.86));
#13009 = VECTOR('',#13010,1.);
#13010 = DIRECTION('',(1.,0.));
#13011 = ( GEOMETRIC_REPRESENTATION_CONTEXT(2) 
PARAMETRIC_REPRESENTATION_CONTEXT() REPRESENTATION_CONTEXT('2D SPACE',''
  ) );
#13012 = ORIENTED_EDGE('',*,*,#13013,.T.);
#13013 = EDGE_CURVE('',#12984,#13014,#13016,.T.);
#13014 = VERTEX_POINT('',#13015);
#13015 = CARTESIAN_POINT('',(49.91,36.963962,1.2));
#13016 = SURFACE_CURVE('',#13017,(#13021,#13028),.PCURVE_S1.);
#13017 = LINE('',#13018,#13019);
#13018 = CARTESIAN_POINT('',(49.91,28.463962,1.2));
#13019 = VECTOR('',#13020,1.);
#13020 = DIRECTION('',(0.,1.,0.));
#13021 = PCURVE('',#12994,#13022);
#13022 = DEFINITIONAL_REPRESENTATION('',(#13023),#13027);
#13023 = LINE('',#13024,#13025);
#13024 = CARTESIAN_POINT('',(0.,0.));
#13025 = VECTOR('',#13026,1.);
#13026 = DIRECTION('',(0.,-1.));
#13027 = ( GEOMETRIC_REPRESENTATION_CONTEXT(2) 
PARAMETRIC_REPRESENTATION_CONTEXT() REPRESENTATION_CONTEXT('2D SPACE',''
  ) );
#13028 = PCURVE('',#12914,#13029);
#13029 = DEFINITIONAL_REPRESENTATION('',(#13030),#13034);
#13030 = LINE('',#13031,#13032);
#13031 = CARTESIAN_POINT('',(7.86,0.));
#13032 = VECTOR('',#13033,1.);
#13033 = DIRECTION('',(0.,1.));
#13034 = ( GEOMETRIC_REPRESENTATION_CONTEXT(2) 
PARAMETRIC_REPRESENTATION_CONTEXT() REPRESENTATION_CONTEXT('2D SPACE',''
  ) );
#13035 = ORIENTED_EDGE('',*,*,#13036,.T.);
#13036 = EDGE_CURVE('',#13014,#13037,#13039,.T.);
#13037 = VERTEX_POINT('',#13038);
#13038 = CARTESIAN_POINT('',(49.91,36.963962,11.2));
#13039 = SURFACE_CURVE('',#13040,(#13044,#13051),.PCURVE_S1.);
#13040 = LINE('',#13041,#13042);
#13041 = CARTESIAN_POINT('',(49.91,36.963962,1.2));
#13042 = VECTOR('',#13043,1.);
#13043 = DIRECTION('',(0.,0.,1.));
#13044 = PCURVE('',#12994,#13045);
#13045 = DEFINITIONAL_REPRESENTATION('',(#13046),#13050);
#13046 = LINE('',#13047,#13048);
#13047 = CARTESIAN_POINT('',(0.,-8.5));
#13048 = VECTOR('',#13049,1.);
#13049 = DIRECTION('',(1.,0.));
#13050 = ( GEOMETRIC_REPRESENTATION_CONTEXT(2) 
PARAMETRIC_REPRESENTATION_CONTEXT() REPRESENTATION_CONTEXT('2D SPACE',''
  ) );
#13051 = PCURVE('',#12942,#13052);
#13052 = DEFINITIONAL_REPRESENTATION('',(#13053),#13057);
#13053 = LINE('',#13054,#13055);
#13054 = CARTESIAN_POINT('',(0.,7.86));
#13055 = VECTOR('',#13056,1.);
#13056 = DIRECTION('',(1.,0.));
#13057 = ( GEOMETRIC_REPRESENTATION_CONTEXT(2) 
PARAMETRIC_REPRESENTATION_CONTEXT() REPRESENTATION_CONTEXT('2D SPACE',''
  ) );
#13058 = ORIENTED_EDGE('',*,*,#13059,.F.);
#13059 = EDGE_CURVE('',#12986,#13037,#13060,.T.);
#13060 = SURFACE_CURVE('',#13061,(#13065,#13072),.PCURVE_S1.);
#13061 = LINE('',#13062,#13063);
#13062 = CARTESIAN_POINT('',(49.91,28.463962,11.2));
#13063 = VECTOR('',#13064,1.);
#13064 = DIRECTION('',(0.,1.,0.));
#13065 = PCURVE('',#12994,#13066);
#13066 = DEFINITIONAL_REPRESENTATION('',(#13067),#13071);
#13067 = LINE('',#13068,#13069);
#13068 = CARTESIAN_POINT('',(10.,0.));
#13069 = VECTOR('',#13070,1.);
#13070 = DIRECTION('',(0.,-1.));
#13071 = ( GEOMETRIC_REPRESENTATION_CONTEXT(2) 
PARAMETRIC_REPRESENTATION_CONTEXT() REPRESENTATION_CONTEXT('2D SPACE',''
  ) );
#13072 = PCURVE('',#12968,#13073);
#13073 = DEFINITIONAL_REPRESENTATION('',(#13074),#13078);
#13074 = LINE('',#13075,#13076);
#13075 = CARTESIAN_POINT('',(7.86,0.));
#13076 = VECTOR('',#13077,1.);
#13077 = DIRECTION('',(0.,1.));
#13078 = ( GEOMETRIC_REPRESENTATION_CONTEXT(2) 
PARAMETRIC_REPRESENTATION_CONTEXT() REPRESENTATION_CONTEXT('2D SPACE',''
  ) );
#13079 = ADVANCED_FACE('',(#13080),#12886,.F.);
#13080 = FACE_BOUND('',#13081,.F.);
#13081 = EDGE_LOOP('',(#13082,#13103,#13104,#13125));
#13082 = ORIENTED_EDGE('',*,*,#13083,.F.);
#13083 = EDGE_CURVE('',#12864,#12984,#13084,.T.);
#13084 = SURFACE_CURVE('',#13085,(#13089,#13096),.PCURVE_S1.);
#13085 = LINE('',#13086,#13087);
#13086 = CARTESIAN_POINT('',(42.05,28.463962,1.2));
#13087 = VECTOR('',#13088,1.);
#13088 = DIRECTION('',(1.,0.,0.));
#13089 = PCURVE('',#12886,#13090);
#13090 = DEFINITIONAL_REPRESENTATION('',(#13091),#13095);
#13091 = LINE('',#13092,#13093);
#13092 = CARTESIAN_POINT('',(0.,0.));
#13093 = VECTOR('',#13094,1.);
#13094 = DIRECTION('',(0.,1.));
#13095 = ( GEOMETRIC_REPRESENTATION_CONTEXT(2) 
PARAMETRIC_REPRESENTATION_CONTEXT() REPRESENTATION_CONTEXT('2D SPACE',''
  ) );
#13096 = PCURVE('',#12914,#13097);
#13097 = DEFINITIONAL_REPRESENTATION('',(#13098),#13102);
#13098 = LINE('',#13099,#13100);
#13099 = CARTESIAN_POINT('',(0.,0.));
#13100 = VECTOR('',#13101,1.);
#13101 = DIRECTION('',(1.,0.));
#13102 = ( GEOMETRIC_REPRESENTATION_CONTEXT(2) 
PARAMETRIC_REPRESENTATION_CONTEXT() REPRESENTATION_CONTEXT('2D SPACE',''
  ) );
#13103 = ORIENTED_EDGE('',*,*,#12863,.T.);
#13104 = ORIENTED_EDGE('',*,*,#13105,.T.);
#13105 = EDGE_CURVE('',#12866,#12986,#13106,.T.);
#13106 = SURFACE_CURVE('',#13107,(#13111,#13118),.PCURVE_S1.);
#13107 = LINE('',#13108,#13109);
#13108 = CARTESIAN_POINT('',(42.05,28.463962,11.2));
#13109 = VECTOR('',#13110,1.);
#13110 = DIRECTION('',(1.,0.,0.));
#13111 = PCURVE('',#12886,#13112);
#13112 = DEFINITIONAL_REPRESENTATION('',(#13113),#13117);
#13113 = LINE('',#13114,#13115);
#13114 = CARTESIAN_POINT('',(10.,0.));
#13115 = VECTOR('',#13116,1.);
#13116 = DIRECTION('',(0.,1.));
#13117 = ( GEOMETRIC_REPRESENTATION_CONTEXT(2) 
PARAMETRIC_REPRESENTATION_CONTEXT() REPRESENTATION_CONTEXT('2D SPACE',''
  ) );
#13118 = PCURVE('',#12968,#13119);
#13119 = DEFINITIONAL_REPRESENTATION('',(#13120),#13124);
#13120 = LINE('',#13121,#13122);
#13121 = CARTESIAN_POINT('',(0.,0.));
#13122 = VECTOR('',#13123,1.);
#13123 = DIRECTION('',(1.,0.));
#13124 = ( GEOMETRIC_REPRESENTATION_CONTEXT(2) 
PARAMETRIC_REPRESENTATION_CONTEXT() REPRESENTATION_CONTEXT('2D SPACE',''
  ) );
#13125 = ORIENTED_EDGE('',*,*,#12983,.F.);
#13126 = ADVANCED_FACE('',(#13127),#12942,.T.);
#13127 = FACE_BOUND('',#13128,.T.);
#13128 = EDGE_LOOP('',(#13129,#13150,#13151,#13172));
#13129 = ORIENTED_EDGE('',*,*,#13130,.F.);
#13130 = EDGE_CURVE('',#12899,#13014,#13131,.T.);
#13131 = SURFACE_CURVE('',#13132,(#13136,#13143),.PCURVE_S1.);
#13132 = LINE('',#13133,#13134);
#13133 = CARTESIAN_POINT('',(42.05,36.963962,1.2));
#13134 = VECTOR('',#13135,1.);
#13135 = DIRECTION('',(1.,0.,0.));
#13136 = PCURVE('',#12942,#13137);
#13137 = DEFINITIONAL_REPRESENTATION('',(#13138),#13142);
#13138 = LINE('',#13139,#13140);
#13139 = CARTESIAN_POINT('',(0.,0.));
#13140 = VECTOR('',#13141,1.);
#13141 = DIRECTION('',(0.,1.));
#13142 = ( GEOMETRIC_REPRESENTATION_CONTEXT(2) 
PARAMETRIC_REPRESENTATION_CONTEXT() REPRESENTATION_CONTEXT('2D SPACE',''
  ) );
#13143 = PCURVE('',#12914,#13144);
#13144 = DEFINITIONAL_REPRESENTATION('',(#13145),#13149);
#13145 = LINE('',#13146,#13147);
#13146 = CARTESIAN_POINT('',(0.,8.5));
#13147 = VECTOR('',#13148,1.);
#13148 = DIRECTION('',(1.,0.));
#13149 = ( GEOMETRIC_REPRESENTATION_CONTEXT(2) 
PARAMETRIC_REPRESENTATION_CONTEXT() REPRESENTATION_CONTEXT('2D SPACE',''
  ) );
#13150 = ORIENTED_EDGE('',*,*,#12926,.T.);
#13151 = ORIENTED_EDGE('',*,*,#13152,.T.);
#13152 = EDGE_CURVE('',#12927,#13037,#13153,.T.);
#13153 = SURFACE_CURVE('',#13154,(#13158,#13165),.PCURVE_S1.);
#13154 = LINE('',#13155,#13156);
#13155 = CARTESIAN_POINT('',(42.05,36.963962,11.2));
#13156 = VECTOR('',#13157,1.);
#13157 = DIRECTION('',(1.,0.,0.));
#13158 = PCURVE('',#12942,#13159);
#13159 = DEFINITIONAL_REPRESENTATION('',(#13160),#13164);
#13160 = LINE('',#13161,#13162);
#13161 = CARTESIAN_POINT('',(10.,0.));
#13162 = VECTOR('',#13163,1.);
#13163 = DIRECTION('',(0.,1.));
#13164 = ( GEOMETRIC_REPRESENTATION_CONTEXT(2) 
PARAMETRIC_REPRESENTATION_CONTEXT() REPRESENTATION_CONTEXT('2D SPACE',''
  ) );
#13165 = PCURVE('',#12968,#13166);
#13166 = DEFINITIONAL_REPRESENTATION('',(#13167),#13171);
#13167 = LINE('',#13168,#13169);
#13168 = CARTESIAN_POINT('',(0.,8.5));
#13169 = VECTOR('',#13170,1.);
#13170 = DIRECTION('',(1.,0.));
#13171 = ( GEOMETRIC_REPRESENTATION_CONTEXT(2) 
PARAMETRIC_REPRESENTATION_CONTEXT() REPRESENTATION_CONTEXT('2D SPACE',''
  ) );
#13172 = ORIENTED_EDGE('',*,*,#13036,.F.);
#13173 = ADVANCED_FACE('',(#13174),#12914,.F.);
#13174 = FACE_BOUND('',#13175,.F.);
#13175 = EDGE_LOOP('',(#13176,#13177,#13178,#13179));
#13176 = ORIENTED_EDGE('',*,*,#12898,.F.);
#13177 = ORIENTED_EDGE('',*,*,#13083,.T.);
#13178 = ORIENTED_EDGE('',*,*,#13013,.T.);
#13179 = ORIENTED_EDGE('',*,*,#13130,.F.);
#13180 = ADVANCED_FACE('',(#13181),#12968,.T.);
#13181 = FACE_BOUND('',#13182,.T.);
#13182 = EDGE_LOOP('',(#13183,#13184,#13185,#13186));
#13183 = ORIENTED_EDGE('',*,*,#12954,.F.);
#13184 = ORIENTED_EDGE('',*,*,#13105,.T.);
#13185 = ORIENTED_EDGE('',*,*,#13059,.T.);
#13186 = ORIENTED_EDGE('',*,*,#13152,.F.);
#13187 = ( GEOMETRIC_REPRESENTATION_CONTEXT(3) 
GLOBAL_UNCERTAINTY_ASSIGNED_CONTEXT((#13191)) 
GLOBAL_UNIT_ASSIGNED_CONTEXT((#13188,#13189,#13190)) 
REPRESENTATION_CONTEXT('Context #1',
  '3D Context with UNIT and UNCERTAINTY') );
#13188 = ( LENGTH_UNIT() NAMED_UNIT(*) SI_UNIT(.MILLI.,.METRE.) );
#13189 = ( NAMED_UNIT(*) PLANE_ANGLE_UNIT() SI_UNIT($,.RADIAN.) );
#13190 = ( NAMED_UNIT(*) SI_UNIT($,.STERADIAN.) SOLID_ANGLE_UNIT() );
#13191 = UNCERTAINTY_MEASURE_WITH_UNIT(LENGTH_MEASURE(1.E-07),#13188,
  'distance_accuracy_value','confusion accuracy');
#13192 = CONTEXT_DEPENDENT_SHAPE_REPRESENTATION(#13193,#13195);
#13193 = ( REPRESENTATION_RELATIONSHIP('','',#12856,#10) 
REPRESENTATION_RELATIONSHIP_WITH_TRANSFORMATION(#13194) 
SHAPE_REPRESENTATION_RELATIONSHIP() );
#13194 = ITEM_DEFINED_TRANSFORMATION('','',#11,#75);
#13195 = PRODUCT_DEFINITION_SHAPE('Placement','Placement of an item',
  #13196);
#13196 = NEXT_ASSEMBLY_USAGE_OCCURRENCE('16','','',#5,#12851,$);
#13197 = PRODUCT_RELATED_PRODUCT_CATEGORY('part',$,(#12853));
#13198 = SHAPE_DEFINITION_REPRESENTATION(#13199,#13205);
#13199 = PRODUCT_DEFINITION_SHAPE('','',#13200);
#13200 = PRODUCT_DEFINITION('design','',#13201,#13204);
#13201 = PRODUCT_DEFINITION_FORMATION('','',#13202);
#13202 = PRODUCT('Open CASCADE STEP translator 8.0 2.17',
  'Open CASCADE STEP translator 8.0 2.17','',(#13203));
#13203 = PRODUCT_CONTEXT('',#2,'mechanical');
#13204 = PRODUCT_DEFINITION_CONTEXT('part definition',#2,'design');
#13205 = ADVANCED_BREP_SHAPE_REPRESENTATION('',(#11,#13206),#13536);
#13206 = MANIFOLD_SOLID_BREP('',#13207);
#13207 = CLOSED_SHELL('',(#13208,#13328,#13428,#13475,#13522,#13529));
#13208 = ADVANCED_FACE('',(#13209),#13223,.F.);
#13209 = FACE_BOUND('',#13210,.F.);
#13210 = EDGE_LOOP('',(#13211,#13246,#13274,#13302));
#13211 = ORIENTED_EDGE('',*,*,#13212,.F.);
#13212 = EDGE_CURVE('',#13213,#13215,#13217,.T.);
#13213 = VERTEX_POINT('',#13214);
#13214 = CARTESIAN_POINT('',(30.07,7.463962,1.2));
#13215 = VERTEX_POINT('',#13216);
#13216 = CARTESIAN_POINT('',(30.07,7.463962,11.2));
#13217 = SURFACE_CURVE('',#13218,(#13222,#13234),.PCURVE_S1.);
#13218 = LINE('',#13219,#13220);
#13219 = CARTESIAN_POINT('',(30.07,7.463962,1.2));
#13220 = VECTOR('',#13221,1.);
#13221 = DIRECTION('',(0.,0.,1.));
#13222 = PCURVE('',#13223,#13228);
#13223 = PLANE('',#13224);
#13224 = AXIS2_PLACEMENT_3D('',#13225,#13226,#13227);
#13225 = CARTESIAN_POINT('',(30.07,7.463962,1.2));
#13226 = DIRECTION('',(1.,0.,0.));
#13227 = DIRECTION('',(0.,0.,1.));
#13228 = DEFINITIONAL_REPRESENTATION('',(#13229),#13233);
#13229 = LINE('',#13230,#13231);
#13230 = CARTESIAN_POINT('',(0.,0.));
#13231 = VECTOR('',#13232,1.);
#13232 = DIRECTION('',(1.,0.));
#13233 = ( GEOMETRIC_REPRESENTATION_CONTEXT(2) 
PARAMETRIC_REPRESENTATION_CONTEXT() REPRESENTATION_CONTEXT('2D SPACE',''
  ) );
#13234 = PCURVE('',#13235,#13240);
#13235 = PLANE('',#13236);
#13236 = AXIS2_PLACEMENT_3D('',#13237,#13238,#13239);
#13237 = CARTESIAN_POINT('',(30.07,7.463962,1.2));
#13238 = DIRECTION('',(0.,1.,0.));
#13239 = DIRECTION('',(0.,0.,1.));
#13240 = DEFINITIONAL_REPRESENTATION('',(#13241),#13245);
#13241 = LINE('',#13242,#13243);
#13242 = CARTESIAN_POINT('',(0.,0.));
#13243 = VECTOR('',#13244,1.);
#13244 = DIRECTION('',(1.,0.));
#13245 = ( GEOMETRIC_REPRESENTATION_CONTEXT(2) 
PARAMETRIC_REPRESENTATION_CONTEXT() REPRESENTATION_CONTEXT('2D SPACE',''
  ) );
#13246 = ORIENTED_EDGE('',*,*,#13247,.T.);
#13247 = EDGE_CURVE('',#13213,#13248,#13250,.T.);
#13248 = VERTEX_POINT('',#13249);
#13249 = CARTESIAN_POINT('',(30.07,15.963962,1.2));
#13250 = SURFACE_CURVE('',#13251,(#13255,#13262),.PCURVE_S1.);
#13251 = LINE('',#13252,#13253);
#13252 = CARTESIAN_POINT('',(30.07,7.463962,1.2));
#13253 = VECTOR('',#13254,1.);
#13254 = DIRECTION('',(0.,1.,0.));
#13255 = PCURVE('',#13223,#13256);
#13256 = DEFINITIONAL_REPRESENTATION('',(#13257),#13261);
#13257 = LINE('',#13258,#13259);
#13258 = CARTESIAN_POINT('',(0.,0.));
#13259 = VECTOR('',#13260,1.);
#13260 = DIRECTION('',(0.,-1.));
#13261 = ( GEOMETRIC_REPRESENTATION_CONTEXT(2) 
PARAMETRIC_REPRESENTATION_CONTEXT() REPRESENTATION_CONTEXT('2D SPACE',''
  ) );
#13262 = PCURVE('',#13263,#13268);
#13263 = PLANE('',#13264);
#13264 = AXIS2_PLACEMENT_3D('',#13265,#13266,#13267);
#13265 = CARTESIAN_POINT('',(30.07,7.463962,1.2));
#13266 = DIRECTION('',(0.,0.,1.));
#13267 = DIRECTION('',(1.,0.,0.));
#13268 = DEFINITIONAL_REPRESENTATION('',(#13269),#13273);
#13269 = LINE('',#13270,#13271);
#13270 = CARTESIAN_POINT('',(0.,0.));
#13271 = VECTOR('',#13272,1.);
#13272 = DIRECTION('',(0.,1.));
#13273 = ( GEOMETRIC_REPRESENTATION_CONTEXT(2) 
PARAMETRIC_REPRESENTATION_CONTEXT() REPRESENTATION_CONTEXT('2D SPACE',''
  ) );
#13274 = ORIENTED_EDGE('',*,*,#13275,.T.);
#13275 = EDGE_CURVE('',#13248,#13276,#13278,.T.);
#13276 = VERTEX_POINT('',#13277);
#13277 = CARTESIAN_POINT('',(30.07,15.963962,11.2));
#13278 = SURFACE_CURVE('',#13279,(#13283,#13290),.PCURVE_S1.);
#13279 = LINE('',#13280,#13281);
#13280 = CARTESIAN_POINT('',(30.07,15.963962,1.2));
#13281 = VECTOR('',#13282,1.);
#13282 = DIRECTION('',(0.,0.,1.));
#13283 = PCURVE('',#13223,#13284);
#13284 = DEFINITIONAL_REPRESENTATION('',(#13285),#13289);
#13285 = LINE('',#13286,#13287);
#13286 = CARTESIAN_POINT('',(0.,-8.5));
#13287 = VECTOR('',#13288,1.);
#13288 = DIRECTION('',(1.,0.));
#13289 = ( GEOMETRIC_REPRESENTATION_CONTEXT(2) 
PARAMETRIC_REPRESENTATION_CONTEXT() REPRESENTATION_CONTEXT('2D SPACE',''
  ) );
#13290 = PCURVE('',#13291,#13296);
#13291 = PLANE('',#13292);
#13292 = AXIS2_PLACEMENT_3D('',#13293,#13294,#13295);
#13293 = CARTESIAN_POINT('',(30.07,15.963962,1.2));
#13294 = DIRECTION('',(0.,1.,0.));
#13295 = DIRECTION('',(0.,0.,1.));
#13296 = DEFINITIONAL_REPRESENTATION('',(#13297),#13301);
#13297 = LINE('',#13298,#13299);
#13298 = CARTESIAN_POINT('',(0.,0.));
#13299 = VECTOR('',#13300,1.);
#13300 = DIRECTION('',(1.,0.));
#13301 = ( GEOMETRIC_REPRESENTATION_CONTEXT(2) 
PARAMETRIC_REPRESENTATION_CONTEXT() REPRESENTATION_CONTEXT('2D SPACE',''
  ) );
#13302 = ORIENTED_EDGE('',*,*,#13303,.F.);
#13303 = EDGE_CURVE('',#13215,#13276,#13304,.T.);
#13304 = SURFACE_CURVE('',#13305,(#13309,#13316),.PCURVE_S1.);
#13305 = LINE('',#13306,#13307);
#13306 = CARTESIAN_POINT('',(30.07,7.463962,11.2));
#13307 = VECTOR('',#13308,1.);
#13308 = DIRECTION('',(0.,1.,0.));
#13309 = PCURVE('',#13223,#13310);
#13310 = DEFINITIONAL_REPRESENTATION('',(#13311),#13315);
#13311 = LINE('',#13312,#13313);
#13312 = CARTESIAN_POINT('',(10.,0.));
#13313 = VECTOR('',#13314,1.);
#13314 = DIRECTION('',(0.,-1.));
#13315 = ( GEOMETRIC_REPRESENTATION_CONTEXT(2) 
PARAMETRIC_REPRESENTATION_CONTEXT() REPRESENTATION_CONTEXT('2D SPACE',''
  ) );
#13316 = PCURVE('',#13317,#13322);
#13317 = PLANE('',#13318);
#13318 = AXIS2_PLACEMENT_3D('',#13319,#13320,#13321);
#13319 = CARTESIAN_POINT('',(30.07,7.463962,11.2));
#13320 = DIRECTION('',(0.,0.,1.));
#13321 = DIRECTION('',(1.,0.,0.));
#13322 = DEFINITIONAL_REPRESENTATION('',(#13323),#13327);
#13323 = LINE('',#13324,#13325);
#13324 = CARTESIAN_POINT('',(0.,0.));
#13325 = VECTOR('',#13326,1.);
#13326 = DIRECTION('',(0.,1.));
#13327 = ( GEOMETRIC_REPRESENTATION_CONTEXT(2) 
PARAMETRIC_REPRESENTATION_CONTEXT() REPRESENTATION_CONTEXT('2D SPACE',''
  ) );
#13328 = ADVANCED_FACE('',(#13329),#13343,.T.);
#13329 = FACE_BOUND('',#13330,.T.);
#13330 = EDGE_LOOP('',(#13331,#13361,#13384,#13407));
#13331 = ORIENTED_EDGE('',*,*,#13332,.F.);
#13332 = EDGE_CURVE('',#13333,#13335,#13337,.T.);
#13333 = VERTEX_POINT('',#13334);
#13334 = CARTESIAN_POINT('',(37.93,7.463962,1.2));
#13335 = VERTEX_POINT('',#13336);
#13336 = CARTESIAN_POINT('',(37.93,7.463962,11.2));
#13337 = SURFACE_CURVE('',#13338,(#13342,#13354),.PCURVE_S1.);
#13338 = LINE('',#13339,#13340);
#13339 = CARTESIAN_POINT('',(37.93,7.463962,1.2));
#13340 = VECTOR('',#13341,1.);
#13341 = DIRECTION('',(0.,0.,1.));
#13342 = PCURVE('',#13343,#13348);
#13343 = PLANE('',#13344);
#13344 = AXIS2_PLACEMENT_3D('',#13345,#13346,#13347);
#13345 = CARTESIAN_POINT('',(37.93,7.463962,1.2));
#13346 = DIRECTION('',(1.,0.,0.));
#13347 = DIRECTION('',(0.,0.,1.));
#13348 = DEFINITIONAL_REPRESENTATION('',(#13349),#13353);
#13349 = LINE('',#13350,#13351);
#13350 = CARTESIAN_POINT('',(0.,0.));
#13351 = VECTOR('',#13352,1.);
#13352 = DIRECTION('',(1.,0.));
#13353 = ( GEOMETRIC_REPRESENTATION_CONTEXT(2) 
PARAMETRIC_REPRESENTATION_CONTEXT() REPRESENTATION_CONTEXT('2D SPACE',''
  ) );
#13354 = PCURVE('',#13235,#13355);
#13355 = DEFINITIONAL_REPRESENTATION('',(#13356),#13360);
#13356 = LINE('',#13357,#13358);
#13357 = CARTESIAN_POINT('',(0.,7.86));
#13358 = VECTOR('',#13359,1.);
#13359 = DIRECTION('',(1.,0.));
#13360 = ( GEOMETRIC_REPRESENTATION_CONTEXT(2) 
PARAMETRIC_REPRESENTATION_CONTEXT() REPRESENTATION_CONTEXT('2D SPACE',''
  ) );
#13361 = ORIENTED_EDGE('',*,*,#13362,.T.);
#13362 = EDGE_CURVE('',#13333,#13363,#13365,.T.);
#13363 = VERTEX_POINT('',#13364);
#13364 = CARTESIAN_POINT('',(37.93,15.963962,1.2));
#13365 = SURFACE_CURVE('',#13366,(#13370,#13377),.PCURVE_S1.);
#13366 = LINE('',#13367,#13368);
#13367 = CARTESIAN_POINT('',(37.93,7.463962,1.2));
#13368 = VECTOR('',#13369,1.);
#13369 = DIRECTION('',(0.,1.,0.));
#13370 = PCURVE('',#13343,#13371);
#13371 = DEFINITIONAL_REPRESENTATION('',(#13372),#13376);
#13372 = LINE('',#13373,#13374);
#13373 = CARTESIAN_POINT('',(0.,0.));
#13374 = VECTOR('',#13375,1.);
#13375 = DIRECTION('',(0.,-1.));
#13376 = ( GEOMETRIC_REPRESENTATION_CONTEXT(2) 
PARAMETRIC_REPRESENTATION_CONTEXT() REPRESENTATION_CONTEXT('2D SPACE',''
  ) );
#13377 = PCURVE('',#13263,#13378);
#13378 = DEFINITIONAL_REPRESENTATION('',(#13379),#13383);
#13379 = LINE('',#13380,#13381);
#13380 = CARTESIAN_POINT('',(7.86,0.));
#13381 = VECTOR('',#13382,1.);
#13382 = DIRECTION('',(0.,1.));
#13383 = ( GEOMETRIC_REPRESENTATION_CONTEXT(2) 
PARAMETRIC_REPRESENTATION_CONTEXT() REPRESENTATION_CONTEXT('2D SPACE',''
  ) );
#13384 = ORIENTED_EDGE('',*,*,#13385,.T.);
#13385 = EDGE_CURVE('',#13363,#13386,#13388,.T.);
#13386 = VERTEX_POINT('',#13387);
#13387 = CARTESIAN_POINT('',(37.93,15.963962,11.2));
#13388 = SURFACE_CURVE('',#13389,(#13393,#13400),.PCURVE_S1.);
#13389 = LINE('',#13390,#13391);
#13390 = CARTESIAN_POINT('',(37.93,15.963962,1.2));
#13391 = VECTOR('',#13392,1.);
#13392 = DIRECTION('',(0.,0.,1.));
#13393 = PCURVE('',#13343,#13394);
#13394 = DEFINITIONAL_REPRESENTATION('',(#13395),#13399);
#13395 = LINE('',#13396,#13397);
#13396 = CARTESIAN_POINT('',(0.,-8.5));
#13397 = VECTOR('',#13398,1.);
#13398 = DIRECTION('',(1.,0.));
#13399 = ( GEOMETRIC_REPRESENTATION_CONTEXT(2) 
PARAMETRIC_REPRESENTATION_CONTEXT() REPRESENTATION_CONTEXT('2D SPACE',''
  ) );
#13400 = PCURVE('',#13291,#13401);
#13401 = DEFINITIONAL_REPRESENTATION('',(#13402),#13406);
#13402 = LINE('',#13403,#13404);
#13403 = CARTESIAN_POINT('',(0.,7.86));
#13404 = VECTOR('',#13405,1.);
#13405 = DIRECTION('',(1.,0.));
#13406 = ( GEOMETRIC_REPRESENTATION_CONTEXT(2) 
PARAMETRIC_REPRESENTATION_CONTEXT() REPRESENTATION_CONTEXT('2D SPACE',''
  ) );
#13407 = ORIENTED_EDGE('',*,*,#13408,.F.);
#13408 = EDGE_CURVE('',#13335,#13386,#13409,.T.);
#13409 = SURFACE_CURVE('',#13410,(#13414,#13421),.PCURVE_S1.);
#13410 = LINE('',#13411,#13412);
#13411 = CARTESIAN_POINT('',(37.93,7.463962,11.2));
#13412 = VECTOR('',#13413,1.);
#13413 = DIRECTION('',(0.,1.,0.));
#13414 = PCURVE('',#13343,#13415);
#13415 = DEFINITIONAL_REPRESENTATION('',(#13416),#13420);
#13416 = LINE('',#13417,#13418);
#13417 = CARTESIAN_POINT('',(10.,0.));
#13418 = VECTOR('',#13419,1.);
#13419 = DIRECTION('',(0.,-1.));
#13420 = ( GEOMETRIC_REPRESENTATION_CONTEXT(2) 
PARAMETRIC_REPRESENTATION_CONTEXT() REPRESENTATION_CONTEXT('2D SPACE',''
  ) );
#13421 = PCURVE('',#13317,#13422);
#13422 = DEFINITIONAL_REPRESENTATION('',(#13423),#13427);
#13423 = LINE('',#13424,#13425);
#13424 = CARTESIAN_POINT('',(7.86,0.));
#13425 = VECTOR('',#13426,1.);
#13426 = DIRECTION('',(0.,1.));
#13427 = ( GEOMETRIC_REPRESENTATION_CONTEXT(2) 
PARAMETRIC_REPRESENTATION_CONTEXT() REPRESENTATION_CONTEXT('2D SPACE',''
  ) );
#13428 = ADVANCED_FACE('',(#13429),#13235,.F.);
#13429 = FACE_BOUND('',#13430,.F.);
#13430 = EDGE_LOOP('',(#13431,#13452,#13453,#13474));
#13431 = ORIENTED_EDGE('',*,*,#13432,.F.);
#13432 = EDGE_CURVE('',#13213,#13333,#13433,.T.);
#13433 = SURFACE_CURVE('',#13434,(#13438,#13445),.PCURVE_S1.);
#13434 = LINE('',#13435,#13436);
#13435 = CARTESIAN_POINT('',(30.07,7.463962,1.2));
#13436 = VECTOR('',#13437,1.);
#13437 = DIRECTION('',(1.,0.,0.));
#13438 = PCURVE('',#13235,#13439);
#13439 = DEFINITIONAL_REPRESENTATION('',(#13440),#13444);
#13440 = LINE('',#13441,#13442);
#13441 = CARTESIAN_POINT('',(0.,0.));
#13442 = VECTOR('',#13443,1.);
#13443 = DIRECTION('',(0.,1.));
#13444 = ( GEOMETRIC_REPRESENTATION_CONTEXT(2) 
PARAMETRIC_REPRESENTATION_CONTEXT() REPRESENTATION_CONTEXT('2D SPACE',''
  ) );
#13445 = PCURVE('',#13263,#13446);
#13446 = DEFINITIONAL_REPRESENTATION('',(#13447),#13451);
#13447 = LINE('',#13448,#13449);
#13448 = CARTESIAN_POINT('',(0.,0.));
#13449 = VECTOR('',#13450,1.);
#13450 = DIRECTION('',(1.,0.));
#13451 = ( GEOMETRIC_REPRESENTATION_CONTEXT(2) 
PARAMETRIC_REPRESENTATION_CONTEXT() REPRESENTATION_CONTEXT('2D SPACE',''
  ) );
#13452 = ORIENTED_EDGE('',*,*,#13212,.T.);
#13453 = ORIENTED_EDGE('',*,*,#13454,.T.);
#13454 = EDGE_CURVE('',#13215,#13335,#13455,.T.);
#13455 = SURFACE_CURVE('',#13456,(#13460,#13467),.PCURVE_S1.);
#13456 = LINE('',#13457,#13458);
#13457 = CARTESIAN_POINT('',(30.07,7.463962,11.2));
#13458 = VECTOR('',#13459,1.);
#13459 = DIRECTION('',(1.,0.,0.));
#13460 = PCURVE('',#13235,#13461);
#13461 = DEFINITIONAL_REPRESENTATION('',(#13462),#13466);
#13462 = LINE('',#13463,#13464);
#13463 = CARTESIAN_POINT('',(10.,0.));
#13464 = VECTOR('',#13465,1.);
#13465 = DIRECTION('',(0.,1.));
#13466 = ( GEOMETRIC_REPRESENTATION_CONTEXT(2) 
PARAMETRIC_REPRESENTATION_CONTEXT() REPRESENTATION_CONTEXT('2D SPACE',''
  ) );
#13467 = PCURVE('',#13317,#13468);
#13468 = DEFINITIONAL_REPRESENTATION('',(#13469),#13473);
#13469 = LINE('',#13470,#13471);
#13470 = CARTESIAN_POINT('',(0.,0.));
#13471 = VECTOR('',#13472,1.);
#13472 = DIRECTION('',(1.,0.));
#13473 = ( GEOMETRIC_REPRESENTATION_CONTEXT(2) 
PARAMETRIC_REPRESENTATION_CONTEXT() REPRESENTATION_CONTEXT('2D SPACE',''
  ) );
#13474 = ORIENTED_EDGE('',*,*,#13332,.F.);
#13475 = ADVANCED_FACE('',(#13476),#13291,.T.);
#13476 = FACE_BOUND('',#13477,.T.);
#13477 = EDGE_LOOP('',(#13478,#13499,#13500,#13521));
#13478 = ORIENTED_EDGE('',*,*,#13479,.F.);
#13479 = EDGE_CURVE('',#13248,#13363,#13480,.T.);
#13480 = SURFACE_CURVE('',#13481,(#13485,#13492),.PCURVE_S1.);
#13481 = LINE('',#13482,#13483);
#13482 = CARTESIAN_POINT('',(30.07,15.963962,1.2));
#13483 = VECTOR('',#13484,1.);
#13484 = DIRECTION('',(1.,0.,0.));
#13485 = PCURVE('',#13291,#13486);
#13486 = DEFINITIONAL_REPRESENTATION('',(#13487),#13491);
#13487 = LINE('',#13488,#13489);
#13488 = CARTESIAN_POINT('',(0.,0.));
#13489 = VECTOR('',#13490,1.);
#13490 = DIRECTION('',(0.,1.));
#13491 = ( GEOMETRIC_REPRESENTATION_CONTEXT(2) 
PARAMETRIC_REPRESENTATION_CONTEXT() REPRESENTATION_CONTEXT('2D SPACE',''
  ) );
#13492 = PCURVE('',#13263,#13493);
#13493 = DEFINITIONAL_REPRESENTATION('',(#13494),#13498);
#13494 = LINE('',#13495,#13496);
#13495 = CARTESIAN_POINT('',(0.,8.5));
#13496 = VECTOR('',#13497,1.);
#13497 = DIRECTION('',(1.,0.));
#13498 = ( GEOMETRIC_REPRESENTATION_CONTEXT(2) 
PARAMETRIC_REPRESENTATION_CONTEXT() REPRESENTATION_CONTEXT('2D SPACE',''
  ) );
#13499 = ORIENTED_EDGE('',*,*,#13275,.T.);
#13500 = ORIENTED_EDGE('',*,*,#13501,.T.);
#13501 = EDGE_CURVE('',#13276,#13386,#13502,.T.);
#13502 = SURFACE_CURVE('',#13503,(#13507,#13514),.PCURVE_S1.);
#13503 = LINE('',#13504,#13505);
#13504 = CARTESIAN_POINT('',(30.07,15.963962,11.2));
#13505 = VECTOR('',#13506,1.);
#13506 = DIRECTION('',(1.,0.,0.));
#13507 = PCURVE('',#13291,#13508);
#13508 = DEFINITIONAL_REPRESENTATION('',(#13509),#13513);
#13509 = LINE('',#13510,#13511);
#13510 = CARTESIAN_POINT('',(10.,0.));
#13511 = VECTOR('',#13512,1.);
#13512 = DIRECTION('',(0.,1.));
#13513 = ( GEOMETRIC_REPRESENTATION_CONTEXT(2) 
PARAMETRIC_REPRESENTATION_CONTEXT() REPRESENTATION_CONTEXT('2D SPACE',''
  ) );
#13514 = PCURVE('',#13317,#13515);
#13515 = DEFINITIONAL_REPRESENTATION('',(#13516),#13520);
#13516 = LINE('',#13517,#13518);
#13517 = CARTESIAN_POINT('',(0.,8.5));
#13518 = VECTOR('',#13519,1.);
#13519 = DIRECTION('',(1.,0.));
#13520 = ( GEOMETRIC_REPRESENTATION_CONTEXT(2) 
PARAMETRIC_REPRESENTATION_CONTEXT() REPRESENTATION_CONTEXT('2D SPACE',''
  ) );
#13521 = ORIENTED_EDGE('',*,*,#13385,.F.);
#13522 = ADVANCED_FACE('',(#13523),#13263,.F.);
#13523 = FACE_BOUND('',#13524,.F.);
#13524 = EDGE_LOOP('',(#13525,#13526,#13527,#13528));
#13525 = ORIENTED_EDGE('',*,*,#13247,.F.);
#13526 = ORIENTED_EDGE('',*,*,#13432,.T.);
#13527 = ORIENTED_EDGE('',*,*,#13362,.T.);
#13528 = ORIENTED_EDGE('',*,*,#13479,.F.);
#13529 = ADVANCED_FACE('',(#13530),#13317,.T.);
#13530 = FACE_BOUND('',#13531,.T.);
#13531 = EDGE_LOOP('',(#13532,#13533,#13534,#13535));
#13532 = ORIENTED_EDGE('',*,*,#13303,.F.);
#13533 = ORIENTED_EDGE('',*,*,#13454,.T.);
#13534 = ORIENTED_EDGE('',*,*,#13408,.T.);
#13535 = ORIENTED_EDGE('',*,*,#13501,.F.);
#13536 = ( GEOMETRIC_REPRESENTATION_CONTEXT(3) 
GLOBAL_UNCERTAINTY_ASSIGNED_CONTEXT((#13540)) 
GLOBAL_UNIT_ASSIGNED_CONTEXT((#13537,#13538,#13539)) 
REPRESENTATION_CONTEXT('Context #1',
  '3D Context with UNIT and UNCERTAINTY') );
#13537 = ( LENGTH_UNIT() NAMED_UNIT(*) SI_UNIT(.MILLI.,.METRE.) );
#13538 = ( NAMED_UNIT(*) PLANE_ANGLE_UNIT() SI_UNIT($,.RADIAN.) );
#13539 = ( NAMED_UNIT(*) SI_UNIT($,.STERADIAN.) SOLID_ANGLE_UNIT() );
#13540 = UNCERTAINTY_MEASURE_WITH_UNIT(LENGTH_MEASURE(1.E-07),#13537,
  'distance_accuracy_value','confusion accuracy');
#13541 = CONTEXT_DEPENDENT_SHAPE_REPRESENTATION(#13542,#13544);
#13542 = ( REPRESENTATION_RELATIONSHIP('','',#13205,#10) 
REPRESENTATION_RELATIONSHIP_WITH_TRANSFORMATION(#13543) 
SHAPE_REPRESENTATION_RELATIONSHIP() );
#13543 = ITEM_DEFINED_TRANSFORMATION('','',#11,#79);
#13544 = PRODUCT_DEFINITION_SHAPE('Placement','Placement of an item',
  #13545);
#13545 = NEXT_ASSEMBLY_USAGE_OCCURRENCE('17','','',#5,#13200,$);
#13546 = PRODUCT_RELATED_PRODUCT_CATEGORY('part',$,(#13202));
ENDSEC;
END-ISO-10303-21;
