ISO-10303-21;
HEADER;
FILE_DESCRIPTION(('Open CASCADE Model'),'2;1');
FILE_NAME('Open CASCADE Shape Model','2026-09-27T12:05:16',('Author'),(
    'Open CASCADE'),'Open CASCADE STEP processor 8.0','Open CASCADE 8.0'
  ,'Unknown');
FILE_SCHEMA(('AUTOMOTIVE_DESIGN { 1 0 10303 214 1 1 1 1 }'));
ENDSEC;
DATA;
#1 = APPLICATION_PROTOCOL_DEFINITION('international standard',
  'automotive_design',2000,#2);
#2 = APPLICATION_CONTEXT(
  'core data for automotive mechanical design processes');
#3 = SHAPE_DEFINITION_REPRESENTATION(#4,#10);
#4 = PRODUCT_DEFINITION_SHAPE('','',#5);
#5 = PRODUCT_DEFINITION('design','',#6,#9);
#6 = PRODUCT_DEFINITION_FORMATION('','',#7);
#7 = PRODUCT('Open CASCADE STEP translator 8.0 3',
  'Open CASCADE STEP translator 8.0 3','',(#8));
#8 = PRODUCT_CONTEXT('',#2,'mechanical');
#9 = PRODUCT_DEFINITION_CONTEXT('part definition',#2,'design');
#10 = ADVANCED_BREP_SHAPE_REPRESENTATION('',(#11,#15),#2695);
#11 = AXIS2_PLACEMENT_3D('',#12,#13,#14);
#12 = CARTESIAN_POINT('',(0.,0.,0.));
#13 = DIRECTION('',(0.,0.,1.));
#14 = DIRECTION('',(1.,0.,-0.));
#15 = MANIFOLD_SOLID_BREP('',#16);
#16 = CLOSED_SHELL('',(#17,#135,#205,#275,#1341,#2120,#2145,#2170,#2195,
    #2220,#2227,#2253,#2279,#2305,#2331,#2357,#2383,#2409,#2435,#2461,
    #2487,#2513,#2539,#2565,#2591,#2617,#2643,#2669));
#17 = ADVANCED_FACE('',(#18),#31,.T.);
#18 = FACE_BOUND('',#19,.T.);
#19 = EDGE_LOOP('',(#20,#55,#83,#109));
#20 = ORIENTED_EDGE('',*,*,#21,.T.);
#21 = EDGE_CURVE('',#22,#24,#26,.T.);
#22 = VERTEX_POINT('',#23);
#23 = CARTESIAN_POINT('',(103.,100.,0.));
#24 = VERTEX_POINT('',#25);
#25 = CARTESIAN_POINT('',(103.,100.,1.2));
#26 = SURFACE_CURVE('',#27,(#30,#44),.PCURVE_S1.);
#27 = B_SPLINE_CURVE_WITH_KNOTS('',1,(#28,#29),.UNSPECIFIED.,.F.,.F.,(2,
    2),(0.,1.04),.PIECEWISE_BEZIER_KNOTS.);
#28 = CARTESIAN_POINT('',(103.,100.,0.));
#29 = CARTESIAN_POINT('',(103.,100.,1.2));
#30 = PCURVE('',#31,#38);
#31 = ( BOUNDED_SURFACE() B_SPLINE_SURFACE(2,1,(
    (#32,#33)
    ,(#34,#35)
,(#36,#37
  )),.UNSPECIFIED.,.F.,.F.,.F.) B_SPLINE_SURFACE_WITH_KNOTS((3,3),(2,2),
  (0.,1.570795544804),(-1.04,0.),.PIECEWISE_BEZIER_KNOTS.) 
GEOMETRIC_REPRESENTATION_ITEM() RATIONAL_B_SPLINE_SURFACE((
    (1.,1.)
    ,(0.707107057662,0.707107057662)
,(1.,1.))) REPRESENTATION_ITEM('') SURFACE() );
#32 = CARTESIAN_POINT('',(102.99999999999,100.,1.2));
#33 = CARTESIAN_POINT('',(102.99999999999,100.,0.));
#34 = CARTESIAN_POINT('',(105.99999882701,99.999998827014,1.2));
#35 = CARTESIAN_POINT('',(105.99999882701,99.999998827014,0.));
#36 = CARTESIAN_POINT('',(105.99999999999,97.,1.2));
#37 = CARTESIAN_POINT('',(105.99999999999,97.,0.));
#38 = DEFINITIONAL_REPRESENTATION('',(#39),#43);
#39 = B_SPLINE_CURVE_WITH_KNOTS('',2,(#40,#41,#42),.UNSPECIFIED.,.F.,.F.
  ,(3,3),(0.,1.04),.PIECEWISE_BEZIER_KNOTS.);
#40 = CARTESIAN_POINT('',(1.273265472889E-12,0.));
#41 = CARTESIAN_POINT('',(1.273265472889E-12,-0.52));
#42 = CARTESIAN_POINT('',(1.273265472889E-12,-1.04));
#43 = ( GEOMETRIC_REPRESENTATION_CONTEXT(2) 
PARAMETRIC_REPRESENTATION_CONTEXT() REPRESENTATION_CONTEXT('2D SPACE',''
  ) );
#44 = PCURVE('',#45,#50);
#45 = B_SPLINE_SURFACE_WITH_KNOTS('',1,1,(
    (#46,#47)
    ,(#48,#49
    )),.UNSPECIFIED.,.F.,.F.,.F.,(2,2),(2,2),(0.,100.),(-1.04,0.),
  .PIECEWISE_BEZIER_KNOTS.);
#46 = CARTESIAN_POINT('',(3.,100.,1.2));
#47 = CARTESIAN_POINT('',(3.,100.,0.));
#48 = CARTESIAN_POINT('',(103.,100.,1.2));
#49 = CARTESIAN_POINT('',(103.,100.,0.));
#50 = DEFINITIONAL_REPRESENTATION('',(#51),#54);
#51 = B_SPLINE_CURVE_WITH_KNOTS('',1,(#52,#53),.UNSPECIFIED.,.F.,.F.,(2,
    2),(0.,1.04),.PIECEWISE_BEZIER_KNOTS.);
#52 = CARTESIAN_POINT('',(100.,0.));
#53 = CARTESIAN_POINT('',(100.,-1.04));
#54 = ( GEOMETRIC_REPRESENTATION_CONTEXT(2) 
PARAMETRIC_REPRESENTATION_CONTEXT() REPRESENTATION_CONTEXT('2D SPACE',''
  ) );
#55 = ORIENTED_EDGE('',*,*,#56,.T.);
#56 = EDGE_CURVE('',#24,#57,#59,.T.);
#57 = VERTEX_POINT('',#58);
#58 = CARTESIAN_POINT('',(106.,97.,1.2));
#59 = SURFACE_CURVE('',#60,(#64,#71),.PCURVE_S1.);
#60 = ( BOUNDED_CURVE() B_SPLINE_CURVE(2,(#61,#62,#63),.UNSPECIFIED.,.F.
,.F.) B_SPLINE_CURVE_WITH_KNOTS((3,3),(0.,1.570795544804),
.PIECEWISE_BEZIER_KNOTS.) CURVE() GEOMETRIC_REPRESENTATION_ITEM() 
RATIONAL_B_SPLINE_CURVE((1.,0.707107057662,1.)) REPRESENTATION_ITEM('') 
  );
#61 = CARTESIAN_POINT('',(102.99999999999,100.,1.2));
#62 = CARTESIAN_POINT('',(105.99999882701,99.999998827014,1.2));
#63 = CARTESIAN_POINT('',(105.99999999999,97.,1.2));
#64 = PCURVE('',#31,#65);
#65 = DEFINITIONAL_REPRESENTATION('',(#66),#70);
#66 = B_SPLINE_CURVE_WITH_KNOTS('',2,(#67,#68,#69),.UNSPECIFIED.,.F.,.F.
  ,(3,3),(1.273265472888E-12,1.570795544804),.PIECEWISE_BEZIER_KNOTS.);
#67 = CARTESIAN_POINT('',(1.273265472888E-12,-1.04));
#68 = CARTESIAN_POINT('',(0.785397772403,-1.04));
#69 = CARTESIAN_POINT('',(1.570795544804,-1.04));
#70 = ( GEOMETRIC_REPRESENTATION_CONTEXT(2) 
PARAMETRIC_REPRESENTATION_CONTEXT() REPRESENTATION_CONTEXT('2D SPACE',''
  ) );
#71 = PCURVE('',#72,#77);
#72 = B_SPLINE_SURFACE_WITH_KNOTS('',1,1,(
    (#73,#74)
    ,(#75,#76
    )),.UNSPECIFIED.,.F.,.F.,.F.,(2,2),(2,2),(0.,106.),(0.,100.),
  .PIECEWISE_BEZIER_KNOTS.);
#73 = CARTESIAN_POINT('',(0.,0.,1.2));
#74 = CARTESIAN_POINT('',(0.,100.,1.2));
#75 = CARTESIAN_POINT('',(106.,0.,1.2));
#76 = CARTESIAN_POINT('',(106.,100.,1.2));
#77 = DEFINITIONAL_REPRESENTATION('',(#78),#82);
#78 = ( BOUNDED_CURVE() B_SPLINE_CURVE(2,(#79,#80,#81),.UNSPECIFIED.,.F.
,.F.) B_SPLINE_CURVE_WITH_KNOTS((3,3),(0.,1.570795544804),
.PIECEWISE_BEZIER_KNOTS.) CURVE() GEOMETRIC_REPRESENTATION_ITEM() 
RATIONAL_B_SPLINE_CURVE((1.,0.707107057662,1.)) REPRESENTATION_ITEM('') 
  );
#79 = CARTESIAN_POINT('',(102.99999999999,100.));
#80 = CARTESIAN_POINT('',(105.99999882701,99.999998827014));
#81 = CARTESIAN_POINT('',(105.99999999999,97.));
#82 = ( GEOMETRIC_REPRESENTATION_CONTEXT(2) 
PARAMETRIC_REPRESENTATION_CONTEXT() REPRESENTATION_CONTEXT('2D SPACE',''
  ) );
#83 = ORIENTED_EDGE('',*,*,#84,.F.);
#84 = EDGE_CURVE('',#85,#57,#87,.T.);
#85 = VERTEX_POINT('',#86);
#86 = CARTESIAN_POINT('',(106.,97.,0.));
#87 = SURFACE_CURVE('',#88,(#91,#98),.PCURVE_S1.);
#88 = B_SPLINE_CURVE_WITH_KNOTS('',1,(#89,#90),.UNSPECIFIED.,.F.,.F.,(2,
    2),(0.,1.04),.PIECEWISE_BEZIER_KNOTS.);
#89 = CARTESIAN_POINT('',(106.,97.,0.));
#90 = CARTESIAN_POINT('',(106.,97.,1.2));
#91 = PCURVE('',#31,#92);
#92 = DEFINITIONAL_REPRESENTATION('',(#93),#97);
#93 = B_SPLINE_CURVE_WITH_KNOTS('',2,(#94,#95,#96),.UNSPECIFIED.,.F.,.F.
  ,(3,3),(0.,1.04),.PIECEWISE_BEZIER_KNOTS.);
#94 = CARTESIAN_POINT('',(1.570795544804,0.));
#95 = CARTESIAN_POINT('',(1.570795544804,-0.52));
#96 = CARTESIAN_POINT('',(1.570795544804,-1.04));
#97 = ( GEOMETRIC_REPRESENTATION_CONTEXT(2) 
PARAMETRIC_REPRESENTATION_CONTEXT() REPRESENTATION_CONTEXT('2D SPACE',''
  ) );
#98 = PCURVE('',#99,#104);
#99 = B_SPLINE_SURFACE_WITH_KNOTS('',1,1,(
    (#100,#101)
    ,(#102,#103
    )),.UNSPECIFIED.,.F.,.F.,.F.,(2,2),(2,2),(0.,94.),(-1.04,0.),
  .PIECEWISE_BEZIER_KNOTS.);
#100 = CARTESIAN_POINT('',(106.,97.,1.2));
#101 = CARTESIAN_POINT('',(106.,97.,0.));
#102 = CARTESIAN_POINT('',(106.,3.,1.2));
#103 = CARTESIAN_POINT('',(106.,3.,0.));
#104 = DEFINITIONAL_REPRESENTATION('',(#105),#108);
#105 = B_SPLINE_CURVE_WITH_KNOTS('',1,(#106,#107),.UNSPECIFIED.,.F.,.F.,
  (2,2),(0.,1.04),.PIECEWISE_BEZIER_KNOTS.);
#106 = CARTESIAN_POINT('',(0.,0.));
#107 = CARTESIAN_POINT('',(0.,-1.04));
#108 = ( GEOMETRIC_REPRESENTATION_CONTEXT(2) 
PARAMETRIC_REPRESENTATION_CONTEXT() REPRESENTATION_CONTEXT('2D SPACE',''
  ) );
#109 = ORIENTED_EDGE('',*,*,#110,.F.);
#110 = EDGE_CURVE('',#22,#85,#111,.T.);
#111 = SURFACE_CURVE('',#112,(#116,#123),.PCURVE_S1.);
#112 = ( BOUNDED_CURVE() B_SPLINE_CURVE(2,(#113,#114,#115),
.UNSPECIFIED.,.F.,.F.) B_SPLINE_CURVE_WITH_KNOTS((3,3),(0.,
1.570795544804),.PIECEWISE_BEZIER_KNOTS.) CURVE() 
GEOMETRIC_REPRESENTATION_ITEM() RATIONAL_B_SPLINE_CURVE((1.,
0.707107057662,1.)) REPRESENTATION_ITEM('') );
#113 = CARTESIAN_POINT('',(102.99999999999,100.,0.));
#114 = CARTESIAN_POINT('',(105.99999882701,99.999998827014,0.));
#115 = CARTESIAN_POINT('',(105.99999999999,97.,0.));
#116 = PCURVE('',#31,#117);
#117 = DEFINITIONAL_REPRESENTATION('',(#118),#122);
#118 = B_SPLINE_CURVE_WITH_KNOTS('',2,(#119,#120,#121),.UNSPECIFIED.,.F.
  ,.F.,(3,3),(1.273265472888E-12,1.570795544804),
  .PIECEWISE_BEZIER_KNOTS.);
#119 = CARTESIAN_POINT('',(1.273265472888E-12,0.));
#120 = CARTESIAN_POINT('',(0.785397772403,1.17523110734E-16));
#121 = CARTESIAN_POINT('',(1.570795544804,0.));
#122 = ( GEOMETRIC_REPRESENTATION_CONTEXT(2) 
PARAMETRIC_REPRESENTATION_CONTEXT() REPRESENTATION_CONTEXT('2D SPACE',''
  ) );
#123 = PCURVE('',#124,#129);
#124 = B_SPLINE_SURFACE_WITH_KNOTS('',1,1,(
    (#125,#126)
    ,(#127,#128
    )),.UNSPECIFIED.,.F.,.F.,.F.,(2,2),(2,2),(0.,106.),(0.,100.),
  .PIECEWISE_BEZIER_KNOTS.);
#125 = CARTESIAN_POINT('',(0.,0.,0.));
#126 = CARTESIAN_POINT('',(0.,100.,0.));
#127 = CARTESIAN_POINT('',(106.,0.,0.));
#128 = CARTESIAN_POINT('',(106.,100.,0.));
#129 = DEFINITIONAL_REPRESENTATION('',(#130),#134);
#130 = ( BOUNDED_CURVE() B_SPLINE_CURVE(2,(#131,#132,#133),
.UNSPECIFIED.,.F.,.F.) B_SPLINE_CURVE_WITH_KNOTS((3,3),(0.,
1.570795544804),.PIECEWISE_BEZIER_KNOTS.) CURVE() 
GEOMETRIC_REPRESENTATION_ITEM() RATIONAL_B_SPLINE_CURVE((1.,
0.707107057662,1.)) REPRESENTATION_ITEM('') );
#131 = CARTESIAN_POINT('',(102.99999999999,100.));
#132 = CARTESIAN_POINT('',(105.99999882701,99.999998827014));
#133 = CARTESIAN_POINT('',(105.99999999999,97.));
#134 = ( GEOMETRIC_REPRESENTATION_CONTEXT(2) 
PARAMETRIC_REPRESENTATION_CONTEXT() REPRESENTATION_CONTEXT('2D SPACE',''
  ) );
#135 = ADVANCED_FACE('',(#136),#45,.T.);
#136 = FACE_BOUND('',#137,.T.);
#137 = EDGE_LOOP('',(#138,#168,#186,#187));
#138 = ORIENTED_EDGE('',*,*,#139,.T.);
#139 = EDGE_CURVE('',#140,#142,#144,.T.);
#140 = VERTEX_POINT('',#141);
#141 = CARTESIAN_POINT('',(3.,100.,0.));
#142 = VERTEX_POINT('',#143);
#143 = CARTESIAN_POINT('',(3.,100.,1.2));
#144 = SURFACE_CURVE('',#145,(#148,#154),.PCURVE_S1.);
#145 = B_SPLINE_CURVE_WITH_KNOTS('',1,(#146,#147),.UNSPECIFIED.,.F.,.F.,
  (2,2),(0.,1.04),.PIECEWISE_BEZIER_KNOTS.);
#146 = CARTESIAN_POINT('',(3.,100.,0.));
#147 = CARTESIAN_POINT('',(3.,100.,1.2));
#148 = PCURVE('',#45,#149);
#149 = DEFINITIONAL_REPRESENTATION('',(#150),#153);
#150 = B_SPLINE_CURVE_WITH_KNOTS('',1,(#151,#152),.UNSPECIFIED.,.F.,.F.,
  (2,2),(0.,1.04),.PIECEWISE_BEZIER_KNOTS.);
#151 = CARTESIAN_POINT('',(0.,0.));
#152 = CARTESIAN_POINT('',(0.,-1.04));
#153 = ( GEOMETRIC_REPRESENTATION_CONTEXT(2) 
PARAMETRIC_REPRESENTATION_CONTEXT() REPRESENTATION_CONTEXT('2D SPACE',''
  ) );
#154 = PCURVE('',#155,#162);
#155 = ( BOUNDED_SURFACE() B_SPLINE_SURFACE(2,1,(
    (#156,#157)
    ,(#158,#159)
,(#160,#161
    )),.UNSPECIFIED.,.F.,.F.,.F.) B_SPLINE_SURFACE_WITH_KNOTS((3,3),(2,2
    ),(0.,1.570795544804),(-1.04,0.),.PIECEWISE_BEZIER_KNOTS.) 
GEOMETRIC_REPRESENTATION_ITEM() RATIONAL_B_SPLINE_SURFACE((
    (1.,1.)
    ,(0.707107057662,0.707107057662)
,(1.,1.))) REPRESENTATION_ITEM('') SURFACE() );
#156 = CARTESIAN_POINT('',(2.291500322826E-13,97.,1.2));
#157 = CARTESIAN_POINT('',(2.291500322826E-13,97.,0.));
#158 = CARTESIAN_POINT('',(1.172985855558E-06,99.999998827014,1.2));
#159 = CARTESIAN_POINT('',(1.172985855558E-06,99.999998827014,0.));
#160 = CARTESIAN_POINT('',(3.,100.,1.2));
#161 = CARTESIAN_POINT('',(3.,100.,0.));
#162 = DEFINITIONAL_REPRESENTATION('',(#163),#167);
#163 = B_SPLINE_CURVE_WITH_KNOTS('',2,(#164,#165,#166),.UNSPECIFIED.,.F.
  ,.F.,(3,3),(0.,1.04),.PIECEWISE_BEZIER_KNOTS.);
#164 = CARTESIAN_POINT('',(1.570795544804,0.));
#165 = CARTESIAN_POINT('',(1.570795544804,-0.52));
#166 = CARTESIAN_POINT('',(1.570795544804,-1.04));
#167 = ( GEOMETRIC_REPRESENTATION_CONTEXT(2) 
PARAMETRIC_REPRESENTATION_CONTEXT() REPRESENTATION_CONTEXT('2D SPACE',''
  ) );
#168 = ORIENTED_EDGE('',*,*,#169,.T.);
#169 = EDGE_CURVE('',#142,#24,#170,.T.);
#170 = SURFACE_CURVE('',#171,(#174,#180),.PCURVE_S1.);
#171 = B_SPLINE_CURVE_WITH_KNOTS('',1,(#172,#173),.UNSPECIFIED.,.F.,.F.,
  (2,2),(0.,100.),.PIECEWISE_BEZIER_KNOTS.);
#172 = CARTESIAN_POINT('',(3.,100.,1.2));
#173 = CARTESIAN_POINT('',(103.,100.,1.2));
#174 = PCURVE('',#45,#175);
#175 = DEFINITIONAL_REPRESENTATION('',(#176),#179);
#176 = B_SPLINE_CURVE_WITH_KNOTS('',1,(#177,#178),.UNSPECIFIED.,.F.,.F.,
  (2,2),(0.,100.),.PIECEWISE_BEZIER_KNOTS.);
#177 = CARTESIAN_POINT('',(0.,-1.04));
#178 = CARTESIAN_POINT('',(100.,-1.04));
#179 = ( GEOMETRIC_REPRESENTATION_CONTEXT(2) 
PARAMETRIC_REPRESENTATION_CONTEXT() REPRESENTATION_CONTEXT('2D SPACE',''
  ) );
#180 = PCURVE('',#72,#181);
#181 = DEFINITIONAL_REPRESENTATION('',(#182),#185);
#182 = B_SPLINE_CURVE_WITH_KNOTS('',1,(#183,#184),.UNSPECIFIED.,.F.,.F.,
  (2,2),(0.,100.),.PIECEWISE_BEZIER_KNOTS.);
#183 = CARTESIAN_POINT('',(3.,100.));
#184 = CARTESIAN_POINT('',(103.,100.));
#185 = ( GEOMETRIC_REPRESENTATION_CONTEXT(2) 
PARAMETRIC_REPRESENTATION_CONTEXT() REPRESENTATION_CONTEXT('2D SPACE',''
  ) );
#186 = ORIENTED_EDGE('',*,*,#21,.F.);
#187 = ORIENTED_EDGE('',*,*,#188,.F.);
#188 = EDGE_CURVE('',#140,#22,#189,.T.);
#189 = SURFACE_CURVE('',#190,(#193,#199),.PCURVE_S1.);
#190 = B_SPLINE_CURVE_WITH_KNOTS('',1,(#191,#192),.UNSPECIFIED.,.F.,.F.,
  (2,2),(0.,100.),.PIECEWISE_BEZIER_KNOTS.);
#191 = CARTESIAN_POINT('',(3.,100.,0.));
#192 = CARTESIAN_POINT('',(103.,100.,0.));
#193 = PCURVE('',#45,#194);
#194 = DEFINITIONAL_REPRESENTATION('',(#195),#198);
#195 = B_SPLINE_CURVE_WITH_KNOTS('',1,(#196,#197),.UNSPECIFIED.,.F.,.F.,
  (2,2),(0.,100.),.PIECEWISE_BEZIER_KNOTS.);
#196 = CARTESIAN_POINT('',(0.,0.));
#197 = CARTESIAN_POINT('',(100.,0.));
#198 = ( GEOMETRIC_REPRESENTATION_CONTEXT(2) 
PARAMETRIC_REPRESENTATION_CONTEXT() REPRESENTATION_CONTEXT('2D SPACE',''
  ) );
#199 = PCURVE('',#124,#200);
#200 = DEFINITIONAL_REPRESENTATION('',(#201),#204);
#201 = B_SPLINE_CURVE_WITH_KNOTS('',1,(#202,#203),.UNSPECIFIED.,.F.,.F.,
  (2,2),(0.,100.),.PIECEWISE_BEZIER_KNOTS.);
#202 = CARTESIAN_POINT('',(3.,100.));
#203 = CARTESIAN_POINT('',(103.,100.));
#204 = ( GEOMETRIC_REPRESENTATION_CONTEXT(2) 
PARAMETRIC_REPRESENTATION_CONTEXT() REPRESENTATION_CONTEXT('2D SPACE',''
  ) );
#205 = ADVANCED_FACE('',(#206),#99,.T.);
#206 = FACE_BOUND('',#207,.T.);
#207 = EDGE_LOOP('',(#208,#209,#229,#257));
#208 = ORIENTED_EDGE('',*,*,#84,.T.);
#209 = ORIENTED_EDGE('',*,*,#210,.T.);
#210 = EDGE_CURVE('',#57,#211,#213,.T.);
#211 = VERTEX_POINT('',#212);
#212 = CARTESIAN_POINT('',(106.,3.,1.2));
#213 = SURFACE_CURVE('',#214,(#217,#223),.PCURVE_S1.);
#214 = B_SPLINE_CURVE_WITH_KNOTS('',1,(#215,#216),.UNSPECIFIED.,.F.,.F.,
  (2,2),(0.,94.),.PIECEWISE_BEZIER_KNOTS.);
#215 = CARTESIAN_POINT('',(106.,97.,1.2));
#216 = CARTESIAN_POINT('',(106.,3.,1.2));
#217 = PCURVE('',#99,#218);
#218 = DEFINITIONAL_REPRESENTATION('',(#219),#222);
#219 = B_SPLINE_CURVE_WITH_KNOTS('',1,(#220,#221),.UNSPECIFIED.,.F.,.F.,
  (2,2),(0.,94.),.PIECEWISE_BEZIER_KNOTS.);
#220 = CARTESIAN_POINT('',(0.,-1.04));
#221 = CARTESIAN_POINT('',(94.,-1.04));
#222 = ( GEOMETRIC_REPRESENTATION_CONTEXT(2) 
PARAMETRIC_REPRESENTATION_CONTEXT() REPRESENTATION_CONTEXT('2D SPACE',''
  ) );
#223 = PCURVE('',#72,#224);
#224 = DEFINITIONAL_REPRESENTATION('',(#225),#228);
#225 = B_SPLINE_CURVE_WITH_KNOTS('',1,(#226,#227),.UNSPECIFIED.,.F.,.F.,
  (2,2),(0.,94.),.PIECEWISE_BEZIER_KNOTS.);
#226 = CARTESIAN_POINT('',(106.,97.));
#227 = CARTESIAN_POINT('',(106.,3.));
#228 = ( GEOMETRIC_REPRESENTATION_CONTEXT(2) 
PARAMETRIC_REPRESENTATION_CONTEXT() REPRESENTATION_CONTEXT('2D SPACE',''
  ) );
#229 = ORIENTED_EDGE('',*,*,#230,.F.);
#230 = EDGE_CURVE('',#231,#211,#233,.T.);
#231 = VERTEX_POINT('',#232);
#232 = CARTESIAN_POINT('',(106.,3.,0.));
#233 = SURFACE_CURVE('',#234,(#237,#243),.PCURVE_S1.);
#234 = B_SPLINE_CURVE_WITH_KNOTS('',1,(#235,#236),.UNSPECIFIED.,.F.,.F.,
  (2,2),(0.,1.04),.PIECEWISE_BEZIER_KNOTS.);
#235 = CARTESIAN_POINT('',(106.,3.,0.));
#236 = CARTESIAN_POINT('',(106.,3.,1.2));
#237 = PCURVE('',#99,#238);
#238 = DEFINITIONAL_REPRESENTATION('',(#239),#242);
#239 = B_SPLINE_CURVE_WITH_KNOTS('',1,(#240,#241),.UNSPECIFIED.,.F.,.F.,
  (2,2),(0.,1.04),.PIECEWISE_BEZIER_KNOTS.);
#240 = CARTESIAN_POINT('',(94.,0.));
#241 = CARTESIAN_POINT('',(94.,-1.04));
#242 = ( GEOMETRIC_REPRESENTATION_CONTEXT(2) 
PARAMETRIC_REPRESENTATION_CONTEXT() REPRESENTATION_CONTEXT('2D SPACE',''
  ) );
#243 = PCURVE('',#244,#251);
#244 = ( BOUNDED_SURFACE() B_SPLINE_SURFACE(2,1,(
    (#245,#246)
    ,(#247,#248)
,(#249,#250
    )),.UNSPECIFIED.,.F.,.F.,.F.) B_SPLINE_SURFACE_WITH_KNOTS((3,3),(2,2
    ),(0.,1.570795544803),(-1.04,0.),.PIECEWISE_BEZIER_KNOTS.) 
GEOMETRIC_REPRESENTATION_ITEM() RATIONAL_B_SPLINE_SURFACE((
    (1.,1.)
    ,(0.707107057662,0.707107057662)
,(1.,1.))) REPRESENTATION_ITEM('') SURFACE() );
#245 = CARTESIAN_POINT('',(105.99999999999,3.,1.2));
#246 = CARTESIAN_POINT('',(105.99999999999,3.,0.));
#247 = CARTESIAN_POINT('',(105.99999882701,1.172989302134E-06,1.2));
#248 = CARTESIAN_POINT('',(105.99999882701,1.172989302134E-06,0.));
#249 = CARTESIAN_POINT('',(103.,2.295941214925E-13,1.2));
#250 = CARTESIAN_POINT('',(103.,2.295941214925E-13,0.));
#251 = DEFINITIONAL_REPRESENTATION('',(#252),#256);
#252 = B_SPLINE_CURVE_WITH_KNOTS('',2,(#253,#254,#255),.UNSPECIFIED.,.F.
  ,.F.,(3,3),(0.,1.04),.PIECEWISE_BEZIER_KNOTS.);
#253 = CARTESIAN_POINT('',(1.667210256325E-13,5.891840028408E-30));
#254 = CARTESIAN_POINT('',(1.667210256325E-13,-0.52));
#255 = CARTESIAN_POINT('',(1.667210256325E-13,-1.04));
#256 = ( GEOMETRIC_REPRESENTATION_CONTEXT(2) 
PARAMETRIC_REPRESENTATION_CONTEXT() REPRESENTATION_CONTEXT('2D SPACE',''
  ) );
#257 = ORIENTED_EDGE('',*,*,#258,.F.);
#258 = EDGE_CURVE('',#85,#231,#259,.T.);
#259 = SURFACE_CURVE('',#260,(#263,#269),.PCURVE_S1.);
#260 = B_SPLINE_CURVE_WITH_KNOTS('',1,(#261,#262),.UNSPECIFIED.,.F.,.F.,
  (2,2),(0.,94.),.PIECEWISE_BEZIER_KNOTS.);
#261 = CARTESIAN_POINT('',(106.,97.,0.));
#262 = CARTESIAN_POINT('',(106.,3.,0.));
#263 = PCURVE('',#99,#264);
#264 = DEFINITIONAL_REPRESENTATION('',(#265),#268);
#265 = B_SPLINE_CURVE_WITH_KNOTS('',1,(#266,#267),.UNSPECIFIED.,.F.,.F.,
  (2,2),(0.,94.),.PIECEWISE_BEZIER_KNOTS.);
#266 = CARTESIAN_POINT('',(0.,0.));
#267 = CARTESIAN_POINT('',(94.,0.));
#268 = ( GEOMETRIC_REPRESENTATION_CONTEXT(2) 
PARAMETRIC_REPRESENTATION_CONTEXT() REPRESENTATION_CONTEXT('2D SPACE',''
  ) );
#269 = PCURVE('',#124,#270);
#270 = DEFINITIONAL_REPRESENTATION('',(#271),#274);
#271 = B_SPLINE_CURVE_WITH_KNOTS('',1,(#272,#273),.UNSPECIFIED.,.F.,.F.,
  (2,2),(0.,94.),.PIECEWISE_BEZIER_KNOTS.);
#272 = CARTESIAN_POINT('',(106.,97.));
#273 = CARTESIAN_POINT('',(106.,3.));
#274 = ( GEOMETRIC_REPRESENTATION_CONTEXT(2) 
PARAMETRIC_REPRESENTATION_CONTEXT() REPRESENTATION_CONTEXT('2D SPACE',''
  ) );
#275 = ADVANCED_FACE('',(#276,#405,#457,#509,#561,#613,#665,#717,#769,
    #821,#873,#925,#977,#1029,#1081,#1133,#1185,#1237,#1289),#124,.F.);
#276 = FACE_BOUND('',#277,.F.);
#277 = EDGE_LOOP('',(#278,#279,#280,#303,#328,#358,#383,#404));
#278 = ORIENTED_EDGE('',*,*,#110,.F.);
#279 = ORIENTED_EDGE('',*,*,#188,.F.);
#280 = ORIENTED_EDGE('',*,*,#281,.F.);
#281 = EDGE_CURVE('',#282,#140,#284,.T.);
#282 = VERTEX_POINT('',#283);
#283 = CARTESIAN_POINT('',(1.7763568394E-15,97.,0.));
#284 = SURFACE_CURVE('',#285,(#289,#296),.PCURVE_S1.);
#285 = ( BOUNDED_CURVE() B_SPLINE_CURVE(2,(#286,#287,#288),
.UNSPECIFIED.,.F.,.F.) B_SPLINE_CURVE_WITH_KNOTS((3,3),(0.,
1.570795544804),.PIECEWISE_BEZIER_KNOTS.) CURVE() 
GEOMETRIC_REPRESENTATION_ITEM() RATIONAL_B_SPLINE_CURVE((1.,
0.707107057662,1.)) REPRESENTATION_ITEM('') );
#286 = CARTESIAN_POINT('',(2.291500322826E-13,97.,0.));
#287 = CARTESIAN_POINT('',(1.172985855558E-06,99.999998827014,0.));
#288 = CARTESIAN_POINT('',(3.,100.,0.));
#289 = PCURVE('',#124,#290);
#290 = DEFINITIONAL_REPRESENTATION('',(#291),#295);
#291 = ( BOUNDED_CURVE() B_SPLINE_CURVE(2,(#292,#293,#294),
.UNSPECIFIED.,.F.,.F.) B_SPLINE_CURVE_WITH_KNOTS((3,3),(0.,
1.570795544804),.PIECEWISE_BEZIER_KNOTS.) CURVE() 
GEOMETRIC_REPRESENTATION_ITEM() RATIONAL_B_SPLINE_CURVE((1.,
0.707107057662,1.)) REPRESENTATION_ITEM('') );
#292 = CARTESIAN_POINT('',(2.291500322826E-13,97.));
#293 = CARTESIAN_POINT('',(1.172985855558E-06,99.999998827014));
#294 = CARTESIAN_POINT('',(3.,100.));
#295 = ( GEOMETRIC_REPRESENTATION_CONTEXT(2) 
PARAMETRIC_REPRESENTATION_CONTEXT() REPRESENTATION_CONTEXT('2D SPACE',''
  ) );
#296 = PCURVE('',#155,#297);
#297 = DEFINITIONAL_REPRESENTATION('',(#298),#302);
#298 = B_SPLINE_CURVE_WITH_KNOTS('',2,(#299,#300,#301),.UNSPECIFIED.,.F.
  ,.F.,(3,3),(1.683656538027E-13,1.570795544804),
  .PIECEWISE_BEZIER_KNOTS.);
#299 = CARTESIAN_POINT('',(1.683656538027E-13,0.));
#300 = CARTESIAN_POINT('',(0.785397772402,-1.127922398978E-32));
#301 = CARTESIAN_POINT('',(1.570795544804,1.162101865614E-32));
#302 = ( GEOMETRIC_REPRESENTATION_CONTEXT(2) 
PARAMETRIC_REPRESENTATION_CONTEXT() REPRESENTATION_CONTEXT('2D SPACE',''
  ) );
#303 = ORIENTED_EDGE('',*,*,#304,.F.);
#304 = EDGE_CURVE('',#305,#282,#307,.T.);
#305 = VERTEX_POINT('',#306);
#306 = CARTESIAN_POINT('',(0.,3.,0.));
#307 = SURFACE_CURVE('',#308,(#311,#317),.PCURVE_S1.);
#308 = B_SPLINE_CURVE_WITH_KNOTS('',1,(#309,#310),.UNSPECIFIED.,.F.,.F.,
  (2,2),(0.,94.),.PIECEWISE_BEZIER_KNOTS.);
#309 = CARTESIAN_POINT('',(0.,3.,0.));
#310 = CARTESIAN_POINT('',(0.,97.,0.));
#311 = PCURVE('',#124,#312);
#312 = DEFINITIONAL_REPRESENTATION('',(#313),#316);
#313 = B_SPLINE_CURVE_WITH_KNOTS('',1,(#314,#315),.UNSPECIFIED.,.F.,.F.,
  (2,2),(0.,94.),.PIECEWISE_BEZIER_KNOTS.);
#314 = CARTESIAN_POINT('',(0.,3.));
#315 = CARTESIAN_POINT('',(0.,97.));
#316 = ( GEOMETRIC_REPRESENTATION_CONTEXT(2) 
PARAMETRIC_REPRESENTATION_CONTEXT() REPRESENTATION_CONTEXT('2D SPACE',''
  ) );
#317 = PCURVE('',#318,#323);
#318 = B_SPLINE_SURFACE_WITH_KNOTS('',1,1,(
    (#319,#320)
    ,(#321,#322
    )),.UNSPECIFIED.,.F.,.F.,.F.,(2,2),(2,2),(0.,94.),(-1.04,0.),
  .PIECEWISE_BEZIER_KNOTS.);
#319 = CARTESIAN_POINT('',(0.,3.,1.2));
#320 = CARTESIAN_POINT('',(0.,3.,0.));
#321 = CARTESIAN_POINT('',(0.,97.,1.2));
#322 = CARTESIAN_POINT('',(0.,97.,0.));
#323 = DEFINITIONAL_REPRESENTATION('',(#324),#327);
#324 = B_SPLINE_CURVE_WITH_KNOTS('',1,(#325,#326),.UNSPECIFIED.,.F.,.F.,
  (2,2),(0.,94.),.PIECEWISE_BEZIER_KNOTS.);
#325 = CARTESIAN_POINT('',(0.,0.));
#326 = CARTESIAN_POINT('',(94.,0.));
#327 = ( GEOMETRIC_REPRESENTATION_CONTEXT(2) 
PARAMETRIC_REPRESENTATION_CONTEXT() REPRESENTATION_CONTEXT('2D SPACE',''
  ) );
#328 = ORIENTED_EDGE('',*,*,#329,.F.);
#329 = EDGE_CURVE('',#330,#305,#332,.T.);
#330 = VERTEX_POINT('',#331);
#331 = CARTESIAN_POINT('',(3.,-2.22044604925E-16,0.));
#332 = SURFACE_CURVE('',#333,(#337,#344),.PCURVE_S1.);
#333 = ( BOUNDED_CURVE() B_SPLINE_CURVE(2,(#334,#335,#336),
.UNSPECIFIED.,.F.,.F.) B_SPLINE_CURVE_WITH_KNOTS((3,3),(0.,
1.570795544804),.PIECEWISE_BEZIER_KNOTS.) CURVE() 
GEOMETRIC_REPRESENTATION_ITEM() RATIONAL_B_SPLINE_CURVE((1.,
0.707107057662,1.)) REPRESENTATION_ITEM('') );
#334 = CARTESIAN_POINT('',(3.,2.291500322826E-13,0.));
#335 = CARTESIAN_POINT('',(1.172986312081E-06,1.172985858222E-06,0.));
#336 = CARTESIAN_POINT('',(2.295941214925E-13,3.,0.));
#337 = PCURVE('',#124,#338);
#338 = DEFINITIONAL_REPRESENTATION('',(#339),#343);
#339 = ( BOUNDED_CURVE() B_SPLINE_CURVE(2,(#340,#341,#342),
.UNSPECIFIED.,.F.,.F.) B_SPLINE_CURVE_WITH_KNOTS((3,3),(0.,
1.570795544804),.PIECEWISE_BEZIER_KNOTS.) CURVE() 
GEOMETRIC_REPRESENTATION_ITEM() RATIONAL_B_SPLINE_CURVE((1.,
0.707107057662,1.)) REPRESENTATION_ITEM('') );
#340 = CARTESIAN_POINT('',(3.,2.291500322826E-13));
#341 = CARTESIAN_POINT('',(1.172986312081E-06,1.172985858222E-06));
#342 = CARTESIAN_POINT('',(2.295941214925E-13,3.));
#343 = ( GEOMETRIC_REPRESENTATION_CONTEXT(2) 
PARAMETRIC_REPRESENTATION_CONTEXT() REPRESENTATION_CONTEXT('2D SPACE',''
  ) );
#344 = PCURVE('',#345,#352);
#345 = ( BOUNDED_SURFACE() B_SPLINE_SURFACE(2,1,(
    (#346,#347)
    ,(#348,#349)
,(#350,#351
    )),.UNSPECIFIED.,.F.,.F.,.F.) B_SPLINE_SURFACE_WITH_KNOTS((3,3),(2,2
    ),(0.,1.570795544804),(-1.04,0.),.PIECEWISE_BEZIER_KNOTS.) 
GEOMETRIC_REPRESENTATION_ITEM() RATIONAL_B_SPLINE_SURFACE((
    (1.,1.)
    ,(0.707107057662,0.707107057662)
,(1.,1.))) REPRESENTATION_ITEM('') SURFACE() );
#346 = CARTESIAN_POINT('',(3.,2.291500322826E-13,1.2));
#347 = CARTESIAN_POINT('',(3.,2.291500322826E-13,0.));
#348 = CARTESIAN_POINT('',(1.172986312081E-06,1.172985858222E-06,1.2));
#349 = CARTESIAN_POINT('',(1.172986312081E-06,1.172985858222E-06,0.));
#350 = CARTESIAN_POINT('',(2.295941214925E-13,3.,1.2));
#351 = CARTESIAN_POINT('',(2.295941214925E-13,3.,0.));
#352 = DEFINITIONAL_REPRESENTATION('',(#353),#357);
#353 = B_SPLINE_CURVE_WITH_KNOTS('',2,(#354,#355,#356),.UNSPECIFIED.,.F.
  ,.F.,(3,3),(1.680368142815E-13,1.570795544804),
  .PIECEWISE_BEZIER_KNOTS.);
#354 = CARTESIAN_POINT('',(1.680368142815E-13,0.));
#355 = CARTESIAN_POINT('',(0.785397772402,-4.38906026711E-17));
#356 = CARTESIAN_POINT('',(1.570795544804,0.));
#357 = ( GEOMETRIC_REPRESENTATION_CONTEXT(2) 
PARAMETRIC_REPRESENTATION_CONTEXT() REPRESENTATION_CONTEXT('2D SPACE',''
  ) );
#358 = ORIENTED_EDGE('',*,*,#359,.F.);
#359 = EDGE_CURVE('',#360,#330,#362,.T.);
#360 = VERTEX_POINT('',#361);
#361 = CARTESIAN_POINT('',(103.,1.7763568394E-15,0.));
#362 = SURFACE_CURVE('',#363,(#366,#372),.PCURVE_S1.);
#363 = B_SPLINE_CURVE_WITH_KNOTS('',1,(#364,#365),.UNSPECIFIED.,.F.,.F.,
  (2,2),(0.,100.),.PIECEWISE_BEZIER_KNOTS.);
#364 = CARTESIAN_POINT('',(103.,0.,0.));
#365 = CARTESIAN_POINT('',(3.,0.,0.));
#366 = PCURVE('',#124,#367);
#367 = DEFINITIONAL_REPRESENTATION('',(#368),#371);
#368 = B_SPLINE_CURVE_WITH_KNOTS('',1,(#369,#370),.UNSPECIFIED.,.F.,.F.,
  (2,2),(0.,100.),.PIECEWISE_BEZIER_KNOTS.);
#369 = CARTESIAN_POINT('',(103.,0.));
#370 = CARTESIAN_POINT('',(3.,0.));
#371 = ( GEOMETRIC_REPRESENTATION_CONTEXT(2) 
PARAMETRIC_REPRESENTATION_CONTEXT() REPRESENTATION_CONTEXT('2D SPACE',''
  ) );
#372 = PCURVE('',#373,#378);
#373 = B_SPLINE_SURFACE_WITH_KNOTS('',1,1,(
    (#374,#375)
    ,(#376,#377
    )),.UNSPECIFIED.,.F.,.F.,.F.,(2,2),(2,2),(0.,100.),(-1.04,0.),
  .PIECEWISE_BEZIER_KNOTS.);
#374 = CARTESIAN_POINT('',(103.,0.,1.2));
#375 = CARTESIAN_POINT('',(103.,0.,0.));
#376 = CARTESIAN_POINT('',(3.,0.,1.2));
#377 = CARTESIAN_POINT('',(3.,0.,0.));
#378 = DEFINITIONAL_REPRESENTATION('',(#379),#382);
#379 = B_SPLINE_CURVE_WITH_KNOTS('',1,(#380,#381),.UNSPECIFIED.,.F.,.F.,
  (2,2),(0.,100.),.PIECEWISE_BEZIER_KNOTS.);
#380 = CARTESIAN_POINT('',(0.,-0.));
#381 = CARTESIAN_POINT('',(100.,0.));
#382 = ( GEOMETRIC_REPRESENTATION_CONTEXT(2) 
PARAMETRIC_REPRESENTATION_CONTEXT() REPRESENTATION_CONTEXT('2D SPACE',''
  ) );
#383 = ORIENTED_EDGE('',*,*,#384,.F.);
#384 = EDGE_CURVE('',#231,#360,#385,.T.);
#385 = SURFACE_CURVE('',#386,(#390,#397),.PCURVE_S1.);
#386 = ( BOUNDED_CURVE() B_SPLINE_CURVE(2,(#387,#388,#389),
.UNSPECIFIED.,.F.,.F.) B_SPLINE_CURVE_WITH_KNOTS((3,3),(0.,
1.570795544803),.PIECEWISE_BEZIER_KNOTS.) CURVE() 
GEOMETRIC_REPRESENTATION_ITEM() RATIONAL_B_SPLINE_CURVE((1.,
0.707107057662,1.)) REPRESENTATION_ITEM('') );
#387 = CARTESIAN_POINT('',(105.99999999999,3.,0.));
#388 = CARTESIAN_POINT('',(105.99999882701,1.172989308351E-06,0.));
#389 = CARTESIAN_POINT('',(103.,2.295941214925E-13,0.));
#390 = PCURVE('',#124,#391);
#391 = DEFINITIONAL_REPRESENTATION('',(#392),#396);
#392 = ( BOUNDED_CURVE() B_SPLINE_CURVE(2,(#393,#394,#395),
.UNSPECIFIED.,.F.,.F.) B_SPLINE_CURVE_WITH_KNOTS((3,3),(0.,
1.570795544803),.PIECEWISE_BEZIER_KNOTS.) CURVE() 
GEOMETRIC_REPRESENTATION_ITEM() RATIONAL_B_SPLINE_CURVE((1.,
0.707107057662,1.)) REPRESENTATION_ITEM('') );
#393 = CARTESIAN_POINT('',(105.99999999999,3.));
#394 = CARTESIAN_POINT('',(105.99999882701,1.172989308351E-06));
#395 = CARTESIAN_POINT('',(103.,2.295941214925E-13));
#396 = ( GEOMETRIC_REPRESENTATION_CONTEXT(2) 
PARAMETRIC_REPRESENTATION_CONTEXT() REPRESENTATION_CONTEXT('2D SPACE',''
  ) );
#397 = PCURVE('',#244,#398);
#398 = DEFINITIONAL_REPRESENTATION('',(#399),#403);
#399 = B_SPLINE_CURVE_WITH_KNOTS('',2,(#400,#401,#402),.UNSPECIFIED.,.F.
  ,.F.,(3,3),(1.667210235753E-13,1.570795544803),
  .PIECEWISE_BEZIER_KNOTS.);
#400 = CARTESIAN_POINT('',(1.667210235753E-13,0.));
#401 = CARTESIAN_POINT('',(0.785397772402,6.501240310553E-18));
#402 = CARTESIAN_POINT('',(1.570795544803,1.110223024625E-16));
#403 = ( GEOMETRIC_REPRESENTATION_CONTEXT(2) 
PARAMETRIC_REPRESENTATION_CONTEXT() REPRESENTATION_CONTEXT('2D SPACE',''
  ) );
#404 = ORIENTED_EDGE('',*,*,#258,.F.);
#405 = FACE_BOUND('',#406,.F.);
#406 = EDGE_LOOP('',(#407));
#407 = ORIENTED_EDGE('',*,*,#408,.T.);
#408 = EDGE_CURVE('',#409,#409,#411,.T.);
#409 = VERTEX_POINT('',#410);
#410 = CARTESIAN_POINT('',(5.,3.4,0.));
#411 = SURFACE_CURVE('',#412,(#420,#431),.PCURVE_S1.);
#412 = ( BOUNDED_CURVE() B_SPLINE_CURVE(2,(#413,#414,#415,#416,#417,#418
,#419),.UNSPECIFIED.,.T.,.F.) B_SPLINE_CURVE_WITH_KNOTS((1,2,2,2,2,1),(
    -2.094395102393,0.,2.094395102393,4.188790204786,6.28318530718,
8.377580409573),.UNSPECIFIED.) CURVE() GEOMETRIC_REPRESENTATION_ITEM() 
RATIONAL_B_SPLINE_CURVE((1.,0.5,1.,0.5,1.,0.5,1.)) REPRESENTATION_ITEM(
  '') );
#413 = CARTESIAN_POINT('',(5.,3.4,0.));
#414 = CARTESIAN_POINT('',(2.22871870789,3.4,0.));
#415 = CARTESIAN_POINT('',(3.614359353945,5.8,0.));
#416 = CARTESIAN_POINT('',(5.,8.2,0.));
#417 = CARTESIAN_POINT('',(6.385640646055,5.8,0.));
#418 = CARTESIAN_POINT('',(7.77128129211,3.4,0.));
#419 = CARTESIAN_POINT('',(5.,3.4,0.));
#420 = PCURVE('',#124,#421);
#421 = DEFINITIONAL_REPRESENTATION('',(#422),#430);
#422 = ( BOUNDED_CURVE() B_SPLINE_CURVE(2,(#423,#424,#425,#426,#427,#428
,#429),.UNSPECIFIED.,.T.,.F.) B_SPLINE_CURVE_WITH_KNOTS((3,2,2,3),(0.,
    2.094395102393,4.188790204786,6.28318530718),
.PIECEWISE_BEZIER_KNOTS.) CURVE() GEOMETRIC_REPRESENTATION_ITEM() 
RATIONAL_B_SPLINE_CURVE((1.,0.5,1.,0.5,1.,0.5,1.)) REPRESENTATION_ITEM(
  '') );
#423 = CARTESIAN_POINT('',(5.,3.4));
#424 = CARTESIAN_POINT('',(2.22871870789,3.4));
#425 = CARTESIAN_POINT('',(3.614359353945,5.8));
#426 = CARTESIAN_POINT('',(5.,8.2));
#427 = CARTESIAN_POINT('',(6.385640646055,5.8));
#428 = CARTESIAN_POINT('',(7.77128129211,3.4));
#429 = CARTESIAN_POINT('',(5.,3.4));
#430 = ( GEOMETRIC_REPRESENTATION_CONTEXT(2) 
PARAMETRIC_REPRESENTATION_CONTEXT() REPRESENTATION_CONTEXT('2D SPACE',''
  ) );
#431 = PCURVE('',#432,#447);
#432 = ( BOUNDED_SURFACE() B_SPLINE_SURFACE(2,1,(
    (#433,#434)
    ,(#435,#436)
    ,(#437,#438)
    ,(#439,#440)
    ,(#441,#442)
    ,(#443,#444)
,(#445,#446
    )),.UNSPECIFIED.,.T.,.F.,.F.) B_SPLINE_SURFACE_WITH_KNOTS((1,2,2,2,2
    ,1),(2,2),(-2.094395102393,0.,2.094395102393,4.188790204786,
    6.28318530718,8.377580409573),(-1.121,-8.1E-02),.UNSPECIFIED.) 
GEOMETRIC_REPRESENTATION_ITEM() RATIONAL_B_SPLINE_SURFACE((
    (1.,1.)
    ,(0.5,0.5)
    ,(1.,1.)
    ,(0.5,0.5)
    ,(1.,1.)
    ,(0.5,0.5)
,(1.,1.))) REPRESENTATION_ITEM('') SURFACE() );
#433 = CARTESIAN_POINT('',(5.,3.4,1.2));
#434 = CARTESIAN_POINT('',(5.,3.4,0.));
#435 = CARTESIAN_POINT('',(2.22871870789,3.4,1.2));
#436 = CARTESIAN_POINT('',(2.22871870789,3.4,0.));
#437 = CARTESIAN_POINT('',(3.614359353945,5.8,1.2));
#438 = CARTESIAN_POINT('',(3.614359353945,5.8,0.));
#439 = CARTESIAN_POINT('',(5.,8.2,1.2));
#440 = CARTESIAN_POINT('',(5.,8.2,0.));
#441 = CARTESIAN_POINT('',(6.385640646055,5.8,1.2));
#442 = CARTESIAN_POINT('',(6.385640646055,5.8,0.));
#443 = CARTESIAN_POINT('',(7.77128129211,3.4,1.2));
#444 = CARTESIAN_POINT('',(7.77128129211,3.4,0.));
#445 = CARTESIAN_POINT('',(5.,3.4,1.2));
#446 = CARTESIAN_POINT('',(5.,3.4,0.));
#447 = DEFINITIONAL_REPRESENTATION('',(#448),#456);
#448 = B_SPLINE_CURVE_WITH_KNOTS('',2,(#449,#450,#451,#452,#453,#454,
    #455),.UNSPECIFIED.,.F.,.F.,(3,2,2,3),(0.,2.094395102393,
    4.188790204786,6.28318530718),.PIECEWISE_BEZIER_KNOTS.);
#449 = CARTESIAN_POINT('',(0.,-8.1E-02));
#450 = CARTESIAN_POINT('',(1.047197551197,-8.1E-02));
#451 = CARTESIAN_POINT('',(2.094395102393,-8.1E-02));
#452 = CARTESIAN_POINT('',(3.14159265359,-8.1E-02));
#453 = CARTESIAN_POINT('',(4.188790204786,-8.1E-02));
#454 = CARTESIAN_POINT('',(5.235987755983,-8.1E-02));
#455 = CARTESIAN_POINT('',(6.28318530718,-8.1E-02));
#456 = ( GEOMETRIC_REPRESENTATION_CONTEXT(2) 
PARAMETRIC_REPRESENTATION_CONTEXT() REPRESENTATION_CONTEXT('2D SPACE',''
  ) );
#457 = FACE_BOUND('',#458,.F.);
#458 = EDGE_LOOP('',(#459));
#459 = ORIENTED_EDGE('',*,*,#460,.T.);
#460 = EDGE_CURVE('',#461,#461,#463,.T.);
#461 = VERTEX_POINT('',#462);
#462 = CARTESIAN_POINT('',(80.,8.15,0.));
#463 = SURFACE_CURVE('',#464,(#472,#483),.PCURVE_S1.);
#464 = ( BOUNDED_CURVE() B_SPLINE_CURVE(2,(#465,#466,#467,#468,#469,#470
,#471),.UNSPECIFIED.,.T.,.F.) B_SPLINE_CURVE_WITH_KNOTS((1,2,2,2,2,1),(
    -2.094395102393,0.,2.094395102393,4.188790204786,6.28318530718,
8.377580409573),.UNSPECIFIED.) CURVE() GEOMETRIC_REPRESENTATION_ITEM() 
RATIONAL_B_SPLINE_CURVE((1.,0.5,1.,0.5,1.,0.5,1.)) REPRESENTATION_ITEM(
  '') );
#465 = CARTESIAN_POINT('',(80.,8.15,0.));
#466 = CARTESIAN_POINT('',(78.527756813566,8.15,0.));
#467 = CARTESIAN_POINT('',(79.263878406783,9.425,0.));
#468 = CARTESIAN_POINT('',(80.,10.7,0.));
#469 = CARTESIAN_POINT('',(80.736121593217,9.425,0.));
#470 = CARTESIAN_POINT('',(81.472243186434,8.15,0.));
#471 = CARTESIAN_POINT('',(80.,8.15,0.));
#472 = PCURVE('',#124,#473);
#473 = DEFINITIONAL_REPRESENTATION('',(#474),#482);
#474 = ( BOUNDED_CURVE() B_SPLINE_CURVE(2,(#475,#476,#477,#478,#479,#480
,#481),.UNSPECIFIED.,.T.,.F.) B_SPLINE_CURVE_WITH_KNOTS((3,2,2,3),(0.,
    2.094395102393,4.188790204786,6.28318530718),
.PIECEWISE_BEZIER_KNOTS.) CURVE() GEOMETRIC_REPRESENTATION_ITEM() 
RATIONAL_B_SPLINE_CURVE((1.,0.5,1.,0.5,1.,0.5,1.)) REPRESENTATION_ITEM(
  '') );
#475 = CARTESIAN_POINT('',(80.,8.15));
#476 = CARTESIAN_POINT('',(78.527756813566,8.15));
#477 = CARTESIAN_POINT('',(79.263878406783,9.425));
#478 = CARTESIAN_POINT('',(80.,10.7));
#479 = CARTESIAN_POINT('',(80.736121593217,9.425));
#480 = CARTESIAN_POINT('',(81.472243186434,8.15));
#481 = CARTESIAN_POINT('',(80.,8.15));
#482 = ( GEOMETRIC_REPRESENTATION_CONTEXT(2) 
PARAMETRIC_REPRESENTATION_CONTEXT() REPRESENTATION_CONTEXT('2D SPACE',''
  ) );
#483 = PCURVE('',#484,#499);
#484 = ( BOUNDED_SURFACE() B_SPLINE_SURFACE(2,1,(
    (#485,#486)
    ,(#487,#488)
    ,(#489,#490)
    ,(#491,#492)
    ,(#493,#494)
    ,(#495,#496)
,(#497,#498
    )),.UNSPECIFIED.,.T.,.F.,.F.) B_SPLINE_SURFACE_WITH_KNOTS((1,2,2,2,2
    ,1),(2,2),(-2.094395102393,0.,2.094395102393,4.188790204786,
    6.28318530718,8.377580409573),(-1.121,-8.1E-02),.UNSPECIFIED.) 
GEOMETRIC_REPRESENTATION_ITEM() RATIONAL_B_SPLINE_SURFACE((
    (1.,1.)
    ,(0.5,0.5)
    ,(1.,1.)
    ,(0.5,0.5)
    ,(1.,1.)
    ,(0.5,0.5)
,(1.,1.))) REPRESENTATION_ITEM('') SURFACE() );
#485 = CARTESIAN_POINT('',(80.,8.15,1.2));
#486 = CARTESIAN_POINT('',(80.,8.15,0.));
#487 = CARTESIAN_POINT('',(78.527756813566,8.15,1.2));
#488 = CARTESIAN_POINT('',(78.527756813566,8.15,0.));
#489 = CARTESIAN_POINT('',(79.263878406783,9.425,1.2));
#490 = CARTESIAN_POINT('',(79.263878406783,9.425,0.));
#491 = CARTESIAN_POINT('',(80.,10.7,1.2));
#492 = CARTESIAN_POINT('',(80.,10.7,0.));
#493 = CARTESIAN_POINT('',(80.736121593217,9.425,1.2));
#494 = CARTESIAN_POINT('',(80.736121593217,9.425,0.));
#495 = CARTESIAN_POINT('',(81.472243186434,8.15,1.2));
#496 = CARTESIAN_POINT('',(81.472243186434,8.15,0.));
#497 = CARTESIAN_POINT('',(80.,8.15,1.2));
#498 = CARTESIAN_POINT('',(80.,8.15,0.));
#499 = DEFINITIONAL_REPRESENTATION('',(#500),#508);
#500 = B_SPLINE_CURVE_WITH_KNOTS('',2,(#501,#502,#503,#504,#505,#506,
    #507),.UNSPECIFIED.,.F.,.F.,(3,2,2,3),(0.,2.094395102393,
    4.188790204786,6.28318530718),.UNSPECIFIED.);
#501 = CARTESIAN_POINT('',(0.,-8.1E-02));
#502 = CARTESIAN_POINT('',(1.047197551197,-8.1E-02));
#503 = CARTESIAN_POINT('',(2.094395102393,-8.1E-02));
#504 = CARTESIAN_POINT('',(3.14159265359,-8.1E-02));
#505 = CARTESIAN_POINT('',(4.188790204786,-8.1E-02));
#506 = CARTESIAN_POINT('',(5.235987755983,-8.1E-02));
#507 = CARTESIAN_POINT('',(6.28318530718,-8.1E-02));
#508 = ( GEOMETRIC_REPRESENTATION_CONTEXT(2) 
PARAMETRIC_REPRESENTATION_CONTEXT() REPRESENTATION_CONTEXT('2D SPACE',''
  ) );
#509 = FACE_BOUND('',#510,.F.);
#510 = EDGE_LOOP('',(#511));
#511 = ORIENTED_EDGE('',*,*,#512,.T.);
#512 = EDGE_CURVE('',#513,#513,#515,.T.);
#513 = VERTEX_POINT('',#514);
#514 = CARTESIAN_POINT('',(83.96,8.15,0.));
#515 = SURFACE_CURVE('',#516,(#524,#535),.PCURVE_S1.);
#516 = ( BOUNDED_CURVE() B_SPLINE_CURVE(2,(#517,#518,#519,#520,#521,#522
,#523),.UNSPECIFIED.,.T.,.F.) B_SPLINE_CURVE_WITH_KNOTS((1,2,2,2,2,1),(
    -2.094395102393,0.,2.094395102393,4.188790204786,6.28318530718,
8.377580409573),.UNSPECIFIED.) CURVE() GEOMETRIC_REPRESENTATION_ITEM() 
RATIONAL_B_SPLINE_CURVE((1.,0.5,1.,0.5,1.,0.5,1.)) REPRESENTATION_ITEM(
  '') );
#517 = CARTESIAN_POINT('',(83.96,8.15,0.));
#518 = CARTESIAN_POINT('',(82.487756813566,8.15,0.));
#519 = CARTESIAN_POINT('',(83.223878406783,9.425,0.));
#520 = CARTESIAN_POINT('',(83.96,10.7,0.));
#521 = CARTESIAN_POINT('',(84.696121593217,9.425,0.));
#522 = CARTESIAN_POINT('',(85.432243186434,8.15,0.));
#523 = CARTESIAN_POINT('',(83.96,8.15,0.));
#524 = PCURVE('',#124,#525);
#525 = DEFINITIONAL_REPRESENTATION('',(#526),#534);
#526 = ( BOUNDED_CURVE() B_SPLINE_CURVE(2,(#527,#528,#529,#530,#531,#532
,#533),.UNSPECIFIED.,.T.,.F.) B_SPLINE_CURVE_WITH_KNOTS((3,2,2,3),(0.,
    2.094395102393,4.188790204786,6.28318530718),
.PIECEWISE_BEZIER_KNOTS.) CURVE() GEOMETRIC_REPRESENTATION_ITEM() 
RATIONAL_B_SPLINE_CURVE((1.,0.5,1.,0.5,1.,0.5,1.)) REPRESENTATION_ITEM(
  '') );
#527 = CARTESIAN_POINT('',(83.96,8.15));
#528 = CARTESIAN_POINT('',(82.487756813566,8.15));
#529 = CARTESIAN_POINT('',(83.223878406783,9.425));
#530 = CARTESIAN_POINT('',(83.96,10.7));
#531 = CARTESIAN_POINT('',(84.696121593217,9.425));
#532 = CARTESIAN_POINT('',(85.432243186434,8.15));
#533 = CARTESIAN_POINT('',(83.96,8.15));
#534 = ( GEOMETRIC_REPRESENTATION_CONTEXT(2) 
PARAMETRIC_REPRESENTATION_CONTEXT() REPRESENTATION_CONTEXT('2D SPACE',''
  ) );
#535 = PCURVE('',#536,#551);
#536 = ( BOUNDED_SURFACE() B_SPLINE_SURFACE(2,1,(
    (#537,#538)
    ,(#539,#540)
    ,(#541,#542)
    ,(#543,#544)
    ,(#545,#546)
    ,(#547,#548)
,(#549,#550
    )),.UNSPECIFIED.,.T.,.F.,.F.) B_SPLINE_SURFACE_WITH_KNOTS((1,2,2,2,2
    ,1),(2,2),(-2.094395102393,0.,2.094395102393,4.188790204786,
    6.28318530718,8.377580409573),(-1.121,-8.1E-02),.UNSPECIFIED.) 
GEOMETRIC_REPRESENTATION_ITEM() RATIONAL_B_SPLINE_SURFACE((
    (1.,1.)
    ,(0.5,0.5)
    ,(1.,1.)
    ,(0.5,0.5)
    ,(1.,1.)
    ,(0.5,0.5)
,(1.,1.))) REPRESENTATION_ITEM('') SURFACE() );
#537 = CARTESIAN_POINT('',(83.96,8.15,1.2));
#538 = CARTESIAN_POINT('',(83.96,8.15,0.));
#539 = CARTESIAN_POINT('',(82.487756813566,8.15,1.2));
#540 = CARTESIAN_POINT('',(82.487756813566,8.15,0.));
#541 = CARTESIAN_POINT('',(83.223878406783,9.425,1.2));
#542 = CARTESIAN_POINT('',(83.223878406783,9.425,0.));
#543 = CARTESIAN_POINT('',(83.96,10.7,1.2));
#544 = CARTESIAN_POINT('',(83.96,10.7,0.));
#545 = CARTESIAN_POINT('',(84.696121593217,9.425,1.2));
#546 = CARTESIAN_POINT('',(84.696121593217,9.425,0.));
#547 = CARTESIAN_POINT('',(85.432243186434,8.15,1.2));
#548 = CARTESIAN_POINT('',(85.432243186434,8.15,0.));
#549 = CARTESIAN_POINT('',(83.96,8.15,1.2));
#550 = CARTESIAN_POINT('',(83.96,8.15,0.));
#551 = DEFINITIONAL_REPRESENTATION('',(#552),#560);
#552 = B_SPLINE_CURVE_WITH_KNOTS('',2,(#553,#554,#555,#556,#557,#558,
    #559),.UNSPECIFIED.,.F.,.F.,(3,2,2,3),(0.,2.094395102393,
    4.188790204786,6.28318530718),.UNSPECIFIED.);
#553 = CARTESIAN_POINT('',(0.,-8.1E-02));
#554 = CARTESIAN_POINT('',(1.047197551197,-8.1E-02));
#555 = CARTESIAN_POINT('',(2.094395102393,-8.1E-02));
#556 = CARTESIAN_POINT('',(3.14159265359,-8.1E-02));
#557 = CARTESIAN_POINT('',(4.188790204786,-8.1E-02));
#558 = CARTESIAN_POINT('',(5.235987755983,-8.1E-02));
#559 = CARTESIAN_POINT('',(6.28318530718,-8.1E-02));
#560 = ( GEOMETRIC_REPRESENTATION_CONTEXT(2) 
PARAMETRIC_REPRESENTATION_CONTEXT() REPRESENTATION_CONTEXT('2D SPACE',''
  ) );
#561 = FACE_BOUND('',#562,.F.);
#562 = EDGE_LOOP('',(#563));
#563 = ORIENTED_EDGE('',*,*,#564,.T.);
#564 = EDGE_CURVE('',#565,#565,#567,.T.);
#565 = VERTEX_POINT('',#566);
#566 = CARTESIAN_POINT('',(87.92,8.15,0.));
#567 = SURFACE_CURVE('',#568,(#576,#587),.PCURVE_S1.);
#568 = ( BOUNDED_CURVE() B_SPLINE_CURVE(2,(#569,#570,#571,#572,#573,#574
,#575),.UNSPECIFIED.,.T.,.F.) B_SPLINE_CURVE_WITH_KNOTS((1,2,2,2,2,1),(
    -2.094395102393,0.,2.094395102393,4.188790204786,6.28318530718,
8.377580409573),.UNSPECIFIED.) CURVE() GEOMETRIC_REPRESENTATION_ITEM() 
RATIONAL_B_SPLINE_CURVE((1.,0.5,1.,0.5,1.,0.5,1.)) REPRESENTATION_ITEM(
  '') );
#569 = CARTESIAN_POINT('',(87.92,8.15,0.));
#570 = CARTESIAN_POINT('',(86.447756813566,8.15,0.));
#571 = CARTESIAN_POINT('',(87.183878406783,9.425,0.));
#572 = CARTESIAN_POINT('',(87.92,10.7,0.));
#573 = CARTESIAN_POINT('',(88.656121593217,9.425,0.));
#574 = CARTESIAN_POINT('',(89.392243186434,8.15,0.));
#575 = CARTESIAN_POINT('',(87.92,8.15,0.));
#576 = PCURVE('',#124,#577);
#577 = DEFINITIONAL_REPRESENTATION('',(#578),#586);
#578 = ( BOUNDED_CURVE() B_SPLINE_CURVE(2,(#579,#580,#581,#582,#583,#584
,#585),.UNSPECIFIED.,.T.,.F.) B_SPLINE_CURVE_WITH_KNOTS((3,2,2,3),(
    2.021618764522E-14,2.094395102393,4.188790204786,6.28318530718),
.UNSPECIFIED.) CURVE() GEOMETRIC_REPRESENTATION_ITEM() 
RATIONAL_B_SPLINE_CURVE((1.,0.5,1.,0.5,1.,0.5,1.)) REPRESENTATION_ITEM(
  '') );
#579 = CARTESIAN_POINT('',(87.92,8.15));
#580 = CARTESIAN_POINT('',(86.447756813566,8.15));
#581 = CARTESIAN_POINT('',(87.183878406783,9.425));
#582 = CARTESIAN_POINT('',(87.92,10.7));
#583 = CARTESIAN_POINT('',(88.656121593217,9.425));
#584 = CARTESIAN_POINT('',(89.392243186434,8.15));
#585 = CARTESIAN_POINT('',(87.92,8.15));
#586 = ( GEOMETRIC_REPRESENTATION_CONTEXT(2) 
PARAMETRIC_REPRESENTATION_CONTEXT() REPRESENTATION_CONTEXT('2D SPACE',''
  ) );
#587 = PCURVE('',#588,#603);
#588 = ( BOUNDED_SURFACE() B_SPLINE_SURFACE(2,1,(
    (#589,#590)
    ,(#591,#592)
    ,(#593,#594)
    ,(#595,#596)
    ,(#597,#598)
    ,(#599,#600)
,(#601,#602
    )),.UNSPECIFIED.,.T.,.F.,.F.) B_SPLINE_SURFACE_WITH_KNOTS((1,2,2,2,2
    ,1),(2,2),(-2.094395102393,0.,2.094395102393,4.188790204786,
    6.28318530718,8.377580409573),(-1.121,-8.1E-02),.UNSPECIFIED.) 
GEOMETRIC_REPRESENTATION_ITEM() RATIONAL_B_SPLINE_SURFACE((
    (1.,1.)
    ,(0.5,0.5)
    ,(1.,1.)
    ,(0.5,0.5)
    ,(1.,1.)
    ,(0.5,0.5)
,(1.,1.))) REPRESENTATION_ITEM('') SURFACE() );
#589 = CARTESIAN_POINT('',(87.92,8.15,1.2));
#590 = CARTESIAN_POINT('',(87.92,8.15,0.));
#591 = CARTESIAN_POINT('',(86.447756813566,8.15,1.2));
#592 = CARTESIAN_POINT('',(86.447756813566,8.15,0.));
#593 = CARTESIAN_POINT('',(87.183878406783,9.425,1.2));
#594 = CARTESIAN_POINT('',(87.183878406783,9.425,0.));
#595 = CARTESIAN_POINT('',(87.92,10.7,1.2));
#596 = CARTESIAN_POINT('',(87.92,10.7,0.));
#597 = CARTESIAN_POINT('',(88.656121593217,9.425,1.2));
#598 = CARTESIAN_POINT('',(88.656121593217,9.425,0.));
#599 = CARTESIAN_POINT('',(89.392243186434,8.15,1.2));
#600 = CARTESIAN_POINT('',(89.392243186434,8.15,0.));
#601 = CARTESIAN_POINT('',(87.92,8.15,1.2));
#602 = CARTESIAN_POINT('',(87.92,8.15,0.));
#603 = DEFINITIONAL_REPRESENTATION('',(#604),#612);
#604 = B_SPLINE_CURVE_WITH_KNOTS('',2,(#605,#606,#607,#608,#609,#610,
    #611),.UNSPECIFIED.,.F.,.F.,(3,2,2,3),(2.021618764522E-14,
    2.094395102393,4.188790204786,6.28318530718),.UNSPECIFIED.);
#605 = CARTESIAN_POINT('',(0.,-8.1E-02));
#606 = CARTESIAN_POINT('',(1.047197551197,-8.1E-02));
#607 = CARTESIAN_POINT('',(2.094395102393,-8.1E-02));
#608 = CARTESIAN_POINT('',(3.14159265359,-8.1E-02));
#609 = CARTESIAN_POINT('',(4.188790204786,-8.1E-02));
#610 = CARTESIAN_POINT('',(5.235987755983,-8.1E-02));
#611 = CARTESIAN_POINT('',(6.28318530718,-8.1E-02));
#612 = ( GEOMETRIC_REPRESENTATION_CONTEXT(2) 
PARAMETRIC_REPRESENTATION_CONTEXT() REPRESENTATION_CONTEXT('2D SPACE',''
  ) );
#613 = FACE_BOUND('',#614,.F.);
#614 = EDGE_LOOP('',(#615));
#615 = ORIENTED_EDGE('',*,*,#616,.T.);
#616 = EDGE_CURVE('',#617,#617,#619,.T.);
#617 = VERTEX_POINT('',#618);
#618 = CARTESIAN_POINT('',(101.,3.4,0.));
#619 = SURFACE_CURVE('',#620,(#628,#639),.PCURVE_S1.);
#620 = ( BOUNDED_CURVE() B_SPLINE_CURVE(2,(#621,#622,#623,#624,#625,#626
,#627),.UNSPECIFIED.,.T.,.F.) B_SPLINE_CURVE_WITH_KNOTS((1,2,2,2,2,1),(
    -2.094395102393,0.,2.094395102393,4.188790204786,6.28318530718,
8.377580409573),.UNSPECIFIED.) CURVE() GEOMETRIC_REPRESENTATION_ITEM() 
RATIONAL_B_SPLINE_CURVE((1.,0.5,1.,0.5,1.,0.5,1.)) REPRESENTATION_ITEM(
  '') );
#621 = CARTESIAN_POINT('',(101.,3.4,0.));
#622 = CARTESIAN_POINT('',(98.22871870789,3.4,0.));
#623 = CARTESIAN_POINT('',(99.614359353945,5.8,0.));
#624 = CARTESIAN_POINT('',(101.,8.2,0.));
#625 = CARTESIAN_POINT('',(102.38564064605,5.8,0.));
#626 = CARTESIAN_POINT('',(103.77128129211,3.4,0.));
#627 = CARTESIAN_POINT('',(101.,3.4,0.));
#628 = PCURVE('',#124,#629);
#629 = DEFINITIONAL_REPRESENTATION('',(#630),#638);
#630 = ( BOUNDED_CURVE() B_SPLINE_CURVE(2,(#631,#632,#633,#634,#635,#636
,#637),.UNSPECIFIED.,.T.,.F.) B_SPLINE_CURVE_WITH_KNOTS((3,2,2,3),(0.,
    2.094395102393,4.188790204786,6.28318530718),
.PIECEWISE_BEZIER_KNOTS.) CURVE() GEOMETRIC_REPRESENTATION_ITEM() 
RATIONAL_B_SPLINE_CURVE((1.,0.5,1.,0.5,1.,0.5,1.)) REPRESENTATION_ITEM(
  '') );
#631 = CARTESIAN_POINT('',(101.,3.4));
#632 = CARTESIAN_POINT('',(98.22871870789,3.4));
#633 = CARTESIAN_POINT('',(99.614359353945,5.8));
#634 = CARTESIAN_POINT('',(101.,8.2));
#635 = CARTESIAN_POINT('',(102.38564064605,5.8));
#636 = CARTESIAN_POINT('',(103.77128129211,3.4));
#637 = CARTESIAN_POINT('',(101.,3.4));
#638 = ( GEOMETRIC_REPRESENTATION_CONTEXT(2) 
PARAMETRIC_REPRESENTATION_CONTEXT() REPRESENTATION_CONTEXT('2D SPACE',''
  ) );
#639 = PCURVE('',#640,#655);
#640 = ( BOUNDED_SURFACE() B_SPLINE_SURFACE(2,1,(
    (#641,#642)
    ,(#643,#644)
    ,(#645,#646)
    ,(#647,#648)
    ,(#649,#650)
    ,(#651,#652)
,(#653,#654
    )),.UNSPECIFIED.,.T.,.F.,.F.) B_SPLINE_SURFACE_WITH_KNOTS((1,2,2,2,2
    ,1),(2,2),(-2.094395102393,0.,2.094395102393,4.188790204786,
    6.28318530718,8.377580409573),(-1.121,-8.1E-02),.UNSPECIFIED.) 
GEOMETRIC_REPRESENTATION_ITEM() RATIONAL_B_SPLINE_SURFACE((
    (1.,1.)
    ,(0.5,0.5)
    ,(1.,1.)
    ,(0.5,0.5)
    ,(1.,1.)
    ,(0.5,0.5)
,(1.,1.))) REPRESENTATION_ITEM('') SURFACE() );
#641 = CARTESIAN_POINT('',(101.,3.4,1.2));
#642 = CARTESIAN_POINT('',(101.,3.4,0.));
#643 = CARTESIAN_POINT('',(98.22871870789,3.4,1.2));
#644 = CARTESIAN_POINT('',(98.22871870789,3.4,0.));
#645 = CARTESIAN_POINT('',(99.614359353945,5.8,1.2));
#646 = CARTESIAN_POINT('',(99.614359353945,5.8,0.));
#647 = CARTESIAN_POINT('',(101.,8.2,1.2));
#648 = CARTESIAN_POINT('',(101.,8.2,0.));
#649 = CARTESIAN_POINT('',(102.38564064605,5.8,1.2));
#650 = CARTESIAN_POINT('',(102.38564064605,5.8,0.));
#651 = CARTESIAN_POINT('',(103.77128129211,3.4,1.2));
#652 = CARTESIAN_POINT('',(103.77128129211,3.4,0.));
#653 = CARTESIAN_POINT('',(101.,3.4,1.2));
#654 = CARTESIAN_POINT('',(101.,3.4,0.));
#655 = DEFINITIONAL_REPRESENTATION('',(#656),#664);
#656 = B_SPLINE_CURVE_WITH_KNOTS('',2,(#657,#658,#659,#660,#661,#662,
    #663),.UNSPECIFIED.,.F.,.F.,(3,2,2,3),(0.,2.094395102393,
    4.188790204786,6.28318530718),.PIECEWISE_BEZIER_KNOTS.);
#657 = CARTESIAN_POINT('',(0.,-8.1E-02));
#658 = CARTESIAN_POINT('',(1.047197551197,-8.1E-02));
#659 = CARTESIAN_POINT('',(2.094395102393,-8.1E-02));
#660 = CARTESIAN_POINT('',(3.14159265359,-8.1E-02));
#661 = CARTESIAN_POINT('',(4.188790204786,-8.1E-02));
#662 = CARTESIAN_POINT('',(5.235987755983,-8.1E-02));
#663 = CARTESIAN_POINT('',(6.28318530718,-8.1E-02));
#664 = ( GEOMETRIC_REPRESENTATION_CONTEXT(2) 
PARAMETRIC_REPRESENTATION_CONTEXT() REPRESENTATION_CONTEXT('2D SPACE',''
  ) );
#665 = FACE_BOUND('',#666,.F.);
#666 = EDGE_LOOP('',(#667));
#667 = ORIENTED_EDGE('',*,*,#668,.T.);
#668 = EDGE_CURVE('',#669,#669,#671,.T.);
#669 = VERTEX_POINT('',#670);
#670 = CARTESIAN_POINT('',(82.,17.8,0.));
#671 = SURFACE_CURVE('',#672,(#680,#691),.PCURVE_S1.);
#672 = ( BOUNDED_CURVE() B_SPLINE_CURVE(2,(#673,#674,#675,#676,#677,#678
,#679),.UNSPECIFIED.,.T.,.F.) B_SPLINE_CURVE_WITH_KNOTS((1,2,2,2,2,1),(
    -2.094395102393,0.,2.094395102393,4.188790204786,6.28318530718,
8.377580409573),.UNSPECIFIED.) CURVE() GEOMETRIC_REPRESENTATION_ITEM() 
RATIONAL_B_SPLINE_CURVE((1.,0.5,1.,0.5,1.,0.5,1.)) REPRESENTATION_ITEM(
  '') );
#673 = CARTESIAN_POINT('',(82.,17.8,0.));
#674 = CARTESIAN_POINT('',(80.787564434702,17.8,0.));
#675 = CARTESIAN_POINT('',(81.393782217351,18.85,0.));
#676 = CARTESIAN_POINT('',(82.,19.9,0.));
#677 = CARTESIAN_POINT('',(82.606217782649,18.85,0.));
#678 = CARTESIAN_POINT('',(83.212435565298,17.8,0.));
#679 = CARTESIAN_POINT('',(82.,17.8,0.));
#680 = PCURVE('',#124,#681);
#681 = DEFINITIONAL_REPRESENTATION('',(#682),#690);
#682 = ( BOUNDED_CURVE() B_SPLINE_CURVE(2,(#683,#684,#685,#686,#687,#688
,#689),.UNSPECIFIED.,.T.,.F.) B_SPLINE_CURVE_WITH_KNOTS((3,2,2,3),(0.,
    2.094395102393,4.188790204786,6.28318530718),
.PIECEWISE_BEZIER_KNOTS.) CURVE() GEOMETRIC_REPRESENTATION_ITEM() 
RATIONAL_B_SPLINE_CURVE((1.,0.5,1.,0.5,1.,0.5,1.)) REPRESENTATION_ITEM(
  '') );
#683 = CARTESIAN_POINT('',(82.,17.8));
#684 = CARTESIAN_POINT('',(80.787564434702,17.8));
#685 = CARTESIAN_POINT('',(81.393782217351,18.85));
#686 = CARTESIAN_POINT('',(82.,19.9));
#687 = CARTESIAN_POINT('',(82.606217782649,18.85));
#688 = CARTESIAN_POINT('',(83.212435565298,17.8));
#689 = CARTESIAN_POINT('',(82.,17.8));
#690 = ( GEOMETRIC_REPRESENTATION_CONTEXT(2) 
PARAMETRIC_REPRESENTATION_CONTEXT() REPRESENTATION_CONTEXT('2D SPACE',''
  ) );
#691 = PCURVE('',#692,#707);
#692 = ( BOUNDED_SURFACE() B_SPLINE_SURFACE(2,1,(
    (#693,#694)
    ,(#695,#696)
    ,(#697,#698)
    ,(#699,#700)
    ,(#701,#702)
    ,(#703,#704)
,(#705,#706
    )),.UNSPECIFIED.,.T.,.F.,.F.) B_SPLINE_SURFACE_WITH_KNOTS((1,2,2,2,2
    ,1),(2,2),(-2.094395102393,0.,2.094395102393,4.188790204786,
    6.28318530718,8.377580409573),(-1.121,-8.1E-02),.UNSPECIFIED.) 
GEOMETRIC_REPRESENTATION_ITEM() RATIONAL_B_SPLINE_SURFACE((
    (1.,1.)
    ,(0.5,0.5)
    ,(1.,1.)
    ,(0.5,0.5)
    ,(1.,1.)
    ,(0.5,0.5)
,(1.,1.))) REPRESENTATION_ITEM('') SURFACE() );
#693 = CARTESIAN_POINT('',(82.,17.8,1.2));
#694 = CARTESIAN_POINT('',(82.,17.8,0.));
#695 = CARTESIAN_POINT('',(80.787564434702,17.8,1.2));
#696 = CARTESIAN_POINT('',(80.787564434702,17.8,0.));
#697 = CARTESIAN_POINT('',(81.393782217351,18.85,1.2));
#698 = CARTESIAN_POINT('',(81.393782217351,18.85,0.));
#699 = CARTESIAN_POINT('',(82.,19.9,1.2));
#700 = CARTESIAN_POINT('',(82.,19.9,0.));
#701 = CARTESIAN_POINT('',(82.606217782649,18.85,1.2));
#702 = CARTESIAN_POINT('',(82.606217782649,18.85,0.));
#703 = CARTESIAN_POINT('',(83.212435565298,17.8,1.2));
#704 = CARTESIAN_POINT('',(83.212435565298,17.8,0.));
#705 = CARTESIAN_POINT('',(82.,17.8,1.2));
#706 = CARTESIAN_POINT('',(82.,17.8,0.));
#707 = DEFINITIONAL_REPRESENTATION('',(#708),#716);
#708 = B_SPLINE_CURVE_WITH_KNOTS('',2,(#709,#710,#711,#712,#713,#714,
    #715),.UNSPECIFIED.,.F.,.F.,(3,2,2,3),(0.,2.094395102393,
    4.188790204786,6.28318530718),.PIECEWISE_BEZIER_KNOTS.);
#709 = CARTESIAN_POINT('',(0.,-8.1E-02));
#710 = CARTESIAN_POINT('',(1.047197551197,-8.1E-02));
#711 = CARTESIAN_POINT('',(2.094395102393,-8.1E-02));
#712 = CARTESIAN_POINT('',(3.14159265359,-8.1E-02));
#713 = CARTESIAN_POINT('',(4.188790204786,-8.1E-02));
#714 = CARTESIAN_POINT('',(5.235987755983,-8.1E-02));
#715 = CARTESIAN_POINT('',(6.28318530718,-8.1E-02));
#716 = ( GEOMETRIC_REPRESENTATION_CONTEXT(2) 
PARAMETRIC_REPRESENTATION_CONTEXT() REPRESENTATION_CONTEXT('2D SPACE',''
  ) );
#717 = FACE_BOUND('',#718,.F.);
#718 = EDGE_LOOP('',(#719));
#719 = ORIENTED_EDGE('',*,*,#720,.T.);
#720 = EDGE_CURVE('',#721,#721,#723,.T.);
#721 = VERTEX_POINT('',#722);
#722 = CARTESIAN_POINT('',(85.5,17.8,0.));
#723 = SURFACE_CURVE('',#724,(#732,#743),.PCURVE_S1.);
#724 = ( BOUNDED_CURVE() B_SPLINE_CURVE(2,(#725,#726,#727,#728,#729,#730
,#731),.UNSPECIFIED.,.T.,.F.) B_SPLINE_CURVE_WITH_KNOTS((1,2,2,2,2,1),(
    -2.094395102393,0.,2.094395102393,4.188790204786,6.28318530718,
8.377580409573),.UNSPECIFIED.) CURVE() GEOMETRIC_REPRESENTATION_ITEM() 
RATIONAL_B_SPLINE_CURVE((1.,0.5,1.,0.5,1.,0.5,1.)) REPRESENTATION_ITEM(
  '') );
#725 = CARTESIAN_POINT('',(85.5,17.8,0.));
#726 = CARTESIAN_POINT('',(84.287564434702,17.8,0.));
#727 = CARTESIAN_POINT('',(84.893782217351,18.85,0.));
#728 = CARTESIAN_POINT('',(85.5,19.9,0.));
#729 = CARTESIAN_POINT('',(86.106217782649,18.85,0.));
#730 = CARTESIAN_POINT('',(86.712435565298,17.8,0.));
#731 = CARTESIAN_POINT('',(85.5,17.8,0.));
#732 = PCURVE('',#124,#733);
#733 = DEFINITIONAL_REPRESENTATION('',(#734),#742);
#734 = ( BOUNDED_CURVE() B_SPLINE_CURVE(2,(#735,#736,#737,#738,#739,#740
,#741),.UNSPECIFIED.,.T.,.F.) B_SPLINE_CURVE_WITH_KNOTS((3,2,2,3),(0.,
    2.094395102393,4.188790204786,6.28318530718),
.PIECEWISE_BEZIER_KNOTS.) CURVE() GEOMETRIC_REPRESENTATION_ITEM() 
RATIONAL_B_SPLINE_CURVE((1.,0.5,1.,0.5,1.,0.5,1.)) REPRESENTATION_ITEM(
  '') );
#735 = CARTESIAN_POINT('',(85.5,17.8));
#736 = CARTESIAN_POINT('',(84.287564434702,17.8));
#737 = CARTESIAN_POINT('',(84.893782217351,18.85));
#738 = CARTESIAN_POINT('',(85.5,19.9));
#739 = CARTESIAN_POINT('',(86.106217782649,18.85));
#740 = CARTESIAN_POINT('',(86.712435565298,17.8));
#741 = CARTESIAN_POINT('',(85.5,17.8));
#742 = ( GEOMETRIC_REPRESENTATION_CONTEXT(2) 
PARAMETRIC_REPRESENTATION_CONTEXT() REPRESENTATION_CONTEXT('2D SPACE',''
  ) );
#743 = PCURVE('',#744,#759);
#744 = ( BOUNDED_SURFACE() B_SPLINE_SURFACE(2,1,(
    (#745,#746)
    ,(#747,#748)
    ,(#749,#750)
    ,(#751,#752)
    ,(#753,#754)
    ,(#755,#756)
,(#757,#758
    )),.UNSPECIFIED.,.T.,.F.,.F.) B_SPLINE_SURFACE_WITH_KNOTS((1,2,2,2,2
    ,1),(2,2),(-2.094395102393,0.,2.094395102393,4.188790204786,
    6.28318530718,8.377580409573),(-1.121,-8.1E-02),.UNSPECIFIED.) 
GEOMETRIC_REPRESENTATION_ITEM() RATIONAL_B_SPLINE_SURFACE((
    (1.,1.)
    ,(0.5,0.5)
    ,(1.,1.)
    ,(0.5,0.5)
    ,(1.,1.)
    ,(0.5,0.5)
,(1.,1.))) REPRESENTATION_ITEM('') SURFACE() );
#745 = CARTESIAN_POINT('',(85.5,17.8,1.2));
#746 = CARTESIAN_POINT('',(85.5,17.8,0.));
#747 = CARTESIAN_POINT('',(84.287564434702,17.8,1.2));
#748 = CARTESIAN_POINT('',(84.287564434702,17.8,0.));
#749 = CARTESIAN_POINT('',(84.893782217351,18.85,1.2));
#750 = CARTESIAN_POINT('',(84.893782217351,18.85,0.));
#751 = CARTESIAN_POINT('',(85.5,19.9,1.2));
#752 = CARTESIAN_POINT('',(85.5,19.9,0.));
#753 = CARTESIAN_POINT('',(86.106217782649,18.85,1.2));
#754 = CARTESIAN_POINT('',(86.106217782649,18.85,0.));
#755 = CARTESIAN_POINT('',(86.712435565298,17.8,1.2));
#756 = CARTESIAN_POINT('',(86.712435565298,17.8,0.));
#757 = CARTESIAN_POINT('',(85.5,17.8,1.2));
#758 = CARTESIAN_POINT('',(85.5,17.8,0.));
#759 = DEFINITIONAL_REPRESENTATION('',(#760),#768);
#760 = B_SPLINE_CURVE_WITH_KNOTS('',2,(#761,#762,#763,#764,#765,#766,
    #767),.UNSPECIFIED.,.F.,.F.,(3,2,2,3),(0.,2.094395102393,
    4.188790204786,6.28318530718),.PIECEWISE_BEZIER_KNOTS.);
#761 = CARTESIAN_POINT('',(0.,-8.1E-02));
#762 = CARTESIAN_POINT('',(1.047197551197,-8.1E-02));
#763 = CARTESIAN_POINT('',(2.094395102393,-8.1E-02));
#764 = CARTESIAN_POINT('',(3.14159265359,-8.1E-02));
#765 = CARTESIAN_POINT('',(4.188790204786,-8.1E-02));
#766 = CARTESIAN_POINT('',(5.235987755983,-8.1E-02));
#767 = CARTESIAN_POINT('',(6.28318530718,-8.1E-02));
#768 = ( GEOMETRIC_REPRESENTATION_CONTEXT(2) 
PARAMETRIC_REPRESENTATION_CONTEXT() REPRESENTATION_CONTEXT('2D SPACE',''
  ) );
#769 = FACE_BOUND('',#770,.F.);
#770 = EDGE_LOOP('',(#771));
#771 = ORIENTED_EDGE('',*,*,#772,.T.);
#772 = EDGE_CURVE('',#773,#773,#775,.T.);
#773 = VERTEX_POINT('',#774);
#774 = CARTESIAN_POINT('',(88.4,18.55,0.));
#775 = SURFACE_CURVE('',#776,(#784,#795),.PCURVE_S1.);
#776 = ( BOUNDED_CURVE() B_SPLINE_CURVE(2,(#777,#778,#779,#780,#781,#782
,#783),.UNSPECIFIED.,.T.,.F.) B_SPLINE_CURVE_WITH_KNOTS((1,2,2,2,2,1),(
    -2.094395102393,0.,2.094395102393,4.188790204786,6.28318530718,
8.377580409573),.UNSPECIFIED.) CURVE() GEOMETRIC_REPRESENTATION_ITEM() 
RATIONAL_B_SPLINE_CURVE((1.,0.5,1.,0.5,1.,0.5,1.)) REPRESENTATION_ITEM(
  '') );
#777 = CARTESIAN_POINT('',(88.4,18.55,0.));
#778 = CARTESIAN_POINT('',(86.321539030917,18.55,0.));
#779 = CARTESIAN_POINT('',(87.360769515459,20.35,0.));
#780 = CARTESIAN_POINT('',(88.4,22.15,0.));
#781 = CARTESIAN_POINT('',(89.439230484541,20.35,0.));
#782 = CARTESIAN_POINT('',(90.478460969083,18.55,0.));
#783 = CARTESIAN_POINT('',(88.4,18.55,0.));
#784 = PCURVE('',#124,#785);
#785 = DEFINITIONAL_REPRESENTATION('',(#786),#794);
#786 = ( BOUNDED_CURVE() B_SPLINE_CURVE(2,(#787,#788,#789,#790,#791,#792
,#793),.UNSPECIFIED.,.T.,.F.) B_SPLINE_CURVE_WITH_KNOTS((3,2,2,3),(0.,
    2.094395102393,4.188790204786,6.28318530718),
.PIECEWISE_BEZIER_KNOTS.) CURVE() GEOMETRIC_REPRESENTATION_ITEM() 
RATIONAL_B_SPLINE_CURVE((1.,0.5,1.,0.5,1.,0.5,1.)) REPRESENTATION_ITEM(
  '') );
#787 = CARTESIAN_POINT('',(88.4,18.55));
#788 = CARTESIAN_POINT('',(86.321539030917,18.55));
#789 = CARTESIAN_POINT('',(87.360769515459,20.35));
#790 = CARTESIAN_POINT('',(88.4,22.15));
#791 = CARTESIAN_POINT('',(89.439230484541,20.35));
#792 = CARTESIAN_POINT('',(90.478460969083,18.55));
#793 = CARTESIAN_POINT('',(88.4,18.55));
#794 = ( GEOMETRIC_REPRESENTATION_CONTEXT(2) 
PARAMETRIC_REPRESENTATION_CONTEXT() REPRESENTATION_CONTEXT('2D SPACE',''
  ) );
#795 = PCURVE('',#796,#811);
#796 = ( BOUNDED_SURFACE() B_SPLINE_SURFACE(2,1,(
    (#797,#798)
    ,(#799,#800)
    ,(#801,#802)
    ,(#803,#804)
    ,(#805,#806)
    ,(#807,#808)
,(#809,#810
    )),.UNSPECIFIED.,.T.,.F.,.F.) B_SPLINE_SURFACE_WITH_KNOTS((1,2,2,2,2
    ,1),(2,2),(-2.094395102393,0.,2.094395102393,4.188790204786,
    6.28318530718,8.377580409573),(-1.121,-8.1E-02),.UNSPECIFIED.) 
GEOMETRIC_REPRESENTATION_ITEM() RATIONAL_B_SPLINE_SURFACE((
    (1.,1.)
    ,(0.5,0.5)
    ,(1.,1.)
    ,(0.5,0.5)
    ,(1.,1.)
    ,(0.5,0.5)
,(1.,1.))) REPRESENTATION_ITEM('') SURFACE() );
#797 = CARTESIAN_POINT('',(88.4,18.55,1.2));
#798 = CARTESIAN_POINT('',(88.4,18.55,0.));
#799 = CARTESIAN_POINT('',(86.321539030917,18.55,1.2));
#800 = CARTESIAN_POINT('',(86.321539030917,18.55,0.));
#801 = CARTESIAN_POINT('',(87.360769515459,20.35,1.2));
#802 = CARTESIAN_POINT('',(87.360769515459,20.35,0.));
#803 = CARTESIAN_POINT('',(88.4,22.15,1.2));
#804 = CARTESIAN_POINT('',(88.4,22.15,0.));
#805 = CARTESIAN_POINT('',(89.439230484541,20.35,1.2));
#806 = CARTESIAN_POINT('',(89.439230484541,20.35,0.));
#807 = CARTESIAN_POINT('',(90.478460969083,18.55,1.2));
#808 = CARTESIAN_POINT('',(90.478460969083,18.55,0.));
#809 = CARTESIAN_POINT('',(88.4,18.55,1.2));
#810 = CARTESIAN_POINT('',(88.4,18.55,0.));
#811 = DEFINITIONAL_REPRESENTATION('',(#812),#820);
#812 = B_SPLINE_CURVE_WITH_KNOTS('',2,(#813,#814,#815,#816,#817,#818,
    #819),.UNSPECIFIED.,.F.,.F.,(3,2,2,3),(0.,2.094395102393,
    4.188790204786,6.28318530718),.PIECEWISE_BEZIER_KNOTS.);
#813 = CARTESIAN_POINT('',(0.,-8.1E-02));
#814 = CARTESIAN_POINT('',(1.047197551197,-8.1E-02));
#815 = CARTESIAN_POINT('',(2.094395102393,-8.1E-02));
#816 = CARTESIAN_POINT('',(3.14159265359,-8.1E-02));
#817 = CARTESIAN_POINT('',(4.188790204786,-8.1E-02));
#818 = CARTESIAN_POINT('',(5.235987755983,-8.1E-02));
#819 = CARTESIAN_POINT('',(6.28318530718,-8.1E-02));
#820 = ( GEOMETRIC_REPRESENTATION_CONTEXT(2) 
PARAMETRIC_REPRESENTATION_CONTEXT() REPRESENTATION_CONTEXT('2D SPACE',''
  ) );
#821 = FACE_BOUND('',#822,.F.);
#822 = EDGE_LOOP('',(#823));
#823 = ORIENTED_EDGE('',*,*,#824,.T.);
#824 = EDGE_CURVE('',#825,#825,#827,.T.);
#825 = VERTEX_POINT('',#826);
#826 = CARTESIAN_POINT('',(82.,20.3,0.));
#827 = SURFACE_CURVE('',#828,(#836,#847),.PCURVE_S1.);
#828 = ( BOUNDED_CURVE() B_SPLINE_CURVE(2,(#829,#830,#831,#832,#833,#834
,#835),.UNSPECIFIED.,.T.,.F.) B_SPLINE_CURVE_WITH_KNOTS((1,2,2,2,2,1),(
    -2.094395102393,0.,2.094395102393,4.188790204786,6.28318530718,
8.377580409573),.UNSPECIFIED.) CURVE() GEOMETRIC_REPRESENTATION_ITEM() 
RATIONAL_B_SPLINE_CURVE((1.,0.5,1.,0.5,1.,0.5,1.)) REPRESENTATION_ITEM(
  '') );
#829 = CARTESIAN_POINT('',(82.,20.3,0.));
#830 = CARTESIAN_POINT('',(80.787564434702,20.3,0.));
#831 = CARTESIAN_POINT('',(81.393782217351,21.35,0.));
#832 = CARTESIAN_POINT('',(82.,22.4,0.));
#833 = CARTESIAN_POINT('',(82.606217782649,21.35,0.));
#834 = CARTESIAN_POINT('',(83.212435565298,20.3,0.));
#835 = CARTESIAN_POINT('',(82.,20.3,0.));
#836 = PCURVE('',#124,#837);
#837 = DEFINITIONAL_REPRESENTATION('',(#838),#846);
#838 = ( BOUNDED_CURVE() B_SPLINE_CURVE(2,(#839,#840,#841,#842,#843,#844
,#845),.UNSPECIFIED.,.T.,.F.) B_SPLINE_CURVE_WITH_KNOTS((3,2,2,3),(0.,
    2.094395102393,4.188790204786,6.28318530718),
.PIECEWISE_BEZIER_KNOTS.) CURVE() GEOMETRIC_REPRESENTATION_ITEM() 
RATIONAL_B_SPLINE_CURVE((1.,0.5,1.,0.5,1.,0.5,1.)) REPRESENTATION_ITEM(
  '') );
#839 = CARTESIAN_POINT('',(82.,20.3));
#840 = CARTESIAN_POINT('',(80.787564434702,20.3));
#841 = CARTESIAN_POINT('',(81.393782217351,21.35));
#842 = CARTESIAN_POINT('',(82.,22.4));
#843 = CARTESIAN_POINT('',(82.606217782649,21.35));
#844 = CARTESIAN_POINT('',(83.212435565298,20.3));
#845 = CARTESIAN_POINT('',(82.,20.3));
#846 = ( GEOMETRIC_REPRESENTATION_CONTEXT(2) 
PARAMETRIC_REPRESENTATION_CONTEXT() REPRESENTATION_CONTEXT('2D SPACE',''
  ) );
#847 = PCURVE('',#848,#863);
#848 = ( BOUNDED_SURFACE() B_SPLINE_SURFACE(2,1,(
    (#849,#850)
    ,(#851,#852)
    ,(#853,#854)
    ,(#855,#856)
    ,(#857,#858)
    ,(#859,#860)
,(#861,#862
    )),.UNSPECIFIED.,.T.,.F.,.F.) B_SPLINE_SURFACE_WITH_KNOTS((1,2,2,2,2
    ,1),(2,2),(-2.094395102393,0.,2.094395102393,4.188790204786,
    6.28318530718,8.377580409573),(-1.121,-8.1E-02),.UNSPECIFIED.) 
GEOMETRIC_REPRESENTATION_ITEM() RATIONAL_B_SPLINE_SURFACE((
    (1.,1.)
    ,(0.5,0.5)
    ,(1.,1.)
    ,(0.5,0.5)
    ,(1.,1.)
    ,(0.5,0.5)
,(1.,1.))) REPRESENTATION_ITEM('') SURFACE() );
#849 = CARTESIAN_POINT('',(82.,20.3,1.2));
#850 = CARTESIAN_POINT('',(82.,20.3,0.));
#851 = CARTESIAN_POINT('',(80.787564434702,20.3,1.2));
#852 = CARTESIAN_POINT('',(80.787564434702,20.3,0.));
#853 = CARTESIAN_POINT('',(81.393782217351,21.35,1.2));
#854 = CARTESIAN_POINT('',(81.393782217351,21.35,0.));
#855 = CARTESIAN_POINT('',(82.,22.4,1.2));
#856 = CARTESIAN_POINT('',(82.,22.4,0.));
#857 = CARTESIAN_POINT('',(82.606217782649,21.35,1.2));
#858 = CARTESIAN_POINT('',(82.606217782649,21.35,0.));
#859 = CARTESIAN_POINT('',(83.212435565298,20.3,1.2));
#860 = CARTESIAN_POINT('',(83.212435565298,20.3,0.));
#861 = CARTESIAN_POINT('',(82.,20.3,1.2));
#862 = CARTESIAN_POINT('',(82.,20.3,0.));
#863 = DEFINITIONAL_REPRESENTATION('',(#864),#872);
#864 = B_SPLINE_CURVE_WITH_KNOTS('',2,(#865,#866,#867,#868,#869,#870,
    #871),.UNSPECIFIED.,.F.,.F.,(3,2,2,3),(0.,2.094395102393,
    4.188790204786,6.28318530718),.PIECEWISE_BEZIER_KNOTS.);
#865 = CARTESIAN_POINT('',(0.,-8.1E-02));
#866 = CARTESIAN_POINT('',(1.047197551197,-8.1E-02));
#867 = CARTESIAN_POINT('',(2.094395102393,-8.1E-02));
#868 = CARTESIAN_POINT('',(3.14159265359,-8.1E-02));
#869 = CARTESIAN_POINT('',(4.188790204786,-8.1E-02));
#870 = CARTESIAN_POINT('',(5.235987755983,-8.1E-02));
#871 = CARTESIAN_POINT('',(6.28318530718,-8.1E-02));
#872 = ( GEOMETRIC_REPRESENTATION_CONTEXT(2) 
PARAMETRIC_REPRESENTATION_CONTEXT() REPRESENTATION_CONTEXT('2D SPACE',''
  ) );
#873 = FACE_BOUND('',#874,.F.);
#874 = EDGE_LOOP('',(#875));
#875 = ORIENTED_EDGE('',*,*,#876,.T.);
#876 = EDGE_CURVE('',#877,#877,#879,.T.);
#877 = VERTEX_POINT('',#878);
#878 = CARTESIAN_POINT('',(85.5,20.3,0.));
#879 = SURFACE_CURVE('',#880,(#888,#899),.PCURVE_S1.);
#880 = ( BOUNDED_CURVE() B_SPLINE_CURVE(2,(#881,#882,#883,#884,#885,#886
,#887),.UNSPECIFIED.,.T.,.F.) B_SPLINE_CURVE_WITH_KNOTS((1,2,2,2,2,1),(
    -2.094395102393,0.,2.094395102393,4.188790204786,6.28318530718,
8.377580409573),.UNSPECIFIED.) CURVE() GEOMETRIC_REPRESENTATION_ITEM() 
RATIONAL_B_SPLINE_CURVE((1.,0.5,1.,0.5,1.,0.5,1.)) REPRESENTATION_ITEM(
  '') );
#881 = CARTESIAN_POINT('',(85.5,20.3,0.));
#882 = CARTESIAN_POINT('',(84.287564434702,20.3,0.));
#883 = CARTESIAN_POINT('',(84.893782217351,21.35,0.));
#884 = CARTESIAN_POINT('',(85.5,22.4,0.));
#885 = CARTESIAN_POINT('',(86.106217782649,21.35,0.));
#886 = CARTESIAN_POINT('',(86.712435565298,20.3,0.));
#887 = CARTESIAN_POINT('',(85.5,20.3,0.));
#888 = PCURVE('',#124,#889);
#889 = DEFINITIONAL_REPRESENTATION('',(#890),#898);
#890 = ( BOUNDED_CURVE() B_SPLINE_CURVE(2,(#891,#892,#893,#894,#895,#896
,#897),.UNSPECIFIED.,.T.,.F.) B_SPLINE_CURVE_WITH_KNOTS((3,2,2,3),(0.,
    2.094395102393,4.188790204786,6.28318530718),
.PIECEWISE_BEZIER_KNOTS.) CURVE() GEOMETRIC_REPRESENTATION_ITEM() 
RATIONAL_B_SPLINE_CURVE((1.,0.5,1.,0.5,1.,0.5,1.)) REPRESENTATION_ITEM(
  '') );
#891 = CARTESIAN_POINT('',(85.5,20.3));
#892 = CARTESIAN_POINT('',(84.287564434702,20.3));
#893 = CARTESIAN_POINT('',(84.893782217351,21.35));
#894 = CARTESIAN_POINT('',(85.5,22.4));
#895 = CARTESIAN_POINT('',(86.106217782649,21.35));
#896 = CARTESIAN_POINT('',(86.712435565298,20.3));
#897 = CARTESIAN_POINT('',(85.5,20.3));
#898 = ( GEOMETRIC_REPRESENTATION_CONTEXT(2) 
PARAMETRIC_REPRESENTATION_CONTEXT() REPRESENTATION_CONTEXT('2D SPACE',''
  ) );
#899 = PCURVE('',#900,#915);
#900 = ( BOUNDED_SURFACE() B_SPLINE_SURFACE(2,1,(
    (#901,#902)
    ,(#903,#904)
    ,(#905,#906)
    ,(#907,#908)
    ,(#909,#910)
    ,(#911,#912)
,(#913,#914
    )),.UNSPECIFIED.,.T.,.F.,.F.) B_SPLINE_SURFACE_WITH_KNOTS((1,2,2,2,2
    ,1),(2,2),(-2.094395102393,0.,2.094395102393,4.188790204786,
    6.28318530718,8.377580409573),(-1.121,-8.1E-02),.UNSPECIFIED.) 
GEOMETRIC_REPRESENTATION_ITEM() RATIONAL_B_SPLINE_SURFACE((
    (1.,1.)
    ,(0.5,0.5)
    ,(1.,1.)
    ,(0.5,0.5)
    ,(1.,1.)
    ,(0.5,0.5)
,(1.,1.))) REPRESENTATION_ITEM('') SURFACE() );
#901 = CARTESIAN_POINT('',(85.5,20.3,1.2));
#902 = CARTESIAN_POINT('',(85.5,20.3,0.));
#903 = CARTESIAN_POINT('',(84.287564434702,20.3,1.2));
#904 = CARTESIAN_POINT('',(84.287564434702,20.3,0.));
#905 = CARTESIAN_POINT('',(84.893782217351,21.35,1.2));
#906 = CARTESIAN_POINT('',(84.893782217351,21.35,0.));
#907 = CARTESIAN_POINT('',(85.5,22.4,1.2));
#908 = CARTESIAN_POINT('',(85.5,22.4,0.));
#909 = CARTESIAN_POINT('',(86.106217782649,21.35,1.2));
#910 = CARTESIAN_POINT('',(86.106217782649,21.35,0.));
#911 = CARTESIAN_POINT('',(86.712435565298,20.3,1.2));
#912 = CARTESIAN_POINT('',(86.712435565298,20.3,0.));
#913 = CARTESIAN_POINT('',(85.5,20.3,1.2));
#914 = CARTESIAN_POINT('',(85.5,20.3,0.));
#915 = DEFINITIONAL_REPRESENTATION('',(#916),#924);
#916 = B_SPLINE_CURVE_WITH_KNOTS('',2,(#917,#918,#919,#920,#921,#922,
    #923),.UNSPECIFIED.,.F.,.F.,(3,2,2,3),(0.,2.094395102393,
    4.188790204786,6.28318530718),.PIECEWISE_BEZIER_KNOTS.);
#917 = CARTESIAN_POINT('',(0.,-8.1E-02));
#918 = CARTESIAN_POINT('',(1.047197551197,-8.1E-02));
#919 = CARTESIAN_POINT('',(2.094395102393,-8.1E-02));
#920 = CARTESIAN_POINT('',(3.14159265359,-8.1E-02));
#921 = CARTESIAN_POINT('',(4.188790204786,-8.1E-02));
#922 = CARTESIAN_POINT('',(5.235987755983,-8.1E-02));
#923 = CARTESIAN_POINT('',(6.28318530718,-8.1E-02));
#924 = ( GEOMETRIC_REPRESENTATION_CONTEXT(2) 
PARAMETRIC_REPRESENTATION_CONTEXT() REPRESENTATION_CONTEXT('2D SPACE',''
  ) );
#925 = FACE_BOUND('',#926,.F.);
#926 = EDGE_LOOP('',(#927));
#927 = ORIENTED_EDGE('',*,*,#928,.T.);
#928 = EDGE_CURVE('',#929,#929,#931,.T.);
#929 = VERTEX_POINT('',#930);
#930 = CARTESIAN_POINT('',(91.3,17.8,0.));
#931 = SURFACE_CURVE('',#932,(#940,#951),.PCURVE_S1.);
#932 = ( BOUNDED_CURVE() B_SPLINE_CURVE(2,(#933,#934,#935,#936,#937,#938
,#939),.UNSPECIFIED.,.T.,.F.) B_SPLINE_CURVE_WITH_KNOTS((1,2,2,2,2,1),(
    -2.094395102393,0.,2.094395102393,4.188790204786,6.28318530718,
8.377580409573),.UNSPECIFIED.) CURVE() GEOMETRIC_REPRESENTATION_ITEM() 
RATIONAL_B_SPLINE_CURVE((1.,0.5,1.,0.5,1.,0.5,1.)) REPRESENTATION_ITEM(
  '') );
#933 = CARTESIAN_POINT('',(91.3,17.8,0.));
#934 = CARTESIAN_POINT('',(90.087564434702,17.8,0.));
#935 = CARTESIAN_POINT('',(90.693782217351,18.85,0.));
#936 = CARTESIAN_POINT('',(91.3,19.9,0.));
#937 = CARTESIAN_POINT('',(91.906217782649,18.85,0.));
#938 = CARTESIAN_POINT('',(92.512435565298,17.8,0.));
#939 = CARTESIAN_POINT('',(91.3,17.8,0.));
#940 = PCURVE('',#124,#941);
#941 = DEFINITIONAL_REPRESENTATION('',(#942),#950);
#942 = ( BOUNDED_CURVE() B_SPLINE_CURVE(2,(#943,#944,#945,#946,#947,#948
,#949),.UNSPECIFIED.,.T.,.F.) B_SPLINE_CURVE_WITH_KNOTS((3,2,2,3),(0.,
    2.094395102393,4.188790204786,6.28318530718),
.PIECEWISE_BEZIER_KNOTS.) CURVE() GEOMETRIC_REPRESENTATION_ITEM() 
RATIONAL_B_SPLINE_CURVE((1.,0.5,1.,0.5,1.,0.5,1.)) REPRESENTATION_ITEM(
  '') );
#943 = CARTESIAN_POINT('',(91.3,17.8));
#944 = CARTESIAN_POINT('',(90.087564434702,17.8));
#945 = CARTESIAN_POINT('',(90.693782217351,18.85));
#946 = CARTESIAN_POINT('',(91.3,19.9));
#947 = CARTESIAN_POINT('',(91.906217782649,18.85));
#948 = CARTESIAN_POINT('',(92.512435565298,17.8));
#949 = CARTESIAN_POINT('',(91.3,17.8));
#950 = ( GEOMETRIC_REPRESENTATION_CONTEXT(2) 
PARAMETRIC_REPRESENTATION_CONTEXT() REPRESENTATION_CONTEXT('2D SPACE',''
  ) );
#951 = PCURVE('',#952,#967);
#952 = ( BOUNDED_SURFACE() B_SPLINE_SURFACE(2,1,(
    (#953,#954)
    ,(#955,#956)
    ,(#957,#958)
    ,(#959,#960)
    ,(#961,#962)
    ,(#963,#964)
,(#965,#966
    )),.UNSPECIFIED.,.T.,.F.,.F.) B_SPLINE_SURFACE_WITH_KNOTS((1,2,2,2,2
    ,1),(2,2),(-2.094395102393,0.,2.094395102393,4.188790204786,
    6.28318530718,8.377580409573),(-1.121,-8.1E-02),.UNSPECIFIED.) 
GEOMETRIC_REPRESENTATION_ITEM() RATIONAL_B_SPLINE_SURFACE((
    (1.,1.)
    ,(0.5,0.5)
    ,(1.,1.)
    ,(0.5,0.5)
    ,(1.,1.)
    ,(0.5,0.5)
,(1.,1.))) REPRESENTATION_ITEM('') SURFACE() );
#953 = CARTESIAN_POINT('',(91.3,17.8,1.2));
#954 = CARTESIAN_POINT('',(91.3,17.8,0.));
#955 = CARTESIAN_POINT('',(90.087564434702,17.8,1.2));
#956 = CARTESIAN_POINT('',(90.087564434702,17.8,0.));
#957 = CARTESIAN_POINT('',(90.693782217351,18.85,1.2));
#958 = CARTESIAN_POINT('',(90.693782217351,18.85,0.));
#959 = CARTESIAN_POINT('',(91.3,19.9,1.2));
#960 = CARTESIAN_POINT('',(91.3,19.9,0.));
#961 = CARTESIAN_POINT('',(91.906217782649,18.85,1.2));
#962 = CARTESIAN_POINT('',(91.906217782649,18.85,0.));
#963 = CARTESIAN_POINT('',(92.512435565298,17.8,1.2));
#964 = CARTESIAN_POINT('',(92.512435565298,17.8,0.));
#965 = CARTESIAN_POINT('',(91.3,17.8,1.2));
#966 = CARTESIAN_POINT('',(91.3,17.8,0.));
#967 = DEFINITIONAL_REPRESENTATION('',(#968),#976);
#968 = B_SPLINE_CURVE_WITH_KNOTS('',2,(#969,#970,#971,#972,#973,#974,
    #975),.UNSPECIFIED.,.F.,.F.,(3,2,2,3),(0.,2.094395102393,
    4.188790204786,6.28318530718),.UNSPECIFIED.);
#969 = CARTESIAN_POINT('',(0.,-8.1E-02));
#970 = CARTESIAN_POINT('',(1.047197551197,-8.1E-02));
#971 = CARTESIAN_POINT('',(2.094395102393,-8.1E-02));
#972 = CARTESIAN_POINT('',(3.14159265359,-8.1E-02));
#973 = CARTESIAN_POINT('',(4.188790204786,-8.1E-02));
#974 = CARTESIAN_POINT('',(5.235987755983,-8.1E-02));
#975 = CARTESIAN_POINT('',(6.28318530718,-8.1E-02));
#976 = ( GEOMETRIC_REPRESENTATION_CONTEXT(2) 
PARAMETRIC_REPRESENTATION_CONTEXT() REPRESENTATION_CONTEXT('2D SPACE',''
  ) );
#977 = FACE_BOUND('',#978,.F.);
#978 = EDGE_LOOP('',(#979));
#979 = ORIENTED_EDGE('',*,*,#980,.T.);
#980 = EDGE_CURVE('',#981,#981,#983,.T.);
#981 = VERTEX_POINT('',#982);
#982 = CARTESIAN_POINT('',(94.8,17.8,0.));
#983 = SURFACE_CURVE('',#984,(#992,#1003),.PCURVE_S1.);
#984 = ( BOUNDED_CURVE() B_SPLINE_CURVE(2,(#985,#986,#987,#988,#989,#990
,#991),.UNSPECIFIED.,.T.,.F.) B_SPLINE_CURVE_WITH_KNOTS((1,2,2,2,2,1),(
    -2.094395102393,0.,2.094395102393,4.188790204786,6.28318530718,
8.377580409573),.UNSPECIFIED.) CURVE() GEOMETRIC_REPRESENTATION_ITEM() 
RATIONAL_B_SPLINE_CURVE((1.,0.5,1.,0.5,1.,0.5,1.)) REPRESENTATION_ITEM(
  '') );
#985 = CARTESIAN_POINT('',(94.8,17.8,0.));
#986 = CARTESIAN_POINT('',(93.587564434702,17.8,0.));
#987 = CARTESIAN_POINT('',(94.193782217351,18.85,0.));
#988 = CARTESIAN_POINT('',(94.8,19.9,0.));
#989 = CARTESIAN_POINT('',(95.406217782649,18.85,0.));
#990 = CARTESIAN_POINT('',(96.012435565298,17.8,0.));
#991 = CARTESIAN_POINT('',(94.8,17.8,0.));
#992 = PCURVE('',#124,#993);
#993 = DEFINITIONAL_REPRESENTATION('',(#994),#1002);
#994 = ( BOUNDED_CURVE() B_SPLINE_CURVE(2,(#995,#996,#997,#998,#999,
#1000,#1001),.UNSPECIFIED.,.T.,.F.) B_SPLINE_CURVE_WITH_KNOTS((3,2,2,3),
  (0.,2.094395102393,4.188790204786,6.28318530718),
.PIECEWISE_BEZIER_KNOTS.) CURVE() GEOMETRIC_REPRESENTATION_ITEM() 
RATIONAL_B_SPLINE_CURVE((1.,0.5,1.,0.5,1.,0.5,1.)) REPRESENTATION_ITEM(
  '') );
#995 = CARTESIAN_POINT('',(94.8,17.8));
#996 = CARTESIAN_POINT('',(93.587564434702,17.8));
#997 = CARTESIAN_POINT('',(94.193782217351,18.85));
#998 = CARTESIAN_POINT('',(94.8,19.9));
#999 = CARTESIAN_POINT('',(95.406217782649,18.85));
#1000 = CARTESIAN_POINT('',(96.012435565298,17.8));
#1001 = CARTESIAN_POINT('',(94.8,17.8));
#1002 = ( GEOMETRIC_REPRESENTATION_CONTEXT(2) 
PARAMETRIC_REPRESENTATION_CONTEXT() REPRESENTATION_CONTEXT('2D SPACE',''
  ) );
#1003 = PCURVE('',#1004,#1019);
#1004 = ( BOUNDED_SURFACE() B_SPLINE_SURFACE(2,1,(
    (#1005,#1006)
    ,(#1007,#1008)
    ,(#1009,#1010)
    ,(#1011,#1012)
    ,(#1013,#1014)
    ,(#1015,#1016)
    ,(#1017,#1018
)),.UNSPECIFIED.,.T.,.F.,.F.) B_SPLINE_SURFACE_WITH_KNOTS((1,2,2,2,2,1),
  (2,2),(-2.094395102393,0.,2.094395102393,4.188790204786,6.28318530718,
    8.377580409573),(-1.121,-8.1E-02),.UNSPECIFIED.) 
GEOMETRIC_REPRESENTATION_ITEM() RATIONAL_B_SPLINE_SURFACE((
    (1.,1.)
    ,(0.5,0.5)
    ,(1.,1.)
    ,(0.5,0.5)
    ,(1.,1.)
    ,(0.5,0.5)
,(1.,1.))) REPRESENTATION_ITEM('') SURFACE() );
#1005 = CARTESIAN_POINT('',(94.8,17.8,1.2));
#1006 = CARTESIAN_POINT('',(94.8,17.8,0.));
#1007 = CARTESIAN_POINT('',(93.587564434702,17.8,1.2));
#1008 = CARTESIAN_POINT('',(93.587564434702,17.8,0.));
#1009 = CARTESIAN_POINT('',(94.193782217351,18.85,1.2));
#1010 = CARTESIAN_POINT('',(94.193782217351,18.85,0.));
#1011 = CARTESIAN_POINT('',(94.8,19.9,1.2));
#1012 = CARTESIAN_POINT('',(94.8,19.9,0.));
#1013 = CARTESIAN_POINT('',(95.406217782649,18.85,1.2));
#1014 = CARTESIAN_POINT('',(95.406217782649,18.85,0.));
#1015 = CARTESIAN_POINT('',(96.012435565298,17.8,1.2));
#1016 = CARTESIAN_POINT('',(96.012435565298,17.8,0.));
#1017 = CARTESIAN_POINT('',(94.8,17.8,1.2));
#1018 = CARTESIAN_POINT('',(94.8,17.8,0.));
#1019 = DEFINITIONAL_REPRESENTATION('',(#1020),#1028);
#1020 = B_SPLINE_CURVE_WITH_KNOTS('',2,(#1021,#1022,#1023,#1024,#1025,
    #1026,#1027),.UNSPECIFIED.,.F.,.F.,(3,2,2,3),(0.,2.094395102393,
    4.188790204786,6.28318530718),.PIECEWISE_BEZIER_KNOTS.);
#1021 = CARTESIAN_POINT('',(0.,-8.1E-02));
#1022 = CARTESIAN_POINT('',(1.047197551197,-8.1E-02));
#1023 = CARTESIAN_POINT('',(2.094395102393,-8.1E-02));
#1024 = CARTESIAN_POINT('',(3.14159265359,-8.1E-02));
#1025 = CARTESIAN_POINT('',(4.188790204786,-8.1E-02));
#1026 = CARTESIAN_POINT('',(5.235987755983,-8.1E-02));
#1027 = CARTESIAN_POINT('',(6.28318530718,-8.1E-02));
#1028 = ( GEOMETRIC_REPRESENTATION_CONTEXT(2) 
PARAMETRIC_REPRESENTATION_CONTEXT() REPRESENTATION_CONTEXT('2D SPACE',''
  ) );
#1029 = FACE_BOUND('',#1030,.F.);
#1030 = EDGE_LOOP('',(#1031));
#1031 = ORIENTED_EDGE('',*,*,#1032,.T.);
#1032 = EDGE_CURVE('',#1033,#1033,#1035,.T.);
#1033 = VERTEX_POINT('',#1034);
#1034 = CARTESIAN_POINT('',(91.3,20.3,0.));
#1035 = SURFACE_CURVE('',#1036,(#1044,#1055),.PCURVE_S1.);
#1036 = ( BOUNDED_CURVE() B_SPLINE_CURVE(2,(#1037,#1038,#1039,#1040,
#1041,#1042,#1043),.UNSPECIFIED.,.T.,.F.) B_SPLINE_CURVE_WITH_KNOTS((1,2
    ,2,2,2,1),(-2.094395102393,0.,2.094395102393,4.188790204786,
6.28318530718,8.377580409573),.UNSPECIFIED.) CURVE() 
GEOMETRIC_REPRESENTATION_ITEM() RATIONAL_B_SPLINE_CURVE((1.,0.5,1.,0.5,
1.,0.5,1.)) REPRESENTATION_ITEM('') );
#1037 = CARTESIAN_POINT('',(91.3,20.3,0.));
#1038 = CARTESIAN_POINT('',(90.087564434702,20.3,0.));
#1039 = CARTESIAN_POINT('',(90.693782217351,21.35,0.));
#1040 = CARTESIAN_POINT('',(91.3,22.4,0.));
#1041 = CARTESIAN_POINT('',(91.906217782649,21.35,0.));
#1042 = CARTESIAN_POINT('',(92.512435565298,20.3,0.));
#1043 = CARTESIAN_POINT('',(91.3,20.3,0.));
#1044 = PCURVE('',#124,#1045);
#1045 = DEFINITIONAL_REPRESENTATION('',(#1046),#1054);
#1046 = ( BOUNDED_CURVE() B_SPLINE_CURVE(2,(#1047,#1048,#1049,#1050,
#1051,#1052,#1053),.UNSPECIFIED.,.T.,.F.) B_SPLINE_CURVE_WITH_KNOTS((3,2
    ,2,3),(0.,2.094395102393,4.188790204786,6.28318530718),
.PIECEWISE_BEZIER_KNOTS.) CURVE() GEOMETRIC_REPRESENTATION_ITEM() 
RATIONAL_B_SPLINE_CURVE((1.,0.5,1.,0.5,1.,0.5,1.)) REPRESENTATION_ITEM(
  '') );
#1047 = CARTESIAN_POINT('',(91.3,20.3));
#1048 = CARTESIAN_POINT('',(90.087564434702,20.3));
#1049 = CARTESIAN_POINT('',(90.693782217351,21.35));
#1050 = CARTESIAN_POINT('',(91.3,22.4));
#1051 = CARTESIAN_POINT('',(91.906217782649,21.35));
#1052 = CARTESIAN_POINT('',(92.512435565298,20.3));
#1053 = CARTESIAN_POINT('',(91.3,20.3));
#1054 = ( GEOMETRIC_REPRESENTATION_CONTEXT(2) 
PARAMETRIC_REPRESENTATION_CONTEXT() REPRESENTATION_CONTEXT('2D SPACE',''
  ) );
#1055 = PCURVE('',#1056,#1071);
#1056 = ( BOUNDED_SURFACE() B_SPLINE_SURFACE(2,1,(
    (#1057,#1058)
    ,(#1059,#1060)
    ,(#1061,#1062)
    ,(#1063,#1064)
    ,(#1065,#1066)
    ,(#1067,#1068)
    ,(#1069,#1070
)),.UNSPECIFIED.,.T.,.F.,.F.) B_SPLINE_SURFACE_WITH_KNOTS((1,2,2,2,2,1),
  (2,2),(-2.094395102393,0.,2.094395102393,4.188790204786,6.28318530718,
    8.377580409573),(-1.121,-8.1E-02),.UNSPECIFIED.) 
GEOMETRIC_REPRESENTATION_ITEM() RATIONAL_B_SPLINE_SURFACE((
    (1.,1.)
    ,(0.5,0.5)
    ,(1.,1.)
    ,(0.5,0.5)
    ,(1.,1.)
    ,(0.5,0.5)
,(1.,1.))) REPRESENTATION_ITEM('') SURFACE() );
#1057 = CARTESIAN_POINT('',(91.3,20.3,1.2));
#1058 = CARTESIAN_POINT('',(91.3,20.3,0.));
#1059 = CARTESIAN_POINT('',(90.087564434702,20.3,1.2));
#1060 = CARTESIAN_POINT('',(90.087564434702,20.3,0.));
#1061 = CARTESIAN_POINT('',(90.693782217351,21.35,1.2));
#1062 = CARTESIAN_POINT('',(90.693782217351,21.35,0.));
#1063 = CARTESIAN_POINT('',(91.3,22.4,1.2));
#1064 = CARTESIAN_POINT('',(91.3,22.4,0.));
#1065 = CARTESIAN_POINT('',(91.906217782649,21.35,1.2));
#1066 = CARTESIAN_POINT('',(91.906217782649,21.35,0.));
#1067 = CARTESIAN_POINT('',(92.512435565298,20.3,1.2));
#1068 = CARTESIAN_POINT('',(92.512435565298,20.3,0.));
#1069 = CARTESIAN_POINT('',(91.3,20.3,1.2));
#1070 = CARTESIAN_POINT('',(91.3,20.3,0.));
#1071 = DEFINITIONAL_REPRESENTATION('',(#1072),#1080);
#1072 = B_SPLINE_CURVE_WITH_KNOTS('',2,(#1073,#1074,#1075,#1076,#1077,
    #1078,#1079),.UNSPECIFIED.,.F.,.F.,(3,2,2,3),(0.,2.094395102393,
    4.188790204786,6.28318530718),.PIECEWISE_BEZIER_KNOTS.);
#1073 = CARTESIAN_POINT('',(0.,-8.1E-02));
#1074 = CARTESIAN_POINT('',(1.047197551197,-8.1E-02));
#1075 = CARTESIAN_POINT('',(2.094395102393,-8.1E-02));
#1076 = CARTESIAN_POINT('',(3.14159265359,-8.1E-02));
#1077 = CARTESIAN_POINT('',(4.188790204786,-8.1E-02));
#1078 = CARTESIAN_POINT('',(5.235987755983,-8.1E-02));
#1079 = CARTESIAN_POINT('',(6.28318530718,-8.1E-02));
#1080 = ( GEOMETRIC_REPRESENTATION_CONTEXT(2) 
PARAMETRIC_REPRESENTATION_CONTEXT() REPRESENTATION_CONTEXT('2D SPACE',''
  ) );
#1081 = FACE_BOUND('',#1082,.F.);
#1082 = EDGE_LOOP('',(#1083));
#1083 = ORIENTED_EDGE('',*,*,#1084,.T.);
#1084 = EDGE_CURVE('',#1085,#1085,#1087,.T.);
#1085 = VERTEX_POINT('',#1086);
#1086 = CARTESIAN_POINT('',(94.8,20.3,0.));
#1087 = SURFACE_CURVE('',#1088,(#1096,#1107),.PCURVE_S1.);
#1088 = ( BOUNDED_CURVE() B_SPLINE_CURVE(2,(#1089,#1090,#1091,#1092,
#1093,#1094,#1095),.UNSPECIFIED.,.T.,.F.) B_SPLINE_CURVE_WITH_KNOTS((1,2
    ,2,2,2,1),(-2.094395102393,0.,2.094395102393,4.188790204786,
6.28318530718,8.377580409573),.UNSPECIFIED.) CURVE() 
GEOMETRIC_REPRESENTATION_ITEM() RATIONAL_B_SPLINE_CURVE((1.,0.5,1.,0.5,
1.,0.5,1.)) REPRESENTATION_ITEM('') );
#1089 = CARTESIAN_POINT('',(94.8,20.3,0.));
#1090 = CARTESIAN_POINT('',(93.587564434702,20.3,0.));
#1091 = CARTESIAN_POINT('',(94.193782217351,21.35,0.));
#1092 = CARTESIAN_POINT('',(94.8,22.4,0.));
#1093 = CARTESIAN_POINT('',(95.406217782649,21.35,0.));
#1094 = CARTESIAN_POINT('',(96.012435565298,20.3,0.));
#1095 = CARTESIAN_POINT('',(94.8,20.3,0.));
#1096 = PCURVE('',#124,#1097);
#1097 = DEFINITIONAL_REPRESENTATION('',(#1098),#1106);
#1098 = ( BOUNDED_CURVE() B_SPLINE_CURVE(2,(#1099,#1100,#1101,#1102,
#1103,#1104,#1105),.UNSPECIFIED.,.T.,.F.) B_SPLINE_CURVE_WITH_KNOTS((3,2
    ,2,3),(0.,2.094395102393,4.188790204786,6.28318530718),
.PIECEWISE_BEZIER_KNOTS.) CURVE() GEOMETRIC_REPRESENTATION_ITEM() 
RATIONAL_B_SPLINE_CURVE((1.,0.5,1.,0.5,1.,0.5,1.)) REPRESENTATION_ITEM(
  '') );
#1099 = CARTESIAN_POINT('',(94.8,20.3));
#1100 = CARTESIAN_POINT('',(93.587564434702,20.3));
#1101 = CARTESIAN_POINT('',(94.193782217351,21.35));
#1102 = CARTESIAN_POINT('',(94.8,22.4));
#1103 = CARTESIAN_POINT('',(95.406217782649,21.35));
#1104 = CARTESIAN_POINT('',(96.012435565298,20.3));
#1105 = CARTESIAN_POINT('',(94.8,20.3));
#1106 = ( GEOMETRIC_REPRESENTATION_CONTEXT(2) 
PARAMETRIC_REPRESENTATION_CONTEXT() REPRESENTATION_CONTEXT('2D SPACE',''
  ) );
#1107 = PCURVE('',#1108,#1123);
#1108 = ( BOUNDED_SURFACE() B_SPLINE_SURFACE(2,1,(
    (#1109,#1110)
    ,(#1111,#1112)
    ,(#1113,#1114)
    ,(#1115,#1116)
    ,(#1117,#1118)
    ,(#1119,#1120)
    ,(#1121,#1122
)),.UNSPECIFIED.,.T.,.F.,.F.) B_SPLINE_SURFACE_WITH_KNOTS((1,2,2,2,2,1),
  (2,2),(-2.094395102393,0.,2.094395102393,4.188790204786,6.28318530718,
    8.377580409573),(-1.121,-8.1E-02),.UNSPECIFIED.) 
GEOMETRIC_REPRESENTATION_ITEM() RATIONAL_B_SPLINE_SURFACE((
    (1.,1.)
    ,(0.5,0.5)
    ,(1.,1.)
    ,(0.5,0.5)
    ,(1.,1.)
    ,(0.5,0.5)
,(1.,1.))) REPRESENTATION_ITEM('') SURFACE() );
#1109 = CARTESIAN_POINT('',(94.8,20.3,1.2));
#1110 = CARTESIAN_POINT('',(94.8,20.3,0.));
#1111 = CARTESIAN_POINT('',(93.587564434702,20.3,1.2));
#1112 = CARTESIAN_POINT('',(93.587564434702,20.3,0.));
#1113 = CARTESIAN_POINT('',(94.193782217351,21.35,1.2));
#1114 = CARTESIAN_POINT('',(94.193782217351,21.35,0.));
#1115 = CARTESIAN_POINT('',(94.8,22.4,1.2));
#1116 = CARTESIAN_POINT('',(94.8,22.4,0.));
#1117 = CARTESIAN_POINT('',(95.406217782649,21.35,1.2));
#1118 = CARTESIAN_POINT('',(95.406217782649,21.35,0.));
#1119 = CARTESIAN_POINT('',(96.012435565298,20.3,1.2));
#1120 = CARTESIAN_POINT('',(96.012435565298,20.3,0.));
#1121 = CARTESIAN_POINT('',(94.8,20.3,1.2));
#1122 = CARTESIAN_POINT('',(94.8,20.3,0.));
#1123 = DEFINITIONAL_REPRESENTATION('',(#1124),#1132);
#1124 = B_SPLINE_CURVE_WITH_KNOTS('',2,(#1125,#1126,#1127,#1128,#1129,
    #1130,#1131),.UNSPECIFIED.,.F.,.F.,(3,2,2,3),(0.,2.094395102393,
    4.188790204786,6.28318530718),.PIECEWISE_BEZIER_KNOTS.);
#1125 = CARTESIAN_POINT('',(0.,-8.1E-02));
#1126 = CARTESIAN_POINT('',(1.047197551197,-8.1E-02));
#1127 = CARTESIAN_POINT('',(2.094395102393,-8.1E-02));
#1128 = CARTESIAN_POINT('',(3.14159265359,-8.1E-02));
#1129 = CARTESIAN_POINT('',(4.188790204786,-8.1E-02));
#1130 = CARTESIAN_POINT('',(5.235987755983,-8.1E-02));
#1131 = CARTESIAN_POINT('',(6.28318530718,-8.1E-02));
#1132 = ( GEOMETRIC_REPRESENTATION_CONTEXT(2) 
PARAMETRIC_REPRESENTATION_CONTEXT() REPRESENTATION_CONTEXT('2D SPACE',''
  ) );
#1133 = FACE_BOUND('',#1134,.F.);
#1134 = EDGE_LOOP('',(#1135));
#1135 = ORIENTED_EDGE('',*,*,#1136,.T.);
#1136 = EDGE_CURVE('',#1137,#1137,#1139,.T.);
#1137 = VERTEX_POINT('',#1138);
#1138 = CARTESIAN_POINT('',(8.,72.15,0.));
#1139 = SURFACE_CURVE('',#1140,(#1148,#1159),.PCURVE_S1.);
#1140 = ( BOUNDED_CURVE() B_SPLINE_CURVE(2,(#1141,#1142,#1143,#1144,
#1145,#1146,#1147),.UNSPECIFIED.,.T.,.F.) B_SPLINE_CURVE_WITH_KNOTS((1,2
    ,2,2,2,1),(-2.094395102393,0.,2.094395102393,4.188790204786,
6.28318530718,8.377580409573),.UNSPECIFIED.) CURVE() 
GEOMETRIC_REPRESENTATION_ITEM() RATIONAL_B_SPLINE_CURVE((1.,0.5,1.,0.5,
1.,0.5,1.)) REPRESENTATION_ITEM('') );
#1141 = CARTESIAN_POINT('',(8.,72.15,0.));
#1142 = CARTESIAN_POINT('',(6.527756813566,72.15,0.));
#1143 = CARTESIAN_POINT('',(7.263878406783,73.425,0.));
#1144 = CARTESIAN_POINT('',(8.,74.7,0.));
#1145 = CARTESIAN_POINT('',(8.736121593217,73.425,0.));
#1146 = CARTESIAN_POINT('',(9.472243186434,72.15,0.));
#1147 = CARTESIAN_POINT('',(8.,72.15,0.));
#1148 = PCURVE('',#124,#1149);
#1149 = DEFINITIONAL_REPRESENTATION('',(#1150),#1158);
#1150 = ( BOUNDED_CURVE() B_SPLINE_CURVE(2,(#1151,#1152,#1153,#1154,
#1155,#1156,#1157),.UNSPECIFIED.,.T.,.F.) B_SPLINE_CURVE_WITH_KNOTS((3,2
    ,2,3),(0.,2.094395102393,4.188790204786,6.28318530718),
.PIECEWISE_BEZIER_KNOTS.) CURVE() GEOMETRIC_REPRESENTATION_ITEM() 
RATIONAL_B_SPLINE_CURVE((1.,0.5,1.,0.5,1.,0.5,1.)) REPRESENTATION_ITEM(
  '') );
#1151 = CARTESIAN_POINT('',(8.,72.15));
#1152 = CARTESIAN_POINT('',(6.527756813566,72.15));
#1153 = CARTESIAN_POINT('',(7.263878406783,73.425));
#1154 = CARTESIAN_POINT('',(8.,74.7));
#1155 = CARTESIAN_POINT('',(8.736121593217,73.425));
#1156 = CARTESIAN_POINT('',(9.472243186434,72.15));
#1157 = CARTESIAN_POINT('',(8.,72.15));
#1158 = ( GEOMETRIC_REPRESENTATION_CONTEXT(2) 
PARAMETRIC_REPRESENTATION_CONTEXT() REPRESENTATION_CONTEXT('2D SPACE',''
  ) );
#1159 = PCURVE('',#1160,#1175);
#1160 = ( BOUNDED_SURFACE() B_SPLINE_SURFACE(2,1,(
    (#1161,#1162)
    ,(#1163,#1164)
    ,(#1165,#1166)
    ,(#1167,#1168)
    ,(#1169,#1170)
    ,(#1171,#1172)
    ,(#1173,#1174
)),.UNSPECIFIED.,.T.,.F.,.F.) B_SPLINE_SURFACE_WITH_KNOTS((1,2,2,2,2,1),
  (2,2),(-2.094395102393,0.,2.094395102393,4.188790204786,6.28318530718,
    8.377580409573),(-1.121,-8.1E-02),.UNSPECIFIED.) 
GEOMETRIC_REPRESENTATION_ITEM() RATIONAL_B_SPLINE_SURFACE((
    (1.,1.)
    ,(0.5,0.5)
    ,(1.,1.)
    ,(0.5,0.5)
    ,(1.,1.)
    ,(0.5,0.5)
,(1.,1.))) REPRESENTATION_ITEM('') SURFACE() );
#1161 = CARTESIAN_POINT('',(8.,72.15,1.2));
#1162 = CARTESIAN_POINT('',(8.,72.15,0.));
#1163 = CARTESIAN_POINT('',(6.527756813566,72.15,1.2));
#1164 = CARTESIAN_POINT('',(6.527756813566,72.15,0.));
#1165 = CARTESIAN_POINT('',(7.263878406783,73.425,1.2));
#1166 = CARTESIAN_POINT('',(7.263878406783,73.425,0.));
#1167 = CARTESIAN_POINT('',(8.,74.7,1.2));
#1168 = CARTESIAN_POINT('',(8.,74.7,0.));
#1169 = CARTESIAN_POINT('',(8.736121593217,73.425,1.2));
#1170 = CARTESIAN_POINT('',(8.736121593217,73.425,0.));
#1171 = CARTESIAN_POINT('',(9.472243186434,72.15,1.2));
#1172 = CARTESIAN_POINT('',(9.472243186434,72.15,0.));
#1173 = CARTESIAN_POINT('',(8.,72.15,1.2));
#1174 = CARTESIAN_POINT('',(8.,72.15,0.));
#1175 = DEFINITIONAL_REPRESENTATION('',(#1176),#1184);
#1176 = B_SPLINE_CURVE_WITH_KNOTS('',2,(#1177,#1178,#1179,#1180,#1181,
    #1182,#1183),.UNSPECIFIED.,.F.,.F.,(3,2,2,3),(0.,2.094395102393,
    4.188790204786,6.28318530718),.PIECEWISE_BEZIER_KNOTS.);
#1177 = CARTESIAN_POINT('',(0.,-8.1E-02));
#1178 = CARTESIAN_POINT('',(1.047197551197,-8.1E-02));
#1179 = CARTESIAN_POINT('',(2.094395102393,-8.1E-02));
#1180 = CARTESIAN_POINT('',(3.14159265359,-8.1E-02));
#1181 = CARTESIAN_POINT('',(4.188790204786,-8.1E-02));
#1182 = CARTESIAN_POINT('',(5.235987755983,-8.1E-02));
#1183 = CARTESIAN_POINT('',(6.28318530718,-8.1E-02));
#1184 = ( GEOMETRIC_REPRESENTATION_CONTEXT(2) 
PARAMETRIC_REPRESENTATION_CONTEXT() REPRESENTATION_CONTEXT('2D SPACE',''
  ) );
#1185 = FACE_BOUND('',#1186,.F.);
#1186 = EDGE_LOOP('',(#1187));
#1187 = ORIENTED_EDGE('',*,*,#1188,.T.);
#1188 = EDGE_CURVE('',#1189,#1189,#1191,.T.);
#1189 = VERTEX_POINT('',#1190);
#1190 = CARTESIAN_POINT('',(11.96,72.15,0.));
#1191 = SURFACE_CURVE('',#1192,(#1200,#1211),.PCURVE_S1.);
#1192 = ( BOUNDED_CURVE() B_SPLINE_CURVE(2,(#1193,#1194,#1195,#1196,
#1197,#1198,#1199),.UNSPECIFIED.,.T.,.F.) B_SPLINE_CURVE_WITH_KNOTS((1,2
    ,2,2,2,1),(-2.094395102393,0.,2.094395102393,4.188790204786,
6.28318530718,8.377580409573),.UNSPECIFIED.) CURVE() 
GEOMETRIC_REPRESENTATION_ITEM() RATIONAL_B_SPLINE_CURVE((1.,0.5,1.,0.5,
1.,0.5,1.)) REPRESENTATION_ITEM('') );
#1193 = CARTESIAN_POINT('',(11.96,72.15,0.));
#1194 = CARTESIAN_POINT('',(10.487756813566,72.15,0.));
#1195 = CARTESIAN_POINT('',(11.223878406783,73.425,0.));
#1196 = CARTESIAN_POINT('',(11.96,74.7,0.));
#1197 = CARTESIAN_POINT('',(12.696121593217,73.425,0.));
#1198 = CARTESIAN_POINT('',(13.432243186434,72.15,0.));
#1199 = CARTESIAN_POINT('',(11.96,72.15,0.));
#1200 = PCURVE('',#124,#1201);
#1201 = DEFINITIONAL_REPRESENTATION('',(#1202),#1210);
#1202 = ( BOUNDED_CURVE() B_SPLINE_CURVE(2,(#1203,#1204,#1205,#1206,
#1207,#1208,#1209),.UNSPECIFIED.,.T.,.F.) B_SPLINE_CURVE_WITH_KNOTS((3,2
    ,2,3),(0.,2.094395102393,4.188790204786,6.28318530718),
.PIECEWISE_BEZIER_KNOTS.) CURVE() GEOMETRIC_REPRESENTATION_ITEM() 
RATIONAL_B_SPLINE_CURVE((1.,0.5,1.,0.5,1.,0.5,1.)) REPRESENTATION_ITEM(
  '') );
#1203 = CARTESIAN_POINT('',(11.96,72.15));
#1204 = CARTESIAN_POINT('',(10.487756813566,72.15));
#1205 = CARTESIAN_POINT('',(11.223878406783,73.425));
#1206 = CARTESIAN_POINT('',(11.96,74.7));
#1207 = CARTESIAN_POINT('',(12.696121593217,73.425));
#1208 = CARTESIAN_POINT('',(13.432243186434,72.15));
#1209 = CARTESIAN_POINT('',(11.96,72.15));
#1210 = ( GEOMETRIC_REPRESENTATION_CONTEXT(2) 
PARAMETRIC_REPRESENTATION_CONTEXT() REPRESENTATION_CONTEXT('2D SPACE',''
  ) );
#1211 = PCURVE('',#1212,#1227);
#1212 = ( BOUNDED_SURFACE() B_SPLINE_SURFACE(2,1,(
    (#1213,#1214)
    ,(#1215,#1216)
    ,(#1217,#1218)
    ,(#1219,#1220)
    ,(#1221,#1222)
    ,(#1223,#1224)
    ,(#1225,#1226
)),.UNSPECIFIED.,.T.,.F.,.F.) B_SPLINE_SURFACE_WITH_KNOTS((1,2,2,2,2,1),
  (2,2),(-2.094395102393,0.,2.094395102393,4.188790204786,6.28318530718,
    8.377580409573),(-1.121,-8.1E-02),.UNSPECIFIED.) 
GEOMETRIC_REPRESENTATION_ITEM() RATIONAL_B_SPLINE_SURFACE((
    (1.,1.)
    ,(0.5,0.5)
    ,(1.,1.)
    ,(0.5,0.5)
    ,(1.,1.)
    ,(0.5,0.5)
,(1.,1.))) REPRESENTATION_ITEM('') SURFACE() );
#1213 = CARTESIAN_POINT('',(11.96,72.15,1.2));
#1214 = CARTESIAN_POINT('',(11.96,72.15,0.));
#1215 = CARTESIAN_POINT('',(10.487756813566,72.15,1.2));
#1216 = CARTESIAN_POINT('',(10.487756813566,72.15,0.));
#1217 = CARTESIAN_POINT('',(11.223878406783,73.425,1.2));
#1218 = CARTESIAN_POINT('',(11.223878406783,73.425,0.));
#1219 = CARTESIAN_POINT('',(11.96,74.7,1.2));
#1220 = CARTESIAN_POINT('',(11.96,74.7,0.));
#1221 = CARTESIAN_POINT('',(12.696121593217,73.425,1.2));
#1222 = CARTESIAN_POINT('',(12.696121593217,73.425,0.));
#1223 = CARTESIAN_POINT('',(13.432243186434,72.15,1.2));
#1224 = CARTESIAN_POINT('',(13.432243186434,72.15,0.));
#1225 = CARTESIAN_POINT('',(11.96,72.15,1.2));
#1226 = CARTESIAN_POINT('',(11.96,72.15,0.));
#1227 = DEFINITIONAL_REPRESENTATION('',(#1228),#1236);
#1228 = B_SPLINE_CURVE_WITH_KNOTS('',2,(#1229,#1230,#1231,#1232,#1233,
    #1234,#1235),.UNSPECIFIED.,.F.,.F.,(3,2,2,3),(0.,2.094395102393,
    4.188790204786,6.28318530718),.PIECEWISE_BEZIER_KNOTS.);
#1229 = CARTESIAN_POINT('',(0.,-8.1E-02));
#1230 = CARTESIAN_POINT('',(1.047197551197,-8.1E-02));
#1231 = CARTESIAN_POINT('',(2.094395102393,-8.1E-02));
#1232 = CARTESIAN_POINT('',(3.14159265359,-8.1E-02));
#1233 = CARTESIAN_POINT('',(4.188790204786,-8.1E-02));
#1234 = CARTESIAN_POINT('',(5.235987755983,-8.1E-02));
#1235 = CARTESIAN_POINT('',(6.28318530718,-8.1E-02));
#1236 = ( GEOMETRIC_REPRESENTATION_CONTEXT(2) 
PARAMETRIC_REPRESENTATION_CONTEXT() REPRESENTATION_CONTEXT('2D SPACE',''
  ) );
#1237 = FACE_BOUND('',#1238,.F.);
#1238 = EDGE_LOOP('',(#1239));
#1239 = ORIENTED_EDGE('',*,*,#1240,.T.);
#1240 = EDGE_CURVE('',#1241,#1241,#1243,.T.);
#1241 = VERTEX_POINT('',#1242);
#1242 = CARTESIAN_POINT('',(5.,93.4,0.));
#1243 = SURFACE_CURVE('',#1244,(#1252,#1263),.PCURVE_S1.);
#1244 = ( BOUNDED_CURVE() B_SPLINE_CURVE(2,(#1245,#1246,#1247,#1248,
#1249,#1250,#1251),.UNSPECIFIED.,.T.,.F.) B_SPLINE_CURVE_WITH_KNOTS((1,2
    ,2,2,2,1),(-2.094395102393,0.,2.094395102393,4.188790204786,
6.28318530718,8.377580409573),.UNSPECIFIED.) CURVE() 
GEOMETRIC_REPRESENTATION_ITEM() RATIONAL_B_SPLINE_CURVE((1.,0.5,1.,0.5,
1.,0.5,1.)) REPRESENTATION_ITEM('') );
#1245 = CARTESIAN_POINT('',(5.,93.4,0.));
#1246 = CARTESIAN_POINT('',(2.22871870789,93.4,0.));
#1247 = CARTESIAN_POINT('',(3.614359353945,95.8,0.));
#1248 = CARTESIAN_POINT('',(5.,98.2,0.));
#1249 = CARTESIAN_POINT('',(6.385640646055,95.8,0.));
#1250 = CARTESIAN_POINT('',(7.77128129211,93.4,0.));
#1251 = CARTESIAN_POINT('',(5.,93.4,0.));
#1252 = PCURVE('',#124,#1253);
#1253 = DEFINITIONAL_REPRESENTATION('',(#1254),#1262);
#1254 = ( BOUNDED_CURVE() B_SPLINE_CURVE(2,(#1255,#1256,#1257,#1258,
#1259,#1260,#1261),.UNSPECIFIED.,.T.,.F.) B_SPLINE_CURVE_WITH_KNOTS((3,2
    ,2,3),(0.,2.094395102393,4.188790204786,6.28318530718),
.PIECEWISE_BEZIER_KNOTS.) CURVE() GEOMETRIC_REPRESENTATION_ITEM() 
RATIONAL_B_SPLINE_CURVE((1.,0.5,1.,0.5,1.,0.5,1.)) REPRESENTATION_ITEM(
  '') );
#1255 = CARTESIAN_POINT('',(5.,93.4));
#1256 = CARTESIAN_POINT('',(2.22871870789,93.4));
#1257 = CARTESIAN_POINT('',(3.614359353945,95.8));
#1258 = CARTESIAN_POINT('',(5.,98.2));
#1259 = CARTESIAN_POINT('',(6.385640646055,95.8));
#1260 = CARTESIAN_POINT('',(7.77128129211,93.4));
#1261 = CARTESIAN_POINT('',(5.,93.4));
#1262 = ( GEOMETRIC_REPRESENTATION_CONTEXT(2) 
PARAMETRIC_REPRESENTATION_CONTEXT() REPRESENTATION_CONTEXT('2D SPACE',''
  ) );
#1263 = PCURVE('',#1264,#1279);
#1264 = ( BOUNDED_SURFACE() B_SPLINE_SURFACE(2,1,(
    (#1265,#1266)
    ,(#1267,#1268)
    ,(#1269,#1270)
    ,(#1271,#1272)
    ,(#1273,#1274)
    ,(#1275,#1276)
    ,(#1277,#1278
)),.UNSPECIFIED.,.T.,.F.,.F.) B_SPLINE_SURFACE_WITH_KNOTS((1,2,2,2,2,1),
  (2,2),(-2.094395102393,0.,2.094395102393,4.188790204786,6.28318530718,
    8.377580409573),(-1.121,-8.1E-02),.UNSPECIFIED.) 
GEOMETRIC_REPRESENTATION_ITEM() RATIONAL_B_SPLINE_SURFACE((
    (1.,1.)
    ,(0.5,0.5)
    ,(1.,1.)
    ,(0.5,0.5)
    ,(1.,1.)
    ,(0.5,0.5)
,(1.,1.))) REPRESENTATION_ITEM('') SURFACE() );
#1265 = CARTESIAN_POINT('',(5.,93.4,1.2));
#1266 = CARTESIAN_POINT('',(5.,93.4,0.));
#1267 = CARTESIAN_POINT('',(2.22871870789,93.4,1.2));
#1268 = CARTESIAN_POINT('',(2.22871870789,93.4,0.));
#1269 = CARTESIAN_POINT('',(3.614359353945,95.8,1.2));
#1270 = CARTESIAN_POINT('',(3.614359353945,95.8,0.));
#1271 = CARTESIAN_POINT('',(5.,98.2,1.2));
#1272 = CARTESIAN_POINT('',(5.,98.2,0.));
#1273 = CARTESIAN_POINT('',(6.385640646055,95.8,1.2));
#1274 = CARTESIAN_POINT('',(6.385640646055,95.8,0.));
#1275 = CARTESIAN_POINT('',(7.77128129211,93.4,1.2));
#1276 = CARTESIAN_POINT('',(7.77128129211,93.4,0.));
#1277 = CARTESIAN_POINT('',(5.,93.4,1.2));
#1278 = CARTESIAN_POINT('',(5.,93.4,0.));
#1279 = DEFINITIONAL_REPRESENTATION('',(#1280),#1288);
#1280 = B_SPLINE_CURVE_WITH_KNOTS('',2,(#1281,#1282,#1283,#1284,#1285,
    #1286,#1287),.UNSPECIFIED.,.F.,.F.,(3,2,2,3),(0.,2.094395102393,
    4.188790204786,6.28318530718),.PIECEWISE_BEZIER_KNOTS.);
#1281 = CARTESIAN_POINT('',(0.,-8.1E-02));
#1282 = CARTESIAN_POINT('',(1.047197551197,-8.1E-02));
#1283 = CARTESIAN_POINT('',(2.094395102393,-8.1E-02));
#1284 = CARTESIAN_POINT('',(3.14159265359,-8.1E-02));
#1285 = CARTESIAN_POINT('',(4.188790204786,-8.1E-02));
#1286 = CARTESIAN_POINT('',(5.235987755983,-8.1E-02));
#1287 = CARTESIAN_POINT('',(6.28318530718,-8.1E-02));
#1288 = ( GEOMETRIC_REPRESENTATION_CONTEXT(2) 
PARAMETRIC_REPRESENTATION_CONTEXT() REPRESENTATION_CONTEXT('2D SPACE',''
  ) );
#1289 = FACE_BOUND('',#1290,.F.);
#1290 = EDGE_LOOP('',(#1291));
#1291 = ORIENTED_EDGE('',*,*,#1292,.T.);
#1292 = EDGE_CURVE('',#1293,#1293,#1295,.T.);
#1293 = VERTEX_POINT('',#1294);
#1294 = CARTESIAN_POINT('',(101.,93.4,0.));
#1295 = SURFACE_CURVE('',#1296,(#1304,#1315),.PCURVE_S1.);
#1296 = ( BOUNDED_CURVE() B_SPLINE_CURVE(2,(#1297,#1298,#1299,#1300,
#1301,#1302,#1303),.UNSPECIFIED.,.T.,.F.) B_SPLINE_CURVE_WITH_KNOTS((1,2
    ,2,2,2,1),(-2.094395102393,0.,2.094395102393,4.188790204786,
6.28318530718,8.377580409573),.UNSPECIFIED.) CURVE() 
GEOMETRIC_REPRESENTATION_ITEM() RATIONAL_B_SPLINE_CURVE((1.,0.5,1.,0.5,
1.,0.5,1.)) REPRESENTATION_ITEM('') );
#1297 = CARTESIAN_POINT('',(101.,93.4,0.));
#1298 = CARTESIAN_POINT('',(98.22871870789,93.4,0.));
#1299 = CARTESIAN_POINT('',(99.614359353945,95.8,0.));
#1300 = CARTESIAN_POINT('',(101.,98.2,0.));
#1301 = CARTESIAN_POINT('',(102.38564064605,95.8,0.));
#1302 = CARTESIAN_POINT('',(103.77128129211,93.4,0.));
#1303 = CARTESIAN_POINT('',(101.,93.4,0.));
#1304 = PCURVE('',#124,#1305);
#1305 = DEFINITIONAL_REPRESENTATION('',(#1306),#1314);
#1306 = ( BOUNDED_CURVE() B_SPLINE_CURVE(2,(#1307,#1308,#1309,#1310,
#1311,#1312,#1313),.UNSPECIFIED.,.T.,.F.) B_SPLINE_CURVE_WITH_KNOTS((3,2
    ,2,3),(0.,2.094395102393,4.188790204786,6.28318530718),
.PIECEWISE_BEZIER_KNOTS.) CURVE() GEOMETRIC_REPRESENTATION_ITEM() 
RATIONAL_B_SPLINE_CURVE((1.,0.5,1.,0.5,1.,0.5,1.)) REPRESENTATION_ITEM(
  '') );
#1307 = CARTESIAN_POINT('',(101.,93.4));
#1308 = CARTESIAN_POINT('',(98.22871870789,93.4));
#1309 = CARTESIAN_POINT('',(99.614359353945,95.8));
#1310 = CARTESIAN_POINT('',(101.,98.2));
#1311 = CARTESIAN_POINT('',(102.38564064605,95.8));
#1312 = CARTESIAN_POINT('',(103.77128129211,93.4));
#1313 = CARTESIAN_POINT('',(101.,93.4));
#1314 = ( GEOMETRIC_REPRESENTATION_CONTEXT(2) 
PARAMETRIC_REPRESENTATION_CONTEXT() REPRESENTATION_CONTEXT('2D SPACE',''
  ) );
#1315 = PCURVE('',#1316,#1331);
#1316 = ( BOUNDED_SURFACE() B_SPLINE_SURFACE(2,1,(
    (#1317,#1318)
    ,(#1319,#1320)
    ,(#1321,#1322)
    ,(#1323,#1324)
    ,(#1325,#1326)
    ,(#1327,#1328)
    ,(#1329,#1330
)),.UNSPECIFIED.,.T.,.F.,.F.) B_SPLINE_SURFACE_WITH_KNOTS((1,2,2,2,2,1),
  (2,2),(-2.094395102393,0.,2.094395102393,4.188790204786,6.28318530718,
    8.377580409573),(-1.121,-8.1E-02),.UNSPECIFIED.) 
GEOMETRIC_REPRESENTATION_ITEM() RATIONAL_B_SPLINE_SURFACE((
    (1.,1.)
    ,(0.5,0.5)
    ,(1.,1.)
    ,(0.5,0.5)
    ,(1.,1.)
    ,(0.5,0.5)
,(1.,1.))) REPRESENTATION_ITEM('') SURFACE() );
#1317 = CARTESIAN_POINT('',(101.,93.4,1.2));
#1318 = CARTESIAN_POINT('',(101.,93.4,0.));
#1319 = CARTESIAN_POINT('',(98.22871870789,93.4,1.2));
#1320 = CARTESIAN_POINT('',(98.22871870789,93.4,0.));
#1321 = CARTESIAN_POINT('',(99.614359353945,95.8,1.2));
#1322 = CARTESIAN_POINT('',(99.614359353945,95.8,0.));
#1323 = CARTESIAN_POINT('',(101.,98.2,1.2));
#1324 = CARTESIAN_POINT('',(101.,98.2,0.));
#1325 = CARTESIAN_POINT('',(102.38564064605,95.8,1.2));
#1326 = CARTESIAN_POINT('',(102.38564064605,95.8,0.));
#1327 = CARTESIAN_POINT('',(103.77128129211,93.4,1.2));
#1328 = CARTESIAN_POINT('',(103.77128129211,93.4,0.));
#1329 = CARTESIAN_POINT('',(101.,93.4,1.2));
#1330 = CARTESIAN_POINT('',(101.,93.4,0.));
#1331 = DEFINITIONAL_REPRESENTATION('',(#1332),#1340);
#1332 = B_SPLINE_CURVE_WITH_KNOTS('',2,(#1333,#1334,#1335,#1336,#1337,
    #1338,#1339),.UNSPECIFIED.,.F.,.F.,(3,2,2,3),(0.,2.094395102393,
    4.188790204786,6.28318530718),.PIECEWISE_BEZIER_KNOTS.);
#1333 = CARTESIAN_POINT('',(0.,-8.1E-02));
#1334 = CARTESIAN_POINT('',(1.047197551197,-8.1E-02));
#1335 = CARTESIAN_POINT('',(2.094395102393,-8.1E-02));
#1336 = CARTESIAN_POINT('',(3.14159265359,-8.1E-02));
#1337 = CARTESIAN_POINT('',(4.188790204786,-8.1E-02));
#1338 = CARTESIAN_POINT('',(5.235987755983,-8.1E-02));
#1339 = CARTESIAN_POINT('',(6.28318530718,-8.1E-02));
#1340 = ( GEOMETRIC_REPRESENTATION_CONTEXT(2) 
PARAMETRIC_REPRESENTATION_CONTEXT() REPRESENTATION_CONTEXT('2D SPACE',''
  ) );
#1341 = ADVANCED_FACE('',(#1342,#1454,#1491,#1528,#1565,#1602,#1639,
    #1676,#1713,#1750,#1787,#1824,#1861,#1898,#1935,#1972,#2009,#2046,
    #2083),#72,.T.);
#1342 = FACE_BOUND('',#1343,.T.);
#1343 = EDGE_LOOP('',(#1344,#1345,#1346,#1369,#1389,#1412,#1432,#1453));
#1344 = ORIENTED_EDGE('',*,*,#56,.F.);
#1345 = ORIENTED_EDGE('',*,*,#169,.F.);
#1346 = ORIENTED_EDGE('',*,*,#1347,.F.);
#1347 = EDGE_CURVE('',#1348,#142,#1350,.T.);
#1348 = VERTEX_POINT('',#1349);
#1349 = CARTESIAN_POINT('',(1.7763568394E-15,97.,1.2));
#1350 = SURFACE_CURVE('',#1351,(#1355,#1362),.PCURVE_S1.);
#1351 = ( BOUNDED_CURVE() B_SPLINE_CURVE(2,(#1352,#1353,#1354),
.UNSPECIFIED.,.F.,.F.) B_SPLINE_CURVE_WITH_KNOTS((3,3),(0.,
1.570795544804),.PIECEWISE_BEZIER_KNOTS.) CURVE() 
GEOMETRIC_REPRESENTATION_ITEM() RATIONAL_B_SPLINE_CURVE((1.,
0.707107057662,1.)) REPRESENTATION_ITEM('') );
#1352 = CARTESIAN_POINT('',(2.291500322826E-13,97.,1.2));
#1353 = CARTESIAN_POINT('',(1.172985855558E-06,99.999998827014,1.2));
#1354 = CARTESIAN_POINT('',(3.,100.,1.2));
#1355 = PCURVE('',#72,#1356);
#1356 = DEFINITIONAL_REPRESENTATION('',(#1357),#1361);
#1357 = ( BOUNDED_CURVE() B_SPLINE_CURVE(2,(#1358,#1359,#1360),
.UNSPECIFIED.,.F.,.F.) B_SPLINE_CURVE_WITH_KNOTS((3,3),(0.,
1.570795544804),.PIECEWISE_BEZIER_KNOTS.) CURVE() 
GEOMETRIC_REPRESENTATION_ITEM() RATIONAL_B_SPLINE_CURVE((1.,
0.707107057662,1.)) REPRESENTATION_ITEM('') );
#1358 = CARTESIAN_POINT('',(2.291500322826E-13,97.));
#1359 = CARTESIAN_POINT('',(1.172985855558E-06,99.999998827014));
#1360 = CARTESIAN_POINT('',(3.,100.));
#1361 = ( GEOMETRIC_REPRESENTATION_CONTEXT(2) 
PARAMETRIC_REPRESENTATION_CONTEXT() REPRESENTATION_CONTEXT('2D SPACE',''
  ) );
#1362 = PCURVE('',#155,#1363);
#1363 = DEFINITIONAL_REPRESENTATION('',(#1364),#1368);
#1364 = B_SPLINE_CURVE_WITH_KNOTS('',2,(#1365,#1366,#1367),
  .UNSPECIFIED.,.F.,.F.,(3,3),(1.683656538027E-13,1.570795544804),
  .PIECEWISE_BEZIER_KNOTS.);
#1365 = CARTESIAN_POINT('',(1.683656538027E-13,-1.04));
#1366 = CARTESIAN_POINT('',(0.785397772402,-1.04));
#1367 = CARTESIAN_POINT('',(1.570795544804,-1.04));
#1368 = ( GEOMETRIC_REPRESENTATION_CONTEXT(2) 
PARAMETRIC_REPRESENTATION_CONTEXT() REPRESENTATION_CONTEXT('2D SPACE',''
  ) );
#1369 = ORIENTED_EDGE('',*,*,#1370,.F.);
#1370 = EDGE_CURVE('',#1371,#1348,#1373,.T.);
#1371 = VERTEX_POINT('',#1372);
#1372 = CARTESIAN_POINT('',(0.,3.,1.2));
#1373 = SURFACE_CURVE('',#1374,(#1377,#1383),.PCURVE_S1.);
#1374 = B_SPLINE_CURVE_WITH_KNOTS('',1,(#1375,#1376),.UNSPECIFIED.,.F.,
  .F.,(2,2),(0.,94.),.PIECEWISE_BEZIER_KNOTS.);
#1375 = CARTESIAN_POINT('',(0.,3.,1.2));
#1376 = CARTESIAN_POINT('',(0.,97.,1.2));
#1377 = PCURVE('',#72,#1378);
#1378 = DEFINITIONAL_REPRESENTATION('',(#1379),#1382);
#1379 = B_SPLINE_CURVE_WITH_KNOTS('',1,(#1380,#1381),.UNSPECIFIED.,.F.,
  .F.,(2,2),(0.,94.),.PIECEWISE_BEZIER_KNOTS.);
#1380 = CARTESIAN_POINT('',(0.,3.));
#1381 = CARTESIAN_POINT('',(0.,97.));
#1382 = ( GEOMETRIC_REPRESENTATION_CONTEXT(2) 
PARAMETRIC_REPRESENTATION_CONTEXT() REPRESENTATION_CONTEXT('2D SPACE',''
  ) );
#1383 = PCURVE('',#318,#1384);
#1384 = DEFINITIONAL_REPRESENTATION('',(#1385),#1388);
#1385 = B_SPLINE_CURVE_WITH_KNOTS('',1,(#1386,#1387),.UNSPECIFIED.,.F.,
  .F.,(2,2),(0.,94.),.PIECEWISE_BEZIER_KNOTS.);
#1386 = CARTESIAN_POINT('',(0.,-1.04));
#1387 = CARTESIAN_POINT('',(94.,-1.04));
#1388 = ( GEOMETRIC_REPRESENTATION_CONTEXT(2) 
PARAMETRIC_REPRESENTATION_CONTEXT() REPRESENTATION_CONTEXT('2D SPACE',''
  ) );
#1389 = ORIENTED_EDGE('',*,*,#1390,.F.);
#1390 = EDGE_CURVE('',#1391,#1371,#1393,.T.);
#1391 = VERTEX_POINT('',#1392);
#1392 = CARTESIAN_POINT('',(3.,-2.22044604925E-16,1.2));
#1393 = SURFACE_CURVE('',#1394,(#1398,#1405),.PCURVE_S1.);
#1394 = ( BOUNDED_CURVE() B_SPLINE_CURVE(2,(#1395,#1396,#1397),
.UNSPECIFIED.,.F.,.F.) B_SPLINE_CURVE_WITH_KNOTS((3,3),(0.,
1.570795544804),.PIECEWISE_BEZIER_KNOTS.) CURVE() 
GEOMETRIC_REPRESENTATION_ITEM() RATIONAL_B_SPLINE_CURVE((1.,
0.707107057662,1.)) REPRESENTATION_ITEM('') );
#1395 = CARTESIAN_POINT('',(3.,2.291500322826E-13,1.2));
#1396 = CARTESIAN_POINT('',(1.172986312081E-06,1.172985858222E-06,1.2));
#1397 = CARTESIAN_POINT('',(2.295941214925E-13,3.,1.2));
#1398 = PCURVE('',#72,#1399);
#1399 = DEFINITIONAL_REPRESENTATION('',(#1400),#1404);
#1400 = ( BOUNDED_CURVE() B_SPLINE_CURVE(2,(#1401,#1402,#1403),
.UNSPECIFIED.,.F.,.F.) B_SPLINE_CURVE_WITH_KNOTS((3,3),(0.,
1.570795544804),.PIECEWISE_BEZIER_KNOTS.) CURVE() 
GEOMETRIC_REPRESENTATION_ITEM() RATIONAL_B_SPLINE_CURVE((1.,
0.707107057662,1.)) REPRESENTATION_ITEM('') );
#1401 = CARTESIAN_POINT('',(3.,2.291500322826E-13));
#1402 = CARTESIAN_POINT('',(1.172986312081E-06,1.172985858222E-06));
#1403 = CARTESIAN_POINT('',(2.295941214925E-13,3.));
#1404 = ( GEOMETRIC_REPRESENTATION_CONTEXT(2) 
PARAMETRIC_REPRESENTATION_CONTEXT() REPRESENTATION_CONTEXT('2D SPACE',''
  ) );
#1405 = PCURVE('',#345,#1406);
#1406 = DEFINITIONAL_REPRESENTATION('',(#1407),#1411);
#1407 = B_SPLINE_CURVE_WITH_KNOTS('',2,(#1408,#1409,#1410),
  .UNSPECIFIED.,.F.,.F.,(3,3),(1.680368142815E-13,1.570795544804),
  .PIECEWISE_BEZIER_KNOTS.);
#1408 = CARTESIAN_POINT('',(1.680368142815E-13,-1.04));
#1409 = CARTESIAN_POINT('',(0.785397772402,-1.04));
#1410 = CARTESIAN_POINT('',(1.570795544804,-1.04));
#1411 = ( GEOMETRIC_REPRESENTATION_CONTEXT(2) 
PARAMETRIC_REPRESENTATION_CONTEXT() REPRESENTATION_CONTEXT('2D SPACE',''
  ) );
#1412 = ORIENTED_EDGE('',*,*,#1413,.F.);
#1413 = EDGE_CURVE('',#1414,#1391,#1416,.T.);
#1414 = VERTEX_POINT('',#1415);
#1415 = CARTESIAN_POINT('',(103.,1.7763568394E-15,1.2));
#1416 = SURFACE_CURVE('',#1417,(#1420,#1426),.PCURVE_S1.);
#1417 = B_SPLINE_CURVE_WITH_KNOTS('',1,(#1418,#1419),.UNSPECIFIED.,.F.,
  .F.,(2,2),(0.,100.),.PIECEWISE_BEZIER_KNOTS.);
#1418 = CARTESIAN_POINT('',(103.,0.,1.2));
#1419 = CARTESIAN_POINT('',(3.,0.,1.2));
#1420 = PCURVE('',#72,#1421);
#1421 = DEFINITIONAL_REPRESENTATION('',(#1422),#1425);
#1422 = B_SPLINE_CURVE_WITH_KNOTS('',1,(#1423,#1424),.UNSPECIFIED.,.F.,
  .F.,(2,2),(0.,100.),.PIECEWISE_BEZIER_KNOTS.);
#1423 = CARTESIAN_POINT('',(103.,0.));
#1424 = CARTESIAN_POINT('',(3.,0.));
#1425 = ( GEOMETRIC_REPRESENTATION_CONTEXT(2) 
PARAMETRIC_REPRESENTATION_CONTEXT() REPRESENTATION_CONTEXT('2D SPACE',''
  ) );
#1426 = PCURVE('',#373,#1427);
#1427 = DEFINITIONAL_REPRESENTATION('',(#1428),#1431);
#1428 = B_SPLINE_CURVE_WITH_KNOTS('',1,(#1429,#1430),.UNSPECIFIED.,.F.,
  .F.,(2,2),(0.,100.),.PIECEWISE_BEZIER_KNOTS.);
#1429 = CARTESIAN_POINT('',(0.,-1.04));
#1430 = CARTESIAN_POINT('',(100.,-1.04));
#1431 = ( GEOMETRIC_REPRESENTATION_CONTEXT(2) 
PARAMETRIC_REPRESENTATION_CONTEXT() REPRESENTATION_CONTEXT('2D SPACE',''
  ) );
#1432 = ORIENTED_EDGE('',*,*,#1433,.F.);
#1433 = EDGE_CURVE('',#211,#1414,#1434,.T.);
#1434 = SURFACE_CURVE('',#1435,(#1439,#1446),.PCURVE_S1.);
#1435 = ( BOUNDED_CURVE() B_SPLINE_CURVE(2,(#1436,#1437,#1438),
.UNSPECIFIED.,.F.,.F.) B_SPLINE_CURVE_WITH_KNOTS((3,3),(0.,
1.570795544803),.PIECEWISE_BEZIER_KNOTS.) CURVE() 
GEOMETRIC_REPRESENTATION_ITEM() RATIONAL_B_SPLINE_CURVE((1.,
0.707107057662,1.)) REPRESENTATION_ITEM('') );
#1436 = CARTESIAN_POINT('',(105.99999999999,3.,1.2));
#1437 = CARTESIAN_POINT('',(105.99999882701,1.172989308351E-06,1.2));
#1438 = CARTESIAN_POINT('',(103.,2.295941214925E-13,1.2));
#1439 = PCURVE('',#72,#1440);
#1440 = DEFINITIONAL_REPRESENTATION('',(#1441),#1445);
#1441 = ( BOUNDED_CURVE() B_SPLINE_CURVE(2,(#1442,#1443,#1444),
.UNSPECIFIED.,.F.,.F.) B_SPLINE_CURVE_WITH_KNOTS((3,3),(0.,
1.570795544803),.PIECEWISE_BEZIER_KNOTS.) CURVE() 
GEOMETRIC_REPRESENTATION_ITEM() RATIONAL_B_SPLINE_CURVE((1.,
0.707107057662,1.)) REPRESENTATION_ITEM('') );
#1442 = CARTESIAN_POINT('',(105.99999999999,3.));
#1443 = CARTESIAN_POINT('',(105.99999882701,1.172989308351E-06));
#1444 = CARTESIAN_POINT('',(103.,2.295941214925E-13));
#1445 = ( GEOMETRIC_REPRESENTATION_CONTEXT(2) 
PARAMETRIC_REPRESENTATION_CONTEXT() REPRESENTATION_CONTEXT('2D SPACE',''
  ) );
#1446 = PCURVE('',#244,#1447);
#1447 = DEFINITIONAL_REPRESENTATION('',(#1448),#1452);
#1448 = B_SPLINE_CURVE_WITH_KNOTS('',2,(#1449,#1450,#1451),
  .UNSPECIFIED.,.F.,.F.,(3,3),(1.667210235753E-13,1.570795544803),
  .PIECEWISE_BEZIER_KNOTS.);
#1449 = CARTESIAN_POINT('',(1.667210256325E-13,-1.04));
#1450 = CARTESIAN_POINT('',(0.785397772402,-1.04));
#1451 = CARTESIAN_POINT('',(1.570795544803,-1.04));
#1452 = ( GEOMETRIC_REPRESENTATION_CONTEXT(2) 
PARAMETRIC_REPRESENTATION_CONTEXT() REPRESENTATION_CONTEXT('2D SPACE',''
  ) );
#1453 = ORIENTED_EDGE('',*,*,#210,.F.);
#1454 = FACE_BOUND('',#1455,.T.);
#1455 = EDGE_LOOP('',(#1456));
#1456 = ORIENTED_EDGE('',*,*,#1457,.T.);
#1457 = EDGE_CURVE('',#1458,#1458,#1460,.T.);
#1458 = VERTEX_POINT('',#1459);
#1459 = CARTESIAN_POINT('',(5.,3.4,1.2));
#1460 = SURFACE_CURVE('',#1461,(#1469,#1480),.PCURVE_S1.);
#1461 = ( BOUNDED_CURVE() B_SPLINE_CURVE(2,(#1462,#1463,#1464,#1465,
#1466,#1467,#1468),.UNSPECIFIED.,.T.,.F.) B_SPLINE_CURVE_WITH_KNOTS((1,2
    ,2,2,2,1),(-2.094395102393,0.,2.094395102393,4.188790204786,
6.28318530718,8.377580409573),.UNSPECIFIED.) CURVE() 
GEOMETRIC_REPRESENTATION_ITEM() RATIONAL_B_SPLINE_CURVE((1.,0.5,1.,0.5,
1.,0.5,1.)) REPRESENTATION_ITEM('') );
#1462 = CARTESIAN_POINT('',(5.,3.4,1.2));
#1463 = CARTESIAN_POINT('',(2.22871870789,3.4,1.2));
#1464 = CARTESIAN_POINT('',(3.614359353945,5.8,1.2));
#1465 = CARTESIAN_POINT('',(5.,8.2,1.2));
#1466 = CARTESIAN_POINT('',(6.385640646055,5.8,1.2));
#1467 = CARTESIAN_POINT('',(7.77128129211,3.4,1.2));
#1468 = CARTESIAN_POINT('',(5.,3.4,1.2));
#1469 = PCURVE('',#72,#1470);
#1470 = DEFINITIONAL_REPRESENTATION('',(#1471),#1479);
#1471 = ( BOUNDED_CURVE() B_SPLINE_CURVE(2,(#1472,#1473,#1474,#1475,
#1476,#1477,#1478),.UNSPECIFIED.,.T.,.F.) B_SPLINE_CURVE_WITH_KNOTS((3,2
    ,2,3),(0.,2.094395102393,4.188790204786,6.28318530718),
.PIECEWISE_BEZIER_KNOTS.) CURVE() GEOMETRIC_REPRESENTATION_ITEM() 
RATIONAL_B_SPLINE_CURVE((1.,0.5,1.,0.5,1.,0.5,1.)) REPRESENTATION_ITEM(
  '') );
#1472 = CARTESIAN_POINT('',(5.,3.4));
#1473 = CARTESIAN_POINT('',(2.22871870789,3.4));
#1474 = CARTESIAN_POINT('',(3.614359353945,5.8));
#1475 = CARTESIAN_POINT('',(5.,8.2));
#1476 = CARTESIAN_POINT('',(6.385640646055,5.8));
#1477 = CARTESIAN_POINT('',(7.77128129211,3.4));
#1478 = CARTESIAN_POINT('',(5.,3.4));
#1479 = ( GEOMETRIC_REPRESENTATION_CONTEXT(2) 
PARAMETRIC_REPRESENTATION_CONTEXT() REPRESENTATION_CONTEXT('2D SPACE',''
  ) );
#1480 = PCURVE('',#432,#1481);
#1481 = DEFINITIONAL_REPRESENTATION('',(#1482),#1490);
#1482 = B_SPLINE_CURVE_WITH_KNOTS('',2,(#1483,#1484,#1485,#1486,#1487,
    #1488,#1489),.UNSPECIFIED.,.F.,.F.,(3,2,2,3),(0.,2.094395102393,
    4.188790204786,6.28318530718),.PIECEWISE_BEZIER_KNOTS.);
#1483 = CARTESIAN_POINT('',(0.,-1.121));
#1484 = CARTESIAN_POINT('',(1.047197551197,-1.121));
#1485 = CARTESIAN_POINT('',(2.094395102393,-1.121));
#1486 = CARTESIAN_POINT('',(3.14159265359,-1.121));
#1487 = CARTESIAN_POINT('',(4.188790204786,-1.121));
#1488 = CARTESIAN_POINT('',(5.235987755983,-1.121));
#1489 = CARTESIAN_POINT('',(6.28318530718,-1.121));
#1490 = ( GEOMETRIC_REPRESENTATION_CONTEXT(2) 
PARAMETRIC_REPRESENTATION_CONTEXT() REPRESENTATION_CONTEXT('2D SPACE',''
  ) );
#1491 = FACE_BOUND('',#1492,.T.);
#1492 = EDGE_LOOP('',(#1493));
#1493 = ORIENTED_EDGE('',*,*,#1494,.T.);
#1494 = EDGE_CURVE('',#1495,#1495,#1497,.T.);
#1495 = VERTEX_POINT('',#1496);
#1496 = CARTESIAN_POINT('',(80.,8.15,1.2));
#1497 = SURFACE_CURVE('',#1498,(#1506,#1517),.PCURVE_S1.);
#1498 = ( BOUNDED_CURVE() B_SPLINE_CURVE(2,(#1499,#1500,#1501,#1502,
#1503,#1504,#1505),.UNSPECIFIED.,.T.,.F.) B_SPLINE_CURVE_WITH_KNOTS((1,2
    ,2,2,2,1),(-2.094395102393,0.,2.094395102393,4.188790204786,
6.28318530718,8.377580409573),.UNSPECIFIED.) CURVE() 
GEOMETRIC_REPRESENTATION_ITEM() RATIONAL_B_SPLINE_CURVE((1.,0.5,1.,0.5,
1.,0.5,1.)) REPRESENTATION_ITEM('') );
#1499 = CARTESIAN_POINT('',(80.,8.15,1.2));
#1500 = CARTESIAN_POINT('',(78.527756813566,8.15,1.2));
#1501 = CARTESIAN_POINT('',(79.263878406783,9.425,1.2));
#1502 = CARTESIAN_POINT('',(80.,10.7,1.2));
#1503 = CARTESIAN_POINT('',(80.736121593217,9.425,1.2));
#1504 = CARTESIAN_POINT('',(81.472243186434,8.15,1.2));
#1505 = CARTESIAN_POINT('',(80.,8.15,1.2));
#1506 = PCURVE('',#72,#1507);
#1507 = DEFINITIONAL_REPRESENTATION('',(#1508),#1516);
#1508 = ( BOUNDED_CURVE() B_SPLINE_CURVE(2,(#1509,#1510,#1511,#1512,
#1513,#1514,#1515),.UNSPECIFIED.,.T.,.F.) B_SPLINE_CURVE_WITH_KNOTS((3,2
    ,2,3),(0.,2.094395102393,4.188790204786,6.28318530718),
.PIECEWISE_BEZIER_KNOTS.) CURVE() GEOMETRIC_REPRESENTATION_ITEM() 
RATIONAL_B_SPLINE_CURVE((1.,0.5,1.,0.5,1.,0.5,1.)) REPRESENTATION_ITEM(
  '') );
#1509 = CARTESIAN_POINT('',(80.,8.15));
#1510 = CARTESIAN_POINT('',(78.527756813566,8.15));
#1511 = CARTESIAN_POINT('',(79.263878406783,9.425));
#1512 = CARTESIAN_POINT('',(80.,10.7));
#1513 = CARTESIAN_POINT('',(80.736121593217,9.425));
#1514 = CARTESIAN_POINT('',(81.472243186434,8.15));
#1515 = CARTESIAN_POINT('',(80.,8.15));
#1516 = ( GEOMETRIC_REPRESENTATION_CONTEXT(2) 
PARAMETRIC_REPRESENTATION_CONTEXT() REPRESENTATION_CONTEXT('2D SPACE',''
  ) );
#1517 = PCURVE('',#484,#1518);
#1518 = DEFINITIONAL_REPRESENTATION('',(#1519),#1527);
#1519 = B_SPLINE_CURVE_WITH_KNOTS('',2,(#1520,#1521,#1522,#1523,#1524,
    #1525,#1526),.UNSPECIFIED.,.F.,.F.,(3,2,2,3),(0.,2.094395102393,
    4.188790204786,6.28318530718),.UNSPECIFIED.);
#1520 = CARTESIAN_POINT('',(0.,-1.121));
#1521 = CARTESIAN_POINT('',(1.047197551197,-1.121));
#1522 = CARTESIAN_POINT('',(2.094395102393,-1.121));
#1523 = CARTESIAN_POINT('',(3.14159265359,-1.121));
#1524 = CARTESIAN_POINT('',(4.188790204786,-1.121));
#1525 = CARTESIAN_POINT('',(5.235987755983,-1.121));
#1526 = CARTESIAN_POINT('',(6.28318530718,-1.121));
#1527 = ( GEOMETRIC_REPRESENTATION_CONTEXT(2) 
PARAMETRIC_REPRESENTATION_CONTEXT() REPRESENTATION_CONTEXT('2D SPACE',''
  ) );
#1528 = FACE_BOUND('',#1529,.T.);
#1529 = EDGE_LOOP('',(#1530));
#1530 = ORIENTED_EDGE('',*,*,#1531,.T.);
#1531 = EDGE_CURVE('',#1532,#1532,#1534,.T.);
#1532 = VERTEX_POINT('',#1533);
#1533 = CARTESIAN_POINT('',(83.96,8.15,1.2));
#1534 = SURFACE_CURVE('',#1535,(#1543,#1554),.PCURVE_S1.);
#1535 = ( BOUNDED_CURVE() B_SPLINE_CURVE(2,(#1536,#1537,#1538,#1539,
#1540,#1541,#1542),.UNSPECIFIED.,.T.,.F.) B_SPLINE_CURVE_WITH_KNOTS((1,2
    ,2,2,2,1),(-2.094395102393,0.,2.094395102393,4.188790204786,
6.28318530718,8.377580409573),.UNSPECIFIED.) CURVE() 
GEOMETRIC_REPRESENTATION_ITEM() RATIONAL_B_SPLINE_CURVE((1.,0.5,1.,0.5,
1.,0.5,1.)) REPRESENTATION_ITEM('') );
#1536 = CARTESIAN_POINT('',(83.96,8.15,1.2));
#1537 = CARTESIAN_POINT('',(82.487756813566,8.15,1.2));
#1538 = CARTESIAN_POINT('',(83.223878406783,9.425,1.2));
#1539 = CARTESIAN_POINT('',(83.96,10.7,1.2));
#1540 = CARTESIAN_POINT('',(84.696121593217,9.425,1.2));
#1541 = CARTESIAN_POINT('',(85.432243186434,8.15,1.2));
#1542 = CARTESIAN_POINT('',(83.96,8.15,1.2));
#1543 = PCURVE('',#72,#1544);
#1544 = DEFINITIONAL_REPRESENTATION('',(#1545),#1553);
#1545 = ( BOUNDED_CURVE() B_SPLINE_CURVE(2,(#1546,#1547,#1548,#1549,
#1550,#1551,#1552),.UNSPECIFIED.,.T.,.F.) B_SPLINE_CURVE_WITH_KNOTS((3,2
    ,2,3),(0.,2.094395102393,4.188790204786,6.28318530718),
.PIECEWISE_BEZIER_KNOTS.) CURVE() GEOMETRIC_REPRESENTATION_ITEM() 
RATIONAL_B_SPLINE_CURVE((1.,0.5,1.,0.5,1.,0.5,1.)) REPRESENTATION_ITEM(
  '') );
#1546 = CARTESIAN_POINT('',(83.96,8.15));
#1547 = CARTESIAN_POINT('',(82.487756813566,8.15));
#1548 = CARTESIAN_POINT('',(83.223878406783,9.425));
#1549 = CARTESIAN_POINT('',(83.96,10.7));
#1550 = CARTESIAN_POINT('',(84.696121593217,9.425));
#1551 = CARTESIAN_POINT('',(85.432243186434,8.15));
#1552 = CARTESIAN_POINT('',(83.96,8.15));
#1553 = ( GEOMETRIC_REPRESENTATION_CONTEXT(2) 
PARAMETRIC_REPRESENTATION_CONTEXT() REPRESENTATION_CONTEXT('2D SPACE',''
  ) );
#1554 = PCURVE('',#536,#1555);
#1555 = DEFINITIONAL_REPRESENTATION('',(#1556),#1564);
#1556 = B_SPLINE_CURVE_WITH_KNOTS('',2,(#1557,#1558,#1559,#1560,#1561,
    #1562,#1563),.UNSPECIFIED.,.F.,.F.,(3,2,2,3),(0.,2.094395102393,
    4.188790204786,6.28318530718),.UNSPECIFIED.);
#1557 = CARTESIAN_POINT('',(0.,-1.121));
#1558 = CARTESIAN_POINT('',(1.047197551197,-1.121));
#1559 = CARTESIAN_POINT('',(2.094395102393,-1.121));
#1560 = CARTESIAN_POINT('',(3.14159265359,-1.121));
#1561 = CARTESIAN_POINT('',(4.188790204786,-1.121));
#1562 = CARTESIAN_POINT('',(5.235987755983,-1.121));
#1563 = CARTESIAN_POINT('',(6.28318530718,-1.121));
#1564 = ( GEOMETRIC_REPRESENTATION_CONTEXT(2) 
PARAMETRIC_REPRESENTATION_CONTEXT() REPRESENTATION_CONTEXT('2D SPACE',''
  ) );
#1565 = FACE_BOUND('',#1566,.T.);
#1566 = EDGE_LOOP('',(#1567));
#1567 = ORIENTED_EDGE('',*,*,#1568,.T.);
#1568 = EDGE_CURVE('',#1569,#1569,#1571,.T.);
#1569 = VERTEX_POINT('',#1570);
#1570 = CARTESIAN_POINT('',(87.92,8.15,1.2));
#1571 = SURFACE_CURVE('',#1572,(#1580,#1591),.PCURVE_S1.);
#1572 = ( BOUNDED_CURVE() B_SPLINE_CURVE(2,(#1573,#1574,#1575,#1576,
#1577,#1578,#1579),.UNSPECIFIED.,.T.,.F.) B_SPLINE_CURVE_WITH_KNOTS((1,2
    ,2,2,2,1),(-2.094395102393,0.,2.094395102393,4.188790204786,
6.28318530718,8.377580409573),.UNSPECIFIED.) CURVE() 
GEOMETRIC_REPRESENTATION_ITEM() RATIONAL_B_SPLINE_CURVE((1.,0.5,1.,0.5,
1.,0.5,1.)) REPRESENTATION_ITEM('') );
#1573 = CARTESIAN_POINT('',(87.92,8.15,1.2));
#1574 = CARTESIAN_POINT('',(86.447756813566,8.15,1.2));
#1575 = CARTESIAN_POINT('',(87.183878406783,9.425,1.2));
#1576 = CARTESIAN_POINT('',(87.92,10.7,1.2));
#1577 = CARTESIAN_POINT('',(88.656121593217,9.425,1.2));
#1578 = CARTESIAN_POINT('',(89.392243186434,8.15,1.2));
#1579 = CARTESIAN_POINT('',(87.92,8.15,1.2));
#1580 = PCURVE('',#72,#1581);
#1581 = DEFINITIONAL_REPRESENTATION('',(#1582),#1590);
#1582 = ( BOUNDED_CURVE() B_SPLINE_CURVE(2,(#1583,#1584,#1585,#1586,
#1587,#1588,#1589),.UNSPECIFIED.,.T.,.F.) B_SPLINE_CURVE_WITH_KNOTS((3,2
    ,2,3),(2.021618764522E-14,2.094395102393,4.188790204786,
6.28318530718),.UNSPECIFIED.) CURVE() GEOMETRIC_REPRESENTATION_ITEM() 
RATIONAL_B_SPLINE_CURVE((1.,0.5,1.,0.5,1.,0.5,1.)) REPRESENTATION_ITEM(
  '') );
#1583 = CARTESIAN_POINT('',(87.92,8.15));
#1584 = CARTESIAN_POINT('',(86.447756813566,8.15));
#1585 = CARTESIAN_POINT('',(87.183878406783,9.425));
#1586 = CARTESIAN_POINT('',(87.92,10.7));
#1587 = CARTESIAN_POINT('',(88.656121593217,9.425));
#1588 = CARTESIAN_POINT('',(89.392243186434,8.15));
#1589 = CARTESIAN_POINT('',(87.92,8.15));
#1590 = ( GEOMETRIC_REPRESENTATION_CONTEXT(2) 
PARAMETRIC_REPRESENTATION_CONTEXT() REPRESENTATION_CONTEXT('2D SPACE',''
  ) );
#1591 = PCURVE('',#588,#1592);
#1592 = DEFINITIONAL_REPRESENTATION('',(#1593),#1601);
#1593 = B_SPLINE_CURVE_WITH_KNOTS('',2,(#1594,#1595,#1596,#1597,#1598,
    #1599,#1600),.UNSPECIFIED.,.F.,.F.,(3,2,2,3),(2.021618764522E-14,
    2.094395102393,4.188790204786,6.28318530718),.UNSPECIFIED.);
#1594 = CARTESIAN_POINT('',(0.,-1.121));
#1595 = CARTESIAN_POINT('',(1.047197551197,-1.121));
#1596 = CARTESIAN_POINT('',(2.094395102393,-1.121));
#1597 = CARTESIAN_POINT('',(3.14159265359,-1.121));
#1598 = CARTESIAN_POINT('',(4.188790204786,-1.121));
#1599 = CARTESIAN_POINT('',(5.235987755983,-1.121));
#1600 = CARTESIAN_POINT('',(6.28318530718,-1.121));
#1601 = ( GEOMETRIC_REPRESENTATION_CONTEXT(2) 
PARAMETRIC_REPRESENTATION_CONTEXT() REPRESENTATION_CONTEXT('2D SPACE',''
  ) );
#1602 = FACE_BOUND('',#1603,.T.);
#1603 = EDGE_LOOP('',(#1604));
#1604 = ORIENTED_EDGE('',*,*,#1605,.T.);
#1605 = EDGE_CURVE('',#1606,#1606,#1608,.T.);
#1606 = VERTEX_POINT('',#1607);
#1607 = CARTESIAN_POINT('',(101.,3.4,1.2));
#1608 = SURFACE_CURVE('',#1609,(#1617,#1628),.PCURVE_S1.);
#1609 = ( BOUNDED_CURVE() B_SPLINE_CURVE(2,(#1610,#1611,#1612,#1613,
#1614,#1615,#1616),.UNSPECIFIED.,.T.,.F.) B_SPLINE_CURVE_WITH_KNOTS((1,2
    ,2,2,2,1),(-2.094395102393,0.,2.094395102393,4.188790204786,
6.28318530718,8.377580409573),.UNSPECIFIED.) CURVE() 
GEOMETRIC_REPRESENTATION_ITEM() RATIONAL_B_SPLINE_CURVE((1.,0.5,1.,0.5,
1.,0.5,1.)) REPRESENTATION_ITEM('') );
#1610 = CARTESIAN_POINT('',(101.,3.4,1.2));
#1611 = CARTESIAN_POINT('',(98.22871870789,3.4,1.2));
#1612 = CARTESIAN_POINT('',(99.614359353945,5.8,1.2));
#1613 = CARTESIAN_POINT('',(101.,8.2,1.2));
#1614 = CARTESIAN_POINT('',(102.38564064605,5.8,1.2));
#1615 = CARTESIAN_POINT('',(103.77128129211,3.4,1.2));
#1616 = CARTESIAN_POINT('',(101.,3.4,1.2));
#1617 = PCURVE('',#72,#1618);
#1618 = DEFINITIONAL_REPRESENTATION('',(#1619),#1627);
#1619 = ( BOUNDED_CURVE() B_SPLINE_CURVE(2,(#1620,#1621,#1622,#1623,
#1624,#1625,#1626),.UNSPECIFIED.,.T.,.F.) B_SPLINE_CURVE_WITH_KNOTS((3,2
    ,2,3),(0.,2.094395102393,4.188790204786,6.28318530718),
.PIECEWISE_BEZIER_KNOTS.) CURVE() GEOMETRIC_REPRESENTATION_ITEM() 
RATIONAL_B_SPLINE_CURVE((1.,0.5,1.,0.5,1.,0.5,1.)) REPRESENTATION_ITEM(
  '') );
#1620 = CARTESIAN_POINT('',(101.,3.4));
#1621 = CARTESIAN_POINT('',(98.22871870789,3.4));
#1622 = CARTESIAN_POINT('',(99.614359353945,5.8));
#1623 = CARTESIAN_POINT('',(101.,8.2));
#1624 = CARTESIAN_POINT('',(102.38564064605,5.8));
#1625 = CARTESIAN_POINT('',(103.77128129211,3.4));
#1626 = CARTESIAN_POINT('',(101.,3.4));
#1627 = ( GEOMETRIC_REPRESENTATION_CONTEXT(2) 
PARAMETRIC_REPRESENTATION_CONTEXT() REPRESENTATION_CONTEXT('2D SPACE',''
  ) );
#1628 = PCURVE('',#640,#1629);
#1629 = DEFINITIONAL_REPRESENTATION('',(#1630),#1638);
#1630 = B_SPLINE_CURVE_WITH_KNOTS('',2,(#1631,#1632,#1633,#1634,#1635,
    #1636,#1637),.UNSPECIFIED.,.F.,.F.,(3,2,2,3),(0.,2.094395102393,
    4.188790204786,6.28318530718),.PIECEWISE_BEZIER_KNOTS.);
#1631 = CARTESIAN_POINT('',(0.,-1.121));
#1632 = CARTESIAN_POINT('',(1.047197551197,-1.121));
#1633 = CARTESIAN_POINT('',(2.094395102393,-1.121));
#1634 = CARTESIAN_POINT('',(3.14159265359,-1.121));
#1635 = CARTESIAN_POINT('',(4.188790204786,-1.121));
#1636 = CARTESIAN_POINT('',(5.235987755983,-1.121));
#1637 = CARTESIAN_POINT('',(6.28318530718,-1.121));
#1638 = ( GEOMETRIC_REPRESENTATION_CONTEXT(2) 
PARAMETRIC_REPRESENTATION_CONTEXT() REPRESENTATION_CONTEXT('2D SPACE',''
  ) );
#1639 = FACE_BOUND('',#1640,.T.);
#1640 = EDGE_LOOP('',(#1641));
#1641 = ORIENTED_EDGE('',*,*,#1642,.T.);
#1642 = EDGE_CURVE('',#1643,#1643,#1645,.T.);
#1643 = VERTEX_POINT('',#1644);
#1644 = CARTESIAN_POINT('',(82.,17.8,1.2));
#1645 = SURFACE_CURVE('',#1646,(#1654,#1665),.PCURVE_S1.);
#1646 = ( BOUNDED_CURVE() B_SPLINE_CURVE(2,(#1647,#1648,#1649,#1650,
#1651,#1652,#1653),.UNSPECIFIED.,.T.,.F.) B_SPLINE_CURVE_WITH_KNOTS((1,2
    ,2,2,2,1),(-2.094395102393,0.,2.094395102393,4.188790204786,
6.28318530718,8.377580409573),.UNSPECIFIED.) CURVE() 
GEOMETRIC_REPRESENTATION_ITEM() RATIONAL_B_SPLINE_CURVE((1.,0.5,1.,0.5,
1.,0.5,1.)) REPRESENTATION_ITEM('') );
#1647 = CARTESIAN_POINT('',(82.,17.8,1.2));
#1648 = CARTESIAN_POINT('',(80.787564434702,17.8,1.2));
#1649 = CARTESIAN_POINT('',(81.393782217351,18.85,1.2));
#1650 = CARTESIAN_POINT('',(82.,19.9,1.2));
#1651 = CARTESIAN_POINT('',(82.606217782649,18.85,1.2));
#1652 = CARTESIAN_POINT('',(83.212435565298,17.8,1.2));
#1653 = CARTESIAN_POINT('',(82.,17.8,1.2));
#1654 = PCURVE('',#72,#1655);
#1655 = DEFINITIONAL_REPRESENTATION('',(#1656),#1664);
#1656 = ( BOUNDED_CURVE() B_SPLINE_CURVE(2,(#1657,#1658,#1659,#1660,
#1661,#1662,#1663),.UNSPECIFIED.,.T.,.F.) B_SPLINE_CURVE_WITH_KNOTS((3,2
    ,2,3),(0.,2.094395102393,4.188790204786,6.28318530718),
.PIECEWISE_BEZIER_KNOTS.) CURVE() GEOMETRIC_REPRESENTATION_ITEM() 
RATIONAL_B_SPLINE_CURVE((1.,0.5,1.,0.5,1.,0.5,1.)) REPRESENTATION_ITEM(
  '') );
#1657 = CARTESIAN_POINT('',(82.,17.8));
#1658 = CARTESIAN_POINT('',(80.787564434702,17.8));
#1659 = CARTESIAN_POINT('',(81.393782217351,18.85));
#1660 = CARTESIAN_POINT('',(82.,19.9));
#1661 = CARTESIAN_POINT('',(82.606217782649,18.85));
#1662 = CARTESIAN_POINT('',(83.212435565298,17.8));
#1663 = CARTESIAN_POINT('',(82.,17.8));
#1664 = ( GEOMETRIC_REPRESENTATION_CONTEXT(2) 
PARAMETRIC_REPRESENTATION_CONTEXT() REPRESENTATION_CONTEXT('2D SPACE',''
  ) );
#1665 = PCURVE('',#692,#1666);
#1666 = DEFINITIONAL_REPRESENTATION('',(#1667),#1675);
#1667 = B_SPLINE_CURVE_WITH_KNOTS('',2,(#1668,#1669,#1670,#1671,#1672,
    #1673,#1674),.UNSPECIFIED.,.F.,.F.,(3,2,2,3),(0.,2.094395102393,
    4.188790204786,6.28318530718),.PIECEWISE_BEZIER_KNOTS.);
#1668 = CARTESIAN_POINT('',(0.,-1.121));
#1669 = CARTESIAN_POINT('',(1.047197551197,-1.121));
#1670 = CARTESIAN_POINT('',(2.094395102393,-1.121));
#1671 = CARTESIAN_POINT('',(3.14159265359,-1.121));
#1672 = CARTESIAN_POINT('',(4.188790204786,-1.121));
#1673 = CARTESIAN_POINT('',(5.235987755983,-1.121));
#1674 = CARTESIAN_POINT('',(6.28318530718,-1.121));
#1675 = ( GEOMETRIC_REPRESENTATION_CONTEXT(2) 
PARAMETRIC_REPRESENTATION_CONTEXT() REPRESENTATION_CONTEXT('2D SPACE',''
  ) );
#1676 = FACE_BOUND('',#1677,.T.);
#1677 = EDGE_LOOP('',(#1678));
#1678 = ORIENTED_EDGE('',*,*,#1679,.T.);
#1679 = EDGE_CURVE('',#1680,#1680,#1682,.T.);
#1680 = VERTEX_POINT('',#1681);
#1681 = CARTESIAN_POINT('',(85.5,17.8,1.2));
#1682 = SURFACE_CURVE('',#1683,(#1691,#1702),.PCURVE_S1.);
#1683 = ( BOUNDED_CURVE() B_SPLINE_CURVE(2,(#1684,#1685,#1686,#1687,
#1688,#1689,#1690),.UNSPECIFIED.,.T.,.F.) B_SPLINE_CURVE_WITH_KNOTS((1,2
    ,2,2,2,1),(-2.094395102393,0.,2.094395102393,4.188790204786,
6.28318530718,8.377580409573),.UNSPECIFIED.) CURVE() 
GEOMETRIC_REPRESENTATION_ITEM() RATIONAL_B_SPLINE_CURVE((1.,0.5,1.,0.5,
1.,0.5,1.)) REPRESENTATION_ITEM('') );
#1684 = CARTESIAN_POINT('',(85.5,17.8,1.2));
#1685 = CARTESIAN_POINT('',(84.287564434702,17.8,1.2));
#1686 = CARTESIAN_POINT('',(84.893782217351,18.85,1.2));
#1687 = CARTESIAN_POINT('',(85.5,19.9,1.2));
#1688 = CARTESIAN_POINT('',(86.106217782649,18.85,1.2));
#1689 = CARTESIAN_POINT('',(86.712435565298,17.8,1.2));
#1690 = CARTESIAN_POINT('',(85.5,17.8,1.2));
#1691 = PCURVE('',#72,#1692);
#1692 = DEFINITIONAL_REPRESENTATION('',(#1693),#1701);
#1693 = ( BOUNDED_CURVE() B_SPLINE_CURVE(2,(#1694,#1695,#1696,#1697,
#1698,#1699,#1700),.UNSPECIFIED.,.T.,.F.) B_SPLINE_CURVE_WITH_KNOTS((3,2
    ,2,3),(0.,2.094395102393,4.188790204786,6.28318530718),
.PIECEWISE_BEZIER_KNOTS.) CURVE() GEOMETRIC_REPRESENTATION_ITEM() 
RATIONAL_B_SPLINE_CURVE((1.,0.5,1.,0.5,1.,0.5,1.)) REPRESENTATION_ITEM(
  '') );
#1694 = CARTESIAN_POINT('',(85.5,17.8));
#1695 = CARTESIAN_POINT('',(84.287564434702,17.8));
#1696 = CARTESIAN_POINT('',(84.893782217351,18.85));
#1697 = CARTESIAN_POINT('',(85.5,19.9));
#1698 = CARTESIAN_POINT('',(86.106217782649,18.85));
#1699 = CARTESIAN_POINT('',(86.712435565298,17.8));
#1700 = CARTESIAN_POINT('',(85.5,17.8));
#1701 = ( GEOMETRIC_REPRESENTATION_CONTEXT(2) 
PARAMETRIC_REPRESENTATION_CONTEXT() REPRESENTATION_CONTEXT('2D SPACE',''
  ) );
#1702 = PCURVE('',#744,#1703);
#1703 = DEFINITIONAL_REPRESENTATION('',(#1704),#1712);
#1704 = B_SPLINE_CURVE_WITH_KNOTS('',2,(#1705,#1706,#1707,#1708,#1709,
    #1710,#1711),.UNSPECIFIED.,.F.,.F.,(3,2,2,3),(0.,2.094395102393,
    4.188790204786,6.28318530718),.PIECEWISE_BEZIER_KNOTS.);
#1705 = CARTESIAN_POINT('',(0.,-1.121));
#1706 = CARTESIAN_POINT('',(1.047197551197,-1.121));
#1707 = CARTESIAN_POINT('',(2.094395102393,-1.121));
#1708 = CARTESIAN_POINT('',(3.14159265359,-1.121));
#1709 = CARTESIAN_POINT('',(4.188790204786,-1.121));
#1710 = CARTESIAN_POINT('',(5.235987755983,-1.121));
#1711 = CARTESIAN_POINT('',(6.28318530718,-1.121));
#1712 = ( GEOMETRIC_REPRESENTATION_CONTEXT(2) 
PARAMETRIC_REPRESENTATION_CONTEXT() REPRESENTATION_CONTEXT('2D SPACE',''
  ) );
#1713 = FACE_BOUND('',#1714,.T.);
#1714 = EDGE_LOOP('',(#1715));
#1715 = ORIENTED_EDGE('',*,*,#1716,.T.);
#1716 = EDGE_CURVE('',#1717,#1717,#1719,.T.);
#1717 = VERTEX_POINT('',#1718);
#1718 = CARTESIAN_POINT('',(88.4,18.55,1.2));
#1719 = SURFACE_CURVE('',#1720,(#1728,#1739),.PCURVE_S1.);
#1720 = ( BOUNDED_CURVE() B_SPLINE_CURVE(2,(#1721,#1722,#1723,#1724,
#1725,#1726,#1727),.UNSPECIFIED.,.T.,.F.) B_SPLINE_CURVE_WITH_KNOTS((1,2
    ,2,2,2,1),(-2.094395102393,0.,2.094395102393,4.188790204786,
6.28318530718,8.377580409573),.UNSPECIFIED.) CURVE() 
GEOMETRIC_REPRESENTATION_ITEM() RATIONAL_B_SPLINE_CURVE((1.,0.5,1.,0.5,
1.,0.5,1.)) REPRESENTATION_ITEM('') );
#1721 = CARTESIAN_POINT('',(88.4,18.55,1.2));
#1722 = CARTESIAN_POINT('',(86.321539030917,18.55,1.2));
#1723 = CARTESIAN_POINT('',(87.360769515459,20.35,1.2));
#1724 = CARTESIAN_POINT('',(88.4,22.15,1.2));
#1725 = CARTESIAN_POINT('',(89.439230484541,20.35,1.2));
#1726 = CARTESIAN_POINT('',(90.478460969083,18.55,1.2));
#1727 = CARTESIAN_POINT('',(88.4,18.55,1.2));
#1728 = PCURVE('',#72,#1729);
#1729 = DEFINITIONAL_REPRESENTATION('',(#1730),#1738);
#1730 = ( BOUNDED_CURVE() B_SPLINE_CURVE(2,(#1731,#1732,#1733,#1734,
#1735,#1736,#1737),.UNSPECIFIED.,.T.,.F.) B_SPLINE_CURVE_WITH_KNOTS((3,2
    ,2,3),(0.,2.094395102393,4.188790204786,6.28318530718),
.PIECEWISE_BEZIER_KNOTS.) CURVE() GEOMETRIC_REPRESENTATION_ITEM() 
RATIONAL_B_SPLINE_CURVE((1.,0.5,1.,0.5,1.,0.5,1.)) REPRESENTATION_ITEM(
  '') );
#1731 = CARTESIAN_POINT('',(88.4,18.55));
#1732 = CARTESIAN_POINT('',(86.321539030917,18.55));
#1733 = CARTESIAN_POINT('',(87.360769515459,20.35));
#1734 = CARTESIAN_POINT('',(88.4,22.15));
#1735 = CARTESIAN_POINT('',(89.439230484541,20.35));
#1736 = CARTESIAN_POINT('',(90.478460969083,18.55));
#1737 = CARTESIAN_POINT('',(88.4,18.55));
#1738 = ( GEOMETRIC_REPRESENTATION_CONTEXT(2) 
PARAMETRIC_REPRESENTATION_CONTEXT() REPRESENTATION_CONTEXT('2D SPACE',''
  ) );
#1739 = PCURVE('',#796,#1740);
#1740 = DEFINITIONAL_REPRESENTATION('',(#1741),#1749);
#1741 = B_SPLINE_CURVE_WITH_KNOTS('',2,(#1742,#1743,#1744,#1745,#1746,
    #1747,#1748),.UNSPECIFIED.,.F.,.F.,(3,2,2,3),(0.,2.094395102393,
    4.188790204786,6.28318530718),.PIECEWISE_BEZIER_KNOTS.);
#1742 = CARTESIAN_POINT('',(0.,-1.121));
#1743 = CARTESIAN_POINT('',(1.047197551197,-1.121));
#1744 = CARTESIAN_POINT('',(2.094395102393,-1.121));
#1745 = CARTESIAN_POINT('',(3.14159265359,-1.121));
#1746 = CARTESIAN_POINT('',(4.188790204786,-1.121));
#1747 = CARTESIAN_POINT('',(5.235987755983,-1.121));
#1748 = CARTESIAN_POINT('',(6.28318530718,-1.121));
#1749 = ( GEOMETRIC_REPRESENTATION_CONTEXT(2) 
PARAMETRIC_REPRESENTATION_CONTEXT() REPRESENTATION_CONTEXT('2D SPACE',''
  ) );
#1750 = FACE_BOUND('',#1751,.T.);
#1751 = EDGE_LOOP('',(#1752));
#1752 = ORIENTED_EDGE('',*,*,#1753,.T.);
#1753 = EDGE_CURVE('',#1754,#1754,#1756,.T.);
#1754 = VERTEX_POINT('',#1755);
#1755 = CARTESIAN_POINT('',(82.,20.3,1.2));
#1756 = SURFACE_CURVE('',#1757,(#1765,#1776),.PCURVE_S1.);
#1757 = ( BOUNDED_CURVE() B_SPLINE_CURVE(2,(#1758,#1759,#1760,#1761,
#1762,#1763,#1764),.UNSPECIFIED.,.T.,.F.) B_SPLINE_CURVE_WITH_KNOTS((1,2
    ,2,2,2,1),(-2.094395102393,0.,2.094395102393,4.188790204786,
6.28318530718,8.377580409573),.UNSPECIFIED.) CURVE() 
GEOMETRIC_REPRESENTATION_ITEM() RATIONAL_B_SPLINE_CURVE((1.,0.5,1.,0.5,
1.,0.5,1.)) REPRESENTATION_ITEM('') );
#1758 = CARTESIAN_POINT('',(82.,20.3,1.2));
#1759 = CARTESIAN_POINT('',(80.787564434702,20.3,1.2));
#1760 = CARTESIAN_POINT('',(81.393782217351,21.35,1.2));
#1761 = CARTESIAN_POINT('',(82.,22.4,1.2));
#1762 = CARTESIAN_POINT('',(82.606217782649,21.35,1.2));
#1763 = CARTESIAN_POINT('',(83.212435565298,20.3,1.2));
#1764 = CARTESIAN_POINT('',(82.,20.3,1.2));
#1765 = PCURVE('',#72,#1766);
#1766 = DEFINITIONAL_REPRESENTATION('',(#1767),#1775);
#1767 = ( BOUNDED_CURVE() B_SPLINE_CURVE(2,(#1768,#1769,#1770,#1771,
#1772,#1773,#1774),.UNSPECIFIED.,.T.,.F.) B_SPLINE_CURVE_WITH_KNOTS((3,2
    ,2,3),(0.,2.094395102393,4.188790204786,6.28318530718),
.PIECEWISE_BEZIER_KNOTS.) CURVE() GEOMETRIC_REPRESENTATION_ITEM() 
RATIONAL_B_SPLINE_CURVE((1.,0.5,1.,0.5,1.,0.5,1.)) REPRESENTATION_ITEM(
  '') );
#1768 = CARTESIAN_POINT('',(82.,20.3));
#1769 = CARTESIAN_POINT('',(80.787564434702,20.3));
#1770 = CARTESIAN_POINT('',(81.393782217351,21.35));
#1771 = CARTESIAN_POINT('',(82.,22.4));
#1772 = CARTESIAN_POINT('',(82.606217782649,21.35));
#1773 = CARTESIAN_POINT('',(83.212435565298,20.3));
#1774 = CARTESIAN_POINT('',(82.,20.3));
#1775 = ( GEOMETRIC_REPRESENTATION_CONTEXT(2) 
PARAMETRIC_REPRESENTATION_CONTEXT() REPRESENTATION_CONTEXT('2D SPACE',''
  ) );
#1776 = PCURVE('',#848,#1777);
#1777 = DEFINITIONAL_REPRESENTATION('',(#1778),#1786);
#1778 = B_SPLINE_CURVE_WITH_KNOTS('',2,(#1779,#1780,#1781,#1782,#1783,
    #1784,#1785),.UNSPECIFIED.,.F.,.F.,(3,2,2,3),(0.,2.094395102393,
    4.188790204786,6.28318530718),.PIECEWISE_BEZIER_KNOTS.);
#1779 = CARTESIAN_POINT('',(0.,-1.121));
#1780 = CARTESIAN_POINT('',(1.047197551197,-1.121));
#1781 = CARTESIAN_POINT('',(2.094395102393,-1.121));
#1782 = CARTESIAN_POINT('',(3.14159265359,-1.121));
#1783 = CARTESIAN_POINT('',(4.188790204786,-1.121));
#1784 = CARTESIAN_POINT('',(5.235987755983,-1.121));
#1785 = CARTESIAN_POINT('',(6.28318530718,-1.121));
#1786 = ( GEOMETRIC_REPRESENTATION_CONTEXT(2) 
PARAMETRIC_REPRESENTATION_CONTEXT() REPRESENTATION_CONTEXT('2D SPACE',''
  ) );
#1787 = FACE_BOUND('',#1788,.T.);
#1788 = EDGE_LOOP('',(#1789));
#1789 = ORIENTED_EDGE('',*,*,#1790,.T.);
#1790 = EDGE_CURVE('',#1791,#1791,#1793,.T.);
#1791 = VERTEX_POINT('',#1792);
#1792 = CARTESIAN_POINT('',(85.5,20.3,1.2));
#1793 = SURFACE_CURVE('',#1794,(#1802,#1813),.PCURVE_S1.);
#1794 = ( BOUNDED_CURVE() B_SPLINE_CURVE(2,(#1795,#1796,#1797,#1798,
#1799,#1800,#1801),.UNSPECIFIED.,.T.,.F.) B_SPLINE_CURVE_WITH_KNOTS((1,2
    ,2,2,2,1),(-2.094395102393,0.,2.094395102393,4.188790204786,
6.28318530718,8.377580409573),.UNSPECIFIED.) CURVE() 
GEOMETRIC_REPRESENTATION_ITEM() RATIONAL_B_SPLINE_CURVE((1.,0.5,1.,0.5,
1.,0.5,1.)) REPRESENTATION_ITEM('') );
#1795 = CARTESIAN_POINT('',(85.5,20.3,1.2));
#1796 = CARTESIAN_POINT('',(84.287564434702,20.3,1.2));
#1797 = CARTESIAN_POINT('',(84.893782217351,21.35,1.2));
#1798 = CARTESIAN_POINT('',(85.5,22.4,1.2));
#1799 = CARTESIAN_POINT('',(86.106217782649,21.35,1.2));
#1800 = CARTESIAN_POINT('',(86.712435565298,20.3,1.2));
#1801 = CARTESIAN_POINT('',(85.5,20.3,1.2));
#1802 = PCURVE('',#72,#1803);
#1803 = DEFINITIONAL_REPRESENTATION('',(#1804),#1812);
#1804 = ( BOUNDED_CURVE() B_SPLINE_CURVE(2,(#1805,#1806,#1807,#1808,
#1809,#1810,#1811),.UNSPECIFIED.,.T.,.F.) B_SPLINE_CURVE_WITH_KNOTS((3,2
    ,2,3),(0.,2.094395102393,4.188790204786,6.28318530718),
.PIECEWISE_BEZIER_KNOTS.) CURVE() GEOMETRIC_REPRESENTATION_ITEM() 
RATIONAL_B_SPLINE_CURVE((1.,0.5,1.,0.5,1.,0.5,1.)) REPRESENTATION_ITEM(
  '') );
#1805 = CARTESIAN_POINT('',(85.5,20.3));
#1806 = CARTESIAN_POINT('',(84.287564434702,20.3));
#1807 = CARTESIAN_POINT('',(84.893782217351,21.35));
#1808 = CARTESIAN_POINT('',(85.5,22.4));
#1809 = CARTESIAN_POINT('',(86.106217782649,21.35));
#1810 = CARTESIAN_POINT('',(86.712435565298,20.3));
#1811 = CARTESIAN_POINT('',(85.5,20.3));
#1812 = ( GEOMETRIC_REPRESENTATION_CONTEXT(2) 
PARAMETRIC_REPRESENTATION_CONTEXT() REPRESENTATION_CONTEXT('2D SPACE',''
  ) );
#1813 = PCURVE('',#900,#1814);
#1814 = DEFINITIONAL_REPRESENTATION('',(#1815),#1823);
#1815 = B_SPLINE_CURVE_WITH_KNOTS('',2,(#1816,#1817,#1818,#1819,#1820,
    #1821,#1822),.UNSPECIFIED.,.F.,.F.,(3,2,2,3),(0.,2.094395102393,
    4.188790204786,6.28318530718),.PIECEWISE_BEZIER_KNOTS.);
#1816 = CARTESIAN_POINT('',(0.,-1.121));
#1817 = CARTESIAN_POINT('',(1.047197551197,-1.121));
#1818 = CARTESIAN_POINT('',(2.094395102393,-1.121));
#1819 = CARTESIAN_POINT('',(3.14159265359,-1.121));
#1820 = CARTESIAN_POINT('',(4.188790204786,-1.121));
#1821 = CARTESIAN_POINT('',(5.235987755983,-1.121));
#1822 = CARTESIAN_POINT('',(6.28318530718,-1.121));
#1823 = ( GEOMETRIC_REPRESENTATION_CONTEXT(2) 
PARAMETRIC_REPRESENTATION_CONTEXT() REPRESENTATION_CONTEXT('2D SPACE',''
  ) );
#1824 = FACE_BOUND('',#1825,.T.);
#1825 = EDGE_LOOP('',(#1826));
#1826 = ORIENTED_EDGE('',*,*,#1827,.T.);
#1827 = EDGE_CURVE('',#1828,#1828,#1830,.T.);
#1828 = VERTEX_POINT('',#1829);
#1829 = CARTESIAN_POINT('',(91.3,17.8,1.2));
#1830 = SURFACE_CURVE('',#1831,(#1839,#1850),.PCURVE_S1.);
#1831 = ( BOUNDED_CURVE() B_SPLINE_CURVE(2,(#1832,#1833,#1834,#1835,
#1836,#1837,#1838),.UNSPECIFIED.,.T.,.F.) B_SPLINE_CURVE_WITH_KNOTS((1,2
    ,2,2,2,1),(-2.094395102393,0.,2.094395102393,4.188790204786,
6.28318530718,8.377580409573),.UNSPECIFIED.) CURVE() 
GEOMETRIC_REPRESENTATION_ITEM() RATIONAL_B_SPLINE_CURVE((1.,0.5,1.,0.5,
1.,0.5,1.)) REPRESENTATION_ITEM('') );
#1832 = CARTESIAN_POINT('',(91.3,17.8,1.2));
#1833 = CARTESIAN_POINT('',(90.087564434702,17.8,1.2));
#1834 = CARTESIAN_POINT('',(90.693782217351,18.85,1.2));
#1835 = CARTESIAN_POINT('',(91.3,19.9,1.2));
#1836 = CARTESIAN_POINT('',(91.906217782649,18.85,1.2));
#1837 = CARTESIAN_POINT('',(92.512435565298,17.8,1.2));
#1838 = CARTESIAN_POINT('',(91.3,17.8,1.2));
#1839 = PCURVE('',#72,#1840);
#1840 = DEFINITIONAL_REPRESENTATION('',(#1841),#1849);
#1841 = ( BOUNDED_CURVE() B_SPLINE_CURVE(2,(#1842,#1843,#1844,#1845,
#1846,#1847,#1848),.UNSPECIFIED.,.T.,.F.) B_SPLINE_CURVE_WITH_KNOTS((3,2
    ,2,3),(0.,2.094395102393,4.188790204786,6.28318530718),
.PIECEWISE_BEZIER_KNOTS.) CURVE() GEOMETRIC_REPRESENTATION_ITEM() 
RATIONAL_B_SPLINE_CURVE((1.,0.5,1.,0.5,1.,0.5,1.)) REPRESENTATION_ITEM(
  '') );
#1842 = CARTESIAN_POINT('',(91.3,17.8));
#1843 = CARTESIAN_POINT('',(90.087564434702,17.8));
#1844 = CARTESIAN_POINT('',(90.693782217351,18.85));
#1845 = CARTESIAN_POINT('',(91.3,19.9));
#1846 = CARTESIAN_POINT('',(91.906217782649,18.85));
#1847 = CARTESIAN_POINT('',(92.512435565298,17.8));
#1848 = CARTESIAN_POINT('',(91.3,17.8));
#1849 = ( GEOMETRIC_REPRESENTATION_CONTEXT(2) 
PARAMETRIC_REPRESENTATION_CONTEXT() REPRESENTATION_CONTEXT('2D SPACE',''
  ) );
#1850 = PCURVE('',#952,#1851);
#1851 = DEFINITIONAL_REPRESENTATION('',(#1852),#1860);
#1852 = B_SPLINE_CURVE_WITH_KNOTS('',2,(#1853,#1854,#1855,#1856,#1857,
    #1858,#1859),.UNSPECIFIED.,.F.,.F.,(3,2,2,3),(0.,2.094395102393,
    4.188790204786,6.28318530718),.UNSPECIFIED.);
#1853 = CARTESIAN_POINT('',(0.,-1.121));
#1854 = CARTESIAN_POINT('',(1.047197551197,-1.121));
#1855 = CARTESIAN_POINT('',(2.094395102393,-1.121));
#1856 = CARTESIAN_POINT('',(3.14159265359,-1.121));
#1857 = CARTESIAN_POINT('',(4.188790204786,-1.121));
#1858 = CARTESIAN_POINT('',(5.235987755983,-1.121));
#1859 = CARTESIAN_POINT('',(6.28318530718,-1.121));
#1860 = ( GEOMETRIC_REPRESENTATION_CONTEXT(2) 
PARAMETRIC_REPRESENTATION_CONTEXT() REPRESENTATION_CONTEXT('2D SPACE',''
  ) );
#1861 = FACE_BOUND('',#1862,.T.);
#1862 = EDGE_LOOP('',(#1863));
#1863 = ORIENTED_EDGE('',*,*,#1864,.T.);
#1864 = EDGE_CURVE('',#1865,#1865,#1867,.T.);
#1865 = VERTEX_POINT('',#1866);
#1866 = CARTESIAN_POINT('',(94.8,17.8,1.2));
#1867 = SURFACE_CURVE('',#1868,(#1876,#1887),.PCURVE_S1.);
#1868 = ( BOUNDED_CURVE() B_SPLINE_CURVE(2,(#1869,#1870,#1871,#1872,
#1873,#1874,#1875),.UNSPECIFIED.,.T.,.F.) B_SPLINE_CURVE_WITH_KNOTS((1,2
    ,2,2,2,1),(-2.094395102393,0.,2.094395102393,4.188790204786,
6.28318530718,8.377580409573),.UNSPECIFIED.) CURVE() 
GEOMETRIC_REPRESENTATION_ITEM() RATIONAL_B_SPLINE_CURVE((1.,0.5,1.,0.5,
1.,0.5,1.)) REPRESENTATION_ITEM('') );
#1869 = CARTESIAN_POINT('',(94.8,17.8,1.2));
#1870 = CARTESIAN_POINT('',(93.587564434702,17.8,1.2));
#1871 = CARTESIAN_POINT('',(94.193782217351,18.85,1.2));
#1872 = CARTESIAN_POINT('',(94.8,19.9,1.2));
#1873 = CARTESIAN_POINT('',(95.406217782649,18.85,1.2));
#1874 = CARTESIAN_POINT('',(96.012435565298,17.8,1.2));
#1875 = CARTESIAN_POINT('',(94.8,17.8,1.2));
#1876 = PCURVE('',#72,#1877);
#1877 = DEFINITIONAL_REPRESENTATION('',(#1878),#1886);
#1878 = ( BOUNDED_CURVE() B_SPLINE_CURVE(2,(#1879,#1880,#1881,#1882,
#1883,#1884,#1885),.UNSPECIFIED.,.T.,.F.) B_SPLINE_CURVE_WITH_KNOTS((3,2
    ,2,3),(0.,2.094395102393,4.188790204786,6.28318530718),
.PIECEWISE_BEZIER_KNOTS.) CURVE() GEOMETRIC_REPRESENTATION_ITEM() 
RATIONAL_B_SPLINE_CURVE((1.,0.5,1.,0.5,1.,0.5,1.)) REPRESENTATION_ITEM(
  '') );
#1879 = CARTESIAN_POINT('',(94.8,17.8));
#1880 = CARTESIAN_POINT('',(93.587564434702,17.8));
#1881 = CARTESIAN_POINT('',(94.193782217351,18.85));
#1882 = CARTESIAN_POINT('',(94.8,19.9));
#1883 = CARTESIAN_POINT('',(95.406217782649,18.85));
#1884 = CARTESIAN_POINT('',(96.012435565298,17.8));
#1885 = CARTESIAN_POINT('',(94.8,17.8));
#1886 = ( GEOMETRIC_REPRESENTATION_CONTEXT(2) 
PARAMETRIC_REPRESENTATION_CONTEXT() REPRESENTATION_CONTEXT('2D SPACE',''
  ) );
#1887 = PCURVE('',#1004,#1888);
#1888 = DEFINITIONAL_REPRESENTATION('',(#1889),#1897);
#1889 = B_SPLINE_CURVE_WITH_KNOTS('',2,(#1890,#1891,#1892,#1893,#1894,
    #1895,#1896),.UNSPECIFIED.,.F.,.F.,(3,2,2,3),(0.,2.094395102393,
    4.188790204786,6.28318530718),.PIECEWISE_BEZIER_KNOTS.);
#1890 = CARTESIAN_POINT('',(0.,-1.121));
#1891 = CARTESIAN_POINT('',(1.047197551197,-1.121));
#1892 = CARTESIAN_POINT('',(2.094395102393,-1.121));
#1893 = CARTESIAN_POINT('',(3.14159265359,-1.121));
#1894 = CARTESIAN_POINT('',(4.188790204786,-1.121));
#1895 = CARTESIAN_POINT('',(5.235987755983,-1.121));
#1896 = CARTESIAN_POINT('',(6.28318530718,-1.121));
#1897 = ( GEOMETRIC_REPRESENTATION_CONTEXT(2) 
PARAMETRIC_REPRESENTATION_CONTEXT() REPRESENTATION_CONTEXT('2D SPACE',''
  ) );
#1898 = FACE_BOUND('',#1899,.T.);
#1899 = EDGE_LOOP('',(#1900));
#1900 = ORIENTED_EDGE('',*,*,#1901,.T.);
#1901 = EDGE_CURVE('',#1902,#1902,#1904,.T.);
#1902 = VERTEX_POINT('',#1903);
#1903 = CARTESIAN_POINT('',(91.3,20.3,1.2));
#1904 = SURFACE_CURVE('',#1905,(#1913,#1924),.PCURVE_S1.);
#1905 = ( BOUNDED_CURVE() B_SPLINE_CURVE(2,(#1906,#1907,#1908,#1909,
#1910,#1911,#1912),.UNSPECIFIED.,.T.,.F.) B_SPLINE_CURVE_WITH_KNOTS((1,2
    ,2,2,2,1),(-2.094395102393,0.,2.094395102393,4.188790204786,
6.28318530718,8.377580409573),.UNSPECIFIED.) CURVE() 
GEOMETRIC_REPRESENTATION_ITEM() RATIONAL_B_SPLINE_CURVE((1.,0.5,1.,0.5,
1.,0.5,1.)) REPRESENTATION_ITEM('') );
#1906 = CARTESIAN_POINT('',(91.3,20.3,1.2));
#1907 = CARTESIAN_POINT('',(90.087564434702,20.3,1.2));
#1908 = CARTESIAN_POINT('',(90.693782217351,21.35,1.2));
#1909 = CARTESIAN_POINT('',(91.3,22.4,1.2));
#1910 = CARTESIAN_POINT('',(91.906217782649,21.35,1.2));
#1911 = CARTESIAN_POINT('',(92.512435565298,20.3,1.2));
#1912 = CARTESIAN_POINT('',(91.3,20.3,1.2));
#1913 = PCURVE('',#72,#1914);
#1914 = DEFINITIONAL_REPRESENTATION('',(#1915),#1923);
#1915 = ( BOUNDED_CURVE() B_SPLINE_CURVE(2,(#1916,#1917,#1918,#1919,
#1920,#1921,#1922),.UNSPECIFIED.,.T.,.F.) B_SPLINE_CURVE_WITH_KNOTS((3,2
    ,2,3),(0.,2.094395102393,4.188790204786,6.28318530718),
.PIECEWISE_BEZIER_KNOTS.) CURVE() GEOMETRIC_REPRESENTATION_ITEM() 
RATIONAL_B_SPLINE_CURVE((1.,0.5,1.,0.5,1.,0.5,1.)) REPRESENTATION_ITEM(
  '') );
#1916 = CARTESIAN_POINT('',(91.3,20.3));
#1917 = CARTESIAN_POINT('',(90.087564434702,20.3));
#1918 = CARTESIAN_POINT('',(90.693782217351,21.35));
#1919 = CARTESIAN_POINT('',(91.3,22.4));
#1920 = CARTESIAN_POINT('',(91.906217782649,21.35));
#1921 = CARTESIAN_POINT('',(92.512435565298,20.3));
#1922 = CARTESIAN_POINT('',(91.3,20.3));
#1923 = ( GEOMETRIC_REPRESENTATION_CONTEXT(2) 
PARAMETRIC_REPRESENTATION_CONTEXT() REPRESENTATION_CONTEXT('2D SPACE',''
  ) );
#1924 = PCURVE('',#1056,#1925);
#1925 = DEFINITIONAL_REPRESENTATION('',(#1926),#1934);
#1926 = B_SPLINE_CURVE_WITH_KNOTS('',2,(#1927,#1928,#1929,#1930,#1931,
    #1932,#1933),.UNSPECIFIED.,.F.,.F.,(3,2,2,3),(0.,2.094395102393,
    4.188790204786,6.28318530718),.PIECEWISE_BEZIER_KNOTS.);
#1927 = CARTESIAN_POINT('',(0.,-1.121));
#1928 = CARTESIAN_POINT('',(1.047197551197,-1.121));
#1929 = CARTESIAN_POINT('',(2.094395102393,-1.121));
#1930 = CARTESIAN_POINT('',(3.14159265359,-1.121));
#1931 = CARTESIAN_POINT('',(4.188790204786,-1.121));
#1932 = CARTESIAN_POINT('',(5.235987755983,-1.121));
#1933 = CARTESIAN_POINT('',(6.28318530718,-1.121));
#1934 = ( GEOMETRIC_REPRESENTATION_CONTEXT(2) 
PARAMETRIC_REPRESENTATION_CONTEXT() REPRESENTATION_CONTEXT('2D SPACE',''
  ) );
#1935 = FACE_BOUND('',#1936,.T.);
#1936 = EDGE_LOOP('',(#1937));
#1937 = ORIENTED_EDGE('',*,*,#1938,.T.);
#1938 = EDGE_CURVE('',#1939,#1939,#1941,.T.);
#1939 = VERTEX_POINT('',#1940);
#1940 = CARTESIAN_POINT('',(94.8,20.3,1.2));
#1941 = SURFACE_CURVE('',#1942,(#1950,#1961),.PCURVE_S1.);
#1942 = ( BOUNDED_CURVE() B_SPLINE_CURVE(2,(#1943,#1944,#1945,#1946,
#1947,#1948,#1949),.UNSPECIFIED.,.T.,.F.) B_SPLINE_CURVE_WITH_KNOTS((1,2
    ,2,2,2,1),(-2.094395102393,0.,2.094395102393,4.188790204786,
6.28318530718,8.377580409573),.UNSPECIFIED.) CURVE() 
GEOMETRIC_REPRESENTATION_ITEM() RATIONAL_B_SPLINE_CURVE((1.,0.5,1.,0.5,
1.,0.5,1.)) REPRESENTATION_ITEM('') );
#1943 = CARTESIAN_POINT('',(94.8,20.3,1.2));
#1944 = CARTESIAN_POINT('',(93.587564434702,20.3,1.2));
#1945 = CARTESIAN_POINT('',(94.193782217351,21.35,1.2));
#1946 = CARTESIAN_POINT('',(94.8,22.4,1.2));
#1947 = CARTESIAN_POINT('',(95.406217782649,21.35,1.2));
#1948 = CARTESIAN_POINT('',(96.012435565298,20.3,1.2));
#1949 = CARTESIAN_POINT('',(94.8,20.3,1.2));
#1950 = PCURVE('',#72,#1951);
#1951 = DEFINITIONAL_REPRESENTATION('',(#1952),#1960);
#1952 = ( BOUNDED_CURVE() B_SPLINE_CURVE(2,(#1953,#1954,#1955,#1956,
#1957,#1958,#1959),.UNSPECIFIED.,.T.,.F.) B_SPLINE_CURVE_WITH_KNOTS((3,2
    ,2,3),(0.,2.094395102393,4.188790204786,6.28318530718),
.PIECEWISE_BEZIER_KNOTS.) CURVE() GEOMETRIC_REPRESENTATION_ITEM() 
RATIONAL_B_SPLINE_CURVE((1.,0.5,1.,0.5,1.,0.5,1.)) REPRESENTATION_ITEM(
  '') );
#1953 = CARTESIAN_POINT('',(94.8,20.3));
#1954 = CARTESIAN_POINT('',(93.587564434702,20.3));
#1955 = CARTESIAN_POINT('',(94.193782217351,21.35));
#1956 = CARTESIAN_POINT('',(94.8,22.4));
#1957 = CARTESIAN_POINT('',(95.406217782649,21.35));
#1958 = CARTESIAN_POINT('',(96.012435565298,20.3));
#1959 = CARTESIAN_POINT('',(94.8,20.3));
#1960 = ( GEOMETRIC_REPRESENTATION_CONTEXT(2) 
PARAMETRIC_REPRESENTATION_CONTEXT() REPRESENTATION_CONTEXT('2D SPACE',''
  ) );
#1961 = PCURVE('',#1108,#1962);
#1962 = DEFINITIONAL_REPRESENTATION('',(#1963),#1971);
#1963 = B_SPLINE_CURVE_WITH_KNOTS('',2,(#1964,#1965,#1966,#1967,#1968,
    #1969,#1970),.UNSPECIFIED.,.F.,.F.,(3,2,2,3),(0.,2.094395102393,
    4.188790204786,6.28318530718),.PIECEWISE_BEZIER_KNOTS.);
#1964 = CARTESIAN_POINT('',(0.,-1.121));
#1965 = CARTESIAN_POINT('',(1.047197551197,-1.121));
#1966 = CARTESIAN_POINT('',(2.094395102393,-1.121));
#1967 = CARTESIAN_POINT('',(3.14159265359,-1.121));
#1968 = CARTESIAN_POINT('',(4.188790204786,-1.121));
#1969 = CARTESIAN_POINT('',(5.235987755983,-1.121));
#1970 = CARTESIAN_POINT('',(6.28318530718,-1.121));
#1971 = ( GEOMETRIC_REPRESENTATION_CONTEXT(2) 
PARAMETRIC_REPRESENTATION_CONTEXT() REPRESENTATION_CONTEXT('2D SPACE',''
  ) );
#1972 = FACE_BOUND('',#1973,.T.);
#1973 = EDGE_LOOP('',(#1974));
#1974 = ORIENTED_EDGE('',*,*,#1975,.T.);
#1975 = EDGE_CURVE('',#1976,#1976,#1978,.T.);
#1976 = VERTEX_POINT('',#1977);
#1977 = CARTESIAN_POINT('',(8.,72.15,1.2));
#1978 = SURFACE_CURVE('',#1979,(#1987,#1998),.PCURVE_S1.);
#1979 = ( BOUNDED_CURVE() B_SPLINE_CURVE(2,(#1980,#1981,#1982,#1983,
#1984,#1985,#1986),.UNSPECIFIED.,.T.,.F.) B_SPLINE_CURVE_WITH_KNOTS((1,2
    ,2,2,2,1),(-2.094395102393,0.,2.094395102393,4.188790204786,
6.28318530718,8.377580409573),.UNSPECIFIED.) CURVE() 
GEOMETRIC_REPRESENTATION_ITEM() RATIONAL_B_SPLINE_CURVE((1.,0.5,1.,0.5,
1.,0.5,1.)) REPRESENTATION_ITEM('') );
#1980 = CARTESIAN_POINT('',(8.,72.15,1.2));
#1981 = CARTESIAN_POINT('',(6.527756813566,72.15,1.2));
#1982 = CARTESIAN_POINT('',(7.263878406783,73.425,1.2));
#1983 = CARTESIAN_POINT('',(8.,74.7,1.2));
#1984 = CARTESIAN_POINT('',(8.736121593217,73.425,1.2));
#1985 = CARTESIAN_POINT('',(9.472243186434,72.15,1.2));
#1986 = CARTESIAN_POINT('',(8.,72.15,1.2));
#1987 = PCURVE('',#72,#1988);
#1988 = DEFINITIONAL_REPRESENTATION('',(#1989),#1997);
#1989 = ( BOUNDED_CURVE() B_SPLINE_CURVE(2,(#1990,#1991,#1992,#1993,
#1994,#1995,#1996),.UNSPECIFIED.,.T.,.F.) B_SPLINE_CURVE_WITH_KNOTS((3,2
    ,2,3),(0.,2.094395102393,4.188790204786,6.28318530718),
.PIECEWISE_BEZIER_KNOTS.) CURVE() GEOMETRIC_REPRESENTATION_ITEM() 
RATIONAL_B_SPLINE_CURVE((1.,0.5,1.,0.5,1.,0.5,1.)) REPRESENTATION_ITEM(
  '') );
#1990 = CARTESIAN_POINT('',(8.,72.15));
#1991 = CARTESIAN_POINT('',(6.527756813566,72.15));
#1992 = CARTESIAN_POINT('',(7.263878406783,73.425));
#1993 = CARTESIAN_POINT('',(8.,74.7));
#1994 = CARTESIAN_POINT('',(8.736121593217,73.425));
#1995 = CARTESIAN_POINT('',(9.472243186434,72.15));
#1996 = CARTESIAN_POINT('',(8.,72.15));
#1997 = ( GEOMETRIC_REPRESENTATION_CONTEXT(2) 
PARAMETRIC_REPRESENTATION_CONTEXT() REPRESENTATION_CONTEXT('2D SPACE',''
  ) );
#1998 = PCURVE('',#1160,#1999);
#1999 = DEFINITIONAL_REPRESENTATION('',(#2000),#2008);
#2000 = B_SPLINE_CURVE_WITH_KNOTS('',2,(#2001,#2002,#2003,#2004,#2005,
    #2006,#2007),.UNSPECIFIED.,.F.,.F.,(3,2,2,3),(0.,2.094395102393,
    4.188790204786,6.28318530718),.PIECEWISE_BEZIER_KNOTS.);
#2001 = CARTESIAN_POINT('',(0.,-1.121));
#2002 = CARTESIAN_POINT('',(1.047197551197,-1.121));
#2003 = CARTESIAN_POINT('',(2.094395102393,-1.121));
#2004 = CARTESIAN_POINT('',(3.14159265359,-1.121));
#2005 = CARTESIAN_POINT('',(4.188790204786,-1.121));
#2006 = CARTESIAN_POINT('',(5.235987755983,-1.121));
#2007 = CARTESIAN_POINT('',(6.28318530718,-1.121));
#2008 = ( GEOMETRIC_REPRESENTATION_CONTEXT(2) 
PARAMETRIC_REPRESENTATION_CONTEXT() REPRESENTATION_CONTEXT('2D SPACE',''
  ) );
#2009 = FACE_BOUND('',#2010,.T.);
#2010 = EDGE_LOOP('',(#2011));
#2011 = ORIENTED_EDGE('',*,*,#2012,.T.);
#2012 = EDGE_CURVE('',#2013,#2013,#2015,.T.);
#2013 = VERTEX_POINT('',#2014);
#2014 = CARTESIAN_POINT('',(11.96,72.15,1.2));
#2015 = SURFACE_CURVE('',#2016,(#2024,#2035),.PCURVE_S1.);
#2016 = ( BOUNDED_CURVE() B_SPLINE_CURVE(2,(#2017,#2018,#2019,#2020,
#2021,#2022,#2023),.UNSPECIFIED.,.T.,.F.) B_SPLINE_CURVE_WITH_KNOTS((1,2
    ,2,2,2,1),(-2.094395102393,0.,2.094395102393,4.188790204786,
6.28318530718,8.377580409573),.UNSPECIFIED.) CURVE() 
GEOMETRIC_REPRESENTATION_ITEM() RATIONAL_B_SPLINE_CURVE((1.,0.5,1.,0.5,
1.,0.5,1.)) REPRESENTATION_ITEM('') );
#2017 = CARTESIAN_POINT('',(11.96,72.15,1.2));
#2018 = CARTESIAN_POINT('',(10.487756813566,72.15,1.2));
#2019 = CARTESIAN_POINT('',(11.223878406783,73.425,1.2));
#2020 = CARTESIAN_POINT('',(11.96,74.7,1.2));
#2021 = CARTESIAN_POINT('',(12.696121593217,73.425,1.2));
#2022 = CARTESIAN_POINT('',(13.432243186434,72.15,1.2));
#2023 = CARTESIAN_POINT('',(11.96,72.15,1.2));
#2024 = PCURVE('',#72,#2025);
#2025 = DEFINITIONAL_REPRESENTATION('',(#2026),#2034);
#2026 = ( BOUNDED_CURVE() B_SPLINE_CURVE(2,(#2027,#2028,#2029,#2030,
#2031,#2032,#2033),.UNSPECIFIED.,.T.,.F.) B_SPLINE_CURVE_WITH_KNOTS((3,2
    ,2,3),(0.,2.094395102393,4.188790204786,6.28318530718),
.PIECEWISE_BEZIER_KNOTS.) CURVE() GEOMETRIC_REPRESENTATION_ITEM() 
RATIONAL_B_SPLINE_CURVE((1.,0.5,1.,0.5,1.,0.5,1.)) REPRESENTATION_ITEM(
  '') );
#2027 = CARTESIAN_POINT('',(11.96,72.15));
#2028 = CARTESIAN_POINT('',(10.487756813566,72.15));
#2029 = CARTESIAN_POINT('',(11.223878406783,73.425));
#2030 = CARTESIAN_POINT('',(11.96,74.7));
#2031 = CARTESIAN_POINT('',(12.696121593217,73.425));
#2032 = CARTESIAN_POINT('',(13.432243186434,72.15));
#2033 = CARTESIAN_POINT('',(11.96,72.15));
#2034 = ( GEOMETRIC_REPRESENTATION_CONTEXT(2) 
PARAMETRIC_REPRESENTATION_CONTEXT() REPRESENTATION_CONTEXT('2D SPACE',''
  ) );
#2035 = PCURVE('',#1212,#2036);
#2036 = DEFINITIONAL_REPRESENTATION('',(#2037),#2045);
#2037 = B_SPLINE_CURVE_WITH_KNOTS('',2,(#2038,#2039,#2040,#2041,#2042,
    #2043,#2044),.UNSPECIFIED.,.F.,.F.,(3,2,2,3),(0.,2.094395102393,
    4.188790204786,6.28318530718),.PIECEWISE_BEZIER_KNOTS.);
#2038 = CARTESIAN_POINT('',(0.,-1.121));
#2039 = CARTESIAN_POINT('',(1.047197551197,-1.121));
#2040 = CARTESIAN_POINT('',(2.094395102393,-1.121));
#2041 = CARTESIAN_POINT('',(3.14159265359,-1.121));
#2042 = CARTESIAN_POINT('',(4.188790204786,-1.121));
#2043 = CARTESIAN_POINT('',(5.235987755983,-1.121));
#2044 = CARTESIAN_POINT('',(6.28318530718,-1.121));
#2045 = ( GEOMETRIC_REPRESENTATION_CONTEXT(2) 
PARAMETRIC_REPRESENTATION_CONTEXT() REPRESENTATION_CONTEXT('2D SPACE',''
  ) );
#2046 = FACE_BOUND('',#2047,.T.);
#2047 = EDGE_LOOP('',(#2048));
#2048 = ORIENTED_EDGE('',*,*,#2049,.T.);
#2049 = EDGE_CURVE('',#2050,#2050,#2052,.T.);
#2050 = VERTEX_POINT('',#2051);
#2051 = CARTESIAN_POINT('',(5.,93.4,1.2));
#2052 = SURFACE_CURVE('',#2053,(#2061,#2072),.PCURVE_S1.);
#2053 = ( BOUNDED_CURVE() B_SPLINE_CURVE(2,(#2054,#2055,#2056,#2057,
#2058,#2059,#2060),.UNSPECIFIED.,.T.,.F.) B_SPLINE_CURVE_WITH_KNOTS((1,2
    ,2,2,2,1),(-2.094395102393,0.,2.094395102393,4.188790204786,
6.28318530718,8.377580409573),.UNSPECIFIED.) CURVE() 
GEOMETRIC_REPRESENTATION_ITEM() RATIONAL_B_SPLINE_CURVE((1.,0.5,1.,0.5,
1.,0.5,1.)) REPRESENTATION_ITEM('') );
#2054 = CARTESIAN_POINT('',(5.,93.4,1.2));
#2055 = CARTESIAN_POINT('',(2.22871870789,93.4,1.2));
#2056 = CARTESIAN_POINT('',(3.614359353945,95.8,1.2));
#2057 = CARTESIAN_POINT('',(5.,98.2,1.2));
#2058 = CARTESIAN_POINT('',(6.385640646055,95.8,1.2));
#2059 = CARTESIAN_POINT('',(7.77128129211,93.4,1.2));
#2060 = CARTESIAN_POINT('',(5.,93.4,1.2));
#2061 = PCURVE('',#72,#2062);
#2062 = DEFINITIONAL_REPRESENTATION('',(#2063),#2071);
#2063 = ( BOUNDED_CURVE() B_SPLINE_CURVE(2,(#2064,#2065,#2066,#2067,
#2068,#2069,#2070),.UNSPECIFIED.,.T.,.F.) B_SPLINE_CURVE_WITH_KNOTS((3,2
    ,2,3),(0.,2.094395102393,4.188790204786,6.28318530718),
.PIECEWISE_BEZIER_KNOTS.) CURVE() GEOMETRIC_REPRESENTATION_ITEM() 
RATIONAL_B_SPLINE_CURVE((1.,0.5,1.,0.5,1.,0.5,1.)) REPRESENTATION_ITEM(
  '') );
#2064 = CARTESIAN_POINT('',(5.,93.4));
#2065 = CARTESIAN_POINT('',(2.22871870789,93.4));
#2066 = CARTESIAN_POINT('',(3.614359353945,95.8));
#2067 = CARTESIAN_POINT('',(5.,98.2));
#2068 = CARTESIAN_POINT('',(6.385640646055,95.8));
#2069 = CARTESIAN_POINT('',(7.77128129211,93.4));
#2070 = CARTESIAN_POINT('',(5.,93.4));
#2071 = ( GEOMETRIC_REPRESENTATION_CONTEXT(2) 
PARAMETRIC_REPRESENTATION_CONTEXT() REPRESENTATION_CONTEXT('2D SPACE',''
  ) );
#2072 = PCURVE('',#1264,#2073);
#2073 = DEFINITIONAL_REPRESENTATION('',(#2074),#2082);
#2074 = B_SPLINE_CURVE_WITH_KNOTS('',2,(#2075,#2076,#2077,#2078,#2079,
    #2080,#2081),.UNSPECIFIED.,.F.,.F.,(3,2,2,3),(0.,2.094395102393,
    4.188790204786,6.28318530718),.PIECEWISE_BEZIER_KNOTS.);
#2075 = CARTESIAN_POINT('',(0.,-1.121));
#2076 = CARTESIAN_POINT('',(1.047197551197,-1.121));
#2077 = CARTESIAN_POINT('',(2.094395102393,-1.121));
#2078 = CARTESIAN_POINT('',(3.14159265359,-1.121));
#2079 = CARTESIAN_POINT('',(4.188790204786,-1.121));
#2080 = CARTESIAN_POINT('',(5.235987755983,-1.121));
#2081 = CARTESIAN_POINT('',(6.28318530718,-1.121));
#2082 = ( GEOMETRIC_REPRESENTATION_CONTEXT(2) 
PARAMETRIC_REPRESENTATION_CONTEXT() REPRESENTATION_CONTEXT('2D SPACE',''
  ) );
#2083 = FACE_BOUND('',#2084,.T.);
#2084 = EDGE_LOOP('',(#2085));
#2085 = ORIENTED_EDGE('',*,*,#2086,.T.);
#2086 = EDGE_CURVE('',#2087,#2087,#2089,.T.);
#2087 = VERTEX_POINT('',#2088);
#2088 = CARTESIAN_POINT('',(101.,93.4,1.2));
#2089 = SURFACE_CURVE('',#2090,(#2098,#2109),.PCURVE_S1.);
#2090 = ( BOUNDED_CURVE() B_SPLINE_CURVE(2,(#2091,#2092,#2093,#2094,
#2095,#2096,#2097),.UNSPECIFIED.,.T.,.F.) B_SPLINE_CURVE_WITH_KNOTS((1,2
    ,2,2,2,1),(-2.094395102393,0.,2.094395102393,4.188790204786,
6.28318530718,8.377580409573),.UNSPECIFIED.) CURVE() 
GEOMETRIC_REPRESENTATION_ITEM() RATIONAL_B_SPLINE_CURVE((1.,0.5,1.,0.5,
1.,0.5,1.)) REPRESENTATION_ITEM('') );
#2091 = CARTESIAN_POINT('',(101.,93.4,1.2));
#2092 = CARTESIAN_POINT('',(98.22871870789,93.4,1.2));
#2093 = CARTESIAN_POINT('',(99.614359353945,95.8,1.2));
#2094 = CARTESIAN_POINT('',(101.,98.2,1.2));
#2095 = CARTESIAN_POINT('',(102.38564064605,95.8,1.2));
#2096 = CARTESIAN_POINT('',(103.77128129211,93.4,1.2));
#2097 = CARTESIAN_POINT('',(101.,93.4,1.2));
#2098 = PCURVE('',#72,#2099);
#2099 = DEFINITIONAL_REPRESENTATION('',(#2100),#2108);
#2100 = ( BOUNDED_CURVE() B_SPLINE_CURVE(2,(#2101,#2102,#2103,#2104,
#2105,#2106,#2107),.UNSPECIFIED.,.T.,.F.) B_SPLINE_CURVE_WITH_KNOTS((3,2
    ,2,3),(0.,2.094395102393,4.188790204786,6.28318530718),
.PIECEWISE_BEZIER_KNOTS.) CURVE() GEOMETRIC_REPRESENTATION_ITEM() 
RATIONAL_B_SPLINE_CURVE((1.,0.5,1.,0.5,1.,0.5,1.)) REPRESENTATION_ITEM(
  '') );
#2101 = CARTESIAN_POINT('',(101.,93.4));
#2102 = CARTESIAN_POINT('',(98.22871870789,93.4));
#2103 = CARTESIAN_POINT('',(99.614359353945,95.8));
#2104 = CARTESIAN_POINT('',(101.,98.2));
#2105 = CARTESIAN_POINT('',(102.38564064605,95.8));
#2106 = CARTESIAN_POINT('',(103.77128129211,93.4));
#2107 = CARTESIAN_POINT('',(101.,93.4));
#2108 = ( GEOMETRIC_REPRESENTATION_CONTEXT(2) 
PARAMETRIC_REPRESENTATION_CONTEXT() REPRESENTATION_CONTEXT('2D SPACE',''
  ) );
#2109 = PCURVE('',#1316,#2110);
#2110 = DEFINITIONAL_REPRESENTATION('',(#2111),#2119);
#2111 = B_SPLINE_CURVE_WITH_KNOTS('',2,(#2112,#2113,#2114,#2115,#2116,
    #2117,#2118),.UNSPECIFIED.,.F.,.F.,(3,2,2,3),(0.,2.094395102393,
    4.188790204786,6.28318530718),.PIECEWISE_BEZIER_KNOTS.);
#2112 = CARTESIAN_POINT('',(0.,-1.121));
#2113 = CARTESIAN_POINT('',(1.047197551197,-1.121));
#2114 = CARTESIAN_POINT('',(2.094395102393,-1.121));
#2115 = CARTESIAN_POINT('',(3.14159265359,-1.121));
#2116 = CARTESIAN_POINT('',(4.188790204786,-1.121));
#2117 = CARTESIAN_POINT('',(5.235987755983,-1.121));
#2118 = CARTESIAN_POINT('',(6.28318530718,-1.121));
#2119 = ( GEOMETRIC_REPRESENTATION_CONTEXT(2) 
PARAMETRIC_REPRESENTATION_CONTEXT() REPRESENTATION_CONTEXT('2D SPACE',''
  ) );
#2120 = ADVANCED_FACE('',(#2121),#155,.T.);
#2121 = FACE_BOUND('',#2122,.T.);
#2122 = EDGE_LOOP('',(#2123,#2142,#2143,#2144));
#2123 = ORIENTED_EDGE('',*,*,#2124,.T.);
#2124 = EDGE_CURVE('',#282,#1348,#2125,.T.);
#2125 = SURFACE_CURVE('',#2126,(#2129,#2136),.PCURVE_S1.);
#2126 = B_SPLINE_CURVE_WITH_KNOTS('',1,(#2127,#2128),.UNSPECIFIED.,.F.,
  .F.,(2,2),(0.,1.04),.PIECEWISE_BEZIER_KNOTS.);
#2127 = CARTESIAN_POINT('',(1.7763568394E-15,97.,0.));
#2128 = CARTESIAN_POINT('',(1.7763568394E-15,97.,1.2));
#2129 = PCURVE('',#155,#2130);
#2130 = DEFINITIONAL_REPRESENTATION('',(#2131),#2135);
#2131 = B_SPLINE_CURVE_WITH_KNOTS('',2,(#2132,#2133,#2134),
  .UNSPECIFIED.,.F.,.F.,(3,3),(0.,1.04),.PIECEWISE_BEZIER_KNOTS.);
#2132 = CARTESIAN_POINT('',(1.683656537867E-13,0.));
#2133 = CARTESIAN_POINT('',(1.683656537867E-13,-0.52));
#2134 = CARTESIAN_POINT('',(1.683656537867E-13,-1.04));
#2135 = ( GEOMETRIC_REPRESENTATION_CONTEXT(2) 
PARAMETRIC_REPRESENTATION_CONTEXT() REPRESENTATION_CONTEXT('2D SPACE',''
  ) );
#2136 = PCURVE('',#318,#2137);
#2137 = DEFINITIONAL_REPRESENTATION('',(#2138),#2141);
#2138 = B_SPLINE_CURVE_WITH_KNOTS('',1,(#2139,#2140),.UNSPECIFIED.,.F.,
  .F.,(2,2),(0.,1.04),.PIECEWISE_BEZIER_KNOTS.);
#2139 = CARTESIAN_POINT('',(94.,0.));
#2140 = CARTESIAN_POINT('',(94.,-1.04));
#2141 = ( GEOMETRIC_REPRESENTATION_CONTEXT(2) 
PARAMETRIC_REPRESENTATION_CONTEXT() REPRESENTATION_CONTEXT('2D SPACE',''
  ) );
#2142 = ORIENTED_EDGE('',*,*,#1347,.T.);
#2143 = ORIENTED_EDGE('',*,*,#139,.F.);
#2144 = ORIENTED_EDGE('',*,*,#281,.F.);
#2145 = ADVANCED_FACE('',(#2146),#244,.T.);
#2146 = FACE_BOUND('',#2147,.T.);
#2147 = EDGE_LOOP('',(#2148,#2149,#2150,#2169));
#2148 = ORIENTED_EDGE('',*,*,#230,.T.);
#2149 = ORIENTED_EDGE('',*,*,#1433,.T.);
#2150 = ORIENTED_EDGE('',*,*,#2151,.F.);
#2151 = EDGE_CURVE('',#360,#1414,#2152,.T.);
#2152 = SURFACE_CURVE('',#2153,(#2156,#2163),.PCURVE_S1.);
#2153 = B_SPLINE_CURVE_WITH_KNOTS('',1,(#2154,#2155),.UNSPECIFIED.,.F.,
  .F.,(2,2),(0.,1.04),.PIECEWISE_BEZIER_KNOTS.);
#2154 = CARTESIAN_POINT('',(103.,1.7763568394E-15,0.));
#2155 = CARTESIAN_POINT('',(103.,1.7763568394E-15,1.2));
#2156 = PCURVE('',#244,#2157);
#2157 = DEFINITIONAL_REPRESENTATION('',(#2158),#2162);
#2158 = B_SPLINE_CURVE_WITH_KNOTS('',2,(#2159,#2160,#2161),
  .UNSPECIFIED.,.F.,.F.,(3,3),(0.,1.04),.PIECEWISE_BEZIER_KNOTS.);
#2159 = CARTESIAN_POINT('',(1.570795544803,0.));
#2160 = CARTESIAN_POINT('',(1.570795544803,-0.52));
#2161 = CARTESIAN_POINT('',(1.570795544803,-1.04));
#2162 = ( GEOMETRIC_REPRESENTATION_CONTEXT(2) 
PARAMETRIC_REPRESENTATION_CONTEXT() REPRESENTATION_CONTEXT('2D SPACE',''
  ) );
#2163 = PCURVE('',#373,#2164);
#2164 = DEFINITIONAL_REPRESENTATION('',(#2165),#2168);
#2165 = B_SPLINE_CURVE_WITH_KNOTS('',1,(#2166,#2167),.UNSPECIFIED.,.F.,
  .F.,(2,2),(0.,1.04),.PIECEWISE_BEZIER_KNOTS.);
#2166 = CARTESIAN_POINT('',(0.,-0.));
#2167 = CARTESIAN_POINT('',(0.,-1.04));
#2168 = ( GEOMETRIC_REPRESENTATION_CONTEXT(2) 
PARAMETRIC_REPRESENTATION_CONTEXT() REPRESENTATION_CONTEXT('2D SPACE',''
  ) );
#2169 = ORIENTED_EDGE('',*,*,#384,.F.);
#2170 = ADVANCED_FACE('',(#2171),#318,.T.);
#2171 = FACE_BOUND('',#2172,.T.);
#2172 = EDGE_LOOP('',(#2173,#2192,#2193,#2194));
#2173 = ORIENTED_EDGE('',*,*,#2174,.T.);
#2174 = EDGE_CURVE('',#305,#1371,#2175,.T.);
#2175 = SURFACE_CURVE('',#2176,(#2179,#2185),.PCURVE_S1.);
#2176 = B_SPLINE_CURVE_WITH_KNOTS('',1,(#2177,#2178),.UNSPECIFIED.,.F.,
  .F.,(2,2),(0.,1.04),.PIECEWISE_BEZIER_KNOTS.);
#2177 = CARTESIAN_POINT('',(0.,3.,0.));
#2178 = CARTESIAN_POINT('',(0.,3.,1.2));
#2179 = PCURVE('',#318,#2180);
#2180 = DEFINITIONAL_REPRESENTATION('',(#2181),#2184);
#2181 = B_SPLINE_CURVE_WITH_KNOTS('',1,(#2182,#2183),.UNSPECIFIED.,.F.,
  .F.,(2,2),(0.,1.04),.PIECEWISE_BEZIER_KNOTS.);
#2182 = CARTESIAN_POINT('',(0.,0.));
#2183 = CARTESIAN_POINT('',(0.,-1.04));
#2184 = ( GEOMETRIC_REPRESENTATION_CONTEXT(2) 
PARAMETRIC_REPRESENTATION_CONTEXT() REPRESENTATION_CONTEXT('2D SPACE',''
  ) );
#2185 = PCURVE('',#345,#2186);
#2186 = DEFINITIONAL_REPRESENTATION('',(#2187),#2191);
#2187 = B_SPLINE_CURVE_WITH_KNOTS('',2,(#2188,#2189,#2190),
  .UNSPECIFIED.,.F.,.F.,(3,3),(0.,1.04),.PIECEWISE_BEZIER_KNOTS.);
#2188 = CARTESIAN_POINT('',(1.570795544804,0.));
#2189 = CARTESIAN_POINT('',(1.570795544804,-0.52));
#2190 = CARTESIAN_POINT('',(1.570795544804,-1.04));
#2191 = ( GEOMETRIC_REPRESENTATION_CONTEXT(2) 
PARAMETRIC_REPRESENTATION_CONTEXT() REPRESENTATION_CONTEXT('2D SPACE',''
  ) );
#2192 = ORIENTED_EDGE('',*,*,#1370,.T.);
#2193 = ORIENTED_EDGE('',*,*,#2124,.F.);
#2194 = ORIENTED_EDGE('',*,*,#304,.F.);
#2195 = ADVANCED_FACE('',(#2196),#373,.T.);
#2196 = FACE_BOUND('',#2197,.T.);
#2197 = EDGE_LOOP('',(#2198,#2199,#2200,#2219));
#2198 = ORIENTED_EDGE('',*,*,#2151,.T.);
#2199 = ORIENTED_EDGE('',*,*,#1413,.T.);
#2200 = ORIENTED_EDGE('',*,*,#2201,.F.);
#2201 = EDGE_CURVE('',#330,#1391,#2202,.T.);
#2202 = SURFACE_CURVE('',#2203,(#2206,#2212),.PCURVE_S1.);
#2203 = B_SPLINE_CURVE_WITH_KNOTS('',1,(#2204,#2205),.UNSPECIFIED.,.F.,
  .F.,(2,2),(0.,1.04),.PIECEWISE_BEZIER_KNOTS.);
#2204 = CARTESIAN_POINT('',(3.,-2.22044604925E-16,0.));
#2205 = CARTESIAN_POINT('',(3.,-2.22044604925E-16,1.2));
#2206 = PCURVE('',#373,#2207);
#2207 = DEFINITIONAL_REPRESENTATION('',(#2208),#2211);
#2208 = B_SPLINE_CURVE_WITH_KNOTS('',1,(#2209,#2210),.UNSPECIFIED.,.F.,
  .F.,(2,2),(0.,1.04),.PIECEWISE_BEZIER_KNOTS.);
#2209 = CARTESIAN_POINT('',(100.,0.));
#2210 = CARTESIAN_POINT('',(100.,-1.04));
#2211 = ( GEOMETRIC_REPRESENTATION_CONTEXT(2) 
PARAMETRIC_REPRESENTATION_CONTEXT() REPRESENTATION_CONTEXT('2D SPACE',''
  ) );
#2212 = PCURVE('',#345,#2213);
#2213 = DEFINITIONAL_REPRESENTATION('',(#2214),#2218);
#2214 = B_SPLINE_CURVE_WITH_KNOTS('',2,(#2215,#2216,#2217),
  .UNSPECIFIED.,.F.,.F.,(3,3),(0.,1.04),.PIECEWISE_BEZIER_KNOTS.);
#2215 = CARTESIAN_POINT('',(1.680368142976E-13,0.));
#2216 = CARTESIAN_POINT('',(1.680368142976E-13,-0.52));
#2217 = CARTESIAN_POINT('',(1.680368142976E-13,-1.04));
#2218 = ( GEOMETRIC_REPRESENTATION_CONTEXT(2) 
PARAMETRIC_REPRESENTATION_CONTEXT() REPRESENTATION_CONTEXT('2D SPACE',''
  ) );
#2219 = ORIENTED_EDGE('',*,*,#359,.F.);
#2220 = ADVANCED_FACE('',(#2221),#345,.T.);
#2221 = FACE_BOUND('',#2222,.T.);
#2222 = EDGE_LOOP('',(#2223,#2224,#2225,#2226));
#2223 = ORIENTED_EDGE('',*,*,#2201,.T.);
#2224 = ORIENTED_EDGE('',*,*,#1390,.T.);
#2225 = ORIENTED_EDGE('',*,*,#2174,.F.);
#2226 = ORIENTED_EDGE('',*,*,#329,.F.);
#2227 = ADVANCED_FACE('',(#2228),#432,.F.);
#2228 = FACE_BOUND('',#2229,.F.);
#2229 = EDGE_LOOP('',(#2230,#2250,#2251,#2252));
#2230 = ORIENTED_EDGE('',*,*,#2231,.T.);
#2231 = EDGE_CURVE('',#409,#1458,#2232,.T.);
#2232 = SEAM_CURVE('',#2233,(#2236,#2243),.PCURVE_S1.);
#2233 = B_SPLINE_CURVE_WITH_KNOTS('',1,(#2234,#2235),.UNSPECIFIED.,.F.,
  .F.,(2,2),(8.1E-02,1.121),.PIECEWISE_BEZIER_KNOTS.);
#2234 = CARTESIAN_POINT('',(5.,3.4,0.));
#2235 = CARTESIAN_POINT('',(5.,3.4,1.2));
#2236 = PCURVE('',#432,#2237);
#2237 = DEFINITIONAL_REPRESENTATION('',(#2238),#2242);
#2238 = B_SPLINE_CURVE_WITH_KNOTS('',2,(#2239,#2240,#2241),
  .UNSPECIFIED.,.F.,.F.,(3,3),(8.1E-02,1.121),.PIECEWISE_BEZIER_KNOTS.);
#2239 = CARTESIAN_POINT('',(0.,-8.1E-02));
#2240 = CARTESIAN_POINT('',(0.,-0.601));
#2241 = CARTESIAN_POINT('',(0.,-1.121));
#2242 = ( GEOMETRIC_REPRESENTATION_CONTEXT(2) 
PARAMETRIC_REPRESENTATION_CONTEXT() REPRESENTATION_CONTEXT('2D SPACE',''
  ) );
#2243 = PCURVE('',#432,#2244);
#2244 = DEFINITIONAL_REPRESENTATION('',(#2245),#2249);
#2245 = B_SPLINE_CURVE_WITH_KNOTS('',2,(#2246,#2247,#2248),
  .UNSPECIFIED.,.F.,.F.,(3,3),(8.1E-02,1.121),.PIECEWISE_BEZIER_KNOTS.);
#2246 = CARTESIAN_POINT('',(6.28318530718,-8.1E-02));
#2247 = CARTESIAN_POINT('',(6.28318530718,-0.601));
#2248 = CARTESIAN_POINT('',(6.28318530718,-1.121));
#2249 = ( GEOMETRIC_REPRESENTATION_CONTEXT(2) 
PARAMETRIC_REPRESENTATION_CONTEXT() REPRESENTATION_CONTEXT('2D SPACE',''
  ) );
#2250 = ORIENTED_EDGE('',*,*,#1457,.T.);
#2251 = ORIENTED_EDGE('',*,*,#2231,.F.);
#2252 = ORIENTED_EDGE('',*,*,#408,.F.);
#2253 = ADVANCED_FACE('',(#2254),#484,.F.);
#2254 = FACE_BOUND('',#2255,.F.);
#2255 = EDGE_LOOP('',(#2256,#2276,#2277,#2278));
#2256 = ORIENTED_EDGE('',*,*,#2257,.T.);
#2257 = EDGE_CURVE('',#461,#1495,#2258,.T.);
#2258 = SEAM_CURVE('',#2259,(#2262,#2269),.PCURVE_S1.);
#2259 = B_SPLINE_CURVE_WITH_KNOTS('',1,(#2260,#2261),.UNSPECIFIED.,.F.,
  .F.,(2,2),(8.1E-02,1.121),.PIECEWISE_BEZIER_KNOTS.);
#2260 = CARTESIAN_POINT('',(80.,8.15,0.));
#2261 = CARTESIAN_POINT('',(80.,8.15,1.2));
#2262 = PCURVE('',#484,#2263);
#2263 = DEFINITIONAL_REPRESENTATION('',(#2264),#2268);
#2264 = B_SPLINE_CURVE_WITH_KNOTS('',2,(#2265,#2266,#2267),
  .UNSPECIFIED.,.F.,.F.,(3,3),(8.1E-02,1.121),.PIECEWISE_BEZIER_KNOTS.);
#2265 = CARTESIAN_POINT('',(0.,-8.1E-02));
#2266 = CARTESIAN_POINT('',(0.,-0.601));
#2267 = CARTESIAN_POINT('',(0.,-1.121));
#2268 = ( GEOMETRIC_REPRESENTATION_CONTEXT(2) 
PARAMETRIC_REPRESENTATION_CONTEXT() REPRESENTATION_CONTEXT('2D SPACE',''
  ) );
#2269 = PCURVE('',#484,#2270);
#2270 = DEFINITIONAL_REPRESENTATION('',(#2271),#2275);
#2271 = B_SPLINE_CURVE_WITH_KNOTS('',2,(#2272,#2273,#2274),
  .UNSPECIFIED.,.F.,.F.,(3,3),(8.1E-02,1.121),.PIECEWISE_BEZIER_KNOTS.);
#2272 = CARTESIAN_POINT('',(6.28318530718,-8.1E-02));
#2273 = CARTESIAN_POINT('',(6.28318530718,-0.601));
#2274 = CARTESIAN_POINT('',(6.28318530718,-1.121));
#2275 = ( GEOMETRIC_REPRESENTATION_CONTEXT(2) 
PARAMETRIC_REPRESENTATION_CONTEXT() REPRESENTATION_CONTEXT('2D SPACE',''
  ) );
#2276 = ORIENTED_EDGE('',*,*,#1494,.T.);
#2277 = ORIENTED_EDGE('',*,*,#2257,.F.);
#2278 = ORIENTED_EDGE('',*,*,#460,.F.);
#2279 = ADVANCED_FACE('',(#2280),#536,.F.);
#2280 = FACE_BOUND('',#2281,.F.);
#2281 = EDGE_LOOP('',(#2282,#2302,#2303,#2304));
#2282 = ORIENTED_EDGE('',*,*,#2283,.T.);
#2283 = EDGE_CURVE('',#513,#1532,#2284,.T.);
#2284 = SEAM_CURVE('',#2285,(#2288,#2295),.PCURVE_S1.);
#2285 = B_SPLINE_CURVE_WITH_KNOTS('',1,(#2286,#2287),.UNSPECIFIED.,.F.,
  .F.,(2,2),(8.1E-02,1.121),.PIECEWISE_BEZIER_KNOTS.);
#2286 = CARTESIAN_POINT('',(83.96,8.15,0.));
#2287 = CARTESIAN_POINT('',(83.96,8.15,1.2));
#2288 = PCURVE('',#536,#2289);
#2289 = DEFINITIONAL_REPRESENTATION('',(#2290),#2294);
#2290 = B_SPLINE_CURVE_WITH_KNOTS('',2,(#2291,#2292,#2293),
  .UNSPECIFIED.,.F.,.F.,(3,3),(8.1E-02,1.121),.PIECEWISE_BEZIER_KNOTS.);
#2291 = CARTESIAN_POINT('',(0.,-8.1E-02));
#2292 = CARTESIAN_POINT('',(0.,-0.601));
#2293 = CARTESIAN_POINT('',(0.,-1.121));
#2294 = ( GEOMETRIC_REPRESENTATION_CONTEXT(2) 
PARAMETRIC_REPRESENTATION_CONTEXT() REPRESENTATION_CONTEXT('2D SPACE',''
  ) );
#2295 = PCURVE('',#536,#2296);
#2296 = DEFINITIONAL_REPRESENTATION('',(#2297),#2301);
#2297 = B_SPLINE_CURVE_WITH_KNOTS('',2,(#2298,#2299,#2300),
  .UNSPECIFIED.,.F.,.F.,(3,3),(8.1E-02,1.121),.PIECEWISE_BEZIER_KNOTS.);
#2298 = CARTESIAN_POINT('',(6.28318530718,-8.1E-02));
#2299 = CARTESIAN_POINT('',(6.28318530718,-0.601));
#2300 = CARTESIAN_POINT('',(6.28318530718,-1.121));
#2301 = ( GEOMETRIC_REPRESENTATION_CONTEXT(2) 
PARAMETRIC_REPRESENTATION_CONTEXT() REPRESENTATION_CONTEXT('2D SPACE',''
  ) );
#2302 = ORIENTED_EDGE('',*,*,#1531,.T.);
#2303 = ORIENTED_EDGE('',*,*,#2283,.F.);
#2304 = ORIENTED_EDGE('',*,*,#512,.F.);
#2305 = ADVANCED_FACE('',(#2306),#588,.F.);
#2306 = FACE_BOUND('',#2307,.F.);
#2307 = EDGE_LOOP('',(#2308,#2328,#2329,#2330));
#2308 = ORIENTED_EDGE('',*,*,#2309,.T.);
#2309 = EDGE_CURVE('',#565,#1569,#2310,.T.);
#2310 = SEAM_CURVE('',#2311,(#2314,#2321),.PCURVE_S1.);
#2311 = B_SPLINE_CURVE_WITH_KNOTS('',1,(#2312,#2313),.UNSPECIFIED.,.F.,
  .F.,(2,2),(8.1E-02,1.121),.PIECEWISE_BEZIER_KNOTS.);
#2312 = CARTESIAN_POINT('',(87.92,8.15,0.));
#2313 = CARTESIAN_POINT('',(87.92,8.15,1.2));
#2314 = PCURVE('',#588,#2315);
#2315 = DEFINITIONAL_REPRESENTATION('',(#2316),#2320);
#2316 = B_SPLINE_CURVE_WITH_KNOTS('',2,(#2317,#2318,#2319),
  .UNSPECIFIED.,.F.,.F.,(3,3),(8.1E-02,1.121),.PIECEWISE_BEZIER_KNOTS.);
#2317 = CARTESIAN_POINT('',(0.,-8.1E-02));
#2318 = CARTESIAN_POINT('',(1.432208096366E-14,-0.601));
#2319 = CARTESIAN_POINT('',(0.,-1.121));
#2320 = ( GEOMETRIC_REPRESENTATION_CONTEXT(2) 
PARAMETRIC_REPRESENTATION_CONTEXT() REPRESENTATION_CONTEXT('2D SPACE',''
  ) );
#2321 = PCURVE('',#588,#2322);
#2322 = DEFINITIONAL_REPRESENTATION('',(#2323),#2327);
#2323 = B_SPLINE_CURVE_WITH_KNOTS('',2,(#2324,#2325,#2326),
  .UNSPECIFIED.,.F.,.F.,(3,3),(8.1E-02,1.121),.PIECEWISE_BEZIER_KNOTS.);
#2324 = CARTESIAN_POINT('',(6.28318530718,-8.1E-02));
#2325 = CARTESIAN_POINT('',(6.28318530718,-0.601));
#2326 = CARTESIAN_POINT('',(6.28318530718,-1.121));
#2327 = ( GEOMETRIC_REPRESENTATION_CONTEXT(2) 
PARAMETRIC_REPRESENTATION_CONTEXT() REPRESENTATION_CONTEXT('2D SPACE',''
  ) );
#2328 = ORIENTED_EDGE('',*,*,#1568,.T.);
#2329 = ORIENTED_EDGE('',*,*,#2309,.F.);
#2330 = ORIENTED_EDGE('',*,*,#564,.F.);
#2331 = ADVANCED_FACE('',(#2332),#640,.F.);
#2332 = FACE_BOUND('',#2333,.F.);
#2333 = EDGE_LOOP('',(#2334,#2354,#2355,#2356));
#2334 = ORIENTED_EDGE('',*,*,#2335,.T.);
#2335 = EDGE_CURVE('',#617,#1606,#2336,.T.);
#2336 = SEAM_CURVE('',#2337,(#2340,#2347),.PCURVE_S1.);
#2337 = B_SPLINE_CURVE_WITH_KNOTS('',1,(#2338,#2339),.UNSPECIFIED.,.F.,
  .F.,(2,2),(8.1E-02,1.121),.PIECEWISE_BEZIER_KNOTS.);
#2338 = CARTESIAN_POINT('',(101.,3.4,0.));
#2339 = CARTESIAN_POINT('',(101.,3.4,1.2));
#2340 = PCURVE('',#640,#2341);
#2341 = DEFINITIONAL_REPRESENTATION('',(#2342),#2346);
#2342 = B_SPLINE_CURVE_WITH_KNOTS('',2,(#2343,#2344,#2345),
  .UNSPECIFIED.,.F.,.F.,(3,3),(8.1E-02,1.121),.PIECEWISE_BEZIER_KNOTS.);
#2343 = CARTESIAN_POINT('',(0.,-8.1E-02));
#2344 = CARTESIAN_POINT('',(0.,-0.601));
#2345 = CARTESIAN_POINT('',(0.,-1.121));
#2346 = ( GEOMETRIC_REPRESENTATION_CONTEXT(2) 
PARAMETRIC_REPRESENTATION_CONTEXT() REPRESENTATION_CONTEXT('2D SPACE',''
  ) );
#2347 = PCURVE('',#640,#2348);
#2348 = DEFINITIONAL_REPRESENTATION('',(#2349),#2353);
#2349 = B_SPLINE_CURVE_WITH_KNOTS('',2,(#2350,#2351,#2352),
  .UNSPECIFIED.,.F.,.F.,(3,3),(8.1E-02,1.121),.PIECEWISE_BEZIER_KNOTS.);
#2350 = CARTESIAN_POINT('',(6.28318530718,-8.1E-02));
#2351 = CARTESIAN_POINT('',(6.28318530718,-0.601));
#2352 = CARTESIAN_POINT('',(6.28318530718,-1.121));
#2353 = ( GEOMETRIC_REPRESENTATION_CONTEXT(2) 
PARAMETRIC_REPRESENTATION_CONTEXT() REPRESENTATION_CONTEXT('2D SPACE',''
  ) );
#2354 = ORIENTED_EDGE('',*,*,#1605,.T.);
#2355 = ORIENTED_EDGE('',*,*,#2335,.F.);
#2356 = ORIENTED_EDGE('',*,*,#616,.F.);
#2357 = ADVANCED_FACE('',(#2358),#692,.F.);
#2358 = FACE_BOUND('',#2359,.F.);
#2359 = EDGE_LOOP('',(#2360,#2380,#2381,#2382));
#2360 = ORIENTED_EDGE('',*,*,#2361,.T.);
#2361 = EDGE_CURVE('',#669,#1643,#2362,.T.);
#2362 = SEAM_CURVE('',#2363,(#2366,#2373),.PCURVE_S1.);
#2363 = B_SPLINE_CURVE_WITH_KNOTS('',1,(#2364,#2365),.UNSPECIFIED.,.F.,
  .F.,(2,2),(8.1E-02,1.121),.PIECEWISE_BEZIER_KNOTS.);
#2364 = CARTESIAN_POINT('',(82.,17.8,0.));
#2365 = CARTESIAN_POINT('',(82.,17.8,1.2));
#2366 = PCURVE('',#692,#2367);
#2367 = DEFINITIONAL_REPRESENTATION('',(#2368),#2372);
#2368 = B_SPLINE_CURVE_WITH_KNOTS('',2,(#2369,#2370,#2371),
  .UNSPECIFIED.,.F.,.F.,(3,3),(8.1E-02,1.121),.PIECEWISE_BEZIER_KNOTS.);
#2369 = CARTESIAN_POINT('',(0.,-8.1E-02));
#2370 = CARTESIAN_POINT('',(0.,-0.601));
#2371 = CARTESIAN_POINT('',(0.,-1.121));
#2372 = ( GEOMETRIC_REPRESENTATION_CONTEXT(2) 
PARAMETRIC_REPRESENTATION_CONTEXT() REPRESENTATION_CONTEXT('2D SPACE',''
  ) );
#2373 = PCURVE('',#692,#2374);
#2374 = DEFINITIONAL_REPRESENTATION('',(#2375),#2379);
#2375 = B_SPLINE_CURVE_WITH_KNOTS('',2,(#2376,#2377,#2378),
  .UNSPECIFIED.,.F.,.F.,(3,3),(8.1E-02,1.121),.PIECEWISE_BEZIER_KNOTS.);
#2376 = CARTESIAN_POINT('',(6.28318530718,-8.1E-02));
#2377 = CARTESIAN_POINT('',(6.28318530718,-0.601));
#2378 = CARTESIAN_POINT('',(6.28318530718,-1.121));
#2379 = ( GEOMETRIC_REPRESENTATION_CONTEXT(2) 
PARAMETRIC_REPRESENTATION_CONTEXT() REPRESENTATION_CONTEXT('2D SPACE',''
  ) );
#2380 = ORIENTED_EDGE('',*,*,#1642,.T.);
#2381 = ORIENTED_EDGE('',*,*,#2361,.F.);
#2382 = ORIENTED_EDGE('',*,*,#668,.F.);
#2383 = ADVANCED_FACE('',(#2384),#744,.F.);
#2384 = FACE_BOUND('',#2385,.F.);
#2385 = EDGE_LOOP('',(#2386,#2406,#2407,#2408));
#2386 = ORIENTED_EDGE('',*,*,#2387,.T.);
#2387 = EDGE_CURVE('',#721,#1680,#2388,.T.);
#2388 = SEAM_CURVE('',#2389,(#2392,#2399),.PCURVE_S1.);
#2389 = B_SPLINE_CURVE_WITH_KNOTS('',1,(#2390,#2391),.UNSPECIFIED.,.F.,
  .F.,(2,2),(8.1E-02,1.121),.PIECEWISE_BEZIER_KNOTS.);
#2390 = CARTESIAN_POINT('',(85.5,17.8,0.));
#2391 = CARTESIAN_POINT('',(85.5,17.8,1.2));
#2392 = PCURVE('',#744,#2393);
#2393 = DEFINITIONAL_REPRESENTATION('',(#2394),#2398);
#2394 = B_SPLINE_CURVE_WITH_KNOTS('',2,(#2395,#2396,#2397),
  .UNSPECIFIED.,.F.,.F.,(3,3),(8.1E-02,1.121),.PIECEWISE_BEZIER_KNOTS.);
#2395 = CARTESIAN_POINT('',(0.,-8.1E-02));
#2396 = CARTESIAN_POINT('',(0.,-0.601));
#2397 = CARTESIAN_POINT('',(0.,-1.121));
#2398 = ( GEOMETRIC_REPRESENTATION_CONTEXT(2) 
PARAMETRIC_REPRESENTATION_CONTEXT() REPRESENTATION_CONTEXT('2D SPACE',''
  ) );
#2399 = PCURVE('',#744,#2400);
#2400 = DEFINITIONAL_REPRESENTATION('',(#2401),#2405);
#2401 = B_SPLINE_CURVE_WITH_KNOTS('',2,(#2402,#2403,#2404),
  .UNSPECIFIED.,.F.,.F.,(3,3),(8.1E-02,1.121),.PIECEWISE_BEZIER_KNOTS.);
#2402 = CARTESIAN_POINT('',(6.28318530718,-8.1E-02));
#2403 = CARTESIAN_POINT('',(6.28318530718,-0.601));
#2404 = CARTESIAN_POINT('',(6.28318530718,-1.121));
#2405 = ( GEOMETRIC_REPRESENTATION_CONTEXT(2) 
PARAMETRIC_REPRESENTATION_CONTEXT() REPRESENTATION_CONTEXT('2D SPACE',''
  ) );
#2406 = ORIENTED_EDGE('',*,*,#1679,.T.);
#2407 = ORIENTED_EDGE('',*,*,#2387,.F.);
#2408 = ORIENTED_EDGE('',*,*,#720,.F.);
#2409 = ADVANCED_FACE('',(#2410),#796,.F.);
#2410 = FACE_BOUND('',#2411,.F.);
#2411 = EDGE_LOOP('',(#2412,#2432,#2433,#2434));
#2412 = ORIENTED_EDGE('',*,*,#2413,.T.);
#2413 = EDGE_CURVE('',#773,#1717,#2414,.T.);
#2414 = SEAM_CURVE('',#2415,(#2418,#2425),.PCURVE_S1.);
#2415 = B_SPLINE_CURVE_WITH_KNOTS('',1,(#2416,#2417),.UNSPECIFIED.,.F.,
  .F.,(2,2),(8.1E-02,1.121),.PIECEWISE_BEZIER_KNOTS.);
#2416 = CARTESIAN_POINT('',(88.4,18.55,0.));
#2417 = CARTESIAN_POINT('',(88.4,18.55,1.2));
#2418 = PCURVE('',#796,#2419);
#2419 = DEFINITIONAL_REPRESENTATION('',(#2420),#2424);
#2420 = B_SPLINE_CURVE_WITH_KNOTS('',2,(#2421,#2422,#2423),
  .UNSPECIFIED.,.F.,.F.,(3,3),(8.1E-02,1.121),.PIECEWISE_BEZIER_KNOTS.);
#2421 = CARTESIAN_POINT('',(0.,-8.1E-02));
#2422 = CARTESIAN_POINT('',(0.,-0.601));
#2423 = CARTESIAN_POINT('',(0.,-1.121));
#2424 = ( GEOMETRIC_REPRESENTATION_CONTEXT(2) 
PARAMETRIC_REPRESENTATION_CONTEXT() REPRESENTATION_CONTEXT('2D SPACE',''
  ) );
#2425 = PCURVE('',#796,#2426);
#2426 = DEFINITIONAL_REPRESENTATION('',(#2427),#2431);
#2427 = B_SPLINE_CURVE_WITH_KNOTS('',2,(#2428,#2429,#2430),
  .UNSPECIFIED.,.F.,.F.,(3,3),(8.1E-02,1.121),.PIECEWISE_BEZIER_KNOTS.);
#2428 = CARTESIAN_POINT('',(6.28318530718,-8.1E-02));
#2429 = CARTESIAN_POINT('',(6.28318530718,-0.601));
#2430 = CARTESIAN_POINT('',(6.28318530718,-1.121));
#2431 = ( GEOMETRIC_REPRESENTATION_CONTEXT(2) 
PARAMETRIC_REPRESENTATION_CONTEXT() REPRESENTATION_CONTEXT('2D SPACE',''
  ) );
#2432 = ORIENTED_EDGE('',*,*,#1716,.T.);
#2433 = ORIENTED_EDGE('',*,*,#2413,.F.);
#2434 = ORIENTED_EDGE('',*,*,#772,.F.);
#2435 = ADVANCED_FACE('',(#2436),#848,.F.);
#2436 = FACE_BOUND('',#2437,.F.);
#2437 = EDGE_LOOP('',(#2438,#2458,#2459,#2460));
#2438 = ORIENTED_EDGE('',*,*,#2439,.T.);
#2439 = EDGE_CURVE('',#825,#1754,#2440,.T.);
#2440 = SEAM_CURVE('',#2441,(#2444,#2451),.PCURVE_S1.);
#2441 = B_SPLINE_CURVE_WITH_KNOTS('',1,(#2442,#2443),.UNSPECIFIED.,.F.,
  .F.,(2,2),(8.1E-02,1.121),.PIECEWISE_BEZIER_KNOTS.);
#2442 = CARTESIAN_POINT('',(82.,20.3,0.));
#2443 = CARTESIAN_POINT('',(82.,20.3,1.2));
#2444 = PCURVE('',#848,#2445);
#2445 = DEFINITIONAL_REPRESENTATION('',(#2446),#2450);
#2446 = B_SPLINE_CURVE_WITH_KNOTS('',2,(#2447,#2448,#2449),
  .UNSPECIFIED.,.F.,.F.,(3,3),(8.1E-02,1.121),.PIECEWISE_BEZIER_KNOTS.);
#2447 = CARTESIAN_POINT('',(0.,-8.1E-02));
#2448 = CARTESIAN_POINT('',(0.,-0.601));
#2449 = CARTESIAN_POINT('',(0.,-1.121));
#2450 = ( GEOMETRIC_REPRESENTATION_CONTEXT(2) 
PARAMETRIC_REPRESENTATION_CONTEXT() REPRESENTATION_CONTEXT('2D SPACE',''
  ) );
#2451 = PCURVE('',#848,#2452);
#2452 = DEFINITIONAL_REPRESENTATION('',(#2453),#2457);
#2453 = B_SPLINE_CURVE_WITH_KNOTS('',2,(#2454,#2455,#2456),
  .UNSPECIFIED.,.F.,.F.,(3,3),(8.1E-02,1.121),.PIECEWISE_BEZIER_KNOTS.);
#2454 = CARTESIAN_POINT('',(6.28318530718,-8.1E-02));
#2455 = CARTESIAN_POINT('',(6.28318530718,-0.601));
#2456 = CARTESIAN_POINT('',(6.28318530718,-1.121));
#2457 = ( GEOMETRIC_REPRESENTATION_CONTEXT(2) 
PARAMETRIC_REPRESENTATION_CONTEXT() REPRESENTATION_CONTEXT('2D SPACE',''
  ) );
#2458 = ORIENTED_EDGE('',*,*,#1753,.T.);
#2459 = ORIENTED_EDGE('',*,*,#2439,.F.);
#2460 = ORIENTED_EDGE('',*,*,#824,.F.);
#2461 = ADVANCED_FACE('',(#2462),#900,.F.);
#2462 = FACE_BOUND('',#2463,.F.);
#2463 = EDGE_LOOP('',(#2464,#2484,#2485,#2486));
#2464 = ORIENTED_EDGE('',*,*,#2465,.T.);
#2465 = EDGE_CURVE('',#877,#1791,#2466,.T.);
#2466 = SEAM_CURVE('',#2467,(#2470,#2477),.PCURVE_S1.);
#2467 = B_SPLINE_CURVE_WITH_KNOTS('',1,(#2468,#2469),.UNSPECIFIED.,.F.,
  .F.,(2,2),(8.1E-02,1.121),.PIECEWISE_BEZIER_KNOTS.);
#2468 = CARTESIAN_POINT('',(85.5,20.3,0.));
#2469 = CARTESIAN_POINT('',(85.5,20.3,1.2));
#2470 = PCURVE('',#900,#2471);
#2471 = DEFINITIONAL_REPRESENTATION('',(#2472),#2476);
#2472 = B_SPLINE_CURVE_WITH_KNOTS('',2,(#2473,#2474,#2475),
  .UNSPECIFIED.,.F.,.F.,(3,3),(8.1E-02,1.121),.PIECEWISE_BEZIER_KNOTS.);
#2473 = CARTESIAN_POINT('',(0.,-8.1E-02));
#2474 = CARTESIAN_POINT('',(0.,-0.601));
#2475 = CARTESIAN_POINT('',(0.,-1.121));
#2476 = ( GEOMETRIC_REPRESENTATION_CONTEXT(2) 
PARAMETRIC_REPRESENTATION_CONTEXT() REPRESENTATION_CONTEXT('2D SPACE',''
  ) );
#2477 = PCURVE('',#900,#2478);
#2478 = DEFINITIONAL_REPRESENTATION('',(#2479),#2483);
#2479 = B_SPLINE_CURVE_WITH_KNOTS('',2,(#2480,#2481,#2482),
  .UNSPECIFIED.,.F.,.F.,(3,3),(8.1E-02,1.121),.PIECEWISE_BEZIER_KNOTS.);
#2480 = CARTESIAN_POINT('',(6.28318530718,-8.1E-02));
#2481 = CARTESIAN_POINT('',(6.28318530718,-0.601));
#2482 = CARTESIAN_POINT('',(6.28318530718,-1.121));
#2483 = ( GEOMETRIC_REPRESENTATION_CONTEXT(2) 
PARAMETRIC_REPRESENTATION_CONTEXT() REPRESENTATION_CONTEXT('2D SPACE',''
  ) );
#2484 = ORIENTED_EDGE('',*,*,#1790,.T.);
#2485 = ORIENTED_EDGE('',*,*,#2465,.F.);
#2486 = ORIENTED_EDGE('',*,*,#876,.F.);
#2487 = ADVANCED_FACE('',(#2488),#952,.F.);
#2488 = FACE_BOUND('',#2489,.F.);
#2489 = EDGE_LOOP('',(#2490,#2510,#2511,#2512));
#2490 = ORIENTED_EDGE('',*,*,#2491,.T.);
#2491 = EDGE_CURVE('',#929,#1828,#2492,.T.);
#2492 = SEAM_CURVE('',#2493,(#2496,#2503),.PCURVE_S1.);
#2493 = B_SPLINE_CURVE_WITH_KNOTS('',1,(#2494,#2495),.UNSPECIFIED.,.F.,
  .F.,(2,2),(8.1E-02,1.121),.PIECEWISE_BEZIER_KNOTS.);
#2494 = CARTESIAN_POINT('',(91.3,17.8,0.));
#2495 = CARTESIAN_POINT('',(91.3,17.8,1.2));
#2496 = PCURVE('',#952,#2497);
#2497 = DEFINITIONAL_REPRESENTATION('',(#2498),#2502);
#2498 = B_SPLINE_CURVE_WITH_KNOTS('',2,(#2499,#2500,#2501),
  .UNSPECIFIED.,.F.,.F.,(3,3),(8.1E-02,1.121),.PIECEWISE_BEZIER_KNOTS.);
#2499 = CARTESIAN_POINT('',(0.,-8.1E-02));
#2500 = CARTESIAN_POINT('',(0.,-0.601));
#2501 = CARTESIAN_POINT('',(0.,-1.121));
#2502 = ( GEOMETRIC_REPRESENTATION_CONTEXT(2) 
PARAMETRIC_REPRESENTATION_CONTEXT() REPRESENTATION_CONTEXT('2D SPACE',''
  ) );
#2503 = PCURVE('',#952,#2504);
#2504 = DEFINITIONAL_REPRESENTATION('',(#2505),#2509);
#2505 = B_SPLINE_CURVE_WITH_KNOTS('',2,(#2506,#2507,#2508),
  .UNSPECIFIED.,.F.,.F.,(3,3),(8.1E-02,1.121),.PIECEWISE_BEZIER_KNOTS.);
#2506 = CARTESIAN_POINT('',(6.28318530718,-8.1E-02));
#2507 = CARTESIAN_POINT('',(6.28318530718,-0.601));
#2508 = CARTESIAN_POINT('',(6.28318530718,-1.121));
#2509 = ( GEOMETRIC_REPRESENTATION_CONTEXT(2) 
PARAMETRIC_REPRESENTATION_CONTEXT() REPRESENTATION_CONTEXT('2D SPACE',''
  ) );
#2510 = ORIENTED_EDGE('',*,*,#1827,.T.);
#2511 = ORIENTED_EDGE('',*,*,#2491,.F.);
#2512 = ORIENTED_EDGE('',*,*,#928,.F.);
#2513 = ADVANCED_FACE('',(#2514),#1004,.F.);
#2514 = FACE_BOUND('',#2515,.F.);
#2515 = EDGE_LOOP('',(#2516,#2536,#2537,#2538));
#2516 = ORIENTED_EDGE('',*,*,#2517,.T.);
#2517 = EDGE_CURVE('',#981,#1865,#2518,.T.);
#2518 = SEAM_CURVE('',#2519,(#2522,#2529),.PCURVE_S1.);
#2519 = B_SPLINE_CURVE_WITH_KNOTS('',1,(#2520,#2521),.UNSPECIFIED.,.F.,
  .F.,(2,2),(8.1E-02,1.121),.PIECEWISE_BEZIER_KNOTS.);
#2520 = CARTESIAN_POINT('',(94.8,17.8,0.));
#2521 = CARTESIAN_POINT('',(94.8,17.8,1.2));
#2522 = PCURVE('',#1004,#2523);
#2523 = DEFINITIONAL_REPRESENTATION('',(#2524),#2528);
#2524 = B_SPLINE_CURVE_WITH_KNOTS('',2,(#2525,#2526,#2527),
  .UNSPECIFIED.,.F.,.F.,(3,3),(8.1E-02,1.121),.PIECEWISE_BEZIER_KNOTS.);
#2525 = CARTESIAN_POINT('',(0.,-8.1E-02));
#2526 = CARTESIAN_POINT('',(0.,-0.601));
#2527 = CARTESIAN_POINT('',(0.,-1.121));
#2528 = ( GEOMETRIC_REPRESENTATION_CONTEXT(2) 
PARAMETRIC_REPRESENTATION_CONTEXT() REPRESENTATION_CONTEXT('2D SPACE',''
  ) );
#2529 = PCURVE('',#1004,#2530);
#2530 = DEFINITIONAL_REPRESENTATION('',(#2531),#2535);
#2531 = B_SPLINE_CURVE_WITH_KNOTS('',2,(#2532,#2533,#2534),
  .UNSPECIFIED.,.F.,.F.,(3,3),(8.1E-02,1.121),.PIECEWISE_BEZIER_KNOTS.);
#2532 = CARTESIAN_POINT('',(6.28318530718,-8.1E-02));
#2533 = CARTESIAN_POINT('',(6.28318530718,-0.601));
#2534 = CARTESIAN_POINT('',(6.28318530718,-1.121));
#2535 = ( GEOMETRIC_REPRESENTATION_CONTEXT(2) 
PARAMETRIC_REPRESENTATION_CONTEXT() REPRESENTATION_CONTEXT('2D SPACE',''
  ) );
#2536 = ORIENTED_EDGE('',*,*,#1864,.T.);
#2537 = ORIENTED_EDGE('',*,*,#2517,.F.);
#2538 = ORIENTED_EDGE('',*,*,#980,.F.);
#2539 = ADVANCED_FACE('',(#2540),#1056,.F.);
#2540 = FACE_BOUND('',#2541,.F.);
#2541 = EDGE_LOOP('',(#2542,#2562,#2563,#2564));
#2542 = ORIENTED_EDGE('',*,*,#2543,.T.);
#2543 = EDGE_CURVE('',#1033,#1902,#2544,.T.);
#2544 = SEAM_CURVE('',#2545,(#2548,#2555),.PCURVE_S1.);
#2545 = B_SPLINE_CURVE_WITH_KNOTS('',1,(#2546,#2547),.UNSPECIFIED.,.F.,
  .F.,(2,2),(8.1E-02,1.121),.PIECEWISE_BEZIER_KNOTS.);
#2546 = CARTESIAN_POINT('',(91.3,20.3,0.));
#2547 = CARTESIAN_POINT('',(91.3,20.3,1.2));
#2548 = PCURVE('',#1056,#2549);
#2549 = DEFINITIONAL_REPRESENTATION('',(#2550),#2554);
#2550 = B_SPLINE_CURVE_WITH_KNOTS('',2,(#2551,#2552,#2553),
  .UNSPECIFIED.,.F.,.F.,(3,3),(8.1E-02,1.121),.PIECEWISE_BEZIER_KNOTS.);
#2551 = CARTESIAN_POINT('',(0.,-8.1E-02));
#2552 = CARTESIAN_POINT('',(0.,-0.601));
#2553 = CARTESIAN_POINT('',(0.,-1.121));
#2554 = ( GEOMETRIC_REPRESENTATION_CONTEXT(2) 
PARAMETRIC_REPRESENTATION_CONTEXT() REPRESENTATION_CONTEXT('2D SPACE',''
  ) );
#2555 = PCURVE('',#1056,#2556);
#2556 = DEFINITIONAL_REPRESENTATION('',(#2557),#2561);
#2557 = B_SPLINE_CURVE_WITH_KNOTS('',2,(#2558,#2559,#2560),
  .UNSPECIFIED.,.F.,.F.,(3,3),(8.1E-02,1.121),.PIECEWISE_BEZIER_KNOTS.);
#2558 = CARTESIAN_POINT('',(6.28318530718,-8.1E-02));
#2559 = CARTESIAN_POINT('',(6.28318530718,-0.601));
#2560 = CARTESIAN_POINT('',(6.28318530718,-1.121));
#2561 = ( GEOMETRIC_REPRESENTATION_CONTEXT(2) 
PARAMETRIC_REPRESENTATION_CONTEXT() REPRESENTATION_CONTEXT('2D SPACE',''
  ) );
#2562 = ORIENTED_EDGE('',*,*,#1901,.T.);
#2563 = ORIENTED_EDGE('',*,*,#2543,.F.);
#2564 = ORIENTED_EDGE('',*,*,#1032,.F.);
#2565 = ADVANCED_FACE('',(#2566),#1108,.F.);
#2566 = FACE_BOUND('',#2567,.F.);
#2567 = EDGE_LOOP('',(#2568,#2588,#2589,#2590));
#2568 = ORIENTED_EDGE('',*,*,#2569,.T.);
#2569 = EDGE_CURVE('',#1085,#1939,#2570,.T.);
#2570 = SEAM_CURVE('',#2571,(#2574,#2581),.PCURVE_S1.);
#2571 = B_SPLINE_CURVE_WITH_KNOTS('',1,(#2572,#2573),.UNSPECIFIED.,.F.,
  .F.,(2,2),(8.1E-02,1.121),.PIECEWISE_BEZIER_KNOTS.);
#2572 = CARTESIAN_POINT('',(94.8,20.3,0.));
#2573 = CARTESIAN_POINT('',(94.8,20.3,1.2));
#2574 = PCURVE('',#1108,#2575);
#2575 = DEFINITIONAL_REPRESENTATION('',(#2576),#2580);
#2576 = B_SPLINE_CURVE_WITH_KNOTS('',2,(#2577,#2578,#2579),
  .UNSPECIFIED.,.F.,.F.,(3,3),(8.1E-02,1.121),.PIECEWISE_BEZIER_KNOTS.);
#2577 = CARTESIAN_POINT('',(0.,-8.1E-02));
#2578 = CARTESIAN_POINT('',(0.,-0.601));
#2579 = CARTESIAN_POINT('',(0.,-1.121));
#2580 = ( GEOMETRIC_REPRESENTATION_CONTEXT(2) 
PARAMETRIC_REPRESENTATION_CONTEXT() REPRESENTATION_CONTEXT('2D SPACE',''
  ) );
#2581 = PCURVE('',#1108,#2582);
#2582 = DEFINITIONAL_REPRESENTATION('',(#2583),#2587);
#2583 = B_SPLINE_CURVE_WITH_KNOTS('',2,(#2584,#2585,#2586),
  .UNSPECIFIED.,.F.,.F.,(3,3),(8.1E-02,1.121),.PIECEWISE_BEZIER_KNOTS.);
#2584 = CARTESIAN_POINT('',(6.28318530718,-8.1E-02));
#2585 = CARTESIAN_POINT('',(6.28318530718,-0.601));
#2586 = CARTESIAN_POINT('',(6.28318530718,-1.121));
#2587 = ( GEOMETRIC_REPRESENTATION_CONTEXT(2) 
PARAMETRIC_REPRESENTATION_CONTEXT() REPRESENTATION_CONTEXT('2D SPACE',''
  ) );
#2588 = ORIENTED_EDGE('',*,*,#1938,.T.);
#2589 = ORIENTED_EDGE('',*,*,#2569,.F.);
#2590 = ORIENTED_EDGE('',*,*,#1084,.F.);
#2591 = ADVANCED_FACE('',(#2592),#1160,.F.);
#2592 = FACE_BOUND('',#2593,.F.);
#2593 = EDGE_LOOP('',(#2594,#2614,#2615,#2616));
#2594 = ORIENTED_EDGE('',*,*,#2595,.T.);
#2595 = EDGE_CURVE('',#1137,#1976,#2596,.T.);
#2596 = SEAM_CURVE('',#2597,(#2600,#2607),.PCURVE_S1.);
#2597 = B_SPLINE_CURVE_WITH_KNOTS('',1,(#2598,#2599),.UNSPECIFIED.,.F.,
  .F.,(2,2),(8.1E-02,1.121),.PIECEWISE_BEZIER_KNOTS.);
#2598 = CARTESIAN_POINT('',(8.,72.15,0.));
#2599 = CARTESIAN_POINT('',(8.,72.15,1.2));
#2600 = PCURVE('',#1160,#2601);
#2601 = DEFINITIONAL_REPRESENTATION('',(#2602),#2606);
#2602 = B_SPLINE_CURVE_WITH_KNOTS('',2,(#2603,#2604,#2605),
  .UNSPECIFIED.,.F.,.F.,(3,3),(8.1E-02,1.121),.PIECEWISE_BEZIER_KNOTS.);
#2603 = CARTESIAN_POINT('',(0.,-8.1E-02));
#2604 = CARTESIAN_POINT('',(0.,-0.601));
#2605 = CARTESIAN_POINT('',(0.,-1.121));
#2606 = ( GEOMETRIC_REPRESENTATION_CONTEXT(2) 
PARAMETRIC_REPRESENTATION_CONTEXT() REPRESENTATION_CONTEXT('2D SPACE',''
  ) );
#2607 = PCURVE('',#1160,#2608);
#2608 = DEFINITIONAL_REPRESENTATION('',(#2609),#2613);
#2609 = B_SPLINE_CURVE_WITH_KNOTS('',2,(#2610,#2611,#2612),
  .UNSPECIFIED.,.F.,.F.,(3,3),(8.1E-02,1.121),.PIECEWISE_BEZIER_KNOTS.);
#2610 = CARTESIAN_POINT('',(6.28318530718,-8.1E-02));
#2611 = CARTESIAN_POINT('',(6.28318530718,-0.601));
#2612 = CARTESIAN_POINT('',(6.28318530718,-1.121));
#2613 = ( GEOMETRIC_REPRESENTATION_CONTEXT(2) 
PARAMETRIC_REPRESENTATION_CONTEXT() REPRESENTATION_CONTEXT('2D SPACE',''
  ) );
#2614 = ORIENTED_EDGE('',*,*,#1975,.T.);
#2615 = ORIENTED_EDGE('',*,*,#2595,.F.);
#2616 = ORIENTED_EDGE('',*,*,#1136,.F.);
#2617 = ADVANCED_FACE('',(#2618),#1212,.F.);
#2618 = FACE_BOUND('',#2619,.F.);
#2619 = EDGE_LOOP('',(#2620,#2640,#2641,#2642));
#2620 = ORIENTED_EDGE('',*,*,#2621,.T.);
#2621 = EDGE_CURVE('',#1189,#2013,#2622,.T.);
#2622 = SEAM_CURVE('',#2623,(#2626,#2633),.PCURVE_S1.);
#2623 = B_SPLINE_CURVE_WITH_KNOTS('',1,(#2624,#2625),.UNSPECIFIED.,.F.,
  .F.,(2,2),(8.1E-02,1.121),.PIECEWISE_BEZIER_KNOTS.);
#2624 = CARTESIAN_POINT('',(11.96,72.15,0.));
#2625 = CARTESIAN_POINT('',(11.96,72.15,1.2));
#2626 = PCURVE('',#1212,#2627);
#2627 = DEFINITIONAL_REPRESENTATION('',(#2628),#2632);
#2628 = B_SPLINE_CURVE_WITH_KNOTS('',2,(#2629,#2630,#2631),
  .UNSPECIFIED.,.F.,.F.,(3,3),(8.1E-02,1.121),.PIECEWISE_BEZIER_KNOTS.);
#2629 = CARTESIAN_POINT('',(0.,-8.1E-02));
#2630 = CARTESIAN_POINT('',(0.,-0.601));
#2631 = CARTESIAN_POINT('',(0.,-1.121));
#2632 = ( GEOMETRIC_REPRESENTATION_CONTEXT(2) 
PARAMETRIC_REPRESENTATION_CONTEXT() REPRESENTATION_CONTEXT('2D SPACE',''
  ) );
#2633 = PCURVE('',#1212,#2634);
#2634 = DEFINITIONAL_REPRESENTATION('',(#2635),#2639);
#2635 = B_SPLINE_CURVE_WITH_KNOTS('',2,(#2636,#2637,#2638),
  .UNSPECIFIED.,.F.,.F.,(3,3),(8.1E-02,1.121),.PIECEWISE_BEZIER_KNOTS.);
#2636 = CARTESIAN_POINT('',(6.28318530718,-8.1E-02));
#2637 = CARTESIAN_POINT('',(6.28318530718,-0.601));
#2638 = CARTESIAN_POINT('',(6.28318530718,-1.121));
#2639 = ( GEOMETRIC_REPRESENTATION_CONTEXT(2) 
PARAMETRIC_REPRESENTATION_CONTEXT() REPRESENTATION_CONTEXT('2D SPACE',''
  ) );
#2640 = ORIENTED_EDGE('',*,*,#2012,.T.);
#2641 = ORIENTED_EDGE('',*,*,#2621,.F.);
#2642 = ORIENTED_EDGE('',*,*,#1188,.F.);
#2643 = ADVANCED_FACE('',(#2644),#1264,.F.);
#2644 = FACE_BOUND('',#2645,.F.);
#2645 = EDGE_LOOP('',(#2646,#2666,#2667,#2668));
#2646 = ORIENTED_EDGE('',*,*,#2647,.T.);
#2647 = EDGE_CURVE('',#1241,#2050,#2648,.T.);
#2648 = SEAM_CURVE('',#2649,(#2652,#2659),.PCURVE_S1.);
#2649 = B_SPLINE_CURVE_WITH_KNOTS('',1,(#2650,#2651),.UNSPECIFIED.,.F.,
  .F.,(2,2),(8.1E-02,1.121),.PIECEWISE_BEZIER_KNOTS.);
#2650 = CARTESIAN_POINT('',(5.,93.4,0.));
#2651 = CARTESIAN_POINT('',(5.,93.4,1.2));
#2652 = PCURVE('',#1264,#2653);
#2653 = DEFINITIONAL_REPRESENTATION('',(#2654),#2658);
#2654 = B_SPLINE_CURVE_WITH_KNOTS('',2,(#2655,#2656,#2657),
  .UNSPECIFIED.,.F.,.F.,(3,3),(8.1E-02,1.121),.PIECEWISE_BEZIER_KNOTS.);
#2655 = CARTESIAN_POINT('',(0.,-8.1E-02));
#2656 = CARTESIAN_POINT('',(0.,-0.601));
#2657 = CARTESIAN_POINT('',(0.,-1.121));
#2658 = ( GEOMETRIC_REPRESENTATION_CONTEXT(2) 
PARAMETRIC_REPRESENTATION_CONTEXT() REPRESENTATION_CONTEXT('2D SPACE',''
  ) );
#2659 = PCURVE('',#1264,#2660);
#2660 = DEFINITIONAL_REPRESENTATION('',(#2661),#2665);
#2661 = B_SPLINE_CURVE_WITH_KNOTS('',2,(#2662,#2663,#2664),
  .UNSPECIFIED.,.F.,.F.,(3,3),(8.1E-02,1.121),.PIECEWISE_BEZIER_KNOTS.);
#2662 = CARTESIAN_POINT('',(6.28318530718,-8.1E-02));
#2663 = CARTESIAN_POINT('',(6.28318530718,-0.601));
#2664 = CARTESIAN_POINT('',(6.28318530718,-1.121));
#2665 = ( GEOMETRIC_REPRESENTATION_CONTEXT(2) 
PARAMETRIC_REPRESENTATION_CONTEXT() REPRESENTATION_CONTEXT('2D SPACE',''
  ) );
#2666 = ORIENTED_EDGE('',*,*,#2049,.T.);
#2667 = ORIENTED_EDGE('',*,*,#2647,.F.);
#2668 = ORIENTED_EDGE('',*,*,#1240,.F.);
#2669 = ADVANCED_FACE('',(#2670),#1316,.F.);
#2670 = FACE_BOUND('',#2671,.F.);
#2671 = EDGE_LOOP('',(#2672,#2692,#2693,#2694));
#2672 = ORIENTED_EDGE('',*,*,#2673,.T.);
#2673 = EDGE_CURVE('',#1293,#2087,#2674,.T.);
#2674 = SEAM_CURVE('',#2675,(#2678,#2685),.PCURVE_S1.);
#2675 = B_SPLINE_CURVE_WITH_KNOTS('',1,(#2676,#2677),.UNSPECIFIED.,.F.,
  .F.,(2,2),(8.1E-02,1.121),.PIECEWISE_BEZIER_KNOTS.);
#2676 = CARTESIAN_POINT('',(101.,93.4,0.));
#2677 = CARTESIAN_POINT('',(101.,93.4,1.2));
#2678 = PCURVE('',#1316,#2679);
#2679 = DEFINITIONAL_REPRESENTATION('',(#2680),#2684);
#2680 = B_SPLINE_CURVE_WITH_KNOTS('',2,(#2681,#2682,#2683),
  .UNSPECIFIED.,.F.,.F.,(3,3),(8.1E-02,1.121),.PIECEWISE_BEZIER_KNOTS.);
#2681 = CARTESIAN_POINT('',(0.,-8.1E-02));
#2682 = CARTESIAN_POINT('',(0.,-0.601));
#2683 = CARTESIAN_POINT('',(0.,-1.121));
#2684 = ( GEOMETRIC_REPRESENTATION_CONTEXT(2) 
PARAMETRIC_REPRESENTATION_CONTEXT() REPRESENTATION_CONTEXT('2D SPACE',''
  ) );
#2685 = PCURVE('',#1316,#2686);
#2686 = DEFINITIONAL_REPRESENTATION('',(#2687),#2691);
#2687 = B_SPLINE_CURVE_WITH_KNOTS('',2,(#2688,#2689,#2690),
  .UNSPECIFIED.,.F.,.F.,(3,3),(8.1E-02,1.121),.PIECEWISE_BEZIER_KNOTS.);
#2688 = CARTESIAN_POINT('',(6.28318530718,-8.1E-02));
#2689 = CARTESIAN_POINT('',(6.28318530718,-0.601));
#2690 = CARTESIAN_POINT('',(6.28318530718,-1.121));
#2691 = ( GEOMETRIC_REPRESENTATION_CONTEXT(2) 
PARAMETRIC_REPRESENTATION_CONTEXT() REPRESENTATION_CONTEXT('2D SPACE',''
  ) );
#2692 = ORIENTED_EDGE('',*,*,#2086,.T.);
#2693 = ORIENTED_EDGE('',*,*,#2673,.F.);
#2694 = ORIENTED_EDGE('',*,*,#1292,.F.);
#2695 = ( GEOMETRIC_REPRESENTATION_CONTEXT(3) 
GLOBAL_UNCERTAINTY_ASSIGNED_CONTEXT((#2699)) 
GLOBAL_UNIT_ASSIGNED_CONTEXT((#2696,#2697,#2698)) REPRESENTATION_CONTEXT
('Context #1','3D Context with UNIT and UNCERTAINTY') );
#2696 = ( LENGTH_UNIT() NAMED_UNIT(*) SI_UNIT(.MILLI.,.METRE.) );
#2697 = ( NAMED_UNIT(*) PLANE_ANGLE_UNIT() SI_UNIT($,.RADIAN.) );
#2698 = ( NAMED_UNIT(*) SI_UNIT($,.STERADIAN.) SOLID_ANGLE_UNIT() );
#2699 = UNCERTAINTY_MEASURE_WITH_UNIT(LENGTH_MEASURE(1.E-07),#2696,
  'distance_accuracy_value','confusion accuracy');
#2700 = PRODUCT_RELATED_PRODUCT_CATEGORY('part',$,(#7));
ENDSEC;
END-ISO-10303-21;
