ISO-10303-21;
HEADER;
FILE_DESCRIPTION(('Open CASCADE Model'),'2;1');
FILE_NAME('Open CASCADE Shape Model','2026-09-27T12:05:16',('Author'),(
    'Open CASCADE'),'Open CASCADE STEP processor 8.0','Open CASCADE 8.0'
  ,'Unknown');
FILE_SCHEMA(('AUTOMOTIVE_DESIGN { 1 0 10303 214 1 1 1 1 }'));
ENDSEC;
DATA;
#1 = APPLICATION_PROTOCOL_DEFINITION('international standard',
  'automotive_design',2000,#2);
#2 = APPLICATION_CONTEXT(
  'core data for automotive mechanical design processes');
#3 = SHAPE_DEFINITION_REPRESENTATION(#4,#10);
#4 = PRODUCT_DEFINITION_SHAPE('','',#5);
#5 = PRODUCT_DEFINITION('design','',#6,#9);
#6 = PRODUCT_DEFINITION_FORMATION('','',#7);
#7 = PRODUCT('Open CASCADE STEP translator 8.0 5',
  'Open CASCADE STEP translator 8.0 5','',(#8));
#8 = PRODUCT_CONTEXT('',#2,'mechanical');
#9 = PRODUCT_DEFINITION_CONTEXT('part definition',#2,'design');
#10 = ADVANCED_BREP_SHAPE_REPRESENTATION('',(#11,#15),#2379);
#11 = AXIS2_PLACEMENT_3D('',#12,#13,#14);
#12 = CARTESIAN_POINT('',(0.,0.,0.));
#13 = DIRECTION('',(0.,0.,1.));
#14 = DIRECTION('',(1.,0.,-0.));
#15 = MANIFOLD_SOLID_BREP('',#16);
#16 = CLOSED_SHELL('',(#17,#125,#192,#254,#1214,#1904,#1911,#1937,#1963,
    #1989,#2015,#2041,#2067,#2093,#2119,#2145,#2171,#2197,#2223,#2249,
    #2275,#2301,#2327,#2353));
#17 = ADVANCED_FACE('',(#18),#31,.T.);
#18 = FACE_BOUND('',#19,.T.);
#19 = EDGE_LOOP('',(#20,#52,#77,#102));
#20 = ORIENTED_EDGE('',*,*,#21,.T.);
#21 = EDGE_CURVE('',#22,#24,#26,.T.);
#22 = VERTEX_POINT('',#23);
#23 = CARTESIAN_POINT('',(80.,0.,0.));
#24 = VERTEX_POINT('',#25);
#25 = CARTESIAN_POINT('',(80.,0.,1.6));
#26 = SURFACE_CURVE('',#27,(#30,#41),.PCURVE_S1.);
#27 = B_SPLINE_CURVE_WITH_KNOTS('',1,(#28,#29),.UNSPECIFIED.,.F.,.F.,(2,
    2),(0.,1.44),.PIECEWISE_BEZIER_KNOTS.);
#28 = CARTESIAN_POINT('',(80.,0.,0.));
#29 = CARTESIAN_POINT('',(80.,0.,1.6));
#30 = PCURVE('',#31,#36);
#31 = B_SPLINE_SURFACE_WITH_KNOTS('',1,1,(
    (#32,#33)
    ,(#34,#35
    )),.UNSPECIFIED.,.F.,.F.,.F.,(2,2),(2,2),(0.,80.),(-1.44,0.),
  .PIECEWISE_BEZIER_KNOTS.);
#32 = CARTESIAN_POINT('',(80.,0.,1.6));
#33 = CARTESIAN_POINT('',(80.,0.,0.));
#34 = CARTESIAN_POINT('',(0.,0.,1.6));
#35 = CARTESIAN_POINT('',(0.,0.,0.));
#36 = DEFINITIONAL_REPRESENTATION('',(#37),#40);
#37 = B_SPLINE_CURVE_WITH_KNOTS('',1,(#38,#39),.UNSPECIFIED.,.F.,.F.,(2,
    2),(0.,1.44),.PIECEWISE_BEZIER_KNOTS.);
#38 = CARTESIAN_POINT('',(0.,-0.));
#39 = CARTESIAN_POINT('',(0.,-1.44));
#40 = ( GEOMETRIC_REPRESENTATION_CONTEXT(2) 
PARAMETRIC_REPRESENTATION_CONTEXT() REPRESENTATION_CONTEXT('2D SPACE',''
  ) );
#41 = PCURVE('',#42,#47);
#42 = B_SPLINE_SURFACE_WITH_KNOTS('',1,1,(
    (#43,#44)
    ,(#45,#46
    )),.UNSPECIFIED.,.F.,.F.,.F.,(2,2),(2,2),(0.,50.),(-1.44,0.),
  .PIECEWISE_BEZIER_KNOTS.);
#43 = CARTESIAN_POINT('',(80.,50.,1.6));
#44 = CARTESIAN_POINT('',(80.,50.,0.));
#45 = CARTESIAN_POINT('',(80.,0.,1.6));
#46 = CARTESIAN_POINT('',(80.,0.,0.));
#47 = DEFINITIONAL_REPRESENTATION('',(#48),#51);
#48 = B_SPLINE_CURVE_WITH_KNOTS('',1,(#49,#50),.UNSPECIFIED.,.F.,.F.,(2,
    2),(0.,1.44),.PIECEWISE_BEZIER_KNOTS.);
#49 = CARTESIAN_POINT('',(50.,0.));
#50 = CARTESIAN_POINT('',(50.,-1.44));
#51 = ( GEOMETRIC_REPRESENTATION_CONTEXT(2) 
PARAMETRIC_REPRESENTATION_CONTEXT() REPRESENTATION_CONTEXT('2D SPACE',''
  ) );
#52 = ORIENTED_EDGE('',*,*,#53,.T.);
#53 = EDGE_CURVE('',#24,#54,#56,.T.);
#54 = VERTEX_POINT('',#55);
#55 = CARTESIAN_POINT('',(0.,0.,1.6));
#56 = SURFACE_CURVE('',#57,(#60,#66),.PCURVE_S1.);
#57 = B_SPLINE_CURVE_WITH_KNOTS('',1,(#58,#59),.UNSPECIFIED.,.F.,.F.,(2,
    2),(0.,80.),.PIECEWISE_BEZIER_KNOTS.);
#58 = CARTESIAN_POINT('',(80.,0.,1.6));
#59 = CARTESIAN_POINT('',(0.,0.,1.6));
#60 = PCURVE('',#31,#61);
#61 = DEFINITIONAL_REPRESENTATION('',(#62),#65);
#62 = B_SPLINE_CURVE_WITH_KNOTS('',1,(#63,#64),.UNSPECIFIED.,.F.,.F.,(2,
    2),(0.,80.),.PIECEWISE_BEZIER_KNOTS.);
#63 = CARTESIAN_POINT('',(0.,-1.44));
#64 = CARTESIAN_POINT('',(80.,-1.44));
#65 = ( GEOMETRIC_REPRESENTATION_CONTEXT(2) 
PARAMETRIC_REPRESENTATION_CONTEXT() REPRESENTATION_CONTEXT('2D SPACE',''
  ) );
#66 = PCURVE('',#67,#72);
#67 = B_SPLINE_SURFACE_WITH_KNOTS('',1,1,(
    (#68,#69)
    ,(#70,#71)),.UNSPECIFIED.,.F.,.F.,.F.,(2,2),(2,2),(0.,80.),(0.,50.),
  .PIECEWISE_BEZIER_KNOTS.);
#68 = CARTESIAN_POINT('',(0.,0.,1.6));
#69 = CARTESIAN_POINT('',(0.,50.,1.6));
#70 = CARTESIAN_POINT('',(80.,0.,1.6));
#71 = CARTESIAN_POINT('',(80.,50.,1.6));
#72 = DEFINITIONAL_REPRESENTATION('',(#73),#76);
#73 = B_SPLINE_CURVE_WITH_KNOTS('',1,(#74,#75),.UNSPECIFIED.,.F.,.F.,(2,
    2),(0.,80.),.PIECEWISE_BEZIER_KNOTS.);
#74 = CARTESIAN_POINT('',(80.,0.));
#75 = CARTESIAN_POINT('',(0.,0.));
#76 = ( GEOMETRIC_REPRESENTATION_CONTEXT(2) 
PARAMETRIC_REPRESENTATION_CONTEXT() REPRESENTATION_CONTEXT('2D SPACE',''
  ) );
#77 = ORIENTED_EDGE('',*,*,#78,.F.);
#78 = EDGE_CURVE('',#79,#54,#81,.T.);
#79 = VERTEX_POINT('',#80);
#80 = CARTESIAN_POINT('',(0.,0.,0.));
#81 = SURFACE_CURVE('',#82,(#85,#91),.PCURVE_S1.);
#82 = B_SPLINE_CURVE_WITH_KNOTS('',1,(#83,#84),.UNSPECIFIED.,.F.,.F.,(2,
    2),(0.,1.44),.PIECEWISE_BEZIER_KNOTS.);
#83 = CARTESIAN_POINT('',(0.,0.,0.));
#84 = CARTESIAN_POINT('',(0.,0.,1.6));
#85 = PCURVE('',#31,#86);
#86 = DEFINITIONAL_REPRESENTATION('',(#87),#90);
#87 = B_SPLINE_CURVE_WITH_KNOTS('',1,(#88,#89),.UNSPECIFIED.,.F.,.F.,(2,
    2),(0.,1.44),.PIECEWISE_BEZIER_KNOTS.);
#88 = CARTESIAN_POINT('',(80.,0.));
#89 = CARTESIAN_POINT('',(80.,-1.44));
#90 = ( GEOMETRIC_REPRESENTATION_CONTEXT(2) 
PARAMETRIC_REPRESENTATION_CONTEXT() REPRESENTATION_CONTEXT('2D SPACE',''
  ) );
#91 = PCURVE('',#92,#97);
#92 = B_SPLINE_SURFACE_WITH_KNOTS('',1,1,(
    (#93,#94)
    ,(#95,#96
    )),.UNSPECIFIED.,.F.,.F.,.F.,(2,2),(2,2),(0.,50.),(-1.44,0.),
  .PIECEWISE_BEZIER_KNOTS.);
#93 = CARTESIAN_POINT('',(0.,0.,1.6));
#94 = CARTESIAN_POINT('',(0.,0.,0.));
#95 = CARTESIAN_POINT('',(0.,50.,1.6));
#96 = CARTESIAN_POINT('',(0.,50.,0.));
#97 = DEFINITIONAL_REPRESENTATION('',(#98),#101);
#98 = B_SPLINE_CURVE_WITH_KNOTS('',1,(#99,#100),.UNSPECIFIED.,.F.,.F.,(2
    ,2),(0.,1.44),.PIECEWISE_BEZIER_KNOTS.);
#99 = CARTESIAN_POINT('',(0.,0.));
#100 = CARTESIAN_POINT('',(0.,-1.44));
#101 = ( GEOMETRIC_REPRESENTATION_CONTEXT(2) 
PARAMETRIC_REPRESENTATION_CONTEXT() REPRESENTATION_CONTEXT('2D SPACE',''
  ) );
#102 = ORIENTED_EDGE('',*,*,#103,.F.);
#103 = EDGE_CURVE('',#22,#79,#104,.T.);
#104 = SURFACE_CURVE('',#105,(#108,#114),.PCURVE_S1.);
#105 = B_SPLINE_CURVE_WITH_KNOTS('',1,(#106,#107),.UNSPECIFIED.,.F.,.F.,
  (2,2),(0.,80.),.PIECEWISE_BEZIER_KNOTS.);
#106 = CARTESIAN_POINT('',(80.,0.,0.));
#107 = CARTESIAN_POINT('',(0.,0.,0.));
#108 = PCURVE('',#31,#109);
#109 = DEFINITIONAL_REPRESENTATION('',(#110),#113);
#110 = B_SPLINE_CURVE_WITH_KNOTS('',1,(#111,#112),.UNSPECIFIED.,.F.,.F.,
  (2,2),(0.,80.),.PIECEWISE_BEZIER_KNOTS.);
#111 = CARTESIAN_POINT('',(0.,-0.));
#112 = CARTESIAN_POINT('',(80.,0.));
#113 = ( GEOMETRIC_REPRESENTATION_CONTEXT(2) 
PARAMETRIC_REPRESENTATION_CONTEXT() REPRESENTATION_CONTEXT('2D SPACE',''
  ) );
#114 = PCURVE('',#115,#120);
#115 = B_SPLINE_SURFACE_WITH_KNOTS('',1,1,(
    (#116,#117)
    ,(#118,#119
    )),.UNSPECIFIED.,.F.,.F.,.F.,(2,2),(2,2),(0.,80.),(0.,50.),
  .PIECEWISE_BEZIER_KNOTS.);
#116 = CARTESIAN_POINT('',(0.,0.,0.));
#117 = CARTESIAN_POINT('',(0.,50.,0.));
#118 = CARTESIAN_POINT('',(80.,0.,0.));
#119 = CARTESIAN_POINT('',(80.,50.,0.));
#120 = DEFINITIONAL_REPRESENTATION('',(#121),#124);
#121 = B_SPLINE_CURVE_WITH_KNOTS('',1,(#122,#123),.UNSPECIFIED.,.F.,.F.,
  (2,2),(0.,80.),.PIECEWISE_BEZIER_KNOTS.);
#122 = CARTESIAN_POINT('',(80.,0.));
#123 = CARTESIAN_POINT('',(0.,0.));
#124 = ( GEOMETRIC_REPRESENTATION_CONTEXT(2) 
PARAMETRIC_REPRESENTATION_CONTEXT() REPRESENTATION_CONTEXT('2D SPACE',''
  ) );
#125 = ADVANCED_FACE('',(#126),#42,.T.);
#126 = FACE_BOUND('',#127,.T.);
#127 = EDGE_LOOP('',(#128,#155,#173,#174));
#128 = ORIENTED_EDGE('',*,*,#129,.T.);
#129 = EDGE_CURVE('',#130,#132,#134,.T.);
#130 = VERTEX_POINT('',#131);
#131 = CARTESIAN_POINT('',(80.,50.,0.));
#132 = VERTEX_POINT('',#133);
#133 = CARTESIAN_POINT('',(80.,50.,1.6));
#134 = SURFACE_CURVE('',#135,(#138,#144),.PCURVE_S1.);
#135 = B_SPLINE_CURVE_WITH_KNOTS('',1,(#136,#137),.UNSPECIFIED.,.F.,.F.,
  (2,2),(0.,1.44),.PIECEWISE_BEZIER_KNOTS.);
#136 = CARTESIAN_POINT('',(80.,50.,0.));
#137 = CARTESIAN_POINT('',(80.,50.,1.6));
#138 = PCURVE('',#42,#139);
#139 = DEFINITIONAL_REPRESENTATION('',(#140),#143);
#140 = B_SPLINE_CURVE_WITH_KNOTS('',1,(#141,#142),.UNSPECIFIED.,.F.,.F.,
  (2,2),(0.,1.44),.PIECEWISE_BEZIER_KNOTS.);
#141 = CARTESIAN_POINT('',(0.,0.));
#142 = CARTESIAN_POINT('',(0.,-1.44));
#143 = ( GEOMETRIC_REPRESENTATION_CONTEXT(2) 
PARAMETRIC_REPRESENTATION_CONTEXT() REPRESENTATION_CONTEXT('2D SPACE',''
  ) );
#144 = PCURVE('',#145,#150);
#145 = B_SPLINE_SURFACE_WITH_KNOTS('',1,1,(
    (#146,#147)
    ,(#148,#149
    )),.UNSPECIFIED.,.F.,.F.,.F.,(2,2),(2,2),(0.,80.),(-1.44,0.),
  .PIECEWISE_BEZIER_KNOTS.);
#146 = CARTESIAN_POINT('',(0.,50.,1.6));
#147 = CARTESIAN_POINT('',(0.,50.,0.));
#148 = CARTESIAN_POINT('',(80.,50.,1.6));
#149 = CARTESIAN_POINT('',(80.,50.,0.));
#150 = DEFINITIONAL_REPRESENTATION('',(#151),#154);
#151 = B_SPLINE_CURVE_WITH_KNOTS('',1,(#152,#153),.UNSPECIFIED.,.F.,.F.,
  (2,2),(0.,1.44),.PIECEWISE_BEZIER_KNOTS.);
#152 = CARTESIAN_POINT('',(80.,0.));
#153 = CARTESIAN_POINT('',(80.,-1.44));
#154 = ( GEOMETRIC_REPRESENTATION_CONTEXT(2) 
PARAMETRIC_REPRESENTATION_CONTEXT() REPRESENTATION_CONTEXT('2D SPACE',''
  ) );
#155 = ORIENTED_EDGE('',*,*,#156,.T.);
#156 = EDGE_CURVE('',#132,#24,#157,.T.);
#157 = SURFACE_CURVE('',#158,(#161,#167),.PCURVE_S1.);
#158 = B_SPLINE_CURVE_WITH_KNOTS('',1,(#159,#160),.UNSPECIFIED.,.F.,.F.,
  (2,2),(0.,50.),.PIECEWISE_BEZIER_KNOTS.);
#159 = CARTESIAN_POINT('',(80.,50.,1.6));
#160 = CARTESIAN_POINT('',(80.,0.,1.6));
#161 = PCURVE('',#42,#162);
#162 = DEFINITIONAL_REPRESENTATION('',(#163),#166);
#163 = B_SPLINE_CURVE_WITH_KNOTS('',1,(#164,#165),.UNSPECIFIED.,.F.,.F.,
  (2,2),(0.,50.),.PIECEWISE_BEZIER_KNOTS.);
#164 = CARTESIAN_POINT('',(0.,-1.44));
#165 = CARTESIAN_POINT('',(50.,-1.44));
#166 = ( GEOMETRIC_REPRESENTATION_CONTEXT(2) 
PARAMETRIC_REPRESENTATION_CONTEXT() REPRESENTATION_CONTEXT('2D SPACE',''
  ) );
#167 = PCURVE('',#67,#168);
#168 = DEFINITIONAL_REPRESENTATION('',(#169),#172);
#169 = B_SPLINE_CURVE_WITH_KNOTS('',1,(#170,#171),.UNSPECIFIED.,.F.,.F.,
  (2,2),(0.,50.),.PIECEWISE_BEZIER_KNOTS.);
#170 = CARTESIAN_POINT('',(80.,50.));
#171 = CARTESIAN_POINT('',(80.,0.));
#172 = ( GEOMETRIC_REPRESENTATION_CONTEXT(2) 
PARAMETRIC_REPRESENTATION_CONTEXT() REPRESENTATION_CONTEXT('2D SPACE',''
  ) );
#173 = ORIENTED_EDGE('',*,*,#21,.F.);
#174 = ORIENTED_EDGE('',*,*,#175,.F.);
#175 = EDGE_CURVE('',#130,#22,#176,.T.);
#176 = SURFACE_CURVE('',#177,(#180,#186),.PCURVE_S1.);
#177 = B_SPLINE_CURVE_WITH_KNOTS('',1,(#178,#179),.UNSPECIFIED.,.F.,.F.,
  (2,2),(0.,50.),.PIECEWISE_BEZIER_KNOTS.);
#178 = CARTESIAN_POINT('',(80.,50.,0.));
#179 = CARTESIAN_POINT('',(80.,0.,0.));
#180 = PCURVE('',#42,#181);
#181 = DEFINITIONAL_REPRESENTATION('',(#182),#185);
#182 = B_SPLINE_CURVE_WITH_KNOTS('',1,(#183,#184),.UNSPECIFIED.,.F.,.F.,
  (2,2),(0.,50.),.PIECEWISE_BEZIER_KNOTS.);
#183 = CARTESIAN_POINT('',(0.,0.));
#184 = CARTESIAN_POINT('',(50.,0.));
#185 = ( GEOMETRIC_REPRESENTATION_CONTEXT(2) 
PARAMETRIC_REPRESENTATION_CONTEXT() REPRESENTATION_CONTEXT('2D SPACE',''
  ) );
#186 = PCURVE('',#115,#187);
#187 = DEFINITIONAL_REPRESENTATION('',(#188),#191);
#188 = B_SPLINE_CURVE_WITH_KNOTS('',1,(#189,#190),.UNSPECIFIED.,.F.,.F.,
  (2,2),(0.,50.),.PIECEWISE_BEZIER_KNOTS.);
#189 = CARTESIAN_POINT('',(80.,50.));
#190 = CARTESIAN_POINT('',(80.,0.));
#191 = ( GEOMETRIC_REPRESENTATION_CONTEXT(2) 
PARAMETRIC_REPRESENTATION_CONTEXT() REPRESENTATION_CONTEXT('2D SPACE',''
  ) );
#192 = ADVANCED_FACE('',(#193),#92,.T.);
#193 = FACE_BOUND('',#194,.T.);
#194 = EDGE_LOOP('',(#195,#196,#216,#236));
#195 = ORIENTED_EDGE('',*,*,#78,.T.);
#196 = ORIENTED_EDGE('',*,*,#197,.T.);
#197 = EDGE_CURVE('',#54,#198,#200,.T.);
#198 = VERTEX_POINT('',#199);
#199 = CARTESIAN_POINT('',(0.,50.,1.6));
#200 = SURFACE_CURVE('',#201,(#204,#210),.PCURVE_S1.);
#201 = B_SPLINE_CURVE_WITH_KNOTS('',1,(#202,#203),.UNSPECIFIED.,.F.,.F.,
  (2,2),(0.,50.),.PIECEWISE_BEZIER_KNOTS.);
#202 = CARTESIAN_POINT('',(0.,0.,1.6));
#203 = CARTESIAN_POINT('',(0.,50.,1.6));
#204 = PCURVE('',#92,#205);
#205 = DEFINITIONAL_REPRESENTATION('',(#206),#209);
#206 = B_SPLINE_CURVE_WITH_KNOTS('',1,(#207,#208),.UNSPECIFIED.,.F.,.F.,
  (2,2),(0.,50.),.PIECEWISE_BEZIER_KNOTS.);
#207 = CARTESIAN_POINT('',(0.,-1.44));
#208 = CARTESIAN_POINT('',(50.,-1.44));
#209 = ( GEOMETRIC_REPRESENTATION_CONTEXT(2) 
PARAMETRIC_REPRESENTATION_CONTEXT() REPRESENTATION_CONTEXT('2D SPACE',''
  ) );
#210 = PCURVE('',#67,#211);
#211 = DEFINITIONAL_REPRESENTATION('',(#212),#215);
#212 = B_SPLINE_CURVE_WITH_KNOTS('',1,(#213,#214),.UNSPECIFIED.,.F.,.F.,
  (2,2),(0.,50.),.PIECEWISE_BEZIER_KNOTS.);
#213 = CARTESIAN_POINT('',(0.,0.));
#214 = CARTESIAN_POINT('',(0.,50.));
#215 = ( GEOMETRIC_REPRESENTATION_CONTEXT(2) 
PARAMETRIC_REPRESENTATION_CONTEXT() REPRESENTATION_CONTEXT('2D SPACE',''
  ) );
#216 = ORIENTED_EDGE('',*,*,#217,.F.);
#217 = EDGE_CURVE('',#218,#198,#220,.T.);
#218 = VERTEX_POINT('',#219);
#219 = CARTESIAN_POINT('',(0.,50.,0.));
#220 = SURFACE_CURVE('',#221,(#224,#230),.PCURVE_S1.);
#221 = B_SPLINE_CURVE_WITH_KNOTS('',1,(#222,#223),.UNSPECIFIED.,.F.,.F.,
  (2,2),(0.,1.44),.PIECEWISE_BEZIER_KNOTS.);
#222 = CARTESIAN_POINT('',(0.,50.,0.));
#223 = CARTESIAN_POINT('',(0.,50.,1.6));
#224 = PCURVE('',#92,#225);
#225 = DEFINITIONAL_REPRESENTATION('',(#226),#229);
#226 = B_SPLINE_CURVE_WITH_KNOTS('',1,(#227,#228),.UNSPECIFIED.,.F.,.F.,
  (2,2),(0.,1.44),.PIECEWISE_BEZIER_KNOTS.);
#227 = CARTESIAN_POINT('',(50.,0.));
#228 = CARTESIAN_POINT('',(50.,-1.44));
#229 = ( GEOMETRIC_REPRESENTATION_CONTEXT(2) 
PARAMETRIC_REPRESENTATION_CONTEXT() REPRESENTATION_CONTEXT('2D SPACE',''
  ) );
#230 = PCURVE('',#145,#231);
#231 = DEFINITIONAL_REPRESENTATION('',(#232),#235);
#232 = B_SPLINE_CURVE_WITH_KNOTS('',1,(#233,#234),.UNSPECIFIED.,.F.,.F.,
  (2,2),(0.,1.44),.PIECEWISE_BEZIER_KNOTS.);
#233 = CARTESIAN_POINT('',(0.,0.));
#234 = CARTESIAN_POINT('',(0.,-1.44));
#235 = ( GEOMETRIC_REPRESENTATION_CONTEXT(2) 
PARAMETRIC_REPRESENTATION_CONTEXT() REPRESENTATION_CONTEXT('2D SPACE',''
  ) );
#236 = ORIENTED_EDGE('',*,*,#237,.F.);
#237 = EDGE_CURVE('',#79,#218,#238,.T.);
#238 = SURFACE_CURVE('',#239,(#242,#248),.PCURVE_S1.);
#239 = B_SPLINE_CURVE_WITH_KNOTS('',1,(#240,#241),.UNSPECIFIED.,.F.,.F.,
  (2,2),(0.,50.),.PIECEWISE_BEZIER_KNOTS.);
#240 = CARTESIAN_POINT('',(0.,0.,0.));
#241 = CARTESIAN_POINT('',(0.,50.,0.));
#242 = PCURVE('',#92,#243);
#243 = DEFINITIONAL_REPRESENTATION('',(#244),#247);
#244 = B_SPLINE_CURVE_WITH_KNOTS('',1,(#245,#246),.UNSPECIFIED.,.F.,.F.,
  (2,2),(0.,50.),.PIECEWISE_BEZIER_KNOTS.);
#245 = CARTESIAN_POINT('',(0.,0.));
#246 = CARTESIAN_POINT('',(50.,0.));
#247 = ( GEOMETRIC_REPRESENTATION_CONTEXT(2) 
PARAMETRIC_REPRESENTATION_CONTEXT() REPRESENTATION_CONTEXT('2D SPACE',''
  ) );
#248 = PCURVE('',#115,#249);
#249 = DEFINITIONAL_REPRESENTATION('',(#250),#253);
#250 = B_SPLINE_CURVE_WITH_KNOTS('',1,(#251,#252),.UNSPECIFIED.,.F.,.F.,
  (2,2),(0.,50.),.PIECEWISE_BEZIER_KNOTS.);
#251 = CARTESIAN_POINT('',(0.,0.));
#252 = CARTESIAN_POINT('',(0.,50.));
#253 = ( GEOMETRIC_REPRESENTATION_CONTEXT(2) 
PARAMETRIC_REPRESENTATION_CONTEXT() REPRESENTATION_CONTEXT('2D SPACE',''
  ) );
#254 = ADVANCED_FACE('',(#255,#278,#330,#382,#434,#486,#538,#590,#642,
    #694,#746,#798,#850,#902,#954,#1006,#1058,#1110,#1162),#115,.F.);
#255 = FACE_BOUND('',#256,.F.);
#256 = EDGE_LOOP('',(#257,#258,#259,#277));
#257 = ORIENTED_EDGE('',*,*,#103,.F.);
#258 = ORIENTED_EDGE('',*,*,#175,.F.);
#259 = ORIENTED_EDGE('',*,*,#260,.F.);
#260 = EDGE_CURVE('',#218,#130,#261,.T.);
#261 = SURFACE_CURVE('',#262,(#265,#271),.PCURVE_S1.);
#262 = B_SPLINE_CURVE_WITH_KNOTS('',1,(#263,#264),.UNSPECIFIED.,.F.,.F.,
  (2,2),(0.,80.),.PIECEWISE_BEZIER_KNOTS.);
#263 = CARTESIAN_POINT('',(0.,50.,0.));
#264 = CARTESIAN_POINT('',(80.,50.,0.));
#265 = PCURVE('',#115,#266);
#266 = DEFINITIONAL_REPRESENTATION('',(#267),#270);
#267 = B_SPLINE_CURVE_WITH_KNOTS('',1,(#268,#269),.UNSPECIFIED.,.F.,.F.,
  (2,2),(0.,80.),.PIECEWISE_BEZIER_KNOTS.);
#268 = CARTESIAN_POINT('',(0.,50.));
#269 = CARTESIAN_POINT('',(80.,50.));
#270 = ( GEOMETRIC_REPRESENTATION_CONTEXT(2) 
PARAMETRIC_REPRESENTATION_CONTEXT() REPRESENTATION_CONTEXT('2D SPACE',''
  ) );
#271 = PCURVE('',#145,#272);
#272 = DEFINITIONAL_REPRESENTATION('',(#273),#276);
#273 = B_SPLINE_CURVE_WITH_KNOTS('',1,(#274,#275),.UNSPECIFIED.,.F.,.F.,
  (2,2),(0.,80.),.PIECEWISE_BEZIER_KNOTS.);
#274 = CARTESIAN_POINT('',(0.,0.));
#275 = CARTESIAN_POINT('',(80.,0.));
#276 = ( GEOMETRIC_REPRESENTATION_CONTEXT(2) 
PARAMETRIC_REPRESENTATION_CONTEXT() REPRESENTATION_CONTEXT('2D SPACE',''
  ) );
#277 = ORIENTED_EDGE('',*,*,#237,.F.);
#278 = FACE_BOUND('',#279,.F.);
#279 = EDGE_LOOP('',(#280));
#280 = ORIENTED_EDGE('',*,*,#281,.T.);
#281 = EDGE_CURVE('',#282,#282,#284,.T.);
#282 = VERTEX_POINT('',#283);
#283 = CARTESIAN_POINT('',(3.5,2.4,0.));
#284 = SURFACE_CURVE('',#285,(#293,#304),.PCURVE_S1.);
#285 = ( BOUNDED_CURVE() B_SPLINE_CURVE(2,(#286,#287,#288,#289,#290,#291
,#292),.UNSPECIFIED.,.T.,.F.) B_SPLINE_CURVE_WITH_KNOTS((1,2,2,2,2,1),(
    -2.094395102393,0.,2.094395102393,4.188790204786,6.28318530718,
8.377580409573),.UNSPECIFIED.) CURVE() GEOMETRIC_REPRESENTATION_ITEM() 
RATIONAL_B_SPLINE_CURVE((1.,0.5,1.,0.5,1.,0.5,1.)) REPRESENTATION_ITEM(
  '') );
#286 = CARTESIAN_POINT('',(3.5,2.4,0.));
#287 = CARTESIAN_POINT('',(0.72871870789,2.4,0.));
#288 = CARTESIAN_POINT('',(2.114359353945,4.8,0.));
#289 = CARTESIAN_POINT('',(3.5,7.2,0.));
#290 = CARTESIAN_POINT('',(4.885640646055,4.8,0.));
#291 = CARTESIAN_POINT('',(6.27128129211,2.4,0.));
#292 = CARTESIAN_POINT('',(3.5,2.4,0.));
#293 = PCURVE('',#115,#294);
#294 = DEFINITIONAL_REPRESENTATION('',(#295),#303);
#295 = ( BOUNDED_CURVE() B_SPLINE_CURVE(2,(#296,#297,#298,#299,#300,#301
,#302),.UNSPECIFIED.,.T.,.F.) B_SPLINE_CURVE_WITH_KNOTS((3,2,2,3),(0.,
    2.094395102393,4.188790204786,6.28318530718),
.PIECEWISE_BEZIER_KNOTS.) CURVE() GEOMETRIC_REPRESENTATION_ITEM() 
RATIONAL_B_SPLINE_CURVE((1.,0.5,1.,0.5,1.,0.5,1.)) REPRESENTATION_ITEM(
  '') );
#296 = CARTESIAN_POINT('',(3.5,2.4));
#297 = CARTESIAN_POINT('',(0.72871870789,2.4));
#298 = CARTESIAN_POINT('',(2.114359353945,4.8));
#299 = CARTESIAN_POINT('',(3.5,7.2));
#300 = CARTESIAN_POINT('',(4.885640646055,4.8));
#301 = CARTESIAN_POINT('',(6.27128129211,2.4));
#302 = CARTESIAN_POINT('',(3.5,2.4));
#303 = ( GEOMETRIC_REPRESENTATION_CONTEXT(2) 
PARAMETRIC_REPRESENTATION_CONTEXT() REPRESENTATION_CONTEXT('2D SPACE',''
  ) );
#304 = PCURVE('',#305,#320);
#305 = ( BOUNDED_SURFACE() B_SPLINE_SURFACE(2,1,(
    (#306,#307)
    ,(#308,#309)
    ,(#310,#311)
    ,(#312,#313)
    ,(#314,#315)
    ,(#316,#317)
,(#318,#319
    )),.UNSPECIFIED.,.T.,.F.,.F.) B_SPLINE_SURFACE_WITH_KNOTS((1,2,2,2,2
    ,1),(2,2),(-2.094395102393,0.,2.094395102393,4.188790204786,
    6.28318530718,8.377580409573),(-1.521,-8.1E-02),.UNSPECIFIED.) 
GEOMETRIC_REPRESENTATION_ITEM() RATIONAL_B_SPLINE_SURFACE((
    (1.,1.)
    ,(0.5,0.5)
    ,(1.,1.)
    ,(0.5,0.5)
    ,(1.,1.)
    ,(0.5,0.5)
,(1.,1.))) REPRESENTATION_ITEM('') SURFACE() );
#306 = CARTESIAN_POINT('',(3.5,2.4,1.6));
#307 = CARTESIAN_POINT('',(3.5,2.4,0.));
#308 = CARTESIAN_POINT('',(0.72871870789,2.4,1.6));
#309 = CARTESIAN_POINT('',(0.72871870789,2.4,0.));
#310 = CARTESIAN_POINT('',(2.114359353945,4.8,1.6));
#311 = CARTESIAN_POINT('',(2.114359353945,4.8,0.));
#312 = CARTESIAN_POINT('',(3.5,7.2,1.6));
#313 = CARTESIAN_POINT('',(3.5,7.2,0.));
#314 = CARTESIAN_POINT('',(4.885640646055,4.8,1.6));
#315 = CARTESIAN_POINT('',(4.885640646055,4.8,0.));
#316 = CARTESIAN_POINT('',(6.27128129211,2.4,1.6));
#317 = CARTESIAN_POINT('',(6.27128129211,2.4,0.));
#318 = CARTESIAN_POINT('',(3.5,2.4,1.6));
#319 = CARTESIAN_POINT('',(3.5,2.4,0.));
#320 = DEFINITIONAL_REPRESENTATION('',(#321),#329);
#321 = B_SPLINE_CURVE_WITH_KNOTS('',2,(#322,#323,#324,#325,#326,#327,
    #328),.UNSPECIFIED.,.F.,.F.,(3,2,2,3),(0.,2.094395102393,
    4.188790204786,6.28318530718),.PIECEWISE_BEZIER_KNOTS.);
#322 = CARTESIAN_POINT('',(0.,-8.1E-02));
#323 = CARTESIAN_POINT('',(1.047197551197,-8.1E-02));
#324 = CARTESIAN_POINT('',(2.094395102393,-8.1E-02));
#325 = CARTESIAN_POINT('',(3.14159265359,-8.1E-02));
#326 = CARTESIAN_POINT('',(4.188790204786,-8.1E-02));
#327 = CARTESIAN_POINT('',(5.235987755983,-8.1E-02));
#328 = CARTESIAN_POINT('',(6.28318530718,-8.1E-02));
#329 = ( GEOMETRIC_REPRESENTATION_CONTEXT(2) 
PARAMETRIC_REPRESENTATION_CONTEXT() REPRESENTATION_CONTEXT('2D SPACE',''
  ) );
#330 = FACE_BOUND('',#331,.F.);
#331 = EDGE_LOOP('',(#332));
#332 = ORIENTED_EDGE('',*,*,#333,.T.);
#333 = EDGE_CURVE('',#334,#334,#336,.T.);
#334 = VERTEX_POINT('',#335);
#335 = CARTESIAN_POINT('',(8.93,9.14,0.));
#336 = SURFACE_CURVE('',#337,(#345,#356),.PCURVE_S1.);
#337 = ( BOUNDED_CURVE() B_SPLINE_CURVE(2,(#338,#339,#340,#341,#342,#343
,#344),.UNSPECIFIED.,.T.,.F.) B_SPLINE_CURVE_WITH_KNOTS((1,2,2,2,2,1),(
    -2.094395102393,0.,2.094395102393,4.188790204786,6.28318530718,
8.377580409573),.UNSPECIFIED.) CURVE() GEOMETRIC_REPRESENTATION_ITEM() 
RATIONAL_B_SPLINE_CURVE((1.,0.5,1.,0.5,1.,0.5,1.)) REPRESENTATION_ITEM(
  '') );
#338 = CARTESIAN_POINT('',(8.93,9.14,0.));
#339 = CARTESIAN_POINT('',(6.938141571296,9.14,0.));
#340 = CARTESIAN_POINT('',(7.934070785648,10.865,0.));
#341 = CARTESIAN_POINT('',(8.93,12.59,0.));
#342 = CARTESIAN_POINT('',(9.925929214352,10.865,0.));
#343 = CARTESIAN_POINT('',(10.921858428704,9.14,0.));
#344 = CARTESIAN_POINT('',(8.93,9.14,0.));
#345 = PCURVE('',#115,#346);
#346 = DEFINITIONAL_REPRESENTATION('',(#347),#355);
#347 = ( BOUNDED_CURVE() B_SPLINE_CURVE(2,(#348,#349,#350,#351,#352,#353
,#354),.UNSPECIFIED.,.T.,.F.) B_SPLINE_CURVE_WITH_KNOTS((3,2,2,3),(0.,
    2.094395102393,4.188790204786,6.28318530718),
.PIECEWISE_BEZIER_KNOTS.) CURVE() GEOMETRIC_REPRESENTATION_ITEM() 
RATIONAL_B_SPLINE_CURVE((1.,0.5,1.,0.5,1.,0.5,1.)) REPRESENTATION_ITEM(
  '') );
#348 = CARTESIAN_POINT('',(8.93,9.14));
#349 = CARTESIAN_POINT('',(6.938141571296,9.14));
#350 = CARTESIAN_POINT('',(7.934070785648,10.865));
#351 = CARTESIAN_POINT('',(8.93,12.59));
#352 = CARTESIAN_POINT('',(9.925929214352,10.865));
#353 = CARTESIAN_POINT('',(10.921858428704,9.14));
#354 = CARTESIAN_POINT('',(8.93,9.14));
#355 = ( GEOMETRIC_REPRESENTATION_CONTEXT(2) 
PARAMETRIC_REPRESENTATION_CONTEXT() REPRESENTATION_CONTEXT('2D SPACE',''
  ) );
#356 = PCURVE('',#357,#372);
#357 = ( BOUNDED_SURFACE() B_SPLINE_SURFACE(2,1,(
    (#358,#359)
    ,(#360,#361)
    ,(#362,#363)
    ,(#364,#365)
    ,(#366,#367)
    ,(#368,#369)
,(#370,#371
    )),.UNSPECIFIED.,.T.,.F.,.F.) B_SPLINE_SURFACE_WITH_KNOTS((1,2,2,2,2
    ,1),(2,2),(-2.094395102393,0.,2.094395102393,4.188790204786,
    6.28318530718,8.377580409573),(-1.521,-8.1E-02),.UNSPECIFIED.) 
GEOMETRIC_REPRESENTATION_ITEM() RATIONAL_B_SPLINE_SURFACE((
    (1.,1.)
    ,(0.5,0.5)
    ,(1.,1.)
    ,(0.5,0.5)
    ,(1.,1.)
    ,(0.5,0.5)
,(1.,1.))) REPRESENTATION_ITEM('') SURFACE() );
#358 = CARTESIAN_POINT('',(8.93,9.14,1.6));
#359 = CARTESIAN_POINT('',(8.93,9.14,0.));
#360 = CARTESIAN_POINT('',(6.938141571296,9.14,1.6));
#361 = CARTESIAN_POINT('',(6.938141571296,9.14,0.));
#362 = CARTESIAN_POINT('',(7.934070785648,10.865,1.6));
#363 = CARTESIAN_POINT('',(7.934070785648,10.865,0.));
#364 = CARTESIAN_POINT('',(8.93,12.59,1.6));
#365 = CARTESIAN_POINT('',(8.93,12.59,0.));
#366 = CARTESIAN_POINT('',(9.925929214352,10.865,1.6));
#367 = CARTESIAN_POINT('',(9.925929214352,10.865,0.));
#368 = CARTESIAN_POINT('',(10.921858428704,9.14,1.6));
#369 = CARTESIAN_POINT('',(10.921858428704,9.14,0.));
#370 = CARTESIAN_POINT('',(8.93,9.14,1.6));
#371 = CARTESIAN_POINT('',(8.93,9.14,0.));
#372 = DEFINITIONAL_REPRESENTATION('',(#373),#381);
#373 = B_SPLINE_CURVE_WITH_KNOTS('',2,(#374,#375,#376,#377,#378,#379,
    #380),.UNSPECIFIED.,.F.,.F.,(3,2,2,3),(0.,2.094395102393,
    4.188790204786,6.28318530718),.PIECEWISE_BEZIER_KNOTS.);
#374 = CARTESIAN_POINT('',(0.,-8.1E-02));
#375 = CARTESIAN_POINT('',(1.047197551197,-8.1E-02));
#376 = CARTESIAN_POINT('',(2.094395102393,-8.1E-02));
#377 = CARTESIAN_POINT('',(3.14159265359,-8.1E-02));
#378 = CARTESIAN_POINT('',(4.188790204786,-8.1E-02));
#379 = CARTESIAN_POINT('',(5.235987755983,-8.1E-02));
#380 = CARTESIAN_POINT('',(6.28318530718,-8.1E-02));
#381 = ( GEOMETRIC_REPRESENTATION_CONTEXT(2) 
PARAMETRIC_REPRESENTATION_CONTEXT() REPRESENTATION_CONTEXT('2D SPACE',''
  ) );
#382 = FACE_BOUND('',#383,.F.);
#383 = EDGE_LOOP('',(#384));
#384 = ORIENTED_EDGE('',*,*,#385,.T.);
#385 = EDGE_CURVE('',#386,#386,#388,.T.);
#386 = VERTEX_POINT('',#387);
#387 = CARTESIAN_POINT('',(12.,12.54,0.));
#388 = SURFACE_CURVE('',#389,(#397,#408),.PCURVE_S1.);
#389 = ( BOUNDED_CURVE() B_SPLINE_CURVE(2,(#390,#391,#392,#393,#394,#395
,#396),.UNSPECIFIED.,.T.,.F.) B_SPLINE_CURVE_WITH_KNOTS((1,2,2,2,2,1),(
    -2.094395102393,0.,2.094395102393,4.188790204786,6.28318530718,
8.377580409573),.UNSPECIFIED.) CURVE() GEOMETRIC_REPRESENTATION_ITEM() 
RATIONAL_B_SPLINE_CURVE((1.,0.5,1.,0.5,1.,0.5,1.)) REPRESENTATION_ITEM(
  '') );
#390 = CARTESIAN_POINT('',(12.,12.54,0.));
#391 = CARTESIAN_POINT('',(11.203256628518,12.54,0.));
#392 = CARTESIAN_POINT('',(11.601628314259,13.23,0.));
#393 = CARTESIAN_POINT('',(12.,13.92,0.));
#394 = CARTESIAN_POINT('',(12.398371685741,13.23,0.));
#395 = CARTESIAN_POINT('',(12.796743371482,12.54,0.));
#396 = CARTESIAN_POINT('',(12.,12.54,0.));
#397 = PCURVE('',#115,#398);
#398 = DEFINITIONAL_REPRESENTATION('',(#399),#407);
#399 = ( BOUNDED_CURVE() B_SPLINE_CURVE(2,(#400,#401,#402,#403,#404,#405
,#406),.UNSPECIFIED.,.T.,.F.) B_SPLINE_CURVE_WITH_KNOTS((3,2,2,3),(0.,
    2.094395102393,4.188790204786,6.28318530718),
.PIECEWISE_BEZIER_KNOTS.) CURVE() GEOMETRIC_REPRESENTATION_ITEM() 
RATIONAL_B_SPLINE_CURVE((1.,0.5,1.,0.5,1.,0.5,1.)) REPRESENTATION_ITEM(
  '') );
#400 = CARTESIAN_POINT('',(12.,12.54));
#401 = CARTESIAN_POINT('',(11.203256628518,12.54));
#402 = CARTESIAN_POINT('',(11.601628314259,13.23));
#403 = CARTESIAN_POINT('',(12.,13.92));
#404 = CARTESIAN_POINT('',(12.398371685741,13.23));
#405 = CARTESIAN_POINT('',(12.796743371482,12.54));
#406 = CARTESIAN_POINT('',(12.,12.54));
#407 = ( GEOMETRIC_REPRESENTATION_CONTEXT(2) 
PARAMETRIC_REPRESENTATION_CONTEXT() REPRESENTATION_CONTEXT('2D SPACE',''
  ) );
#408 = PCURVE('',#409,#424);
#409 = ( BOUNDED_SURFACE() B_SPLINE_SURFACE(2,1,(
    (#410,#411)
    ,(#412,#413)
    ,(#414,#415)
    ,(#416,#417)
    ,(#418,#419)
    ,(#420,#421)
,(#422,#423
    )),.UNSPECIFIED.,.T.,.F.,.F.) B_SPLINE_SURFACE_WITH_KNOTS((1,2,2,2,2
    ,1),(2,2),(-2.094395102393,0.,2.094395102393,4.188790204786,
    6.28318530718,8.377580409573),(-1.521,-8.1E-02),.UNSPECIFIED.) 
GEOMETRIC_REPRESENTATION_ITEM() RATIONAL_B_SPLINE_SURFACE((
    (1.,1.)
    ,(0.5,0.5)
    ,(1.,1.)
    ,(0.5,0.5)
    ,(1.,1.)
    ,(0.5,0.5)
,(1.,1.))) REPRESENTATION_ITEM('') SURFACE() );
#410 = CARTESIAN_POINT('',(12.,12.54,1.6));
#411 = CARTESIAN_POINT('',(12.,12.54,0.));
#412 = CARTESIAN_POINT('',(11.203256628518,12.54,1.6));
#413 = CARTESIAN_POINT('',(11.203256628518,12.54,0.));
#414 = CARTESIAN_POINT('',(11.601628314259,13.23,1.6));
#415 = CARTESIAN_POINT('',(11.601628314259,13.23,0.));
#416 = CARTESIAN_POINT('',(12.,13.92,1.6));
#417 = CARTESIAN_POINT('',(12.,13.92,0.));
#418 = CARTESIAN_POINT('',(12.398371685741,13.23,1.6));
#419 = CARTESIAN_POINT('',(12.398371685741,13.23,0.));
#420 = CARTESIAN_POINT('',(12.796743371482,12.54,1.6));
#421 = CARTESIAN_POINT('',(12.796743371482,12.54,0.));
#422 = CARTESIAN_POINT('',(12.,12.54,1.6));
#423 = CARTESIAN_POINT('',(12.,12.54,0.));
#424 = DEFINITIONAL_REPRESENTATION('',(#425),#433);
#425 = B_SPLINE_CURVE_WITH_KNOTS('',2,(#426,#427,#428,#429,#430,#431,
    #432),.UNSPECIFIED.,.F.,.F.,(3,2,2,3),(0.,2.094395102393,
    4.188790204786,6.28318530718),.PIECEWISE_BEZIER_KNOTS.);
#426 = CARTESIAN_POINT('',(0.,-8.1E-02));
#427 = CARTESIAN_POINT('',(1.047197551197,-8.1E-02));
#428 = CARTESIAN_POINT('',(2.094395102393,-8.1E-02));
#429 = CARTESIAN_POINT('',(3.14159265359,-8.1E-02));
#430 = CARTESIAN_POINT('',(4.188790204786,-8.1E-02));
#431 = CARTESIAN_POINT('',(5.235987755983,-8.1E-02));
#432 = CARTESIAN_POINT('',(6.28318530718,-8.1E-02));
#433 = ( GEOMETRIC_REPRESENTATION_CONTEXT(2) 
PARAMETRIC_REPRESENTATION_CONTEXT() REPRESENTATION_CONTEXT('2D SPACE',''
  ) );
#434 = FACE_BOUND('',#435,.F.);
#435 = EDGE_LOOP('',(#436));
#436 = ORIENTED_EDGE('',*,*,#437,.T.);
#437 = EDGE_CURVE('',#438,#438,#440,.T.);
#438 = VERTEX_POINT('',#439);
#439 = CARTESIAN_POINT('',(14.5,12.54,0.));
#440 = SURFACE_CURVE('',#441,(#449,#460),.PCURVE_S1.);
#441 = ( BOUNDED_CURVE() B_SPLINE_CURVE(2,(#442,#443,#444,#445,#446,#447
,#448),.UNSPECIFIED.,.T.,.F.) B_SPLINE_CURVE_WITH_KNOTS((1,2,2,2,2,1),(
    -2.094395102393,0.,2.094395102393,4.188790204786,6.28318530718,
8.377580409573),.UNSPECIFIED.) CURVE() GEOMETRIC_REPRESENTATION_ITEM() 
RATIONAL_B_SPLINE_CURVE((1.,0.5,1.,0.5,1.,0.5,1.)) REPRESENTATION_ITEM(
  '') );
#442 = CARTESIAN_POINT('',(14.5,12.54,0.));
#443 = CARTESIAN_POINT('',(13.703256628518,12.54,0.));
#444 = CARTESIAN_POINT('',(14.101628314259,13.23,0.));
#445 = CARTESIAN_POINT('',(14.5,13.92,0.));
#446 = CARTESIAN_POINT('',(14.898371685741,13.23,0.));
#447 = CARTESIAN_POINT('',(15.296743371482,12.54,0.));
#448 = CARTESIAN_POINT('',(14.5,12.54,0.));
#449 = PCURVE('',#115,#450);
#450 = DEFINITIONAL_REPRESENTATION('',(#451),#459);
#451 = ( BOUNDED_CURVE() B_SPLINE_CURVE(2,(#452,#453,#454,#455,#456,#457
,#458),.UNSPECIFIED.,.T.,.F.) B_SPLINE_CURVE_WITH_KNOTS((3,2,2,3),(0.,
    2.094395102393,4.188790204786,6.28318530718),
.PIECEWISE_BEZIER_KNOTS.) CURVE() GEOMETRIC_REPRESENTATION_ITEM() 
RATIONAL_B_SPLINE_CURVE((1.,0.5,1.,0.5,1.,0.5,1.)) REPRESENTATION_ITEM(
  '') );
#452 = CARTESIAN_POINT('',(14.5,12.54));
#453 = CARTESIAN_POINT('',(13.703256628518,12.54));
#454 = CARTESIAN_POINT('',(14.101628314259,13.23));
#455 = CARTESIAN_POINT('',(14.5,13.92));
#456 = CARTESIAN_POINT('',(14.898371685741,13.23));
#457 = CARTESIAN_POINT('',(15.296743371482,12.54));
#458 = CARTESIAN_POINT('',(14.5,12.54));
#459 = ( GEOMETRIC_REPRESENTATION_CONTEXT(2) 
PARAMETRIC_REPRESENTATION_CONTEXT() REPRESENTATION_CONTEXT('2D SPACE',''
  ) );
#460 = PCURVE('',#461,#476);
#461 = ( BOUNDED_SURFACE() B_SPLINE_SURFACE(2,1,(
    (#462,#463)
    ,(#464,#465)
    ,(#466,#467)
    ,(#468,#469)
    ,(#470,#471)
    ,(#472,#473)
,(#474,#475
    )),.UNSPECIFIED.,.T.,.F.,.F.) B_SPLINE_SURFACE_WITH_KNOTS((1,2,2,2,2
    ,1),(2,2),(-2.094395102393,0.,2.094395102393,4.188790204786,
    6.28318530718,8.377580409573),(-1.521,-8.1E-02),.UNSPECIFIED.) 
GEOMETRIC_REPRESENTATION_ITEM() RATIONAL_B_SPLINE_SURFACE((
    (1.,1.)
    ,(0.5,0.5)
    ,(1.,1.)
    ,(0.5,0.5)
    ,(1.,1.)
    ,(0.5,0.5)
,(1.,1.))) REPRESENTATION_ITEM('') SURFACE() );
#462 = CARTESIAN_POINT('',(14.5,12.54,1.6));
#463 = CARTESIAN_POINT('',(14.5,12.54,0.));
#464 = CARTESIAN_POINT('',(13.703256628518,12.54,1.6));
#465 = CARTESIAN_POINT('',(13.703256628518,12.54,0.));
#466 = CARTESIAN_POINT('',(14.101628314259,13.23,1.6));
#467 = CARTESIAN_POINT('',(14.101628314259,13.23,0.));
#468 = CARTESIAN_POINT('',(14.5,13.92,1.6));
#469 = CARTESIAN_POINT('',(14.5,13.92,0.));
#470 = CARTESIAN_POINT('',(14.898371685741,13.23,1.6));
#471 = CARTESIAN_POINT('',(14.898371685741,13.23,0.));
#472 = CARTESIAN_POINT('',(15.296743371482,12.54,1.6));
#473 = CARTESIAN_POINT('',(15.296743371482,12.54,0.));
#474 = CARTESIAN_POINT('',(14.5,12.54,1.6));
#475 = CARTESIAN_POINT('',(14.5,12.54,0.));
#476 = DEFINITIONAL_REPRESENTATION('',(#477),#485);
#477 = B_SPLINE_CURVE_WITH_KNOTS('',2,(#478,#479,#480,#481,#482,#483,
    #484),.UNSPECIFIED.,.F.,.F.,(3,2,2,3),(0.,2.094395102393,
    4.188790204786,6.28318530718),.UNSPECIFIED.);
#478 = CARTESIAN_POINT('',(0.,-8.1E-02));
#479 = CARTESIAN_POINT('',(1.047197551197,-8.1E-02));
#480 = CARTESIAN_POINT('',(2.094395102393,-8.1E-02));
#481 = CARTESIAN_POINT('',(3.14159265359,-8.1E-02));
#482 = CARTESIAN_POINT('',(4.188790204786,-8.1E-02));
#483 = CARTESIAN_POINT('',(5.235987755983,-8.1E-02));
#484 = CARTESIAN_POINT('',(6.28318530718,-8.1E-02));
#485 = ( GEOMETRIC_REPRESENTATION_CONTEXT(2) 
PARAMETRIC_REPRESENTATION_CONTEXT() REPRESENTATION_CONTEXT('2D SPACE',''
  ) );
#486 = FACE_BOUND('',#487,.F.);
#487 = EDGE_LOOP('',(#488));
#488 = ORIENTED_EDGE('',*,*,#489,.T.);
#489 = EDGE_CURVE('',#490,#490,#492,.T.);
#490 = VERTEX_POINT('',#491);
#491 = CARTESIAN_POINT('',(16.5,12.54,0.));
#492 = SURFACE_CURVE('',#493,(#501,#512),.PCURVE_S1.);
#493 = ( BOUNDED_CURVE() B_SPLINE_CURVE(2,(#494,#495,#496,#497,#498,#499
,#500),.UNSPECIFIED.,.T.,.F.) B_SPLINE_CURVE_WITH_KNOTS((1,2,2,2,2,1),(
    -2.094395102393,0.,2.094395102393,4.188790204786,6.28318530718,
8.377580409573),.UNSPECIFIED.) CURVE() GEOMETRIC_REPRESENTATION_ITEM() 
RATIONAL_B_SPLINE_CURVE((1.,0.5,1.,0.5,1.,0.5,1.)) REPRESENTATION_ITEM(
  '') );
#494 = CARTESIAN_POINT('',(16.5,12.54,0.));
#495 = CARTESIAN_POINT('',(15.703256628518,12.54,0.));
#496 = CARTESIAN_POINT('',(16.101628314259,13.23,0.));
#497 = CARTESIAN_POINT('',(16.5,13.92,0.));
#498 = CARTESIAN_POINT('',(16.898371685741,13.23,0.));
#499 = CARTESIAN_POINT('',(17.296743371482,12.54,0.));
#500 = CARTESIAN_POINT('',(16.5,12.54,0.));
#501 = PCURVE('',#115,#502);
#502 = DEFINITIONAL_REPRESENTATION('',(#503),#511);
#503 = ( BOUNDED_CURVE() B_SPLINE_CURVE(2,(#504,#505,#506,#507,#508,#509
,#510),.UNSPECIFIED.,.T.,.F.) B_SPLINE_CURVE_WITH_KNOTS((3,2,2,3),(0.,
    2.094395102393,4.188790204786,6.28318530718),
.PIECEWISE_BEZIER_KNOTS.) CURVE() GEOMETRIC_REPRESENTATION_ITEM() 
RATIONAL_B_SPLINE_CURVE((1.,0.5,1.,0.5,1.,0.5,1.)) REPRESENTATION_ITEM(
  '') );
#504 = CARTESIAN_POINT('',(16.5,12.54));
#505 = CARTESIAN_POINT('',(15.703256628518,12.54));
#506 = CARTESIAN_POINT('',(16.101628314259,13.23));
#507 = CARTESIAN_POINT('',(16.5,13.92));
#508 = CARTESIAN_POINT('',(16.898371685741,13.23));
#509 = CARTESIAN_POINT('',(17.296743371482,12.54));
#510 = CARTESIAN_POINT('',(16.5,12.54));
#511 = ( GEOMETRIC_REPRESENTATION_CONTEXT(2) 
PARAMETRIC_REPRESENTATION_CONTEXT() REPRESENTATION_CONTEXT('2D SPACE',''
  ) );
#512 = PCURVE('',#513,#528);
#513 = ( BOUNDED_SURFACE() B_SPLINE_SURFACE(2,1,(
    (#514,#515)
    ,(#516,#517)
    ,(#518,#519)
    ,(#520,#521)
    ,(#522,#523)
    ,(#524,#525)
,(#526,#527
    )),.UNSPECIFIED.,.T.,.F.,.F.) B_SPLINE_SURFACE_WITH_KNOTS((1,2,2,2,2
    ,1),(2,2),(-2.094395102393,0.,2.094395102393,4.188790204786,
    6.28318530718,8.377580409573),(-1.521,-8.1E-02),.UNSPECIFIED.) 
GEOMETRIC_REPRESENTATION_ITEM() RATIONAL_B_SPLINE_SURFACE((
    (1.,1.)
    ,(0.5,0.5)
    ,(1.,1.)
    ,(0.5,0.5)
    ,(1.,1.)
    ,(0.5,0.5)
,(1.,1.))) REPRESENTATION_ITEM('') SURFACE() );
#514 = CARTESIAN_POINT('',(16.5,12.54,1.6));
#515 = CARTESIAN_POINT('',(16.5,12.54,0.));
#516 = CARTESIAN_POINT('',(15.703256628518,12.54,1.6));
#517 = CARTESIAN_POINT('',(15.703256628518,12.54,0.));
#518 = CARTESIAN_POINT('',(16.101628314259,13.23,1.6));
#519 = CARTESIAN_POINT('',(16.101628314259,13.23,0.));
#520 = CARTESIAN_POINT('',(16.5,13.92,1.6));
#521 = CARTESIAN_POINT('',(16.5,13.92,0.));
#522 = CARTESIAN_POINT('',(16.898371685741,13.23,1.6));
#523 = CARTESIAN_POINT('',(16.898371685741,13.23,0.));
#524 = CARTESIAN_POINT('',(17.296743371482,12.54,1.6));
#525 = CARTESIAN_POINT('',(17.296743371482,12.54,0.));
#526 = CARTESIAN_POINT('',(16.5,12.54,1.6));
#527 = CARTESIAN_POINT('',(16.5,12.54,0.));
#528 = DEFINITIONAL_REPRESENTATION('',(#529),#537);
#529 = B_SPLINE_CURVE_WITH_KNOTS('',2,(#530,#531,#532,#533,#534,#535,
    #536),.UNSPECIFIED.,.F.,.F.,(3,2,2,3),(0.,2.094395102393,
    4.188790204786,6.28318530718),.PIECEWISE_BEZIER_KNOTS.);
#530 = CARTESIAN_POINT('',(0.,-8.1E-02));
#531 = CARTESIAN_POINT('',(1.047197551197,-8.1E-02));
#532 = CARTESIAN_POINT('',(2.094395102393,-8.1E-02));
#533 = CARTESIAN_POINT('',(3.14159265359,-8.1E-02));
#534 = CARTESIAN_POINT('',(4.188790204786,-8.1E-02));
#535 = CARTESIAN_POINT('',(5.235987755983,-8.1E-02));
#536 = CARTESIAN_POINT('',(6.28318530718,-8.1E-02));
#537 = ( GEOMETRIC_REPRESENTATION_CONTEXT(2) 
PARAMETRIC_REPRESENTATION_CONTEXT() REPRESENTATION_CONTEXT('2D SPACE',''
  ) );
#538 = FACE_BOUND('',#539,.F.);
#539 = EDGE_LOOP('',(#540));
#540 = ORIENTED_EDGE('',*,*,#541,.T.);
#541 = EDGE_CURVE('',#542,#542,#544,.T.);
#542 = VERTEX_POINT('',#543);
#543 = CARTESIAN_POINT('',(19.,12.54,0.));
#544 = SURFACE_CURVE('',#545,(#553,#564),.PCURVE_S1.);
#545 = ( BOUNDED_CURVE() B_SPLINE_CURVE(2,(#546,#547,#548,#549,#550,#551
,#552),.UNSPECIFIED.,.T.,.F.) B_SPLINE_CURVE_WITH_KNOTS((1,2,2,2,2,1),(
    -2.094395102393,0.,2.094395102393,4.188790204786,6.28318530718,
8.377580409573),.UNSPECIFIED.) CURVE() GEOMETRIC_REPRESENTATION_ITEM() 
RATIONAL_B_SPLINE_CURVE((1.,0.5,1.,0.5,1.,0.5,1.)) REPRESENTATION_ITEM(
  '') );
#546 = CARTESIAN_POINT('',(19.,12.54,0.));
#547 = CARTESIAN_POINT('',(18.203256628518,12.54,0.));
#548 = CARTESIAN_POINT('',(18.601628314259,13.23,0.));
#549 = CARTESIAN_POINT('',(19.,13.92,0.));
#550 = CARTESIAN_POINT('',(19.398371685741,13.23,0.));
#551 = CARTESIAN_POINT('',(19.796743371482,12.54,0.));
#552 = CARTESIAN_POINT('',(19.,12.54,0.));
#553 = PCURVE('',#115,#554);
#554 = DEFINITIONAL_REPRESENTATION('',(#555),#563);
#555 = ( BOUNDED_CURVE() B_SPLINE_CURVE(2,(#556,#557,#558,#559,#560,#561
,#562),.UNSPECIFIED.,.T.,.F.) B_SPLINE_CURVE_WITH_KNOTS((3,2,2,3),(0.,
    2.094395102393,4.188790204786,6.28318530718),
.PIECEWISE_BEZIER_KNOTS.) CURVE() GEOMETRIC_REPRESENTATION_ITEM() 
RATIONAL_B_SPLINE_CURVE((1.,0.5,1.,0.5,1.,0.5,1.)) REPRESENTATION_ITEM(
  '') );
#556 = CARTESIAN_POINT('',(19.,12.54));
#557 = CARTESIAN_POINT('',(18.203256628518,12.54));
#558 = CARTESIAN_POINT('',(18.601628314259,13.23));
#559 = CARTESIAN_POINT('',(19.,13.92));
#560 = CARTESIAN_POINT('',(19.398371685741,13.23));
#561 = CARTESIAN_POINT('',(19.796743371482,12.54));
#562 = CARTESIAN_POINT('',(19.,12.54));
#563 = ( GEOMETRIC_REPRESENTATION_CONTEXT(2) 
PARAMETRIC_REPRESENTATION_CONTEXT() REPRESENTATION_CONTEXT('2D SPACE',''
  ) );
#564 = PCURVE('',#565,#580);
#565 = ( BOUNDED_SURFACE() B_SPLINE_SURFACE(2,1,(
    (#566,#567)
    ,(#568,#569)
    ,(#570,#571)
    ,(#572,#573)
    ,(#574,#575)
    ,(#576,#577)
,(#578,#579
    )),.UNSPECIFIED.,.T.,.F.,.F.) B_SPLINE_SURFACE_WITH_KNOTS((1,2,2,2,2
    ,1),(2,2),(-2.094395102393,0.,2.094395102393,4.188790204786,
    6.28318530718,8.377580409573),(-1.521,-8.1E-02),.UNSPECIFIED.) 
GEOMETRIC_REPRESENTATION_ITEM() RATIONAL_B_SPLINE_SURFACE((
    (1.,1.)
    ,(0.5,0.5)
    ,(1.,1.)
    ,(0.5,0.5)
    ,(1.,1.)
    ,(0.5,0.5)
,(1.,1.))) REPRESENTATION_ITEM('') SURFACE() );
#566 = CARTESIAN_POINT('',(19.,12.54,1.6));
#567 = CARTESIAN_POINT('',(19.,12.54,0.));
#568 = CARTESIAN_POINT('',(18.203256628518,12.54,1.6));
#569 = CARTESIAN_POINT('',(18.203256628518,12.54,0.));
#570 = CARTESIAN_POINT('',(18.601628314259,13.23,1.6));
#571 = CARTESIAN_POINT('',(18.601628314259,13.23,0.));
#572 = CARTESIAN_POINT('',(19.,13.92,1.6));
#573 = CARTESIAN_POINT('',(19.,13.92,0.));
#574 = CARTESIAN_POINT('',(19.398371685741,13.23,1.6));
#575 = CARTESIAN_POINT('',(19.398371685741,13.23,0.));
#576 = CARTESIAN_POINT('',(19.796743371482,12.54,1.6));
#577 = CARTESIAN_POINT('',(19.796743371482,12.54,0.));
#578 = CARTESIAN_POINT('',(19.,12.54,1.6));
#579 = CARTESIAN_POINT('',(19.,12.54,0.));
#580 = DEFINITIONAL_REPRESENTATION('',(#581),#589);
#581 = B_SPLINE_CURVE_WITH_KNOTS('',2,(#582,#583,#584,#585,#586,#587,
    #588),.UNSPECIFIED.,.F.,.F.,(3,2,2,3),(0.,2.094395102393,
    4.188790204786,6.28318530718),.PIECEWISE_BEZIER_KNOTS.);
#582 = CARTESIAN_POINT('',(0.,-8.1E-02));
#583 = CARTESIAN_POINT('',(1.047197551197,-8.1E-02));
#584 = CARTESIAN_POINT('',(2.094395102393,-8.1E-02));
#585 = CARTESIAN_POINT('',(3.14159265359,-8.1E-02));
#586 = CARTESIAN_POINT('',(4.188790204786,-8.1E-02));
#587 = CARTESIAN_POINT('',(5.235987755983,-8.1E-02));
#588 = CARTESIAN_POINT('',(6.28318530718,-8.1E-02));
#589 = ( GEOMETRIC_REPRESENTATION_CONTEXT(2) 
PARAMETRIC_REPRESENTATION_CONTEXT() REPRESENTATION_CONTEXT('2D SPACE',''
  ) );
#590 = FACE_BOUND('',#591,.F.);
#591 = EDGE_LOOP('',(#592));
#592 = ORIENTED_EDGE('',*,*,#593,.T.);
#593 = EDGE_CURVE('',#594,#594,#596,.T.);
#594 = VERTEX_POINT('',#595);
#595 = CARTESIAN_POINT('',(22.07,9.14,0.));
#596 = SURFACE_CURVE('',#597,(#605,#616),.PCURVE_S1.);
#597 = ( BOUNDED_CURVE() B_SPLINE_CURVE(2,(#598,#599,#600,#601,#602,#603
,#604),.UNSPECIFIED.,.T.,.F.) B_SPLINE_CURVE_WITH_KNOTS((1,2,2,2,2,1),(
    -2.094395102393,0.,2.094395102393,4.188790204786,6.28318530718,
8.377580409573),.UNSPECIFIED.) CURVE() GEOMETRIC_REPRESENTATION_ITEM() 
RATIONAL_B_SPLINE_CURVE((1.,0.5,1.,0.5,1.,0.5,1.)) REPRESENTATION_ITEM(
  '') );
#598 = CARTESIAN_POINT('',(22.07,9.14,0.));
#599 = CARTESIAN_POINT('',(20.078141571296,9.14,0.));
#600 = CARTESIAN_POINT('',(21.074070785648,10.865,0.));
#601 = CARTESIAN_POINT('',(22.07,12.59,0.));
#602 = CARTESIAN_POINT('',(23.065929214352,10.865,0.));
#603 = CARTESIAN_POINT('',(24.061858428704,9.14,0.));
#604 = CARTESIAN_POINT('',(22.07,9.14,0.));
#605 = PCURVE('',#115,#606);
#606 = DEFINITIONAL_REPRESENTATION('',(#607),#615);
#607 = ( BOUNDED_CURVE() B_SPLINE_CURVE(2,(#608,#609,#610,#611,#612,#613
,#614),.UNSPECIFIED.,.T.,.F.) B_SPLINE_CURVE_WITH_KNOTS((3,2,2,3),(0.,
    2.094395102393,4.188790204786,6.28318530718),
.PIECEWISE_BEZIER_KNOTS.) CURVE() GEOMETRIC_REPRESENTATION_ITEM() 
RATIONAL_B_SPLINE_CURVE((1.,0.5,1.,0.5,1.,0.5,1.)) REPRESENTATION_ITEM(
  '') );
#608 = CARTESIAN_POINT('',(22.07,9.14));
#609 = CARTESIAN_POINT('',(20.078141571296,9.14));
#610 = CARTESIAN_POINT('',(21.074070785648,10.865));
#611 = CARTESIAN_POINT('',(22.07,12.59));
#612 = CARTESIAN_POINT('',(23.065929214352,10.865));
#613 = CARTESIAN_POINT('',(24.061858428704,9.14));
#614 = CARTESIAN_POINT('',(22.07,9.14));
#615 = ( GEOMETRIC_REPRESENTATION_CONTEXT(2) 
PARAMETRIC_REPRESENTATION_CONTEXT() REPRESENTATION_CONTEXT('2D SPACE',''
  ) );
#616 = PCURVE('',#617,#632);
#617 = ( BOUNDED_SURFACE() B_SPLINE_SURFACE(2,1,(
    (#618,#619)
    ,(#620,#621)
    ,(#622,#623)
    ,(#624,#625)
    ,(#626,#627)
    ,(#628,#629)
,(#630,#631
    )),.UNSPECIFIED.,.T.,.F.,.F.) B_SPLINE_SURFACE_WITH_KNOTS((1,2,2,2,2
    ,1),(2,2),(-2.094395102393,0.,2.094395102393,4.188790204786,
    6.28318530718,8.377580409573),(-1.521,-8.1E-02),.UNSPECIFIED.) 
GEOMETRIC_REPRESENTATION_ITEM() RATIONAL_B_SPLINE_SURFACE((
    (1.,1.)
    ,(0.5,0.5)
    ,(1.,1.)
    ,(0.5,0.5)
    ,(1.,1.)
    ,(0.5,0.5)
,(1.,1.))) REPRESENTATION_ITEM('') SURFACE() );
#618 = CARTESIAN_POINT('',(22.07,9.14,1.6));
#619 = CARTESIAN_POINT('',(22.07,9.14,0.));
#620 = CARTESIAN_POINT('',(20.078141571296,9.14,1.6));
#621 = CARTESIAN_POINT('',(20.078141571296,9.14,0.));
#622 = CARTESIAN_POINT('',(21.074070785648,10.865,1.6));
#623 = CARTESIAN_POINT('',(21.074070785648,10.865,0.));
#624 = CARTESIAN_POINT('',(22.07,12.59,1.6));
#625 = CARTESIAN_POINT('',(22.07,12.59,0.));
#626 = CARTESIAN_POINT('',(23.065929214352,10.865,1.6));
#627 = CARTESIAN_POINT('',(23.065929214352,10.865,0.));
#628 = CARTESIAN_POINT('',(24.061858428704,9.14,1.6));
#629 = CARTESIAN_POINT('',(24.061858428704,9.14,0.));
#630 = CARTESIAN_POINT('',(22.07,9.14,1.6));
#631 = CARTESIAN_POINT('',(22.07,9.14,0.));
#632 = DEFINITIONAL_REPRESENTATION('',(#633),#641);
#633 = B_SPLINE_CURVE_WITH_KNOTS('',2,(#634,#635,#636,#637,#638,#639,
    #640),.UNSPECIFIED.,.F.,.F.,(3,2,2,3),(0.,2.094395102393,
    4.188790204786,6.28318530718),.PIECEWISE_BEZIER_KNOTS.);
#634 = CARTESIAN_POINT('',(0.,-8.1E-02));
#635 = CARTESIAN_POINT('',(1.047197551197,-8.1E-02));
#636 = CARTESIAN_POINT('',(2.094395102393,-8.1E-02));
#637 = CARTESIAN_POINT('',(3.14159265359,-8.1E-02));
#638 = CARTESIAN_POINT('',(4.188790204786,-8.1E-02));
#639 = CARTESIAN_POINT('',(5.235987755983,-8.1E-02));
#640 = CARTESIAN_POINT('',(6.28318530718,-8.1E-02));
#641 = ( GEOMETRIC_REPRESENTATION_CONTEXT(2) 
PARAMETRIC_REPRESENTATION_CONTEXT() REPRESENTATION_CONTEXT('2D SPACE',''
  ) );
#642 = FACE_BOUND('',#643,.F.);
#643 = EDGE_LOOP('',(#644));
#644 = ORIENTED_EDGE('',*,*,#645,.T.);
#645 = EDGE_CURVE('',#646,#646,#648,.T.);
#646 = VERTEX_POINT('',#647);
#647 = CARTESIAN_POINT('',(51.93,9.14,0.));
#648 = SURFACE_CURVE('',#649,(#657,#668),.PCURVE_S1.);
#649 = ( BOUNDED_CURVE() B_SPLINE_CURVE(2,(#650,#651,#652,#653,#654,#655
,#656),.UNSPECIFIED.,.T.,.F.) B_SPLINE_CURVE_WITH_KNOTS((1,2,2,2,2,1),(
    -2.094395102393,0.,2.094395102393,4.188790204786,6.28318530718,
8.377580409573),.UNSPECIFIED.) CURVE() GEOMETRIC_REPRESENTATION_ITEM() 
RATIONAL_B_SPLINE_CURVE((1.,0.5,1.,0.5,1.,0.5,1.)) REPRESENTATION_ITEM(
  '') );
#650 = CARTESIAN_POINT('',(51.93,9.14,0.));
#651 = CARTESIAN_POINT('',(49.938141571296,9.14,0.));
#652 = CARTESIAN_POINT('',(50.934070785648,10.865,0.));
#653 = CARTESIAN_POINT('',(51.93,12.59,0.));
#654 = CARTESIAN_POINT('',(52.925929214352,10.865,0.));
#655 = CARTESIAN_POINT('',(53.921858428704,9.14,0.));
#656 = CARTESIAN_POINT('',(51.93,9.14,0.));
#657 = PCURVE('',#115,#658);
#658 = DEFINITIONAL_REPRESENTATION('',(#659),#667);
#659 = ( BOUNDED_CURVE() B_SPLINE_CURVE(2,(#660,#661,#662,#663,#664,#665
,#666),.UNSPECIFIED.,.T.,.F.) B_SPLINE_CURVE_WITH_KNOTS((3,2,2,3),(0.,
    2.094395102393,4.188790204786,6.28318530718),
.PIECEWISE_BEZIER_KNOTS.) CURVE() GEOMETRIC_REPRESENTATION_ITEM() 
RATIONAL_B_SPLINE_CURVE((1.,0.5,1.,0.5,1.,0.5,1.)) REPRESENTATION_ITEM(
  '') );
#660 = CARTESIAN_POINT('',(51.93,9.14));
#661 = CARTESIAN_POINT('',(49.938141571296,9.14));
#662 = CARTESIAN_POINT('',(50.934070785648,10.865));
#663 = CARTESIAN_POINT('',(51.93,12.59));
#664 = CARTESIAN_POINT('',(52.925929214352,10.865));
#665 = CARTESIAN_POINT('',(53.921858428704,9.14));
#666 = CARTESIAN_POINT('',(51.93,9.14));
#667 = ( GEOMETRIC_REPRESENTATION_CONTEXT(2) 
PARAMETRIC_REPRESENTATION_CONTEXT() REPRESENTATION_CONTEXT('2D SPACE',''
  ) );
#668 = PCURVE('',#669,#684);
#669 = ( BOUNDED_SURFACE() B_SPLINE_SURFACE(2,1,(
    (#670,#671)
    ,(#672,#673)
    ,(#674,#675)
    ,(#676,#677)
    ,(#678,#679)
    ,(#680,#681)
,(#682,#683
    )),.UNSPECIFIED.,.T.,.F.,.F.) B_SPLINE_SURFACE_WITH_KNOTS((1,2,2,2,2
    ,1),(2,2),(-2.094395102393,0.,2.094395102393,4.188790204786,
    6.28318530718,8.377580409573),(-1.521,-8.1E-02),.UNSPECIFIED.) 
GEOMETRIC_REPRESENTATION_ITEM() RATIONAL_B_SPLINE_SURFACE((
    (1.,1.)
    ,(0.5,0.5)
    ,(1.,1.)
    ,(0.5,0.5)
    ,(1.,1.)
    ,(0.5,0.5)
,(1.,1.))) REPRESENTATION_ITEM('') SURFACE() );
#670 = CARTESIAN_POINT('',(51.93,9.14,1.6));
#671 = CARTESIAN_POINT('',(51.93,9.14,0.));
#672 = CARTESIAN_POINT('',(49.938141571296,9.14,1.6));
#673 = CARTESIAN_POINT('',(49.938141571296,9.14,0.));
#674 = CARTESIAN_POINT('',(50.934070785648,10.865,1.6));
#675 = CARTESIAN_POINT('',(50.934070785648,10.865,0.));
#676 = CARTESIAN_POINT('',(51.93,12.59,1.6));
#677 = CARTESIAN_POINT('',(51.93,12.59,0.));
#678 = CARTESIAN_POINT('',(52.925929214352,10.865,1.6));
#679 = CARTESIAN_POINT('',(52.925929214352,10.865,0.));
#680 = CARTESIAN_POINT('',(53.921858428704,9.14,1.6));
#681 = CARTESIAN_POINT('',(53.921858428704,9.14,0.));
#682 = CARTESIAN_POINT('',(51.93,9.14,1.6));
#683 = CARTESIAN_POINT('',(51.93,9.14,0.));
#684 = DEFINITIONAL_REPRESENTATION('',(#685),#693);
#685 = B_SPLINE_CURVE_WITH_KNOTS('',2,(#686,#687,#688,#689,#690,#691,
    #692),.UNSPECIFIED.,.F.,.F.,(3,2,2,3),(0.,2.094395102393,
    4.188790204786,6.28318530718),.PIECEWISE_BEZIER_KNOTS.);
#686 = CARTESIAN_POINT('',(0.,-8.1E-02));
#687 = CARTESIAN_POINT('',(1.047197551197,-8.1E-02));
#688 = CARTESIAN_POINT('',(2.094395102393,-8.1E-02));
#689 = CARTESIAN_POINT('',(3.14159265359,-8.1E-02));
#690 = CARTESIAN_POINT('',(4.188790204786,-8.1E-02));
#691 = CARTESIAN_POINT('',(5.235987755983,-8.1E-02));
#692 = CARTESIAN_POINT('',(6.28318530718,-8.1E-02));
#693 = ( GEOMETRIC_REPRESENTATION_CONTEXT(2) 
PARAMETRIC_REPRESENTATION_CONTEXT() REPRESENTATION_CONTEXT('2D SPACE',''
  ) );
#694 = FACE_BOUND('',#695,.F.);
#695 = EDGE_LOOP('',(#696));
#696 = ORIENTED_EDGE('',*,*,#697,.T.);
#697 = EDGE_CURVE('',#698,#698,#700,.T.);
#698 = VERTEX_POINT('',#699);
#699 = CARTESIAN_POINT('',(55.,12.54,0.));
#700 = SURFACE_CURVE('',#701,(#709,#720),.PCURVE_S1.);
#701 = ( BOUNDED_CURVE() B_SPLINE_CURVE(2,(#702,#703,#704,#705,#706,#707
,#708),.UNSPECIFIED.,.T.,.F.) B_SPLINE_CURVE_WITH_KNOTS((1,2,2,2,2,1),(
    -2.094395102393,0.,2.094395102393,4.188790204786,6.28318530718,
8.377580409573),.UNSPECIFIED.) CURVE() GEOMETRIC_REPRESENTATION_ITEM() 
RATIONAL_B_SPLINE_CURVE((1.,0.5,1.,0.5,1.,0.5,1.)) REPRESENTATION_ITEM(
  '') );
#702 = CARTESIAN_POINT('',(55.,12.54,0.));
#703 = CARTESIAN_POINT('',(54.203256628518,12.54,0.));
#704 = CARTESIAN_POINT('',(54.601628314259,13.23,0.));
#705 = CARTESIAN_POINT('',(55.,13.92,0.));
#706 = CARTESIAN_POINT('',(55.398371685741,13.23,0.));
#707 = CARTESIAN_POINT('',(55.796743371482,12.54,0.));
#708 = CARTESIAN_POINT('',(55.,12.54,0.));
#709 = PCURVE('',#115,#710);
#710 = DEFINITIONAL_REPRESENTATION('',(#711),#719);
#711 = ( BOUNDED_CURVE() B_SPLINE_CURVE(2,(#712,#713,#714,#715,#716,#717
,#718),.UNSPECIFIED.,.T.,.F.) B_SPLINE_CURVE_WITH_KNOTS((3,2,2,3),(0.,
    2.094395102393,4.188790204786,6.28318530718),
.PIECEWISE_BEZIER_KNOTS.) CURVE() GEOMETRIC_REPRESENTATION_ITEM() 
RATIONAL_B_SPLINE_CURVE((1.,0.5,1.,0.5,1.,0.5,1.)) REPRESENTATION_ITEM(
  '') );
#712 = CARTESIAN_POINT('',(55.,12.54));
#713 = CARTESIAN_POINT('',(54.203256628518,12.54));
#714 = CARTESIAN_POINT('',(54.601628314259,13.23));
#715 = CARTESIAN_POINT('',(55.,13.92));
#716 = CARTESIAN_POINT('',(55.398371685741,13.23));
#717 = CARTESIAN_POINT('',(55.796743371482,12.54));
#718 = CARTESIAN_POINT('',(55.,12.54));
#719 = ( GEOMETRIC_REPRESENTATION_CONTEXT(2) 
PARAMETRIC_REPRESENTATION_CONTEXT() REPRESENTATION_CONTEXT('2D SPACE',''
  ) );
#720 = PCURVE('',#721,#736);
#721 = ( BOUNDED_SURFACE() B_SPLINE_SURFACE(2,1,(
    (#722,#723)
    ,(#724,#725)
    ,(#726,#727)
    ,(#728,#729)
    ,(#730,#731)
    ,(#732,#733)
,(#734,#735
    )),.UNSPECIFIED.,.T.,.F.,.F.) B_SPLINE_SURFACE_WITH_KNOTS((1,2,2,2,2
    ,1),(2,2),(-2.094395102393,0.,2.094395102393,4.188790204786,
    6.28318530718,8.377580409573),(-1.521,-8.1E-02),.UNSPECIFIED.) 
GEOMETRIC_REPRESENTATION_ITEM() RATIONAL_B_SPLINE_SURFACE((
    (1.,1.)
    ,(0.5,0.5)
    ,(1.,1.)
    ,(0.5,0.5)
    ,(1.,1.)
    ,(0.5,0.5)
,(1.,1.))) REPRESENTATION_ITEM('') SURFACE() );
#722 = CARTESIAN_POINT('',(55.,12.54,1.6));
#723 = CARTESIAN_POINT('',(55.,12.54,0.));
#724 = CARTESIAN_POINT('',(54.203256628518,12.54,1.6));
#725 = CARTESIAN_POINT('',(54.203256628518,12.54,0.));
#726 = CARTESIAN_POINT('',(54.601628314259,13.23,1.6));
#727 = CARTESIAN_POINT('',(54.601628314259,13.23,0.));
#728 = CARTESIAN_POINT('',(55.,13.92,1.6));
#729 = CARTESIAN_POINT('',(55.,13.92,0.));
#730 = CARTESIAN_POINT('',(55.398371685741,13.23,1.6));
#731 = CARTESIAN_POINT('',(55.398371685741,13.23,0.));
#732 = CARTESIAN_POINT('',(55.796743371482,12.54,1.6));
#733 = CARTESIAN_POINT('',(55.796743371482,12.54,0.));
#734 = CARTESIAN_POINT('',(55.,12.54,1.6));
#735 = CARTESIAN_POINT('',(55.,12.54,0.));
#736 = DEFINITIONAL_REPRESENTATION('',(#737),#745);
#737 = B_SPLINE_CURVE_WITH_KNOTS('',2,(#738,#739,#740,#741,#742,#743,
    #744),.UNSPECIFIED.,.F.,.F.,(3,2,2,3),(0.,2.094395102393,
    4.188790204786,6.28318530718),.PIECEWISE_BEZIER_KNOTS.);
#738 = CARTESIAN_POINT('',(0.,-8.1E-02));
#739 = CARTESIAN_POINT('',(1.047197551197,-8.1E-02));
#740 = CARTESIAN_POINT('',(2.094395102393,-8.1E-02));
#741 = CARTESIAN_POINT('',(3.14159265359,-8.1E-02));
#742 = CARTESIAN_POINT('',(4.188790204786,-8.1E-02));
#743 = CARTESIAN_POINT('',(5.235987755983,-8.1E-02));
#744 = CARTESIAN_POINT('',(6.28318530718,-8.1E-02));
#745 = ( GEOMETRIC_REPRESENTATION_CONTEXT(2) 
PARAMETRIC_REPRESENTATION_CONTEXT() REPRESENTATION_CONTEXT('2D SPACE',''
  ) );
#746 = FACE_BOUND('',#747,.F.);
#747 = EDGE_LOOP('',(#748));
#748 = ORIENTED_EDGE('',*,*,#749,.T.);
#749 = EDGE_CURVE('',#750,#750,#752,.T.);
#750 = VERTEX_POINT('',#751);
#751 = CARTESIAN_POINT('',(57.5,12.54,0.));
#752 = SURFACE_CURVE('',#753,(#761,#772),.PCURVE_S1.);
#753 = ( BOUNDED_CURVE() B_SPLINE_CURVE(2,(#754,#755,#756,#757,#758,#759
,#760),.UNSPECIFIED.,.T.,.F.) B_SPLINE_CURVE_WITH_KNOTS((1,2,2,2,2,1),(
    -2.094395102393,0.,2.094395102393,4.188790204786,6.28318530718,
8.377580409573),.UNSPECIFIED.) CURVE() GEOMETRIC_REPRESENTATION_ITEM() 
RATIONAL_B_SPLINE_CURVE((1.,0.5,1.,0.5,1.,0.5,1.)) REPRESENTATION_ITEM(
  '') );
#754 = CARTESIAN_POINT('',(57.5,12.54,0.));
#755 = CARTESIAN_POINT('',(56.703256628518,12.54,0.));
#756 = CARTESIAN_POINT('',(57.101628314259,13.23,0.));
#757 = CARTESIAN_POINT('',(57.5,13.92,0.));
#758 = CARTESIAN_POINT('',(57.898371685741,13.23,0.));
#759 = CARTESIAN_POINT('',(58.296743371482,12.54,0.));
#760 = CARTESIAN_POINT('',(57.5,12.54,0.));
#761 = PCURVE('',#115,#762);
#762 = DEFINITIONAL_REPRESENTATION('',(#763),#771);
#763 = ( BOUNDED_CURVE() B_SPLINE_CURVE(2,(#764,#765,#766,#767,#768,#769
,#770),.UNSPECIFIED.,.T.,.F.) B_SPLINE_CURVE_WITH_KNOTS((3,2,2,3),(0.,
    2.094395102393,4.188790204786,6.28318530718),
.PIECEWISE_BEZIER_KNOTS.) CURVE() GEOMETRIC_REPRESENTATION_ITEM() 
RATIONAL_B_SPLINE_CURVE((1.,0.5,1.,0.5,1.,0.5,1.)) REPRESENTATION_ITEM(
  '') );
#764 = CARTESIAN_POINT('',(57.5,12.54));
#765 = CARTESIAN_POINT('',(56.703256628518,12.54));
#766 = CARTESIAN_POINT('',(57.101628314259,13.23));
#767 = CARTESIAN_POINT('',(57.5,13.92));
#768 = CARTESIAN_POINT('',(57.898371685741,13.23));
#769 = CARTESIAN_POINT('',(58.296743371482,12.54));
#770 = CARTESIAN_POINT('',(57.5,12.54));
#771 = ( GEOMETRIC_REPRESENTATION_CONTEXT(2) 
PARAMETRIC_REPRESENTATION_CONTEXT() REPRESENTATION_CONTEXT('2D SPACE',''
  ) );
#772 = PCURVE('',#773,#788);
#773 = ( BOUNDED_SURFACE() B_SPLINE_SURFACE(2,1,(
    (#774,#775)
    ,(#776,#777)
    ,(#778,#779)
    ,(#780,#781)
    ,(#782,#783)
    ,(#784,#785)
,(#786,#787
    )),.UNSPECIFIED.,.T.,.F.,.F.) B_SPLINE_SURFACE_WITH_KNOTS((1,2,2,2,2
    ,1),(2,2),(-2.094395102393,0.,2.094395102393,4.188790204786,
    6.28318530718,8.377580409573),(-1.521,-8.1E-02),.UNSPECIFIED.) 
GEOMETRIC_REPRESENTATION_ITEM() RATIONAL_B_SPLINE_SURFACE((
    (1.,1.)
    ,(0.5,0.5)
    ,(1.,1.)
    ,(0.5,0.5)
    ,(1.,1.)
    ,(0.5,0.5)
,(1.,1.))) REPRESENTATION_ITEM('') SURFACE() );
#774 = CARTESIAN_POINT('',(57.5,12.54,1.6));
#775 = CARTESIAN_POINT('',(57.5,12.54,0.));
#776 = CARTESIAN_POINT('',(56.703256628518,12.54,1.6));
#777 = CARTESIAN_POINT('',(56.703256628518,12.54,0.));
#778 = CARTESIAN_POINT('',(57.101628314259,13.23,1.6));
#779 = CARTESIAN_POINT('',(57.101628314259,13.23,0.));
#780 = CARTESIAN_POINT('',(57.5,13.92,1.6));
#781 = CARTESIAN_POINT('',(57.5,13.92,0.));
#782 = CARTESIAN_POINT('',(57.898371685741,13.23,1.6));
#783 = CARTESIAN_POINT('',(57.898371685741,13.23,0.));
#784 = CARTESIAN_POINT('',(58.296743371482,12.54,1.6));
#785 = CARTESIAN_POINT('',(58.296743371482,12.54,0.));
#786 = CARTESIAN_POINT('',(57.5,12.54,1.6));
#787 = CARTESIAN_POINT('',(57.5,12.54,0.));
#788 = DEFINITIONAL_REPRESENTATION('',(#789),#797);
#789 = B_SPLINE_CURVE_WITH_KNOTS('',2,(#790,#791,#792,#793,#794,#795,
    #796),.UNSPECIFIED.,.F.,.F.,(3,2,2,3),(0.,2.094395102393,
    4.188790204786,6.28318530718),.PIECEWISE_BEZIER_KNOTS.);
#790 = CARTESIAN_POINT('',(0.,-8.1E-02));
#791 = CARTESIAN_POINT('',(1.047197551197,-8.1E-02));
#792 = CARTESIAN_POINT('',(2.094395102393,-8.1E-02));
#793 = CARTESIAN_POINT('',(3.14159265359,-8.1E-02));
#794 = CARTESIAN_POINT('',(4.188790204786,-8.1E-02));
#795 = CARTESIAN_POINT('',(5.235987755983,-8.1E-02));
#796 = CARTESIAN_POINT('',(6.28318530718,-8.1E-02));
#797 = ( GEOMETRIC_REPRESENTATION_CONTEXT(2) 
PARAMETRIC_REPRESENTATION_CONTEXT() REPRESENTATION_CONTEXT('2D SPACE',''
  ) );
#798 = FACE_BOUND('',#799,.F.);
#799 = EDGE_LOOP('',(#800));
#800 = ORIENTED_EDGE('',*,*,#801,.T.);
#801 = EDGE_CURVE('',#802,#802,#804,.T.);
#802 = VERTEX_POINT('',#803);
#803 = CARTESIAN_POINT('',(76.5,2.4,0.));
#804 = SURFACE_CURVE('',#805,(#813,#824),.PCURVE_S1.);
#805 = ( BOUNDED_CURVE() B_SPLINE_CURVE(2,(#806,#807,#808,#809,#810,#811
,#812),.UNSPECIFIED.,.T.,.F.) B_SPLINE_CURVE_WITH_KNOTS((1,2,2,2,2,1),(
    -2.094395102393,0.,2.094395102393,4.188790204786,6.28318530718,
8.377580409573),.UNSPECIFIED.) CURVE() GEOMETRIC_REPRESENTATION_ITEM() 
RATIONAL_B_SPLINE_CURVE((1.,0.5,1.,0.5,1.,0.5,1.)) REPRESENTATION_ITEM(
  '') );
#806 = CARTESIAN_POINT('',(76.5,2.4,0.));
#807 = CARTESIAN_POINT('',(73.72871870789,2.4,0.));
#808 = CARTESIAN_POINT('',(75.114359353945,4.8,0.));
#809 = CARTESIAN_POINT('',(76.5,7.2,0.));
#810 = CARTESIAN_POINT('',(77.885640646055,4.8,0.));
#811 = CARTESIAN_POINT('',(79.27128129211,2.4,0.));
#812 = CARTESIAN_POINT('',(76.5,2.4,0.));
#813 = PCURVE('',#115,#814);
#814 = DEFINITIONAL_REPRESENTATION('',(#815),#823);
#815 = ( BOUNDED_CURVE() B_SPLINE_CURVE(2,(#816,#817,#818,#819,#820,#821
,#822),.UNSPECIFIED.,.T.,.F.) B_SPLINE_CURVE_WITH_KNOTS((3,2,2,3),(0.,
    2.094395102393,4.188790204786,6.28318530718),
.PIECEWISE_BEZIER_KNOTS.) CURVE() GEOMETRIC_REPRESENTATION_ITEM() 
RATIONAL_B_SPLINE_CURVE((1.,0.5,1.,0.5,1.,0.5,1.)) REPRESENTATION_ITEM(
  '') );
#816 = CARTESIAN_POINT('',(76.5,2.4));
#817 = CARTESIAN_POINT('',(73.72871870789,2.4));
#818 = CARTESIAN_POINT('',(75.114359353945,4.8));
#819 = CARTESIAN_POINT('',(76.5,7.2));
#820 = CARTESIAN_POINT('',(77.885640646055,4.8));
#821 = CARTESIAN_POINT('',(79.27128129211,2.4));
#822 = CARTESIAN_POINT('',(76.5,2.4));
#823 = ( GEOMETRIC_REPRESENTATION_CONTEXT(2) 
PARAMETRIC_REPRESENTATION_CONTEXT() REPRESENTATION_CONTEXT('2D SPACE',''
  ) );
#824 = PCURVE('',#825,#840);
#825 = ( BOUNDED_SURFACE() B_SPLINE_SURFACE(2,1,(
    (#826,#827)
    ,(#828,#829)
    ,(#830,#831)
    ,(#832,#833)
    ,(#834,#835)
    ,(#836,#837)
,(#838,#839
    )),.UNSPECIFIED.,.T.,.F.,.F.) B_SPLINE_SURFACE_WITH_KNOTS((1,2,2,2,2
    ,1),(2,2),(-2.094395102393,0.,2.094395102393,4.188790204786,
    6.28318530718,8.377580409573),(-1.521,-8.1E-02),.UNSPECIFIED.) 
GEOMETRIC_REPRESENTATION_ITEM() RATIONAL_B_SPLINE_SURFACE((
    (1.,1.)
    ,(0.5,0.5)
    ,(1.,1.)
    ,(0.5,0.5)
    ,(1.,1.)
    ,(0.5,0.5)
,(1.,1.))) REPRESENTATION_ITEM('') SURFACE() );
#826 = CARTESIAN_POINT('',(76.5,2.4,1.6));
#827 = CARTESIAN_POINT('',(76.5,2.4,0.));
#828 = CARTESIAN_POINT('',(73.72871870789,2.4,1.6));
#829 = CARTESIAN_POINT('',(73.72871870789,2.4,0.));
#830 = CARTESIAN_POINT('',(75.114359353945,4.8,1.6));
#831 = CARTESIAN_POINT('',(75.114359353945,4.8,0.));
#832 = CARTESIAN_POINT('',(76.5,7.2,1.6));
#833 = CARTESIAN_POINT('',(76.5,7.2,0.));
#834 = CARTESIAN_POINT('',(77.885640646055,4.8,1.6));
#835 = CARTESIAN_POINT('',(77.885640646055,4.8,0.));
#836 = CARTESIAN_POINT('',(79.27128129211,2.4,1.6));
#837 = CARTESIAN_POINT('',(79.27128129211,2.4,0.));
#838 = CARTESIAN_POINT('',(76.5,2.4,1.6));
#839 = CARTESIAN_POINT('',(76.5,2.4,0.));
#840 = DEFINITIONAL_REPRESENTATION('',(#841),#849);
#841 = B_SPLINE_CURVE_WITH_KNOTS('',2,(#842,#843,#844,#845,#846,#847,
    #848),.UNSPECIFIED.,.F.,.F.,(3,2,2,3),(0.,2.094395102393,
    4.188790204786,6.28318530718),.PIECEWISE_BEZIER_KNOTS.);
#842 = CARTESIAN_POINT('',(0.,-8.1E-02));
#843 = CARTESIAN_POINT('',(1.047197551197,-8.1E-02));
#844 = CARTESIAN_POINT('',(2.094395102393,-8.1E-02));
#845 = CARTESIAN_POINT('',(3.14159265359,-8.1E-02));
#846 = CARTESIAN_POINT('',(4.188790204786,-8.1E-02));
#847 = CARTESIAN_POINT('',(5.235987755983,-8.1E-02));
#848 = CARTESIAN_POINT('',(6.28318530718,-8.1E-02));
#849 = ( GEOMETRIC_REPRESENTATION_CONTEXT(2) 
PARAMETRIC_REPRESENTATION_CONTEXT() REPRESENTATION_CONTEXT('2D SPACE',''
  ) );
#850 = FACE_BOUND('',#851,.F.);
#851 = EDGE_LOOP('',(#852));
#852 = ORIENTED_EDGE('',*,*,#853,.T.);
#853 = EDGE_CURVE('',#854,#854,#856,.T.);
#854 = VERTEX_POINT('',#855);
#855 = CARTESIAN_POINT('',(65.07,9.14,0.));
#856 = SURFACE_CURVE('',#857,(#865,#876),.PCURVE_S1.);
#857 = ( BOUNDED_CURVE() B_SPLINE_CURVE(2,(#858,#859,#860,#861,#862,#863
,#864),.UNSPECIFIED.,.T.,.F.) B_SPLINE_CURVE_WITH_KNOTS((1,2,2,2,2,1),(
    -2.094395102393,0.,2.094395102393,4.188790204786,6.28318530718,
8.377580409573),.UNSPECIFIED.) CURVE() GEOMETRIC_REPRESENTATION_ITEM() 
RATIONAL_B_SPLINE_CURVE((1.,0.5,1.,0.5,1.,0.5,1.)) REPRESENTATION_ITEM(
  '') );
#858 = CARTESIAN_POINT('',(65.07,9.14,0.));
#859 = CARTESIAN_POINT('',(63.078141571296,9.14,0.));
#860 = CARTESIAN_POINT('',(64.074070785648,10.865,0.));
#861 = CARTESIAN_POINT('',(65.07,12.59,0.));
#862 = CARTESIAN_POINT('',(66.065929214352,10.865,0.));
#863 = CARTESIAN_POINT('',(67.061858428704,9.14,0.));
#864 = CARTESIAN_POINT('',(65.07,9.14,0.));
#865 = PCURVE('',#115,#866);
#866 = DEFINITIONAL_REPRESENTATION('',(#867),#875);
#867 = ( BOUNDED_CURVE() B_SPLINE_CURVE(2,(#868,#869,#870,#871,#872,#873
,#874),.UNSPECIFIED.,.T.,.F.) B_SPLINE_CURVE_WITH_KNOTS((3,2,2,3),(0.,
    2.094395102393,4.188790204786,6.28318530718),
.PIECEWISE_BEZIER_KNOTS.) CURVE() GEOMETRIC_REPRESENTATION_ITEM() 
RATIONAL_B_SPLINE_CURVE((1.,0.5,1.,0.5,1.,0.5,1.)) REPRESENTATION_ITEM(
  '') );
#868 = CARTESIAN_POINT('',(65.07,9.14));
#869 = CARTESIAN_POINT('',(63.078141571296,9.14));
#870 = CARTESIAN_POINT('',(64.074070785648,10.865));
#871 = CARTESIAN_POINT('',(65.07,12.59));
#872 = CARTESIAN_POINT('',(66.065929214352,10.865));
#873 = CARTESIAN_POINT('',(67.061858428704,9.14));
#874 = CARTESIAN_POINT('',(65.07,9.14));
#875 = ( GEOMETRIC_REPRESENTATION_CONTEXT(2) 
PARAMETRIC_REPRESENTATION_CONTEXT() REPRESENTATION_CONTEXT('2D SPACE',''
  ) );
#876 = PCURVE('',#877,#892);
#877 = ( BOUNDED_SURFACE() B_SPLINE_SURFACE(2,1,(
    (#878,#879)
    ,(#880,#881)
    ,(#882,#883)
    ,(#884,#885)
    ,(#886,#887)
    ,(#888,#889)
,(#890,#891
    )),.UNSPECIFIED.,.T.,.F.,.F.) B_SPLINE_SURFACE_WITH_KNOTS((1,2,2,2,2
    ,1),(2,2),(-2.094395102393,0.,2.094395102393,4.188790204786,
    6.28318530718,8.377580409573),(-1.521,-8.1E-02),.UNSPECIFIED.) 
GEOMETRIC_REPRESENTATION_ITEM() RATIONAL_B_SPLINE_SURFACE((
    (1.,1.)
    ,(0.5,0.5)
    ,(1.,1.)
    ,(0.5,0.5)
    ,(1.,1.)
    ,(0.5,0.5)
,(1.,1.))) REPRESENTATION_ITEM('') SURFACE() );
#878 = CARTESIAN_POINT('',(65.07,9.14,1.6));
#879 = CARTESIAN_POINT('',(65.07,9.14,0.));
#880 = CARTESIAN_POINT('',(63.078141571296,9.14,1.6));
#881 = CARTESIAN_POINT('',(63.078141571296,9.14,0.));
#882 = CARTESIAN_POINT('',(64.074070785648,10.865,1.6));
#883 = CARTESIAN_POINT('',(64.074070785648,10.865,0.));
#884 = CARTESIAN_POINT('',(65.07,12.59,1.6));
#885 = CARTESIAN_POINT('',(65.07,12.59,0.));
#886 = CARTESIAN_POINT('',(66.065929214352,10.865,1.6));
#887 = CARTESIAN_POINT('',(66.065929214352,10.865,0.));
#888 = CARTESIAN_POINT('',(67.061858428704,9.14,1.6));
#889 = CARTESIAN_POINT('',(67.061858428704,9.14,0.));
#890 = CARTESIAN_POINT('',(65.07,9.14,1.6));
#891 = CARTESIAN_POINT('',(65.07,9.14,0.));
#892 = DEFINITIONAL_REPRESENTATION('',(#893),#901);
#893 = B_SPLINE_CURVE_WITH_KNOTS('',2,(#894,#895,#896,#897,#898,#899,
    #900),.UNSPECIFIED.,.F.,.F.,(3,2,2,3),(0.,2.094395102393,
    4.188790204786,6.28318530718),.PIECEWISE_BEZIER_KNOTS.);
#894 = CARTESIAN_POINT('',(0.,-8.1E-02));
#895 = CARTESIAN_POINT('',(1.047197551197,-8.1E-02));
#896 = CARTESIAN_POINT('',(2.094395102393,-8.1E-02));
#897 = CARTESIAN_POINT('',(3.14159265359,-8.1E-02));
#898 = CARTESIAN_POINT('',(4.188790204786,-8.1E-02));
#899 = CARTESIAN_POINT('',(5.235987755983,-8.1E-02));
#900 = CARTESIAN_POINT('',(6.28318530718,-8.1E-02));
#901 = ( GEOMETRIC_REPRESENTATION_CONTEXT(2) 
PARAMETRIC_REPRESENTATION_CONTEXT() REPRESENTATION_CONTEXT('2D SPACE',''
  ) );
#902 = FACE_BOUND('',#903,.F.);
#903 = EDGE_LOOP('',(#904));
#904 = ORIENTED_EDGE('',*,*,#905,.T.);
#905 = EDGE_CURVE('',#906,#906,#908,.T.);
#906 = VERTEX_POINT('',#907);
#907 = CARTESIAN_POINT('',(59.5,12.54,0.));
#908 = SURFACE_CURVE('',#909,(#917,#928),.PCURVE_S1.);
#909 = ( BOUNDED_CURVE() B_SPLINE_CURVE(2,(#910,#911,#912,#913,#914,#915
,#916),.UNSPECIFIED.,.T.,.F.) B_SPLINE_CURVE_WITH_KNOTS((1,2,2,2,2,1),(
    -2.094395102393,0.,2.094395102393,4.188790204786,6.28318530718,
8.377580409573),.UNSPECIFIED.) CURVE() GEOMETRIC_REPRESENTATION_ITEM() 
RATIONAL_B_SPLINE_CURVE((1.,0.5,1.,0.5,1.,0.5,1.)) REPRESENTATION_ITEM(
  '') );
#910 = CARTESIAN_POINT('',(59.5,12.54,0.));
#911 = CARTESIAN_POINT('',(58.703256628518,12.54,0.));
#912 = CARTESIAN_POINT('',(59.101628314259,13.23,0.));
#913 = CARTESIAN_POINT('',(59.5,13.92,0.));
#914 = CARTESIAN_POINT('',(59.898371685741,13.23,0.));
#915 = CARTESIAN_POINT('',(60.296743371482,12.54,0.));
#916 = CARTESIAN_POINT('',(59.5,12.54,0.));
#917 = PCURVE('',#115,#918);
#918 = DEFINITIONAL_REPRESENTATION('',(#919),#927);
#919 = ( BOUNDED_CURVE() B_SPLINE_CURVE(2,(#920,#921,#922,#923,#924,#925
,#926),.UNSPECIFIED.,.T.,.F.) B_SPLINE_CURVE_WITH_KNOTS((3,2,2,3),(0.,
    2.094395102393,4.188790204786,6.28318530718),
.PIECEWISE_BEZIER_KNOTS.) CURVE() GEOMETRIC_REPRESENTATION_ITEM() 
RATIONAL_B_SPLINE_CURVE((1.,0.5,1.,0.5,1.,0.5,1.)) REPRESENTATION_ITEM(
  '') );
#920 = CARTESIAN_POINT('',(59.5,12.54));
#921 = CARTESIAN_POINT('',(58.703256628518,12.54));
#922 = CARTESIAN_POINT('',(59.101628314259,13.23));
#923 = CARTESIAN_POINT('',(59.5,13.92));
#924 = CARTESIAN_POINT('',(59.898371685741,13.23));
#925 = CARTESIAN_POINT('',(60.296743371482,12.54));
#926 = CARTESIAN_POINT('',(59.5,12.54));
#927 = ( GEOMETRIC_REPRESENTATION_CONTEXT(2) 
PARAMETRIC_REPRESENTATION_CONTEXT() REPRESENTATION_CONTEXT('2D SPACE',''
  ) );
#928 = PCURVE('',#929,#944);
#929 = ( BOUNDED_SURFACE() B_SPLINE_SURFACE(2,1,(
    (#930,#931)
    ,(#932,#933)
    ,(#934,#935)
    ,(#936,#937)
    ,(#938,#939)
    ,(#940,#941)
,(#942,#943
    )),.UNSPECIFIED.,.T.,.F.,.F.) B_SPLINE_SURFACE_WITH_KNOTS((1,2,2,2,2
    ,1),(2,2),(-2.094395102393,0.,2.094395102393,4.188790204786,
    6.28318530718,8.377580409573),(-1.521,-8.1E-02),.UNSPECIFIED.) 
GEOMETRIC_REPRESENTATION_ITEM() RATIONAL_B_SPLINE_SURFACE((
    (1.,1.)
    ,(0.5,0.5)
    ,(1.,1.)
    ,(0.5,0.5)
    ,(1.,1.)
    ,(0.5,0.5)
,(1.,1.))) REPRESENTATION_ITEM('') SURFACE() );
#930 = CARTESIAN_POINT('',(59.5,12.54,1.6));
#931 = CARTESIAN_POINT('',(59.5,12.54,0.));
#932 = CARTESIAN_POINT('',(58.703256628518,12.54,1.6));
#933 = CARTESIAN_POINT('',(58.703256628518,12.54,0.));
#934 = CARTESIAN_POINT('',(59.101628314259,13.23,1.6));
#935 = CARTESIAN_POINT('',(59.101628314259,13.23,0.));
#936 = CARTESIAN_POINT('',(59.5,13.92,1.6));
#937 = CARTESIAN_POINT('',(59.5,13.92,0.));
#938 = CARTESIAN_POINT('',(59.898371685741,13.23,1.6));
#939 = CARTESIAN_POINT('',(59.898371685741,13.23,0.));
#940 = CARTESIAN_POINT('',(60.296743371482,12.54,1.6));
#941 = CARTESIAN_POINT('',(60.296743371482,12.54,0.));
#942 = CARTESIAN_POINT('',(59.5,12.54,1.6));
#943 = CARTESIAN_POINT('',(59.5,12.54,0.));
#944 = DEFINITIONAL_REPRESENTATION('',(#945),#953);
#945 = B_SPLINE_CURVE_WITH_KNOTS('',2,(#946,#947,#948,#949,#950,#951,
    #952),.UNSPECIFIED.,.F.,.F.,(3,2,2,3),(0.,2.094395102393,
    4.188790204786,6.28318530718),.PIECEWISE_BEZIER_KNOTS.);
#946 = CARTESIAN_POINT('',(0.,-8.1E-02));
#947 = CARTESIAN_POINT('',(1.047197551197,-8.1E-02));
#948 = CARTESIAN_POINT('',(2.094395102393,-8.1E-02));
#949 = CARTESIAN_POINT('',(3.14159265359,-8.1E-02));
#950 = CARTESIAN_POINT('',(4.188790204786,-8.1E-02));
#951 = CARTESIAN_POINT('',(5.235987755983,-8.1E-02));
#952 = CARTESIAN_POINT('',(6.28318530718,-8.1E-02));
#953 = ( GEOMETRIC_REPRESENTATION_CONTEXT(2) 
PARAMETRIC_REPRESENTATION_CONTEXT() REPRESENTATION_CONTEXT('2D SPACE',''
  ) );
#954 = FACE_BOUND('',#955,.F.);
#955 = EDGE_LOOP('',(#956));
#956 = ORIENTED_EDGE('',*,*,#957,.T.);
#957 = EDGE_CURVE('',#958,#958,#960,.T.);
#958 = VERTEX_POINT('',#959);
#959 = CARTESIAN_POINT('',(62.,12.54,0.));
#960 = SURFACE_CURVE('',#961,(#969,#980),.PCURVE_S1.);
#961 = ( BOUNDED_CURVE() B_SPLINE_CURVE(2,(#962,#963,#964,#965,#966,#967
,#968),.UNSPECIFIED.,.T.,.F.) B_SPLINE_CURVE_WITH_KNOTS((1,2,2,2,2,1),(
    -2.094395102393,0.,2.094395102393,4.188790204786,6.28318530718,
8.377580409573),.UNSPECIFIED.) CURVE() GEOMETRIC_REPRESENTATION_ITEM() 
RATIONAL_B_SPLINE_CURVE((1.,0.5,1.,0.5,1.,0.5,1.)) REPRESENTATION_ITEM(
  '') );
#962 = CARTESIAN_POINT('',(62.,12.54,0.));
#963 = CARTESIAN_POINT('',(61.203256628518,12.54,0.));
#964 = CARTESIAN_POINT('',(61.601628314259,13.23,0.));
#965 = CARTESIAN_POINT('',(62.,13.92,0.));
#966 = CARTESIAN_POINT('',(62.398371685741,13.23,0.));
#967 = CARTESIAN_POINT('',(62.796743371482,12.54,0.));
#968 = CARTESIAN_POINT('',(62.,12.54,0.));
#969 = PCURVE('',#115,#970);
#970 = DEFINITIONAL_REPRESENTATION('',(#971),#979);
#971 = ( BOUNDED_CURVE() B_SPLINE_CURVE(2,(#972,#973,#974,#975,#976,#977
,#978),.UNSPECIFIED.,.T.,.F.) B_SPLINE_CURVE_WITH_KNOTS((3,2,2,3),(0.,
    2.094395102393,4.188790204786,6.28318530718),
.PIECEWISE_BEZIER_KNOTS.) CURVE() GEOMETRIC_REPRESENTATION_ITEM() 
RATIONAL_B_SPLINE_CURVE((1.,0.5,1.,0.5,1.,0.5,1.)) REPRESENTATION_ITEM(
  '') );
#972 = CARTESIAN_POINT('',(62.,12.54));
#973 = CARTESIAN_POINT('',(61.203256628518,12.54));
#974 = CARTESIAN_POINT('',(61.601628314259,13.23));
#975 = CARTESIAN_POINT('',(62.,13.92));
#976 = CARTESIAN_POINT('',(62.398371685741,13.23));
#977 = CARTESIAN_POINT('',(62.796743371482,12.54));
#978 = CARTESIAN_POINT('',(62.,12.54));
#979 = ( GEOMETRIC_REPRESENTATION_CONTEXT(2) 
PARAMETRIC_REPRESENTATION_CONTEXT() REPRESENTATION_CONTEXT('2D SPACE',''
  ) );
#980 = PCURVE('',#981,#996);
#981 = ( BOUNDED_SURFACE() B_SPLINE_SURFACE(2,1,(
    (#982,#983)
    ,(#984,#985)
    ,(#986,#987)
    ,(#988,#989)
    ,(#990,#991)
    ,(#992,#993)
,(#994,#995
    )),.UNSPECIFIED.,.T.,.F.,.F.) B_SPLINE_SURFACE_WITH_KNOTS((1,2,2,2,2
    ,1),(2,2),(-2.094395102393,0.,2.094395102393,4.188790204786,
    6.28318530718,8.377580409573),(-1.521,-8.1E-02),.UNSPECIFIED.) 
GEOMETRIC_REPRESENTATION_ITEM() RATIONAL_B_SPLINE_SURFACE((
    (1.,1.)
    ,(0.5,0.5)
    ,(1.,1.)
    ,(0.5,0.5)
    ,(1.,1.)
    ,(0.5,0.5)
,(1.,1.))) REPRESENTATION_ITEM('') SURFACE() );
#982 = CARTESIAN_POINT('',(62.,12.54,1.6));
#983 = CARTESIAN_POINT('',(62.,12.54,0.));
#984 = CARTESIAN_POINT('',(61.203256628518,12.54,1.6));
#985 = CARTESIAN_POINT('',(61.203256628518,12.54,0.));
#986 = CARTESIAN_POINT('',(61.601628314259,13.23,1.6));
#987 = CARTESIAN_POINT('',(61.601628314259,13.23,0.));
#988 = CARTESIAN_POINT('',(62.,13.92,1.6));
#989 = CARTESIAN_POINT('',(62.,13.92,0.));
#990 = CARTESIAN_POINT('',(62.398371685741,13.23,1.6));
#991 = CARTESIAN_POINT('',(62.398371685741,13.23,0.));
#992 = CARTESIAN_POINT('',(62.796743371482,12.54,1.6));
#993 = CARTESIAN_POINT('',(62.796743371482,12.54,0.));
#994 = CARTESIAN_POINT('',(62.,12.54,1.6));
#995 = CARTESIAN_POINT('',(62.,12.54,0.));
#996 = DEFINITIONAL_REPRESENTATION('',(#997),#1005);
#997 = B_SPLINE_CURVE_WITH_KNOTS('',2,(#998,#999,#1000,#1001,#1002,#1003
    ,#1004),.UNSPECIFIED.,.F.,.F.,(3,2,2,3),(0.,2.094395102393,
    4.188790204786,6.28318530718),.PIECEWISE_BEZIER_KNOTS.);
#998 = CARTESIAN_POINT('',(0.,-8.1E-02));
#999 = CARTESIAN_POINT('',(1.047197551197,-8.1E-02));
#1000 = CARTESIAN_POINT('',(2.094395102393,-8.1E-02));
#1001 = CARTESIAN_POINT('',(3.14159265359,-8.1E-02));
#1002 = CARTESIAN_POINT('',(4.188790204786,-8.1E-02));
#1003 = CARTESIAN_POINT('',(5.235987755983,-8.1E-02));
#1004 = CARTESIAN_POINT('',(6.28318530718,-8.1E-02));
#1005 = ( GEOMETRIC_REPRESENTATION_CONTEXT(2) 
PARAMETRIC_REPRESENTATION_CONTEXT() REPRESENTATION_CONTEXT('2D SPACE',''
  ) );
#1006 = FACE_BOUND('',#1007,.F.);
#1007 = EDGE_LOOP('',(#1008));
#1008 = ORIENTED_EDGE('',*,*,#1009,.T.);
#1009 = EDGE_CURVE('',#1010,#1010,#1012,.T.);
#1010 = VERTEX_POINT('',#1011);
#1011 = CARTESIAN_POINT('',(10.,41.15,0.));
#1012 = SURFACE_CURVE('',#1013,(#1021,#1032),.PCURVE_S1.);
#1013 = ( BOUNDED_CURVE() B_SPLINE_CURVE(2,(#1014,#1015,#1016,#1017,
#1018,#1019,#1020),.UNSPECIFIED.,.T.,.F.) B_SPLINE_CURVE_WITH_KNOTS((1,2
    ,2,2,2,1),(-2.094395102393,0.,2.094395102393,4.188790204786,
6.28318530718,8.377580409573),.UNSPECIFIED.) CURVE() 
GEOMETRIC_REPRESENTATION_ITEM() RATIONAL_B_SPLINE_CURVE((1.,0.5,1.,0.5,
1.,0.5,1.)) REPRESENTATION_ITEM('') );
#1014 = CARTESIAN_POINT('',(10.,41.15,0.));
#1015 = CARTESIAN_POINT('',(8.527756813566,41.15,0.));
#1016 = CARTESIAN_POINT('',(9.263878406783,42.425,0.));
#1017 = CARTESIAN_POINT('',(10.,43.7,0.));
#1018 = CARTESIAN_POINT('',(10.736121593217,42.425,0.));
#1019 = CARTESIAN_POINT('',(11.472243186434,41.15,0.));
#1020 = CARTESIAN_POINT('',(10.,41.15,0.));
#1021 = PCURVE('',#115,#1022);
#1022 = DEFINITIONAL_REPRESENTATION('',(#1023),#1031);
#1023 = ( BOUNDED_CURVE() B_SPLINE_CURVE(2,(#1024,#1025,#1026,#1027,
#1028,#1029,#1030),.UNSPECIFIED.,.T.,.F.) B_SPLINE_CURVE_WITH_KNOTS((3,2
    ,2,3),(0.,2.094395102393,4.188790204786,6.28318530718),
.PIECEWISE_BEZIER_KNOTS.) CURVE() GEOMETRIC_REPRESENTATION_ITEM() 
RATIONAL_B_SPLINE_CURVE((1.,0.5,1.,0.5,1.,0.5,1.)) REPRESENTATION_ITEM(
  '') );
#1024 = CARTESIAN_POINT('',(10.,41.15));
#1025 = CARTESIAN_POINT('',(8.527756813566,41.15));
#1026 = CARTESIAN_POINT('',(9.263878406783,42.425));
#1027 = CARTESIAN_POINT('',(10.,43.7));
#1028 = CARTESIAN_POINT('',(10.736121593217,42.425));
#1029 = CARTESIAN_POINT('',(11.472243186434,41.15));
#1030 = CARTESIAN_POINT('',(10.,41.15));
#1031 = ( GEOMETRIC_REPRESENTATION_CONTEXT(2) 
PARAMETRIC_REPRESENTATION_CONTEXT() REPRESENTATION_CONTEXT('2D SPACE',''
  ) );
#1032 = PCURVE('',#1033,#1048);
#1033 = ( BOUNDED_SURFACE() B_SPLINE_SURFACE(2,1,(
    (#1034,#1035)
    ,(#1036,#1037)
    ,(#1038,#1039)
    ,(#1040,#1041)
    ,(#1042,#1043)
    ,(#1044,#1045)
    ,(#1046,#1047
)),.UNSPECIFIED.,.T.,.F.,.F.) B_SPLINE_SURFACE_WITH_KNOTS((1,2,2,2,2,1),
  (2,2),(-2.094395102393,0.,2.094395102393,4.188790204786,6.28318530718,
    8.377580409573),(-1.521,-8.1E-02),.UNSPECIFIED.) 
GEOMETRIC_REPRESENTATION_ITEM() RATIONAL_B_SPLINE_SURFACE((
    (1.,1.)
    ,(0.5,0.5)
    ,(1.,1.)
    ,(0.5,0.5)
    ,(1.,1.)
    ,(0.5,0.5)
,(1.,1.))) REPRESENTATION_ITEM('') SURFACE() );
#1034 = CARTESIAN_POINT('',(10.,41.15,1.6));
#1035 = CARTESIAN_POINT('',(10.,41.15,0.));
#1036 = CARTESIAN_POINT('',(8.527756813566,41.15,1.6));
#1037 = CARTESIAN_POINT('',(8.527756813566,41.15,0.));
#1038 = CARTESIAN_POINT('',(9.263878406783,42.425,1.6));
#1039 = CARTESIAN_POINT('',(9.263878406783,42.425,0.));
#1040 = CARTESIAN_POINT('',(10.,43.7,1.6));
#1041 = CARTESIAN_POINT('',(10.,43.7,0.));
#1042 = CARTESIAN_POINT('',(10.736121593217,42.425,1.6));
#1043 = CARTESIAN_POINT('',(10.736121593217,42.425,0.));
#1044 = CARTESIAN_POINT('',(11.472243186434,41.15,1.6));
#1045 = CARTESIAN_POINT('',(11.472243186434,41.15,0.));
#1046 = CARTESIAN_POINT('',(10.,41.15,1.6));
#1047 = CARTESIAN_POINT('',(10.,41.15,0.));
#1048 = DEFINITIONAL_REPRESENTATION('',(#1049),#1057);
#1049 = B_SPLINE_CURVE_WITH_KNOTS('',2,(#1050,#1051,#1052,#1053,#1054,
    #1055,#1056),.UNSPECIFIED.,.F.,.F.,(3,2,2,3),(0.,2.094395102393,
    4.188790204786,6.28318530718),.PIECEWISE_BEZIER_KNOTS.);
#1050 = CARTESIAN_POINT('',(0.,-8.1E-02));
#1051 = CARTESIAN_POINT('',(1.047197551197,-8.1E-02));
#1052 = CARTESIAN_POINT('',(2.094395102393,-8.1E-02));
#1053 = CARTESIAN_POINT('',(3.14159265359,-8.1E-02));
#1054 = CARTESIAN_POINT('',(4.188790204786,-8.1E-02));
#1055 = CARTESIAN_POINT('',(5.235987755983,-8.1E-02));
#1056 = CARTESIAN_POINT('',(6.28318530718,-8.1E-02));
#1057 = ( GEOMETRIC_REPRESENTATION_CONTEXT(2) 
PARAMETRIC_REPRESENTATION_CONTEXT() REPRESENTATION_CONTEXT('2D SPACE',''
  ) );
#1058 = FACE_BOUND('',#1059,.F.);
#1059 = EDGE_LOOP('',(#1060));
#1060 = ORIENTED_EDGE('',*,*,#1061,.T.);
#1061 = EDGE_CURVE('',#1062,#1062,#1064,.T.);
#1062 = VERTEX_POINT('',#1063);
#1063 = CARTESIAN_POINT('',(3.5,44.4,0.));
#1064 = SURFACE_CURVE('',#1065,(#1073,#1084),.PCURVE_S1.);
#1065 = ( BOUNDED_CURVE() B_SPLINE_CURVE(2,(#1066,#1067,#1068,#1069,
#1070,#1071,#1072),.UNSPECIFIED.,.T.,.F.) B_SPLINE_CURVE_WITH_KNOTS((1,2
    ,2,2,2,1),(-2.094395102393,0.,2.094395102393,4.188790204786,
6.28318530718,8.377580409573),.UNSPECIFIED.) CURVE() 
GEOMETRIC_REPRESENTATION_ITEM() RATIONAL_B_SPLINE_CURVE((1.,0.5,1.,0.5,
1.,0.5,1.)) REPRESENTATION_ITEM('') );
#1066 = CARTESIAN_POINT('',(3.5,44.4,0.));
#1067 = CARTESIAN_POINT('',(0.72871870789,44.4,0.));
#1068 = CARTESIAN_POINT('',(2.114359353945,46.8,0.));
#1069 = CARTESIAN_POINT('',(3.5,49.2,0.));
#1070 = CARTESIAN_POINT('',(4.885640646055,46.8,0.));
#1071 = CARTESIAN_POINT('',(6.27128129211,44.4,0.));
#1072 = CARTESIAN_POINT('',(3.5,44.4,0.));
#1073 = PCURVE('',#115,#1074);
#1074 = DEFINITIONAL_REPRESENTATION('',(#1075),#1083);
#1075 = ( BOUNDED_CURVE() B_SPLINE_CURVE(2,(#1076,#1077,#1078,#1079,
#1080,#1081,#1082),.UNSPECIFIED.,.T.,.F.) B_SPLINE_CURVE_WITH_KNOTS((3,2
    ,2,3),(0.,2.094395102393,4.188790204786,6.28318530718),
.PIECEWISE_BEZIER_KNOTS.) CURVE() GEOMETRIC_REPRESENTATION_ITEM() 
RATIONAL_B_SPLINE_CURVE((1.,0.5,1.,0.5,1.,0.5,1.)) REPRESENTATION_ITEM(
  '') );
#1076 = CARTESIAN_POINT('',(3.5,44.4));
#1077 = CARTESIAN_POINT('',(0.72871870789,44.4));
#1078 = CARTESIAN_POINT('',(2.114359353945,46.8));
#1079 = CARTESIAN_POINT('',(3.5,49.2));
#1080 = CARTESIAN_POINT('',(4.885640646055,46.8));
#1081 = CARTESIAN_POINT('',(6.27128129211,44.4));
#1082 = CARTESIAN_POINT('',(3.5,44.4));
#1083 = ( GEOMETRIC_REPRESENTATION_CONTEXT(2) 
PARAMETRIC_REPRESENTATION_CONTEXT() REPRESENTATION_CONTEXT('2D SPACE',''
  ) );
#1084 = PCURVE('',#1085,#1100);
#1085 = ( BOUNDED_SURFACE() B_SPLINE_SURFACE(2,1,(
    (#1086,#1087)
    ,(#1088,#1089)
    ,(#1090,#1091)
    ,(#1092,#1093)
    ,(#1094,#1095)
    ,(#1096,#1097)
    ,(#1098,#1099
)),.UNSPECIFIED.,.T.,.F.,.F.) B_SPLINE_SURFACE_WITH_KNOTS((1,2,2,2,2,1),
  (2,2),(-2.094395102393,0.,2.094395102393,4.188790204786,6.28318530718,
    8.377580409573),(-1.521,-8.1E-02),.UNSPECIFIED.) 
GEOMETRIC_REPRESENTATION_ITEM() RATIONAL_B_SPLINE_SURFACE((
    (1.,1.)
    ,(0.5,0.5)
    ,(1.,1.)
    ,(0.5,0.5)
    ,(1.,1.)
    ,(0.5,0.5)
,(1.,1.))) REPRESENTATION_ITEM('') SURFACE() );
#1086 = CARTESIAN_POINT('',(3.5,44.4,1.6));
#1087 = CARTESIAN_POINT('',(3.5,44.4,0.));
#1088 = CARTESIAN_POINT('',(0.72871870789,44.4,1.6));
#1089 = CARTESIAN_POINT('',(0.72871870789,44.4,0.));
#1090 = CARTESIAN_POINT('',(2.114359353945,46.8,1.6));
#1091 = CARTESIAN_POINT('',(2.114359353945,46.8,0.));
#1092 = CARTESIAN_POINT('',(3.5,49.2,1.6));
#1093 = CARTESIAN_POINT('',(3.5,49.2,0.));
#1094 = CARTESIAN_POINT('',(4.885640646055,46.8,1.6));
#1095 = CARTESIAN_POINT('',(4.885640646055,46.8,0.));
#1096 = CARTESIAN_POINT('',(6.27128129211,44.4,1.6));
#1097 = CARTESIAN_POINT('',(6.27128129211,44.4,0.));
#1098 = CARTESIAN_POINT('',(3.5,44.4,1.6));
#1099 = CARTESIAN_POINT('',(3.5,44.4,0.));
#1100 = DEFINITIONAL_REPRESENTATION('',(#1101),#1109);
#1101 = B_SPLINE_CURVE_WITH_KNOTS('',2,(#1102,#1103,#1104,#1105,#1106,
    #1107,#1108),.UNSPECIFIED.,.F.,.F.,(3,2,2,3),(0.,2.094395102393,
    4.188790204786,6.28318530718),.PIECEWISE_BEZIER_KNOTS.);
#1102 = CARTESIAN_POINT('',(0.,-8.1E-02));
#1103 = CARTESIAN_POINT('',(1.047197551197,-8.1E-02));
#1104 = CARTESIAN_POINT('',(2.094395102393,-8.1E-02));
#1105 = CARTESIAN_POINT('',(3.14159265359,-8.1E-02));
#1106 = CARTESIAN_POINT('',(4.188790204786,-8.1E-02));
#1107 = CARTESIAN_POINT('',(5.235987755983,-8.1E-02));
#1108 = CARTESIAN_POINT('',(6.28318530718,-8.1E-02));
#1109 = ( GEOMETRIC_REPRESENTATION_CONTEXT(2) 
PARAMETRIC_REPRESENTATION_CONTEXT() REPRESENTATION_CONTEXT('2D SPACE',''
  ) );
#1110 = FACE_BOUND('',#1111,.F.);
#1111 = EDGE_LOOP('',(#1112));
#1112 = ORIENTED_EDGE('',*,*,#1113,.T.);
#1113 = EDGE_CURVE('',#1114,#1114,#1116,.T.);
#1114 = VERTEX_POINT('',#1115);
#1115 = CARTESIAN_POINT('',(13.96,41.15,0.));
#1116 = SURFACE_CURVE('',#1117,(#1125,#1136),.PCURVE_S1.);
#1117 = ( BOUNDED_CURVE() B_SPLINE_CURVE(2,(#1118,#1119,#1120,#1121,
#1122,#1123,#1124),.UNSPECIFIED.,.T.,.F.) B_SPLINE_CURVE_WITH_KNOTS((1,2
    ,2,2,2,1),(-2.094395102393,0.,2.094395102393,4.188790204786,
6.28318530718,8.377580409573),.UNSPECIFIED.) CURVE() 
GEOMETRIC_REPRESENTATION_ITEM() RATIONAL_B_SPLINE_CURVE((1.,0.5,1.,0.5,
1.,0.5,1.)) REPRESENTATION_ITEM('') );
#1118 = CARTESIAN_POINT('',(13.96,41.15,0.));
#1119 = CARTESIAN_POINT('',(12.487756813566,41.15,0.));
#1120 = CARTESIAN_POINT('',(13.223878406783,42.425,0.));
#1121 = CARTESIAN_POINT('',(13.96,43.7,0.));
#1122 = CARTESIAN_POINT('',(14.696121593217,42.425,0.));
#1123 = CARTESIAN_POINT('',(15.432243186434,41.15,0.));
#1124 = CARTESIAN_POINT('',(13.96,41.15,0.));
#1125 = PCURVE('',#115,#1126);
#1126 = DEFINITIONAL_REPRESENTATION('',(#1127),#1135);
#1127 = ( BOUNDED_CURVE() B_SPLINE_CURVE(2,(#1128,#1129,#1130,#1131,
#1132,#1133,#1134),.UNSPECIFIED.,.T.,.F.) B_SPLINE_CURVE_WITH_KNOTS((3,2
    ,2,3),(0.,2.094395102393,4.188790204786,6.28318530718),
.PIECEWISE_BEZIER_KNOTS.) CURVE() GEOMETRIC_REPRESENTATION_ITEM() 
RATIONAL_B_SPLINE_CURVE((1.,0.5,1.,0.5,1.,0.5,1.)) REPRESENTATION_ITEM(
  '') );
#1128 = CARTESIAN_POINT('',(13.96,41.15));
#1129 = CARTESIAN_POINT('',(12.487756813566,41.15));
#1130 = CARTESIAN_POINT('',(13.223878406783,42.425));
#1131 = CARTESIAN_POINT('',(13.96,43.7));
#1132 = CARTESIAN_POINT('',(14.696121593217,42.425));
#1133 = CARTESIAN_POINT('',(15.432243186434,41.15));
#1134 = CARTESIAN_POINT('',(13.96,41.15));
#1135 = ( GEOMETRIC_REPRESENTATION_CONTEXT(2) 
PARAMETRIC_REPRESENTATION_CONTEXT() REPRESENTATION_CONTEXT('2D SPACE',''
  ) );
#1136 = PCURVE('',#1137,#1152);
#1137 = ( BOUNDED_SURFACE() B_SPLINE_SURFACE(2,1,(
    (#1138,#1139)
    ,(#1140,#1141)
    ,(#1142,#1143)
    ,(#1144,#1145)
    ,(#1146,#1147)
    ,(#1148,#1149)
    ,(#1150,#1151
)),.UNSPECIFIED.,.T.,.F.,.F.) B_SPLINE_SURFACE_WITH_KNOTS((1,2,2,2,2,1),
  (2,2),(-2.094395102393,0.,2.094395102393,4.188790204786,6.28318530718,
    8.377580409573),(-1.521,-8.1E-02),.UNSPECIFIED.) 
GEOMETRIC_REPRESENTATION_ITEM() RATIONAL_B_SPLINE_SURFACE((
    (1.,1.)
    ,(0.5,0.5)
    ,(1.,1.)
    ,(0.5,0.5)
    ,(1.,1.)
    ,(0.5,0.5)
,(1.,1.))) REPRESENTATION_ITEM('') SURFACE() );
#1138 = CARTESIAN_POINT('',(13.96,41.15,1.6));
#1139 = CARTESIAN_POINT('',(13.96,41.15,0.));
#1140 = CARTESIAN_POINT('',(12.487756813566,41.15,1.6));
#1141 = CARTESIAN_POINT('',(12.487756813566,41.15,0.));
#1142 = CARTESIAN_POINT('',(13.223878406783,42.425,1.6));
#1143 = CARTESIAN_POINT('',(13.223878406783,42.425,0.));
#1144 = CARTESIAN_POINT('',(13.96,43.7,1.6));
#1145 = CARTESIAN_POINT('',(13.96,43.7,0.));
#1146 = CARTESIAN_POINT('',(14.696121593217,42.425,1.6));
#1147 = CARTESIAN_POINT('',(14.696121593217,42.425,0.));
#1148 = CARTESIAN_POINT('',(15.432243186434,41.15,1.6));
#1149 = CARTESIAN_POINT('',(15.432243186434,41.15,0.));
#1150 = CARTESIAN_POINT('',(13.96,41.15,1.6));
#1151 = CARTESIAN_POINT('',(13.96,41.15,0.));
#1152 = DEFINITIONAL_REPRESENTATION('',(#1153),#1161);
#1153 = B_SPLINE_CURVE_WITH_KNOTS('',2,(#1154,#1155,#1156,#1157,#1158,
    #1159,#1160),.UNSPECIFIED.,.F.,.F.,(3,2,2,3),(0.,2.094395102393,
    4.188790204786,6.28318530718),.PIECEWISE_BEZIER_KNOTS.);
#1154 = CARTESIAN_POINT('',(0.,-8.1E-02));
#1155 = CARTESIAN_POINT('',(1.047197551197,-8.1E-02));
#1156 = CARTESIAN_POINT('',(2.094395102393,-8.1E-02));
#1157 = CARTESIAN_POINT('',(3.14159265359,-8.1E-02));
#1158 = CARTESIAN_POINT('',(4.188790204786,-8.1E-02));
#1159 = CARTESIAN_POINT('',(5.235987755983,-8.1E-02));
#1160 = CARTESIAN_POINT('',(6.28318530718,-8.1E-02));
#1161 = ( GEOMETRIC_REPRESENTATION_CONTEXT(2) 
PARAMETRIC_REPRESENTATION_CONTEXT() REPRESENTATION_CONTEXT('2D SPACE',''
  ) );
#1162 = FACE_BOUND('',#1163,.F.);
#1163 = EDGE_LOOP('',(#1164));
#1164 = ORIENTED_EDGE('',*,*,#1165,.T.);
#1165 = EDGE_CURVE('',#1166,#1166,#1168,.T.);
#1166 = VERTEX_POINT('',#1167);
#1167 = CARTESIAN_POINT('',(76.5,44.4,0.));
#1168 = SURFACE_CURVE('',#1169,(#1177,#1188),.PCURVE_S1.);
#1169 = ( BOUNDED_CURVE() B_SPLINE_CURVE(2,(#1170,#1171,#1172,#1173,
#1174,#1175,#1176),.UNSPECIFIED.,.T.,.F.) B_SPLINE_CURVE_WITH_KNOTS((1,2
    ,2,2,2,1),(-2.094395102393,0.,2.094395102393,4.188790204786,
6.28318530718,8.377580409573),.UNSPECIFIED.) CURVE() 
GEOMETRIC_REPRESENTATION_ITEM() RATIONAL_B_SPLINE_CURVE((1.,0.5,1.,0.5,
1.,0.5,1.)) REPRESENTATION_ITEM('') );
#1170 = CARTESIAN_POINT('',(76.5,44.4,0.));
#1171 = CARTESIAN_POINT('',(73.72871870789,44.4,0.));
#1172 = CARTESIAN_POINT('',(75.114359353945,46.8,0.));
#1173 = CARTESIAN_POINT('',(76.5,49.2,0.));
#1174 = CARTESIAN_POINT('',(77.885640646055,46.8,0.));
#1175 = CARTESIAN_POINT('',(79.27128129211,44.4,0.));
#1176 = CARTESIAN_POINT('',(76.5,44.4,0.));
#1177 = PCURVE('',#115,#1178);
#1178 = DEFINITIONAL_REPRESENTATION('',(#1179),#1187);
#1179 = ( BOUNDED_CURVE() B_SPLINE_CURVE(2,(#1180,#1181,#1182,#1183,
#1184,#1185,#1186),.UNSPECIFIED.,.T.,.F.) B_SPLINE_CURVE_WITH_KNOTS((3,2
    ,2,3),(0.,2.094395102393,4.188790204786,6.28318530718),
.PIECEWISE_BEZIER_KNOTS.) CURVE() GEOMETRIC_REPRESENTATION_ITEM() 
RATIONAL_B_SPLINE_CURVE((1.,0.5,1.,0.5,1.,0.5,1.)) REPRESENTATION_ITEM(
  '') );
#1180 = CARTESIAN_POINT('',(76.5,44.4));
#1181 = CARTESIAN_POINT('',(73.72871870789,44.4));
#1182 = CARTESIAN_POINT('',(75.114359353945,46.8));
#1183 = CARTESIAN_POINT('',(76.5,49.2));
#1184 = CARTESIAN_POINT('',(77.885640646055,46.8));
#1185 = CARTESIAN_POINT('',(79.27128129211,44.4));
#1186 = CARTESIAN_POINT('',(76.5,44.4));
#1187 = ( GEOMETRIC_REPRESENTATION_CONTEXT(2) 
PARAMETRIC_REPRESENTATION_CONTEXT() REPRESENTATION_CONTEXT('2D SPACE',''
  ) );
#1188 = PCURVE('',#1189,#1204);
#1189 = ( BOUNDED_SURFACE() B_SPLINE_SURFACE(2,1,(
    (#1190,#1191)
    ,(#1192,#1193)
    ,(#1194,#1195)
    ,(#1196,#1197)
    ,(#1198,#1199)
    ,(#1200,#1201)
    ,(#1202,#1203
)),.UNSPECIFIED.,.T.,.F.,.F.) B_SPLINE_SURFACE_WITH_KNOTS((1,2,2,2,2,1),
  (2,2),(-2.094395102393,0.,2.094395102393,4.188790204786,6.28318530718,
    8.377580409573),(-1.521,-8.1E-02),.UNSPECIFIED.) 
GEOMETRIC_REPRESENTATION_ITEM() RATIONAL_B_SPLINE_SURFACE((
    (1.,1.)
    ,(0.5,0.5)
    ,(1.,1.)
    ,(0.5,0.5)
    ,(1.,1.)
    ,(0.5,0.5)
,(1.,1.))) REPRESENTATION_ITEM('') SURFACE() );
#1190 = CARTESIAN_POINT('',(76.5,44.4,1.6));
#1191 = CARTESIAN_POINT('',(76.5,44.4,0.));
#1192 = CARTESIAN_POINT('',(73.72871870789,44.4,1.6));
#1193 = CARTESIAN_POINT('',(73.72871870789,44.4,0.));
#1194 = CARTESIAN_POINT('',(75.114359353945,46.8,1.6));
#1195 = CARTESIAN_POINT('',(75.114359353945,46.8,0.));
#1196 = CARTESIAN_POINT('',(76.5,49.2,1.6));
#1197 = CARTESIAN_POINT('',(76.5,49.2,0.));
#1198 = CARTESIAN_POINT('',(77.885640646055,46.8,1.6));
#1199 = CARTESIAN_POINT('',(77.885640646055,46.8,0.));
#1200 = CARTESIAN_POINT('',(79.27128129211,44.4,1.6));
#1201 = CARTESIAN_POINT('',(79.27128129211,44.4,0.));
#1202 = CARTESIAN_POINT('',(76.5,44.4,1.6));
#1203 = CARTESIAN_POINT('',(76.5,44.4,0.));
#1204 = DEFINITIONAL_REPRESENTATION('',(#1205),#1213);
#1205 = B_SPLINE_CURVE_WITH_KNOTS('',2,(#1206,#1207,#1208,#1209,#1210,
    #1211,#1212),.UNSPECIFIED.,.F.,.F.,(3,2,2,3),(0.,2.094395102393,
    4.188790204786,6.28318530718),.PIECEWISE_BEZIER_KNOTS.);
#1206 = CARTESIAN_POINT('',(0.,-8.1E-02));
#1207 = CARTESIAN_POINT('',(1.047197551197,-8.1E-02));
#1208 = CARTESIAN_POINT('',(2.094395102393,-8.1E-02));
#1209 = CARTESIAN_POINT('',(3.14159265359,-8.1E-02));
#1210 = CARTESIAN_POINT('',(4.188790204786,-8.1E-02));
#1211 = CARTESIAN_POINT('',(5.235987755983,-8.1E-02));
#1212 = CARTESIAN_POINT('',(6.28318530718,-8.1E-02));
#1213 = ( GEOMETRIC_REPRESENTATION_CONTEXT(2) 
PARAMETRIC_REPRESENTATION_CONTEXT() REPRESENTATION_CONTEXT('2D SPACE',''
  ) );
#1214 = ADVANCED_FACE('',(#1215,#1238,#1275,#1312,#1349,#1386,#1423,
    #1460,#1497,#1534,#1571,#1608,#1645,#1682,#1719,#1756,#1793,#1830,
    #1867),#67,.T.);
#1215 = FACE_BOUND('',#1216,.T.);
#1216 = EDGE_LOOP('',(#1217,#1218,#1219,#1237));
#1217 = ORIENTED_EDGE('',*,*,#53,.F.);
#1218 = ORIENTED_EDGE('',*,*,#156,.F.);
#1219 = ORIENTED_EDGE('',*,*,#1220,.F.);
#1220 = EDGE_CURVE('',#198,#132,#1221,.T.);
#1221 = SURFACE_CURVE('',#1222,(#1225,#1231),.PCURVE_S1.);
#1222 = B_SPLINE_CURVE_WITH_KNOTS('',1,(#1223,#1224),.UNSPECIFIED.,.F.,
  .F.,(2,2),(0.,80.),.PIECEWISE_BEZIER_KNOTS.);
#1223 = CARTESIAN_POINT('',(0.,50.,1.6));
#1224 = CARTESIAN_POINT('',(80.,50.,1.6));
#1225 = PCURVE('',#67,#1226);
#1226 = DEFINITIONAL_REPRESENTATION('',(#1227),#1230);
#1227 = B_SPLINE_CURVE_WITH_KNOTS('',1,(#1228,#1229),.UNSPECIFIED.,.F.,
  .F.,(2,2),(0.,80.),.PIECEWISE_BEZIER_KNOTS.);
#1228 = CARTESIAN_POINT('',(0.,50.));
#1229 = CARTESIAN_POINT('',(80.,50.));
#1230 = ( GEOMETRIC_REPRESENTATION_CONTEXT(2) 
PARAMETRIC_REPRESENTATION_CONTEXT() REPRESENTATION_CONTEXT('2D SPACE',''
  ) );
#1231 = PCURVE('',#145,#1232);
#1232 = DEFINITIONAL_REPRESENTATION('',(#1233),#1236);
#1233 = B_SPLINE_CURVE_WITH_KNOTS('',1,(#1234,#1235),.UNSPECIFIED.,.F.,
  .F.,(2,2),(0.,80.),.PIECEWISE_BEZIER_KNOTS.);
#1234 = CARTESIAN_POINT('',(0.,-1.44));
#1235 = CARTESIAN_POINT('',(80.,-1.44));
#1236 = ( GEOMETRIC_REPRESENTATION_CONTEXT(2) 
PARAMETRIC_REPRESENTATION_CONTEXT() REPRESENTATION_CONTEXT('2D SPACE',''
  ) );
#1237 = ORIENTED_EDGE('',*,*,#197,.F.);
#1238 = FACE_BOUND('',#1239,.T.);
#1239 = EDGE_LOOP('',(#1240));
#1240 = ORIENTED_EDGE('',*,*,#1241,.T.);
#1241 = EDGE_CURVE('',#1242,#1242,#1244,.T.);
#1242 = VERTEX_POINT('',#1243);
#1243 = CARTESIAN_POINT('',(3.5,2.4,1.6));
#1244 = SURFACE_CURVE('',#1245,(#1253,#1264),.PCURVE_S1.);
#1245 = ( BOUNDED_CURVE() B_SPLINE_CURVE(2,(#1246,#1247,#1248,#1249,
#1250,#1251,#1252),.UNSPECIFIED.,.T.,.F.) B_SPLINE_CURVE_WITH_KNOTS((1,2
    ,2,2,2,1),(-2.094395102393,0.,2.094395102393,4.188790204786,
6.28318530718,8.377580409573),.UNSPECIFIED.) CURVE() 
GEOMETRIC_REPRESENTATION_ITEM() RATIONAL_B_SPLINE_CURVE((1.,0.5,1.,0.5,
1.,0.5,1.)) REPRESENTATION_ITEM('') );
#1246 = CARTESIAN_POINT('',(3.5,2.4,1.6));
#1247 = CARTESIAN_POINT('',(0.72871870789,2.4,1.6));
#1248 = CARTESIAN_POINT('',(2.114359353945,4.8,1.6));
#1249 = CARTESIAN_POINT('',(3.5,7.2,1.6));
#1250 = CARTESIAN_POINT('',(4.885640646055,4.8,1.6));
#1251 = CARTESIAN_POINT('',(6.27128129211,2.4,1.6));
#1252 = CARTESIAN_POINT('',(3.5,2.4,1.6));
#1253 = PCURVE('',#67,#1254);
#1254 = DEFINITIONAL_REPRESENTATION('',(#1255),#1263);
#1255 = ( BOUNDED_CURVE() B_SPLINE_CURVE(2,(#1256,#1257,#1258,#1259,
#1260,#1261,#1262),.UNSPECIFIED.,.T.,.F.) B_SPLINE_CURVE_WITH_KNOTS((3,2
    ,2,3),(0.,2.094395102393,4.188790204786,6.28318530718),
.PIECEWISE_BEZIER_KNOTS.) CURVE() GEOMETRIC_REPRESENTATION_ITEM() 
RATIONAL_B_SPLINE_CURVE((1.,0.5,1.,0.5,1.,0.5,1.)) REPRESENTATION_ITEM(
  '') );
#1256 = CARTESIAN_POINT('',(3.5,2.4));
#1257 = CARTESIAN_POINT('',(0.72871870789,2.4));
#1258 = CARTESIAN_POINT('',(2.114359353945,4.8));
#1259 = CARTESIAN_POINT('',(3.5,7.2));
#1260 = CARTESIAN_POINT('',(4.885640646055,4.8));
#1261 = CARTESIAN_POINT('',(6.27128129211,2.4));
#1262 = CARTESIAN_POINT('',(3.5,2.4));
#1263 = ( GEOMETRIC_REPRESENTATION_CONTEXT(2) 
PARAMETRIC_REPRESENTATION_CONTEXT() REPRESENTATION_CONTEXT('2D SPACE',''
  ) );
#1264 = PCURVE('',#305,#1265);
#1265 = DEFINITIONAL_REPRESENTATION('',(#1266),#1274);
#1266 = B_SPLINE_CURVE_WITH_KNOTS('',2,(#1267,#1268,#1269,#1270,#1271,
    #1272,#1273),.UNSPECIFIED.,.F.,.F.,(3,2,2,3),(0.,2.094395102393,
    4.188790204786,6.28318530718),.PIECEWISE_BEZIER_KNOTS.);
#1267 = CARTESIAN_POINT('',(0.,-1.521));
#1268 = CARTESIAN_POINT('',(1.047197551197,-1.521));
#1269 = CARTESIAN_POINT('',(2.094395102393,-1.521));
#1270 = CARTESIAN_POINT('',(3.14159265359,-1.521));
#1271 = CARTESIAN_POINT('',(4.188790204786,-1.521));
#1272 = CARTESIAN_POINT('',(5.235987755983,-1.521));
#1273 = CARTESIAN_POINT('',(6.28318530718,-1.521));
#1274 = ( GEOMETRIC_REPRESENTATION_CONTEXT(2) 
PARAMETRIC_REPRESENTATION_CONTEXT() REPRESENTATION_CONTEXT('2D SPACE',''
  ) );
#1275 = FACE_BOUND('',#1276,.T.);
#1276 = EDGE_LOOP('',(#1277));
#1277 = ORIENTED_EDGE('',*,*,#1278,.T.);
#1278 = EDGE_CURVE('',#1279,#1279,#1281,.T.);
#1279 = VERTEX_POINT('',#1280);
#1280 = CARTESIAN_POINT('',(8.93,9.14,1.6));
#1281 = SURFACE_CURVE('',#1282,(#1290,#1301),.PCURVE_S1.);
#1282 = ( BOUNDED_CURVE() B_SPLINE_CURVE(2,(#1283,#1284,#1285,#1286,
#1287,#1288,#1289),.UNSPECIFIED.,.T.,.F.) B_SPLINE_CURVE_WITH_KNOTS((1,2
    ,2,2,2,1),(-2.094395102393,0.,2.094395102393,4.188790204786,
6.28318530718,8.377580409573),.UNSPECIFIED.) CURVE() 
GEOMETRIC_REPRESENTATION_ITEM() RATIONAL_B_SPLINE_CURVE((1.,0.5,1.,0.5,
1.,0.5,1.)) REPRESENTATION_ITEM('') );
#1283 = CARTESIAN_POINT('',(8.93,9.14,1.6));
#1284 = CARTESIAN_POINT('',(6.938141571296,9.14,1.6));
#1285 = CARTESIAN_POINT('',(7.934070785648,10.865,1.6));
#1286 = CARTESIAN_POINT('',(8.93,12.59,1.6));
#1287 = CARTESIAN_POINT('',(9.925929214352,10.865,1.6));
#1288 = CARTESIAN_POINT('',(10.921858428704,9.14,1.6));
#1289 = CARTESIAN_POINT('',(8.93,9.14,1.6));
#1290 = PCURVE('',#67,#1291);
#1291 = DEFINITIONAL_REPRESENTATION('',(#1292),#1300);
#1292 = ( BOUNDED_CURVE() B_SPLINE_CURVE(2,(#1293,#1294,#1295,#1296,
#1297,#1298,#1299),.UNSPECIFIED.,.T.,.F.) B_SPLINE_CURVE_WITH_KNOTS((3,2
    ,2,3),(0.,2.094395102393,4.188790204786,6.28318530718),
.PIECEWISE_BEZIER_KNOTS.) CURVE() GEOMETRIC_REPRESENTATION_ITEM() 
RATIONAL_B_SPLINE_CURVE((1.,0.5,1.,0.5,1.,0.5,1.)) REPRESENTATION_ITEM(
  '') );
#1293 = CARTESIAN_POINT('',(8.93,9.14));
#1294 = CARTESIAN_POINT('',(6.938141571296,9.14));
#1295 = CARTESIAN_POINT('',(7.934070785648,10.865));
#1296 = CARTESIAN_POINT('',(8.93,12.59));
#1297 = CARTESIAN_POINT('',(9.925929214352,10.865));
#1298 = CARTESIAN_POINT('',(10.921858428704,9.14));
#1299 = CARTESIAN_POINT('',(8.93,9.14));
#1300 = ( GEOMETRIC_REPRESENTATION_CONTEXT(2) 
PARAMETRIC_REPRESENTATION_CONTEXT() REPRESENTATION_CONTEXT('2D SPACE',''
  ) );
#1301 = PCURVE('',#357,#1302);
#1302 = DEFINITIONAL_REPRESENTATION('',(#1303),#1311);
#1303 = B_SPLINE_CURVE_WITH_KNOTS('',2,(#1304,#1305,#1306,#1307,#1308,
    #1309,#1310),.UNSPECIFIED.,.F.,.F.,(3,2,2,3),(0.,2.094395102393,
    4.188790204786,6.28318530718),.PIECEWISE_BEZIER_KNOTS.);
#1304 = CARTESIAN_POINT('',(0.,-1.521));
#1305 = CARTESIAN_POINT('',(1.047197551197,-1.521));
#1306 = CARTESIAN_POINT('',(2.094395102393,-1.521));
#1307 = CARTESIAN_POINT('',(3.14159265359,-1.521));
#1308 = CARTESIAN_POINT('',(4.188790204786,-1.521));
#1309 = CARTESIAN_POINT('',(5.235987755983,-1.521));
#1310 = CARTESIAN_POINT('',(6.28318530718,-1.521));
#1311 = ( GEOMETRIC_REPRESENTATION_CONTEXT(2) 
PARAMETRIC_REPRESENTATION_CONTEXT() REPRESENTATION_CONTEXT('2D SPACE',''
  ) );
#1312 = FACE_BOUND('',#1313,.T.);
#1313 = EDGE_LOOP('',(#1314));
#1314 = ORIENTED_EDGE('',*,*,#1315,.T.);
#1315 = EDGE_CURVE('',#1316,#1316,#1318,.T.);
#1316 = VERTEX_POINT('',#1317);
#1317 = CARTESIAN_POINT('',(12.,12.54,1.6));
#1318 = SURFACE_CURVE('',#1319,(#1327,#1338),.PCURVE_S1.);
#1319 = ( BOUNDED_CURVE() B_SPLINE_CURVE(2,(#1320,#1321,#1322,#1323,
#1324,#1325,#1326),.UNSPECIFIED.,.T.,.F.) B_SPLINE_CURVE_WITH_KNOTS((1,2
    ,2,2,2,1),(-2.094395102393,0.,2.094395102393,4.188790204786,
6.28318530718,8.377580409573),.UNSPECIFIED.) CURVE() 
GEOMETRIC_REPRESENTATION_ITEM() RATIONAL_B_SPLINE_CURVE((1.,0.5,1.,0.5,
1.,0.5,1.)) REPRESENTATION_ITEM('') );
#1320 = CARTESIAN_POINT('',(12.,12.54,1.6));
#1321 = CARTESIAN_POINT('',(11.203256628518,12.54,1.6));
#1322 = CARTESIAN_POINT('',(11.601628314259,13.23,1.6));
#1323 = CARTESIAN_POINT('',(12.,13.92,1.6));
#1324 = CARTESIAN_POINT('',(12.398371685741,13.23,1.6));
#1325 = CARTESIAN_POINT('',(12.796743371482,12.54,1.6));
#1326 = CARTESIAN_POINT('',(12.,12.54,1.6));
#1327 = PCURVE('',#67,#1328);
#1328 = DEFINITIONAL_REPRESENTATION('',(#1329),#1337);
#1329 = ( BOUNDED_CURVE() B_SPLINE_CURVE(2,(#1330,#1331,#1332,#1333,
#1334,#1335,#1336),.UNSPECIFIED.,.T.,.F.) B_SPLINE_CURVE_WITH_KNOTS((3,2
    ,2,3),(0.,2.094395102393,4.188790204786,6.28318530718),
.PIECEWISE_BEZIER_KNOTS.) CURVE() GEOMETRIC_REPRESENTATION_ITEM() 
RATIONAL_B_SPLINE_CURVE((1.,0.5,1.,0.5,1.,0.5,1.)) REPRESENTATION_ITEM(
  '') );
#1330 = CARTESIAN_POINT('',(12.,12.54));
#1331 = CARTESIAN_POINT('',(11.203256628518,12.54));
#1332 = CARTESIAN_POINT('',(11.601628314259,13.23));
#1333 = CARTESIAN_POINT('',(12.,13.92));
#1334 = CARTESIAN_POINT('',(12.398371685741,13.23));
#1335 = CARTESIAN_POINT('',(12.796743371482,12.54));
#1336 = CARTESIAN_POINT('',(12.,12.54));
#1337 = ( GEOMETRIC_REPRESENTATION_CONTEXT(2) 
PARAMETRIC_REPRESENTATION_CONTEXT() REPRESENTATION_CONTEXT('2D SPACE',''
  ) );
#1338 = PCURVE('',#409,#1339);
#1339 = DEFINITIONAL_REPRESENTATION('',(#1340),#1348);
#1340 = B_SPLINE_CURVE_WITH_KNOTS('',2,(#1341,#1342,#1343,#1344,#1345,
    #1346,#1347),.UNSPECIFIED.,.F.,.F.,(3,2,2,3),(0.,2.094395102393,
    4.188790204786,6.28318530718),.PIECEWISE_BEZIER_KNOTS.);
#1341 = CARTESIAN_POINT('',(0.,-1.521));
#1342 = CARTESIAN_POINT('',(1.047197551197,-1.521));
#1343 = CARTESIAN_POINT('',(2.094395102393,-1.521));
#1344 = CARTESIAN_POINT('',(3.14159265359,-1.521));
#1345 = CARTESIAN_POINT('',(4.188790204786,-1.521));
#1346 = CARTESIAN_POINT('',(5.235987755983,-1.521));
#1347 = CARTESIAN_POINT('',(6.28318530718,-1.521));
#1348 = ( GEOMETRIC_REPRESENTATION_CONTEXT(2) 
PARAMETRIC_REPRESENTATION_CONTEXT() REPRESENTATION_CONTEXT('2D SPACE',''
  ) );
#1349 = FACE_BOUND('',#1350,.T.);
#1350 = EDGE_LOOP('',(#1351));
#1351 = ORIENTED_EDGE('',*,*,#1352,.T.);
#1352 = EDGE_CURVE('',#1353,#1353,#1355,.T.);
#1353 = VERTEX_POINT('',#1354);
#1354 = CARTESIAN_POINT('',(14.5,12.54,1.6));
#1355 = SURFACE_CURVE('',#1356,(#1364,#1375),.PCURVE_S1.);
#1356 = ( BOUNDED_CURVE() B_SPLINE_CURVE(2,(#1357,#1358,#1359,#1360,
#1361,#1362,#1363),.UNSPECIFIED.,.T.,.F.) B_SPLINE_CURVE_WITH_KNOTS((1,2
    ,2,2,2,1),(-2.094395102393,0.,2.094395102393,4.188790204786,
6.28318530718,8.377580409573),.UNSPECIFIED.) CURVE() 
GEOMETRIC_REPRESENTATION_ITEM() RATIONAL_B_SPLINE_CURVE((1.,0.5,1.,0.5,
1.,0.5,1.)) REPRESENTATION_ITEM('') );
#1357 = CARTESIAN_POINT('',(14.5,12.54,1.6));
#1358 = CARTESIAN_POINT('',(13.703256628518,12.54,1.6));
#1359 = CARTESIAN_POINT('',(14.101628314259,13.23,1.6));
#1360 = CARTESIAN_POINT('',(14.5,13.92,1.6));
#1361 = CARTESIAN_POINT('',(14.898371685741,13.23,1.6));
#1362 = CARTESIAN_POINT('',(15.296743371482,12.54,1.6));
#1363 = CARTESIAN_POINT('',(14.5,12.54,1.6));
#1364 = PCURVE('',#67,#1365);
#1365 = DEFINITIONAL_REPRESENTATION('',(#1366),#1374);
#1366 = ( BOUNDED_CURVE() B_SPLINE_CURVE(2,(#1367,#1368,#1369,#1370,
#1371,#1372,#1373),.UNSPECIFIED.,.T.,.F.) B_SPLINE_CURVE_WITH_KNOTS((3,2
    ,2,3),(0.,2.094395102393,4.188790204786,6.28318530718),
.PIECEWISE_BEZIER_KNOTS.) CURVE() GEOMETRIC_REPRESENTATION_ITEM() 
RATIONAL_B_SPLINE_CURVE((1.,0.5,1.,0.5,1.,0.5,1.)) REPRESENTATION_ITEM(
  '') );
#1367 = CARTESIAN_POINT('',(14.5,12.54));
#1368 = CARTESIAN_POINT('',(13.703256628518,12.54));
#1369 = CARTESIAN_POINT('',(14.101628314259,13.23));
#1370 = CARTESIAN_POINT('',(14.5,13.92));
#1371 = CARTESIAN_POINT('',(14.898371685741,13.23));
#1372 = CARTESIAN_POINT('',(15.296743371482,12.54));
#1373 = CARTESIAN_POINT('',(14.5,12.54));
#1374 = ( GEOMETRIC_REPRESENTATION_CONTEXT(2) 
PARAMETRIC_REPRESENTATION_CONTEXT() REPRESENTATION_CONTEXT('2D SPACE',''
  ) );
#1375 = PCURVE('',#461,#1376);
#1376 = DEFINITIONAL_REPRESENTATION('',(#1377),#1385);
#1377 = B_SPLINE_CURVE_WITH_KNOTS('',2,(#1378,#1379,#1380,#1381,#1382,
    #1383,#1384),.UNSPECIFIED.,.F.,.F.,(3,2,2,3),(0.,2.094395102393,
    4.188790204786,6.28318530718),.UNSPECIFIED.);
#1378 = CARTESIAN_POINT('',(0.,-1.521));
#1379 = CARTESIAN_POINT('',(1.047197551197,-1.521));
#1380 = CARTESIAN_POINT('',(2.094395102393,-1.521));
#1381 = CARTESIAN_POINT('',(3.14159265359,-1.521));
#1382 = CARTESIAN_POINT('',(4.188790204786,-1.521));
#1383 = CARTESIAN_POINT('',(5.235987755983,-1.521));
#1384 = CARTESIAN_POINT('',(6.28318530718,-1.521));
#1385 = ( GEOMETRIC_REPRESENTATION_CONTEXT(2) 
PARAMETRIC_REPRESENTATION_CONTEXT() REPRESENTATION_CONTEXT('2D SPACE',''
  ) );
#1386 = FACE_BOUND('',#1387,.T.);
#1387 = EDGE_LOOP('',(#1388));
#1388 = ORIENTED_EDGE('',*,*,#1389,.T.);
#1389 = EDGE_CURVE('',#1390,#1390,#1392,.T.);
#1390 = VERTEX_POINT('',#1391);
#1391 = CARTESIAN_POINT('',(16.5,12.54,1.6));
#1392 = SURFACE_CURVE('',#1393,(#1401,#1412),.PCURVE_S1.);
#1393 = ( BOUNDED_CURVE() B_SPLINE_CURVE(2,(#1394,#1395,#1396,#1397,
#1398,#1399,#1400),.UNSPECIFIED.,.T.,.F.) B_SPLINE_CURVE_WITH_KNOTS((1,2
    ,2,2,2,1),(-2.094395102393,0.,2.094395102393,4.188790204786,
6.28318530718,8.377580409573),.UNSPECIFIED.) CURVE() 
GEOMETRIC_REPRESENTATION_ITEM() RATIONAL_B_SPLINE_CURVE((1.,0.5,1.,0.5,
1.,0.5,1.)) REPRESENTATION_ITEM('') );
#1394 = CARTESIAN_POINT('',(16.5,12.54,1.6));
#1395 = CARTESIAN_POINT('',(15.703256628518,12.54,1.6));
#1396 = CARTESIAN_POINT('',(16.101628314259,13.23,1.6));
#1397 = CARTESIAN_POINT('',(16.5,13.92,1.6));
#1398 = CARTESIAN_POINT('',(16.898371685741,13.23,1.6));
#1399 = CARTESIAN_POINT('',(17.296743371482,12.54,1.6));
#1400 = CARTESIAN_POINT('',(16.5,12.54,1.6));
#1401 = PCURVE('',#67,#1402);
#1402 = DEFINITIONAL_REPRESENTATION('',(#1403),#1411);
#1403 = ( BOUNDED_CURVE() B_SPLINE_CURVE(2,(#1404,#1405,#1406,#1407,
#1408,#1409,#1410),.UNSPECIFIED.,.T.,.F.) B_SPLINE_CURVE_WITH_KNOTS((3,2
    ,2,3),(0.,2.094395102393,4.188790204786,6.28318530718),
.PIECEWISE_BEZIER_KNOTS.) CURVE() GEOMETRIC_REPRESENTATION_ITEM() 
RATIONAL_B_SPLINE_CURVE((1.,0.5,1.,0.5,1.,0.5,1.)) REPRESENTATION_ITEM(
  '') );
#1404 = CARTESIAN_POINT('',(16.5,12.54));
#1405 = CARTESIAN_POINT('',(15.703256628518,12.54));
#1406 = CARTESIAN_POINT('',(16.101628314259,13.23));
#1407 = CARTESIAN_POINT('',(16.5,13.92));
#1408 = CARTESIAN_POINT('',(16.898371685741,13.23));
#1409 = CARTESIAN_POINT('',(17.296743371482,12.54));
#1410 = CARTESIAN_POINT('',(16.5,12.54));
#1411 = ( GEOMETRIC_REPRESENTATION_CONTEXT(2) 
PARAMETRIC_REPRESENTATION_CONTEXT() REPRESENTATION_CONTEXT('2D SPACE',''
  ) );
#1412 = PCURVE('',#513,#1413);
#1413 = DEFINITIONAL_REPRESENTATION('',(#1414),#1422);
#1414 = B_SPLINE_CURVE_WITH_KNOTS('',2,(#1415,#1416,#1417,#1418,#1419,
    #1420,#1421),.UNSPECIFIED.,.F.,.F.,(3,2,2,3),(0.,2.094395102393,
    4.188790204786,6.28318530718),.PIECEWISE_BEZIER_KNOTS.);
#1415 = CARTESIAN_POINT('',(0.,-1.521));
#1416 = CARTESIAN_POINT('',(1.047197551197,-1.521));
#1417 = CARTESIAN_POINT('',(2.094395102393,-1.521));
#1418 = CARTESIAN_POINT('',(3.14159265359,-1.521));
#1419 = CARTESIAN_POINT('',(4.188790204786,-1.521));
#1420 = CARTESIAN_POINT('',(5.235987755983,-1.521));
#1421 = CARTESIAN_POINT('',(6.28318530718,-1.521));
#1422 = ( GEOMETRIC_REPRESENTATION_CONTEXT(2) 
PARAMETRIC_REPRESENTATION_CONTEXT() REPRESENTATION_CONTEXT('2D SPACE',''
  ) );
#1423 = FACE_BOUND('',#1424,.T.);
#1424 = EDGE_LOOP('',(#1425));
#1425 = ORIENTED_EDGE('',*,*,#1426,.T.);
#1426 = EDGE_CURVE('',#1427,#1427,#1429,.T.);
#1427 = VERTEX_POINT('',#1428);
#1428 = CARTESIAN_POINT('',(19.,12.54,1.6));
#1429 = SURFACE_CURVE('',#1430,(#1438,#1449),.PCURVE_S1.);
#1430 = ( BOUNDED_CURVE() B_SPLINE_CURVE(2,(#1431,#1432,#1433,#1434,
#1435,#1436,#1437),.UNSPECIFIED.,.T.,.F.) B_SPLINE_CURVE_WITH_KNOTS((1,2
    ,2,2,2,1),(-2.094395102393,0.,2.094395102393,4.188790204786,
6.28318530718,8.377580409573),.UNSPECIFIED.) CURVE() 
GEOMETRIC_REPRESENTATION_ITEM() RATIONAL_B_SPLINE_CURVE((1.,0.5,1.,0.5,
1.,0.5,1.)) REPRESENTATION_ITEM('') );
#1431 = CARTESIAN_POINT('',(19.,12.54,1.6));
#1432 = CARTESIAN_POINT('',(18.203256628518,12.54,1.6));
#1433 = CARTESIAN_POINT('',(18.601628314259,13.23,1.6));
#1434 = CARTESIAN_POINT('',(19.,13.92,1.6));
#1435 = CARTESIAN_POINT('',(19.398371685741,13.23,1.6));
#1436 = CARTESIAN_POINT('',(19.796743371482,12.54,1.6));
#1437 = CARTESIAN_POINT('',(19.,12.54,1.6));
#1438 = PCURVE('',#67,#1439);
#1439 = DEFINITIONAL_REPRESENTATION('',(#1440),#1448);
#1440 = ( BOUNDED_CURVE() B_SPLINE_CURVE(2,(#1441,#1442,#1443,#1444,
#1445,#1446,#1447),.UNSPECIFIED.,.T.,.F.) B_SPLINE_CURVE_WITH_KNOTS((3,2
    ,2,3),(0.,2.094395102393,4.188790204786,6.28318530718),
.PIECEWISE_BEZIER_KNOTS.) CURVE() GEOMETRIC_REPRESENTATION_ITEM() 
RATIONAL_B_SPLINE_CURVE((1.,0.5,1.,0.5,1.,0.5,1.)) REPRESENTATION_ITEM(
  '') );
#1441 = CARTESIAN_POINT('',(19.,12.54));
#1442 = CARTESIAN_POINT('',(18.203256628518,12.54));
#1443 = CARTESIAN_POINT('',(18.601628314259,13.23));
#1444 = CARTESIAN_POINT('',(19.,13.92));
#1445 = CARTESIAN_POINT('',(19.398371685741,13.23));
#1446 = CARTESIAN_POINT('',(19.796743371482,12.54));
#1447 = CARTESIAN_POINT('',(19.,12.54));
#1448 = ( GEOMETRIC_REPRESENTATION_CONTEXT(2) 
PARAMETRIC_REPRESENTATION_CONTEXT() REPRESENTATION_CONTEXT('2D SPACE',''
  ) );
#1449 = PCURVE('',#565,#1450);
#1450 = DEFINITIONAL_REPRESENTATION('',(#1451),#1459);
#1451 = B_SPLINE_CURVE_WITH_KNOTS('',2,(#1452,#1453,#1454,#1455,#1456,
    #1457,#1458),.UNSPECIFIED.,.F.,.F.,(3,2,2,3),(0.,2.094395102393,
    4.188790204786,6.28318530718),.PIECEWISE_BEZIER_KNOTS.);
#1452 = CARTESIAN_POINT('',(0.,-1.521));
#1453 = CARTESIAN_POINT('',(1.047197551197,-1.521));
#1454 = CARTESIAN_POINT('',(2.094395102393,-1.521));
#1455 = CARTESIAN_POINT('',(3.14159265359,-1.521));
#1456 = CARTESIAN_POINT('',(4.188790204786,-1.521));
#1457 = CARTESIAN_POINT('',(5.235987755983,-1.521));
#1458 = CARTESIAN_POINT('',(6.28318530718,-1.521));
#1459 = ( GEOMETRIC_REPRESENTATION_CONTEXT(2) 
PARAMETRIC_REPRESENTATION_CONTEXT() REPRESENTATION_CONTEXT('2D SPACE',''
  ) );
#1460 = FACE_BOUND('',#1461,.T.);
#1461 = EDGE_LOOP('',(#1462));
#1462 = ORIENTED_EDGE('',*,*,#1463,.T.);
#1463 = EDGE_CURVE('',#1464,#1464,#1466,.T.);
#1464 = VERTEX_POINT('',#1465);
#1465 = CARTESIAN_POINT('',(22.07,9.14,1.6));
#1466 = SURFACE_CURVE('',#1467,(#1475,#1486),.PCURVE_S1.);
#1467 = ( BOUNDED_CURVE() B_SPLINE_CURVE(2,(#1468,#1469,#1470,#1471,
#1472,#1473,#1474),.UNSPECIFIED.,.T.,.F.) B_SPLINE_CURVE_WITH_KNOTS((1,2
    ,2,2,2,1),(-2.094395102393,0.,2.094395102393,4.188790204786,
6.28318530718,8.377580409573),.UNSPECIFIED.) CURVE() 
GEOMETRIC_REPRESENTATION_ITEM() RATIONAL_B_SPLINE_CURVE((1.,0.5,1.,0.5,
1.,0.5,1.)) REPRESENTATION_ITEM('') );
#1468 = CARTESIAN_POINT('',(22.07,9.14,1.6));
#1469 = CARTESIAN_POINT('',(20.078141571296,9.14,1.6));
#1470 = CARTESIAN_POINT('',(21.074070785648,10.865,1.6));
#1471 = CARTESIAN_POINT('',(22.07,12.59,1.6));
#1472 = CARTESIAN_POINT('',(23.065929214352,10.865,1.6));
#1473 = CARTESIAN_POINT('',(24.061858428704,9.14,1.6));
#1474 = CARTESIAN_POINT('',(22.07,9.14,1.6));
#1475 = PCURVE('',#67,#1476);
#1476 = DEFINITIONAL_REPRESENTATION('',(#1477),#1485);
#1477 = ( BOUNDED_CURVE() B_SPLINE_CURVE(2,(#1478,#1479,#1480,#1481,
#1482,#1483,#1484),.UNSPECIFIED.,.T.,.F.) B_SPLINE_CURVE_WITH_KNOTS((3,2
    ,2,3),(0.,2.094395102393,4.188790204786,6.28318530718),
.PIECEWISE_BEZIER_KNOTS.) CURVE() GEOMETRIC_REPRESENTATION_ITEM() 
RATIONAL_B_SPLINE_CURVE((1.,0.5,1.,0.5,1.,0.5,1.)) REPRESENTATION_ITEM(
  '') );
#1478 = CARTESIAN_POINT('',(22.07,9.14));
#1479 = CARTESIAN_POINT('',(20.078141571296,9.14));
#1480 = CARTESIAN_POINT('',(21.074070785648,10.865));
#1481 = CARTESIAN_POINT('',(22.07,12.59));
#1482 = CARTESIAN_POINT('',(23.065929214352,10.865));
#1483 = CARTESIAN_POINT('',(24.061858428704,9.14));
#1484 = CARTESIAN_POINT('',(22.07,9.14));
#1485 = ( GEOMETRIC_REPRESENTATION_CONTEXT(2) 
PARAMETRIC_REPRESENTATION_CONTEXT() REPRESENTATION_CONTEXT('2D SPACE',''
  ) );
#1486 = PCURVE('',#617,#1487);
#1487 = DEFINITIONAL_REPRESENTATION('',(#1488),#1496);
#1488 = B_SPLINE_CURVE_WITH_KNOTS('',2,(#1489,#1490,#1491,#1492,#1493,
    #1494,#1495),.UNSPECIFIED.,.F.,.F.,(3,2,2,3),(0.,2.094395102393,
    4.188790204786,6.28318530718),.PIECEWISE_BEZIER_KNOTS.);
#1489 = CARTESIAN_POINT('',(0.,-1.521));
#1490 = CARTESIAN_POINT('',(1.047197551197,-1.521));
#1491 = CARTESIAN_POINT('',(2.094395102393,-1.521));
#1492 = CARTESIAN_POINT('',(3.14159265359,-1.521));
#1493 = CARTESIAN_POINT('',(4.188790204786,-1.521));
#1494 = CARTESIAN_POINT('',(5.235987755983,-1.521));
#1495 = CARTESIAN_POINT('',(6.28318530718,-1.521));
#1496 = ( GEOMETRIC_REPRESENTATION_CONTEXT(2) 
PARAMETRIC_REPRESENTATION_CONTEXT() REPRESENTATION_CONTEXT('2D SPACE',''
  ) );
#1497 = FACE_BOUND('',#1498,.T.);
#1498 = EDGE_LOOP('',(#1499));
#1499 = ORIENTED_EDGE('',*,*,#1500,.T.);
#1500 = EDGE_CURVE('',#1501,#1501,#1503,.T.);
#1501 = VERTEX_POINT('',#1502);
#1502 = CARTESIAN_POINT('',(51.93,9.14,1.6));
#1503 = SURFACE_CURVE('',#1504,(#1512,#1523),.PCURVE_S1.);
#1504 = ( BOUNDED_CURVE() B_SPLINE_CURVE(2,(#1505,#1506,#1507,#1508,
#1509,#1510,#1511),.UNSPECIFIED.,.T.,.F.) B_SPLINE_CURVE_WITH_KNOTS((1,2
    ,2,2,2,1),(-2.094395102393,0.,2.094395102393,4.188790204786,
6.28318530718,8.377580409573),.UNSPECIFIED.) CURVE() 
GEOMETRIC_REPRESENTATION_ITEM() RATIONAL_B_SPLINE_CURVE((1.,0.5,1.,0.5,
1.,0.5,1.)) REPRESENTATION_ITEM('') );
#1505 = CARTESIAN_POINT('',(51.93,9.14,1.6));
#1506 = CARTESIAN_POINT('',(49.938141571296,9.14,1.6));
#1507 = CARTESIAN_POINT('',(50.934070785648,10.865,1.6));
#1508 = CARTESIAN_POINT('',(51.93,12.59,1.6));
#1509 = CARTESIAN_POINT('',(52.925929214352,10.865,1.6));
#1510 = CARTESIAN_POINT('',(53.921858428704,9.14,1.6));
#1511 = CARTESIAN_POINT('',(51.93,9.14,1.6));
#1512 = PCURVE('',#67,#1513);
#1513 = DEFINITIONAL_REPRESENTATION('',(#1514),#1522);
#1514 = ( BOUNDED_CURVE() B_SPLINE_CURVE(2,(#1515,#1516,#1517,#1518,
#1519,#1520,#1521),.UNSPECIFIED.,.T.,.F.) B_SPLINE_CURVE_WITH_KNOTS((3,2
    ,2,3),(0.,2.094395102393,4.188790204786,6.28318530718),
.PIECEWISE_BEZIER_KNOTS.) CURVE() GEOMETRIC_REPRESENTATION_ITEM() 
RATIONAL_B_SPLINE_CURVE((1.,0.5,1.,0.5,1.,0.5,1.)) REPRESENTATION_ITEM(
  '') );
#1515 = CARTESIAN_POINT('',(51.93,9.14));
#1516 = CARTESIAN_POINT('',(49.938141571296,9.14));
#1517 = CARTESIAN_POINT('',(50.934070785648,10.865));
#1518 = CARTESIAN_POINT('',(51.93,12.59));
#1519 = CARTESIAN_POINT('',(52.925929214352,10.865));
#1520 = CARTESIAN_POINT('',(53.921858428704,9.14));
#1521 = CARTESIAN_POINT('',(51.93,9.14));
#1522 = ( GEOMETRIC_REPRESENTATION_CONTEXT(2) 
PARAMETRIC_REPRESENTATION_CONTEXT() REPRESENTATION_CONTEXT('2D SPACE',''
  ) );
#1523 = PCURVE('',#669,#1524);
#1524 = DEFINITIONAL_REPRESENTATION('',(#1525),#1533);
#1525 = B_SPLINE_CURVE_WITH_KNOTS('',2,(#1526,#1527,#1528,#1529,#1530,
    #1531,#1532),.UNSPECIFIED.,.F.,.F.,(3,2,2,3),(0.,2.094395102393,
    4.188790204786,6.28318530718),.PIECEWISE_BEZIER_KNOTS.);
#1526 = CARTESIAN_POINT('',(0.,-1.521));
#1527 = CARTESIAN_POINT('',(1.047197551197,-1.521));
#1528 = CARTESIAN_POINT('',(2.094395102393,-1.521));
#1529 = CARTESIAN_POINT('',(3.14159265359,-1.521));
#1530 = CARTESIAN_POINT('',(4.188790204786,-1.521));
#1531 = CARTESIAN_POINT('',(5.235987755983,-1.521));
#1532 = CARTESIAN_POINT('',(6.28318530718,-1.521));
#1533 = ( GEOMETRIC_REPRESENTATION_CONTEXT(2) 
PARAMETRIC_REPRESENTATION_CONTEXT() REPRESENTATION_CONTEXT('2D SPACE',''
  ) );
#1534 = FACE_BOUND('',#1535,.T.);
#1535 = EDGE_LOOP('',(#1536));
#1536 = ORIENTED_EDGE('',*,*,#1537,.T.);
#1537 = EDGE_CURVE('',#1538,#1538,#1540,.T.);
#1538 = VERTEX_POINT('',#1539);
#1539 = CARTESIAN_POINT('',(55.,12.54,1.6));
#1540 = SURFACE_CURVE('',#1541,(#1549,#1560),.PCURVE_S1.);
#1541 = ( BOUNDED_CURVE() B_SPLINE_CURVE(2,(#1542,#1543,#1544,#1545,
#1546,#1547,#1548),.UNSPECIFIED.,.T.,.F.) B_SPLINE_CURVE_WITH_KNOTS((1,2
    ,2,2,2,1),(-2.094395102393,0.,2.094395102393,4.188790204786,
6.28318530718,8.377580409573),.UNSPECIFIED.) CURVE() 
GEOMETRIC_REPRESENTATION_ITEM() RATIONAL_B_SPLINE_CURVE((1.,0.5,1.,0.5,
1.,0.5,1.)) REPRESENTATION_ITEM('') );
#1542 = CARTESIAN_POINT('',(55.,12.54,1.6));
#1543 = CARTESIAN_POINT('',(54.203256628518,12.54,1.6));
#1544 = CARTESIAN_POINT('',(54.601628314259,13.23,1.6));
#1545 = CARTESIAN_POINT('',(55.,13.92,1.6));
#1546 = CARTESIAN_POINT('',(55.398371685741,13.23,1.6));
#1547 = CARTESIAN_POINT('',(55.796743371482,12.54,1.6));
#1548 = CARTESIAN_POINT('',(55.,12.54,1.6));
#1549 = PCURVE('',#67,#1550);
#1550 = DEFINITIONAL_REPRESENTATION('',(#1551),#1559);
#1551 = ( BOUNDED_CURVE() B_SPLINE_CURVE(2,(#1552,#1553,#1554,#1555,
#1556,#1557,#1558),.UNSPECIFIED.,.T.,.F.) B_SPLINE_CURVE_WITH_KNOTS((3,2
    ,2,3),(0.,2.094395102393,4.188790204786,6.28318530718),
.PIECEWISE_BEZIER_KNOTS.) CURVE() GEOMETRIC_REPRESENTATION_ITEM() 
RATIONAL_B_SPLINE_CURVE((1.,0.5,1.,0.5,1.,0.5,1.)) REPRESENTATION_ITEM(
  '') );
#1552 = CARTESIAN_POINT('',(55.,12.54));
#1553 = CARTESIAN_POINT('',(54.203256628518,12.54));
#1554 = CARTESIAN_POINT('',(54.601628314259,13.23));
#1555 = CARTESIAN_POINT('',(55.,13.92));
#1556 = CARTESIAN_POINT('',(55.398371685741,13.23));
#1557 = CARTESIAN_POINT('',(55.796743371482,12.54));
#1558 = CARTESIAN_POINT('',(55.,12.54));
#1559 = ( GEOMETRIC_REPRESENTATION_CONTEXT(2) 
PARAMETRIC_REPRESENTATION_CONTEXT() REPRESENTATION_CONTEXT('2D SPACE',''
  ) );
#1560 = PCURVE('',#721,#1561);
#1561 = DEFINITIONAL_REPRESENTATION('',(#1562),#1570);
#1562 = B_SPLINE_CURVE_WITH_KNOTS('',2,(#1563,#1564,#1565,#1566,#1567,
    #1568,#1569),.UNSPECIFIED.,.F.,.F.,(3,2,2,3),(0.,2.094395102393,
    4.188790204786,6.28318530718),.PIECEWISE_BEZIER_KNOTS.);
#1563 = CARTESIAN_POINT('',(0.,-1.521));
#1564 = CARTESIAN_POINT('',(1.047197551197,-1.521));
#1565 = CARTESIAN_POINT('',(2.094395102393,-1.521));
#1566 = CARTESIAN_POINT('',(3.14159265359,-1.521));
#1567 = CARTESIAN_POINT('',(4.188790204786,-1.521));
#1568 = CARTESIAN_POINT('',(5.235987755983,-1.521));
#1569 = CARTESIAN_POINT('',(6.28318530718,-1.521));
#1570 = ( GEOMETRIC_REPRESENTATION_CONTEXT(2) 
PARAMETRIC_REPRESENTATION_CONTEXT() REPRESENTATION_CONTEXT('2D SPACE',''
  ) );
#1571 = FACE_BOUND('',#1572,.T.);
#1572 = EDGE_LOOP('',(#1573));
#1573 = ORIENTED_EDGE('',*,*,#1574,.T.);
#1574 = EDGE_CURVE('',#1575,#1575,#1577,.T.);
#1575 = VERTEX_POINT('',#1576);
#1576 = CARTESIAN_POINT('',(57.5,12.54,1.6));
#1577 = SURFACE_CURVE('',#1578,(#1586,#1597),.PCURVE_S1.);
#1578 = ( BOUNDED_CURVE() B_SPLINE_CURVE(2,(#1579,#1580,#1581,#1582,
#1583,#1584,#1585),.UNSPECIFIED.,.T.,.F.) B_SPLINE_CURVE_WITH_KNOTS((1,2
    ,2,2,2,1),(-2.094395102393,0.,2.094395102393,4.188790204786,
6.28318530718,8.377580409573),.UNSPECIFIED.) CURVE() 
GEOMETRIC_REPRESENTATION_ITEM() RATIONAL_B_SPLINE_CURVE((1.,0.5,1.,0.5,
1.,0.5,1.)) REPRESENTATION_ITEM('') );
#1579 = CARTESIAN_POINT('',(57.5,12.54,1.6));
#1580 = CARTESIAN_POINT('',(56.703256628518,12.54,1.6));
#1581 = CARTESIAN_POINT('',(57.101628314259,13.23,1.6));
#1582 = CARTESIAN_POINT('',(57.5,13.92,1.6));
#1583 = CARTESIAN_POINT('',(57.898371685741,13.23,1.6));
#1584 = CARTESIAN_POINT('',(58.296743371482,12.54,1.6));
#1585 = CARTESIAN_POINT('',(57.5,12.54,1.6));
#1586 = PCURVE('',#67,#1587);
#1587 = DEFINITIONAL_REPRESENTATION('',(#1588),#1596);
#1588 = ( BOUNDED_CURVE() B_SPLINE_CURVE(2,(#1589,#1590,#1591,#1592,
#1593,#1594,#1595),.UNSPECIFIED.,.T.,.F.) B_SPLINE_CURVE_WITH_KNOTS((3,2
    ,2,3),(0.,2.094395102393,4.188790204786,6.28318530718),
.PIECEWISE_BEZIER_KNOTS.) CURVE() GEOMETRIC_REPRESENTATION_ITEM() 
RATIONAL_B_SPLINE_CURVE((1.,0.5,1.,0.5,1.,0.5,1.)) REPRESENTATION_ITEM(
  '') );
#1589 = CARTESIAN_POINT('',(57.5,12.54));
#1590 = CARTESIAN_POINT('',(56.703256628518,12.54));
#1591 = CARTESIAN_POINT('',(57.101628314259,13.23));
#1592 = CARTESIAN_POINT('',(57.5,13.92));
#1593 = CARTESIAN_POINT('',(57.898371685741,13.23));
#1594 = CARTESIAN_POINT('',(58.296743371482,12.54));
#1595 = CARTESIAN_POINT('',(57.5,12.54));
#1596 = ( GEOMETRIC_REPRESENTATION_CONTEXT(2) 
PARAMETRIC_REPRESENTATION_CONTEXT() REPRESENTATION_CONTEXT('2D SPACE',''
  ) );
#1597 = PCURVE('',#773,#1598);
#1598 = DEFINITIONAL_REPRESENTATION('',(#1599),#1607);
#1599 = B_SPLINE_CURVE_WITH_KNOTS('',2,(#1600,#1601,#1602,#1603,#1604,
    #1605,#1606),.UNSPECIFIED.,.F.,.F.,(3,2,2,3),(0.,2.094395102393,
    4.188790204786,6.28318530718),.PIECEWISE_BEZIER_KNOTS.);
#1600 = CARTESIAN_POINT('',(0.,-1.521));
#1601 = CARTESIAN_POINT('',(1.047197551197,-1.521));
#1602 = CARTESIAN_POINT('',(2.094395102393,-1.521));
#1603 = CARTESIAN_POINT('',(3.14159265359,-1.521));
#1604 = CARTESIAN_POINT('',(4.188790204786,-1.521));
#1605 = CARTESIAN_POINT('',(5.235987755983,-1.521));
#1606 = CARTESIAN_POINT('',(6.28318530718,-1.521));
#1607 = ( GEOMETRIC_REPRESENTATION_CONTEXT(2) 
PARAMETRIC_REPRESENTATION_CONTEXT() REPRESENTATION_CONTEXT('2D SPACE',''
  ) );
#1608 = FACE_BOUND('',#1609,.T.);
#1609 = EDGE_LOOP('',(#1610));
#1610 = ORIENTED_EDGE('',*,*,#1611,.T.);
#1611 = EDGE_CURVE('',#1612,#1612,#1614,.T.);
#1612 = VERTEX_POINT('',#1613);
#1613 = CARTESIAN_POINT('',(76.5,2.4,1.6));
#1614 = SURFACE_CURVE('',#1615,(#1623,#1634),.PCURVE_S1.);
#1615 = ( BOUNDED_CURVE() B_SPLINE_CURVE(2,(#1616,#1617,#1618,#1619,
#1620,#1621,#1622),.UNSPECIFIED.,.T.,.F.) B_SPLINE_CURVE_WITH_KNOTS((1,2
    ,2,2,2,1),(-2.094395102393,0.,2.094395102393,4.188790204786,
6.28318530718,8.377580409573),.UNSPECIFIED.) CURVE() 
GEOMETRIC_REPRESENTATION_ITEM() RATIONAL_B_SPLINE_CURVE((1.,0.5,1.,0.5,
1.,0.5,1.)) REPRESENTATION_ITEM('') );
#1616 = CARTESIAN_POINT('',(76.5,2.4,1.6));
#1617 = CARTESIAN_POINT('',(73.72871870789,2.4,1.6));
#1618 = CARTESIAN_POINT('',(75.114359353945,4.8,1.6));
#1619 = CARTESIAN_POINT('',(76.5,7.2,1.6));
#1620 = CARTESIAN_POINT('',(77.885640646055,4.8,1.6));
#1621 = CARTESIAN_POINT('',(79.27128129211,2.4,1.6));
#1622 = CARTESIAN_POINT('',(76.5,2.4,1.6));
#1623 = PCURVE('',#67,#1624);
#1624 = DEFINITIONAL_REPRESENTATION('',(#1625),#1633);
#1625 = ( BOUNDED_CURVE() B_SPLINE_CURVE(2,(#1626,#1627,#1628,#1629,
#1630,#1631,#1632),.UNSPECIFIED.,.T.,.F.) B_SPLINE_CURVE_WITH_KNOTS((3,2
    ,2,3),(0.,2.094395102393,4.188790204786,6.28318530718),
.PIECEWISE_BEZIER_KNOTS.) CURVE() GEOMETRIC_REPRESENTATION_ITEM() 
RATIONAL_B_SPLINE_CURVE((1.,0.5,1.,0.5,1.,0.5,1.)) REPRESENTATION_ITEM(
  '') );
#1626 = CARTESIAN_POINT('',(76.5,2.4));
#1627 = CARTESIAN_POINT('',(73.72871870789,2.4));
#1628 = CARTESIAN_POINT('',(75.114359353945,4.8));
#1629 = CARTESIAN_POINT('',(76.5,7.2));
#1630 = CARTESIAN_POINT('',(77.885640646055,4.8));
#1631 = CARTESIAN_POINT('',(79.27128129211,2.4));
#1632 = CARTESIAN_POINT('',(76.5,2.4));
#1633 = ( GEOMETRIC_REPRESENTATION_CONTEXT(2) 
PARAMETRIC_REPRESENTATION_CONTEXT() REPRESENTATION_CONTEXT('2D SPACE',''
  ) );
#1634 = PCURVE('',#825,#1635);
#1635 = DEFINITIONAL_REPRESENTATION('',(#1636),#1644);
#1636 = B_SPLINE_CURVE_WITH_KNOTS('',2,(#1637,#1638,#1639,#1640,#1641,
    #1642,#1643),.UNSPECIFIED.,.F.,.F.,(3,2,2,3),(0.,2.094395102393,
    4.188790204786,6.28318530718),.PIECEWISE_BEZIER_KNOTS.);
#1637 = CARTESIAN_POINT('',(0.,-1.521));
#1638 = CARTESIAN_POINT('',(1.047197551197,-1.521));
#1639 = CARTESIAN_POINT('',(2.094395102393,-1.521));
#1640 = CARTESIAN_POINT('',(3.14159265359,-1.521));
#1641 = CARTESIAN_POINT('',(4.188790204786,-1.521));
#1642 = CARTESIAN_POINT('',(5.235987755983,-1.521));
#1643 = CARTESIAN_POINT('',(6.28318530718,-1.521));
#1644 = ( GEOMETRIC_REPRESENTATION_CONTEXT(2) 
PARAMETRIC_REPRESENTATION_CONTEXT() REPRESENTATION_CONTEXT('2D SPACE',''
  ) );
#1645 = FACE_BOUND('',#1646,.T.);
#1646 = EDGE_LOOP('',(#1647));
#1647 = ORIENTED_EDGE('',*,*,#1648,.T.);
#1648 = EDGE_CURVE('',#1649,#1649,#1651,.T.);
#1649 = VERTEX_POINT('',#1650);
#1650 = CARTESIAN_POINT('',(65.07,9.14,1.6));
#1651 = SURFACE_CURVE('',#1652,(#1660,#1671),.PCURVE_S1.);
#1652 = ( BOUNDED_CURVE() B_SPLINE_CURVE(2,(#1653,#1654,#1655,#1656,
#1657,#1658,#1659),.UNSPECIFIED.,.T.,.F.) B_SPLINE_CURVE_WITH_KNOTS((1,2
    ,2,2,2,1),(-2.094395102393,0.,2.094395102393,4.188790204786,
6.28318530718,8.377580409573),.UNSPECIFIED.) CURVE() 
GEOMETRIC_REPRESENTATION_ITEM() RATIONAL_B_SPLINE_CURVE((1.,0.5,1.,0.5,
1.,0.5,1.)) REPRESENTATION_ITEM('') );
#1653 = CARTESIAN_POINT('',(65.07,9.14,1.6));
#1654 = CARTESIAN_POINT('',(63.078141571296,9.14,1.6));
#1655 = CARTESIAN_POINT('',(64.074070785648,10.865,1.6));
#1656 = CARTESIAN_POINT('',(65.07,12.59,1.6));
#1657 = CARTESIAN_POINT('',(66.065929214352,10.865,1.6));
#1658 = CARTESIAN_POINT('',(67.061858428704,9.14,1.6));
#1659 = CARTESIAN_POINT('',(65.07,9.14,1.6));
#1660 = PCURVE('',#67,#1661);
#1661 = DEFINITIONAL_REPRESENTATION('',(#1662),#1670);
#1662 = ( BOUNDED_CURVE() B_SPLINE_CURVE(2,(#1663,#1664,#1665,#1666,
#1667,#1668,#1669),.UNSPECIFIED.,.T.,.F.) B_SPLINE_CURVE_WITH_KNOTS((3,2
    ,2,3),(0.,2.094395102393,4.188790204786,6.28318530718),
.PIECEWISE_BEZIER_KNOTS.) CURVE() GEOMETRIC_REPRESENTATION_ITEM() 
RATIONAL_B_SPLINE_CURVE((1.,0.5,1.,0.5,1.,0.5,1.)) REPRESENTATION_ITEM(
  '') );
#1663 = CARTESIAN_POINT('',(65.07,9.14));
#1664 = CARTESIAN_POINT('',(63.078141571296,9.14));
#1665 = CARTESIAN_POINT('',(64.074070785648,10.865));
#1666 = CARTESIAN_POINT('',(65.07,12.59));
#1667 = CARTESIAN_POINT('',(66.065929214352,10.865));
#1668 = CARTESIAN_POINT('',(67.061858428704,9.14));
#1669 = CARTESIAN_POINT('',(65.07,9.14));
#1670 = ( GEOMETRIC_REPRESENTATION_CONTEXT(2) 
PARAMETRIC_REPRESENTATION_CONTEXT() REPRESENTATION_CONTEXT('2D SPACE',''
  ) );
#1671 = PCURVE('',#877,#1672);
#1672 = DEFINITIONAL_REPRESENTATION('',(#1673),#1681);
#1673 = B_SPLINE_CURVE_WITH_KNOTS('',2,(#1674,#1675,#1676,#1677,#1678,
    #1679,#1680),.UNSPECIFIED.,.F.,.F.,(3,2,2,3),(0.,2.094395102393,
    4.188790204786,6.28318530718),.PIECEWISE_BEZIER_KNOTS.);
#1674 = CARTESIAN_POINT('',(0.,-1.521));
#1675 = CARTESIAN_POINT('',(1.047197551197,-1.521));
#1676 = CARTESIAN_POINT('',(2.094395102393,-1.521));
#1677 = CARTESIAN_POINT('',(3.14159265359,-1.521));
#1678 = CARTESIAN_POINT('',(4.188790204786,-1.521));
#1679 = CARTESIAN_POINT('',(5.235987755983,-1.521));
#1680 = CARTESIAN_POINT('',(6.28318530718,-1.521));
#1681 = ( GEOMETRIC_REPRESENTATION_CONTEXT(2) 
PARAMETRIC_REPRESENTATION_CONTEXT() REPRESENTATION_CONTEXT('2D SPACE',''
  ) );
#1682 = FACE_BOUND('',#1683,.T.);
#1683 = EDGE_LOOP('',(#1684));
#1684 = ORIENTED_EDGE('',*,*,#1685,.T.);
#1685 = EDGE_CURVE('',#1686,#1686,#1688,.T.);
#1686 = VERTEX_POINT('',#1687);
#1687 = CARTESIAN_POINT('',(59.5,12.54,1.6));
#1688 = SURFACE_CURVE('',#1689,(#1697,#1708),.PCURVE_S1.);
#1689 = ( BOUNDED_CURVE() B_SPLINE_CURVE(2,(#1690,#1691,#1692,#1693,
#1694,#1695,#1696),.UNSPECIFIED.,.T.,.F.) B_SPLINE_CURVE_WITH_KNOTS((1,2
    ,2,2,2,1),(-2.094395102393,0.,2.094395102393,4.188790204786,
6.28318530718,8.377580409573),.UNSPECIFIED.) CURVE() 
GEOMETRIC_REPRESENTATION_ITEM() RATIONAL_B_SPLINE_CURVE((1.,0.5,1.,0.5,
1.,0.5,1.)) REPRESENTATION_ITEM('') );
#1690 = CARTESIAN_POINT('',(59.5,12.54,1.6));
#1691 = CARTESIAN_POINT('',(58.703256628518,12.54,1.6));
#1692 = CARTESIAN_POINT('',(59.101628314259,13.23,1.6));
#1693 = CARTESIAN_POINT('',(59.5,13.92,1.6));
#1694 = CARTESIAN_POINT('',(59.898371685741,13.23,1.6));
#1695 = CARTESIAN_POINT('',(60.296743371482,12.54,1.6));
#1696 = CARTESIAN_POINT('',(59.5,12.54,1.6));
#1697 = PCURVE('',#67,#1698);
#1698 = DEFINITIONAL_REPRESENTATION('',(#1699),#1707);
#1699 = ( BOUNDED_CURVE() B_SPLINE_CURVE(2,(#1700,#1701,#1702,#1703,
#1704,#1705,#1706),.UNSPECIFIED.,.T.,.F.) B_SPLINE_CURVE_WITH_KNOTS((3,2
    ,2,3),(0.,2.094395102393,4.188790204786,6.28318530718),
.PIECEWISE_BEZIER_KNOTS.) CURVE() GEOMETRIC_REPRESENTATION_ITEM() 
RATIONAL_B_SPLINE_CURVE((1.,0.5,1.,0.5,1.,0.5,1.)) REPRESENTATION_ITEM(
  '') );
#1700 = CARTESIAN_POINT('',(59.5,12.54));
#1701 = CARTESIAN_POINT('',(58.703256628518,12.54));
#1702 = CARTESIAN_POINT('',(59.101628314259,13.23));
#1703 = CARTESIAN_POINT('',(59.5,13.92));
#1704 = CARTESIAN_POINT('',(59.898371685741,13.23));
#1705 = CARTESIAN_POINT('',(60.296743371482,12.54));
#1706 = CARTESIAN_POINT('',(59.5,12.54));
#1707 = ( GEOMETRIC_REPRESENTATION_CONTEXT(2) 
PARAMETRIC_REPRESENTATION_CONTEXT() REPRESENTATION_CONTEXT('2D SPACE',''
  ) );
#1708 = PCURVE('',#929,#1709);
#1709 = DEFINITIONAL_REPRESENTATION('',(#1710),#1718);
#1710 = B_SPLINE_CURVE_WITH_KNOTS('',2,(#1711,#1712,#1713,#1714,#1715,
    #1716,#1717),.UNSPECIFIED.,.F.,.F.,(3,2,2,3),(0.,2.094395102393,
    4.188790204786,6.28318530718),.PIECEWISE_BEZIER_KNOTS.);
#1711 = CARTESIAN_POINT('',(0.,-1.521));
#1712 = CARTESIAN_POINT('',(1.047197551197,-1.521));
#1713 = CARTESIAN_POINT('',(2.094395102393,-1.521));
#1714 = CARTESIAN_POINT('',(3.14159265359,-1.521));
#1715 = CARTESIAN_POINT('',(4.188790204786,-1.521));
#1716 = CARTESIAN_POINT('',(5.235987755983,-1.521));
#1717 = CARTESIAN_POINT('',(6.28318530718,-1.521));
#1718 = ( GEOMETRIC_REPRESENTATION_CONTEXT(2) 
PARAMETRIC_REPRESENTATION_CONTEXT() REPRESENTATION_CONTEXT('2D SPACE',''
  ) );
#1719 = FACE_BOUND('',#1720,.T.);
#1720 = EDGE_LOOP('',(#1721));
#1721 = ORIENTED_EDGE('',*,*,#1722,.T.);
#1722 = EDGE_CURVE('',#1723,#1723,#1725,.T.);
#1723 = VERTEX_POINT('',#1724);
#1724 = CARTESIAN_POINT('',(62.,12.54,1.6));
#1725 = SURFACE_CURVE('',#1726,(#1734,#1745),.PCURVE_S1.);
#1726 = ( BOUNDED_CURVE() B_SPLINE_CURVE(2,(#1727,#1728,#1729,#1730,
#1731,#1732,#1733),.UNSPECIFIED.,.T.,.F.) B_SPLINE_CURVE_WITH_KNOTS((1,2
    ,2,2,2,1),(-2.094395102393,0.,2.094395102393,4.188790204786,
6.28318530718,8.377580409573),.UNSPECIFIED.) CURVE() 
GEOMETRIC_REPRESENTATION_ITEM() RATIONAL_B_SPLINE_CURVE((1.,0.5,1.,0.5,
1.,0.5,1.)) REPRESENTATION_ITEM('') );
#1727 = CARTESIAN_POINT('',(62.,12.54,1.6));
#1728 = CARTESIAN_POINT('',(61.203256628518,12.54,1.6));
#1729 = CARTESIAN_POINT('',(61.601628314259,13.23,1.6));
#1730 = CARTESIAN_POINT('',(62.,13.92,1.6));
#1731 = CARTESIAN_POINT('',(62.398371685741,13.23,1.6));
#1732 = CARTESIAN_POINT('',(62.796743371482,12.54,1.6));
#1733 = CARTESIAN_POINT('',(62.,12.54,1.6));
#1734 = PCURVE('',#67,#1735);
#1735 = DEFINITIONAL_REPRESENTATION('',(#1736),#1744);
#1736 = ( BOUNDED_CURVE() B_SPLINE_CURVE(2,(#1737,#1738,#1739,#1740,
#1741,#1742,#1743),.UNSPECIFIED.,.T.,.F.) B_SPLINE_CURVE_WITH_KNOTS((3,2
    ,2,3),(0.,2.094395102393,4.188790204786,6.28318530718),
.PIECEWISE_BEZIER_KNOTS.) CURVE() GEOMETRIC_REPRESENTATION_ITEM() 
RATIONAL_B_SPLINE_CURVE((1.,0.5,1.,0.5,1.,0.5,1.)) REPRESENTATION_ITEM(
  '') );
#1737 = CARTESIAN_POINT('',(62.,12.54));
#1738 = CARTESIAN_POINT('',(61.203256628518,12.54));
#1739 = CARTESIAN_POINT('',(61.601628314259,13.23));
#1740 = CARTESIAN_POINT('',(62.,13.92));
#1741 = CARTESIAN_POINT('',(62.398371685741,13.23));
#1742 = CARTESIAN_POINT('',(62.796743371482,12.54));
#1743 = CARTESIAN_POINT('',(62.,12.54));
#1744 = ( GEOMETRIC_REPRESENTATION_CONTEXT(2) 
PARAMETRIC_REPRESENTATION_CONTEXT() REPRESENTATION_CONTEXT('2D SPACE',''
  ) );
#1745 = PCURVE('',#981,#1746);
#1746 = DEFINITIONAL_REPRESENTATION('',(#1747),#1755);
#1747 = B_SPLINE_CURVE_WITH_KNOTS('',2,(#1748,#1749,#1750,#1751,#1752,
    #1753,#1754),.UNSPECIFIED.,.F.,.F.,(3,2,2,3),(0.,2.094395102393,
    4.188790204786,6.28318530718),.PIECEWISE_BEZIER_KNOTS.);
#1748 = CARTESIAN_POINT('',(0.,-1.521));
#1749 = CARTESIAN_POINT('',(1.047197551197,-1.521));
#1750 = CARTESIAN_POINT('',(2.094395102393,-1.521));
#1751 = CARTESIAN_POINT('',(3.14159265359,-1.521));
#1752 = CARTESIAN_POINT('',(4.188790204786,-1.521));
#1753 = CARTESIAN_POINT('',(5.235987755983,-1.521));
#1754 = CARTESIAN_POINT('',(6.28318530718,-1.521));
#1755 = ( GEOMETRIC_REPRESENTATION_CONTEXT(2) 
PARAMETRIC_REPRESENTATION_CONTEXT() REPRESENTATION_CONTEXT('2D SPACE',''
  ) );
#1756 = FACE_BOUND('',#1757,.T.);
#1757 = EDGE_LOOP('',(#1758));
#1758 = ORIENTED_EDGE('',*,*,#1759,.T.);
#1759 = EDGE_CURVE('',#1760,#1760,#1762,.T.);
#1760 = VERTEX_POINT('',#1761);
#1761 = CARTESIAN_POINT('',(10.,41.15,1.6));
#1762 = SURFACE_CURVE('',#1763,(#1771,#1782),.PCURVE_S1.);
#1763 = ( BOUNDED_CURVE() B_SPLINE_CURVE(2,(#1764,#1765,#1766,#1767,
#1768,#1769,#1770),.UNSPECIFIED.,.T.,.F.) B_SPLINE_CURVE_WITH_KNOTS((1,2
    ,2,2,2,1),(-2.094395102393,0.,2.094395102393,4.188790204786,
6.28318530718,8.377580409573),.UNSPECIFIED.) CURVE() 
GEOMETRIC_REPRESENTATION_ITEM() RATIONAL_B_SPLINE_CURVE((1.,0.5,1.,0.5,
1.,0.5,1.)) REPRESENTATION_ITEM('') );
#1764 = CARTESIAN_POINT('',(10.,41.15,1.6));
#1765 = CARTESIAN_POINT('',(8.527756813566,41.15,1.6));
#1766 = CARTESIAN_POINT('',(9.263878406783,42.425,1.6));
#1767 = CARTESIAN_POINT('',(10.,43.7,1.6));
#1768 = CARTESIAN_POINT('',(10.736121593217,42.425,1.6));
#1769 = CARTESIAN_POINT('',(11.472243186434,41.15,1.6));
#1770 = CARTESIAN_POINT('',(10.,41.15,1.6));
#1771 = PCURVE('',#67,#1772);
#1772 = DEFINITIONAL_REPRESENTATION('',(#1773),#1781);
#1773 = ( BOUNDED_CURVE() B_SPLINE_CURVE(2,(#1774,#1775,#1776,#1777,
#1778,#1779,#1780),.UNSPECIFIED.,.T.,.F.) B_SPLINE_CURVE_WITH_KNOTS((3,2
    ,2,3),(0.,2.094395102393,4.188790204786,6.28318530718),
.PIECEWISE_BEZIER_KNOTS.) CURVE() GEOMETRIC_REPRESENTATION_ITEM() 
RATIONAL_B_SPLINE_CURVE((1.,0.5,1.,0.5,1.,0.5,1.)) REPRESENTATION_ITEM(
  '') );
#1774 = CARTESIAN_POINT('',(10.,41.15));
#1775 = CARTESIAN_POINT('',(8.527756813566,41.15));
#1776 = CARTESIAN_POINT('',(9.263878406783,42.425));
#1777 = CARTESIAN_POINT('',(10.,43.7));
#1778 = CARTESIAN_POINT('',(10.736121593217,42.425));
#1779 = CARTESIAN_POINT('',(11.472243186434,41.15));
#1780 = CARTESIAN_POINT('',(10.,41.15));
#1781 = ( GEOMETRIC_REPRESENTATION_CONTEXT(2) 
PARAMETRIC_REPRESENTATION_CONTEXT() REPRESENTATION_CONTEXT('2D SPACE',''
  ) );
#1782 = PCURVE('',#1033,#1783);
#1783 = DEFINITIONAL_REPRESENTATION('',(#1784),#1792);
#1784 = B_SPLINE_CURVE_WITH_KNOTS('',2,(#1785,#1786,#1787,#1788,#1789,
    #1790,#1791),.UNSPECIFIED.,.F.,.F.,(3,2,2,3),(0.,2.094395102393,
    4.188790204786,6.28318530718),.PIECEWISE_BEZIER_KNOTS.);
#1785 = CARTESIAN_POINT('',(0.,-1.521));
#1786 = CARTESIAN_POINT('',(1.047197551197,-1.521));
#1787 = CARTESIAN_POINT('',(2.094395102393,-1.521));
#1788 = CARTESIAN_POINT('',(3.14159265359,-1.521));
#1789 = CARTESIAN_POINT('',(4.188790204786,-1.521));
#1790 = CARTESIAN_POINT('',(5.235987755983,-1.521));
#1791 = CARTESIAN_POINT('',(6.28318530718,-1.521));
#1792 = ( GEOMETRIC_REPRESENTATION_CONTEXT(2) 
PARAMETRIC_REPRESENTATION_CONTEXT() REPRESENTATION_CONTEXT('2D SPACE',''
  ) );
#1793 = FACE_BOUND('',#1794,.T.);
#1794 = EDGE_LOOP('',(#1795));
#1795 = ORIENTED_EDGE('',*,*,#1796,.T.);
#1796 = EDGE_CURVE('',#1797,#1797,#1799,.T.);
#1797 = VERTEX_POINT('',#1798);
#1798 = CARTESIAN_POINT('',(3.5,44.4,1.6));
#1799 = SURFACE_CURVE('',#1800,(#1808,#1819),.PCURVE_S1.);
#1800 = ( BOUNDED_CURVE() B_SPLINE_CURVE(2,(#1801,#1802,#1803,#1804,
#1805,#1806,#1807),.UNSPECIFIED.,.T.,.F.) B_SPLINE_CURVE_WITH_KNOTS((1,2
    ,2,2,2,1),(-2.094395102393,0.,2.094395102393,4.188790204786,
6.28318530718,8.377580409573),.UNSPECIFIED.) CURVE() 
GEOMETRIC_REPRESENTATION_ITEM() RATIONAL_B_SPLINE_CURVE((1.,0.5,1.,0.5,
1.,0.5,1.)) REPRESENTATION_ITEM('') );
#1801 = CARTESIAN_POINT('',(3.5,44.4,1.6));
#1802 = CARTESIAN_POINT('',(0.72871870789,44.4,1.6));
#1803 = CARTESIAN_POINT('',(2.114359353945,46.8,1.6));
#1804 = CARTESIAN_POINT('',(3.5,49.2,1.6));
#1805 = CARTESIAN_POINT('',(4.885640646055,46.8,1.6));
#1806 = CARTESIAN_POINT('',(6.27128129211,44.4,1.6));
#1807 = CARTESIAN_POINT('',(3.5,44.4,1.6));
#1808 = PCURVE('',#67,#1809);
#1809 = DEFINITIONAL_REPRESENTATION('',(#1810),#1818);
#1810 = ( BOUNDED_CURVE() B_SPLINE_CURVE(2,(#1811,#1812,#1813,#1814,
#1815,#1816,#1817),.UNSPECIFIED.,.T.,.F.) B_SPLINE_CURVE_WITH_KNOTS((3,2
    ,2,3),(0.,2.094395102393,4.188790204786,6.28318530718),
.PIECEWISE_BEZIER_KNOTS.) CURVE() GEOMETRIC_REPRESENTATION_ITEM() 
RATIONAL_B_SPLINE_CURVE((1.,0.5,1.,0.5,1.,0.5,1.)) REPRESENTATION_ITEM(
  '') );
#1811 = CARTESIAN_POINT('',(3.5,44.4));
#1812 = CARTESIAN_POINT('',(0.72871870789,44.4));
#1813 = CARTESIAN_POINT('',(2.114359353945,46.8));
#1814 = CARTESIAN_POINT('',(3.5,49.2));
#1815 = CARTESIAN_POINT('',(4.885640646055,46.8));
#1816 = CARTESIAN_POINT('',(6.27128129211,44.4));
#1817 = CARTESIAN_POINT('',(3.5,44.4));
#1818 = ( GEOMETRIC_REPRESENTATION_CONTEXT(2) 
PARAMETRIC_REPRESENTATION_CONTEXT() REPRESENTATION_CONTEXT('2D SPACE',''
  ) );
#1819 = PCURVE('',#1085,#1820);
#1820 = DEFINITIONAL_REPRESENTATION('',(#1821),#1829);
#1821 = B_SPLINE_CURVE_WITH_KNOTS('',2,(#1822,#1823,#1824,#1825,#1826,
    #1827,#1828),.UNSPECIFIED.,.F.,.F.,(3,2,2,3),(0.,2.094395102393,
    4.188790204786,6.28318530718),.PIECEWISE_BEZIER_KNOTS.);
#1822 = CARTESIAN_POINT('',(0.,-1.521));
#1823 = CARTESIAN_POINT('',(1.047197551197,-1.521));
#1824 = CARTESIAN_POINT('',(2.094395102393,-1.521));
#1825 = CARTESIAN_POINT('',(3.14159265359,-1.521));
#1826 = CARTESIAN_POINT('',(4.188790204786,-1.521));
#1827 = CARTESIAN_POINT('',(5.235987755983,-1.521));
#1828 = CARTESIAN_POINT('',(6.28318530718,-1.521));
#1829 = ( GEOMETRIC_REPRESENTATION_CONTEXT(2) 
PARAMETRIC_REPRESENTATION_CONTEXT() REPRESENTATION_CONTEXT('2D SPACE',''
  ) );
#1830 = FACE_BOUND('',#1831,.T.);
#1831 = EDGE_LOOP('',(#1832));
#1832 = ORIENTED_EDGE('',*,*,#1833,.T.);
#1833 = EDGE_CURVE('',#1834,#1834,#1836,.T.);
#1834 = VERTEX_POINT('',#1835);
#1835 = CARTESIAN_POINT('',(13.96,41.15,1.6));
#1836 = SURFACE_CURVE('',#1837,(#1845,#1856),.PCURVE_S1.);
#1837 = ( BOUNDED_CURVE() B_SPLINE_CURVE(2,(#1838,#1839,#1840,#1841,
#1842,#1843,#1844),.UNSPECIFIED.,.T.,.F.) B_SPLINE_CURVE_WITH_KNOTS((1,2
    ,2,2,2,1),(-2.094395102393,0.,2.094395102393,4.188790204786,
6.28318530718,8.377580409573),.UNSPECIFIED.) CURVE() 
GEOMETRIC_REPRESENTATION_ITEM() RATIONAL_B_SPLINE_CURVE((1.,0.5,1.,0.5,
1.,0.5,1.)) REPRESENTATION_ITEM('') );
#1838 = CARTESIAN_POINT('',(13.96,41.15,1.6));
#1839 = CARTESIAN_POINT('',(12.487756813566,41.15,1.6));
#1840 = CARTESIAN_POINT('',(13.223878406783,42.425,1.6));
#1841 = CARTESIAN_POINT('',(13.96,43.7,1.6));
#1842 = CARTESIAN_POINT('',(14.696121593217,42.425,1.6));
#1843 = CARTESIAN_POINT('',(15.432243186434,41.15,1.6));
#1844 = CARTESIAN_POINT('',(13.96,41.15,1.6));
#1845 = PCURVE('',#67,#1846);
#1846 = DEFINITIONAL_REPRESENTATION('',(#1847),#1855);
#1847 = ( BOUNDED_CURVE() B_SPLINE_CURVE(2,(#1848,#1849,#1850,#1851,
#1852,#1853,#1854),.UNSPECIFIED.,.T.,.F.) B_SPLINE_CURVE_WITH_KNOTS((3,2
    ,2,3),(0.,2.094395102393,4.188790204786,6.28318530718),
.PIECEWISE_BEZIER_KNOTS.) CURVE() GEOMETRIC_REPRESENTATION_ITEM() 
RATIONAL_B_SPLINE_CURVE((1.,0.5,1.,0.5,1.,0.5,1.)) REPRESENTATION_ITEM(
  '') );
#1848 = CARTESIAN_POINT('',(13.96,41.15));
#1849 = CARTESIAN_POINT('',(12.487756813566,41.15));
#1850 = CARTESIAN_POINT('',(13.223878406783,42.425));
#1851 = CARTESIAN_POINT('',(13.96,43.7));
#1852 = CARTESIAN_POINT('',(14.696121593217,42.425));
#1853 = CARTESIAN_POINT('',(15.432243186434,41.15));
#1854 = CARTESIAN_POINT('',(13.96,41.15));
#1855 = ( GEOMETRIC_REPRESENTATION_CONTEXT(2) 
PARAMETRIC_REPRESENTATION_CONTEXT() REPRESENTATION_CONTEXT('2D SPACE',''
  ) );
#1856 = PCURVE('',#1137,#1857);
#1857 = DEFINITIONAL_REPRESENTATION('',(#1858),#1866);
#1858 = B_SPLINE_CURVE_WITH_KNOTS('',2,(#1859,#1860,#1861,#1862,#1863,
    #1864,#1865),.UNSPECIFIED.,.F.,.F.,(3,2,2,3),(0.,2.094395102393,
    4.188790204786,6.28318530718),.PIECEWISE_BEZIER_KNOTS.);
#1859 = CARTESIAN_POINT('',(0.,-1.521));
#1860 = CARTESIAN_POINT('',(1.047197551197,-1.521));
#1861 = CARTESIAN_POINT('',(2.094395102393,-1.521));
#1862 = CARTESIAN_POINT('',(3.14159265359,-1.521));
#1863 = CARTESIAN_POINT('',(4.188790204786,-1.521));
#1864 = CARTESIAN_POINT('',(5.235987755983,-1.521));
#1865 = CARTESIAN_POINT('',(6.28318530718,-1.521));
#1866 = ( GEOMETRIC_REPRESENTATION_CONTEXT(2) 
PARAMETRIC_REPRESENTATION_CONTEXT() REPRESENTATION_CONTEXT('2D SPACE',''
  ) );
#1867 = FACE_BOUND('',#1868,.T.);
#1868 = EDGE_LOOP('',(#1869));
#1869 = ORIENTED_EDGE('',*,*,#1870,.T.);
#1870 = EDGE_CURVE('',#1871,#1871,#1873,.T.);
#1871 = VERTEX_POINT('',#1872);
#1872 = CARTESIAN_POINT('',(76.5,44.4,1.6));
#1873 = SURFACE_CURVE('',#1874,(#1882,#1893),.PCURVE_S1.);
#1874 = ( BOUNDED_CURVE() B_SPLINE_CURVE(2,(#1875,#1876,#1877,#1878,
#1879,#1880,#1881),.UNSPECIFIED.,.T.,.F.) B_SPLINE_CURVE_WITH_KNOTS((1,2
    ,2,2,2,1),(-2.094395102393,0.,2.094395102393,4.188790204786,
6.28318530718,8.377580409573),.UNSPECIFIED.) CURVE() 
GEOMETRIC_REPRESENTATION_ITEM() RATIONAL_B_SPLINE_CURVE((1.,0.5,1.,0.5,
1.,0.5,1.)) REPRESENTATION_ITEM('') );
#1875 = CARTESIAN_POINT('',(76.5,44.4,1.6));
#1876 = CARTESIAN_POINT('',(73.72871870789,44.4,1.6));
#1877 = CARTESIAN_POINT('',(75.114359353945,46.8,1.6));
#1878 = CARTESIAN_POINT('',(76.5,49.2,1.6));
#1879 = CARTESIAN_POINT('',(77.885640646055,46.8,1.6));
#1880 = CARTESIAN_POINT('',(79.27128129211,44.4,1.6));
#1881 = CARTESIAN_POINT('',(76.5,44.4,1.6));
#1882 = PCURVE('',#67,#1883);
#1883 = DEFINITIONAL_REPRESENTATION('',(#1884),#1892);
#1884 = ( BOUNDED_CURVE() B_SPLINE_CURVE(2,(#1885,#1886,#1887,#1888,
#1889,#1890,#1891),.UNSPECIFIED.,.T.,.F.) B_SPLINE_CURVE_WITH_KNOTS((3,2
    ,2,3),(0.,2.094395102393,4.188790204786,6.28318530718),
.PIECEWISE_BEZIER_KNOTS.) CURVE() GEOMETRIC_REPRESENTATION_ITEM() 
RATIONAL_B_SPLINE_CURVE((1.,0.5,1.,0.5,1.,0.5,1.)) REPRESENTATION_ITEM(
  '') );
#1885 = CARTESIAN_POINT('',(76.5,44.4));
#1886 = CARTESIAN_POINT('',(73.72871870789,44.4));
#1887 = CARTESIAN_POINT('',(75.114359353945,46.8));
#1888 = CARTESIAN_POINT('',(76.5,49.2));
#1889 = CARTESIAN_POINT('',(77.885640646055,46.8));
#1890 = CARTESIAN_POINT('',(79.27128129211,44.4));
#1891 = CARTESIAN_POINT('',(76.5,44.4));
#1892 = ( GEOMETRIC_REPRESENTATION_CONTEXT(2) 
PARAMETRIC_REPRESENTATION_CONTEXT() REPRESENTATION_CONTEXT('2D SPACE',''
  ) );
#1893 = PCURVE('',#1189,#1894);
#1894 = DEFINITIONAL_REPRESENTATION('',(#1895),#1903);
#1895 = B_SPLINE_CURVE_WITH_KNOTS('',2,(#1896,#1897,#1898,#1899,#1900,
    #1901,#1902),.UNSPECIFIED.,.F.,.F.,(3,2,2,3),(0.,2.094395102393,
    4.188790204786,6.28318530718),.PIECEWISE_BEZIER_KNOTS.);
#1896 = CARTESIAN_POINT('',(0.,-1.521));
#1897 = CARTESIAN_POINT('',(1.047197551197,-1.521));
#1898 = CARTESIAN_POINT('',(2.094395102393,-1.521));
#1899 = CARTESIAN_POINT('',(3.14159265359,-1.521));
#1900 = CARTESIAN_POINT('',(4.188790204786,-1.521));
#1901 = CARTESIAN_POINT('',(5.235987755983,-1.521));
#1902 = CARTESIAN_POINT('',(6.28318530718,-1.521));
#1903 = ( GEOMETRIC_REPRESENTATION_CONTEXT(2) 
PARAMETRIC_REPRESENTATION_CONTEXT() REPRESENTATION_CONTEXT('2D SPACE',''
  ) );
#1904 = ADVANCED_FACE('',(#1905),#145,.T.);
#1905 = FACE_BOUND('',#1906,.T.);
#1906 = EDGE_LOOP('',(#1907,#1908,#1909,#1910));
#1907 = ORIENTED_EDGE('',*,*,#217,.T.);
#1908 = ORIENTED_EDGE('',*,*,#1220,.T.);
#1909 = ORIENTED_EDGE('',*,*,#129,.F.);
#1910 = ORIENTED_EDGE('',*,*,#260,.F.);
#1911 = ADVANCED_FACE('',(#1912),#305,.F.);
#1912 = FACE_BOUND('',#1913,.F.);
#1913 = EDGE_LOOP('',(#1914,#1934,#1935,#1936));
#1914 = ORIENTED_EDGE('',*,*,#1915,.T.);
#1915 = EDGE_CURVE('',#282,#1242,#1916,.T.);
#1916 = SEAM_CURVE('',#1917,(#1920,#1927),.PCURVE_S1.);
#1917 = B_SPLINE_CURVE_WITH_KNOTS('',1,(#1918,#1919),.UNSPECIFIED.,.F.,
  .F.,(2,2),(8.1E-02,1.521),.PIECEWISE_BEZIER_KNOTS.);
#1918 = CARTESIAN_POINT('',(3.5,2.4,0.));
#1919 = CARTESIAN_POINT('',(3.5,2.4,1.6));
#1920 = PCURVE('',#305,#1921);
#1921 = DEFINITIONAL_REPRESENTATION('',(#1922),#1926);
#1922 = B_SPLINE_CURVE_WITH_KNOTS('',2,(#1923,#1924,#1925),
  .UNSPECIFIED.,.F.,.F.,(3,3),(8.1E-02,1.521),.PIECEWISE_BEZIER_KNOTS.);
#1923 = CARTESIAN_POINT('',(0.,-8.1E-02));
#1924 = CARTESIAN_POINT('',(0.,-0.801));
#1925 = CARTESIAN_POINT('',(0.,-1.521));
#1926 = ( GEOMETRIC_REPRESENTATION_CONTEXT(2) 
PARAMETRIC_REPRESENTATION_CONTEXT() REPRESENTATION_CONTEXT('2D SPACE',''
  ) );
#1927 = PCURVE('',#305,#1928);
#1928 = DEFINITIONAL_REPRESENTATION('',(#1929),#1933);
#1929 = B_SPLINE_CURVE_WITH_KNOTS('',2,(#1930,#1931,#1932),
  .UNSPECIFIED.,.F.,.F.,(3,3),(8.1E-02,1.521),.PIECEWISE_BEZIER_KNOTS.);
#1930 = CARTESIAN_POINT('',(6.28318530718,-8.1E-02));
#1931 = CARTESIAN_POINT('',(6.28318530718,-0.801));
#1932 = CARTESIAN_POINT('',(6.28318530718,-1.521));
#1933 = ( GEOMETRIC_REPRESENTATION_CONTEXT(2) 
PARAMETRIC_REPRESENTATION_CONTEXT() REPRESENTATION_CONTEXT('2D SPACE',''
  ) );
#1934 = ORIENTED_EDGE('',*,*,#1241,.T.);
#1935 = ORIENTED_EDGE('',*,*,#1915,.F.);
#1936 = ORIENTED_EDGE('',*,*,#281,.F.);
#1937 = ADVANCED_FACE('',(#1938),#357,.F.);
#1938 = FACE_BOUND('',#1939,.F.);
#1939 = EDGE_LOOP('',(#1940,#1960,#1961,#1962));
#1940 = ORIENTED_EDGE('',*,*,#1941,.T.);
#1941 = EDGE_CURVE('',#334,#1279,#1942,.T.);
#1942 = SEAM_CURVE('',#1943,(#1946,#1953),.PCURVE_S1.);
#1943 = B_SPLINE_CURVE_WITH_KNOTS('',1,(#1944,#1945),.UNSPECIFIED.,.F.,
  .F.,(2,2),(8.1E-02,1.521),.PIECEWISE_BEZIER_KNOTS.);
#1944 = CARTESIAN_POINT('',(8.93,9.14,0.));
#1945 = CARTESIAN_POINT('',(8.93,9.14,1.6));
#1946 = PCURVE('',#357,#1947);
#1947 = DEFINITIONAL_REPRESENTATION('',(#1948),#1952);
#1948 = B_SPLINE_CURVE_WITH_KNOTS('',2,(#1949,#1950,#1951),
  .UNSPECIFIED.,.F.,.F.,(3,3),(8.1E-02,1.521),.PIECEWISE_BEZIER_KNOTS.);
#1949 = CARTESIAN_POINT('',(0.,-8.1E-02));
#1950 = CARTESIAN_POINT('',(0.,-0.801));
#1951 = CARTESIAN_POINT('',(0.,-1.521));
#1952 = ( GEOMETRIC_REPRESENTATION_CONTEXT(2) 
PARAMETRIC_REPRESENTATION_CONTEXT() REPRESENTATION_CONTEXT('2D SPACE',''
  ) );
#1953 = PCURVE('',#357,#1954);
#1954 = DEFINITIONAL_REPRESENTATION('',(#1955),#1959);
#1955 = B_SPLINE_CURVE_WITH_KNOTS('',2,(#1956,#1957,#1958),
  .UNSPECIFIED.,.F.,.F.,(3,3),(8.1E-02,1.521),.PIECEWISE_BEZIER_KNOTS.);
#1956 = CARTESIAN_POINT('',(6.28318530718,-8.1E-02));
#1957 = CARTESIAN_POINT('',(6.28318530718,-0.801));
#1958 = CARTESIAN_POINT('',(6.28318530718,-1.521));
#1959 = ( GEOMETRIC_REPRESENTATION_CONTEXT(2) 
PARAMETRIC_REPRESENTATION_CONTEXT() REPRESENTATION_CONTEXT('2D SPACE',''
  ) );
#1960 = ORIENTED_EDGE('',*,*,#1278,.T.);
#1961 = ORIENTED_EDGE('',*,*,#1941,.F.);
#1962 = ORIENTED_EDGE('',*,*,#333,.F.);
#1963 = ADVANCED_FACE('',(#1964),#409,.F.);
#1964 = FACE_BOUND('',#1965,.F.);
#1965 = EDGE_LOOP('',(#1966,#1986,#1987,#1988));
#1966 = ORIENTED_EDGE('',*,*,#1967,.T.);
#1967 = EDGE_CURVE('',#386,#1316,#1968,.T.);
#1968 = SEAM_CURVE('',#1969,(#1972,#1979),.PCURVE_S1.);
#1969 = B_SPLINE_CURVE_WITH_KNOTS('',1,(#1970,#1971),.UNSPECIFIED.,.F.,
  .F.,(2,2),(8.1E-02,1.521),.PIECEWISE_BEZIER_KNOTS.);
#1970 = CARTESIAN_POINT('',(12.,12.54,0.));
#1971 = CARTESIAN_POINT('',(12.,12.54,1.6));
#1972 = PCURVE('',#409,#1973);
#1973 = DEFINITIONAL_REPRESENTATION('',(#1974),#1978);
#1974 = B_SPLINE_CURVE_WITH_KNOTS('',2,(#1975,#1976,#1977),
  .UNSPECIFIED.,.F.,.F.,(3,3),(8.1E-02,1.521),.PIECEWISE_BEZIER_KNOTS.);
#1975 = CARTESIAN_POINT('',(0.,-8.1E-02));
#1976 = CARTESIAN_POINT('',(0.,-0.801));
#1977 = CARTESIAN_POINT('',(0.,-1.521));
#1978 = ( GEOMETRIC_REPRESENTATION_CONTEXT(2) 
PARAMETRIC_REPRESENTATION_CONTEXT() REPRESENTATION_CONTEXT('2D SPACE',''
  ) );
#1979 = PCURVE('',#409,#1980);
#1980 = DEFINITIONAL_REPRESENTATION('',(#1981),#1985);
#1981 = B_SPLINE_CURVE_WITH_KNOTS('',2,(#1982,#1983,#1984),
  .UNSPECIFIED.,.F.,.F.,(3,3),(8.1E-02,1.521),.PIECEWISE_BEZIER_KNOTS.);
#1982 = CARTESIAN_POINT('',(6.28318530718,-8.1E-02));
#1983 = CARTESIAN_POINT('',(6.28318530718,-0.801));
#1984 = CARTESIAN_POINT('',(6.28318530718,-1.521));
#1985 = ( GEOMETRIC_REPRESENTATION_CONTEXT(2) 
PARAMETRIC_REPRESENTATION_CONTEXT() REPRESENTATION_CONTEXT('2D SPACE',''
  ) );
#1986 = ORIENTED_EDGE('',*,*,#1315,.T.);
#1987 = ORIENTED_EDGE('',*,*,#1967,.F.);
#1988 = ORIENTED_EDGE('',*,*,#385,.F.);
#1989 = ADVANCED_FACE('',(#1990),#461,.F.);
#1990 = FACE_BOUND('',#1991,.F.);
#1991 = EDGE_LOOP('',(#1992,#2012,#2013,#2014));
#1992 = ORIENTED_EDGE('',*,*,#1993,.T.);
#1993 = EDGE_CURVE('',#438,#1353,#1994,.T.);
#1994 = SEAM_CURVE('',#1995,(#1998,#2005),.PCURVE_S1.);
#1995 = B_SPLINE_CURVE_WITH_KNOTS('',1,(#1996,#1997),.UNSPECIFIED.,.F.,
  .F.,(2,2),(8.1E-02,1.521),.PIECEWISE_BEZIER_KNOTS.);
#1996 = CARTESIAN_POINT('',(14.5,12.54,0.));
#1997 = CARTESIAN_POINT('',(14.5,12.54,1.6));
#1998 = PCURVE('',#461,#1999);
#1999 = DEFINITIONAL_REPRESENTATION('',(#2000),#2004);
#2000 = B_SPLINE_CURVE_WITH_KNOTS('',2,(#2001,#2002,#2003),
  .UNSPECIFIED.,.F.,.F.,(3,3),(8.1E-02,1.521),.PIECEWISE_BEZIER_KNOTS.);
#2001 = CARTESIAN_POINT('',(0.,-8.1E-02));
#2002 = CARTESIAN_POINT('',(0.,-0.801));
#2003 = CARTESIAN_POINT('',(0.,-1.521));
#2004 = ( GEOMETRIC_REPRESENTATION_CONTEXT(2) 
PARAMETRIC_REPRESENTATION_CONTEXT() REPRESENTATION_CONTEXT('2D SPACE',''
  ) );
#2005 = PCURVE('',#461,#2006);
#2006 = DEFINITIONAL_REPRESENTATION('',(#2007),#2011);
#2007 = B_SPLINE_CURVE_WITH_KNOTS('',2,(#2008,#2009,#2010),
  .UNSPECIFIED.,.F.,.F.,(3,3),(8.1E-02,1.521),.PIECEWISE_BEZIER_KNOTS.);
#2008 = CARTESIAN_POINT('',(6.28318530718,-8.1E-02));
#2009 = CARTESIAN_POINT('',(6.28318530718,-0.801));
#2010 = CARTESIAN_POINT('',(6.28318530718,-1.521));
#2011 = ( GEOMETRIC_REPRESENTATION_CONTEXT(2) 
PARAMETRIC_REPRESENTATION_CONTEXT() REPRESENTATION_CONTEXT('2D SPACE',''
  ) );
#2012 = ORIENTED_EDGE('',*,*,#1352,.T.);
#2013 = ORIENTED_EDGE('',*,*,#1993,.F.);
#2014 = ORIENTED_EDGE('',*,*,#437,.F.);
#2015 = ADVANCED_FACE('',(#2016),#513,.F.);
#2016 = FACE_BOUND('',#2017,.F.);
#2017 = EDGE_LOOP('',(#2018,#2038,#2039,#2040));
#2018 = ORIENTED_EDGE('',*,*,#2019,.T.);
#2019 = EDGE_CURVE('',#490,#1390,#2020,.T.);
#2020 = SEAM_CURVE('',#2021,(#2024,#2031),.PCURVE_S1.);
#2021 = B_SPLINE_CURVE_WITH_KNOTS('',1,(#2022,#2023),.UNSPECIFIED.,.F.,
  .F.,(2,2),(8.1E-02,1.521),.PIECEWISE_BEZIER_KNOTS.);
#2022 = CARTESIAN_POINT('',(16.5,12.54,0.));
#2023 = CARTESIAN_POINT('',(16.5,12.54,1.6));
#2024 = PCURVE('',#513,#2025);
#2025 = DEFINITIONAL_REPRESENTATION('',(#2026),#2030);
#2026 = B_SPLINE_CURVE_WITH_KNOTS('',2,(#2027,#2028,#2029),
  .UNSPECIFIED.,.F.,.F.,(3,3),(8.1E-02,1.521),.PIECEWISE_BEZIER_KNOTS.);
#2027 = CARTESIAN_POINT('',(0.,-8.1E-02));
#2028 = CARTESIAN_POINT('',(0.,-0.801));
#2029 = CARTESIAN_POINT('',(0.,-1.521));
#2030 = ( GEOMETRIC_REPRESENTATION_CONTEXT(2) 
PARAMETRIC_REPRESENTATION_CONTEXT() REPRESENTATION_CONTEXT('2D SPACE',''
  ) );
#2031 = PCURVE('',#513,#2032);
#2032 = DEFINITIONAL_REPRESENTATION('',(#2033),#2037);
#2033 = B_SPLINE_CURVE_WITH_KNOTS('',2,(#2034,#2035,#2036),
  .UNSPECIFIED.,.F.,.F.,(3,3),(8.1E-02,1.521),.PIECEWISE_BEZIER_KNOTS.);
#2034 = CARTESIAN_POINT('',(6.28318530718,-8.1E-02));
#2035 = CARTESIAN_POINT('',(6.28318530718,-0.801));
#2036 = CARTESIAN_POINT('',(6.28318530718,-1.521));
#2037 = ( GEOMETRIC_REPRESENTATION_CONTEXT(2) 
PARAMETRIC_REPRESENTATION_CONTEXT() REPRESENTATION_CONTEXT('2D SPACE',''
  ) );
#2038 = ORIENTED_EDGE('',*,*,#1389,.T.);
#2039 = ORIENTED_EDGE('',*,*,#2019,.F.);
#2040 = ORIENTED_EDGE('',*,*,#489,.F.);
#2041 = ADVANCED_FACE('',(#2042),#565,.F.);
#2042 = FACE_BOUND('',#2043,.F.);
#2043 = EDGE_LOOP('',(#2044,#2064,#2065,#2066));
#2044 = ORIENTED_EDGE('',*,*,#2045,.T.);
#2045 = EDGE_CURVE('',#542,#1427,#2046,.T.);
#2046 = SEAM_CURVE('',#2047,(#2050,#2057),.PCURVE_S1.);
#2047 = B_SPLINE_CURVE_WITH_KNOTS('',1,(#2048,#2049),.UNSPECIFIED.,.F.,
  .F.,(2,2),(8.1E-02,1.521),.PIECEWISE_BEZIER_KNOTS.);
#2048 = CARTESIAN_POINT('',(19.,12.54,0.));
#2049 = CARTESIAN_POINT('',(19.,12.54,1.6));
#2050 = PCURVE('',#565,#2051);
#2051 = DEFINITIONAL_REPRESENTATION('',(#2052),#2056);
#2052 = B_SPLINE_CURVE_WITH_KNOTS('',2,(#2053,#2054,#2055),
  .UNSPECIFIED.,.F.,.F.,(3,3),(8.1E-02,1.521),.PIECEWISE_BEZIER_KNOTS.);
#2053 = CARTESIAN_POINT('',(0.,-8.1E-02));
#2054 = CARTESIAN_POINT('',(0.,-0.801));
#2055 = CARTESIAN_POINT('',(0.,-1.521));
#2056 = ( GEOMETRIC_REPRESENTATION_CONTEXT(2) 
PARAMETRIC_REPRESENTATION_CONTEXT() REPRESENTATION_CONTEXT('2D SPACE',''
  ) );
#2057 = PCURVE('',#565,#2058);
#2058 = DEFINITIONAL_REPRESENTATION('',(#2059),#2063);
#2059 = B_SPLINE_CURVE_WITH_KNOTS('',2,(#2060,#2061,#2062),
  .UNSPECIFIED.,.F.,.F.,(3,3),(8.1E-02,1.521),.PIECEWISE_BEZIER_KNOTS.);
#2060 = CARTESIAN_POINT('',(6.28318530718,-8.1E-02));
#2061 = CARTESIAN_POINT('',(6.28318530718,-0.801));
#2062 = CARTESIAN_POINT('',(6.28318530718,-1.521));
#2063 = ( GEOMETRIC_REPRESENTATION_CONTEXT(2) 
PARAMETRIC_REPRESENTATION_CONTEXT() REPRESENTATION_CONTEXT('2D SPACE',''
  ) );
#2064 = ORIENTED_EDGE('',*,*,#1426,.T.);
#2065 = ORIENTED_EDGE('',*,*,#2045,.F.);
#2066 = ORIENTED_EDGE('',*,*,#541,.F.);
#2067 = ADVANCED_FACE('',(#2068),#617,.F.);
#2068 = FACE_BOUND('',#2069,.F.);
#2069 = EDGE_LOOP('',(#2070,#2090,#2091,#2092));
#2070 = ORIENTED_EDGE('',*,*,#2071,.T.);
#2071 = EDGE_CURVE('',#594,#1464,#2072,.T.);
#2072 = SEAM_CURVE('',#2073,(#2076,#2083),.PCURVE_S1.);
#2073 = B_SPLINE_CURVE_WITH_KNOTS('',1,(#2074,#2075),.UNSPECIFIED.,.F.,
  .F.,(2,2),(8.1E-02,1.521),.PIECEWISE_BEZIER_KNOTS.);
#2074 = CARTESIAN_POINT('',(22.07,9.14,0.));
#2075 = CARTESIAN_POINT('',(22.07,9.14,1.6));
#2076 = PCURVE('',#617,#2077);
#2077 = DEFINITIONAL_REPRESENTATION('',(#2078),#2082);
#2078 = B_SPLINE_CURVE_WITH_KNOTS('',2,(#2079,#2080,#2081),
  .UNSPECIFIED.,.F.,.F.,(3,3),(8.1E-02,1.521),.PIECEWISE_BEZIER_KNOTS.);
#2079 = CARTESIAN_POINT('',(0.,-8.1E-02));
#2080 = CARTESIAN_POINT('',(0.,-0.801));
#2081 = CARTESIAN_POINT('',(0.,-1.521));
#2082 = ( GEOMETRIC_REPRESENTATION_CONTEXT(2) 
PARAMETRIC_REPRESENTATION_CONTEXT() REPRESENTATION_CONTEXT('2D SPACE',''
  ) );
#2083 = PCURVE('',#617,#2084);
#2084 = DEFINITIONAL_REPRESENTATION('',(#2085),#2089);
#2085 = B_SPLINE_CURVE_WITH_KNOTS('',2,(#2086,#2087,#2088),
  .UNSPECIFIED.,.F.,.F.,(3,3),(8.1E-02,1.521),.PIECEWISE_BEZIER_KNOTS.);
#2086 = CARTESIAN_POINT('',(6.28318530718,-8.1E-02));
#2087 = CARTESIAN_POINT('',(6.28318530718,-0.801));
#2088 = CARTESIAN_POINT('',(6.28318530718,-1.521));
#2089 = ( GEOMETRIC_REPRESENTATION_CONTEXT(2) 
PARAMETRIC_REPRESENTATION_CONTEXT() REPRESENTATION_CONTEXT('2D SPACE',''
  ) );
#2090 = ORIENTED_EDGE('',*,*,#1463,.T.);
#2091 = ORIENTED_EDGE('',*,*,#2071,.F.);
#2092 = ORIENTED_EDGE('',*,*,#593,.F.);
#2093 = ADVANCED_FACE('',(#2094),#669,.F.);
#2094 = FACE_BOUND('',#2095,.F.);
#2095 = EDGE_LOOP('',(#2096,#2116,#2117,#2118));
#2096 = ORIENTED_EDGE('',*,*,#2097,.T.);
#2097 = EDGE_CURVE('',#646,#1501,#2098,.T.);
#2098 = SEAM_CURVE('',#2099,(#2102,#2109),.PCURVE_S1.);
#2099 = B_SPLINE_CURVE_WITH_KNOTS('',1,(#2100,#2101),.UNSPECIFIED.,.F.,
  .F.,(2,2),(8.1E-02,1.521),.PIECEWISE_BEZIER_KNOTS.);
#2100 = CARTESIAN_POINT('',(51.93,9.14,0.));
#2101 = CARTESIAN_POINT('',(51.93,9.14,1.6));
#2102 = PCURVE('',#669,#2103);
#2103 = DEFINITIONAL_REPRESENTATION('',(#2104),#2108);
#2104 = B_SPLINE_CURVE_WITH_KNOTS('',2,(#2105,#2106,#2107),
  .UNSPECIFIED.,.F.,.F.,(3,3),(8.1E-02,1.521),.PIECEWISE_BEZIER_KNOTS.);
#2105 = CARTESIAN_POINT('',(0.,-8.1E-02));
#2106 = CARTESIAN_POINT('',(0.,-0.801));
#2107 = CARTESIAN_POINT('',(0.,-1.521));
#2108 = ( GEOMETRIC_REPRESENTATION_CONTEXT(2) 
PARAMETRIC_REPRESENTATION_CONTEXT() REPRESENTATION_CONTEXT('2D SPACE',''
  ) );
#2109 = PCURVE('',#669,#2110);
#2110 = DEFINITIONAL_REPRESENTATION('',(#2111),#2115);
#2111 = B_SPLINE_CURVE_WITH_KNOTS('',2,(#2112,#2113,#2114),
  .UNSPECIFIED.,.F.,.F.,(3,3),(8.1E-02,1.521),.PIECEWISE_BEZIER_KNOTS.);
#2112 = CARTESIAN_POINT('',(6.28318530718,-8.1E-02));
#2113 = CARTESIAN_POINT('',(6.28318530718,-0.801));
#2114 = CARTESIAN_POINT('',(6.28318530718,-1.521));
#2115 = ( GEOMETRIC_REPRESENTATION_CONTEXT(2) 
PARAMETRIC_REPRESENTATION_CONTEXT() REPRESENTATION_CONTEXT('2D SPACE',''
  ) );
#2116 = ORIENTED_EDGE('',*,*,#1500,.T.);
#2117 = ORIENTED_EDGE('',*,*,#2097,.F.);
#2118 = ORIENTED_EDGE('',*,*,#645,.F.);
#2119 = ADVANCED_FACE('',(#2120),#721,.F.);
#2120 = FACE_BOUND('',#2121,.F.);
#2121 = EDGE_LOOP('',(#2122,#2142,#2143,#2144));
#2122 = ORIENTED_EDGE('',*,*,#2123,.T.);
#2123 = EDGE_CURVE('',#698,#1538,#2124,.T.);
#2124 = SEAM_CURVE('',#2125,(#2128,#2135),.PCURVE_S1.);
#2125 = B_SPLINE_CURVE_WITH_KNOTS('',1,(#2126,#2127),.UNSPECIFIED.,.F.,
  .F.,(2,2),(8.1E-02,1.521),.PIECEWISE_BEZIER_KNOTS.);
#2126 = CARTESIAN_POINT('',(55.,12.54,0.));
#2127 = CARTESIAN_POINT('',(55.,12.54,1.6));
#2128 = PCURVE('',#721,#2129);
#2129 = DEFINITIONAL_REPRESENTATION('',(#2130),#2134);
#2130 = B_SPLINE_CURVE_WITH_KNOTS('',2,(#2131,#2132,#2133),
  .UNSPECIFIED.,.F.,.F.,(3,3),(8.1E-02,1.521),.PIECEWISE_BEZIER_KNOTS.);
#2131 = CARTESIAN_POINT('',(0.,-8.1E-02));
#2132 = CARTESIAN_POINT('',(0.,-0.801));
#2133 = CARTESIAN_POINT('',(0.,-1.521));
#2134 = ( GEOMETRIC_REPRESENTATION_CONTEXT(2) 
PARAMETRIC_REPRESENTATION_CONTEXT() REPRESENTATION_CONTEXT('2D SPACE',''
  ) );
#2135 = PCURVE('',#721,#2136);
#2136 = DEFINITIONAL_REPRESENTATION('',(#2137),#2141);
#2137 = B_SPLINE_CURVE_WITH_KNOTS('',2,(#2138,#2139,#2140),
  .UNSPECIFIED.,.F.,.F.,(3,3),(8.1E-02,1.521),.PIECEWISE_BEZIER_KNOTS.);
#2138 = CARTESIAN_POINT('',(6.28318530718,-8.1E-02));
#2139 = CARTESIAN_POINT('',(6.28318530718,-0.801));
#2140 = CARTESIAN_POINT('',(6.28318530718,-1.521));
#2141 = ( GEOMETRIC_REPRESENTATION_CONTEXT(2) 
PARAMETRIC_REPRESENTATION_CONTEXT() REPRESENTATION_CONTEXT('2D SPACE',''
  ) );
#2142 = ORIENTED_EDGE('',*,*,#1537,.T.);
#2143 = ORIENTED_EDGE('',*,*,#2123,.F.);
#2144 = ORIENTED_EDGE('',*,*,#697,.F.);
#2145 = ADVANCED_FACE('',(#2146),#773,.F.);
#2146 = FACE_BOUND('',#2147,.F.);
#2147 = EDGE_LOOP('',(#2148,#2168,#2169,#2170));
#2148 = ORIENTED_EDGE('',*,*,#2149,.T.);
#2149 = EDGE_CURVE('',#750,#1575,#2150,.T.);
#2150 = SEAM_CURVE('',#2151,(#2154,#2161),.PCURVE_S1.);
#2151 = B_SPLINE_CURVE_WITH_KNOTS('',1,(#2152,#2153),.UNSPECIFIED.,.F.,
  .F.,(2,2),(8.1E-02,1.521),.PIECEWISE_BEZIER_KNOTS.);
#2152 = CARTESIAN_POINT('',(57.5,12.54,0.));
#2153 = CARTESIAN_POINT('',(57.5,12.54,1.6));
#2154 = PCURVE('',#773,#2155);
#2155 = DEFINITIONAL_REPRESENTATION('',(#2156),#2160);
#2156 = B_SPLINE_CURVE_WITH_KNOTS('',2,(#2157,#2158,#2159),
  .UNSPECIFIED.,.F.,.F.,(3,3),(8.1E-02,1.521),.PIECEWISE_BEZIER_KNOTS.);
#2157 = CARTESIAN_POINT('',(0.,-8.1E-02));
#2158 = CARTESIAN_POINT('',(0.,-0.801));
#2159 = CARTESIAN_POINT('',(0.,-1.521));
#2160 = ( GEOMETRIC_REPRESENTATION_CONTEXT(2) 
PARAMETRIC_REPRESENTATION_CONTEXT() REPRESENTATION_CONTEXT('2D SPACE',''
  ) );
#2161 = PCURVE('',#773,#2162);
#2162 = DEFINITIONAL_REPRESENTATION('',(#2163),#2167);
#2163 = B_SPLINE_CURVE_WITH_KNOTS('',2,(#2164,#2165,#2166),
  .UNSPECIFIED.,.F.,.F.,(3,3),(8.1E-02,1.521),.PIECEWISE_BEZIER_KNOTS.);
#2164 = CARTESIAN_POINT('',(6.28318530718,-8.1E-02));
#2165 = CARTESIAN_POINT('',(6.28318530718,-0.801));
#2166 = CARTESIAN_POINT('',(6.28318530718,-1.521));
#2167 = ( GEOMETRIC_REPRESENTATION_CONTEXT(2) 
PARAMETRIC_REPRESENTATION_CONTEXT() REPRESENTATION_CONTEXT('2D SPACE',''
  ) );
#2168 = ORIENTED_EDGE('',*,*,#1574,.T.);
#2169 = ORIENTED_EDGE('',*,*,#2149,.F.);
#2170 = ORIENTED_EDGE('',*,*,#749,.F.);
#2171 = ADVANCED_FACE('',(#2172),#825,.F.);
#2172 = FACE_BOUND('',#2173,.F.);
#2173 = EDGE_LOOP('',(#2174,#2194,#2195,#2196));
#2174 = ORIENTED_EDGE('',*,*,#2175,.T.);
#2175 = EDGE_CURVE('',#802,#1612,#2176,.T.);
#2176 = SEAM_CURVE('',#2177,(#2180,#2187),.PCURVE_S1.);
#2177 = B_SPLINE_CURVE_WITH_KNOTS('',1,(#2178,#2179),.UNSPECIFIED.,.F.,
  .F.,(2,2),(8.1E-02,1.521),.PIECEWISE_BEZIER_KNOTS.);
#2178 = CARTESIAN_POINT('',(76.5,2.4,0.));
#2179 = CARTESIAN_POINT('',(76.5,2.4,1.6));
#2180 = PCURVE('',#825,#2181);
#2181 = DEFINITIONAL_REPRESENTATION('',(#2182),#2186);
#2182 = B_SPLINE_CURVE_WITH_KNOTS('',2,(#2183,#2184,#2185),
  .UNSPECIFIED.,.F.,.F.,(3,3),(8.1E-02,1.521),.PIECEWISE_BEZIER_KNOTS.);
#2183 = CARTESIAN_POINT('',(0.,-8.1E-02));
#2184 = CARTESIAN_POINT('',(0.,-0.801));
#2185 = CARTESIAN_POINT('',(0.,-1.521));
#2186 = ( GEOMETRIC_REPRESENTATION_CONTEXT(2) 
PARAMETRIC_REPRESENTATION_CONTEXT() REPRESENTATION_CONTEXT('2D SPACE',''
  ) );
#2187 = PCURVE('',#825,#2188);
#2188 = DEFINITIONAL_REPRESENTATION('',(#2189),#2193);
#2189 = B_SPLINE_CURVE_WITH_KNOTS('',2,(#2190,#2191,#2192),
  .UNSPECIFIED.,.F.,.F.,(3,3),(8.1E-02,1.521),.PIECEWISE_BEZIER_KNOTS.);
#2190 = CARTESIAN_POINT('',(6.28318530718,-8.1E-02));
#2191 = CARTESIAN_POINT('',(6.28318530718,-0.801));
#2192 = CARTESIAN_POINT('',(6.28318530718,-1.521));
#2193 = ( GEOMETRIC_REPRESENTATION_CONTEXT(2) 
PARAMETRIC_REPRESENTATION_CONTEXT() REPRESENTATION_CONTEXT('2D SPACE',''
  ) );
#2194 = ORIENTED_EDGE('',*,*,#1611,.T.);
#2195 = ORIENTED_EDGE('',*,*,#2175,.F.);
#2196 = ORIENTED_EDGE('',*,*,#801,.F.);
#2197 = ADVANCED_FACE('',(#2198),#877,.F.);
#2198 = FACE_BOUND('',#2199,.F.);
#2199 = EDGE_LOOP('',(#2200,#2220,#2221,#2222));
#2200 = ORIENTED_EDGE('',*,*,#2201,.T.);
#2201 = EDGE_CURVE('',#854,#1649,#2202,.T.);
#2202 = SEAM_CURVE('',#2203,(#2206,#2213),.PCURVE_S1.);
#2203 = B_SPLINE_CURVE_WITH_KNOTS('',1,(#2204,#2205),.UNSPECIFIED.,.F.,
  .F.,(2,2),(8.1E-02,1.521),.PIECEWISE_BEZIER_KNOTS.);
#2204 = CARTESIAN_POINT('',(65.07,9.14,0.));
#2205 = CARTESIAN_POINT('',(65.07,9.14,1.6));
#2206 = PCURVE('',#877,#2207);
#2207 = DEFINITIONAL_REPRESENTATION('',(#2208),#2212);
#2208 = B_SPLINE_CURVE_WITH_KNOTS('',2,(#2209,#2210,#2211),
  .UNSPECIFIED.,.F.,.F.,(3,3),(8.1E-02,1.521),.PIECEWISE_BEZIER_KNOTS.);
#2209 = CARTESIAN_POINT('',(0.,-8.1E-02));
#2210 = CARTESIAN_POINT('',(0.,-0.801));
#2211 = CARTESIAN_POINT('',(0.,-1.521));
#2212 = ( GEOMETRIC_REPRESENTATION_CONTEXT(2) 
PARAMETRIC_REPRESENTATION_CONTEXT() REPRESENTATION_CONTEXT('2D SPACE',''
  ) );
#2213 = PCURVE('',#877,#2214);
#2214 = DEFINITIONAL_REPRESENTATION('',(#2215),#2219);
#2215 = B_SPLINE_CURVE_WITH_KNOTS('',2,(#2216,#2217,#2218),
  .UNSPECIFIED.,.F.,.F.,(3,3),(8.1E-02,1.521),.PIECEWISE_BEZIER_KNOTS.);
#2216 = CARTESIAN_POINT('',(6.28318530718,-8.1E-02));
#2217 = CARTESIAN_POINT('',(6.28318530718,-0.801));
#2218 = CARTESIAN_POINT('',(6.28318530718,-1.521));
#2219 = ( GEOMETRIC_REPRESENTATION_CONTEXT(2) 
PARAMETRIC_REPRESENTATION_CONTEXT() REPRESENTATION_CONTEXT('2D SPACE',''
  ) );
#2220 = ORIENTED_EDGE('',*,*,#1648,.T.);
#2221 = ORIENTED_EDGE('',*,*,#2201,.F.);
#2222 = ORIENTED_EDGE('',*,*,#853,.F.);
#2223 = ADVANCED_FACE('',(#2224),#929,.F.);
#2224 = FACE_BOUND('',#2225,.F.);
#2225 = EDGE_LOOP('',(#2226,#2246,#2247,#2248));
#2226 = ORIENTED_EDGE('',*,*,#2227,.T.);
#2227 = EDGE_CURVE('',#906,#1686,#2228,.T.);
#2228 = SEAM_CURVE('',#2229,(#2232,#2239),.PCURVE_S1.);
#2229 = B_SPLINE_CURVE_WITH_KNOTS('',1,(#2230,#2231),.UNSPECIFIED.,.F.,
  .F.,(2,2),(8.1E-02,1.521),.PIECEWISE_BEZIER_KNOTS.);
#2230 = CARTESIAN_POINT('',(59.5,12.54,0.));
#2231 = CARTESIAN_POINT('',(59.5,12.54,1.6));
#2232 = PCURVE('',#929,#2233);
#2233 = DEFINITIONAL_REPRESENTATION('',(#2234),#2238);
#2234 = B_SPLINE_CURVE_WITH_KNOTS('',2,(#2235,#2236,#2237),
  .UNSPECIFIED.,.F.,.F.,(3,3),(8.1E-02,1.521),.PIECEWISE_BEZIER_KNOTS.);
#2235 = CARTESIAN_POINT('',(0.,-8.1E-02));
#2236 = CARTESIAN_POINT('',(0.,-0.801));
#2237 = CARTESIAN_POINT('',(0.,-1.521));
#2238 = ( GEOMETRIC_REPRESENTATION_CONTEXT(2) 
PARAMETRIC_REPRESENTATION_CONTEXT() REPRESENTATION_CONTEXT('2D SPACE',''
  ) );
#2239 = PCURVE('',#929,#2240);
#2240 = DEFINITIONAL_REPRESENTATION('',(#2241),#2245);
#2241 = B_SPLINE_CURVE_WITH_KNOTS('',2,(#2242,#2243,#2244),
  .UNSPECIFIED.,.F.,.F.,(3,3),(8.1E-02,1.521),.PIECEWISE_BEZIER_KNOTS.);
#2242 = CARTESIAN_POINT('',(6.28318530718,-8.1E-02));
#2243 = CARTESIAN_POINT('',(6.28318530718,-0.801));
#2244 = CARTESIAN_POINT('',(6.28318530718,-1.521));
#2245 = ( GEOMETRIC_REPRESENTATION_CONTEXT(2) 
PARAMETRIC_REPRESENTATION_CONTEXT() REPRESENTATION_CONTEXT('2D SPACE',''
  ) );
#2246 = ORIENTED_EDGE('',*,*,#1685,.T.);
#2247 = ORIENTED_EDGE('',*,*,#2227,.F.);
#2248 = ORIENTED_EDGE('',*,*,#905,.F.);
#2249 = ADVANCED_FACE('',(#2250),#981,.F.);
#2250 = FACE_BOUND('',#2251,.F.);
#2251 = EDGE_LOOP('',(#2252,#2272,#2273,#2274));
#2252 = ORIENTED_EDGE('',*,*,#2253,.T.);
#2253 = EDGE_CURVE('',#958,#1723,#2254,.T.);
#2254 = SEAM_CURVE('',#2255,(#2258,#2265),.PCURVE_S1.);
#2255 = B_SPLINE_CURVE_WITH_KNOTS('',1,(#2256,#2257),.UNSPECIFIED.,.F.,
  .F.,(2,2),(8.1E-02,1.521),.PIECEWISE_BEZIER_KNOTS.);
#2256 = CARTESIAN_POINT('',(62.,12.54,0.));
#2257 = CARTESIAN_POINT('',(62.,12.54,1.6));
#2258 = PCURVE('',#981,#2259);
#2259 = DEFINITIONAL_REPRESENTATION('',(#2260),#2264);
#2260 = B_SPLINE_CURVE_WITH_KNOTS('',2,(#2261,#2262,#2263),
  .UNSPECIFIED.,.F.,.F.,(3,3),(8.1E-02,1.521),.PIECEWISE_BEZIER_KNOTS.);
#2261 = CARTESIAN_POINT('',(0.,-8.1E-02));
#2262 = CARTESIAN_POINT('',(0.,-0.801));
#2263 = CARTESIAN_POINT('',(0.,-1.521));
#2264 = ( GEOMETRIC_REPRESENTATION_CONTEXT(2) 
PARAMETRIC_REPRESENTATION_CONTEXT() REPRESENTATION_CONTEXT('2D SPACE',''
  ) );
#2265 = PCURVE('',#981,#2266);
#2266 = DEFINITIONAL_REPRESENTATION('',(#2267),#2271);
#2267 = B_SPLINE_CURVE_WITH_KNOTS('',2,(#2268,#2269,#2270),
  .UNSPECIFIED.,.F.,.F.,(3,3),(8.1E-02,1.521),.PIECEWISE_BEZIER_KNOTS.);
#2268 = CARTESIAN_POINT('',(6.28318530718,-8.1E-02));
#2269 = CARTESIAN_POINT('',(6.28318530718,-0.801));
#2270 = CARTESIAN_POINT('',(6.28318530718,-1.521));
#2271 = ( GEOMETRIC_REPRESENTATION_CONTEXT(2) 
PARAMETRIC_REPRESENTATION_CONTEXT() REPRESENTATION_CONTEXT('2D SPACE',''
  ) );
#2272 = ORIENTED_EDGE('',*,*,#1722,.T.);
#2273 = ORIENTED_EDGE('',*,*,#2253,.F.);
#2274 = ORIENTED_EDGE('',*,*,#957,.F.);
#2275 = ADVANCED_FACE('',(#2276),#1033,.F.);
#2276 = FACE_BOUND('',#2277,.F.);
#2277 = EDGE_LOOP('',(#2278,#2298,#2299,#2300));
#2278 = ORIENTED_EDGE('',*,*,#2279,.T.);
#2279 = EDGE_CURVE('',#1010,#1760,#2280,.T.);
#2280 = SEAM_CURVE('',#2281,(#2284,#2291),.PCURVE_S1.);
#2281 = B_SPLINE_CURVE_WITH_KNOTS('',1,(#2282,#2283),.UNSPECIFIED.,.F.,
  .F.,(2,2),(8.1E-02,1.521),.PIECEWISE_BEZIER_KNOTS.);
#2282 = CARTESIAN_POINT('',(10.,41.15,0.));
#2283 = CARTESIAN_POINT('',(10.,41.15,1.6));
#2284 = PCURVE('',#1033,#2285);
#2285 = DEFINITIONAL_REPRESENTATION('',(#2286),#2290);
#2286 = B_SPLINE_CURVE_WITH_KNOTS('',2,(#2287,#2288,#2289),
  .UNSPECIFIED.,.F.,.F.,(3,3),(8.1E-02,1.521),.PIECEWISE_BEZIER_KNOTS.);
#2287 = CARTESIAN_POINT('',(0.,-8.1E-02));
#2288 = CARTESIAN_POINT('',(0.,-0.801));
#2289 = CARTESIAN_POINT('',(0.,-1.521));
#2290 = ( GEOMETRIC_REPRESENTATION_CONTEXT(2) 
PARAMETRIC_REPRESENTATION_CONTEXT() REPRESENTATION_CONTEXT('2D SPACE',''
  ) );
#2291 = PCURVE('',#1033,#2292);
#2292 = DEFINITIONAL_REPRESENTATION('',(#2293),#2297);
#2293 = B_SPLINE_CURVE_WITH_KNOTS('',2,(#2294,#2295,#2296),
  .UNSPECIFIED.,.F.,.F.,(3,3),(8.1E-02,1.521),.PIECEWISE_BEZIER_KNOTS.);
#2294 = CARTESIAN_POINT('',(6.28318530718,-8.1E-02));
#2295 = CARTESIAN_POINT('',(6.28318530718,-0.801));
#2296 = CARTESIAN_POINT('',(6.28318530718,-1.521));
#2297 = ( GEOMETRIC_REPRESENTATION_CONTEXT(2) 
PARAMETRIC_REPRESENTATION_CONTEXT() REPRESENTATION_CONTEXT('2D SPACE',''
  ) );
#2298 = ORIENTED_EDGE('',*,*,#1759,.T.);
#2299 = ORIENTED_EDGE('',*,*,#2279,.F.);
#2300 = ORIENTED_EDGE('',*,*,#1009,.F.);
#2301 = ADVANCED_FACE('',(#2302),#1085,.F.);
#2302 = FACE_BOUND('',#2303,.F.);
#2303 = EDGE_LOOP('',(#2304,#2324,#2325,#2326));
#2304 = ORIENTED_EDGE('',*,*,#2305,.T.);
#2305 = EDGE_CURVE('',#1062,#1797,#2306,.T.);
#2306 = SEAM_CURVE('',#2307,(#2310,#2317),.PCURVE_S1.);
#2307 = B_SPLINE_CURVE_WITH_KNOTS('',1,(#2308,#2309),.UNSPECIFIED.,.F.,
  .F.,(2,2),(8.1E-02,1.521),.PIECEWISE_BEZIER_KNOTS.);
#2308 = CARTESIAN_POINT('',(3.5,44.4,0.));
#2309 = CARTESIAN_POINT('',(3.5,44.4,1.6));
#2310 = PCURVE('',#1085,#2311);
#2311 = DEFINITIONAL_REPRESENTATION('',(#2312),#2316);
#2312 = B_SPLINE_CURVE_WITH_KNOTS('',2,(#2313,#2314,#2315),
  .UNSPECIFIED.,.F.,.F.,(3,3),(8.1E-02,1.521),.PIECEWISE_BEZIER_KNOTS.);
#2313 = CARTESIAN_POINT('',(0.,-8.1E-02));
#2314 = CARTESIAN_POINT('',(0.,-0.801));
#2315 = CARTESIAN_POINT('',(0.,-1.521));
#2316 = ( GEOMETRIC_REPRESENTATION_CONTEXT(2) 
PARAMETRIC_REPRESENTATION_CONTEXT() REPRESENTATION_CONTEXT('2D SPACE',''
  ) );
#2317 = PCURVE('',#1085,#2318);
#2318 = DEFINITIONAL_REPRESENTATION('',(#2319),#2323);
#2319 = B_SPLINE_CURVE_WITH_KNOTS('',2,(#2320,#2321,#2322),
  .UNSPECIFIED.,.F.,.F.,(3,3),(8.1E-02,1.521),.PIECEWISE_BEZIER_KNOTS.);
#2320 = CARTESIAN_POINT('',(6.28318530718,-8.1E-02));
#2321 = CARTESIAN_POINT('',(6.28318530718,-0.801));
#2322 = CARTESIAN_POINT('',(6.28318530718,-1.521));
#2323 = ( GEOMETRIC_REPRESENTATION_CONTEXT(2) 
PARAMETRIC_REPRESENTATION_CONTEXT() REPRESENTATION_CONTEXT('2D SPACE',''
  ) );
#2324 = ORIENTED_EDGE('',*,*,#1796,.T.);
#2325 = ORIENTED_EDGE('',*,*,#2305,.F.);
#2326 = ORIENTED_EDGE('',*,*,#1061,.F.);
#2327 = ADVANCED_FACE('',(#2328),#1137,.F.);
#2328 = FACE_BOUND('',#2329,.F.);
#2329 = EDGE_LOOP('',(#2330,#2350,#2351,#2352));
#2330 = ORIENTED_EDGE('',*,*,#2331,.T.);
#2331 = EDGE_CURVE('',#1114,#1834,#2332,.T.);
#2332 = SEAM_CURVE('',#2333,(#2336,#2343),.PCURVE_S1.);
#2333 = B_SPLINE_CURVE_WITH_KNOTS('',1,(#2334,#2335),.UNSPECIFIED.,.F.,
  .F.,(2,2),(8.1E-02,1.521),.PIECEWISE_BEZIER_KNOTS.);
#2334 = CARTESIAN_POINT('',(13.96,41.15,0.));
#2335 = CARTESIAN_POINT('',(13.96,41.15,1.6));
#2336 = PCURVE('',#1137,#2337);
#2337 = DEFINITIONAL_REPRESENTATION('',(#2338),#2342);
#2338 = B_SPLINE_CURVE_WITH_KNOTS('',2,(#2339,#2340,#2341),
  .UNSPECIFIED.,.F.,.F.,(3,3),(8.1E-02,1.521),.PIECEWISE_BEZIER_KNOTS.);
#2339 = CARTESIAN_POINT('',(0.,-8.1E-02));
#2340 = CARTESIAN_POINT('',(0.,-0.801));
#2341 = CARTESIAN_POINT('',(0.,-1.521));
#2342 = ( GEOMETRIC_REPRESENTATION_CONTEXT(2) 
PARAMETRIC_REPRESENTATION_CONTEXT() REPRESENTATION_CONTEXT('2D SPACE',''
  ) );
#2343 = PCURVE('',#1137,#2344);
#2344 = DEFINITIONAL_REPRESENTATION('',(#2345),#2349);
#2345 = B_SPLINE_CURVE_WITH_KNOTS('',2,(#2346,#2347,#2348),
  .UNSPECIFIED.,.F.,.F.,(3,3),(8.1E-02,1.521),.PIECEWISE_BEZIER_KNOTS.);
#2346 = CARTESIAN_POINT('',(6.28318530718,-8.1E-02));
#2347 = CARTESIAN_POINT('',(6.28318530718,-0.801));
#2348 = CARTESIAN_POINT('',(6.28318530718,-1.521));
#2349 = ( GEOMETRIC_REPRESENTATION_CONTEXT(2) 
PARAMETRIC_REPRESENTATION_CONTEXT() REPRESENTATION_CONTEXT('2D SPACE',''
  ) );
#2350 = ORIENTED_EDGE('',*,*,#1833,.T.);
#2351 = ORIENTED_EDGE('',*,*,#2331,.F.);
#2352 = ORIENTED_EDGE('',*,*,#1113,.F.);
#2353 = ADVANCED_FACE('',(#2354),#1189,.F.);
#2354 = FACE_BOUND('',#2355,.F.);
#2355 = EDGE_LOOP('',(#2356,#2376,#2377,#2378));
#2356 = ORIENTED_EDGE('',*,*,#2357,.T.);
#2357 = EDGE_CURVE('',#1166,#1871,#2358,.T.);
#2358 = SEAM_CURVE('',#2359,(#2362,#2369),.PCURVE_S1.);
#2359 = B_SPLINE_CURVE_WITH_KNOTS('',1,(#2360,#2361),.UNSPECIFIED.,.F.,
  .F.,(2,2),(8.1E-02,1.521),.PIECEWISE_BEZIER_KNOTS.);
#2360 = CARTESIAN_POINT('',(76.5,44.4,0.));
#2361 = CARTESIAN_POINT('',(76.5,44.4,1.6));
#2362 = PCURVE('',#1189,#2363);
#2363 = DEFINITIONAL_REPRESENTATION('',(#2364),#2368);
#2364 = B_SPLINE_CURVE_WITH_KNOTS('',2,(#2365,#2366,#2367),
  .UNSPECIFIED.,.F.,.F.,(3,3),(8.1E-02,1.521),.PIECEWISE_BEZIER_KNOTS.);
#2365 = CARTESIAN_POINT('',(0.,-8.1E-02));
#2366 = CARTESIAN_POINT('',(0.,-0.801));
#2367 = CARTESIAN_POINT('',(0.,-1.521));
#2368 = ( GEOMETRIC_REPRESENTATION_CONTEXT(2) 
PARAMETRIC_REPRESENTATION_CONTEXT() REPRESENTATION_CONTEXT('2D SPACE',''
  ) );
#2369 = PCURVE('',#1189,#2370);
#2370 = DEFINITIONAL_REPRESENTATION('',(#2371),#2375);
#2371 = B_SPLINE_CURVE_WITH_KNOTS('',2,(#2372,#2373,#2374),
  .UNSPECIFIED.,.F.,.F.,(3,3),(8.1E-02,1.521),.PIECEWISE_BEZIER_KNOTS.);
#2372 = CARTESIAN_POINT('',(6.28318530718,-8.1E-02));
#2373 = CARTESIAN_POINT('',(6.28318530718,-0.801));
#2374 = CARTESIAN_POINT('',(6.28318530718,-1.521));
#2375 = ( GEOMETRIC_REPRESENTATION_CONTEXT(2) 
PARAMETRIC_REPRESENTATION_CONTEXT() REPRESENTATION_CONTEXT('2D SPACE',''
  ) );
#2376 = ORIENTED_EDGE('',*,*,#1870,.T.);
#2377 = ORIENTED_EDGE('',*,*,#2357,.F.);
#2378 = ORIENTED_EDGE('',*,*,#1165,.F.);
#2379 = ( GEOMETRIC_REPRESENTATION_CONTEXT(3) 
GLOBAL_UNCERTAINTY_ASSIGNED_CONTEXT((#2383)) 
GLOBAL_UNIT_ASSIGNED_CONTEXT((#2380,#2381,#2382)) REPRESENTATION_CONTEXT
('Context #1','3D Context with UNIT and UNCERTAINTY') );
#2380 = ( LENGTH_UNIT() NAMED_UNIT(*) SI_UNIT(.MILLI.,.METRE.) );
#2381 = ( NAMED_UNIT(*) PLANE_ANGLE_UNIT() SI_UNIT($,.RADIAN.) );
#2382 = ( NAMED_UNIT(*) SI_UNIT($,.STERADIAN.) SOLID_ANGLE_UNIT() );
#2383 = UNCERTAINTY_MEASURE_WITH_UNIT(LENGTH_MEASURE(1.E-07),#2380,
  'distance_accuracy_value','confusion accuracy');
#2384 = PRODUCT_RELATED_PRODUCT_CATEGORY('part',$,(#7));
ENDSEC;
END-ISO-10303-21;
